iso3,country,year,country_default_source,sovereign_debt_in_default_usd_mn,sovereign_default_dummy,default_previous_5y,default_previous_10y,last_default_year,never_default_history_dummy,years_since_last_default
ABW,Aruba,1960,Aruba,0.0,0,0,0,,1,1
ABW,Aruba,1961,Aruba,0.0,0,0,0,,1,2
ABW,Aruba,1962,Aruba,0.0,0,0,0,,1,3
ABW,Aruba,1963,Aruba,0.0,0,0,0,,1,4
ABW,Aruba,1964,Aruba,0.0,0,0,0,,1,5
ABW,Aruba,1965,Aruba,0.0,0,0,0,,1,6
ABW,Aruba,1966,Aruba,0.0,0,0,0,,1,7
ABW,Aruba,1967,Aruba,0.0,0,0,0,,1,8
ABW,Aruba,1968,Aruba,0.0,0,0,0,,1,9
ABW,Aruba,1969,Aruba,0.0,0,0,0,,1,10
ABW,Aruba,1970,Aruba,0.0,0,0,0,,1,11
ABW,Aruba,1971,Aruba,0.0,0,0,0,,1,12
ABW,Aruba,1972,Aruba,0.0,0,0,0,,1,13
ABW,Aruba,1973,Aruba,0.0,0,0,0,,1,14
ABW,Aruba,1974,Aruba,0.0,0,0,0,,1,15
ABW,Aruba,1975,Aruba,0.0,0,0,0,,1,16
ABW,Aruba,1976,Aruba,0.0,0,0,0,,1,17
ABW,Aruba,1977,Aruba,0.0,0,0,0,,1,18
ABW,Aruba,1978,Aruba,0.0,0,0,0,,1,19
ABW,Aruba,1979,Aruba,0.0,0,0,0,,1,20
ABW,Aruba,1980,Aruba,0.0,0,0,0,,1,21
ABW,Aruba,1981,Aruba,0.0,0,0,0,,1,22
ABW,Aruba,1982,Aruba,0.0,0,0,0,,1,23
ABW,Aruba,1983,Aruba,0.0,0,0,0,,1,24
ABW,Aruba,1984,Aruba,0.0,0,0,0,,1,25
ABW,Aruba,1985,Aruba,0.0,0,0,0,,1,26
ABW,Aruba,1986,Aruba,0.0,0,0,0,,1,27
ABW,Aruba,1987,Aruba,0.0,0,0,0,,1,28
ABW,Aruba,1988,Aruba,0.0,0,0,0,,1,29
ABW,Aruba,1989,Aruba,0.0,0,0,0,,1,30
ABW,Aruba,1990,Aruba,0.0,0,0,0,,1,31
ABW,Aruba,1991,Aruba,0.0,0,0,0,,1,32
ABW,Aruba,1992,Aruba,0.0,0,0,0,,1,33
ABW,Aruba,1993,Aruba,0.0,0,0,0,,1,34
ABW,Aruba,1994,Aruba,0.0,0,0,0,,1,35
ABW,Aruba,1995,Aruba,0.0,0,0,0,,1,36
ABW,Aruba,1996,Aruba,0.0,0,0,0,,1,37
ABW,Aruba,1997,Aruba,0.0,0,0,0,,1,38
ABW,Aruba,1998,Aruba,0.0,0,0,0,,1,39
ABW,Aruba,1999,Aruba,0.0,0,0,0,,1,40
ABW,Aruba,2000,Aruba,0.0,0,0,0,,1,41
ABW,Aruba,2001,Aruba,0.0,0,0,0,,1,42
ABW,Aruba,2002,Aruba,0.0,0,0,0,,1,43
ABW,Aruba,2003,Aruba,0.0,0,0,0,,1,44
ABW,Aruba,2004,Aruba,0.0,0,0,0,,1,45
ABW,Aruba,2005,Aruba,0.0,0,0,0,,1,46
ABW,Aruba,2006,Aruba,0.0,0,0,0,,1,47
ABW,Aruba,2007,Aruba,0.0,0,0,0,,1,48
ABW,Aruba,2008,Aruba,0.0,0,0,0,,1,49
ABW,Aruba,2009,Aruba,0.0,0,0,0,,1,50
ABW,Aruba,2010,Aruba,0.0,0,0,0,,1,51
ABW,Aruba,2011,Aruba,0.0,0,0,0,,1,52
ABW,Aruba,2012,Aruba,0.0,0,0,0,,1,53
ABW,Aruba,2013,Aruba,0.0,0,0,0,,1,54
ABW,Aruba,2014,Aruba,0.0,0,0,0,,1,55
ABW,Aruba,2015,Aruba,0.0,0,0,0,,1,56
ABW,Aruba,2016,Aruba,0.0,0,0,0,,1,57
ABW,Aruba,2017,Aruba,0.0,0,0,0,,1,58
ABW,Aruba,2018,Aruba,0.0,0,0,0,,1,59
ABW,Aruba,2019,Aruba,0.0,0,0,0,,1,60
ABW,Aruba,2020,Aruba,0.0,0,0,0,,1,61
ABW,Aruba,2021,Aruba,0.0,0,0,0,,1,62
ABW,Aruba,2022,Aruba,0.0,0,0,0,,1,63
ABW,Aruba,2023,Aruba,0.0,0,0,0,,1,64
ABW,Aruba,2024,Aruba,0.0,0,0,0,,1,65
AFG,Afghanistan,1960,Afghanistan,0.0,0,0,0,,1,1
AFG,Afghanistan,1961,Afghanistan,0.0,0,0,0,,1,2
AFG,Afghanistan,1962,Afghanistan,0.0,0,0,0,,1,3
AFG,Afghanistan,1963,Afghanistan,0.0,0,0,0,,1,4
AFG,Afghanistan,1964,Afghanistan,267.0,1,0,0,1964.0,0,0
AFG,Afghanistan,1965,Afghanistan,267.0,1,1,1,1965.0,0,0
AFG,Afghanistan,1966,Afghanistan,267.0,1,1,1,1966.0,0,0
AFG,Afghanistan,1967,Afghanistan,2.7,1,1,1,1967.0,0,0
AFG,Afghanistan,1968,Afghanistan,0.0,0,1,1,1967.0,0,1
AFG,Afghanistan,1969,Afghanistan,0.0,0,1,1,1967.0,0,2
AFG,Afghanistan,1970,Afghanistan,0.0,0,1,1,1967.0,0,3
AFG,Afghanistan,1971,Afghanistan,0.0,0,1,1,1967.0,0,4
AFG,Afghanistan,1972,Afghanistan,37.0,1,1,1,1972.0,0,0
AFG,Afghanistan,1973,Afghanistan,0.0,0,1,1,1972.0,0,1
AFG,Afghanistan,1974,Afghanistan,0.0,0,1,1,1972.0,0,2
AFG,Afghanistan,1975,Afghanistan,0.0,0,1,1,1972.0,0,3
AFG,Afghanistan,1976,Afghanistan,437.0,1,1,1,1976.0,0,0
AFG,Afghanistan,1977,Afghanistan,0.0,0,1,1,1976.0,0,1
AFG,Afghanistan,1978,Afghanistan,0.0,0,1,1,1976.0,0,2
AFG,Afghanistan,1979,Afghanistan,0.0,0,1,1,1976.0,0,3
AFG,Afghanistan,1980,Afghanistan,15.0,1,1,1,1980.0,0,0
AFG,Afghanistan,1981,Afghanistan,0.0,0,1,1,1980.0,0,1
AFG,Afghanistan,1982,Afghanistan,3.0,1,1,1,1982.0,0,0
AFG,Afghanistan,1983,Afghanistan,0.0,0,1,1,1982.0,0,1
AFG,Afghanistan,1984,Afghanistan,0.0,0,1,1,1982.0,0,2
AFG,Afghanistan,1985,Afghanistan,10.0,1,1,1,1985.0,0,0
AFG,Afghanistan,1986,Afghanistan,10.0,1,1,1,1986.0,0,0
AFG,Afghanistan,1987,Afghanistan,0.0,0,1,1,1986.0,0,1
AFG,Afghanistan,1988,Afghanistan,0.0,0,1,1,1986.0,0,2
AFG,Afghanistan,1989,Afghanistan,0.37,1,1,1,1989.0,0,0
AFG,Afghanistan,1990,Afghanistan,0.0,0,1,1,1989.0,0,1
AFG,Afghanistan,1991,Afghanistan,0.0,0,1,1,1989.0,0,2
AFG,Afghanistan,1992,Afghanistan,5.02,1,1,1,1992.0,0,0
AFG,Afghanistan,1993,Afghanistan,115.79,1,1,1,1993.0,0,0
AFG,Afghanistan,1994,Afghanistan,30.35,1,1,1,1994.0,0,0
AFG,Afghanistan,1995,Afghanistan,249.56,1,1,1,1995.0,0,0
AFG,Afghanistan,1996,Afghanistan,27.48,1,1,1,1996.0,0,0
AFG,Afghanistan,1997,Afghanistan,32.6,1,1,1,1997.0,0,0
AFG,Afghanistan,1998,Afghanistan,112.65,1,1,1,1998.0,0,0
AFG,Afghanistan,1999,Afghanistan,42.15,1,1,1,1999.0,0,0
AFG,Afghanistan,2000,Afghanistan,396.32,1,1,1,2000.0,0,0
AFG,Afghanistan,2001,Afghanistan,288.79,1,1,1,2001.0,0,0
AFG,Afghanistan,2002,Afghanistan,113.35,1,1,1,2002.0,0,0
AFG,Afghanistan,2003,Afghanistan,0.21,1,1,1,2003.0,0,0
AFG,Afghanistan,2004,Afghanistan,3.84,1,1,1,2004.0,0,0
AFG,Afghanistan,2005,Afghanistan,0.0,0,1,1,2004.0,0,1
AFG,Afghanistan,2006,Afghanistan,2533.54,1,1,1,2006.0,0,0
AFG,Afghanistan,2007,Afghanistan,164.39,1,1,1,2007.0,0,0
AFG,Afghanistan,2008,Afghanistan,170.87,1,1,1,2008.0,0,0
AFG,Afghanistan,2009,Afghanistan,91.31,1,1,1,2009.0,0,0
AFG,Afghanistan,2010,Afghanistan,1092.0,1,1,1,2010.0,0,0
AFG,Afghanistan,2011,Afghanistan,144.11,1,1,1,2011.0,0,0
AFG,Afghanistan,2012,Afghanistan,172.65,1,1,1,2012.0,0,0
AFG,Afghanistan,2013,Afghanistan,201.36,1,1,1,2013.0,0,0
AFG,Afghanistan,2014,Afghanistan,320.23,1,1,1,2014.0,0,0
AFG,Afghanistan,2015,Afghanistan,367.93,1,1,1,2015.0,0,0
AFG,Afghanistan,2016,Afghanistan,445.66,1,1,1,2016.0,0,0
AFG,Afghanistan,2017,Afghanistan,529.6,1,1,1,2017.0,0,0
AFG,Afghanistan,2018,Afghanistan,605.33,1,1,1,2018.0,0,0
AFG,Afghanistan,2019,Afghanistan,679.09,1,1,1,2019.0,0,0
AFG,Afghanistan,2020,Afghanistan,751.57,1,1,1,2020.0,0,0
AFG,Afghanistan,2021,Afghanistan,825.79,1,1,1,2021.0,0,0
AFG,Afghanistan,2022,Afghanistan,2471.7,1,1,1,2022.0,0,0
AFG,Afghanistan,2023,Afghanistan,2505.0,1,1,1,2023.0,0,0
AFG,Afghanistan,2024,Afghanistan,2581.0,1,1,1,2024.0,0,0
AGO,Angola,1960,Angola,0.0,0,0,0,,1,1
AGO,Angola,1961,Angola,0.0,0,0,0,,1,2
AGO,Angola,1962,Angola,0.0,0,0,0,,1,3
AGO,Angola,1963,Angola,0.0,0,0,0,,1,4
AGO,Angola,1964,Angola,0.0,0,0,0,,1,5
AGO,Angola,1965,Angola,0.0,0,0,0,,1,6
AGO,Angola,1966,Angola,0.0,0,0,0,,1,7
AGO,Angola,1967,Angola,0.0,0,0,0,,1,8
AGO,Angola,1968,Angola,0.0,0,0,0,,1,9
AGO,Angola,1969,Angola,0.0,0,0,0,,1,10
AGO,Angola,1970,Angola,0.0,0,0,0,,1,11
AGO,Angola,1971,Angola,0.0,0,0,0,,1,12
AGO,Angola,1972,Angola,0.0,0,0,0,,1,13
AGO,Angola,1973,Angola,0.0,0,0,0,,1,14
AGO,Angola,1974,Angola,0.0,0,0,0,,1,15
AGO,Angola,1975,Angola,0.0,0,0,0,,1,16
AGO,Angola,1976,Angola,0.0,0,0,0,,1,17
AGO,Angola,1977,Angola,0.0,0,0,0,,1,18
AGO,Angola,1978,Angola,0.0,0,0,0,,1,19
AGO,Angola,1979,Angola,0.0,0,0,0,,1,20
AGO,Angola,1980,Angola,0.0,0,0,0,,1,21
AGO,Angola,1981,Angola,0.0,0,0,0,,1,22
AGO,Angola,1982,Angola,0.0,0,0,0,,1,23
AGO,Angola,1983,Angola,0.0,0,0,0,,1,24
AGO,Angola,1984,Angola,0.0,0,0,0,,1,25
AGO,Angola,1985,Angola,0.0,0,0,0,,1,26
AGO,Angola,1986,Angola,0.0,0,0,0,,1,27
AGO,Angola,1987,Angola,227.0,1,0,0,1987.0,0,0
AGO,Angola,1988,Angola,225.0,1,1,1,1988.0,0,0
AGO,Angola,1989,Angola,969.47,1,1,1,1989.0,0,0
AGO,Angola,1990,Angola,1321.35,1,1,1,1990.0,0,0
AGO,Angola,1991,Angola,793.89,1,1,1,1991.0,0,0
AGO,Angola,1992,Angola,1164.05,1,1,1,1992.0,0,0
AGO,Angola,1993,Angola,1135.17,1,1,1,1993.0,0,0
AGO,Angola,1994,Angola,4697.67,1,1,1,1994.0,0,0
AGO,Angola,1995,Angola,2642.38,1,1,1,1995.0,0,0
AGO,Angola,1996,Angola,5884.17,1,1,1,1996.0,0,0
AGO,Angola,1997,Angola,1267.84,1,1,1,1997.0,0,0
AGO,Angola,1998,Angola,1624.56,1,1,1,1998.0,0,0
AGO,Angola,1999,Angola,1803.52,1,1,1,1999.0,0,0
AGO,Angola,2000,Angola,1890.47,1,1,1,2000.0,0,0
AGO,Angola,2001,Angola,2186.11,1,1,1,2001.0,0,0
AGO,Angola,2002,Angola,1539.19,1,1,1,2002.0,0,0
AGO,Angola,2003,Angola,1872.24,1,1,1,2003.0,0,0
AGO,Angola,2004,Angola,3191.58,1,1,1,2004.0,0,0
AGO,Angola,2005,Angola,1862.2,1,1,1,2005.0,0,0
AGO,Angola,2006,Angola,1218.78,1,1,1,2006.0,0,0
AGO,Angola,2007,Angola,501.12,1,1,1,2007.0,0,0
AGO,Angola,2008,Angola,352.21,1,1,1,2008.0,0,0
AGO,Angola,2009,Angola,390.79,1,1,1,2009.0,0,0
AGO,Angola,2010,Angola,2126.25,1,1,1,2010.0,0,0
AGO,Angola,2011,Angola,322.4,1,1,1,2011.0,0,0
AGO,Angola,2012,Angola,310.95,1,1,1,2012.0,0,0
AGO,Angola,2013,Angola,323.15,1,1,1,2013.0,0,0
AGO,Angola,2014,Angola,312.39,1,1,1,2014.0,0,0
AGO,Angola,2015,Angola,221.38,1,1,1,2015.0,0,0
AGO,Angola,2016,Angola,214.16,1,1,1,2016.0,0,0
AGO,Angola,2017,Angola,95.05,1,1,1,2017.0,0,0
AGO,Angola,2018,Angola,75.21,1,1,1,2018.0,0,0
AGO,Angola,2019,Angola,65.43,1,1,1,2019.0,0,0
AGO,Angola,2020,Angola,14386.67,1,1,1,2020.0,0,0
AGO,Angola,2021,Angola,5006.61,1,1,1,2021.0,0,0
AGO,Angola,2022,Angola,122.41,1,1,1,2022.0,0,0
AGO,Angola,2023,Angola,215.0,1,1,1,2023.0,0,0
AGO,Angola,2024,Angola,272.0,1,1,1,2024.0,0,0
ALB,Albania,1960,Albania,0.0,0,0,0,,1,1
ALB,Albania,1961,Albania,0.0,0,0,0,,1,2
ALB,Albania,1962,Albania,0.0,0,0,0,,1,3
ALB,Albania,1963,Albania,0.0,0,0,0,,1,4
ALB,Albania,1964,Albania,0.0,0,0,0,,1,5
ALB,Albania,1965,Albania,0.0,0,0,0,,1,6
ALB,Albania,1966,Albania,0.0,0,0,0,,1,7
ALB,Albania,1967,Albania,0.0,0,0,0,,1,8
ALB,Albania,1968,Albania,0.0,0,0,0,,1,9
ALB,Albania,1969,Albania,0.0,0,0,0,,1,10
ALB,Albania,1970,Albania,0.0,0,0,0,,1,11
ALB,Albania,1971,Albania,0.0,0,0,0,,1,12
ALB,Albania,1972,Albania,0.0,0,0,0,,1,13
ALB,Albania,1973,Albania,0.0,0,0,0,,1,14
ALB,Albania,1974,Albania,0.0,0,0,0,,1,15
ALB,Albania,1975,Albania,0.0,0,0,0,,1,16
ALB,Albania,1976,Albania,0.0,0,0,0,,1,17
ALB,Albania,1977,Albania,0.0,0,0,0,,1,18
ALB,Albania,1978,Albania,0.0,0,0,0,,1,19
ALB,Albania,1979,Albania,0.0,0,0,0,,1,20
ALB,Albania,1980,Albania,0.0,0,0,0,,1,21
ALB,Albania,1981,Albania,0.0,0,0,0,,1,22
ALB,Albania,1982,Albania,0.0,0,0,0,,1,23
ALB,Albania,1983,Albania,0.0,0,0,0,,1,24
ALB,Albania,1984,Albania,0.0,0,0,0,,1,25
ALB,Albania,1985,Albania,0.0,0,0,0,,1,26
ALB,Albania,1986,Albania,0.0,0,0,0,,1,27
ALB,Albania,1987,Albania,0.0,0,0,0,,1,28
ALB,Albania,1988,Albania,0.0,0,0,0,,1,29
ALB,Albania,1989,Albania,0.0,0,0,0,,1,30
ALB,Albania,1990,Albania,0.76,1,0,0,1990.0,0,0
ALB,Albania,1991,Albania,1266.74,1,1,1,1991.0,0,0
ALB,Albania,1992,Albania,1483.26,1,1,1,1992.0,0,0
ALB,Albania,1993,Albania,982.68,1,1,1,1993.0,0,0
ALB,Albania,1994,Albania,627.3,1,1,1,1994.0,0,0
ALB,Albania,1995,Albania,3374.66,1,1,1,1995.0,0,0
ALB,Albania,1996,Albania,34.96,1,1,1,1996.0,0,0
ALB,Albania,1997,Albania,37.22,1,1,1,1997.0,0,0
ALB,Albania,1998,Albania,97.86,1,1,1,1998.0,0,0
ALB,Albania,1999,Albania,37.35,1,1,1,1999.0,0,0
ALB,Albania,2000,Albania,107.77,1,1,1,2000.0,0,0
ALB,Albania,2001,Albania,274.09,1,1,1,2001.0,0,0
ALB,Albania,2002,Albania,272.44,1,1,1,2002.0,0,0
ALB,Albania,2003,Albania,44.21,1,1,1,2003.0,0,0
ALB,Albania,2004,Albania,17.0,1,1,1,2004.0,0,0
ALB,Albania,2005,Albania,17.0,1,1,1,2005.0,0,0
ALB,Albania,2006,Albania,18.88,1,1,1,2006.0,0,0
ALB,Albania,2007,Albania,18.06,1,1,1,2007.0,0,0
ALB,Albania,2008,Albania,8.7,1,1,1,2008.0,0,0
ALB,Albania,2009,Albania,0.31,1,1,1,2009.0,0,0
ALB,Albania,2010,Albania,0.0,0,1,1,2009.0,0,1
ALB,Albania,2011,Albania,0.0,0,1,1,2009.0,0,2
ALB,Albania,2012,Albania,0.0,0,1,1,2009.0,0,3
ALB,Albania,2013,Albania,1.23,1,1,1,2013.0,0,0
ALB,Albania,2014,Albania,0.0,0,1,1,2013.0,0,1
ALB,Albania,2015,Albania,0.0,0,1,1,2013.0,0,2
ALB,Albania,2016,Albania,0.0,0,1,1,2013.0,0,3
ALB,Albania,2017,Albania,0.6,1,1,1,2017.0,0,0
ALB,Albania,2018,Albania,0.0,0,1,1,2017.0,0,1
ALB,Albania,2019,Albania,0.05,1,1,1,2019.0,0,0
ALB,Albania,2020,Albania,0.0,0,1,1,2019.0,0,1
ALB,Albania,2021,Albania,0.0,0,1,1,2019.0,0,2
ALB,Albania,2022,Albania,0.0,0,1,1,2019.0,0,3
ALB,Albania,2023,Albania,0.0,0,1,1,2019.0,0,4
ALB,Albania,2024,Albania,0.0,0,1,1,2019.0,0,5
AND,Andorra,1960,,0.0,0,0,0,,1,1
AND,Andorra,1961,,0.0,0,0,0,,1,2
AND,Andorra,1962,,0.0,0,0,0,,1,3
AND,Andorra,1963,,0.0,0,0,0,,1,4
AND,Andorra,1964,,0.0,0,0,0,,1,5
AND,Andorra,1965,,0.0,0,0,0,,1,6
AND,Andorra,1966,,0.0,0,0,0,,1,7
AND,Andorra,1967,,0.0,0,0,0,,1,8
AND,Andorra,1968,,0.0,0,0,0,,1,9
AND,Andorra,1969,,0.0,0,0,0,,1,10
AND,Andorra,1970,,0.0,0,0,0,,1,11
AND,Andorra,1971,,0.0,0,0,0,,1,12
AND,Andorra,1972,,0.0,0,0,0,,1,13
AND,Andorra,1973,,0.0,0,0,0,,1,14
AND,Andorra,1974,,0.0,0,0,0,,1,15
AND,Andorra,1975,,0.0,0,0,0,,1,16
AND,Andorra,1976,,0.0,0,0,0,,1,17
AND,Andorra,1977,,0.0,0,0,0,,1,18
AND,Andorra,1978,,0.0,0,0,0,,1,19
AND,Andorra,1979,,0.0,0,0,0,,1,20
AND,Andorra,1980,,0.0,0,0,0,,1,21
AND,Andorra,1981,,0.0,0,0,0,,1,22
AND,Andorra,1982,,0.0,0,0,0,,1,23
AND,Andorra,1983,,0.0,0,0,0,,1,24
AND,Andorra,1984,,0.0,0,0,0,,1,25
AND,Andorra,1985,,0.0,0,0,0,,1,26
AND,Andorra,1986,,0.0,0,0,0,,1,27
AND,Andorra,1987,,0.0,0,0,0,,1,28
AND,Andorra,1988,,0.0,0,0,0,,1,29
AND,Andorra,1989,,0.0,0,0,0,,1,30
AND,Andorra,1990,,0.0,0,0,0,,1,31
AND,Andorra,1991,,0.0,0,0,0,,1,32
AND,Andorra,1992,,0.0,0,0,0,,1,33
AND,Andorra,1993,,0.0,0,0,0,,1,34
AND,Andorra,1994,,0.0,0,0,0,,1,35
AND,Andorra,1995,,0.0,0,0,0,,1,36
AND,Andorra,1996,,0.0,0,0,0,,1,37
AND,Andorra,1997,,0.0,0,0,0,,1,38
AND,Andorra,1998,,0.0,0,0,0,,1,39
AND,Andorra,1999,,0.0,0,0,0,,1,40
AND,Andorra,2000,,0.0,0,0,0,,1,41
AND,Andorra,2001,,0.0,0,0,0,,1,42
AND,Andorra,2002,,0.0,0,0,0,,1,43
AND,Andorra,2003,,0.0,0,0,0,,1,44
AND,Andorra,2004,,0.0,0,0,0,,1,45
AND,Andorra,2005,,0.0,0,0,0,,1,46
AND,Andorra,2006,,0.0,0,0,0,,1,47
AND,Andorra,2007,,0.0,0,0,0,,1,48
AND,Andorra,2008,,0.0,0,0,0,,1,49
AND,Andorra,2009,,0.0,0,0,0,,1,50
AND,Andorra,2010,,0.0,0,0,0,,1,51
AND,Andorra,2011,,0.0,0,0,0,,1,52
AND,Andorra,2012,,0.0,0,0,0,,1,53
AND,Andorra,2013,,0.0,0,0,0,,1,54
AND,Andorra,2014,,0.0,0,0,0,,1,55
AND,Andorra,2015,,0.0,0,0,0,,1,56
AND,Andorra,2016,,0.0,0,0,0,,1,57
AND,Andorra,2017,,0.0,0,0,0,,1,58
AND,Andorra,2018,,0.0,0,0,0,,1,59
AND,Andorra,2019,,0.0,0,0,0,,1,60
AND,Andorra,2020,,0.0,0,0,0,,1,61
AND,Andorra,2021,,0.0,0,0,0,,1,62
AND,Andorra,2022,,0.0,0,0,0,,1,63
AND,Andorra,2023,,0.0,0,0,0,,1,64
AND,Andorra,2024,,0.0,0,0,0,,1,65
ARE,United Arab Emirates,1960,,0.0,0,0,0,,1,1
ARE,United Arab Emirates,1961,,0.0,0,0,0,,1,2
ARE,United Arab Emirates,1962,,0.0,0,0,0,,1,3
ARE,United Arab Emirates,1963,,0.0,0,0,0,,1,4
ARE,United Arab Emirates,1964,,0.0,0,0,0,,1,5
ARE,United Arab Emirates,1965,,0.0,0,0,0,,1,6
ARE,United Arab Emirates,1966,,0.0,0,0,0,,1,7
ARE,United Arab Emirates,1967,,0.0,0,0,0,,1,8
ARE,United Arab Emirates,1968,,0.0,0,0,0,,1,9
ARE,United Arab Emirates,1969,,0.0,0,0,0,,1,10
ARE,United Arab Emirates,1970,,0.0,0,0,0,,1,11
ARE,United Arab Emirates,1971,,0.0,0,0,0,,1,12
ARE,United Arab Emirates,1972,,0.0,0,0,0,,1,13
ARE,United Arab Emirates,1973,,0.0,0,0,0,,1,14
ARE,United Arab Emirates,1974,,0.0,0,0,0,,1,15
ARE,United Arab Emirates,1975,,0.0,0,0,0,,1,16
ARE,United Arab Emirates,1976,,0.0,0,0,0,,1,17
ARE,United Arab Emirates,1977,,0.0,0,0,0,,1,18
ARE,United Arab Emirates,1978,,0.0,0,0,0,,1,19
ARE,United Arab Emirates,1979,,0.0,0,0,0,,1,20
ARE,United Arab Emirates,1980,,0.0,0,0,0,,1,21
ARE,United Arab Emirates,1981,,0.0,0,0,0,,1,22
ARE,United Arab Emirates,1982,,0.0,0,0,0,,1,23
ARE,United Arab Emirates,1983,,0.0,0,0,0,,1,24
ARE,United Arab Emirates,1984,,0.0,0,0,0,,1,25
ARE,United Arab Emirates,1985,,0.0,0,0,0,,1,26
ARE,United Arab Emirates,1986,,0.0,0,0,0,,1,27
ARE,United Arab Emirates,1987,,0.0,0,0,0,,1,28
ARE,United Arab Emirates,1988,,0.0,0,0,0,,1,29
ARE,United Arab Emirates,1989,,0.0,0,0,0,,1,30
ARE,United Arab Emirates,1990,,0.0,0,0,0,,1,31
ARE,United Arab Emirates,1991,,0.0,0,0,0,,1,32
ARE,United Arab Emirates,1992,,0.0,0,0,0,,1,33
ARE,United Arab Emirates,1993,,0.0,0,0,0,,1,34
ARE,United Arab Emirates,1994,,0.0,0,0,0,,1,35
ARE,United Arab Emirates,1995,,0.0,0,0,0,,1,36
ARE,United Arab Emirates,1996,,0.0,0,0,0,,1,37
ARE,United Arab Emirates,1997,,0.0,0,0,0,,1,38
ARE,United Arab Emirates,1998,,0.0,0,0,0,,1,39
ARE,United Arab Emirates,1999,,0.0,0,0,0,,1,40
ARE,United Arab Emirates,2000,,0.0,0,0,0,,1,41
ARE,United Arab Emirates,2001,,0.0,0,0,0,,1,42
ARE,United Arab Emirates,2002,,0.0,0,0,0,,1,43
ARE,United Arab Emirates,2003,,0.0,0,0,0,,1,44
ARE,United Arab Emirates,2004,,0.0,0,0,0,,1,45
ARE,United Arab Emirates,2005,,0.0,0,0,0,,1,46
ARE,United Arab Emirates,2006,,0.0,0,0,0,,1,47
ARE,United Arab Emirates,2007,,0.0,0,0,0,,1,48
ARE,United Arab Emirates,2008,,0.0,0,0,0,,1,49
ARE,United Arab Emirates,2009,,0.0,0,0,0,,1,50
ARE,United Arab Emirates,2010,,0.0,0,0,0,,1,51
ARE,United Arab Emirates,2011,,0.0,0,0,0,,1,52
ARE,United Arab Emirates,2012,,0.0,0,0,0,,1,53
ARE,United Arab Emirates,2013,,0.0,0,0,0,,1,54
ARE,United Arab Emirates,2014,,0.0,0,0,0,,1,55
ARE,United Arab Emirates,2015,,0.0,0,0,0,,1,56
ARE,United Arab Emirates,2016,,0.0,0,0,0,,1,57
ARE,United Arab Emirates,2017,,0.0,0,0,0,,1,58
ARE,United Arab Emirates,2018,,0.0,0,0,0,,1,59
ARE,United Arab Emirates,2019,,0.0,0,0,0,,1,60
ARE,United Arab Emirates,2020,,0.0,0,0,0,,1,61
ARE,United Arab Emirates,2021,,0.0,0,0,0,,1,62
ARE,United Arab Emirates,2022,,0.0,0,0,0,,1,63
ARE,United Arab Emirates,2023,,0.0,0,0,0,,1,64
ARE,United Arab Emirates,2024,,0.0,0,0,0,,1,65
ARG,Argentina,1960,Argentina,100.0,1,0,0,1960.0,0,0
ARG,Argentina,1961,Argentina,462.0,1,1,1,1961.0,0,0
ARG,Argentina,1962,Argentina,362.0,1,1,1,1962.0,0,0
ARG,Argentina,1963,Argentina,15.0,1,1,1,1963.0,0,0
ARG,Argentina,1964,Argentina,0.0,0,1,1,1963.0,0,1
ARG,Argentina,1965,Argentina,472.0,1,1,1,1965.0,0,0
ARG,Argentina,1966,Argentina,0.0,0,1,1,1965.0,0,1
ARG,Argentina,1967,Argentina,0.0,0,1,1,1965.0,0,2
ARG,Argentina,1968,Argentina,0.0,0,1,1,1965.0,0,3
ARG,Argentina,1969,Argentina,0.0,0,1,1,1965.0,0,4
ARG,Argentina,1970,Argentina,0.0,0,1,1,1965.0,0,5
ARG,Argentina,1971,Argentina,0.0,0,0,1,1965.0,0,6
ARG,Argentina,1972,Argentina,0.0,0,0,1,1965.0,0,7
ARG,Argentina,1973,Argentina,0.0,0,0,1,1965.0,0,8
ARG,Argentina,1974,Argentina,0.0,0,0,1,1965.0,0,9
ARG,Argentina,1975,Argentina,0.0,0,0,1,1965.0,0,10
ARG,Argentina,1976,Argentina,970.0,1,0,0,1976.0,0,0
ARG,Argentina,1977,Argentina,0.0,0,1,1,1976.0,0,1
ARG,Argentina,1978,Argentina,0.0,0,1,1,1976.0,0,2
ARG,Argentina,1979,Argentina,0.0,0,1,1,1976.0,0,3
ARG,Argentina,1980,Argentina,0.0,0,1,1,1976.0,0,4
ARG,Argentina,1981,Argentina,0.0,0,1,1,1976.0,0,5
ARG,Argentina,1982,Argentina,3870.0,1,0,1,1982.0,0,0
ARG,Argentina,1983,Argentina,3507.11,1,1,1,1983.0,0,0
ARG,Argentina,1984,Argentina,5535.49,1,1,1,1984.0,0,0
ARG,Argentina,1985,Argentina,11649.65,1,1,1,1985.0,0,0
ARG,Argentina,1986,Argentina,4521.01,1,1,1,1986.0,0,0
ARG,Argentina,1987,Argentina,31736.4,1,1,1,1987.0,0,0
ARG,Argentina,1988,Argentina,24529.24,1,1,1,1988.0,0,0
ARG,Argentina,1989,Argentina,35044.0,1,1,1,1989.0,0,0
ARG,Argentina,1990,Argentina,32776.01,1,1,1,1990.0,0,0
ARG,Argentina,1991,Argentina,33826.0,1,1,1,1991.0,0,0
ARG,Argentina,1992,Argentina,31176.0,1,1,1,1992.0,0,0
ARG,Argentina,1993,Argentina,47553.79,1,1,1,1993.0,0,0
ARG,Argentina,1994,Argentina,839.56,1,1,1,1994.0,0,0
ARG,Argentina,1995,Argentina,248.45,1,1,1,1995.0,0,0
ARG,Argentina,1996,Argentina,0.2,1,1,1,1996.0,0,0
ARG,Argentina,1997,Argentina,0.01,1,1,1,1997.0,0,0
ARG,Argentina,1998,Argentina,0.0,0,1,1,1997.0,0,1
ARG,Argentina,1999,Argentina,0.0,0,1,1,1997.0,0,2
ARG,Argentina,2000,Argentina,826.41,1,1,1,2000.0,0,0
ARG,Argentina,2001,Argentina,84830.0,1,1,1,2001.0,0,0
ARG,Argentina,2002,Argentina,104158.0,1,1,1,2002.0,0,0
ARG,Argentina,2003,Argentina,115104.0,1,1,1,2003.0,0,0
ARG,Argentina,2004,Argentina,112963.0,1,1,1,2004.0,0,0
ARG,Argentina,2005,Argentina,106041.0,1,1,1,2005.0,0,0
ARG,Argentina,2006,Argentina,32587.71,1,1,1,2006.0,0,0
ARG,Argentina,2007,Argentina,35844.65,1,1,1,2007.0,0,0
ARG,Argentina,2008,Argentina,35585.64,1,1,1,2008.0,0,0
ARG,Argentina,2009,Argentina,36224.11,1,1,1,2009.0,0,0
ARG,Argentina,2010,Argentina,15547.0,1,1,1,2010.0,0,0
ARG,Argentina,2011,Argentina,17425.57,1,1,1,2011.0,0,0
ARG,Argentina,2012,Argentina,17490.79,1,1,1,2012.0,0,0
ARG,Argentina,2013,Argentina,17640.08,1,1,1,2013.0,0,0
ARG,Argentina,2014,Argentina,55914.0,1,1,1,2014.0,0,0
ARG,Argentina,2015,Argentina,44787.0,1,1,1,2015.0,0,0
ARG,Argentina,2016,Argentina,47535.0,1,1,1,2016.0,0,0
ARG,Argentina,2017,Argentina,22105.19,1,1,1,2017.0,0,0
ARG,Argentina,2018,Argentina,22695.37,1,1,1,2018.0,0,0
ARG,Argentina,2019,Argentina,28660.43,1,1,1,2019.0,0,0
ARG,Argentina,2020,Argentina,70956.56,1,1,1,2020.0,0,0
ARG,Argentina,2021,Argentina,13300.08,1,1,1,2021.0,0,0
ARG,Argentina,2022,Argentina,14290.57,1,1,1,2022.0,0,0
ARG,Argentina,2023,Argentina,22813.0,1,1,1,2023.0,0,0
ARG,Argentina,2024,Argentina,2687.0,1,1,1,2024.0,0,0
ARM,Armenia,1960,Armenia,0.0,0,0,0,,1,1
ARM,Armenia,1961,Armenia,0.0,0,0,0,,1,2
ARM,Armenia,1962,Armenia,0.0,0,0,0,,1,3
ARM,Armenia,1963,Armenia,0.0,0,0,0,,1,4
ARM,Armenia,1964,Armenia,0.0,0,0,0,,1,5
ARM,Armenia,1965,Armenia,0.0,0,0,0,,1,6
ARM,Armenia,1966,Armenia,0.0,0,0,0,,1,7
ARM,Armenia,1967,Armenia,0.0,0,0,0,,1,8
ARM,Armenia,1968,Armenia,0.0,0,0,0,,1,9
ARM,Armenia,1969,Armenia,0.0,0,0,0,,1,10
ARM,Armenia,1970,Armenia,0.0,0,0,0,,1,11
ARM,Armenia,1971,Armenia,0.0,0,0,0,,1,12
ARM,Armenia,1972,Armenia,0.0,0,0,0,,1,13
ARM,Armenia,1973,Armenia,0.0,0,0,0,,1,14
ARM,Armenia,1974,Armenia,0.0,0,0,0,,1,15
ARM,Armenia,1975,Armenia,0.0,0,0,0,,1,16
ARM,Armenia,1976,Armenia,0.0,0,0,0,,1,17
ARM,Armenia,1977,Armenia,0.0,0,0,0,,1,18
ARM,Armenia,1978,Armenia,0.0,0,0,0,,1,19
ARM,Armenia,1979,Armenia,0.0,0,0,0,,1,20
ARM,Armenia,1980,Armenia,0.0,0,0,0,,1,21
ARM,Armenia,1981,Armenia,0.0,0,0,0,,1,22
ARM,Armenia,1982,Armenia,0.0,0,0,0,,1,23
ARM,Armenia,1983,Armenia,0.0,0,0,0,,1,24
ARM,Armenia,1984,Armenia,0.0,0,0,0,,1,25
ARM,Armenia,1985,Armenia,0.0,0,0,0,,1,26
ARM,Armenia,1986,Armenia,0.0,0,0,0,,1,27
ARM,Armenia,1987,Armenia,0.0,0,0,0,,1,28
ARM,Armenia,1988,Armenia,0.0,0,0,0,,1,29
ARM,Armenia,1989,Armenia,0.0,0,0,0,,1,30
ARM,Armenia,1990,Armenia,0.0,0,0,0,,1,31
ARM,Armenia,1991,Armenia,0.0,0,0,0,,1,32
ARM,Armenia,1992,Armenia,15.56,1,0,0,1992.0,0,0
ARM,Armenia,1993,Armenia,202.6,1,1,1,1993.0,0,0
ARM,Armenia,1994,Armenia,61.54,1,1,1,1994.0,0,0
ARM,Armenia,1995,Armenia,87.92,1,1,1,1995.0,0,0
ARM,Armenia,1996,Armenia,64.03,1,1,1,1996.0,0,0
ARM,Armenia,1997,Armenia,138.93,1,1,1,1997.0,0,0
ARM,Armenia,1998,Armenia,52.56,1,1,1,1998.0,0,0
ARM,Armenia,1999,Armenia,58.23,1,1,1,1999.0,0,0
ARM,Armenia,2000,Armenia,80.99,1,1,1,2000.0,0,0
ARM,Armenia,2001,Armenia,93.87,1,1,1,2001.0,0,0
ARM,Armenia,2002,Armenia,44.99,1,1,1,2002.0,0,0
ARM,Armenia,2003,Armenia,46.06,1,1,1,2003.0,0,0
ARM,Armenia,2004,Armenia,0.0,0,1,1,2003.0,0,1
ARM,Armenia,2005,Armenia,0.0,0,1,1,2003.0,0,2
ARM,Armenia,2006,Armenia,0.0,0,1,1,2003.0,0,3
ARM,Armenia,2007,Armenia,0.0,0,1,1,2003.0,0,4
ARM,Armenia,2008,Armenia,0.0,0,1,1,2003.0,0,5
ARM,Armenia,2009,Armenia,0.0,0,0,1,2003.0,0,6
ARM,Armenia,2010,Armenia,0.0,0,0,1,2003.0,0,7
ARM,Armenia,2011,Armenia,0.0,0,0,1,2003.0,0,8
ARM,Armenia,2012,Armenia,0.0,0,0,1,2003.0,0,9
ARM,Armenia,2013,Armenia,0.0,0,0,1,2003.0,0,10
ARM,Armenia,2014,Armenia,0.0,0,0,0,2003.0,0,11
ARM,Armenia,2015,Armenia,0.0,0,0,0,2003.0,0,12
ARM,Armenia,2016,Armenia,0.0,0,0,0,2003.0,0,13
ARM,Armenia,2017,Armenia,0.0,0,0,0,2003.0,0,14
ARM,Armenia,2018,Armenia,0.0,0,0,0,2003.0,0,15
ARM,Armenia,2019,Armenia,0.0,0,0,0,2003.0,0,16
ARM,Armenia,2020,Armenia,0.0,0,0,0,2003.0,0,17
ARM,Armenia,2021,Armenia,0.0,0,0,0,2003.0,0,18
ARM,Armenia,2022,Armenia,0.0,0,0,0,2003.0,0,19
ARM,Armenia,2023,Armenia,0.0,0,0,0,2003.0,0,20
ARM,Armenia,2024,Armenia,0.0,0,0,0,2003.0,0,21
ASM,American Samoa,1960,,0.0,0,0,0,,1,1
ASM,American Samoa,1961,,0.0,0,0,0,,1,2
ASM,American Samoa,1962,,0.0,0,0,0,,1,3
ASM,American Samoa,1963,,0.0,0,0,0,,1,4
ASM,American Samoa,1964,,0.0,0,0,0,,1,5
ASM,American Samoa,1965,,0.0,0,0,0,,1,6
ASM,American Samoa,1966,,0.0,0,0,0,,1,7
ASM,American Samoa,1967,,0.0,0,0,0,,1,8
ASM,American Samoa,1968,,0.0,0,0,0,,1,9
ASM,American Samoa,1969,,0.0,0,0,0,,1,10
ASM,American Samoa,1970,,0.0,0,0,0,,1,11
ASM,American Samoa,1971,,0.0,0,0,0,,1,12
ASM,American Samoa,1972,,0.0,0,0,0,,1,13
ASM,American Samoa,1973,,0.0,0,0,0,,1,14
ASM,American Samoa,1974,,0.0,0,0,0,,1,15
ASM,American Samoa,1975,,0.0,0,0,0,,1,16
ASM,American Samoa,1976,,0.0,0,0,0,,1,17
ASM,American Samoa,1977,,0.0,0,0,0,,1,18
ASM,American Samoa,1978,,0.0,0,0,0,,1,19
ASM,American Samoa,1979,,0.0,0,0,0,,1,20
ASM,American Samoa,1980,,0.0,0,0,0,,1,21
ASM,American Samoa,1981,,0.0,0,0,0,,1,22
ASM,American Samoa,1982,,0.0,0,0,0,,1,23
ASM,American Samoa,1983,,0.0,0,0,0,,1,24
ASM,American Samoa,1984,,0.0,0,0,0,,1,25
ASM,American Samoa,1985,,0.0,0,0,0,,1,26
ASM,American Samoa,1986,,0.0,0,0,0,,1,27
ASM,American Samoa,1987,,0.0,0,0,0,,1,28
ASM,American Samoa,1988,,0.0,0,0,0,,1,29
ASM,American Samoa,1989,,0.0,0,0,0,,1,30
ASM,American Samoa,1990,,0.0,0,0,0,,1,31
ASM,American Samoa,1991,,0.0,0,0,0,,1,32
ASM,American Samoa,1992,,0.0,0,0,0,,1,33
ASM,American Samoa,1993,,0.0,0,0,0,,1,34
ASM,American Samoa,1994,,0.0,0,0,0,,1,35
ASM,American Samoa,1995,,0.0,0,0,0,,1,36
ASM,American Samoa,1996,,0.0,0,0,0,,1,37
ASM,American Samoa,1997,,0.0,0,0,0,,1,38
ASM,American Samoa,1998,,0.0,0,0,0,,1,39
ASM,American Samoa,1999,,0.0,0,0,0,,1,40
ASM,American Samoa,2000,,0.0,0,0,0,,1,41
ASM,American Samoa,2001,,0.0,0,0,0,,1,42
ASM,American Samoa,2002,,0.0,0,0,0,,1,43
ASM,American Samoa,2003,,0.0,0,0,0,,1,44
ASM,American Samoa,2004,,0.0,0,0,0,,1,45
ASM,American Samoa,2005,,0.0,0,0,0,,1,46
ASM,American Samoa,2006,,0.0,0,0,0,,1,47
ASM,American Samoa,2007,,0.0,0,0,0,,1,48
ASM,American Samoa,2008,,0.0,0,0,0,,1,49
ASM,American Samoa,2009,,0.0,0,0,0,,1,50
ASM,American Samoa,2010,,0.0,0,0,0,,1,51
ASM,American Samoa,2011,,0.0,0,0,0,,1,52
ASM,American Samoa,2012,,0.0,0,0,0,,1,53
ASM,American Samoa,2013,,0.0,0,0,0,,1,54
ASM,American Samoa,2014,,0.0,0,0,0,,1,55
ASM,American Samoa,2015,,0.0,0,0,0,,1,56
ASM,American Samoa,2016,,0.0,0,0,0,,1,57
ASM,American Samoa,2017,,0.0,0,0,0,,1,58
ASM,American Samoa,2018,,0.0,0,0,0,,1,59
ASM,American Samoa,2019,,0.0,0,0,0,,1,60
ASM,American Samoa,2020,,0.0,0,0,0,,1,61
ASM,American Samoa,2021,,0.0,0,0,0,,1,62
ASM,American Samoa,2022,,0.0,0,0,0,,1,63
ASM,American Samoa,2023,,0.0,0,0,0,,1,64
ASM,American Samoa,2024,,0.0,0,0,0,,1,65
ATG,Antigua and Barbuda,1960,Antigua and Barbuda,0.0,0,0,0,,1,1
ATG,Antigua and Barbuda,1961,Antigua and Barbuda,0.0,0,0,0,,1,2
ATG,Antigua and Barbuda,1962,Antigua and Barbuda,0.0,0,0,0,,1,3
ATG,Antigua and Barbuda,1963,Antigua and Barbuda,0.0,0,0,0,,1,4
ATG,Antigua and Barbuda,1964,Antigua and Barbuda,0.0,0,0,0,,1,5
ATG,Antigua and Barbuda,1965,Antigua and Barbuda,0.0,0,0,0,,1,6
ATG,Antigua and Barbuda,1966,Antigua and Barbuda,0.0,0,0,0,,1,7
ATG,Antigua and Barbuda,1967,Antigua and Barbuda,0.0,0,0,0,,1,8
ATG,Antigua and Barbuda,1968,Antigua and Barbuda,0.0,0,0,0,,1,9
ATG,Antigua and Barbuda,1969,Antigua and Barbuda,0.0,0,0,0,,1,10
ATG,Antigua and Barbuda,1970,Antigua and Barbuda,0.0,0,0,0,,1,11
ATG,Antigua and Barbuda,1971,Antigua and Barbuda,0.0,0,0,0,,1,12
ATG,Antigua and Barbuda,1972,Antigua and Barbuda,0.0,0,0,0,,1,13
ATG,Antigua and Barbuda,1973,Antigua and Barbuda,0.0,0,0,0,,1,14
ATG,Antigua and Barbuda,1974,Antigua and Barbuda,0.0,0,0,0,,1,15
ATG,Antigua and Barbuda,1975,Antigua and Barbuda,0.0,0,0,0,,1,16
ATG,Antigua and Barbuda,1976,Antigua and Barbuda,0.0,0,0,0,,1,17
ATG,Antigua and Barbuda,1977,Antigua and Barbuda,0.0,0,0,0,,1,18
ATG,Antigua and Barbuda,1978,Antigua and Barbuda,0.0,0,0,0,,1,19
ATG,Antigua and Barbuda,1979,Antigua and Barbuda,0.0,0,0,0,,1,20
ATG,Antigua and Barbuda,1980,Antigua and Barbuda,1.7,1,0,0,1980.0,0,0
ATG,Antigua and Barbuda,1981,Antigua and Barbuda,4.9,1,1,1,1981.0,0,0
ATG,Antigua and Barbuda,1982,Antigua and Barbuda,14.1,1,1,1,1982.0,0,0
ATG,Antigua and Barbuda,1983,Antigua and Barbuda,17.6,1,1,1,1983.0,0,0
ATG,Antigua and Barbuda,1984,Antigua and Barbuda,24.7,1,1,1,1984.0,0,0
ATG,Antigua and Barbuda,1985,Antigua and Barbuda,24.0,1,1,1,1985.0,0,0
ATG,Antigua and Barbuda,1986,Antigua and Barbuda,40.2,1,1,1,1986.0,0,0
ATG,Antigua and Barbuda,1987,Antigua and Barbuda,63.9,1,1,1,1987.0,0,0
ATG,Antigua and Barbuda,1988,Antigua and Barbuda,76.9,1,1,1,1988.0,0,0
ATG,Antigua and Barbuda,1989,Antigua and Barbuda,0.0,0,1,1,1988.0,0,1
ATG,Antigua and Barbuda,1990,Antigua and Barbuda,0.0,0,1,1,1988.0,0,2
ATG,Antigua and Barbuda,1991,Antigua and Barbuda,0.0,0,1,1,1988.0,0,3
ATG,Antigua and Barbuda,1992,Antigua and Barbuda,0.0,0,1,1,1988.0,0,4
ATG,Antigua and Barbuda,1993,Antigua and Barbuda,0.0,0,1,1,1988.0,0,5
ATG,Antigua and Barbuda,1994,Antigua and Barbuda,0.0,0,0,1,1988.0,0,6
ATG,Antigua and Barbuda,1995,Antigua and Barbuda,0.0,0,0,1,1988.0,0,7
ATG,Antigua and Barbuda,1996,Antigua and Barbuda,161.0,1,0,1,1996.0,0,0
ATG,Antigua and Barbuda,1997,Antigua and Barbuda,175.0,1,1,1,1997.0,0,0
ATG,Antigua and Barbuda,1998,Antigua and Barbuda,403.59,1,1,1,1998.0,0,0
ATG,Antigua and Barbuda,1999,Antigua and Barbuda,714.71,1,1,1,1999.0,0,0
ATG,Antigua and Barbuda,2000,Antigua and Barbuda,754.79,1,1,1,2000.0,0,0
ATG,Antigua and Barbuda,2001,Antigua and Barbuda,616.39,1,1,1,2001.0,0,0
ATG,Antigua and Barbuda,2002,Antigua and Barbuda,664.78,1,1,1,2002.0,0,0
ATG,Antigua and Barbuda,2003,Antigua and Barbuda,813.0,1,1,1,2003.0,0,0
ATG,Antigua and Barbuda,2004,Antigua and Barbuda,838.0,1,1,1,2004.0,0,0
ATG,Antigua and Barbuda,2005,Antigua and Barbuda,764.0,1,1,1,2005.0,0,0
ATG,Antigua and Barbuda,2006,Antigua and Barbuda,762.0,1,1,1,2006.0,0,0
ATG,Antigua and Barbuda,2007,Antigua and Barbuda,612.0,1,1,1,2007.0,0,0
ATG,Antigua and Barbuda,2008,Antigua and Barbuda,631.0,1,1,1,2008.0,0,0
ATG,Antigua and Barbuda,2009,Antigua and Barbuda,707.0,1,1,1,2009.0,0,0
ATG,Antigua and Barbuda,2010,Antigua and Barbuda,684.0,1,1,1,2010.0,0,0
ATG,Antigua and Barbuda,2011,Antigua and Barbuda,515.0,1,1,1,2011.0,0,0
ATG,Antigua and Barbuda,2012,Antigua and Barbuda,0.4,1,1,1,2012.0,0,0
ATG,Antigua and Barbuda,2013,Antigua and Barbuda,2.9,1,1,1,2013.0,0,0
ATG,Antigua and Barbuda,2014,Antigua and Barbuda,12.0,1,1,1,2014.0,0,0
ATG,Antigua and Barbuda,2015,Antigua and Barbuda,20.0,1,1,1,2015.0,0,0
ATG,Antigua and Barbuda,2016,Antigua and Barbuda,8.0,1,1,1,2016.0,0,0
ATG,Antigua and Barbuda,2017,Antigua and Barbuda,14.0,1,1,1,2017.0,0,0
ATG,Antigua and Barbuda,2018,Antigua and Barbuda,153.0,1,1,1,2018.0,0,0
ATG,Antigua and Barbuda,2019,Antigua and Barbuda,148.0,1,1,1,2019.0,0,0
ATG,Antigua and Barbuda,2020,Antigua and Barbuda,171.9,1,1,1,2020.0,0,0
ATG,Antigua and Barbuda,2021,Antigua and Barbuda,219.0,1,1,1,2021.0,0,0
ATG,Antigua and Barbuda,2022,Antigua and Barbuda,216.0,1,1,1,2022.0,0,0
ATG,Antigua and Barbuda,2023,Antigua and Barbuda,198.0,1,1,1,2023.0,0,0
ATG,Antigua and Barbuda,2024,Antigua and Barbuda,197.0,1,1,1,2024.0,0,0
AUS,Australia,1960,,0.0,0,0,0,,1,1
AUS,Australia,1961,,0.0,0,0,0,,1,2
AUS,Australia,1962,,0.0,0,0,0,,1,3
AUS,Australia,1963,,0.0,0,0,0,,1,4
AUS,Australia,1964,,0.0,0,0,0,,1,5
AUS,Australia,1965,,0.0,0,0,0,,1,6
AUS,Australia,1966,,0.0,0,0,0,,1,7
AUS,Australia,1967,,0.0,0,0,0,,1,8
AUS,Australia,1968,,0.0,0,0,0,,1,9
AUS,Australia,1969,,0.0,0,0,0,,1,10
AUS,Australia,1970,,0.0,0,0,0,,1,11
AUS,Australia,1971,,0.0,0,0,0,,1,12
AUS,Australia,1972,,0.0,0,0,0,,1,13
AUS,Australia,1973,,0.0,0,0,0,,1,14
AUS,Australia,1974,,0.0,0,0,0,,1,15
AUS,Australia,1975,,0.0,0,0,0,,1,16
AUS,Australia,1976,,0.0,0,0,0,,1,17
AUS,Australia,1977,,0.0,0,0,0,,1,18
AUS,Australia,1978,,0.0,0,0,0,,1,19
AUS,Australia,1979,,0.0,0,0,0,,1,20
AUS,Australia,1980,,0.0,0,0,0,,1,21
AUS,Australia,1981,,0.0,0,0,0,,1,22
AUS,Australia,1982,,0.0,0,0,0,,1,23
AUS,Australia,1983,,0.0,0,0,0,,1,24
AUS,Australia,1984,,0.0,0,0,0,,1,25
AUS,Australia,1985,,0.0,0,0,0,,1,26
AUS,Australia,1986,,0.0,0,0,0,,1,27
AUS,Australia,1987,,0.0,0,0,0,,1,28
AUS,Australia,1988,,0.0,0,0,0,,1,29
AUS,Australia,1989,,0.0,0,0,0,,1,30
AUS,Australia,1990,,0.0,0,0,0,,1,31
AUS,Australia,1991,,0.0,0,0,0,,1,32
AUS,Australia,1992,,0.0,0,0,0,,1,33
AUS,Australia,1993,,0.0,0,0,0,,1,34
AUS,Australia,1994,,0.0,0,0,0,,1,35
AUS,Australia,1995,,0.0,0,0,0,,1,36
AUS,Australia,1996,,0.0,0,0,0,,1,37
AUS,Australia,1997,,0.0,0,0,0,,1,38
AUS,Australia,1998,,0.0,0,0,0,,1,39
AUS,Australia,1999,,0.0,0,0,0,,1,40
AUS,Australia,2000,,0.0,0,0,0,,1,41
AUS,Australia,2001,,0.0,0,0,0,,1,42
AUS,Australia,2002,,0.0,0,0,0,,1,43
AUS,Australia,2003,,0.0,0,0,0,,1,44
AUS,Australia,2004,,0.0,0,0,0,,1,45
AUS,Australia,2005,,0.0,0,0,0,,1,46
AUS,Australia,2006,,0.0,0,0,0,,1,47
AUS,Australia,2007,,0.0,0,0,0,,1,48
AUS,Australia,2008,,0.0,0,0,0,,1,49
AUS,Australia,2009,,0.0,0,0,0,,1,50
AUS,Australia,2010,,0.0,0,0,0,,1,51
AUS,Australia,2011,,0.0,0,0,0,,1,52
AUS,Australia,2012,,0.0,0,0,0,,1,53
AUS,Australia,2013,,0.0,0,0,0,,1,54
AUS,Australia,2014,,0.0,0,0,0,,1,55
AUS,Australia,2015,,0.0,0,0,0,,1,56
AUS,Australia,2016,,0.0,0,0,0,,1,57
AUS,Australia,2017,,0.0,0,0,0,,1,58
AUS,Australia,2018,,0.0,0,0,0,,1,59
AUS,Australia,2019,,0.0,0,0,0,,1,60
AUS,Australia,2020,,0.0,0,0,0,,1,61
AUS,Australia,2021,,0.0,0,0,0,,1,62
AUS,Australia,2022,,0.0,0,0,0,,1,63
AUS,Australia,2023,,0.0,0,0,0,,1,64
AUS,Australia,2024,,0.0,0,0,0,,1,65
AUT,Austria,1960,,0.0,0,0,0,,1,1
AUT,Austria,1961,,0.0,0,0,0,,1,2
AUT,Austria,1962,,0.0,0,0,0,,1,3
AUT,Austria,1963,,0.0,0,0,0,,1,4
AUT,Austria,1964,,0.0,0,0,0,,1,5
AUT,Austria,1965,,0.0,0,0,0,,1,6
AUT,Austria,1966,,0.0,0,0,0,,1,7
AUT,Austria,1967,,0.0,0,0,0,,1,8
AUT,Austria,1968,,0.0,0,0,0,,1,9
AUT,Austria,1969,,0.0,0,0,0,,1,10
AUT,Austria,1970,,0.0,0,0,0,,1,11
AUT,Austria,1971,,0.0,0,0,0,,1,12
AUT,Austria,1972,,0.0,0,0,0,,1,13
AUT,Austria,1973,,0.0,0,0,0,,1,14
AUT,Austria,1974,,0.0,0,0,0,,1,15
AUT,Austria,1975,,0.0,0,0,0,,1,16
AUT,Austria,1976,,0.0,0,0,0,,1,17
AUT,Austria,1977,,0.0,0,0,0,,1,18
AUT,Austria,1978,,0.0,0,0,0,,1,19
AUT,Austria,1979,,0.0,0,0,0,,1,20
AUT,Austria,1980,,0.0,0,0,0,,1,21
AUT,Austria,1981,,0.0,0,0,0,,1,22
AUT,Austria,1982,,0.0,0,0,0,,1,23
AUT,Austria,1983,,0.0,0,0,0,,1,24
AUT,Austria,1984,,0.0,0,0,0,,1,25
AUT,Austria,1985,,0.0,0,0,0,,1,26
AUT,Austria,1986,,0.0,0,0,0,,1,27
AUT,Austria,1987,,0.0,0,0,0,,1,28
AUT,Austria,1988,,0.0,0,0,0,,1,29
AUT,Austria,1989,,0.0,0,0,0,,1,30
AUT,Austria,1990,,0.0,0,0,0,,1,31
AUT,Austria,1991,,0.0,0,0,0,,1,32
AUT,Austria,1992,,0.0,0,0,0,,1,33
AUT,Austria,1993,,0.0,0,0,0,,1,34
AUT,Austria,1994,,0.0,0,0,0,,1,35
AUT,Austria,1995,,0.0,0,0,0,,1,36
AUT,Austria,1996,,0.0,0,0,0,,1,37
AUT,Austria,1997,,0.0,0,0,0,,1,38
AUT,Austria,1998,,0.0,0,0,0,,1,39
AUT,Austria,1999,,0.0,0,0,0,,1,40
AUT,Austria,2000,,0.0,0,0,0,,1,41
AUT,Austria,2001,,0.0,0,0,0,,1,42
AUT,Austria,2002,,0.0,0,0,0,,1,43
AUT,Austria,2003,,0.0,0,0,0,,1,44
AUT,Austria,2004,,0.0,0,0,0,,1,45
AUT,Austria,2005,,0.0,0,0,0,,1,46
AUT,Austria,2006,,0.0,0,0,0,,1,47
AUT,Austria,2007,,0.0,0,0,0,,1,48
AUT,Austria,2008,,0.0,0,0,0,,1,49
AUT,Austria,2009,,0.0,0,0,0,,1,50
AUT,Austria,2010,,0.0,0,0,0,,1,51
AUT,Austria,2011,,0.0,0,0,0,,1,52
AUT,Austria,2012,,0.0,0,0,0,,1,53
AUT,Austria,2013,,0.0,0,0,0,,1,54
AUT,Austria,2014,,0.0,0,0,0,,1,55
AUT,Austria,2015,,0.0,0,0,0,,1,56
AUT,Austria,2016,,0.0,0,0,0,,1,57
AUT,Austria,2017,,0.0,0,0,0,,1,58
AUT,Austria,2018,,0.0,0,0,0,,1,59
AUT,Austria,2019,,0.0,0,0,0,,1,60
AUT,Austria,2020,,0.0,0,0,0,,1,61
AUT,Austria,2021,,0.0,0,0,0,,1,62
AUT,Austria,2022,,0.0,0,0,0,,1,63
AUT,Austria,2023,,0.0,0,0,0,,1,64
AUT,Austria,2024,,0.0,0,0,0,,1,65
AZE,Azerbaijan,1960,Azerbaijan,0.0,0,0,0,,1,1
AZE,Azerbaijan,1961,Azerbaijan,0.0,0,0,0,,1,2
AZE,Azerbaijan,1962,Azerbaijan,0.0,0,0,0,,1,3
AZE,Azerbaijan,1963,Azerbaijan,0.0,0,0,0,,1,4
AZE,Azerbaijan,1964,Azerbaijan,0.0,0,0,0,,1,5
AZE,Azerbaijan,1965,Azerbaijan,0.0,0,0,0,,1,6
AZE,Azerbaijan,1966,Azerbaijan,0.0,0,0,0,,1,7
AZE,Azerbaijan,1967,Azerbaijan,0.0,0,0,0,,1,8
AZE,Azerbaijan,1968,Azerbaijan,0.0,0,0,0,,1,9
AZE,Azerbaijan,1969,Azerbaijan,0.0,0,0,0,,1,10
AZE,Azerbaijan,1970,Azerbaijan,0.0,0,0,0,,1,11
AZE,Azerbaijan,1971,Azerbaijan,0.0,0,0,0,,1,12
AZE,Azerbaijan,1972,Azerbaijan,0.0,0,0,0,,1,13
AZE,Azerbaijan,1973,Azerbaijan,0.0,0,0,0,,1,14
AZE,Azerbaijan,1974,Azerbaijan,0.0,0,0,0,,1,15
AZE,Azerbaijan,1975,Azerbaijan,0.0,0,0,0,,1,16
AZE,Azerbaijan,1976,Azerbaijan,0.0,0,0,0,,1,17
AZE,Azerbaijan,1977,Azerbaijan,0.0,0,0,0,,1,18
AZE,Azerbaijan,1978,Azerbaijan,0.0,0,0,0,,1,19
AZE,Azerbaijan,1979,Azerbaijan,0.0,0,0,0,,1,20
AZE,Azerbaijan,1980,Azerbaijan,0.0,0,0,0,,1,21
AZE,Azerbaijan,1981,Azerbaijan,0.0,0,0,0,,1,22
AZE,Azerbaijan,1982,Azerbaijan,0.0,0,0,0,,1,23
AZE,Azerbaijan,1983,Azerbaijan,0.0,0,0,0,,1,24
AZE,Azerbaijan,1984,Azerbaijan,0.0,0,0,0,,1,25
AZE,Azerbaijan,1985,Azerbaijan,0.0,0,0,0,,1,26
AZE,Azerbaijan,1986,Azerbaijan,0.0,0,0,0,,1,27
AZE,Azerbaijan,1987,Azerbaijan,0.0,0,0,0,,1,28
AZE,Azerbaijan,1988,Azerbaijan,0.0,0,0,0,,1,29
AZE,Azerbaijan,1989,Azerbaijan,0.0,0,0,0,,1,30
AZE,Azerbaijan,1990,Azerbaijan,0.0,0,0,0,,1,31
AZE,Azerbaijan,1991,Azerbaijan,0.0,0,0,0,,1,32
AZE,Azerbaijan,1992,Azerbaijan,0.0,0,0,0,,1,33
AZE,Azerbaijan,1993,Azerbaijan,0.0,0,0,0,,1,34
AZE,Azerbaijan,1994,Azerbaijan,23.9,1,0,0,1994.0,0,0
AZE,Azerbaijan,1995,Azerbaijan,41.53,1,1,1,1995.0,0,0
AZE,Azerbaijan,1996,Azerbaijan,37.98,1,1,1,1996.0,0,0
AZE,Azerbaijan,1997,Azerbaijan,37.98,1,1,1,1997.0,0,0
AZE,Azerbaijan,1998,Azerbaijan,0.0,0,1,1,1997.0,0,1
AZE,Azerbaijan,1999,Azerbaijan,0.0,0,1,1,1997.0,0,2
AZE,Azerbaijan,2000,Azerbaijan,0.0,0,1,1,1997.0,0,3
AZE,Azerbaijan,2001,Azerbaijan,0.0,0,1,1,1997.0,0,4
AZE,Azerbaijan,2002,Azerbaijan,0.0,0,1,1,1997.0,0,5
AZE,Azerbaijan,2003,Azerbaijan,0.0,0,0,1,1997.0,0,6
AZE,Azerbaijan,2004,Azerbaijan,74.82,1,0,1,2004.0,0,0
AZE,Azerbaijan,2005,Azerbaijan,0.0,0,1,1,2004.0,0,1
AZE,Azerbaijan,2006,Azerbaijan,0.0,0,1,1,2004.0,0,2
AZE,Azerbaijan,2007,Azerbaijan,0.0,0,1,1,2004.0,0,3
AZE,Azerbaijan,2008,Azerbaijan,0.0,0,1,1,2004.0,0,4
AZE,Azerbaijan,2009,Azerbaijan,0.0,0,1,1,2004.0,0,5
AZE,Azerbaijan,2010,Azerbaijan,0.0,0,0,1,2004.0,0,6
AZE,Azerbaijan,2011,Azerbaijan,0.0,0,0,1,2004.0,0,7
AZE,Azerbaijan,2012,Azerbaijan,0.0,0,0,1,2004.0,0,8
AZE,Azerbaijan,2013,Azerbaijan,0.0,0,0,1,2004.0,0,9
AZE,Azerbaijan,2014,Azerbaijan,0.0,0,0,1,2004.0,0,10
AZE,Azerbaijan,2015,Azerbaijan,0.0,0,0,0,2004.0,0,11
AZE,Azerbaijan,2016,Azerbaijan,0.0,0,0,0,2004.0,0,12
AZE,Azerbaijan,2017,Azerbaijan,0.0,0,0,0,2004.0,0,13
AZE,Azerbaijan,2018,Azerbaijan,0.0,0,0,0,2004.0,0,14
AZE,Azerbaijan,2019,Azerbaijan,0.0,0,0,0,2004.0,0,15
AZE,Azerbaijan,2020,Azerbaijan,0.36,1,0,0,2020.0,0,0
AZE,Azerbaijan,2021,Azerbaijan,0.0,0,1,1,2020.0,0,1
AZE,Azerbaijan,2022,Azerbaijan,0.0,0,1,1,2020.0,0,2
AZE,Azerbaijan,2023,Azerbaijan,0.0,0,1,1,2020.0,0,3
AZE,Azerbaijan,2024,Azerbaijan,0.0,0,1,1,2020.0,0,4
BDI,Burundi,1960,Burundi,0.0,0,0,0,,1,1
BDI,Burundi,1961,Burundi,0.0,0,0,0,,1,2
BDI,Burundi,1962,Burundi,0.0,0,0,0,,1,3
BDI,Burundi,1963,Burundi,0.0,0,0,0,,1,4
BDI,Burundi,1964,Burundi,0.0,0,0,0,,1,5
BDI,Burundi,1965,Burundi,0.0,0,0,0,,1,6
BDI,Burundi,1966,Burundi,0.0,0,0,0,,1,7
BDI,Burundi,1967,Burundi,0.0,0,0,0,,1,8
BDI,Burundi,1968,Burundi,0.0,0,0,0,,1,9
BDI,Burundi,1969,Burundi,0.0,0,0,0,,1,10
BDI,Burundi,1970,Burundi,0.0,0,0,0,,1,11
BDI,Burundi,1971,Burundi,0.05,1,0,0,1971.0,0,0
BDI,Burundi,1972,Burundi,0.16,1,1,1,1972.0,0,0
BDI,Burundi,1973,Burundi,0.31,1,1,1,1973.0,0,0
BDI,Burundi,1974,Burundi,0.0,0,1,1,1973.0,0,1
BDI,Burundi,1975,Burundi,0.0,0,1,1,1973.0,0,2
BDI,Burundi,1976,Burundi,0.0,0,1,1,1973.0,0,3
BDI,Burundi,1977,Burundi,0.0,0,1,1,1973.0,0,4
BDI,Burundi,1978,Burundi,0.0,0,1,1,1973.0,0,5
BDI,Burundi,1979,Burundi,0.0,0,0,1,1973.0,0,6
BDI,Burundi,1980,Burundi,0.0,0,0,1,1973.0,0,7
BDI,Burundi,1981,Burundi,0.0,0,0,1,1973.0,0,8
BDI,Burundi,1982,Burundi,2.6,1,0,1,1982.0,0,0
BDI,Burundi,1983,Burundi,5.05,1,1,1,1983.0,0,0
BDI,Burundi,1984,Burundi,5.39,1,1,1,1984.0,0,0
BDI,Burundi,1985,Burundi,7.32,1,1,1,1985.0,0,0
BDI,Burundi,1986,Burundi,9.83,1,1,1,1986.0,0,0
BDI,Burundi,1987,Burundi,10.97,1,1,1,1987.0,0,0
BDI,Burundi,1988,Burundi,1.73,1,1,1,1988.0,0,0
BDI,Burundi,1989,Burundi,14.62,1,1,1,1989.0,0,0
BDI,Burundi,1990,Burundi,0.73,1,1,1,1990.0,0,0
BDI,Burundi,1991,Burundi,0.07,1,1,1,1991.0,0,0
BDI,Burundi,1992,Burundi,6.17,1,1,1,1992.0,0,0
BDI,Burundi,1993,Burundi,13.27,1,1,1,1993.0,0,0
BDI,Burundi,1994,Burundi,12.71,1,1,1,1994.0,0,0
BDI,Burundi,1995,Burundi,5.88,1,1,1,1995.0,0,0
BDI,Burundi,1996,Burundi,19.9,1,1,1,1996.0,0,0
BDI,Burundi,1997,Burundi,35.53,1,1,1,1997.0,0,0
BDI,Burundi,1998,Burundi,56.15,1,1,1,1998.0,0,0
BDI,Burundi,1999,Burundi,78.44,1,1,1,1999.0,0,0
BDI,Burundi,2000,Burundi,101.81,1,1,1,2000.0,0,0
BDI,Burundi,2001,Burundi,106.59,1,1,1,2001.0,0,0
BDI,Burundi,2002,Burundi,131.97,1,1,1,2002.0,0,0
BDI,Burundi,2003,Burundi,161.46,1,1,1,2003.0,0,0
BDI,Burundi,2004,Burundi,140.65,1,1,1,2004.0,0,0
BDI,Burundi,2005,Burundi,110.57,1,1,1,2005.0,0,0
BDI,Burundi,2006,Burundi,140.39,1,1,1,2006.0,0,0
BDI,Burundi,2007,Burundi,106.72,1,1,1,2007.0,0,0
BDI,Burundi,2008,Burundi,117.74,1,1,1,2008.0,0,0
BDI,Burundi,2009,Burundi,895.65,1,1,1,2009.0,0,0
BDI,Burundi,2010,Burundi,48.05,1,1,1,2010.0,0,0
BDI,Burundi,2011,Burundi,47.85,1,1,1,2011.0,0,0
BDI,Burundi,2012,Burundi,4.89,1,1,1,2012.0,0,0
BDI,Burundi,2013,Burundi,6.52,1,1,1,2013.0,0,0
BDI,Burundi,2014,Burundi,5.58,1,1,1,2014.0,0,0
BDI,Burundi,2015,Burundi,5.98,1,1,1,2015.0,0,0
BDI,Burundi,2016,Burundi,5.9,1,1,1,2016.0,0,0
BDI,Burundi,2017,Burundi,5.56,1,1,1,2017.0,0,0
BDI,Burundi,2018,Burundi,5.55,1,1,1,2018.0,0,0
BDI,Burundi,2019,Burundi,5.58,1,1,1,2019.0,0,0
BDI,Burundi,2020,Burundi,6.36,1,1,1,2020.0,0,0
BDI,Burundi,2021,Burundi,6.38,1,1,1,2021.0,0,0
BDI,Burundi,2022,Burundi,6.47,1,1,1,2022.0,0,0
BDI,Burundi,2023,Burundi,6.0,1,1,1,2023.0,0,0
BDI,Burundi,2024,Burundi,6.0,1,1,1,2024.0,0,0
BEL,Belgium,1960,,0.0,0,0,0,,1,1
BEL,Belgium,1961,,0.0,0,0,0,,1,2
BEL,Belgium,1962,,0.0,0,0,0,,1,3
BEL,Belgium,1963,,0.0,0,0,0,,1,4
BEL,Belgium,1964,,0.0,0,0,0,,1,5
BEL,Belgium,1965,,0.0,0,0,0,,1,6
BEL,Belgium,1966,,0.0,0,0,0,,1,7
BEL,Belgium,1967,,0.0,0,0,0,,1,8
BEL,Belgium,1968,,0.0,0,0,0,,1,9
BEL,Belgium,1969,,0.0,0,0,0,,1,10
BEL,Belgium,1970,,0.0,0,0,0,,1,11
BEL,Belgium,1971,,0.0,0,0,0,,1,12
BEL,Belgium,1972,,0.0,0,0,0,,1,13
BEL,Belgium,1973,,0.0,0,0,0,,1,14
BEL,Belgium,1974,,0.0,0,0,0,,1,15
BEL,Belgium,1975,,0.0,0,0,0,,1,16
BEL,Belgium,1976,,0.0,0,0,0,,1,17
BEL,Belgium,1977,,0.0,0,0,0,,1,18
BEL,Belgium,1978,,0.0,0,0,0,,1,19
BEL,Belgium,1979,,0.0,0,0,0,,1,20
BEL,Belgium,1980,,0.0,0,0,0,,1,21
BEL,Belgium,1981,,0.0,0,0,0,,1,22
BEL,Belgium,1982,,0.0,0,0,0,,1,23
BEL,Belgium,1983,,0.0,0,0,0,,1,24
BEL,Belgium,1984,,0.0,0,0,0,,1,25
BEL,Belgium,1985,,0.0,0,0,0,,1,26
BEL,Belgium,1986,,0.0,0,0,0,,1,27
BEL,Belgium,1987,,0.0,0,0,0,,1,28
BEL,Belgium,1988,,0.0,0,0,0,,1,29
BEL,Belgium,1989,,0.0,0,0,0,,1,30
BEL,Belgium,1990,,0.0,0,0,0,,1,31
BEL,Belgium,1991,,0.0,0,0,0,,1,32
BEL,Belgium,1992,,0.0,0,0,0,,1,33
BEL,Belgium,1993,,0.0,0,0,0,,1,34
BEL,Belgium,1994,,0.0,0,0,0,,1,35
BEL,Belgium,1995,,0.0,0,0,0,,1,36
BEL,Belgium,1996,,0.0,0,0,0,,1,37
BEL,Belgium,1997,,0.0,0,0,0,,1,38
BEL,Belgium,1998,,0.0,0,0,0,,1,39
BEL,Belgium,1999,,0.0,0,0,0,,1,40
BEL,Belgium,2000,,0.0,0,0,0,,1,41
BEL,Belgium,2001,,0.0,0,0,0,,1,42
BEL,Belgium,2002,,0.0,0,0,0,,1,43
BEL,Belgium,2003,,0.0,0,0,0,,1,44
BEL,Belgium,2004,,0.0,0,0,0,,1,45
BEL,Belgium,2005,,0.0,0,0,0,,1,46
BEL,Belgium,2006,,0.0,0,0,0,,1,47
BEL,Belgium,2007,,0.0,0,0,0,,1,48
BEL,Belgium,2008,,0.0,0,0,0,,1,49
BEL,Belgium,2009,,0.0,0,0,0,,1,50
BEL,Belgium,2010,,0.0,0,0,0,,1,51
BEL,Belgium,2011,,0.0,0,0,0,,1,52
BEL,Belgium,2012,,0.0,0,0,0,,1,53
BEL,Belgium,2013,,0.0,0,0,0,,1,54
BEL,Belgium,2014,,0.0,0,0,0,,1,55
BEL,Belgium,2015,,0.0,0,0,0,,1,56
BEL,Belgium,2016,,0.0,0,0,0,,1,57
BEL,Belgium,2017,,0.0,0,0,0,,1,58
BEL,Belgium,2018,,0.0,0,0,0,,1,59
BEL,Belgium,2019,,0.0,0,0,0,,1,60
BEL,Belgium,2020,,0.0,0,0,0,,1,61
BEL,Belgium,2021,,0.0,0,0,0,,1,62
BEL,Belgium,2022,,0.0,0,0,0,,1,63
BEL,Belgium,2023,,0.0,0,0,0,,1,64
BEL,Belgium,2024,,0.0,0,0,0,,1,65
BEN,Benin,1960,Benin,0.8,1,0,0,1960.0,0,0
BEN,Benin,1961,Benin,0.8,1,1,1,1961.0,0,0
BEN,Benin,1962,Benin,0.8,1,1,1,1962.0,0,0
BEN,Benin,1963,Benin,0.8,1,1,1,1963.0,0,0
BEN,Benin,1964,Benin,0.8,1,1,1,1964.0,0,0
BEN,Benin,1965,Benin,4.3,1,1,1,1965.0,0,0
BEN,Benin,1966,Benin,4.3,1,1,1,1966.0,0,0
BEN,Benin,1967,Benin,14.0,1,1,1,1967.0,0,0
BEN,Benin,1968,Benin,14.0,1,1,1,1968.0,0,0
BEN,Benin,1969,Benin,14.0,1,1,1,1969.0,0,0
BEN,Benin,1970,Benin,4.34,1,1,1,1970.0,0,0
BEN,Benin,1971,Benin,6.0,1,1,1,1971.0,0,0
BEN,Benin,1972,Benin,9.32,1,1,1,1972.0,0,0
BEN,Benin,1973,Benin,12.62,1,1,1,1973.0,0,0
BEN,Benin,1974,Benin,14.76,1,1,1,1974.0,0,0
BEN,Benin,1975,Benin,16.72,1,1,1,1975.0,0,0
BEN,Benin,1976,Benin,15.44,1,1,1,1976.0,0,0
BEN,Benin,1977,Benin,16.83,1,1,1,1977.0,0,0
BEN,Benin,1978,Benin,19.1,1,1,1,1978.0,0,0
BEN,Benin,1979,Benin,20.0,1,1,1,1979.0,0,0
BEN,Benin,1980,Benin,18.91,1,1,1,1980.0,0,0
BEN,Benin,1981,Benin,15.5,1,1,1,1981.0,0,0
BEN,Benin,1982,Benin,5.0,1,1,1,1982.0,0,0
BEN,Benin,1983,Benin,44.91,1,1,1,1983.0,0,0
BEN,Benin,1984,Benin,87.57,1,1,1,1984.0,0,0
BEN,Benin,1985,Benin,166.75,1,1,1,1985.0,0,0
BEN,Benin,1986,Benin,265.93,1,1,1,1986.0,0,0
BEN,Benin,1987,Benin,394.35,1,1,1,1987.0,0,0
BEN,Benin,1988,Benin,440.12,1,1,1,1988.0,0,0
BEN,Benin,1989,Benin,360.26,1,1,1,1989.0,0,0
BEN,Benin,1990,Benin,221.92,1,1,1,1990.0,0,0
BEN,Benin,1991,Benin,211.77,1,1,1,1991.0,0,0
BEN,Benin,1992,Benin,93.55,1,1,1,1992.0,0,0
BEN,Benin,1993,Benin,114.63,1,1,1,1993.0,0,0
BEN,Benin,1994,Benin,90.97,1,1,1,1994.0,0,0
BEN,Benin,1995,Benin,219.62,1,1,1,1995.0,0,0
BEN,Benin,1996,Benin,216.68,1,1,1,1996.0,0,0
BEN,Benin,1997,Benin,80.57,1,1,1,1997.0,0,0
BEN,Benin,1998,Benin,81.3,1,1,1,1998.0,0,0
BEN,Benin,1999,Benin,81.34,1,1,1,1999.0,0,0
BEN,Benin,2000,Benin,56.51,1,1,1,2000.0,0,0
BEN,Benin,2001,Benin,20.87,1,1,1,2001.0,0,0
BEN,Benin,2002,Benin,20.36,1,1,1,2002.0,0,0
BEN,Benin,2003,Benin,238.43,1,1,1,2003.0,0,0
BEN,Benin,2004,Benin,22.84,1,1,1,2004.0,0,0
BEN,Benin,2005,Benin,22.2,1,1,1,2005.0,0,0
BEN,Benin,2006,Benin,1085.24,1,1,1,2006.0,0,0
BEN,Benin,2007,Benin,14.12,1,1,1,2007.0,0,0
BEN,Benin,2008,Benin,22.89,1,1,1,2008.0,0,0
BEN,Benin,2009,Benin,61.28,1,1,1,2009.0,0,0
BEN,Benin,2010,Benin,60.85,1,1,1,2010.0,0,0
BEN,Benin,2011,Benin,62.91,1,1,1,2011.0,0,0
BEN,Benin,2012,Benin,75.91,1,1,1,2012.0,0,0
BEN,Benin,2013,Benin,83.23,1,1,1,2013.0,0,0
BEN,Benin,2014,Benin,54.27,1,1,1,2014.0,0,0
BEN,Benin,2015,Benin,82.48,1,1,1,2015.0,0,0
BEN,Benin,2016,Benin,74.34,1,1,1,2016.0,0,0
BEN,Benin,2017,Benin,80.7,1,1,1,2017.0,0,0
BEN,Benin,2018,Benin,84.51,1,1,1,2018.0,0,0
BEN,Benin,2019,Benin,0.0,0,1,1,2018.0,0,1
BEN,Benin,2020,Benin,0.0,0,1,1,2018.0,0,2
BEN,Benin,2021,Benin,0.0,0,1,1,2018.0,0,3
BEN,Benin,2022,Benin,0.0,0,1,1,2018.0,0,4
BEN,Benin,2023,Benin,0.0,0,1,1,2018.0,0,5
BEN,Benin,2024,Benin,0.0,0,0,1,2018.0,0,6
BFA,Burkina Faso,1960,Burkina Faso,0.0,0,0,0,,1,1
BFA,Burkina Faso,1961,Burkina Faso,0.0,0,0,0,,1,2
BFA,Burkina Faso,1962,Burkina Faso,0.0,0,0,0,,1,3
BFA,Burkina Faso,1963,Burkina Faso,0.0,0,0,0,,1,4
BFA,Burkina Faso,1964,Burkina Faso,0.0,0,0,0,,1,5
BFA,Burkina Faso,1965,Burkina Faso,0.0,0,0,0,,1,6
BFA,Burkina Faso,1966,Burkina Faso,0.0,0,0,0,,1,7
BFA,Burkina Faso,1967,Burkina Faso,0.0,0,0,0,,1,8
BFA,Burkina Faso,1968,Burkina Faso,0.0,0,0,0,,1,9
BFA,Burkina Faso,1969,Burkina Faso,0.0,0,0,0,,1,10
BFA,Burkina Faso,1970,Burkina Faso,0.0,0,0,0,,1,11
BFA,Burkina Faso,1971,Burkina Faso,0.0,0,0,0,,1,12
BFA,Burkina Faso,1972,Burkina Faso,0.0,0,0,0,,1,13
BFA,Burkina Faso,1973,Burkina Faso,0.0,0,0,0,,1,14
BFA,Burkina Faso,1974,Burkina Faso,0.0,0,0,0,,1,15
BFA,Burkina Faso,1975,Burkina Faso,0.0,0,0,0,,1,16
BFA,Burkina Faso,1976,Burkina Faso,0.0,0,0,0,,1,17
BFA,Burkina Faso,1977,Burkina Faso,0.0,0,0,0,,1,18
BFA,Burkina Faso,1978,Burkina Faso,0.01,1,0,0,1978.0,0,0
BFA,Burkina Faso,1979,Burkina Faso,0.05,1,1,1,1979.0,0,0
BFA,Burkina Faso,1980,Burkina Faso,0.25,1,1,1,1980.0,0,0
BFA,Burkina Faso,1981,Burkina Faso,0.24,1,1,1,1981.0,0,0
BFA,Burkina Faso,1982,Burkina Faso,1.13,1,1,1,1982.0,0,0
BFA,Burkina Faso,1983,Burkina Faso,0.99,1,1,1,1983.0,0,0
BFA,Burkina Faso,1984,Burkina Faso,7.27,1,1,1,1984.0,0,0
BFA,Burkina Faso,1985,Burkina Faso,12.33,1,1,1,1985.0,0,0
BFA,Burkina Faso,1986,Burkina Faso,30.97,1,1,1,1986.0,0,0
BFA,Burkina Faso,1987,Burkina Faso,51.93,1,1,1,1987.0,0,0
BFA,Burkina Faso,1988,Burkina Faso,61.02,1,1,1,1988.0,0,0
BFA,Burkina Faso,1989,Burkina Faso,255.91,1,1,1,1989.0,0,0
BFA,Burkina Faso,1990,Burkina Faso,90.52,1,1,1,1990.0,0,0
BFA,Burkina Faso,1991,Burkina Faso,129.3,1,1,1,1991.0,0,0
BFA,Burkina Faso,1992,Burkina Faso,52.44,1,1,1,1992.0,0,0
BFA,Burkina Faso,1993,Burkina Faso,55.59,1,1,1,1993.0,0,0
BFA,Burkina Faso,1994,Burkina Faso,171.26,1,1,1,1994.0,0,0
BFA,Burkina Faso,1995,Burkina Faso,63.94,1,1,1,1995.0,0,0
BFA,Burkina Faso,1996,Burkina Faso,77.63,1,1,1,1996.0,0,0
BFA,Burkina Faso,1997,Burkina Faso,40.84,1,1,1,1997.0,0,0
BFA,Burkina Faso,1998,Burkina Faso,47.26,1,1,1,1998.0,0,0
BFA,Burkina Faso,1999,Burkina Faso,44.01,1,1,1,1999.0,0,0
BFA,Burkina Faso,2000,Burkina Faso,184.7,1,1,1,2000.0,0,0
BFA,Burkina Faso,2001,Burkina Faso,68.4,1,1,1,2001.0,0,0
BFA,Burkina Faso,2002,Burkina Faso,101.7,1,1,1,2002.0,0,0
BFA,Burkina Faso,2003,Burkina Faso,81.08,1,1,1,2003.0,0,0
BFA,Burkina Faso,2004,Burkina Faso,181.39,1,1,1,2004.0,0,0
BFA,Burkina Faso,2005,Burkina Faso,94.11,1,1,1,2005.0,0,0
BFA,Burkina Faso,2006,Burkina Faso,1327.72,1,1,1,2006.0,0,0
BFA,Burkina Faso,2007,Burkina Faso,38.11,1,1,1,2007.0,0,0
BFA,Burkina Faso,2008,Burkina Faso,40.63,1,1,1,2008.0,0,0
BFA,Burkina Faso,2009,Burkina Faso,36.38,1,1,1,2009.0,0,0
BFA,Burkina Faso,2010,Burkina Faso,40.27,1,1,1,2010.0,0,0
BFA,Burkina Faso,2011,Burkina Faso,34.24,1,1,1,2011.0,0,0
BFA,Burkina Faso,2012,Burkina Faso,34.34,1,1,1,2012.0,0,0
BFA,Burkina Faso,2013,Burkina Faso,35.18,1,1,1,2013.0,0,0
BFA,Burkina Faso,2014,Burkina Faso,35.1,1,1,1,2014.0,0,0
BFA,Burkina Faso,2015,Burkina Faso,34.63,1,1,1,2015.0,0,0
BFA,Burkina Faso,2016,Burkina Faso,79.81,1,1,1,2016.0,0,0
BFA,Burkina Faso,2017,Burkina Faso,87.34,1,1,1,2017.0,0,0
BFA,Burkina Faso,2018,Burkina Faso,85.59,1,1,1,2018.0,0,0
BFA,Burkina Faso,2019,Burkina Faso,82.59,1,1,1,2019.0,0,0
BFA,Burkina Faso,2020,Burkina Faso,99.59,1,1,1,2020.0,0,0
BFA,Burkina Faso,2021,Burkina Faso,100.82,1,1,1,2021.0,0,0
BFA,Burkina Faso,2022,Burkina Faso,80.02,1,1,1,2022.0,0,0
BFA,Burkina Faso,2023,Burkina Faso,56.0,1,1,1,2023.0,0,0
BFA,Burkina Faso,2024,Burkina Faso,55.0,1,1,1,2024.0,0,0
BGD,Bangladesh,1960,Bangladesh,0.0,0,0,0,,1,1
BGD,Bangladesh,1961,Bangladesh,0.0,0,0,0,,1,2
BGD,Bangladesh,1962,Bangladesh,0.0,0,0,0,,1,3
BGD,Bangladesh,1963,Bangladesh,0.0,0,0,0,,1,4
BGD,Bangladesh,1964,Bangladesh,0.0,0,0,0,,1,5
BGD,Bangladesh,1965,Bangladesh,0.0,0,0,0,,1,6
BGD,Bangladesh,1966,Bangladesh,0.0,0,0,0,,1,7
BGD,Bangladesh,1967,Bangladesh,0.0,0,0,0,,1,8
BGD,Bangladesh,1968,Bangladesh,0.0,0,0,0,,1,9
BGD,Bangladesh,1969,Bangladesh,0.0,0,0,0,,1,10
BGD,Bangladesh,1970,Bangladesh,0.0,0,0,0,,1,11
BGD,Bangladesh,1971,Bangladesh,0.0,0,0,0,,1,12
BGD,Bangladesh,1972,Bangladesh,0.0,0,0,0,,1,13
BGD,Bangladesh,1973,Bangladesh,0.53,1,0,0,1973.0,0,0
BGD,Bangladesh,1974,Bangladesh,1.03,1,1,1,1974.0,0,0
BGD,Bangladesh,1975,Bangladesh,2.03,1,1,1,1975.0,0,0
BGD,Bangladesh,1976,Bangladesh,3.22,1,1,1,1976.0,0,0
BGD,Bangladesh,1977,Bangladesh,4.05,1,1,1,1977.0,0,0
BGD,Bangladesh,1978,Bangladesh,5.46,1,1,1,1978.0,0,0
BGD,Bangladesh,1979,Bangladesh,1.27,1,1,1,1979.0,0,0
BGD,Bangladesh,1980,Bangladesh,0.24,1,1,1,1980.0,0,0
BGD,Bangladesh,1981,Bangladesh,0.26,1,1,1,1981.0,0,0
BGD,Bangladesh,1982,Bangladesh,0.27,1,1,1,1982.0,0,0
BGD,Bangladesh,1983,Bangladesh,0.29,1,1,1,1983.0,0,0
BGD,Bangladesh,1984,Bangladesh,0.27,1,1,1,1984.0,0,0
BGD,Bangladesh,1985,Bangladesh,2.0,1,1,1,1985.0,0,0
BGD,Bangladesh,1986,Bangladesh,4.67,1,1,1,1986.0,0,0
BGD,Bangladesh,1987,Bangladesh,10.99,1,1,1,1987.0,0,0
BGD,Bangladesh,1988,Bangladesh,12.3,1,1,1,1988.0,0,0
BGD,Bangladesh,1989,Bangladesh,13.91,1,1,1,1989.0,0,0
BGD,Bangladesh,1990,Bangladesh,16.22,1,1,1,1990.0,0,0
BGD,Bangladesh,1991,Bangladesh,314.32,1,1,1,1991.0,0,0
BGD,Bangladesh,1992,Bangladesh,18.38,1,1,1,1992.0,0,0
BGD,Bangladesh,1993,Bangladesh,22.1,1,1,1,1993.0,0,0
BGD,Bangladesh,1994,Bangladesh,31.36,1,1,1,1994.0,0,0
BGD,Bangladesh,1995,Bangladesh,28.23,1,1,1,1995.0,0,0
BGD,Bangladesh,1996,Bangladesh,3.39,1,1,1,1996.0,0,0
BGD,Bangladesh,1997,Bangladesh,3.21,1,1,1,1997.0,0,0
BGD,Bangladesh,1998,Bangladesh,3.53,1,1,1,1998.0,0,0
BGD,Bangladesh,1999,Bangladesh,4.4,1,1,1,1999.0,0,0
BGD,Bangladesh,2000,Bangladesh,4.4,1,1,1,2000.0,0,0
BGD,Bangladesh,2001,Bangladesh,78.25,1,1,1,2001.0,0,0
BGD,Bangladesh,2002,Bangladesh,103.41,1,1,1,2002.0,0,0
BGD,Bangladesh,2003,Bangladesh,117.8,1,1,1,2003.0,0,0
BGD,Bangladesh,2004,Bangladesh,161.54,1,1,1,2004.0,0,0
BGD,Bangladesh,2005,Bangladesh,17.24,1,1,1,2005.0,0,0
BGD,Bangladesh,2006,Bangladesh,86.39,1,1,1,2006.0,0,0
BGD,Bangladesh,2007,Bangladesh,259.55,1,1,1,2007.0,0,0
BGD,Bangladesh,2008,Bangladesh,535.84,1,1,1,2008.0,0,0
BGD,Bangladesh,2009,Bangladesh,7.32,1,1,1,2009.0,0,0
BGD,Bangladesh,2010,Bangladesh,256.31,1,1,1,2010.0,0,0
BGD,Bangladesh,2011,Bangladesh,16.46,1,1,1,2011.0,0,0
BGD,Bangladesh,2012,Bangladesh,63.37,1,1,1,2012.0,0,0
BGD,Bangladesh,2013,Bangladesh,26.68,1,1,1,2013.0,0,0
BGD,Bangladesh,2014,Bangladesh,8.87,1,1,1,2014.0,0,0
BGD,Bangladesh,2015,Bangladesh,0.0,0,1,1,2014.0,0,1
BGD,Bangladesh,2016,Bangladesh,0.0,0,1,1,2014.0,0,2
BGD,Bangladesh,2017,Bangladesh,0.0,0,1,1,2014.0,0,3
BGD,Bangladesh,2018,Bangladesh,0.0,0,1,1,2014.0,0,4
BGD,Bangladesh,2019,Bangladesh,0.0,0,1,1,2014.0,0,5
BGD,Bangladesh,2020,Bangladesh,0.0,0,0,1,2014.0,0,6
BGD,Bangladesh,2021,Bangladesh,0.0,0,0,1,2014.0,0,7
BGD,Bangladesh,2022,Bangladesh,0.0,0,0,1,2014.0,0,8
BGD,Bangladesh,2023,Bangladesh,969.0,1,0,1,2023.0,0,0
BGD,Bangladesh,2024,Bangladesh,1274.0,1,1,1,2024.0,0,0
BGR,Bulgaria,1960,Bulgaria,131.69,1,0,0,1960.0,0,0
BGR,Bulgaria,1961,Bulgaria,133.78,1,1,1,1961.0,0,0
BGR,Bulgaria,1962,Bulgaria,135.86,1,1,1,1962.0,0,0
BGR,Bulgaria,1963,Bulgaria,137.95,1,1,1,1963.0,0,0
BGR,Bulgaria,1964,Bulgaria,140.04,1,1,1,1964.0,0,0
BGR,Bulgaria,1965,Bulgaria,142.12,1,1,1,1965.0,0,0
BGR,Bulgaria,1966,Bulgaria,144.21,1,1,1,1966.0,0,0
BGR,Bulgaria,1967,Bulgaria,128.22,1,1,1,1967.0,0,0
BGR,Bulgaria,1968,Bulgaria,130.07,1,1,1,1968.0,0,0
BGR,Bulgaria,1969,Bulgaria,131.93,1,1,1,1969.0,0,0
BGR,Bulgaria,1970,Bulgaria,133.32,1,1,1,1970.0,0,0
BGR,Bulgaria,1971,Bulgaria,141.82,1,1,1,1971.0,0,0
BGR,Bulgaria,1972,Bulgaria,134.61,1,1,1,1972.0,0,0
BGR,Bulgaria,1973,Bulgaria,135.46,1,1,1,1973.0,0,0
BGR,Bulgaria,1974,Bulgaria,137.77,1,1,1,1974.0,0,0
BGR,Bulgaria,1975,Bulgaria,124.14,1,1,1,1975.0,0,0
BGR,Bulgaria,1976,Bulgaria,108.65,1,1,1,1976.0,0,0
BGR,Bulgaria,1977,Bulgaria,118.75,1,1,1,1977.0,0,0
BGR,Bulgaria,1978,Bulgaria,127.51,1,1,1,1978.0,0,0
BGR,Bulgaria,1979,Bulgaria,140.07,1,1,1,1979.0,0,0
BGR,Bulgaria,1980,Bulgaria,123.81,1,1,1,1980.0,0,0
BGR,Bulgaria,1981,Bulgaria,101.2,1,1,1,1981.0,0,0
BGR,Bulgaria,1982,Bulgaria,87.22,1,1,1,1982.0,0,0
BGR,Bulgaria,1983,Bulgaria,77.81,1,1,1,1983.0,0,0
BGR,Bulgaria,1984,Bulgaria,65.44,1,1,1,1984.0,0,0
BGR,Bulgaria,1985,Bulgaria,80.02,1,1,1,1985.0,0,0
BGR,Bulgaria,1986,Bulgaria,80.85,1,1,1,1986.0,0,0
BGR,Bulgaria,1987,Bulgaria,103.8,1,1,1,1987.0,0,0
BGR,Bulgaria,1988,Bulgaria,0.0,0,1,1,1987.0,0,1
BGR,Bulgaria,1989,Bulgaria,3.06,1,1,1,1989.0,0,0
BGR,Bulgaria,1990,Bulgaria,6484.85,1,1,1,1990.0,0,0
BGR,Bulgaria,1991,Bulgaria,7651.0,1,1,1,1991.0,0,0
BGR,Bulgaria,1992,Bulgaria,8235.3,1,1,1,1992.0,0,0
BGR,Bulgaria,1993,Bulgaria,8222.06,1,1,1,1993.0,0,0
BGR,Bulgaria,1994,Bulgaria,14448.0,1,1,1,1994.0,0,0
BGR,Bulgaria,1995,Bulgaria,348.03,1,1,1,1995.0,0,0
BGR,Bulgaria,1996,Bulgaria,231.7,1,1,1,1996.0,0,0
BGR,Bulgaria,1997,Bulgaria,514.56,1,1,1,1997.0,0,0
BGR,Bulgaria,1998,Bulgaria,267.3,1,1,1,1998.0,0,0
BGR,Bulgaria,1999,Bulgaria,337.15,1,1,1,1999.0,0,0
BGR,Bulgaria,2000,Bulgaria,18.1,1,1,1,2000.0,0,0
BGR,Bulgaria,2001,Bulgaria,226.59,1,1,1,2001.0,0,0
BGR,Bulgaria,2002,Bulgaria,22.74,1,1,1,2002.0,0,0
BGR,Bulgaria,2003,Bulgaria,4.51,1,1,1,2003.0,0,0
BGR,Bulgaria,2004,Bulgaria,38.6,1,1,1,2004.0,0,0
BGR,Bulgaria,2005,Bulgaria,72.17,1,1,1,2005.0,0,0
BGR,Bulgaria,2006,Bulgaria,14.25,1,1,1,2006.0,0,0
BGR,Bulgaria,2007,Bulgaria,19.61,1,1,1,2007.0,0,0
BGR,Bulgaria,2008,Bulgaria,86.32,1,1,1,2008.0,0,0
BGR,Bulgaria,2009,Bulgaria,122.89,1,1,1,2009.0,0,0
BGR,Bulgaria,2010,Bulgaria,0.0,0,1,1,2009.0,0,1
BGR,Bulgaria,2011,Bulgaria,0.0,0,1,1,2009.0,0,2
BGR,Bulgaria,2012,Bulgaria,0.0,0,1,1,2009.0,0,3
BGR,Bulgaria,2013,Bulgaria,0.95,1,1,1,2013.0,0,0
BGR,Bulgaria,2014,Bulgaria,0.03,1,1,1,2014.0,0,0
BGR,Bulgaria,2015,Bulgaria,0.0,0,1,1,2014.0,0,1
BGR,Bulgaria,2016,Bulgaria,0.0,0,1,1,2014.0,0,2
BGR,Bulgaria,2017,Bulgaria,0.0,0,1,1,2014.0,0,3
BGR,Bulgaria,2018,Bulgaria,0.0,0,1,1,2014.0,0,4
BGR,Bulgaria,2019,Bulgaria,0.0,0,1,1,2014.0,0,5
BGR,Bulgaria,2020,Bulgaria,0.0,0,0,1,2014.0,0,6
BGR,Bulgaria,2021,Bulgaria,0.0,0,0,1,2014.0,0,7
BGR,Bulgaria,2022,Bulgaria,0.01,1,0,1,2022.0,0,0
BGR,Bulgaria,2023,Bulgaria,0.0,0,1,1,2022.0,0,1
BGR,Bulgaria,2024,Bulgaria,0.0,0,1,1,2022.0,0,2
BHR,Bahrain,1960,,0.0,0,0,0,,1,1
BHR,Bahrain,1961,,0.0,0,0,0,,1,2
BHR,Bahrain,1962,,0.0,0,0,0,,1,3
BHR,Bahrain,1963,,0.0,0,0,0,,1,4
BHR,Bahrain,1964,,0.0,0,0,0,,1,5
BHR,Bahrain,1965,,0.0,0,0,0,,1,6
BHR,Bahrain,1966,,0.0,0,0,0,,1,7
BHR,Bahrain,1967,,0.0,0,0,0,,1,8
BHR,Bahrain,1968,,0.0,0,0,0,,1,9
BHR,Bahrain,1969,,0.0,0,0,0,,1,10
BHR,Bahrain,1970,,0.0,0,0,0,,1,11
BHR,Bahrain,1971,,0.0,0,0,0,,1,12
BHR,Bahrain,1972,,0.0,0,0,0,,1,13
BHR,Bahrain,1973,,0.0,0,0,0,,1,14
BHR,Bahrain,1974,,0.0,0,0,0,,1,15
BHR,Bahrain,1975,,0.0,0,0,0,,1,16
BHR,Bahrain,1976,,0.0,0,0,0,,1,17
BHR,Bahrain,1977,,0.0,0,0,0,,1,18
BHR,Bahrain,1978,,0.0,0,0,0,,1,19
BHR,Bahrain,1979,,0.0,0,0,0,,1,20
BHR,Bahrain,1980,,0.0,0,0,0,,1,21
BHR,Bahrain,1981,,0.0,0,0,0,,1,22
BHR,Bahrain,1982,,0.0,0,0,0,,1,23
BHR,Bahrain,1983,,0.0,0,0,0,,1,24
BHR,Bahrain,1984,,0.0,0,0,0,,1,25
BHR,Bahrain,1985,,0.0,0,0,0,,1,26
BHR,Bahrain,1986,,0.0,0,0,0,,1,27
BHR,Bahrain,1987,,0.0,0,0,0,,1,28
BHR,Bahrain,1988,,0.0,0,0,0,,1,29
BHR,Bahrain,1989,,0.0,0,0,0,,1,30
BHR,Bahrain,1990,,0.0,0,0,0,,1,31
BHR,Bahrain,1991,,0.0,0,0,0,,1,32
BHR,Bahrain,1992,,0.0,0,0,0,,1,33
BHR,Bahrain,1993,,0.0,0,0,0,,1,34
BHR,Bahrain,1994,,0.0,0,0,0,,1,35
BHR,Bahrain,1995,,0.0,0,0,0,,1,36
BHR,Bahrain,1996,,0.0,0,0,0,,1,37
BHR,Bahrain,1997,,0.0,0,0,0,,1,38
BHR,Bahrain,1998,,0.0,0,0,0,,1,39
BHR,Bahrain,1999,,0.0,0,0,0,,1,40
BHR,Bahrain,2000,,0.0,0,0,0,,1,41
BHR,Bahrain,2001,,0.0,0,0,0,,1,42
BHR,Bahrain,2002,,0.0,0,0,0,,1,43
BHR,Bahrain,2003,,0.0,0,0,0,,1,44
BHR,Bahrain,2004,,0.0,0,0,0,,1,45
BHR,Bahrain,2005,,0.0,0,0,0,,1,46
BHR,Bahrain,2006,,0.0,0,0,0,,1,47
BHR,Bahrain,2007,,0.0,0,0,0,,1,48
BHR,Bahrain,2008,,0.0,0,0,0,,1,49
BHR,Bahrain,2009,,0.0,0,0,0,,1,50
BHR,Bahrain,2010,,0.0,0,0,0,,1,51
BHR,Bahrain,2011,,0.0,0,0,0,,1,52
BHR,Bahrain,2012,,0.0,0,0,0,,1,53
BHR,Bahrain,2013,,0.0,0,0,0,,1,54
BHR,Bahrain,2014,,0.0,0,0,0,,1,55
BHR,Bahrain,2015,,0.0,0,0,0,,1,56
BHR,Bahrain,2016,,0.0,0,0,0,,1,57
BHR,Bahrain,2017,,0.0,0,0,0,,1,58
BHR,Bahrain,2018,,0.0,0,0,0,,1,59
BHR,Bahrain,2019,,0.0,0,0,0,,1,60
BHR,Bahrain,2020,,0.0,0,0,0,,1,61
BHR,Bahrain,2021,,0.0,0,0,0,,1,62
BHR,Bahrain,2022,,0.0,0,0,0,,1,63
BHR,Bahrain,2023,,0.0,0,0,0,,1,64
BHR,Bahrain,2024,,0.0,0,0,0,,1,65
BHS,"Bahamas, The",1960,Bahamas,0.0,0,0,0,,1,1
BHS,"Bahamas, The",1961,Bahamas,0.0,0,0,0,,1,2
BHS,"Bahamas, The",1962,Bahamas,0.0,0,0,0,,1,3
BHS,"Bahamas, The",1963,Bahamas,0.0,0,0,0,,1,4
BHS,"Bahamas, The",1964,Bahamas,0.0,0,0,0,,1,5
BHS,"Bahamas, The",1965,Bahamas,0.0,0,0,0,,1,6
BHS,"Bahamas, The",1966,Bahamas,0.0,0,0,0,,1,7
BHS,"Bahamas, The",1967,Bahamas,0.0,0,0,0,,1,8
BHS,"Bahamas, The",1968,Bahamas,0.0,0,0,0,,1,9
BHS,"Bahamas, The",1969,Bahamas,0.0,0,0,0,,1,10
BHS,"Bahamas, The",1970,Bahamas,0.0,0,0,0,,1,11
BHS,"Bahamas, The",1971,Bahamas,0.0,0,0,0,,1,12
BHS,"Bahamas, The",1972,Bahamas,0.0,0,0,0,,1,13
BHS,"Bahamas, The",1973,Bahamas,0.0,0,0,0,,1,14
BHS,"Bahamas, The",1974,Bahamas,0.0,0,0,0,,1,15
BHS,"Bahamas, The",1975,Bahamas,0.0,0,0,0,,1,16
BHS,"Bahamas, The",1976,Bahamas,0.0,0,0,0,,1,17
BHS,"Bahamas, The",1977,Bahamas,0.0,0,0,0,,1,18
BHS,"Bahamas, The",1978,Bahamas,0.0,0,0,0,,1,19
BHS,"Bahamas, The",1979,Bahamas,0.0,0,0,0,,1,20
BHS,"Bahamas, The",1980,Bahamas,0.0,0,0,0,,1,21
BHS,"Bahamas, The",1981,Bahamas,0.0,0,0,0,,1,22
BHS,"Bahamas, The",1982,Bahamas,0.0,0,0,0,,1,23
BHS,"Bahamas, The",1983,Bahamas,0.0,0,0,0,,1,24
BHS,"Bahamas, The",1984,Bahamas,0.0,0,0,0,,1,25
BHS,"Bahamas, The",1985,Bahamas,0.0,0,0,0,,1,26
BHS,"Bahamas, The",1986,Bahamas,0.0,0,0,0,,1,27
BHS,"Bahamas, The",1987,Bahamas,0.0,0,0,0,,1,28
BHS,"Bahamas, The",1988,Bahamas,0.0,0,0,0,,1,29
BHS,"Bahamas, The",1989,Bahamas,0.0,0,0,0,,1,30
BHS,"Bahamas, The",1990,Bahamas,0.0,0,0,0,,1,31
BHS,"Bahamas, The",1991,Bahamas,0.0,0,0,0,,1,32
BHS,"Bahamas, The",1992,Bahamas,0.0,0,0,0,,1,33
BHS,"Bahamas, The",1993,Bahamas,0.0,0,0,0,,1,34
BHS,"Bahamas, The",1994,Bahamas,0.0,0,0,0,,1,35
BHS,"Bahamas, The",1995,Bahamas,0.0,0,0,0,,1,36
BHS,"Bahamas, The",1996,Bahamas,0.0,0,0,0,,1,37
BHS,"Bahamas, The",1997,Bahamas,0.0,0,0,0,,1,38
BHS,"Bahamas, The",1998,Bahamas,0.0,0,0,0,,1,39
BHS,"Bahamas, The",1999,Bahamas,0.0,0,0,0,,1,40
BHS,"Bahamas, The",2000,Bahamas,0.0,0,0,0,,1,41
BHS,"Bahamas, The",2001,Bahamas,0.0,0,0,0,,1,42
BHS,"Bahamas, The",2002,Bahamas,0.0,0,0,0,,1,43
BHS,"Bahamas, The",2003,Bahamas,0.0,0,0,0,,1,44
BHS,"Bahamas, The",2004,Bahamas,0.0,0,0,0,,1,45
BHS,"Bahamas, The",2005,Bahamas,0.0,0,0,0,,1,46
BHS,"Bahamas, The",2006,Bahamas,0.0,0,0,0,,1,47
BHS,"Bahamas, The",2007,Bahamas,0.0,0,0,0,,1,48
BHS,"Bahamas, The",2008,Bahamas,0.0,0,0,0,,1,49
BHS,"Bahamas, The",2009,Bahamas,0.0,0,0,0,,1,50
BHS,"Bahamas, The",2010,Bahamas,0.0,0,0,0,,1,51
BHS,"Bahamas, The",2011,Bahamas,0.0,0,0,0,,1,52
BHS,"Bahamas, The",2012,Bahamas,0.0,0,0,0,,1,53
BHS,"Bahamas, The",2013,Bahamas,0.0,0,0,0,,1,54
BHS,"Bahamas, The",2014,Bahamas,0.0,0,0,0,,1,55
BHS,"Bahamas, The",2015,Bahamas,0.0,0,0,0,,1,56
BHS,"Bahamas, The",2016,Bahamas,0.0,0,0,0,,1,57
BHS,"Bahamas, The",2017,Bahamas,0.0,0,0,0,,1,58
BHS,"Bahamas, The",2018,Bahamas,0.0,0,0,0,,1,59
BHS,"Bahamas, The",2019,Bahamas,0.0,0,0,0,,1,60
BHS,"Bahamas, The",2020,Bahamas,0.0,0,0,0,,1,61
BHS,"Bahamas, The",2021,Bahamas,0.0,0,0,0,,1,62
BHS,"Bahamas, The",2022,Bahamas,0.0,0,0,0,,1,63
BHS,"Bahamas, The",2023,Bahamas,0.0,0,0,0,,1,64
BHS,"Bahamas, The",2024,Bahamas,0.0,0,0,0,,1,65
BIH,Bosnia and Herzegovina,1960,Bosnia & Herzegovina,0.0,0,0,0,,1,1
BIH,Bosnia and Herzegovina,1961,Bosnia & Herzegovina,0.0,0,0,0,,1,2
BIH,Bosnia and Herzegovina,1962,Bosnia & Herzegovina,0.0,0,0,0,,1,3
BIH,Bosnia and Herzegovina,1963,Bosnia & Herzegovina,0.0,0,0,0,,1,4
BIH,Bosnia and Herzegovina,1964,Bosnia & Herzegovina,0.0,0,0,0,,1,5
BIH,Bosnia and Herzegovina,1965,Bosnia & Herzegovina,0.0,0,0,0,,1,6
BIH,Bosnia and Herzegovina,1966,Bosnia & Herzegovina,0.0,0,0,0,,1,7
BIH,Bosnia and Herzegovina,1967,Bosnia & Herzegovina,0.0,0,0,0,,1,8
BIH,Bosnia and Herzegovina,1968,Bosnia & Herzegovina,0.0,0,0,0,,1,9
BIH,Bosnia and Herzegovina,1969,Bosnia & Herzegovina,0.0,0,0,0,,1,10
BIH,Bosnia and Herzegovina,1970,Bosnia & Herzegovina,0.0,0,0,0,,1,11
BIH,Bosnia and Herzegovina,1971,Bosnia & Herzegovina,0.0,0,0,0,,1,12
BIH,Bosnia and Herzegovina,1972,Bosnia & Herzegovina,0.0,0,0,0,,1,13
BIH,Bosnia and Herzegovina,1973,Bosnia & Herzegovina,0.0,0,0,0,,1,14
BIH,Bosnia and Herzegovina,1974,Bosnia & Herzegovina,0.0,0,0,0,,1,15
BIH,Bosnia and Herzegovina,1975,Bosnia & Herzegovina,0.0,0,0,0,,1,16
BIH,Bosnia and Herzegovina,1976,Bosnia & Herzegovina,0.0,0,0,0,,1,17
BIH,Bosnia and Herzegovina,1977,Bosnia & Herzegovina,0.0,0,0,0,,1,18
BIH,Bosnia and Herzegovina,1978,Bosnia & Herzegovina,0.0,0,0,0,,1,19
BIH,Bosnia and Herzegovina,1979,Bosnia & Herzegovina,0.0,0,0,0,,1,20
BIH,Bosnia and Herzegovina,1980,Bosnia & Herzegovina,0.0,0,0,0,,1,21
BIH,Bosnia and Herzegovina,1981,Bosnia & Herzegovina,0.0,0,0,0,,1,22
BIH,Bosnia and Herzegovina,1982,Bosnia & Herzegovina,0.0,0,0,0,,1,23
BIH,Bosnia and Herzegovina,1983,Bosnia & Herzegovina,0.0,0,0,0,,1,24
BIH,Bosnia and Herzegovina,1984,Bosnia & Herzegovina,0.0,0,0,0,,1,25
BIH,Bosnia and Herzegovina,1985,Bosnia & Herzegovina,0.0,0,0,0,,1,26
BIH,Bosnia and Herzegovina,1986,Bosnia & Herzegovina,0.0,0,0,0,,1,27
BIH,Bosnia and Herzegovina,1987,Bosnia & Herzegovina,0.0,0,0,0,,1,28
BIH,Bosnia and Herzegovina,1988,Bosnia & Herzegovina,0.0,0,0,0,,1,29
BIH,Bosnia and Herzegovina,1989,Bosnia & Herzegovina,0.0,0,0,0,,1,30
BIH,Bosnia and Herzegovina,1990,Bosnia & Herzegovina,0.0,0,0,0,,1,31
BIH,Bosnia and Herzegovina,1991,Bosnia & Herzegovina,0.0,0,0,0,,1,32
BIH,Bosnia and Herzegovina,1992,Bosnia & Herzegovina,975.78,1,0,0,1992.0,0,0
BIH,Bosnia and Herzegovina,1993,Bosnia & Herzegovina,1110.13,1,1,1,1993.0,0,0
BIH,Bosnia and Herzegovina,1994,Bosnia & Herzegovina,1181.36,1,1,1,1994.0,0,0
BIH,Bosnia and Herzegovina,1995,Bosnia & Herzegovina,2326.06,1,1,1,1995.0,0,0
BIH,Bosnia and Herzegovina,1996,Bosnia & Herzegovina,2493.0,1,1,1,1996.0,0,0
BIH,Bosnia and Herzegovina,1997,Bosnia & Herzegovina,2552.0,1,1,1,1997.0,0,0
BIH,Bosnia and Herzegovina,1998,Bosnia & Herzegovina,1192.0,1,1,1,1998.0,0,0
BIH,Bosnia and Herzegovina,1999,Bosnia & Herzegovina,1349.12,1,1,1,1999.0,0,0
BIH,Bosnia and Herzegovina,2000,Bosnia & Herzegovina,584.24,1,1,1,2000.0,0,0
BIH,Bosnia and Herzegovina,2001,Bosnia & Herzegovina,0.0,0,1,1,2000.0,0,1
BIH,Bosnia and Herzegovina,2002,Bosnia & Herzegovina,1.69,1,1,1,2002.0,0,0
BIH,Bosnia and Herzegovina,2003,Bosnia & Herzegovina,0.0,0,1,1,2002.0,0,1
BIH,Bosnia and Herzegovina,2004,Bosnia & Herzegovina,0.0,0,1,1,2002.0,0,2
BIH,Bosnia and Herzegovina,2005,Bosnia & Herzegovina,0.0,0,1,1,2002.0,0,3
BIH,Bosnia and Herzegovina,2006,Bosnia & Herzegovina,0.0,0,1,1,2002.0,0,4
BIH,Bosnia and Herzegovina,2007,Bosnia & Herzegovina,0.0,0,1,1,2002.0,0,5
BIH,Bosnia and Herzegovina,2008,Bosnia & Herzegovina,0.0,0,0,1,2002.0,0,6
BIH,Bosnia and Herzegovina,2009,Bosnia & Herzegovina,27.56,1,0,1,2009.0,0,0
BIH,Bosnia and Herzegovina,2010,Bosnia & Herzegovina,0.0,0,1,1,2009.0,0,1
BIH,Bosnia and Herzegovina,2011,Bosnia & Herzegovina,0.0,0,1,1,2009.0,0,2
BIH,Bosnia and Herzegovina,2012,Bosnia & Herzegovina,0.0,0,1,1,2009.0,0,3
BIH,Bosnia and Herzegovina,2013,Bosnia & Herzegovina,0.0,0,1,1,2009.0,0,4
BIH,Bosnia and Herzegovina,2014,Bosnia & Herzegovina,0.0,0,1,1,2009.0,0,5
BIH,Bosnia and Herzegovina,2015,Bosnia & Herzegovina,0.0,0,0,1,2009.0,0,6
BIH,Bosnia and Herzegovina,2016,Bosnia & Herzegovina,0.6,1,0,1,2016.0,0,0
BIH,Bosnia and Herzegovina,2017,Bosnia & Herzegovina,14.48,1,1,1,2017.0,0,0
BIH,Bosnia and Herzegovina,2018,Bosnia & Herzegovina,0.0,0,1,1,2017.0,0,1
BIH,Bosnia and Herzegovina,2019,Bosnia & Herzegovina,0.0,0,1,1,2017.0,0,2
BIH,Bosnia and Herzegovina,2020,Bosnia & Herzegovina,45.66,1,1,1,2020.0,0,0
BIH,Bosnia and Herzegovina,2021,Bosnia & Herzegovina,0.0,0,1,1,2020.0,0,1
BIH,Bosnia and Herzegovina,2022,Bosnia & Herzegovina,0.0,0,1,1,2020.0,0,2
BIH,Bosnia and Herzegovina,2023,Bosnia & Herzegovina,0.0,0,1,1,2020.0,0,3
BIH,Bosnia and Herzegovina,2024,Bosnia & Herzegovina,0.0,0,1,1,2020.0,0,4
BLR,Belarus,1960,Belarus,0.0,0,0,0,,1,1
BLR,Belarus,1961,Belarus,0.0,0,0,0,,1,2
BLR,Belarus,1962,Belarus,0.0,0,0,0,,1,3
BLR,Belarus,1963,Belarus,0.0,0,0,0,,1,4
BLR,Belarus,1964,Belarus,0.0,0,0,0,,1,5
BLR,Belarus,1965,Belarus,0.0,0,0,0,,1,6
BLR,Belarus,1966,Belarus,0.0,0,0,0,,1,7
BLR,Belarus,1967,Belarus,0.0,0,0,0,,1,8
BLR,Belarus,1968,Belarus,0.0,0,0,0,,1,9
BLR,Belarus,1969,Belarus,0.0,0,0,0,,1,10
BLR,Belarus,1970,Belarus,0.0,0,0,0,,1,11
BLR,Belarus,1971,Belarus,0.0,0,0,0,,1,12
BLR,Belarus,1972,Belarus,0.0,0,0,0,,1,13
BLR,Belarus,1973,Belarus,0.0,0,0,0,,1,14
BLR,Belarus,1974,Belarus,0.0,0,0,0,,1,15
BLR,Belarus,1975,Belarus,0.0,0,0,0,,1,16
BLR,Belarus,1976,Belarus,0.0,0,0,0,,1,17
BLR,Belarus,1977,Belarus,0.0,0,0,0,,1,18
BLR,Belarus,1978,Belarus,0.0,0,0,0,,1,19
BLR,Belarus,1979,Belarus,0.0,0,0,0,,1,20
BLR,Belarus,1980,Belarus,0.0,0,0,0,,1,21
BLR,Belarus,1981,Belarus,0.0,0,0,0,,1,22
BLR,Belarus,1982,Belarus,0.0,0,0,0,,1,23
BLR,Belarus,1983,Belarus,0.0,0,0,0,,1,24
BLR,Belarus,1984,Belarus,0.0,0,0,0,,1,25
BLR,Belarus,1985,Belarus,0.0,0,0,0,,1,26
BLR,Belarus,1986,Belarus,0.0,0,0,0,,1,27
BLR,Belarus,1987,Belarus,0.0,0,0,0,,1,28
BLR,Belarus,1988,Belarus,0.0,0,0,0,,1,29
BLR,Belarus,1989,Belarus,0.0,0,0,0,,1,30
BLR,Belarus,1990,Belarus,0.0,0,0,0,,1,31
BLR,Belarus,1991,Belarus,0.0,0,0,0,,1,32
BLR,Belarus,1992,Belarus,0.0,0,0,0,,1,33
BLR,Belarus,1993,Belarus,6.93,1,0,0,1993.0,0,0
BLR,Belarus,1994,Belarus,149.76,1,1,1,1994.0,0,0
BLR,Belarus,1995,Belarus,644.5,1,1,1,1995.0,0,0
BLR,Belarus,1996,Belarus,315.75,1,1,1,1996.0,0,0
BLR,Belarus,1997,Belarus,158.1,1,1,1,1997.0,0,0
BLR,Belarus,1998,Belarus,453.07,1,1,1,1998.0,0,0
BLR,Belarus,1999,Belarus,400.96,1,1,1,1999.0,0,0
BLR,Belarus,2000,Belarus,464.41,1,1,1,2000.0,0,0
BLR,Belarus,2001,Belarus,242.95,1,1,1,2001.0,0,0
BLR,Belarus,2002,Belarus,210.9,1,1,1,2002.0,0,0
BLR,Belarus,2003,Belarus,193.53,1,1,1,2003.0,0,0
BLR,Belarus,2004,Belarus,167.51,1,1,1,2004.0,0,0
BLR,Belarus,2005,Belarus,137.64,1,1,1,2005.0,0,0
BLR,Belarus,2006,Belarus,26.32,1,1,1,2006.0,0,0
BLR,Belarus,2007,Belarus,11.9,1,1,1,2007.0,0,0
BLR,Belarus,2008,Belarus,5.48,1,1,1,2008.0,0,0
BLR,Belarus,2009,Belarus,37.06,1,1,1,2009.0,0,0
BLR,Belarus,2010,Belarus,10.64,1,1,1,2010.0,0,0
BLR,Belarus,2011,Belarus,16.1,1,1,1,2011.0,0,0
BLR,Belarus,2012,Belarus,12.23,1,1,1,2012.0,0,0
BLR,Belarus,2013,Belarus,12.46,1,1,1,2013.0,0,0
BLR,Belarus,2014,Belarus,15.22,1,1,1,2014.0,0,0
BLR,Belarus,2015,Belarus,14.52,1,1,1,2015.0,0,0
BLR,Belarus,2016,Belarus,11.49,1,1,1,2016.0,0,0
BLR,Belarus,2017,Belarus,11.61,1,1,1,2017.0,0,0
BLR,Belarus,2018,Belarus,12.16,1,1,1,2018.0,0,0
BLR,Belarus,2019,Belarus,14.63,1,1,1,2019.0,0,0
BLR,Belarus,2020,Belarus,218.5,1,1,1,2020.0,0,0
BLR,Belarus,2021,Belarus,0.0,0,1,1,2020.0,0,1
BLR,Belarus,2022,Belarus,13493.5,1,1,1,2022.0,0,0
BLR,Belarus,2023,Belarus,14197.0,1,1,1,2023.0,0,0
BLR,Belarus,2024,Belarus,15039.0,1,1,1,2024.0,0,0
BLZ,Belize,1960,Belize,0.0,0,0,0,,1,1
BLZ,Belize,1961,Belize,0.0,0,0,0,,1,2
BLZ,Belize,1962,Belize,0.0,0,0,0,,1,3
BLZ,Belize,1963,Belize,0.0,0,0,0,,1,4
BLZ,Belize,1964,Belize,0.0,0,0,0,,1,5
BLZ,Belize,1965,Belize,0.0,0,0,0,,1,6
BLZ,Belize,1966,Belize,0.0,0,0,0,,1,7
BLZ,Belize,1967,Belize,0.0,0,0,0,,1,8
BLZ,Belize,1968,Belize,0.0,0,0,0,,1,9
BLZ,Belize,1969,Belize,0.0,0,0,0,,1,10
BLZ,Belize,1970,Belize,0.0,0,0,0,,1,11
BLZ,Belize,1971,Belize,0.0,0,0,0,,1,12
BLZ,Belize,1972,Belize,0.0,0,0,0,,1,13
BLZ,Belize,1973,Belize,0.0,0,0,0,,1,14
BLZ,Belize,1974,Belize,0.0,0,0,0,,1,15
BLZ,Belize,1975,Belize,0.0,0,0,0,,1,16
BLZ,Belize,1976,Belize,0.0,0,0,0,,1,17
BLZ,Belize,1977,Belize,0.0,0,0,0,,1,18
BLZ,Belize,1978,Belize,0.0,0,0,0,,1,19
BLZ,Belize,1979,Belize,0.0,0,0,0,,1,20
BLZ,Belize,1980,Belize,0.0,0,0,0,,1,21
BLZ,Belize,1981,Belize,0.2,1,0,0,1981.0,0,0
BLZ,Belize,1982,Belize,0.47,1,1,1,1982.0,0,0
BLZ,Belize,1983,Belize,3.23,1,1,1,1983.0,0,0
BLZ,Belize,1984,Belize,6.14,1,1,1,1984.0,0,0
BLZ,Belize,1985,Belize,3.09,1,1,1,1985.0,0,0
BLZ,Belize,1986,Belize,2.7,1,1,1,1986.0,0,0
BLZ,Belize,1987,Belize,2.46,1,1,1,1987.0,0,0
BLZ,Belize,1988,Belize,3.56,1,1,1,1988.0,0,0
BLZ,Belize,1989,Belize,2.64,1,1,1,1989.0,0,0
BLZ,Belize,1990,Belize,12.01,1,1,1,1990.0,0,0
BLZ,Belize,1991,Belize,1.76,1,1,1,1991.0,0,0
BLZ,Belize,1992,Belize,3.05,1,1,1,1992.0,0,0
BLZ,Belize,1993,Belize,4.72,1,1,1,1993.0,0,0
BLZ,Belize,1994,Belize,8.27,1,1,1,1994.0,0,0
BLZ,Belize,1995,Belize,1.55,1,1,1,1995.0,0,0
BLZ,Belize,1996,Belize,1.18,1,1,1,1996.0,0,0
BLZ,Belize,1997,Belize,0.01,1,1,1,1997.0,0,0
BLZ,Belize,1998,Belize,0.0,0,1,1,1997.0,0,1
BLZ,Belize,1999,Belize,0.0,0,1,1,1997.0,0,2
BLZ,Belize,2000,Belize,0.0,0,1,1,1997.0,0,3
BLZ,Belize,2001,Belize,0.01,1,1,1,2001.0,0,0
BLZ,Belize,2002,Belize,1.9,1,1,1,2002.0,0,0
BLZ,Belize,2003,Belize,0.98,1,1,1,2003.0,0,0
BLZ,Belize,2004,Belize,1.31,1,1,1,2004.0,0,0
BLZ,Belize,2005,Belize,8.72,1,1,1,2005.0,0,0
BLZ,Belize,2006,Belize,555.13,1,1,1,2006.0,0,0
BLZ,Belize,2007,Belize,558.27,1,1,1,2007.0,0,0
BLZ,Belize,2008,Belize,14.77,1,1,1,2008.0,0,0
BLZ,Belize,2009,Belize,10.76,1,1,1,2009.0,0,0
BLZ,Belize,2010,Belize,7.81,1,1,1,2010.0,0,0
BLZ,Belize,2011,Belize,8.27,1,1,1,2011.0,0,0
BLZ,Belize,2012,Belize,550.2,1,1,1,2012.0,0,0
BLZ,Belize,2013,Belize,1105.05,1,1,1,2013.0,0,0
BLZ,Belize,2014,Belize,6.03,1,1,1,2014.0,0,0
BLZ,Belize,2015,Belize,7.28,1,1,1,2015.0,0,0
BLZ,Belize,2016,Belize,530.1,1,1,1,2016.0,0,0
BLZ,Belize,2017,Belize,532.93,1,1,1,2017.0,0,0
BLZ,Belize,2018,Belize,13.52,1,1,1,2018.0,0,0
BLZ,Belize,2019,Belize,22.73,1,1,1,2019.0,0,0
BLZ,Belize,2020,Belize,55.6,1,1,1,2020.0,0,0
BLZ,Belize,2021,Belize,606.55,1,1,1,2021.0,0,0
BLZ,Belize,2022,Belize,56.0,1,1,1,2022.0,0,0
BLZ,Belize,2023,Belize,11.0,1,1,1,2023.0,0,0
BLZ,Belize,2024,Belize,10.0,1,1,1,2024.0,0,0
BMU,Bermuda,1960,,0.0,0,0,0,,1,1
BMU,Bermuda,1961,,0.0,0,0,0,,1,2
BMU,Bermuda,1962,,0.0,0,0,0,,1,3
BMU,Bermuda,1963,,0.0,0,0,0,,1,4
BMU,Bermuda,1964,,0.0,0,0,0,,1,5
BMU,Bermuda,1965,,0.0,0,0,0,,1,6
BMU,Bermuda,1966,,0.0,0,0,0,,1,7
BMU,Bermuda,1967,,0.0,0,0,0,,1,8
BMU,Bermuda,1968,,0.0,0,0,0,,1,9
BMU,Bermuda,1969,,0.0,0,0,0,,1,10
BMU,Bermuda,1970,,0.0,0,0,0,,1,11
BMU,Bermuda,1971,,0.0,0,0,0,,1,12
BMU,Bermuda,1972,,0.0,0,0,0,,1,13
BMU,Bermuda,1973,,0.0,0,0,0,,1,14
BMU,Bermuda,1974,,0.0,0,0,0,,1,15
BMU,Bermuda,1975,,0.0,0,0,0,,1,16
BMU,Bermuda,1976,,0.0,0,0,0,,1,17
BMU,Bermuda,1977,,0.0,0,0,0,,1,18
BMU,Bermuda,1978,,0.0,0,0,0,,1,19
BMU,Bermuda,1979,,0.0,0,0,0,,1,20
BMU,Bermuda,1980,,0.0,0,0,0,,1,21
BMU,Bermuda,1981,,0.0,0,0,0,,1,22
BMU,Bermuda,1982,,0.0,0,0,0,,1,23
BMU,Bermuda,1983,,0.0,0,0,0,,1,24
BMU,Bermuda,1984,,0.0,0,0,0,,1,25
BMU,Bermuda,1985,,0.0,0,0,0,,1,26
BMU,Bermuda,1986,,0.0,0,0,0,,1,27
BMU,Bermuda,1987,,0.0,0,0,0,,1,28
BMU,Bermuda,1988,,0.0,0,0,0,,1,29
BMU,Bermuda,1989,,0.0,0,0,0,,1,30
BMU,Bermuda,1990,,0.0,0,0,0,,1,31
BMU,Bermuda,1991,,0.0,0,0,0,,1,32
BMU,Bermuda,1992,,0.0,0,0,0,,1,33
BMU,Bermuda,1993,,0.0,0,0,0,,1,34
BMU,Bermuda,1994,,0.0,0,0,0,,1,35
BMU,Bermuda,1995,,0.0,0,0,0,,1,36
BMU,Bermuda,1996,,0.0,0,0,0,,1,37
BMU,Bermuda,1997,,0.0,0,0,0,,1,38
BMU,Bermuda,1998,,0.0,0,0,0,,1,39
BMU,Bermuda,1999,,0.0,0,0,0,,1,40
BMU,Bermuda,2000,,0.0,0,0,0,,1,41
BMU,Bermuda,2001,,0.0,0,0,0,,1,42
BMU,Bermuda,2002,,0.0,0,0,0,,1,43
BMU,Bermuda,2003,,0.0,0,0,0,,1,44
BMU,Bermuda,2004,,0.0,0,0,0,,1,45
BMU,Bermuda,2005,,0.0,0,0,0,,1,46
BMU,Bermuda,2006,,0.0,0,0,0,,1,47
BMU,Bermuda,2007,,0.0,0,0,0,,1,48
BMU,Bermuda,2008,,0.0,0,0,0,,1,49
BMU,Bermuda,2009,,0.0,0,0,0,,1,50
BMU,Bermuda,2010,,0.0,0,0,0,,1,51
BMU,Bermuda,2011,,0.0,0,0,0,,1,52
BMU,Bermuda,2012,,0.0,0,0,0,,1,53
BMU,Bermuda,2013,,0.0,0,0,0,,1,54
BMU,Bermuda,2014,,0.0,0,0,0,,1,55
BMU,Bermuda,2015,,0.0,0,0,0,,1,56
BMU,Bermuda,2016,,0.0,0,0,0,,1,57
BMU,Bermuda,2017,,0.0,0,0,0,,1,58
BMU,Bermuda,2018,,0.0,0,0,0,,1,59
BMU,Bermuda,2019,,0.0,0,0,0,,1,60
BMU,Bermuda,2020,,0.0,0,0,0,,1,61
BMU,Bermuda,2021,,0.0,0,0,0,,1,62
BMU,Bermuda,2022,,0.0,0,0,0,,1,63
BMU,Bermuda,2023,,0.0,0,0,0,,1,64
BMU,Bermuda,2024,,0.0,0,0,0,,1,65
BOL,Bolivia,1960,Bolivia,116.55,1,0,0,1960.0,0,0
BOL,Bolivia,1961,Bolivia,121.19,1,1,1,1961.0,0,0
BOL,Bolivia,1962,Bolivia,97.83,1,1,1,1962.0,0,0
BOL,Bolivia,1963,Bolivia,102.78,1,1,1,1963.0,0,0
BOL,Bolivia,1964,Bolivia,106.12,1,1,1,1964.0,0,0
BOL,Bolivia,1965,Bolivia,109.76,1,1,1,1965.0,0,0
BOL,Bolivia,1966,Bolivia,112.4,1,1,1,1966.0,0,0
BOL,Bolivia,1967,Bolivia,72.05,1,1,1,1967.0,0,0
BOL,Bolivia,1968,Bolivia,74.69,1,1,1,1968.0,0,0
BOL,Bolivia,1969,Bolivia,77.33,1,1,1,1969.0,0,0
BOL,Bolivia,1970,Bolivia,3.0,1,1,1,1970.0,0,0
BOL,Bolivia,1971,Bolivia,5.3,1,1,1,1971.0,0,0
BOL,Bolivia,1972,Bolivia,4.13,1,1,1,1972.0,0,0
BOL,Bolivia,1973,Bolivia,6.38,1,1,1,1973.0,0,0
BOL,Bolivia,1974,Bolivia,5.42,1,1,1,1974.0,0,0
BOL,Bolivia,1975,Bolivia,5.22,1,1,1,1975.0,0,0
BOL,Bolivia,1976,Bolivia,5.22,1,1,1,1976.0,0,0
BOL,Bolivia,1977,Bolivia,5.22,1,1,1,1977.0,0,0
BOL,Bolivia,1978,Bolivia,6.66,1,1,1,1978.0,0,0
BOL,Bolivia,1979,Bolivia,26.69,1,1,1,1979.0,0,0
BOL,Bolivia,1980,Bolivia,196.2,1,1,1,1980.0,0,0
BOL,Bolivia,1981,Bolivia,558.16,1,1,1,1981.0,0,0
BOL,Bolivia,1982,Bolivia,438.08,1,1,1,1982.0,0,0
BOL,Bolivia,1983,Bolivia,735.15,1,1,1,1983.0,0,0
BOL,Bolivia,1984,Bolivia,586.73,1,1,1,1984.0,0,0
BOL,Bolivia,1985,Bolivia,891.36,1,1,1,1985.0,0,0
BOL,Bolivia,1986,Bolivia,2268.41,1,1,1,1986.0,0,0
BOL,Bolivia,1987,Bolivia,2157.83,1,1,1,1987.0,0,0
BOL,Bolivia,1988,Bolivia,958.55,1,1,1,1988.0,0,0
BOL,Bolivia,1989,Bolivia,1255.88,1,1,1,1989.0,0,0
BOL,Bolivia,1990,Bolivia,560.51,1,1,1,1990.0,0,0
BOL,Bolivia,1991,Bolivia,800.74,1,1,1,1991.0,0,0
BOL,Bolivia,1992,Bolivia,424.43,1,1,1,1992.0,0,0
BOL,Bolivia,1993,Bolivia,555.67,1,1,1,1993.0,0,0
BOL,Bolivia,1994,Bolivia,168.56,1,1,1,1994.0,0,0
BOL,Bolivia,1995,Bolivia,1402.92,1,1,1,1995.0,0,0
BOL,Bolivia,1996,Bolivia,709.13,1,1,1,1996.0,0,0
BOL,Bolivia,1997,Bolivia,442.04,1,1,1,1997.0,0,0
BOL,Bolivia,1998,Bolivia,570.38,1,1,1,1998.0,0,0
BOL,Bolivia,1999,Bolivia,76.2,1,1,1,1999.0,0,0
BOL,Bolivia,2000,Bolivia,67.1,1,1,1,2000.0,0,0
BOL,Bolivia,2001,Bolivia,685.0,1,1,1,2001.0,0,0
BOL,Bolivia,2002,Bolivia,65.33,1,1,1,2002.0,0,0
BOL,Bolivia,2003,Bolivia,55.66,1,1,1,2003.0,0,0
BOL,Bolivia,2004,Bolivia,85.82,1,1,1,2004.0,0,0
BOL,Bolivia,2005,Bolivia,65.09,1,1,1,2005.0,0,0
BOL,Bolivia,2006,Bolivia,1775.37,1,1,1,2006.0,0,0
BOL,Bolivia,2007,Bolivia,1174.78,1,1,1,2007.0,0,0
BOL,Bolivia,2008,Bolivia,19.3,1,1,1,2008.0,0,0
BOL,Bolivia,2009,Bolivia,85.31,1,1,1,2009.0,0,0
BOL,Bolivia,2010,Bolivia,0.0,0,1,1,2009.0,0,1
BOL,Bolivia,2011,Bolivia,0.0,0,1,1,2009.0,0,2
BOL,Bolivia,2012,Bolivia,0.0,0,1,1,2009.0,0,3
BOL,Bolivia,2013,Bolivia,0.0,0,1,1,2009.0,0,4
BOL,Bolivia,2014,Bolivia,0.44,1,1,1,2014.0,0,0
BOL,Bolivia,2015,Bolivia,3.1,1,1,1,2015.0,0,0
BOL,Bolivia,2016,Bolivia,0.0,0,1,1,2015.0,0,1
BOL,Bolivia,2017,Bolivia,1.73,1,1,1,2017.0,0,0
BOL,Bolivia,2018,Bolivia,0.0,0,1,1,2017.0,0,1
BOL,Bolivia,2019,Bolivia,0.0,0,1,1,2017.0,0,2
BOL,Bolivia,2020,Bolivia,2.08,1,1,1,2020.0,0,0
BOL,Bolivia,2021,Bolivia,0.14,1,1,1,2021.0,0,0
BOL,Bolivia,2022,Bolivia,0.24,1,1,1,2022.0,0,0
BOL,Bolivia,2023,Bolivia,0.43,1,1,1,2023.0,0,0
BOL,Bolivia,2024,Bolivia,0.43,1,1,1,2024.0,0,0
BRA,Brazil,1960,Brazil,48.0,1,0,0,1960.0,0,0
BRA,Brazil,1961,Brazil,811.6,1,1,1,1961.0,0,0
BRA,Brazil,1962,Brazil,43.5,1,1,1,1962.0,0,0
BRA,Brazil,1963,Brazil,112.0,1,1,1,1963.0,0,0
BRA,Brazil,1964,Brazil,416.0,1,1,1,1964.0,0,0
BRA,Brazil,1965,Brazil,43.0,1,1,1,1965.0,0,0
BRA,Brazil,1966,Brazil,0.0,0,1,1,1965.0,0,1
BRA,Brazil,1967,Brazil,0.0,0,1,1,1965.0,0,2
BRA,Brazil,1968,Brazil,0.0,0,1,1,1965.0,0,3
BRA,Brazil,1969,Brazil,0.0,0,1,1,1965.0,0,4
BRA,Brazil,1970,Brazil,0.0,0,1,1,1965.0,0,5
BRA,Brazil,1971,Brazil,20.8,1,0,1,1971.0,0,0
BRA,Brazil,1972,Brazil,35.0,1,1,1,1972.0,0,0
BRA,Brazil,1973,Brazil,40.8,1,1,1,1973.0,0,0
BRA,Brazil,1974,Brazil,39.8,1,1,1,1974.0,0,0
BRA,Brazil,1975,Brazil,47.37,1,1,1,1975.0,0,0
BRA,Brazil,1976,Brazil,62.83,1,1,1,1976.0,0,0
BRA,Brazil,1977,Brazil,137.89,1,1,1,1977.0,0,0
BRA,Brazil,1978,Brazil,286.38,1,1,1,1978.0,0,0
BRA,Brazil,1979,Brazil,352.69,1,1,1,1979.0,0,0
BRA,Brazil,1980,Brazil,411.44,1,1,1,1980.0,0,0
BRA,Brazil,1981,Brazil,439.48,1,1,1,1981.0,0,0
BRA,Brazil,1982,Brazil,441.3,1,1,1,1982.0,0,0
BRA,Brazil,1983,Brazil,28266.53,1,1,1,1983.0,0,0
BRA,Brazil,1984,Brazil,26641.56,1,1,1,1984.0,0,0
BRA,Brazil,1985,Brazil,17329.88,1,1,1,1985.0,0,0
BRA,Brazil,1986,Brazil,54301.69,1,1,1,1986.0,0,0
BRA,Brazil,1987,Brazil,98751.7,1,1,1,1987.0,0,0
BRA,Brazil,1988,Brazil,68315.1,1,1,1,1988.0,0,0
BRA,Brazil,1989,Brazil,85564.52,1,1,1,1989.0,0,0
BRA,Brazil,1990,Brazil,148584.7,1,1,1,1990.0,0,0
BRA,Brazil,1991,Brazil,91440.6,1,1,1,1991.0,0,0
BRA,Brazil,1992,Brazil,31888.5,1,1,1,1992.0,0,0
BRA,Brazil,1993,Brazil,63096.48,1,1,1,1993.0,0,0
BRA,Brazil,1994,Brazil,92622.26,1,1,1,1994.0,0,0
BRA,Brazil,1995,Brazil,5450.46,1,1,1,1995.0,0,0
BRA,Brazil,1996,Brazil,4901.75,1,1,1,1996.0,0,0
BRA,Brazil,1997,Brazil,10851.41,1,1,1,1997.0,0,0
BRA,Brazil,1998,Brazil,3561.11,1,1,1,1998.0,0,0
BRA,Brazil,1999,Brazil,10647.55,1,1,1,1999.0,0,0
BRA,Brazil,2000,Brazil,14955.63,1,1,1,2000.0,0,0
BRA,Brazil,2001,Brazil,0.0,0,1,1,2000.0,0,1
BRA,Brazil,2002,Brazil,0.0,0,1,1,2000.0,0,2
BRA,Brazil,2003,Brazil,0.2,1,1,1,2003.0,0,0
BRA,Brazil,2004,Brazil,0.02,1,1,1,2004.0,0,0
BRA,Brazil,2005,Brazil,4274.21,1,1,1,2005.0,0,0
BRA,Brazil,2006,Brazil,104.84,1,1,1,2006.0,0,0
BRA,Brazil,2007,Brazil,24.1,1,1,1,2007.0,0,0
BRA,Brazil,2008,Brazil,56.43,1,1,1,2008.0,0,0
BRA,Brazil,2009,Brazil,47.9,1,1,1,2009.0,0,0
BRA,Brazil,2010,Brazil,83.76,1,1,1,2010.0,0,0
BRA,Brazil,2011,Brazil,1.9,1,1,1,2011.0,0,0
BRA,Brazil,2012,Brazil,1.47,1,1,1,2012.0,0,0
BRA,Brazil,2013,Brazil,102.53,1,1,1,2013.0,0,0
BRA,Brazil,2014,Brazil,649.41,1,1,1,2014.0,0,0
BRA,Brazil,2015,Brazil,40.64,1,1,1,2015.0,0,0
BRA,Brazil,2016,Brazil,5.99,1,1,1,2016.0,0,0
BRA,Brazil,2017,Brazil,21.42,1,1,1,2017.0,0,0
BRA,Brazil,2018,Brazil,38175.3,1,1,1,2018.0,0,0
BRA,Brazil,2019,Brazil,13.51,1,1,1,2019.0,0,0
BRA,Brazil,2020,Brazil,8.77,1,1,1,2020.0,0,0
BRA,Brazil,2021,Brazil,8.56,1,1,1,2021.0,0,0
BRA,Brazil,2022,Brazil,12564.3,1,1,1,2022.0,0,0
BRA,Brazil,2023,Brazil,429.0,1,1,1,2023.0,0,0
BRA,Brazil,2024,Brazil,250.0,1,1,1,2024.0,0,0
BRB,Barbados,1960,Barbados,0.0,0,0,0,,1,1
BRB,Barbados,1961,Barbados,0.0,0,0,0,,1,2
BRB,Barbados,1962,Barbados,0.0,0,0,0,,1,3
BRB,Barbados,1963,Barbados,0.0,0,0,0,,1,4
BRB,Barbados,1964,Barbados,0.0,0,0,0,,1,5
BRB,Barbados,1965,Barbados,0.0,0,0,0,,1,6
BRB,Barbados,1966,Barbados,0.0,0,0,0,,1,7
BRB,Barbados,1967,Barbados,0.0,0,0,0,,1,8
BRB,Barbados,1968,Barbados,0.0,0,0,0,,1,9
BRB,Barbados,1969,Barbados,0.0,0,0,0,,1,10
BRB,Barbados,1970,Barbados,0.0,0,0,0,,1,11
BRB,Barbados,1971,Barbados,0.0,0,0,0,,1,12
BRB,Barbados,1972,Barbados,0.0,0,0,0,,1,13
BRB,Barbados,1973,Barbados,0.0,0,0,0,,1,14
BRB,Barbados,1974,Barbados,0.0,0,0,0,,1,15
BRB,Barbados,1975,Barbados,0.0,0,0,0,,1,16
BRB,Barbados,1976,Barbados,0.0,0,0,0,,1,17
BRB,Barbados,1977,Barbados,0.0,0,0,0,,1,18
BRB,Barbados,1978,Barbados,0.0,0,0,0,,1,19
BRB,Barbados,1979,Barbados,0.0,0,0,0,,1,20
BRB,Barbados,1980,Barbados,0.0,0,0,0,,1,21
BRB,Barbados,1981,Barbados,0.0,0,0,0,,1,22
BRB,Barbados,1982,Barbados,0.0,0,0,0,,1,23
BRB,Barbados,1983,Barbados,0.0,0,0,0,,1,24
BRB,Barbados,1984,Barbados,0.0,0,0,0,,1,25
BRB,Barbados,1985,Barbados,0.0,0,0,0,,1,26
BRB,Barbados,1986,Barbados,0.0,0,0,0,,1,27
BRB,Barbados,1987,Barbados,0.0,0,0,0,,1,28
BRB,Barbados,1988,Barbados,0.0,0,0,0,,1,29
BRB,Barbados,1989,Barbados,0.0,0,0,0,,1,30
BRB,Barbados,1990,Barbados,0.0,0,0,0,,1,31
BRB,Barbados,1991,Barbados,0.0,0,0,0,,1,32
BRB,Barbados,1992,Barbados,0.0,0,0,0,,1,33
BRB,Barbados,1993,Barbados,0.0,0,0,0,,1,34
BRB,Barbados,1994,Barbados,0.0,0,0,0,,1,35
BRB,Barbados,1995,Barbados,0.0,0,0,0,,1,36
BRB,Barbados,1996,Barbados,0.0,0,0,0,,1,37
BRB,Barbados,1997,Barbados,0.0,0,0,0,,1,38
BRB,Barbados,1998,Barbados,0.0,0,0,0,,1,39
BRB,Barbados,1999,Barbados,0.0,0,0,0,,1,40
BRB,Barbados,2000,Barbados,0.0,0,0,0,,1,41
BRB,Barbados,2001,Barbados,0.0,0,0,0,,1,42
BRB,Barbados,2002,Barbados,0.0,0,0,0,,1,43
BRB,Barbados,2003,Barbados,0.0,0,0,0,,1,44
BRB,Barbados,2004,Barbados,0.0,0,0,0,,1,45
BRB,Barbados,2005,Barbados,0.0,0,0,0,,1,46
BRB,Barbados,2006,Barbados,0.0,0,0,0,,1,47
BRB,Barbados,2007,Barbados,0.0,0,0,0,,1,48
BRB,Barbados,2008,Barbados,0.0,0,0,0,,1,49
BRB,Barbados,2009,Barbados,0.0,0,0,0,,1,50
BRB,Barbados,2010,Barbados,0.0,0,0,0,,1,51
BRB,Barbados,2011,Barbados,0.0,0,0,0,,1,52
BRB,Barbados,2012,Barbados,0.0,0,0,0,,1,53
BRB,Barbados,2013,Barbados,0.0,0,0,0,,1,54
BRB,Barbados,2014,Barbados,0.0,0,0,0,,1,55
BRB,Barbados,2015,Barbados,0.0,0,0,0,,1,56
BRB,Barbados,2016,Barbados,0.0,0,0,0,,1,57
BRB,Barbados,2017,Barbados,0.0,0,0,0,,1,58
BRB,Barbados,2018,Barbados,6960.4,1,0,0,2018.0,0,0
BRB,Barbados,2019,Barbados,1101.4,1,1,1,2019.0,0,0
BRB,Barbados,2020,Barbados,25.0,1,1,1,2020.0,0,0
BRB,Barbados,2021,Barbados,0.0,0,1,1,2020.0,0,1
BRB,Barbados,2022,Barbados,150.5,1,1,1,2022.0,0,0
BRB,Barbados,2023,Barbados,0.0,0,1,1,2022.0,0,1
BRB,Barbados,2024,Barbados,0.0,0,1,1,2022.0,0,2
BRN,Brunei Darussalam,1960,,0.0,0,0,0,,1,1
BRN,Brunei Darussalam,1961,,0.0,0,0,0,,1,2
BRN,Brunei Darussalam,1962,,0.0,0,0,0,,1,3
BRN,Brunei Darussalam,1963,,0.0,0,0,0,,1,4
BRN,Brunei Darussalam,1964,,0.0,0,0,0,,1,5
BRN,Brunei Darussalam,1965,,0.0,0,0,0,,1,6
BRN,Brunei Darussalam,1966,,0.0,0,0,0,,1,7
BRN,Brunei Darussalam,1967,,0.0,0,0,0,,1,8
BRN,Brunei Darussalam,1968,,0.0,0,0,0,,1,9
BRN,Brunei Darussalam,1969,,0.0,0,0,0,,1,10
BRN,Brunei Darussalam,1970,,0.0,0,0,0,,1,11
BRN,Brunei Darussalam,1971,,0.0,0,0,0,,1,12
BRN,Brunei Darussalam,1972,,0.0,0,0,0,,1,13
BRN,Brunei Darussalam,1973,,0.0,0,0,0,,1,14
BRN,Brunei Darussalam,1974,,0.0,0,0,0,,1,15
BRN,Brunei Darussalam,1975,,0.0,0,0,0,,1,16
BRN,Brunei Darussalam,1976,,0.0,0,0,0,,1,17
BRN,Brunei Darussalam,1977,,0.0,0,0,0,,1,18
BRN,Brunei Darussalam,1978,,0.0,0,0,0,,1,19
BRN,Brunei Darussalam,1979,,0.0,0,0,0,,1,20
BRN,Brunei Darussalam,1980,,0.0,0,0,0,,1,21
BRN,Brunei Darussalam,1981,,0.0,0,0,0,,1,22
BRN,Brunei Darussalam,1982,,0.0,0,0,0,,1,23
BRN,Brunei Darussalam,1983,,0.0,0,0,0,,1,24
BRN,Brunei Darussalam,1984,,0.0,0,0,0,,1,25
BRN,Brunei Darussalam,1985,,0.0,0,0,0,,1,26
BRN,Brunei Darussalam,1986,,0.0,0,0,0,,1,27
BRN,Brunei Darussalam,1987,,0.0,0,0,0,,1,28
BRN,Brunei Darussalam,1988,,0.0,0,0,0,,1,29
BRN,Brunei Darussalam,1989,,0.0,0,0,0,,1,30
BRN,Brunei Darussalam,1990,,0.0,0,0,0,,1,31
BRN,Brunei Darussalam,1991,,0.0,0,0,0,,1,32
BRN,Brunei Darussalam,1992,,0.0,0,0,0,,1,33
BRN,Brunei Darussalam,1993,,0.0,0,0,0,,1,34
BRN,Brunei Darussalam,1994,,0.0,0,0,0,,1,35
BRN,Brunei Darussalam,1995,,0.0,0,0,0,,1,36
BRN,Brunei Darussalam,1996,,0.0,0,0,0,,1,37
BRN,Brunei Darussalam,1997,,0.0,0,0,0,,1,38
BRN,Brunei Darussalam,1998,,0.0,0,0,0,,1,39
BRN,Brunei Darussalam,1999,,0.0,0,0,0,,1,40
BRN,Brunei Darussalam,2000,,0.0,0,0,0,,1,41
BRN,Brunei Darussalam,2001,,0.0,0,0,0,,1,42
BRN,Brunei Darussalam,2002,,0.0,0,0,0,,1,43
BRN,Brunei Darussalam,2003,,0.0,0,0,0,,1,44
BRN,Brunei Darussalam,2004,,0.0,0,0,0,,1,45
BRN,Brunei Darussalam,2005,,0.0,0,0,0,,1,46
BRN,Brunei Darussalam,2006,,0.0,0,0,0,,1,47
BRN,Brunei Darussalam,2007,,0.0,0,0,0,,1,48
BRN,Brunei Darussalam,2008,,0.0,0,0,0,,1,49
BRN,Brunei Darussalam,2009,,0.0,0,0,0,,1,50
BRN,Brunei Darussalam,2010,,0.0,0,0,0,,1,51
BRN,Brunei Darussalam,2011,,0.0,0,0,0,,1,52
BRN,Brunei Darussalam,2012,,0.0,0,0,0,,1,53
BRN,Brunei Darussalam,2013,,0.0,0,0,0,,1,54
BRN,Brunei Darussalam,2014,,0.0,0,0,0,,1,55
BRN,Brunei Darussalam,2015,,0.0,0,0,0,,1,56
BRN,Brunei Darussalam,2016,,0.0,0,0,0,,1,57
BRN,Brunei Darussalam,2017,,0.0,0,0,0,,1,58
BRN,Brunei Darussalam,2018,,0.0,0,0,0,,1,59
BRN,Brunei Darussalam,2019,,0.0,0,0,0,,1,60
BRN,Brunei Darussalam,2020,,0.0,0,0,0,,1,61
BRN,Brunei Darussalam,2021,,0.0,0,0,0,,1,62
BRN,Brunei Darussalam,2022,,0.0,0,0,0,,1,63
BRN,Brunei Darussalam,2023,,0.0,0,0,0,,1,64
BRN,Brunei Darussalam,2024,,0.0,0,0,0,,1,65
BTN,Bhutan,1960,Bhutan,0.0,0,0,0,,1,1
BTN,Bhutan,1961,Bhutan,0.0,0,0,0,,1,2
BTN,Bhutan,1962,Bhutan,0.0,0,0,0,,1,3
BTN,Bhutan,1963,Bhutan,0.0,0,0,0,,1,4
BTN,Bhutan,1964,Bhutan,0.0,0,0,0,,1,5
BTN,Bhutan,1965,Bhutan,0.0,0,0,0,,1,6
BTN,Bhutan,1966,Bhutan,0.0,0,0,0,,1,7
BTN,Bhutan,1967,Bhutan,0.0,0,0,0,,1,8
BTN,Bhutan,1968,Bhutan,0.0,0,0,0,,1,9
BTN,Bhutan,1969,Bhutan,0.0,0,0,0,,1,10
BTN,Bhutan,1970,Bhutan,0.0,0,0,0,,1,11
BTN,Bhutan,1971,Bhutan,0.0,0,0,0,,1,12
BTN,Bhutan,1972,Bhutan,0.0,0,0,0,,1,13
BTN,Bhutan,1973,Bhutan,0.0,0,0,0,,1,14
BTN,Bhutan,1974,Bhutan,0.0,0,0,0,,1,15
BTN,Bhutan,1975,Bhutan,0.0,0,0,0,,1,16
BTN,Bhutan,1976,Bhutan,0.0,0,0,0,,1,17
BTN,Bhutan,1977,Bhutan,0.0,0,0,0,,1,18
BTN,Bhutan,1978,Bhutan,0.0,0,0,0,,1,19
BTN,Bhutan,1979,Bhutan,0.0,0,0,0,,1,20
BTN,Bhutan,1980,Bhutan,0.0,0,0,0,,1,21
BTN,Bhutan,1981,Bhutan,0.0,0,0,0,,1,22
BTN,Bhutan,1982,Bhutan,0.0,0,0,0,,1,23
BTN,Bhutan,1983,Bhutan,0.0,0,0,0,,1,24
BTN,Bhutan,1984,Bhutan,0.0,0,0,0,,1,25
BTN,Bhutan,1985,Bhutan,0.0,0,0,0,,1,26
BTN,Bhutan,1986,Bhutan,0.0,0,0,0,,1,27
BTN,Bhutan,1987,Bhutan,0.0,0,0,0,,1,28
BTN,Bhutan,1988,Bhutan,0.0,0,0,0,,1,29
BTN,Bhutan,1989,Bhutan,0.0,0,0,0,,1,30
BTN,Bhutan,1990,Bhutan,1.72,1,0,0,1990.0,0,0
BTN,Bhutan,1991,Bhutan,3.54,1,1,1,1991.0,0,0
BTN,Bhutan,1992,Bhutan,3.49,1,1,1,1992.0,0,0
BTN,Bhutan,1993,Bhutan,2.84,1,1,1,1993.0,0,0
BTN,Bhutan,1994,Bhutan,2.03,1,1,1,1994.0,0,0
BTN,Bhutan,1995,Bhutan,0.81,1,1,1,1995.0,0,0
BTN,Bhutan,1996,Bhutan,0.28,1,1,1,1996.0,0,0
BTN,Bhutan,1997,Bhutan,0.0,0,1,1,1996.0,0,1
BTN,Bhutan,1998,Bhutan,0.0,0,1,1,1996.0,0,2
BTN,Bhutan,1999,Bhutan,0.0,0,1,1,1996.0,0,3
BTN,Bhutan,2000,Bhutan,0.0,0,1,1,1996.0,0,4
BTN,Bhutan,2001,Bhutan,0.0,0,1,1,1996.0,0,5
BTN,Bhutan,2002,Bhutan,0.0,0,0,1,1996.0,0,6
BTN,Bhutan,2003,Bhutan,0.0,0,0,1,1996.0,0,7
BTN,Bhutan,2004,Bhutan,0.0,0,0,1,1996.0,0,8
BTN,Bhutan,2005,Bhutan,8.62,1,0,1,2005.0,0,0
BTN,Bhutan,2006,Bhutan,0.0,0,1,1,2005.0,0,1
BTN,Bhutan,2007,Bhutan,0.0,0,1,1,2005.0,0,2
BTN,Bhutan,2008,Bhutan,0.0,0,1,1,2005.0,0,3
BTN,Bhutan,2009,Bhutan,0.0,0,1,1,2005.0,0,4
BTN,Bhutan,2010,Bhutan,0.0,0,1,1,2005.0,0,5
BTN,Bhutan,2011,Bhutan,0.0,0,0,1,2005.0,0,6
BTN,Bhutan,2012,Bhutan,0.0,0,0,1,2005.0,0,7
BTN,Bhutan,2013,Bhutan,0.0,0,0,1,2005.0,0,8
BTN,Bhutan,2014,Bhutan,0.0,0,0,1,2005.0,0,9
BTN,Bhutan,2015,Bhutan,0.0,0,0,1,2005.0,0,10
BTN,Bhutan,2016,Bhutan,0.0,0,0,0,2005.0,0,11
BTN,Bhutan,2017,Bhutan,0.0,0,0,0,2005.0,0,12
BTN,Bhutan,2018,Bhutan,0.0,0,0,0,2005.0,0,13
BTN,Bhutan,2019,Bhutan,0.0,0,0,0,2005.0,0,14
BTN,Bhutan,2020,Bhutan,0.0,0,0,0,2005.0,0,15
BTN,Bhutan,2021,Bhutan,0.0,0,0,0,2005.0,0,16
BTN,Bhutan,2022,Bhutan,0.0,0,0,0,2005.0,0,17
BTN,Bhutan,2023,Bhutan,0.0,0,0,0,2005.0,0,18
BTN,Bhutan,2024,Bhutan,0.0,0,0,0,2005.0,0,19
BWA,Botswana,1960,Botswana,0.0,0,0,0,,1,1
BWA,Botswana,1961,Botswana,0.0,0,0,0,,1,2
BWA,Botswana,1962,Botswana,0.0,0,0,0,,1,3
BWA,Botswana,1963,Botswana,0.0,0,0,0,,1,4
BWA,Botswana,1964,Botswana,0.0,0,0,0,,1,5
BWA,Botswana,1965,Botswana,0.0,0,0,0,,1,6
BWA,Botswana,1966,Botswana,0.0,0,0,0,,1,7
BWA,Botswana,1967,Botswana,0.0,0,0,0,,1,8
BWA,Botswana,1968,Botswana,0.0,0,0,0,,1,9
BWA,Botswana,1969,Botswana,0.0,0,0,0,,1,10
BWA,Botswana,1970,Botswana,0.0,0,0,0,,1,11
BWA,Botswana,1971,Botswana,0.0,0,0,0,,1,12
BWA,Botswana,1972,Botswana,0.0,0,0,0,,1,13
BWA,Botswana,1973,Botswana,0.0,0,0,0,,1,14
BWA,Botswana,1974,Botswana,0.0,0,0,0,,1,15
BWA,Botswana,1975,Botswana,0.0,0,0,0,,1,16
BWA,Botswana,1976,Botswana,0.0,0,0,0,,1,17
BWA,Botswana,1977,Botswana,0.0,0,0,0,,1,18
BWA,Botswana,1978,Botswana,0.0,0,0,0,,1,19
BWA,Botswana,1979,Botswana,0.27,1,0,0,1979.0,0,0
BWA,Botswana,1980,Botswana,0.0,0,1,1,1979.0,0,1
BWA,Botswana,1981,Botswana,0.0,0,1,1,1979.0,0,2
BWA,Botswana,1982,Botswana,0.0,0,1,1,1979.0,0,3
BWA,Botswana,1983,Botswana,0.0,0,1,1,1979.0,0,4
BWA,Botswana,1984,Botswana,0.0,0,1,1,1979.0,0,5
BWA,Botswana,1985,Botswana,0.0,0,0,1,1979.0,0,6
BWA,Botswana,1986,Botswana,0.11,1,0,1,1986.0,0,0
BWA,Botswana,1987,Botswana,1.81,1,1,1,1987.0,0,0
BWA,Botswana,1988,Botswana,0.98,1,1,1,1988.0,0,0
BWA,Botswana,1989,Botswana,2.65,1,1,1,1989.0,0,0
BWA,Botswana,1990,Botswana,7.27,1,1,1,1990.0,0,0
BWA,Botswana,1991,Botswana,9.12,1,1,1,1991.0,0,0
BWA,Botswana,1992,Botswana,12.7,1,1,1,1992.0,0,0
BWA,Botswana,1993,Botswana,13.59,1,1,1,1993.0,0,0
BWA,Botswana,1994,Botswana,22.06,1,1,1,1994.0,0,0
BWA,Botswana,1995,Botswana,16.86,1,1,1,1995.0,0,0
BWA,Botswana,1996,Botswana,1.63,1,1,1,1996.0,0,0
BWA,Botswana,1997,Botswana,2.06,1,1,1,1997.0,0,0
BWA,Botswana,1998,Botswana,4.19,1,1,1,1998.0,0,0
BWA,Botswana,1999,Botswana,4.2,1,1,1,1999.0,0,0
BWA,Botswana,2000,Botswana,4.86,1,1,1,2000.0,0,0
BWA,Botswana,2001,Botswana,3.83,1,1,1,2001.0,0,0
BWA,Botswana,2002,Botswana,1.44,1,1,1,2002.0,0,0
BWA,Botswana,2003,Botswana,2.84,1,1,1,2003.0,0,0
BWA,Botswana,2004,Botswana,1.01,1,1,1,2004.0,0,0
BWA,Botswana,2005,Botswana,5.49,1,1,1,2005.0,0,0
BWA,Botswana,2006,Botswana,27.58,1,1,1,2006.0,0,0
BWA,Botswana,2007,Botswana,0.0,0,1,1,2006.0,0,1
BWA,Botswana,2008,Botswana,0.02,1,1,1,2008.0,0,0
BWA,Botswana,2009,Botswana,0.43,1,1,1,2009.0,0,0
BWA,Botswana,2010,Botswana,0.0,0,1,1,2009.0,0,1
BWA,Botswana,2011,Botswana,0.0,0,1,1,2009.0,0,2
BWA,Botswana,2012,Botswana,0.0,0,1,1,2009.0,0,3
BWA,Botswana,2013,Botswana,0.0,0,1,1,2009.0,0,4
BWA,Botswana,2014,Botswana,0.0,0,1,1,2009.0,0,5
BWA,Botswana,2015,Botswana,0.0,0,0,1,2009.0,0,6
BWA,Botswana,2016,Botswana,0.0,0,0,1,2009.0,0,7
BWA,Botswana,2017,Botswana,0.0,0,0,1,2009.0,0,8
BWA,Botswana,2018,Botswana,8.03,1,0,1,2018.0,0,0
BWA,Botswana,2019,Botswana,0.0,0,1,1,2018.0,0,1
BWA,Botswana,2020,Botswana,0.0,0,1,1,2018.0,0,2
BWA,Botswana,2021,Botswana,0.0,0,1,1,2018.0,0,3
BWA,Botswana,2022,Botswana,0.0,0,1,1,2018.0,0,4
BWA,Botswana,2023,Botswana,0.0,0,1,1,2018.0,0,5
BWA,Botswana,2024,Botswana,0.0,0,0,1,2018.0,0,6
CAF,Central African Republic,1960,Central African Republic,0.0,0,0,0,,1,1
CAF,Central African Republic,1961,Central African Republic,0.0,0,0,0,,1,2
CAF,Central African Republic,1962,Central African Republic,0.0,0,0,0,,1,3
CAF,Central African Republic,1963,Central African Republic,0.0,0,0,0,,1,4
CAF,Central African Republic,1964,Central African Republic,0.0,0,0,0,,1,5
CAF,Central African Republic,1965,Central African Republic,0.0,0,0,0,,1,6
CAF,Central African Republic,1966,Central African Republic,0.0,0,0,0,,1,7
CAF,Central African Republic,1967,Central African Republic,0.0,0,0,0,,1,8
CAF,Central African Republic,1968,Central African Republic,0.0,0,0,0,,1,9
CAF,Central African Republic,1969,Central African Republic,0.0,0,0,0,,1,10
CAF,Central African Republic,1970,Central African Republic,0.39,1,0,0,1970.0,0,0
CAF,Central African Republic,1971,Central African Republic,1.43,1,1,1,1971.0,0,0
CAF,Central African Republic,1972,Central African Republic,2.86,1,1,1,1972.0,0,0
CAF,Central African Republic,1973,Central African Republic,5.04,1,1,1,1973.0,0,0
CAF,Central African Republic,1974,Central African Republic,7.88,1,1,1,1974.0,0,0
CAF,Central African Republic,1975,Central African Republic,13.45,1,1,1,1975.0,0,0
CAF,Central African Republic,1976,Central African Republic,21.88,1,1,1,1976.0,0,0
CAF,Central African Republic,1977,Central African Republic,29.24,1,1,1,1977.0,0,0
CAF,Central African Republic,1978,Central African Republic,30.72,1,1,1,1978.0,0,0
CAF,Central African Republic,1979,Central African Republic,38.33,1,1,1,1979.0,0,0
CAF,Central African Republic,1980,Central African Republic,54.13,1,1,1,1980.0,0,0
CAF,Central African Republic,1981,Central African Republic,37.6,1,1,1,1981.0,0,0
CAF,Central African Republic,1982,Central African Republic,33.72,1,1,1,1982.0,0,0
CAF,Central African Republic,1983,Central African Republic,18.62,1,1,1,1983.0,0,0
CAF,Central African Republic,1984,Central African Republic,7.58,1,1,1,1984.0,0,0
CAF,Central African Republic,1985,Central African Republic,31.57,1,1,1,1985.0,0,0
CAF,Central African Republic,1986,Central African Republic,3.8,1,1,1,1986.0,0,0
CAF,Central African Republic,1987,Central African Republic,14.43,1,1,1,1987.0,0,0
CAF,Central African Republic,1988,Central African Republic,60.37,1,1,1,1988.0,0,0
CAF,Central African Republic,1989,Central African Republic,57.7,1,1,1,1989.0,0,0
CAF,Central African Republic,1990,Central African Republic,203.52,1,1,1,1990.0,0,0
CAF,Central African Republic,1991,Central African Republic,58.81,1,1,1,1991.0,0,0
CAF,Central African Republic,1992,Central African Republic,78.94,1,1,1,1992.0,0,0
CAF,Central African Republic,1993,Central African Republic,112.02,1,1,1,1993.0,0,0
CAF,Central African Republic,1994,Central African Republic,179.08,1,1,1,1994.0,0,0
CAF,Central African Republic,1995,Central African Republic,118.72,1,1,1,1995.0,0,0
CAF,Central African Republic,1996,Central African Republic,135.1,1,1,1,1996.0,0,0
CAF,Central African Republic,1997,Central African Republic,142.72,1,1,1,1997.0,0,0
CAF,Central African Republic,1998,Central African Republic,210.45,1,1,1,1998.0,0,0
CAF,Central African Republic,1999,Central African Republic,187.89,1,1,1,1999.0,0,0
CAF,Central African Republic,2000,Central African Republic,175.44,1,1,1,2000.0,0,0
CAF,Central African Republic,2001,Central African Republic,172.97,1,1,1,2001.0,0,0
CAF,Central African Republic,2002,Central African Republic,235.79,1,1,1,2002.0,0,0
CAF,Central African Republic,2003,Central African Republic,335.8,1,1,1,2003.0,0,0
CAF,Central African Republic,2004,Central African Republic,395.38,1,1,1,2004.0,0,0
CAF,Central African Republic,2005,Central African Republic,434.54,1,1,1,2005.0,0,0
CAF,Central African Republic,2006,Central African Republic,434.87,1,1,1,2006.0,0,0
CAF,Central African Republic,2007,Central African Republic,357.55,1,1,1,2007.0,0,0
CAF,Central African Republic,2008,Central African Republic,319.6,1,1,1,2008.0,0,0
CAF,Central African Republic,2009,Central African Republic,873.24,1,1,1,2009.0,0,0
CAF,Central African Republic,2010,Central African Republic,307.57,1,1,1,2010.0,0,0
CAF,Central African Republic,2011,Central African Republic,241.81,1,1,1,2011.0,0,0
CAF,Central African Republic,2012,Central African Republic,247.18,1,1,1,2012.0,0,0
CAF,Central African Republic,2013,Central African Republic,262.2,1,1,1,2013.0,0,0
CAF,Central African Republic,2014,Central African Republic,260.23,1,1,1,2014.0,0,0
CAF,Central African Republic,2015,Central African Republic,274.08,1,1,1,2015.0,0,0
CAF,Central African Republic,2016,Central African Republic,282.54,1,1,1,2016.0,0,0
CAF,Central African Republic,2017,Central African Republic,280.75,1,1,1,2017.0,0,0
CAF,Central African Republic,2018,Central African Republic,252.07,1,1,1,2018.0,0,0
CAF,Central African Republic,2019,Central African Republic,256.95,1,1,1,2019.0,0,0
CAF,Central African Republic,2020,Central African Republic,238.1,1,1,1,2020.0,0,0
CAF,Central African Republic,2021,Central African Republic,220.79,1,1,1,2021.0,0,0
CAF,Central African Republic,2022,Central African Republic,216.63,1,1,1,2022.0,0,0
CAF,Central African Republic,2023,Central African Republic,230.0,1,1,1,2023.0,0,0
CAF,Central African Republic,2024,Central African Republic,236.0,1,1,1,2024.0,0,0
CAN,Canada,1960,,0.0,0,0,0,,1,1
CAN,Canada,1961,,0.0,0,0,0,,1,2
CAN,Canada,1962,,0.0,0,0,0,,1,3
CAN,Canada,1963,,0.0,0,0,0,,1,4
CAN,Canada,1964,,0.0,0,0,0,,1,5
CAN,Canada,1965,,0.0,0,0,0,,1,6
CAN,Canada,1966,,0.0,0,0,0,,1,7
CAN,Canada,1967,,0.0,0,0,0,,1,8
CAN,Canada,1968,,0.0,0,0,0,,1,9
CAN,Canada,1969,,0.0,0,0,0,,1,10
CAN,Canada,1970,,0.0,0,0,0,,1,11
CAN,Canada,1971,,0.0,0,0,0,,1,12
CAN,Canada,1972,,0.0,0,0,0,,1,13
CAN,Canada,1973,,0.0,0,0,0,,1,14
CAN,Canada,1974,,0.0,0,0,0,,1,15
CAN,Canada,1975,,0.0,0,0,0,,1,16
CAN,Canada,1976,,0.0,0,0,0,,1,17
CAN,Canada,1977,,0.0,0,0,0,,1,18
CAN,Canada,1978,,0.0,0,0,0,,1,19
CAN,Canada,1979,,0.0,0,0,0,,1,20
CAN,Canada,1980,,0.0,0,0,0,,1,21
CAN,Canada,1981,,0.0,0,0,0,,1,22
CAN,Canada,1982,,0.0,0,0,0,,1,23
CAN,Canada,1983,,0.0,0,0,0,,1,24
CAN,Canada,1984,,0.0,0,0,0,,1,25
CAN,Canada,1985,,0.0,0,0,0,,1,26
CAN,Canada,1986,,0.0,0,0,0,,1,27
CAN,Canada,1987,,0.0,0,0,0,,1,28
CAN,Canada,1988,,0.0,0,0,0,,1,29
CAN,Canada,1989,,0.0,0,0,0,,1,30
CAN,Canada,1990,,0.0,0,0,0,,1,31
CAN,Canada,1991,,0.0,0,0,0,,1,32
CAN,Canada,1992,,0.0,0,0,0,,1,33
CAN,Canada,1993,,0.0,0,0,0,,1,34
CAN,Canada,1994,,0.0,0,0,0,,1,35
CAN,Canada,1995,,0.0,0,0,0,,1,36
CAN,Canada,1996,,0.0,0,0,0,,1,37
CAN,Canada,1997,,0.0,0,0,0,,1,38
CAN,Canada,1998,,0.0,0,0,0,,1,39
CAN,Canada,1999,,0.0,0,0,0,,1,40
CAN,Canada,2000,,0.0,0,0,0,,1,41
CAN,Canada,2001,,0.0,0,0,0,,1,42
CAN,Canada,2002,,0.0,0,0,0,,1,43
CAN,Canada,2003,,0.0,0,0,0,,1,44
CAN,Canada,2004,,0.0,0,0,0,,1,45
CAN,Canada,2005,,0.0,0,0,0,,1,46
CAN,Canada,2006,,0.0,0,0,0,,1,47
CAN,Canada,2007,,0.0,0,0,0,,1,48
CAN,Canada,2008,,0.0,0,0,0,,1,49
CAN,Canada,2009,,0.0,0,0,0,,1,50
CAN,Canada,2010,,0.0,0,0,0,,1,51
CAN,Canada,2011,,0.0,0,0,0,,1,52
CAN,Canada,2012,,0.0,0,0,0,,1,53
CAN,Canada,2013,,0.0,0,0,0,,1,54
CAN,Canada,2014,,0.0,0,0,0,,1,55
CAN,Canada,2015,,0.0,0,0,0,,1,56
CAN,Canada,2016,,0.0,0,0,0,,1,57
CAN,Canada,2017,,0.0,0,0,0,,1,58
CAN,Canada,2018,,0.0,0,0,0,,1,59
CAN,Canada,2019,,0.0,0,0,0,,1,60
CAN,Canada,2020,,0.0,0,0,0,,1,61
CAN,Canada,2021,,0.0,0,0,0,,1,62
CAN,Canada,2022,,0.0,0,0,0,,1,63
CAN,Canada,2023,,0.0,0,0,0,,1,64
CAN,Canada,2024,,0.0,0,0,0,,1,65
CHE,Switzerland,1960,,0.0,0,0,0,,1,1
CHE,Switzerland,1961,,0.0,0,0,0,,1,2
CHE,Switzerland,1962,,0.0,0,0,0,,1,3
CHE,Switzerland,1963,,0.0,0,0,0,,1,4
CHE,Switzerland,1964,,0.0,0,0,0,,1,5
CHE,Switzerland,1965,,0.0,0,0,0,,1,6
CHE,Switzerland,1966,,0.0,0,0,0,,1,7
CHE,Switzerland,1967,,0.0,0,0,0,,1,8
CHE,Switzerland,1968,,0.0,0,0,0,,1,9
CHE,Switzerland,1969,,0.0,0,0,0,,1,10
CHE,Switzerland,1970,,0.0,0,0,0,,1,11
CHE,Switzerland,1971,,0.0,0,0,0,,1,12
CHE,Switzerland,1972,,0.0,0,0,0,,1,13
CHE,Switzerland,1973,,0.0,0,0,0,,1,14
CHE,Switzerland,1974,,0.0,0,0,0,,1,15
CHE,Switzerland,1975,,0.0,0,0,0,,1,16
CHE,Switzerland,1976,,0.0,0,0,0,,1,17
CHE,Switzerland,1977,,0.0,0,0,0,,1,18
CHE,Switzerland,1978,,0.0,0,0,0,,1,19
CHE,Switzerland,1979,,0.0,0,0,0,,1,20
CHE,Switzerland,1980,,0.0,0,0,0,,1,21
CHE,Switzerland,1981,,0.0,0,0,0,,1,22
CHE,Switzerland,1982,,0.0,0,0,0,,1,23
CHE,Switzerland,1983,,0.0,0,0,0,,1,24
CHE,Switzerland,1984,,0.0,0,0,0,,1,25
CHE,Switzerland,1985,,0.0,0,0,0,,1,26
CHE,Switzerland,1986,,0.0,0,0,0,,1,27
CHE,Switzerland,1987,,0.0,0,0,0,,1,28
CHE,Switzerland,1988,,0.0,0,0,0,,1,29
CHE,Switzerland,1989,,0.0,0,0,0,,1,30
CHE,Switzerland,1990,,0.0,0,0,0,,1,31
CHE,Switzerland,1991,,0.0,0,0,0,,1,32
CHE,Switzerland,1992,,0.0,0,0,0,,1,33
CHE,Switzerland,1993,,0.0,0,0,0,,1,34
CHE,Switzerland,1994,,0.0,0,0,0,,1,35
CHE,Switzerland,1995,,0.0,0,0,0,,1,36
CHE,Switzerland,1996,,0.0,0,0,0,,1,37
CHE,Switzerland,1997,,0.0,0,0,0,,1,38
CHE,Switzerland,1998,,0.0,0,0,0,,1,39
CHE,Switzerland,1999,,0.0,0,0,0,,1,40
CHE,Switzerland,2000,,0.0,0,0,0,,1,41
CHE,Switzerland,2001,,0.0,0,0,0,,1,42
CHE,Switzerland,2002,,0.0,0,0,0,,1,43
CHE,Switzerland,2003,,0.0,0,0,0,,1,44
CHE,Switzerland,2004,,0.0,0,0,0,,1,45
CHE,Switzerland,2005,,0.0,0,0,0,,1,46
CHE,Switzerland,2006,,0.0,0,0,0,,1,47
CHE,Switzerland,2007,,0.0,0,0,0,,1,48
CHE,Switzerland,2008,,0.0,0,0,0,,1,49
CHE,Switzerland,2009,,0.0,0,0,0,,1,50
CHE,Switzerland,2010,,0.0,0,0,0,,1,51
CHE,Switzerland,2011,,0.0,0,0,0,,1,52
CHE,Switzerland,2012,,0.0,0,0,0,,1,53
CHE,Switzerland,2013,,0.0,0,0,0,,1,54
CHE,Switzerland,2014,,0.0,0,0,0,,1,55
CHE,Switzerland,2015,,0.0,0,0,0,,1,56
CHE,Switzerland,2016,,0.0,0,0,0,,1,57
CHE,Switzerland,2017,,0.0,0,0,0,,1,58
CHE,Switzerland,2018,,0.0,0,0,0,,1,59
CHE,Switzerland,2019,,0.0,0,0,0,,1,60
CHE,Switzerland,2020,,0.0,0,0,0,,1,61
CHE,Switzerland,2021,,0.0,0,0,0,,1,62
CHE,Switzerland,2022,,0.0,0,0,0,,1,63
CHE,Switzerland,2023,,0.0,0,0,0,,1,64
CHE,Switzerland,2024,,0.0,0,0,0,,1,65
CHI,Channel Islands,1960,,0.0,0,0,0,,1,1
CHI,Channel Islands,1961,,0.0,0,0,0,,1,2
CHI,Channel Islands,1962,,0.0,0,0,0,,1,3
CHI,Channel Islands,1963,,0.0,0,0,0,,1,4
CHI,Channel Islands,1964,,0.0,0,0,0,,1,5
CHI,Channel Islands,1965,,0.0,0,0,0,,1,6
CHI,Channel Islands,1966,,0.0,0,0,0,,1,7
CHI,Channel Islands,1967,,0.0,0,0,0,,1,8
CHI,Channel Islands,1968,,0.0,0,0,0,,1,9
CHI,Channel Islands,1969,,0.0,0,0,0,,1,10
CHI,Channel Islands,1970,,0.0,0,0,0,,1,11
CHI,Channel Islands,1971,,0.0,0,0,0,,1,12
CHI,Channel Islands,1972,,0.0,0,0,0,,1,13
CHI,Channel Islands,1973,,0.0,0,0,0,,1,14
CHI,Channel Islands,1974,,0.0,0,0,0,,1,15
CHI,Channel Islands,1975,,0.0,0,0,0,,1,16
CHI,Channel Islands,1976,,0.0,0,0,0,,1,17
CHI,Channel Islands,1977,,0.0,0,0,0,,1,18
CHI,Channel Islands,1978,,0.0,0,0,0,,1,19
CHI,Channel Islands,1979,,0.0,0,0,0,,1,20
CHI,Channel Islands,1980,,0.0,0,0,0,,1,21
CHI,Channel Islands,1981,,0.0,0,0,0,,1,22
CHI,Channel Islands,1982,,0.0,0,0,0,,1,23
CHI,Channel Islands,1983,,0.0,0,0,0,,1,24
CHI,Channel Islands,1984,,0.0,0,0,0,,1,25
CHI,Channel Islands,1985,,0.0,0,0,0,,1,26
CHI,Channel Islands,1986,,0.0,0,0,0,,1,27
CHI,Channel Islands,1987,,0.0,0,0,0,,1,28
CHI,Channel Islands,1988,,0.0,0,0,0,,1,29
CHI,Channel Islands,1989,,0.0,0,0,0,,1,30
CHI,Channel Islands,1990,,0.0,0,0,0,,1,31
CHI,Channel Islands,1991,,0.0,0,0,0,,1,32
CHI,Channel Islands,1992,,0.0,0,0,0,,1,33
CHI,Channel Islands,1993,,0.0,0,0,0,,1,34
CHI,Channel Islands,1994,,0.0,0,0,0,,1,35
CHI,Channel Islands,1995,,0.0,0,0,0,,1,36
CHI,Channel Islands,1996,,0.0,0,0,0,,1,37
CHI,Channel Islands,1997,,0.0,0,0,0,,1,38
CHI,Channel Islands,1998,,0.0,0,0,0,,1,39
CHI,Channel Islands,1999,,0.0,0,0,0,,1,40
CHI,Channel Islands,2000,,0.0,0,0,0,,1,41
CHI,Channel Islands,2001,,0.0,0,0,0,,1,42
CHI,Channel Islands,2002,,0.0,0,0,0,,1,43
CHI,Channel Islands,2003,,0.0,0,0,0,,1,44
CHI,Channel Islands,2004,,0.0,0,0,0,,1,45
CHI,Channel Islands,2005,,0.0,0,0,0,,1,46
CHI,Channel Islands,2006,,0.0,0,0,0,,1,47
CHI,Channel Islands,2007,,0.0,0,0,0,,1,48
CHI,Channel Islands,2008,,0.0,0,0,0,,1,49
CHI,Channel Islands,2009,,0.0,0,0,0,,1,50
CHI,Channel Islands,2010,,0.0,0,0,0,,1,51
CHI,Channel Islands,2011,,0.0,0,0,0,,1,52
CHI,Channel Islands,2012,,0.0,0,0,0,,1,53
CHI,Channel Islands,2013,,0.0,0,0,0,,1,54
CHI,Channel Islands,2014,,0.0,0,0,0,,1,55
CHI,Channel Islands,2015,,0.0,0,0,0,,1,56
CHI,Channel Islands,2016,,0.0,0,0,0,,1,57
CHI,Channel Islands,2017,,0.0,0,0,0,,1,58
CHI,Channel Islands,2018,,0.0,0,0,0,,1,59
CHI,Channel Islands,2019,,0.0,0,0,0,,1,60
CHI,Channel Islands,2020,,0.0,0,0,0,,1,61
CHI,Channel Islands,2021,,0.0,0,0,0,,1,62
CHI,Channel Islands,2022,,0.0,0,0,0,,1,63
CHI,Channel Islands,2023,,0.0,0,0,0,,1,64
CHI,Channel Islands,2024,,0.0,0,0,0,,1,65
CHL,Chile,1960,Chile,0.0,0,0,0,,1,1
CHL,Chile,1961,Chile,17.8,1,0,0,1961.0,0,0
CHL,Chile,1962,Chile,0.0,0,1,1,1961.0,0,1
CHL,Chile,1963,Chile,15.0,1,1,1,1963.0,0,0
CHL,Chile,1964,Chile,109.0,1,1,1,1964.0,0,0
CHL,Chile,1965,Chile,90.0,1,1,1,1965.0,0,0
CHL,Chile,1966,Chile,66.0,1,1,1,1966.0,0,0
CHL,Chile,1967,Chile,0.0,0,1,1,1966.0,0,1
CHL,Chile,1968,Chile,0.0,0,1,1,1966.0,0,2
CHL,Chile,1969,Chile,0.0,0,1,1,1966.0,0,3
CHL,Chile,1970,Chile,0.0,0,1,1,1966.0,0,4
CHL,Chile,1971,Chile,53.5,1,1,1,1971.0,0,0
CHL,Chile,1972,Chile,562.6,1,1,1,1972.0,0,0
CHL,Chile,1973,Chile,399.0,1,1,1,1973.0,0,0
CHL,Chile,1974,Chile,560.3,1,1,1,1974.0,0,0
CHL,Chile,1975,Chile,281.0,1,1,1,1975.0,0,0
CHL,Chile,1976,Chile,0.0,0,1,1,1975.0,0,1
CHL,Chile,1977,Chile,0.0,0,1,1,1975.0,0,2
CHL,Chile,1978,Chile,0.0,0,1,1,1975.0,0,3
CHL,Chile,1979,Chile,0.0,0,1,1,1975.0,0,4
CHL,Chile,1980,Chile,0.0,0,1,1,1975.0,0,5
CHL,Chile,1981,Chile,0.0,0,0,1,1975.0,0,6
CHL,Chile,1982,Chile,0.0,0,0,1,1975.0,0,7
CHL,Chile,1983,Chile,2850.0,1,0,1,1983.0,0,0
CHL,Chile,1984,Chile,4317.0,1,1,1,1984.0,0,0
CHL,Chile,1985,Chile,8764.0,1,1,1,1985.0,0,0
CHL,Chile,1986,Chile,7602.0,1,1,1,1986.0,0,0
CHL,Chile,1987,Chile,7767.2,1,1,1,1987.0,0,0
CHL,Chile,1988,Chile,7303.0,1,1,1,1988.0,0,0
CHL,Chile,1989,Chile,7020.0,1,1,1,1989.0,0,0
CHL,Chile,1990,Chile,6494.0,1,1,1,1990.0,0,0
CHL,Chile,1991,Chile,0.0,0,1,1,1990.0,0,1
CHL,Chile,1992,Chile,0.0,0,1,1,1990.0,0,2
CHL,Chile,1993,Chile,0.0,0,1,1,1990.0,0,3
CHL,Chile,1994,Chile,0.0,0,1,1,1990.0,0,4
CHL,Chile,1995,Chile,0.0,0,1,1,1990.0,0,5
CHL,Chile,1996,Chile,0.0,0,0,1,1990.0,0,6
CHL,Chile,1997,Chile,0.0,0,0,1,1990.0,0,7
CHL,Chile,1998,Chile,0.0,0,0,1,1990.0,0,8
CHL,Chile,1999,Chile,0.0,0,0,1,1990.0,0,9
CHL,Chile,2000,Chile,0.0,0,0,1,1990.0,0,10
CHL,Chile,2001,Chile,0.0,0,0,0,1990.0,0,11
CHL,Chile,2002,Chile,0.0,0,0,0,1990.0,0,12
CHL,Chile,2003,Chile,0.0,0,0,0,1990.0,0,13
CHL,Chile,2004,Chile,0.0,0,0,0,1990.0,0,14
CHL,Chile,2005,Chile,0.0,0,0,0,1990.0,0,15
CHL,Chile,2006,Chile,0.0,0,0,0,1990.0,0,16
CHL,Chile,2007,Chile,0.0,0,0,0,1990.0,0,17
CHL,Chile,2008,Chile,0.0,0,0,0,1990.0,0,18
CHL,Chile,2009,Chile,0.0,0,0,0,1990.0,0,19
CHL,Chile,2010,Chile,0.0,0,0,0,1990.0,0,20
CHL,Chile,2011,Chile,0.0,0,0,0,1990.0,0,21
CHL,Chile,2012,Chile,0.0,0,0,0,1990.0,0,22
CHL,Chile,2013,Chile,0.0,0,0,0,1990.0,0,23
CHL,Chile,2014,Chile,0.0,0,0,0,1990.0,0,24
CHL,Chile,2015,Chile,0.0,0,0,0,1990.0,0,25
CHL,Chile,2016,Chile,0.0,0,0,0,1990.0,0,26
CHL,Chile,2017,Chile,0.0,0,0,0,1990.0,0,27
CHL,Chile,2018,Chile,0.0,0,0,0,1990.0,0,28
CHL,Chile,2019,Chile,0.0,0,0,0,1990.0,0,29
CHL,Chile,2020,Chile,0.0,0,0,0,1990.0,0,30
CHL,Chile,2021,Chile,0.0,0,0,0,1990.0,0,31
CHL,Chile,2022,Chile,0.0,0,0,0,1990.0,0,32
CHL,Chile,2023,Chile,0.0,0,0,0,1990.0,0,33
CHL,Chile,2024,Chile,0.0,0,0,0,1990.0,0,34
CHN,China,1960,China,476.0,1,0,0,1960.0,0,0
CHN,China,1961,China,500.0,1,1,1,1961.0,0,0
CHN,China,1962,China,525.0,1,1,1,1962.0,0,0
CHN,China,1963,China,551.0,1,1,1,1963.0,0,0
CHN,China,1964,China,578.0,1,1,1,1964.0,0,0
CHN,China,1965,China,607.0,1,1,1,1965.0,0,0
CHN,China,1966,China,638.0,1,1,1,1966.0,0,0
CHN,China,1967,China,574.0,1,1,1,1967.0,0,0
CHN,China,1968,China,603.0,1,1,1,1968.0,0,0
CHN,China,1969,China,633.0,1,1,1,1969.0,0,0
CHN,China,1970,China,664.0,1,1,1,1970.0,0,0
CHN,China,1971,China,741.0,1,1,1,1971.0,0,0
CHN,China,1972,China,739.0,1,1,1,1972.0,0,0
CHN,China,1973,China,747.0,1,1,1,1973.0,0,0
CHN,China,1974,China,781.0,1,1,1,1974.0,0,0
CHN,China,1975,China,714.0,1,1,1,1975.0,0,0
CHN,China,1976,China,675.0,1,1,1,1976.0,0,0
CHN,China,1977,China,795.0,1,1,1,1977.0,0,0
CHN,China,1978,China,911.0,1,1,1,1978.0,0,0
CHN,China,1979,China,957.0,1,1,1,1979.0,0,0
CHN,China,1980,China,1078.0,1,1,1,1980.0,0,0
CHN,China,1981,China,895.0,1,1,1,1981.0,0,0
CHN,China,1982,China,790.0,1,1,1,1982.0,0,0
CHN,China,1983,China,746.0,1,1,1,1983.0,0,0
CHN,China,1984,China,641.0,1,1,1,1984.0,0,0
CHN,China,1985,China,823.0,1,1,1,1985.0,0,0
CHN,China,1986,China,894.0,1,1,1,1986.0,0,0
CHN,China,1987,China,1197.0,1,1,1,1987.0,0,0
CHN,China,1988,China,0.0,0,1,1,1987.0,0,1
CHN,China,1989,China,0.0,0,1,1,1987.0,0,2
CHN,China,1990,China,0.0,0,1,1,1987.0,0,3
CHN,China,1991,China,0.0,0,1,1,1987.0,0,4
CHN,China,1992,China,0.0,0,1,1,1987.0,0,5
CHN,China,1993,China,0.0,0,0,1,1987.0,0,6
CHN,China,1994,China,0.0,0,0,1,1987.0,0,7
CHN,China,1995,China,0.02,1,0,1,1995.0,0,0
CHN,China,1996,China,0.0,0,1,1,1995.0,0,1
CHN,China,1997,China,0.0,0,1,1,1995.0,0,2
CHN,China,1998,China,0.0,0,1,1,1995.0,0,3
CHN,China,1999,China,0.0,0,1,1,1995.0,0,4
CHN,China,2000,China,0.0,0,1,1,1995.0,0,5
CHN,China,2001,China,0.0,0,0,1,1995.0,0,6
CHN,China,2002,China,0.0,0,0,1,1995.0,0,7
CHN,China,2003,China,0.0,0,0,1,1995.0,0,8
CHN,China,2004,China,0.0,0,0,1,1995.0,0,9
CHN,China,2005,China,0.0,0,0,1,1995.0,0,10
CHN,China,2006,China,0.0,0,0,0,1995.0,0,11
CHN,China,2007,China,0.0,0,0,0,1995.0,0,12
CHN,China,2008,China,0.0,0,0,0,1995.0,0,13
CHN,China,2009,China,0.0,0,0,0,1995.0,0,14
CHN,China,2010,China,2339.07,1,0,0,2010.0,0,0
CHN,China,2011,China,0.0,0,1,1,2010.0,0,1
CHN,China,2012,China,0.0,0,1,1,2010.0,0,2
CHN,China,2013,China,0.0,0,1,1,2010.0,0,3
CHN,China,2014,China,0.0,0,1,1,2010.0,0,4
CHN,China,2015,China,0.0,0,1,1,2010.0,0,5
CHN,China,2016,China,0.0,0,0,1,2010.0,0,6
CHN,China,2017,China,0.42,1,0,1,2017.0,0,0
CHN,China,2018,China,0.42,1,1,1,2018.0,0,0
CHN,China,2019,China,0.42,1,1,1,2019.0,0,0
CHN,China,2020,China,0.43,1,1,1,2020.0,0,0
CHN,China,2021,China,0.42,1,1,1,2021.0,0,0
CHN,China,2022,China,0.41,1,1,1,2022.0,0,0
CHN,China,2023,China,0.42,1,1,1,2023.0,0,0
CHN,China,2024,China,0.42,1,1,1,2024.0,0,0
CIV,Cote d'Ivoire,1960,Côte d’Ivoire,0.0,0,0,0,,1,1
CIV,Cote d'Ivoire,1961,Côte d’Ivoire,0.0,0,0,0,,1,2
CIV,Cote d'Ivoire,1962,Côte d’Ivoire,0.0,0,0,0,,1,3
CIV,Cote d'Ivoire,1963,Côte d’Ivoire,0.0,0,0,0,,1,4
CIV,Cote d'Ivoire,1964,Côte d’Ivoire,0.0,0,0,0,,1,5
CIV,Cote d'Ivoire,1965,Côte d’Ivoire,0.0,0,0,0,,1,6
CIV,Cote d'Ivoire,1966,Côte d’Ivoire,0.0,0,0,0,,1,7
CIV,Cote d'Ivoire,1967,Côte d’Ivoire,0.0,0,0,0,,1,8
CIV,Cote d'Ivoire,1968,Côte d’Ivoire,0.0,0,0,0,,1,9
CIV,Cote d'Ivoire,1969,Côte d’Ivoire,0.0,0,0,0,,1,10
CIV,Cote d'Ivoire,1970,Côte d’Ivoire,0.0,0,0,0,,1,11
CIV,Cote d'Ivoire,1971,Côte d’Ivoire,0.0,0,0,0,,1,12
CIV,Cote d'Ivoire,1972,Côte d’Ivoire,0.0,0,0,0,,1,13
CIV,Cote d'Ivoire,1973,Côte d’Ivoire,0.0,0,0,0,,1,14
CIV,Cote d'Ivoire,1974,Côte d’Ivoire,0.12,1,0,0,1974.0,0,0
CIV,Cote d'Ivoire,1975,Côte d’Ivoire,0.18,1,1,1,1975.0,0,0
CIV,Cote d'Ivoire,1976,Côte d’Ivoire,0.16,1,1,1,1976.0,0,0
CIV,Cote d'Ivoire,1977,Côte d’Ivoire,0.0,0,1,1,1976.0,0,1
CIV,Cote d'Ivoire,1978,Côte d’Ivoire,0.04,1,1,1,1978.0,0,0
CIV,Cote d'Ivoire,1979,Côte d’Ivoire,0.09,1,1,1,1979.0,0,0
CIV,Cote d'Ivoire,1980,Côte d’Ivoire,0.51,1,1,1,1980.0,0,0
CIV,Cote d'Ivoire,1981,Côte d’Ivoire,8.18,1,1,1,1981.0,0,0
CIV,Cote d'Ivoire,1982,Côte d’Ivoire,4.11,1,1,1,1982.0,0,0
CIV,Cote d'Ivoire,1983,Côte d’Ivoire,162.07,1,1,1,1983.0,0,0
CIV,Cote d'Ivoire,1984,Côte d’Ivoire,906.58,1,1,1,1984.0,0,0
CIV,Cote d'Ivoire,1985,Côte d’Ivoire,436.0,1,1,1,1985.0,0,0
CIV,Cote d'Ivoire,1986,Côte d’Ivoire,1071.0,1,1,1,1986.0,0,0
CIV,Cote d'Ivoire,1987,Côte d’Ivoire,4448.64,1,1,1,1987.0,0,0
CIV,Cote d'Ivoire,1988,Côte d’Ivoire,4282.26,1,1,1,1988.0,0,0
CIV,Cote d'Ivoire,1989,Côte d’Ivoire,5511.6,1,1,1,1989.0,0,0
CIV,Cote d'Ivoire,1990,Côte d’Ivoire,5861.46,1,1,1,1990.0,0,0
CIV,Cote d'Ivoire,1991,Côte d’Ivoire,6233.65,1,1,1,1991.0,0,0
CIV,Cote d'Ivoire,1992,Côte d’Ivoire,6662.45,1,1,1,1992.0,0,0
CIV,Cote d'Ivoire,1993,Côte d’Ivoire,7779.66,1,1,1,1993.0,0,0
CIV,Cote d'Ivoire,1994,Côte d’Ivoire,8965.75,1,1,1,1994.0,0,0
CIV,Cote d'Ivoire,1995,Côte d’Ivoire,7457.53,1,1,1,1995.0,0,0
CIV,Cote d'Ivoire,1996,Côte d’Ivoire,7469.43,1,1,1,1996.0,0,0
CIV,Cote d'Ivoire,1997,Côte d’Ivoire,9098.92,1,1,1,1997.0,0,0
CIV,Cote d'Ivoire,1998,Côte d’Ivoire,7619.94,1,1,1,1998.0,0,0
CIV,Cote d'Ivoire,1999,Côte d’Ivoire,188.29,1,1,1,1999.0,0,0
CIV,Cote d'Ivoire,2000,Côte d’Ivoire,3125.52,1,1,1,2000.0,0,0
CIV,Cote d'Ivoire,2001,Côte d’Ivoire,3859.15,1,1,1,2001.0,0,0
CIV,Cote d'Ivoire,2002,Côte d’Ivoire,4747.2,1,1,1,2002.0,0,0
CIV,Cote d'Ivoire,2003,Côte d’Ivoire,3717.89,1,1,1,2003.0,0,0
CIV,Cote d'Ivoire,2004,Côte d’Ivoire,4620.29,1,1,1,2004.0,0,0
CIV,Cote d'Ivoire,2005,Côte d’Ivoire,5193.49,1,1,1,2005.0,0,0
CIV,Cote d'Ivoire,2006,Côte d’Ivoire,6126.61,1,1,1,2006.0,0,0
CIV,Cote d'Ivoire,2007,Côte d’Ivoire,7274.57,1,1,1,2007.0,0,0
CIV,Cote d'Ivoire,2008,Côte d’Ivoire,6895.13,1,1,1,2008.0,0,0
CIV,Cote d'Ivoire,2009,Côte d’Ivoire,8296.47,1,1,1,2009.0,0,0
CIV,Cote d'Ivoire,2010,Côte d’Ivoire,3991.73,1,1,1,2010.0,0,0
CIV,Cote d'Ivoire,2011,Côte d’Ivoire,4682.54,1,1,1,2011.0,0,0
CIV,Cote d'Ivoire,2012,Côte d’Ivoire,8924.73,1,1,1,2012.0,0,0
CIV,Cote d'Ivoire,2013,Côte d’Ivoire,927.07,1,1,1,2013.0,0,0
CIV,Cote d'Ivoire,2014,Côte d’Ivoire,490.26,1,1,1,2014.0,0,0
CIV,Cote d'Ivoire,2015,Côte d’Ivoire,684.76,1,1,1,2015.0,0,0
CIV,Cote d'Ivoire,2016,Côte d’Ivoire,223.97,1,1,1,2016.0,0,0
CIV,Cote d'Ivoire,2017,Côte d’Ivoire,24.73,1,1,1,2017.0,0,0
CIV,Cote d'Ivoire,2018,Côte d’Ivoire,46.99,1,1,1,2018.0,0,0
CIV,Cote d'Ivoire,2019,Côte d’Ivoire,36.66,1,1,1,2019.0,0,0
CIV,Cote d'Ivoire,2020,Côte d’Ivoire,133.61,1,1,1,2020.0,0,0
CIV,Cote d'Ivoire,2021,Côte d’Ivoire,13.11,1,1,1,2021.0,0,0
CIV,Cote d'Ivoire,2022,Côte d’Ivoire,5.83,1,1,1,2022.0,0,0
CIV,Cote d'Ivoire,2023,Côte d’Ivoire,2.0,1,1,1,2023.0,0,0
CIV,Cote d'Ivoire,2024,Côte d’Ivoire,0.0,0,1,1,2023.0,0,1
CMR,Cameroon,1960,Cameroon,0.0,0,0,0,,1,1
CMR,Cameroon,1961,Cameroon,0.0,0,0,0,,1,2
CMR,Cameroon,1962,Cameroon,0.0,0,0,0,,1,3
CMR,Cameroon,1963,Cameroon,0.0,0,0,0,,1,4
CMR,Cameroon,1964,Cameroon,0.0,0,0,0,,1,5
CMR,Cameroon,1965,Cameroon,0.0,0,0,0,,1,6
CMR,Cameroon,1966,Cameroon,0.0,0,0,0,,1,7
CMR,Cameroon,1967,Cameroon,0.0,0,0,0,,1,8
CMR,Cameroon,1968,Cameroon,0.0,0,0,0,,1,9
CMR,Cameroon,1969,Cameroon,0.0,0,0,0,,1,10
CMR,Cameroon,1970,Cameroon,0.0,0,0,0,,1,11
CMR,Cameroon,1971,Cameroon,0.0,0,0,0,,1,12
CMR,Cameroon,1972,Cameroon,0.01,1,0,0,1972.0,0,0
CMR,Cameroon,1973,Cameroon,0.05,1,1,1,1973.0,0,0
CMR,Cameroon,1974,Cameroon,2.96,1,1,1,1974.0,0,0
CMR,Cameroon,1975,Cameroon,1.61,1,1,1,1975.0,0,0
CMR,Cameroon,1976,Cameroon,0.0,0,1,1,1975.0,0,1
CMR,Cameroon,1977,Cameroon,1.32,1,1,1,1977.0,0,0
CMR,Cameroon,1978,Cameroon,0.87,1,1,1,1978.0,0,0
CMR,Cameroon,1979,Cameroon,19.14,1,1,1,1979.0,0,0
CMR,Cameroon,1980,Cameroon,16.13,1,1,1,1980.0,0,0
CMR,Cameroon,1981,Cameroon,22.18,1,1,1,1981.0,0,0
CMR,Cameroon,1982,Cameroon,28.8,1,1,1,1982.0,0,0
CMR,Cameroon,1983,Cameroon,32.8,1,1,1,1983.0,0,0
CMR,Cameroon,1984,Cameroon,36.69,1,1,1,1984.0,0,0
CMR,Cameroon,1985,Cameroon,405.9,1,1,1,1985.0,0,0
CMR,Cameroon,1986,Cameroon,444.03,1,1,1,1986.0,0,0
CMR,Cameroon,1987,Cameroon,515.84,1,1,1,1987.0,0,0
CMR,Cameroon,1988,Cameroon,645.49,1,1,1,1988.0,0,0
CMR,Cameroon,1989,Cameroon,1110.09,1,1,1,1989.0,0,0
CMR,Cameroon,1990,Cameroon,837.49,1,1,1,1990.0,0,0
CMR,Cameroon,1991,Cameroon,1107.06,1,1,1,1991.0,0,0
CMR,Cameroon,1992,Cameroon,1762.33,1,1,1,1992.0,0,0
CMR,Cameroon,1993,Cameroon,1289.04,1,1,1,1993.0,0,0
CMR,Cameroon,1994,Cameroon,3419.3,1,1,1,1994.0,0,0
CMR,Cameroon,1995,Cameroon,2040.49,1,1,1,1995.0,0,0
CMR,Cameroon,1996,Cameroon,1921.25,1,1,1,1996.0,0,0
CMR,Cameroon,1997,Cameroon,2264.6,1,1,1,1997.0,0,0
CMR,Cameroon,1998,Cameroon,1041.54,1,1,1,1998.0,0,0
CMR,Cameroon,1999,Cameroon,1064.11,1,1,1,1999.0,0,0
CMR,Cameroon,2000,Cameroon,984.33,1,1,1,2000.0,0,0
CMR,Cameroon,2001,Cameroon,2016.25,1,1,1,2001.0,0,0
CMR,Cameroon,2002,Cameroon,1076.52,1,1,1,2002.0,0,0
CMR,Cameroon,2003,Cameroon,1280.77,1,1,1,2003.0,0,0
CMR,Cameroon,2004,Cameroon,2189.45,1,1,1,2004.0,0,0
CMR,Cameroon,2005,Cameroon,5536.5,1,1,1,2005.0,0,0
CMR,Cameroon,2006,Cameroon,6278.89,1,1,1,2006.0,0,0
CMR,Cameroon,2007,Cameroon,364.5,1,1,1,2007.0,0,0
CMR,Cameroon,2008,Cameroon,92.55,1,1,1,2008.0,0,0
CMR,Cameroon,2009,Cameroon,79.47,1,1,1,2009.0,0,0
CMR,Cameroon,2010,Cameroon,145.59,1,1,1,2010.0,0,0
CMR,Cameroon,2011,Cameroon,0.0,0,1,1,2010.0,0,1
CMR,Cameroon,2012,Cameroon,64.02,1,1,1,2012.0,0,0
CMR,Cameroon,2013,Cameroon,178.78,1,1,1,2013.0,0,0
CMR,Cameroon,2014,Cameroon,26.99,1,1,1,2014.0,0,0
CMR,Cameroon,2015,Cameroon,16.03,1,1,1,2015.0,0,0
CMR,Cameroon,2016,Cameroon,0.0,0,1,1,2015.0,0,1
CMR,Cameroon,2017,Cameroon,30.01,1,1,1,2017.0,0,0
CMR,Cameroon,2018,Cameroon,17.55,1,1,1,2018.0,0,0
CMR,Cameroon,2019,Cameroon,104.12,1,1,1,2019.0,0,0
CMR,Cameroon,2020,Cameroon,303.12,1,1,1,2020.0,0,0
CMR,Cameroon,2021,Cameroon,407.26,1,1,1,2021.0,0,0
CMR,Cameroon,2022,Cameroon,102.18,1,1,1,2022.0,0,0
CMR,Cameroon,2023,Cameroon,60.0,1,1,1,2023.0,0,0
CMR,Cameroon,2024,Cameroon,0.0,0,1,1,2023.0,0,1
COD,"Congo, Dem. Rep.",1960,Dem. Rep. of Congo (Kinshasa),336.0,1,0,0,1960.0,0,0
COD,"Congo, Dem. Rep.",1961,Dem. Rep. of Congo (Kinshasa),368.81,1,1,1,1961.0,0,0
COD,"Congo, Dem. Rep.",1962,Dem. Rep. of Congo (Kinshasa),388.6,1,1,1,1962.0,0,0
COD,"Congo, Dem. Rep.",1963,Dem. Rep. of Congo (Kinshasa),407.38,1,1,1,1963.0,0,0
COD,"Congo, Dem. Rep.",1964,Dem. Rep. of Congo (Kinshasa),428.17,1,1,1,1964.0,0,0
COD,"Congo, Dem. Rep.",1965,Dem. Rep. of Congo (Kinshasa),449.96,1,1,1,1965.0,0,0
COD,"Congo, Dem. Rep.",1966,Dem. Rep. of Congo (Kinshasa),0.0,0,1,1,1965.0,0,1
COD,"Congo, Dem. Rep.",1967,Dem. Rep. of Congo (Kinshasa),0.0,0,1,1,1965.0,0,2
COD,"Congo, Dem. Rep.",1968,Dem. Rep. of Congo (Kinshasa),0.0,0,1,1,1965.0,0,3
COD,"Congo, Dem. Rep.",1969,Dem. Rep. of Congo (Kinshasa),0.0,0,1,1,1965.0,0,4
COD,"Congo, Dem. Rep.",1970,Dem. Rep. of Congo (Kinshasa),0.0,0,1,1,1965.0,0,5
COD,"Congo, Dem. Rep.",1971,Dem. Rep. of Congo (Kinshasa),0.0,0,0,1,1965.0,0,6
COD,"Congo, Dem. Rep.",1972,Dem. Rep. of Congo (Kinshasa),0.0,0,0,1,1965.0,0,7
COD,"Congo, Dem. Rep.",1973,Dem. Rep. of Congo (Kinshasa),0.29,1,0,1,1973.0,0,0
COD,"Congo, Dem. Rep.",1974,Dem. Rep. of Congo (Kinshasa),6.7,1,1,1,1974.0,0,0
COD,"Congo, Dem. Rep.",1975,Dem. Rep. of Congo (Kinshasa),94.32,1,1,1,1975.0,0,0
COD,"Congo, Dem. Rep.",1976,Dem. Rep. of Congo (Kinshasa),413.0,1,1,1,1976.0,0,0
COD,"Congo, Dem. Rep.",1977,Dem. Rep. of Congo (Kinshasa),554.6,1,1,1,1977.0,0,0
COD,"Congo, Dem. Rep.",1978,Dem. Rep. of Congo (Kinshasa),1702.6,1,1,1,1978.0,0,0
COD,"Congo, Dem. Rep.",1979,Dem. Rep. of Congo (Kinshasa),2241.5,1,1,1,1979.0,0,0
COD,"Congo, Dem. Rep.",1980,Dem. Rep. of Congo (Kinshasa),1039.0,1,1,1,1980.0,0,0
COD,"Congo, Dem. Rep.",1981,Dem. Rep. of Congo (Kinshasa),657.1,1,1,1,1981.0,0,0
COD,"Congo, Dem. Rep.",1982,Dem. Rep. of Congo (Kinshasa),667.99,1,1,1,1982.0,0,0
COD,"Congo, Dem. Rep.",1983,Dem. Rep. of Congo (Kinshasa),1669.4,1,1,1,1983.0,0,0
COD,"Congo, Dem. Rep.",1984,Dem. Rep. of Congo (Kinshasa),269.73,1,1,1,1984.0,0,0
COD,"Congo, Dem. Rep.",1985,Dem. Rep. of Congo (Kinshasa),551.9,1,1,1,1985.0,0,0
COD,"Congo, Dem. Rep.",1986,Dem. Rep. of Congo (Kinshasa),683.9,1,1,1,1986.0,0,0
COD,"Congo, Dem. Rep.",1987,Dem. Rep. of Congo (Kinshasa),1341.5,1,1,1,1987.0,0,0
COD,"Congo, Dem. Rep.",1988,Dem. Rep. of Congo (Kinshasa),2075.47,1,1,1,1988.0,0,0
COD,"Congo, Dem. Rep.",1989,Dem. Rep. of Congo (Kinshasa),2961.11,1,1,1,1989.0,0,0
COD,"Congo, Dem. Rep.",1990,Dem. Rep. of Congo (Kinshasa),1736.99,1,1,1,1990.0,0,0
COD,"Congo, Dem. Rep.",1991,Dem. Rep. of Congo (Kinshasa),2469.45,1,1,1,1991.0,0,0
COD,"Congo, Dem. Rep.",1992,Dem. Rep. of Congo (Kinshasa),4008.96,1,1,1,1992.0,0,0
COD,"Congo, Dem. Rep.",1993,Dem. Rep. of Congo (Kinshasa),5181.24,1,1,1,1993.0,0,0
COD,"Congo, Dem. Rep.",1994,Dem. Rep. of Congo (Kinshasa),6492.07,1,1,1,1994.0,0,0
COD,"Congo, Dem. Rep.",1995,Dem. Rep. of Congo (Kinshasa),8132.36,1,1,1,1995.0,0,0
COD,"Congo, Dem. Rep.",1996,Dem. Rep. of Congo (Kinshasa),8281.83,1,1,1,1996.0,0,0
COD,"Congo, Dem. Rep.",1997,Dem. Rep. of Congo (Kinshasa),8655.7,1,1,1,1997.0,0,0
COD,"Congo, Dem. Rep.",1998,Dem. Rep. of Congo (Kinshasa),9465.13,1,1,1,1998.0,0,0
COD,"Congo, Dem. Rep.",1999,Dem. Rep. of Congo (Kinshasa),9038.83,1,1,1,1999.0,0,0
COD,"Congo, Dem. Rep.",2000,Dem. Rep. of Congo (Kinshasa),8898.76,1,1,1,2000.0,0,0
COD,"Congo, Dem. Rep.",2001,Dem. Rep. of Congo (Kinshasa),9394.36,1,1,1,2001.0,0,0
COD,"Congo, Dem. Rep.",2002,Dem. Rep. of Congo (Kinshasa),10919.69,1,1,1,2002.0,0,0
COD,"Congo, Dem. Rep.",2003,Dem. Rep. of Congo (Kinshasa),1917.99,1,1,1,2003.0,0,0
COD,"Congo, Dem. Rep.",2004,Dem. Rep. of Congo (Kinshasa),1953.16,1,1,1,2004.0,0,0
COD,"Congo, Dem. Rep.",2005,Dem. Rep. of Congo (Kinshasa),2054.34,1,1,1,2005.0,0,0
COD,"Congo, Dem. Rep.",2006,Dem. Rep. of Congo (Kinshasa),1649.91,1,1,1,2006.0,0,0
COD,"Congo, Dem. Rep.",2007,Dem. Rep. of Congo (Kinshasa),1963.82,1,1,1,2007.0,0,0
COD,"Congo, Dem. Rep.",2008,Dem. Rep. of Congo (Kinshasa),2264.92,1,1,1,2008.0,0,0
COD,"Congo, Dem. Rep.",2009,Dem. Rep. of Congo (Kinshasa),2728.52,1,1,1,2009.0,0,0
COD,"Congo, Dem. Rep.",2010,Dem. Rep. of Congo (Kinshasa),8816.66,1,1,1,2010.0,0,0
COD,"Congo, Dem. Rep.",2011,Dem. Rep. of Congo (Kinshasa),407.1,1,1,1,2011.0,0,0
COD,"Congo, Dem. Rep.",2012,Dem. Rep. of Congo (Kinshasa),183.52,1,1,1,2012.0,0,0
COD,"Congo, Dem. Rep.",2013,Dem. Rep. of Congo (Kinshasa),186.98,1,1,1,2013.0,0,0
COD,"Congo, Dem. Rep.",2014,Dem. Rep. of Congo (Kinshasa),161.11,1,1,1,2014.0,0,0
COD,"Congo, Dem. Rep.",2015,Dem. Rep. of Congo (Kinshasa),154.56,1,1,1,2015.0,0,0
COD,"Congo, Dem. Rep.",2016,Dem. Rep. of Congo (Kinshasa),216.57,1,1,1,2016.0,0,0
COD,"Congo, Dem. Rep.",2017,Dem. Rep. of Congo (Kinshasa),744.19,1,1,1,2017.0,0,0
COD,"Congo, Dem. Rep.",2018,Dem. Rep. of Congo (Kinshasa),838.75,1,1,1,2018.0,0,0
COD,"Congo, Dem. Rep.",2019,Dem. Rep. of Congo (Kinshasa),1461.91,1,1,1,2019.0,0,0
COD,"Congo, Dem. Rep.",2020,Dem. Rep. of Congo (Kinshasa),1401.41,1,1,1,2020.0,0,0
COD,"Congo, Dem. Rep.",2021,Dem. Rep. of Congo (Kinshasa),1924.25,1,1,1,2021.0,0,0
COD,"Congo, Dem. Rep.",2022,Dem. Rep. of Congo (Kinshasa),2896.0,1,1,1,2022.0,0,0
COD,"Congo, Dem. Rep.",2023,Dem. Rep. of Congo (Kinshasa),461.0,1,1,1,2023.0,0,0
COD,"Congo, Dem. Rep.",2024,Dem. Rep. of Congo (Kinshasa),953.0,1,1,1,2024.0,0,0
COG,"Congo, Rep.",1960,Rep. of Congo (Brazzaville),0.0,0,0,0,,1,1
COG,"Congo, Rep.",1961,Rep. of Congo (Brazzaville),0.0,0,0,0,,1,2
COG,"Congo, Rep.",1962,Rep. of Congo (Brazzaville),0.0,0,0,0,,1,3
COG,"Congo, Rep.",1963,Rep. of Congo (Brazzaville),0.0,0,0,0,,1,4
COG,"Congo, Rep.",1964,Rep. of Congo (Brazzaville),0.0,0,0,0,,1,5
COG,"Congo, Rep.",1965,Rep. of Congo (Brazzaville),0.0,0,0,0,,1,6
COG,"Congo, Rep.",1966,Rep. of Congo (Brazzaville),0.0,0,0,0,,1,7
COG,"Congo, Rep.",1967,Rep. of Congo (Brazzaville),0.0,0,0,0,,1,8
COG,"Congo, Rep.",1968,Rep. of Congo (Brazzaville),0.0,0,0,0,,1,9
COG,"Congo, Rep.",1969,Rep. of Congo (Brazzaville),0.0,0,0,0,,1,10
COG,"Congo, Rep.",1970,Rep. of Congo (Brazzaville),1.55,1,0,0,1970.0,0,0
COG,"Congo, Rep.",1971,Rep. of Congo (Brazzaville),3.94,1,1,1,1971.0,0,0
COG,"Congo, Rep.",1972,Rep. of Congo (Brazzaville),7.57,1,1,1,1972.0,0,0
COG,"Congo, Rep.",1973,Rep. of Congo (Brazzaville),12.5,1,1,1,1973.0,0,0
COG,"Congo, Rep.",1974,Rep. of Congo (Brazzaville),14.66,1,1,1,1974.0,0,0
COG,"Congo, Rep.",1975,Rep. of Congo (Brazzaville),17.59,1,1,1,1975.0,0,0
COG,"Congo, Rep.",1976,Rep. of Congo (Brazzaville),27.1,1,1,1,1976.0,0,0
COG,"Congo, Rep.",1977,Rep. of Congo (Brazzaville),40.8,1,1,1,1977.0,0,0
COG,"Congo, Rep.",1978,Rep. of Congo (Brazzaville),49.96,1,1,1,1978.0,0,0
COG,"Congo, Rep.",1979,Rep. of Congo (Brazzaville),25.61,1,1,1,1979.0,0,0
COG,"Congo, Rep.",1980,Rep. of Congo (Brazzaville),14.27,1,1,1,1980.0,0,0
COG,"Congo, Rep.",1981,Rep. of Congo (Brazzaville),13.01,1,1,1,1981.0,0,0
COG,"Congo, Rep.",1982,Rep. of Congo (Brazzaville),34.58,1,1,1,1982.0,0,0
COG,"Congo, Rep.",1983,Rep. of Congo (Brazzaville),53.62,1,1,1,1983.0,0,0
COG,"Congo, Rep.",1984,Rep. of Congo (Brazzaville),78.89,1,1,1,1984.0,0,0
COG,"Congo, Rep.",1985,Rep. of Congo (Brazzaville),171.32,1,1,1,1985.0,0,0
COG,"Congo, Rep.",1986,Rep. of Congo (Brazzaville),870.73,1,1,1,1986.0,0,0
COG,"Congo, Rep.",1987,Rep. of Congo (Brazzaville),371.21,1,1,1,1987.0,0,0
COG,"Congo, Rep.",1988,Rep. of Congo (Brazzaville),661.8,1,1,1,1988.0,0,0
COG,"Congo, Rep.",1989,Rep. of Congo (Brazzaville),2287.15,1,1,1,1989.0,0,0
COG,"Congo, Rep.",1990,Rep. of Congo (Brazzaville),2823.26,1,1,1,1990.0,0,0
COG,"Congo, Rep.",1991,Rep. of Congo (Brazzaville),2613.31,1,1,1,1991.0,0,0
COG,"Congo, Rep.",1992,Rep. of Congo (Brazzaville),3385.5,1,1,1,1992.0,0,0
COG,"Congo, Rep.",1993,Rep. of Congo (Brazzaville),3386.24,1,1,1,1993.0,0,0
COG,"Congo, Rep.",1994,Rep. of Congo (Brazzaville),2227.38,1,1,1,1994.0,0,0
COG,"Congo, Rep.",1995,Rep. of Congo (Brazzaville),2191.02,1,1,1,1995.0,0,0
COG,"Congo, Rep.",1996,Rep. of Congo (Brazzaville),2729.95,1,1,1,1996.0,0,0
COG,"Congo, Rep.",1997,Rep. of Congo (Brazzaville),1956.95,1,1,1,1997.0,0,0
COG,"Congo, Rep.",1998,Rep. of Congo (Brazzaville),3137.82,1,1,1,1998.0,0,0
COG,"Congo, Rep.",1999,Rep. of Congo (Brazzaville),2147.26,1,1,1,1999.0,0,0
COG,"Congo, Rep.",2000,Rep. of Congo (Brazzaville),2132.69,1,1,1,2000.0,0,0
COG,"Congo, Rep.",2001,Rep. of Congo (Brazzaville),2085.08,1,1,1,2001.0,0,0
COG,"Congo, Rep.",2002,Rep. of Congo (Brazzaville),2166.57,1,1,1,2002.0,0,0
COG,"Congo, Rep.",2003,Rep. of Congo (Brazzaville),2677.88,1,1,1,2003.0,0,0
COG,"Congo, Rep.",2004,Rep. of Congo (Brazzaville),6311.13,1,1,1,2004.0,0,0
COG,"Congo, Rep.",2005,Rep. of Congo (Brazzaville),4049.03,1,1,1,2005.0,0,0
COG,"Congo, Rep.",2006,Rep. of Congo (Brazzaville),3576.92,1,1,1,2006.0,0,0
COG,"Congo, Rep.",2007,Rep. of Congo (Brazzaville),5019.35,1,1,1,2007.0,0,0
COG,"Congo, Rep.",2008,Rep. of Congo (Brazzaville),2329.14,1,1,1,2008.0,0,0
COG,"Congo, Rep.",2009,Rep. of Congo (Brazzaville),976.11,1,1,1,2009.0,0,0
COG,"Congo, Rep.",2010,Rep. of Congo (Brazzaville),2619.77,1,1,1,2010.0,0,0
COG,"Congo, Rep.",2011,Rep. of Congo (Brazzaville),282.8,1,1,1,2011.0,0,0
COG,"Congo, Rep.",2012,Rep. of Congo (Brazzaville),239.83,1,1,1,2012.0,0,0
COG,"Congo, Rep.",2013,Rep. of Congo (Brazzaville),265.35,1,1,1,2013.0,0,0
COG,"Congo, Rep.",2014,Rep. of Congo (Brazzaville),260.78,1,1,1,2014.0,0,0
COG,"Congo, Rep.",2015,Rep. of Congo (Brazzaville),252.06,1,1,1,2015.0,0,0
COG,"Congo, Rep.",2016,Rep. of Congo (Brazzaville),669.37,1,1,1,2016.0,0,0
COG,"Congo, Rep.",2017,Rep. of Congo (Brazzaville),691.0,1,1,1,2017.0,0,0
COG,"Congo, Rep.",2018,Rep. of Congo (Brazzaville),427.81,1,1,1,2018.0,0,0
COG,"Congo, Rep.",2019,Rep. of Congo (Brazzaville),392.8,1,1,1,2019.0,0,0
COG,"Congo, Rep.",2020,Rep. of Congo (Brazzaville),1581.0,1,1,1,2020.0,0,0
COG,"Congo, Rep.",2021,Rep. of Congo (Brazzaville),547.0,1,1,1,2021.0,0,0
COG,"Congo, Rep.",2022,Rep. of Congo (Brazzaville),629.0,1,1,1,2022.0,0,0
COG,"Congo, Rep.",2023,Rep. of Congo (Brazzaville),570.0,1,1,1,2023.0,0,0
COG,"Congo, Rep.",2024,Rep. of Congo (Brazzaville),377.0,1,1,1,2024.0,0,0
COL,Colombia,1960,Colombia,0.0,0,0,0,,1,1
COL,Colombia,1961,Colombia,0.0,0,0,0,,1,2
COL,Colombia,1962,Colombia,0.0,0,0,0,,1,3
COL,Colombia,1963,Colombia,0.0,0,0,0,,1,4
COL,Colombia,1964,Colombia,0.0,0,0,0,,1,5
COL,Colombia,1965,Colombia,0.0,0,0,0,,1,6
COL,Colombia,1966,Colombia,0.0,0,0,0,,1,7
COL,Colombia,1967,Colombia,0.0,0,0,0,,1,8
COL,Colombia,1968,Colombia,0.0,0,0,0,,1,9
COL,Colombia,1969,Colombia,0.0,0,0,0,,1,10
COL,Colombia,1970,Colombia,0.0,0,0,0,,1,11
COL,Colombia,1971,Colombia,0.0,0,0,0,,1,12
COL,Colombia,1972,Colombia,0.0,0,0,0,,1,13
COL,Colombia,1973,Colombia,0.0,0,0,0,,1,14
COL,Colombia,1974,Colombia,0.0,0,0,0,,1,15
COL,Colombia,1975,Colombia,0.0,0,0,0,,1,16
COL,Colombia,1976,Colombia,0.0,0,0,0,,1,17
COL,Colombia,1977,Colombia,0.0,0,0,0,,1,18
COL,Colombia,1978,Colombia,0.0,0,0,0,,1,19
COL,Colombia,1979,Colombia,0.0,0,0,0,,1,20
COL,Colombia,1980,Colombia,0.18,1,0,0,1980.0,0,0
COL,Colombia,1981,Colombia,0.18,1,1,1,1981.0,0,0
COL,Colombia,1982,Colombia,1.31,1,1,1,1982.0,0,0
COL,Colombia,1983,Colombia,4.67,1,1,1,1983.0,0,0
COL,Colombia,1984,Colombia,8.78,1,1,1,1984.0,0,0
COL,Colombia,1985,Colombia,15.83,1,1,1,1985.0,0,0
COL,Colombia,1986,Colombia,2.63,1,1,1,1986.0,0,0
COL,Colombia,1987,Colombia,8.77,1,1,1,1987.0,0,0
COL,Colombia,1988,Colombia,437.54,1,1,1,1988.0,0,0
COL,Colombia,1989,Colombia,338.0,1,1,1,1989.0,0,0
COL,Colombia,1990,Colombia,439.7,1,1,1,1990.0,0,0
COL,Colombia,1991,Colombia,273.2,1,1,1,1991.0,0,0
COL,Colombia,1992,Colombia,180.76,1,1,1,1992.0,0,0
COL,Colombia,1993,Colombia,550.36,1,1,1,1993.0,0,0
COL,Colombia,1994,Colombia,189.39,1,1,1,1994.0,0,0
COL,Colombia,1995,Colombia,179.06,1,1,1,1995.0,0,0
COL,Colombia,1996,Colombia,10.01,1,1,1,1996.0,0,0
COL,Colombia,1997,Colombia,8.79,1,1,1,1997.0,0,0
COL,Colombia,1998,Colombia,9.35,1,1,1,1998.0,0,0
COL,Colombia,1999,Colombia,8.0,1,1,1,1999.0,0,0
COL,Colombia,2000,Colombia,7.53,1,1,1,2000.0,0,0
COL,Colombia,2001,Colombia,6.6,1,1,1,2001.0,0,0
COL,Colombia,2002,Colombia,0.19,1,1,1,2002.0,0,0
COL,Colombia,2003,Colombia,0.22,1,1,1,2003.0,0,0
COL,Colombia,2004,Colombia,0.0,0,1,1,2003.0,0,1
COL,Colombia,2005,Colombia,0.0,0,1,1,2003.0,0,2
COL,Colombia,2006,Colombia,0.0,0,1,1,2003.0,0,3
COL,Colombia,2007,Colombia,0.0,0,1,1,2003.0,0,4
COL,Colombia,2008,Colombia,0.0,0,1,1,2003.0,0,5
COL,Colombia,2009,Colombia,0.0,0,0,1,2003.0,0,6
COL,Colombia,2010,Colombia,0.0,0,0,1,2003.0,0,7
COL,Colombia,2011,Colombia,0.0,0,0,1,2003.0,0,8
COL,Colombia,2012,Colombia,0.0,0,0,1,2003.0,0,9
COL,Colombia,2013,Colombia,0.0,0,0,1,2003.0,0,10
COL,Colombia,2014,Colombia,0.0,0,0,0,2003.0,0,11
COL,Colombia,2015,Colombia,0.0,0,0,0,2003.0,0,12
COL,Colombia,2016,Colombia,0.0,0,0,0,2003.0,0,13
COL,Colombia,2017,Colombia,2796.31,1,0,0,2017.0,0,0
COL,Colombia,2018,Colombia,0.0,0,1,1,2017.0,0,1
COL,Colombia,2019,Colombia,0.0,0,1,1,2017.0,0,2
COL,Colombia,2020,Colombia,0.0,0,1,1,2017.0,0,3
COL,Colombia,2021,Colombia,0.0,0,1,1,2017.0,0,4
COL,Colombia,2022,Colombia,0.0,0,1,1,2017.0,0,5
COL,Colombia,2023,Colombia,0.0,0,0,1,2017.0,0,6
COL,Colombia,2024,Colombia,0.0,0,0,1,2017.0,0,7
COM,Comoros,1960,Comoros,0.0,0,0,0,,1,1
COM,Comoros,1961,Comoros,0.0,0,0,0,,1,2
COM,Comoros,1962,Comoros,0.0,0,0,0,,1,3
COM,Comoros,1963,Comoros,0.0,0,0,0,,1,4
COM,Comoros,1964,Comoros,0.0,0,0,0,,1,5
COM,Comoros,1965,Comoros,0.0,0,0,0,,1,6
COM,Comoros,1966,Comoros,0.0,0,0,0,,1,7
COM,Comoros,1967,Comoros,0.0,0,0,0,,1,8
COM,Comoros,1968,Comoros,0.0,0,0,0,,1,9
COM,Comoros,1969,Comoros,0.0,0,0,0,,1,10
COM,Comoros,1970,Comoros,0.0,0,0,0,,1,11
COM,Comoros,1971,Comoros,0.0,0,0,0,,1,12
COM,Comoros,1972,Comoros,0.0,0,0,0,,1,13
COM,Comoros,1973,Comoros,0.0,0,0,0,,1,14
COM,Comoros,1974,Comoros,0.0,0,0,0,,1,15
COM,Comoros,1975,Comoros,0.0,0,0,0,,1,16
COM,Comoros,1976,Comoros,0.04,1,0,0,1976.0,0,0
COM,Comoros,1977,Comoros,0.39,1,1,1,1977.0,0,0
COM,Comoros,1978,Comoros,1.48,1,1,1,1978.0,0,0
COM,Comoros,1979,Comoros,2.55,1,1,1,1979.0,0,0
COM,Comoros,1980,Comoros,0.0,0,1,1,1979.0,0,1
COM,Comoros,1981,Comoros,0.05,1,1,1,1981.0,0,0
COM,Comoros,1982,Comoros,0.29,1,1,1,1982.0,0,0
COM,Comoros,1983,Comoros,0.41,1,1,1,1983.0,0,0
COM,Comoros,1984,Comoros,1.87,1,1,1,1984.0,0,0
COM,Comoros,1985,Comoros,2.29,1,1,1,1985.0,0,0
COM,Comoros,1986,Comoros,7.12,1,1,1,1986.0,0,0
COM,Comoros,1987,Comoros,14.51,1,1,1,1987.0,0,0
COM,Comoros,1988,Comoros,22.33,1,1,1,1988.0,0,0
COM,Comoros,1989,Comoros,55.14,1,1,1,1989.0,0,0
COM,Comoros,1990,Comoros,37.75,1,1,1,1990.0,0,0
COM,Comoros,1991,Comoros,34.07,1,1,1,1991.0,0,0
COM,Comoros,1992,Comoros,30.0,1,1,1,1992.0,0,0
COM,Comoros,1993,Comoros,26.0,1,1,1,1993.0,0,0
COM,Comoros,1994,Comoros,28.0,1,1,1,1994.0,0,0
COM,Comoros,1995,Comoros,36.0,1,1,1,1995.0,0,0
COM,Comoros,1996,Comoros,43.0,1,1,1,1996.0,0,0
COM,Comoros,1997,Comoros,45.0,1,1,1,1997.0,0,0
COM,Comoros,1998,Comoros,51.0,1,1,1,1998.0,0,0
COM,Comoros,1999,Comoros,57.0,1,1,1,1999.0,0,0
COM,Comoros,2000,Comoros,56.0,1,1,1,2000.0,0,0
COM,Comoros,2001,Comoros,81.0,1,1,1,2001.0,0,0
COM,Comoros,2002,Comoros,89.15,1,1,1,2002.0,0,0
COM,Comoros,2003,Comoros,92.3,1,1,1,2003.0,0,0
COM,Comoros,2004,Comoros,107.31,1,1,1,2004.0,0,0
COM,Comoros,2005,Comoros,103.08,1,1,1,2005.0,0,0
COM,Comoros,2006,Comoros,108.77,1,1,1,2006.0,0,0
COM,Comoros,2007,Comoros,111.18,1,1,1,2007.0,0,0
COM,Comoros,2008,Comoros,28.17,1,1,1,2008.0,0,0
COM,Comoros,2009,Comoros,38.91,1,1,1,2009.0,0,0
COM,Comoros,2010,Comoros,64.51,1,1,1,2010.0,0,0
COM,Comoros,2011,Comoros,23.33,1,1,1,2011.0,0,0
COM,Comoros,2012,Comoros,51.43,1,1,1,2012.0,0,0
COM,Comoros,2013,Comoros,156.84,1,1,1,2013.0,0,0
COM,Comoros,2014,Comoros,5.26,1,1,1,2014.0,0,0
COM,Comoros,2015,Comoros,6.18,1,1,1,2015.0,0,0
COM,Comoros,2016,Comoros,7.34,1,1,1,2016.0,0,0
COM,Comoros,2017,Comoros,8.16,1,1,1,2017.0,0,0
COM,Comoros,2018,Comoros,9.42,1,1,1,2018.0,0,0
COM,Comoros,2019,Comoros,10.89,1,1,1,2019.0,0,0
COM,Comoros,2020,Comoros,12.45,1,1,1,2020.0,0,0
COM,Comoros,2021,Comoros,15.4,1,1,1,2021.0,0,0
COM,Comoros,2022,Comoros,11.56,1,1,1,2022.0,0,0
COM,Comoros,2023,Comoros,8.0,1,1,1,2023.0,0,0
COM,Comoros,2024,Comoros,15.0,1,1,1,2024.0,0,0
CPV,Cabo Verde,1960,Cabo Verde,0.0,0,0,0,,1,1
CPV,Cabo Verde,1961,Cabo Verde,0.0,0,0,0,,1,2
CPV,Cabo Verde,1962,Cabo Verde,0.0,0,0,0,,1,3
CPV,Cabo Verde,1963,Cabo Verde,0.0,0,0,0,,1,4
CPV,Cabo Verde,1964,Cabo Verde,0.0,0,0,0,,1,5
CPV,Cabo Verde,1965,Cabo Verde,0.0,0,0,0,,1,6
CPV,Cabo Verde,1966,Cabo Verde,0.0,0,0,0,,1,7
CPV,Cabo Verde,1967,Cabo Verde,0.0,0,0,0,,1,8
CPV,Cabo Verde,1968,Cabo Verde,0.0,0,0,0,,1,9
CPV,Cabo Verde,1969,Cabo Verde,0.0,0,0,0,,1,10
CPV,Cabo Verde,1970,Cabo Verde,0.0,0,0,0,,1,11
CPV,Cabo Verde,1971,Cabo Verde,0.0,0,0,0,,1,12
CPV,Cabo Verde,1972,Cabo Verde,0.0,0,0,0,,1,13
CPV,Cabo Verde,1973,Cabo Verde,0.0,0,0,0,,1,14
CPV,Cabo Verde,1974,Cabo Verde,0.0,0,0,0,,1,15
CPV,Cabo Verde,1975,Cabo Verde,0.0,0,0,0,,1,16
CPV,Cabo Verde,1976,Cabo Verde,0.0,0,0,0,,1,17
CPV,Cabo Verde,1977,Cabo Verde,0.0,0,0,0,,1,18
CPV,Cabo Verde,1978,Cabo Verde,0.0,0,0,0,,1,19
CPV,Cabo Verde,1979,Cabo Verde,0.0,0,0,0,,1,20
CPV,Cabo Verde,1980,Cabo Verde,0.0,0,0,0,,1,21
CPV,Cabo Verde,1981,Cabo Verde,0.01,1,0,0,1981.0,0,0
CPV,Cabo Verde,1982,Cabo Verde,0.02,1,1,1,1982.0,0,0
CPV,Cabo Verde,1983,Cabo Verde,0.02,1,1,1,1983.0,0,0
CPV,Cabo Verde,1984,Cabo Verde,0.0,0,1,1,1983.0,0,1
CPV,Cabo Verde,1985,Cabo Verde,37.56,1,1,1,1985.0,0,0
CPV,Cabo Verde,1986,Cabo Verde,43.31,1,1,1,1986.0,0,0
CPV,Cabo Verde,1987,Cabo Verde,48.82,1,1,1,1987.0,0,0
CPV,Cabo Verde,1988,Cabo Verde,54.55,1,1,1,1988.0,0,0
CPV,Cabo Verde,1989,Cabo Verde,63.03,1,1,1,1989.0,0,0
CPV,Cabo Verde,1990,Cabo Verde,80.4,1,1,1,1990.0,0,0
CPV,Cabo Verde,1991,Cabo Verde,69.02,1,1,1,1991.0,0,0
CPV,Cabo Verde,1992,Cabo Verde,66.54,1,1,1,1992.0,0,0
CPV,Cabo Verde,1993,Cabo Verde,68.77,1,1,1,1993.0,0,0
CPV,Cabo Verde,1994,Cabo Verde,68.78,1,1,1,1994.0,0,0
CPV,Cabo Verde,1995,Cabo Verde,70.72,1,1,1,1995.0,0,0
CPV,Cabo Verde,1996,Cabo Verde,27.92,1,1,1,1996.0,0,0
CPV,Cabo Verde,1997,Cabo Verde,24.3,1,1,1,1997.0,0,0
CPV,Cabo Verde,1998,Cabo Verde,84.74,1,1,1,1998.0,0,0
CPV,Cabo Verde,1999,Cabo Verde,205.94,1,1,1,1999.0,0,0
CPV,Cabo Verde,2000,Cabo Verde,207.08,1,1,1,2000.0,0,0
CPV,Cabo Verde,2001,Cabo Verde,106.58,1,1,1,2001.0,0,0
CPV,Cabo Verde,2002,Cabo Verde,31.48,1,1,1,2002.0,0,0
CPV,Cabo Verde,2003,Cabo Verde,24.63,1,1,1,2003.0,0,0
CPV,Cabo Verde,2004,Cabo Verde,12.61,1,1,1,2004.0,0,0
CPV,Cabo Verde,2005,Cabo Verde,4.05,1,1,1,2005.0,0,0
CPV,Cabo Verde,2006,Cabo Verde,3.16,1,1,1,2006.0,0,0
CPV,Cabo Verde,2007,Cabo Verde,6.12,1,1,1,2007.0,0,0
CPV,Cabo Verde,2008,Cabo Verde,3.88,1,1,1,2008.0,0,0
CPV,Cabo Verde,2009,Cabo Verde,3.9,1,1,1,2009.0,0,0
CPV,Cabo Verde,2010,Cabo Verde,8.44,1,1,1,2010.0,0,0
CPV,Cabo Verde,2011,Cabo Verde,0.0,0,1,1,2010.0,0,1
CPV,Cabo Verde,2012,Cabo Verde,0.0,0,1,1,2010.0,0,2
CPV,Cabo Verde,2013,Cabo Verde,0.0,0,1,1,2010.0,0,3
CPV,Cabo Verde,2014,Cabo Verde,0.0,0,1,1,2010.0,0,4
CPV,Cabo Verde,2015,Cabo Verde,0.0,0,1,1,2010.0,0,5
CPV,Cabo Verde,2016,Cabo Verde,1.54,1,0,1,2016.0,0,0
CPV,Cabo Verde,2017,Cabo Verde,0.0,0,1,1,2016.0,0,1
CPV,Cabo Verde,2018,Cabo Verde,118.51,1,1,1,2018.0,0,0
CPV,Cabo Verde,2019,Cabo Verde,115.06,1,1,1,2019.0,0,0
CPV,Cabo Verde,2020,Cabo Verde,147.77,1,1,1,2020.0,0,0
CPV,Cabo Verde,2021,Cabo Verde,145.24,1,1,1,2021.0,0,0
CPV,Cabo Verde,2022,Cabo Verde,0.0,0,1,1,2021.0,0,1
CPV,Cabo Verde,2023,Cabo Verde,0.0,0,1,1,2021.0,0,2
CPV,Cabo Verde,2024,Cabo Verde,0.0,0,1,1,2021.0,0,3
CRI,Costa Rica,1960,Costa Rica,0.0,0,0,0,,1,1
CRI,Costa Rica,1961,Costa Rica,0.0,0,0,0,,1,2
CRI,Costa Rica,1962,Costa Rica,3.0,1,0,0,1962.0,0,0
CRI,Costa Rica,1963,Costa Rica,0.0,0,1,1,1962.0,0,1
CRI,Costa Rica,1964,Costa Rica,0.0,0,1,1,1962.0,0,2
CRI,Costa Rica,1965,Costa Rica,3.0,1,1,1,1965.0,0,0
CRI,Costa Rica,1966,Costa Rica,0.0,0,1,1,1965.0,0,1
CRI,Costa Rica,1967,Costa Rica,0.0,0,1,1,1965.0,0,2
CRI,Costa Rica,1968,Costa Rica,0.0,0,1,1,1965.0,0,3
CRI,Costa Rica,1969,Costa Rica,0.0,0,1,1,1965.0,0,4
CRI,Costa Rica,1970,Costa Rica,0.0,0,1,1,1965.0,0,5
CRI,Costa Rica,1971,Costa Rica,0.01,1,0,1,1971.0,0,0
CRI,Costa Rica,1972,Costa Rica,0.0,0,1,1,1971.0,0,1
CRI,Costa Rica,1973,Costa Rica,0.21,1,1,1,1973.0,0,0
CRI,Costa Rica,1974,Costa Rica,0.0,0,1,1,1973.0,0,1
CRI,Costa Rica,1975,Costa Rica,0.0,0,1,1,1973.0,0,2
CRI,Costa Rica,1976,Costa Rica,0.0,0,1,1,1973.0,0,3
CRI,Costa Rica,1977,Costa Rica,0.62,1,1,1,1977.0,0,0
CRI,Costa Rica,1978,Costa Rica,0.91,1,1,1,1978.0,0,0
CRI,Costa Rica,1979,Costa Rica,0.02,1,1,1,1979.0,0,0
CRI,Costa Rica,1980,Costa Rica,2.42,1,1,1,1980.0,0,0
CRI,Costa Rica,1981,Costa Rica,285.89,1,1,1,1981.0,0,0
CRI,Costa Rica,1982,Costa Rica,923.16,1,1,1,1982.0,0,0
CRI,Costa Rica,1983,Costa Rica,713.0,1,1,1,1983.0,0,0
CRI,Costa Rica,1984,Costa Rica,308.85,1,1,1,1984.0,0,0
CRI,Costa Rica,1985,Costa Rica,645.0,1,1,1,1985.0,0,0
CRI,Costa Rica,1986,Costa Rica,1786.78,1,1,1,1986.0,0,0
CRI,Costa Rica,1987,Costa Rica,2236.14,1,1,1,1987.0,0,0
CRI,Costa Rica,1988,Costa Rica,2527.82,1,1,1,1988.0,0,0
CRI,Costa Rica,1989,Costa Rica,1752.0,1,1,1,1989.0,0,0
CRI,Costa Rica,1990,Costa Rica,1882.52,1,1,1,1990.0,0,0
CRI,Costa Rica,1991,Costa Rica,260.23,1,1,1,1991.0,0,0
CRI,Costa Rica,1992,Costa Rica,60.13,1,1,1,1992.0,0,0
CRI,Costa Rica,1993,Costa Rica,93.63,1,1,1,1993.0,0,0
CRI,Costa Rica,1994,Costa Rica,109.89,1,1,1,1994.0,0,0
CRI,Costa Rica,1995,Costa Rica,61.41,1,1,1,1995.0,0,0
CRI,Costa Rica,1996,Costa Rica,6.6,1,1,1,1996.0,0,0
CRI,Costa Rica,1997,Costa Rica,5.0,1,1,1,1997.0,0,0
CRI,Costa Rica,1998,Costa Rica,3.44,1,1,1,1998.0,0,0
CRI,Costa Rica,1999,Costa Rica,3.12,1,1,1,1999.0,0,0
CRI,Costa Rica,2000,Costa Rica,3.12,1,1,1,2000.0,0,0
CRI,Costa Rica,2001,Costa Rica,3.1,1,1,1,2001.0,0,0
CRI,Costa Rica,2002,Costa Rica,0.22,1,1,1,2002.0,0,0
CRI,Costa Rica,2003,Costa Rica,0.32,1,1,1,2003.0,0,0
CRI,Costa Rica,2004,Costa Rica,0.17,1,1,1,2004.0,0,0
CRI,Costa Rica,2005,Costa Rica,0.0,0,1,1,2004.0,0,1
CRI,Costa Rica,2006,Costa Rica,2.02,1,1,1,2006.0,0,0
CRI,Costa Rica,2007,Costa Rica,0.1,1,1,1,2007.0,0,0
CRI,Costa Rica,2008,Costa Rica,0.31,1,1,1,2008.0,0,0
CRI,Costa Rica,2009,Costa Rica,0.31,1,1,1,2009.0,0,0
CRI,Costa Rica,2010,Costa Rica,0.34,1,1,1,2010.0,0,0
CRI,Costa Rica,2011,Costa Rica,0.34,1,1,1,2011.0,0,0
CRI,Costa Rica,2012,Costa Rica,0.34,1,1,1,2012.0,0,0
CRI,Costa Rica,2013,Costa Rica,0.34,1,1,1,2013.0,0,0
CRI,Costa Rica,2014,Costa Rica,0.32,1,1,1,2014.0,0,0
CRI,Costa Rica,2015,Costa Rica,0.0,0,1,1,2014.0,0,1
CRI,Costa Rica,2016,Costa Rica,0.0,0,1,1,2014.0,0,2
CRI,Costa Rica,2017,Costa Rica,0.0,0,1,1,2014.0,0,3
CRI,Costa Rica,2018,Costa Rica,0.0,0,1,1,2014.0,0,4
CRI,Costa Rica,2019,Costa Rica,0.0,0,1,1,2014.0,0,5
CRI,Costa Rica,2020,Costa Rica,0.0,0,0,1,2014.0,0,6
CRI,Costa Rica,2021,Costa Rica,0.0,0,0,1,2014.0,0,7
CRI,Costa Rica,2022,Costa Rica,0.0,0,0,1,2014.0,0,8
CRI,Costa Rica,2023,Costa Rica,0.0,0,0,1,2014.0,0,9
CRI,Costa Rica,2024,Costa Rica,0.0,0,0,1,2014.0,0,10
CUB,Cuba,1960,Cuba,69.0,1,0,0,1960.0,0,0
CUB,Cuba,1961,Cuba,288.0,1,1,1,1961.0,0,0
CUB,Cuba,1962,Cuba,25.0,1,1,1,1962.0,0,0
CUB,Cuba,1963,Cuba,25.0,1,1,1,1963.0,0,0
CUB,Cuba,1964,Cuba,25.0,1,1,1,1964.0,0,0
CUB,Cuba,1965,Cuba,0.0,0,1,1,1964.0,0,1
CUB,Cuba,1966,Cuba,0.0,0,1,1,1964.0,0,2
CUB,Cuba,1967,Cuba,0.0,0,1,1,1964.0,0,3
CUB,Cuba,1968,Cuba,0.0,0,1,1,1964.0,0,4
CUB,Cuba,1969,Cuba,0.0,0,1,1,1964.0,0,5
CUB,Cuba,1970,Cuba,0.0,0,0,1,1964.0,0,6
CUB,Cuba,1971,Cuba,0.0,0,0,1,1964.0,0,7
CUB,Cuba,1972,Cuba,0.0,0,0,1,1964.0,0,8
CUB,Cuba,1973,Cuba,0.0,0,0,1,1964.0,0,9
CUB,Cuba,1974,Cuba,0.0,0,0,1,1964.0,0,10
CUB,Cuba,1975,Cuba,0.0,0,0,0,1964.0,0,11
CUB,Cuba,1976,Cuba,0.0,0,0,0,1964.0,0,12
CUB,Cuba,1977,Cuba,0.0,0,0,0,1964.0,0,13
CUB,Cuba,1978,Cuba,0.0,0,0,0,1964.0,0,14
CUB,Cuba,1979,Cuba,0.0,0,0,0,1964.0,0,15
CUB,Cuba,1980,Cuba,0.0,0,0,0,1964.0,0,16
CUB,Cuba,1981,Cuba,0.0,0,0,0,1964.0,0,17
CUB,Cuba,1982,Cuba,800.0,1,0,0,1982.0,0,0
CUB,Cuba,1983,Cuba,917.27,1,1,1,1983.0,0,0
CUB,Cuba,1984,Cuba,678.81,1,1,1,1984.0,0,0
CUB,Cuba,1985,Cuba,807.59,1,1,1,1985.0,0,0
CUB,Cuba,1986,Cuba,9420.37,1,1,1,1986.0,0,0
CUB,Cuba,1987,Cuba,9774.72,1,1,1,1987.0,0,0
CUB,Cuba,1988,Cuba,9895.55,1,1,1,1988.0,0,0
CUB,Cuba,1989,Cuba,10915.23,1,1,1,1989.0,0,0
CUB,Cuba,1990,Cuba,10365.87,1,1,1,1990.0,0,0
CUB,Cuba,1991,Cuba,10543.57,1,1,1,1991.0,0,0
CUB,Cuba,1992,Cuba,10783.47,1,1,1,1992.0,0,0
CUB,Cuba,1993,Cuba,11063.37,1,1,1,1993.0,0,0
CUB,Cuba,1994,Cuba,11531.28,1,1,1,1994.0,0,0
CUB,Cuba,1995,Cuba,13225.63,1,1,1,1995.0,0,0
CUB,Cuba,1996,Cuba,11840.51,1,1,1,1996.0,0,0
CUB,Cuba,1997,Cuba,11748.24,1,1,1,1997.0,0,0
CUB,Cuba,1998,Cuba,11859.07,1,1,1,1998.0,0,0
CUB,Cuba,1999,Cuba,12134.34,1,1,1,1999.0,0,0
CUB,Cuba,2000,Cuba,12293.38,1,1,1,2000.0,0,0
CUB,Cuba,2001,Cuba,12182.65,1,1,1,2001.0,0,0
CUB,Cuba,2002,Cuba,12599.47,1,1,1,2002.0,0,0
CUB,Cuba,2003,Cuba,14220.45,1,1,1,2003.0,0,0
CUB,Cuba,2004,Cuba,16723.49,1,1,1,2004.0,0,0
CUB,Cuba,2005,Cuba,14550.76,1,1,1,2005.0,0,0
CUB,Cuba,2006,Cuba,14822.37,1,1,1,2006.0,0,0
CUB,Cuba,2007,Cuba,15233.99,1,1,1,2007.0,0,0
CUB,Cuba,2008,Cuba,16168.09,1,1,1,2008.0,0,0
CUB,Cuba,2009,Cuba,16370.87,1,1,1,2009.0,0,0
CUB,Cuba,2010,Cuba,23102.68,1,1,1,2010.0,0,0
CUB,Cuba,2011,Cuba,23174.54,1,1,1,2011.0,0,0
CUB,Cuba,2012,Cuba,19177.79,1,1,1,2012.0,0,0
CUB,Cuba,2013,Cuba,14788.59,1,1,1,2013.0,0,0
CUB,Cuba,2014,Cuba,49247.21,1,1,1,2014.0,0,0
CUB,Cuba,2015,Cuba,14003.66,1,1,1,2015.0,0,0
CUB,Cuba,2016,Cuba,19551.09,1,1,1,2016.0,0,0
CUB,Cuba,2017,Cuba,8903.99,1,1,1,2017.0,0,0
CUB,Cuba,2018,Cuba,8483.55,1,1,1,2018.0,0,0
CUB,Cuba,2019,Cuba,8109.01,1,1,1,2019.0,0,0
CUB,Cuba,2020,Cuba,8209.7,1,1,1,2020.0,0,0
CUB,Cuba,2021,Cuba,10527.23,1,1,1,2021.0,0,0
CUB,Cuba,2022,Cuba,13404.39,1,1,1,2022.0,0,0
CUB,Cuba,2023,Cuba,12550.02,1,1,1,2023.0,0,0
CUB,Cuba,2024,Cuba,14457.0,1,1,1,2024.0,0,0
CUW,Curacao,1960,Curaçao,0.0,0,0,0,,1,1
CUW,Curacao,1961,Curaçao,0.0,0,0,0,,1,2
CUW,Curacao,1962,Curaçao,0.0,0,0,0,,1,3
CUW,Curacao,1963,Curaçao,0.0,0,0,0,,1,4
CUW,Curacao,1964,Curaçao,0.0,0,0,0,,1,5
CUW,Curacao,1965,Curaçao,0.0,0,0,0,,1,6
CUW,Curacao,1966,Curaçao,0.0,0,0,0,,1,7
CUW,Curacao,1967,Curaçao,0.0,0,0,0,,1,8
CUW,Curacao,1968,Curaçao,0.0,0,0,0,,1,9
CUW,Curacao,1969,Curaçao,0.0,0,0,0,,1,10
CUW,Curacao,1970,Curaçao,0.0,0,0,0,,1,11
CUW,Curacao,1971,Curaçao,0.0,0,0,0,,1,12
CUW,Curacao,1972,Curaçao,0.0,0,0,0,,1,13
CUW,Curacao,1973,Curaçao,0.0,0,0,0,,1,14
CUW,Curacao,1974,Curaçao,0.0,0,0,0,,1,15
CUW,Curacao,1975,Curaçao,0.0,0,0,0,,1,16
CUW,Curacao,1976,Curaçao,0.0,0,0,0,,1,17
CUW,Curacao,1977,Curaçao,0.0,0,0,0,,1,18
CUW,Curacao,1978,Curaçao,0.0,0,0,0,,1,19
CUW,Curacao,1979,Curaçao,0.0,0,0,0,,1,20
CUW,Curacao,1980,Curaçao,0.0,0,0,0,,1,21
CUW,Curacao,1981,Curaçao,0.0,0,0,0,,1,22
CUW,Curacao,1982,Curaçao,0.0,0,0,0,,1,23
CUW,Curacao,1983,Curaçao,0.0,0,0,0,,1,24
CUW,Curacao,1984,Curaçao,0.0,0,0,0,,1,25
CUW,Curacao,1985,Curaçao,0.0,0,0,0,,1,26
CUW,Curacao,1986,Curaçao,0.0,0,0,0,,1,27
CUW,Curacao,1987,Curaçao,0.0,0,0,0,,1,28
CUW,Curacao,1988,Curaçao,0.0,0,0,0,,1,29
CUW,Curacao,1989,Curaçao,0.0,0,0,0,,1,30
CUW,Curacao,1990,Curaçao,0.0,0,0,0,,1,31
CUW,Curacao,1991,Curaçao,0.0,0,0,0,,1,32
CUW,Curacao,1992,Curaçao,0.0,0,0,0,,1,33
CUW,Curacao,1993,Curaçao,0.0,0,0,0,,1,34
CUW,Curacao,1994,Curaçao,0.0,0,0,0,,1,35
CUW,Curacao,1995,Curaçao,0.0,0,0,0,,1,36
CUW,Curacao,1996,Curaçao,0.0,0,0,0,,1,37
CUW,Curacao,1997,Curaçao,0.0,0,0,0,,1,38
CUW,Curacao,1998,Curaçao,0.0,0,0,0,,1,39
CUW,Curacao,1999,Curaçao,0.0,0,0,0,,1,40
CUW,Curacao,2000,Curaçao,0.0,0,0,0,,1,41
CUW,Curacao,2001,Curaçao,0.0,0,0,0,,1,42
CUW,Curacao,2002,Curaçao,0.0,0,0,0,,1,43
CUW,Curacao,2003,Curaçao,0.0,0,0,0,,1,44
CUW,Curacao,2004,Curaçao,0.0,0,0,0,,1,45
CUW,Curacao,2005,Curaçao,0.0,0,0,0,,1,46
CUW,Curacao,2006,Curaçao,0.0,0,0,0,,1,47
CUW,Curacao,2007,Curaçao,0.0,0,0,0,,1,48
CUW,Curacao,2008,Curaçao,0.0,0,0,0,,1,49
CUW,Curacao,2009,Curaçao,0.0,0,0,0,,1,50
CUW,Curacao,2010,Curaçao,1242.5,1,0,0,2010.0,0,0
CUW,Curacao,2011,Curaçao,0.0,0,1,1,2010.0,0,1
CUW,Curacao,2012,Curaçao,0.0,0,1,1,2010.0,0,2
CUW,Curacao,2013,Curaçao,0.0,0,1,1,2010.0,0,3
CUW,Curacao,2014,Curaçao,0.0,0,1,1,2010.0,0,4
CUW,Curacao,2015,Curaçao,0.0,0,1,1,2010.0,0,5
CUW,Curacao,2016,Curaçao,0.0,0,0,1,2010.0,0,6
CUW,Curacao,2017,Curaçao,0.0,0,0,1,2010.0,0,7
CUW,Curacao,2018,Curaçao,0.0,0,0,1,2010.0,0,8
CUW,Curacao,2019,Curaçao,0.0,0,0,1,2010.0,0,9
CUW,Curacao,2020,Curaçao,0.0,0,0,1,2010.0,0,10
CUW,Curacao,2021,Curaçao,0.0,0,0,0,2010.0,0,11
CUW,Curacao,2022,Curaçao,508.94,1,0,0,2022.0,0,0
CUW,Curacao,2023,Curaçao,0.0,0,1,1,2022.0,0,1
CUW,Curacao,2024,Curaçao,0.0,0,1,1,2022.0,0,2
CYM,Cayman Islands,1960,,0.0,0,0,0,,1,1
CYM,Cayman Islands,1961,,0.0,0,0,0,,1,2
CYM,Cayman Islands,1962,,0.0,0,0,0,,1,3
CYM,Cayman Islands,1963,,0.0,0,0,0,,1,4
CYM,Cayman Islands,1964,,0.0,0,0,0,,1,5
CYM,Cayman Islands,1965,,0.0,0,0,0,,1,6
CYM,Cayman Islands,1966,,0.0,0,0,0,,1,7
CYM,Cayman Islands,1967,,0.0,0,0,0,,1,8
CYM,Cayman Islands,1968,,0.0,0,0,0,,1,9
CYM,Cayman Islands,1969,,0.0,0,0,0,,1,10
CYM,Cayman Islands,1970,,0.0,0,0,0,,1,11
CYM,Cayman Islands,1971,,0.0,0,0,0,,1,12
CYM,Cayman Islands,1972,,0.0,0,0,0,,1,13
CYM,Cayman Islands,1973,,0.0,0,0,0,,1,14
CYM,Cayman Islands,1974,,0.0,0,0,0,,1,15
CYM,Cayman Islands,1975,,0.0,0,0,0,,1,16
CYM,Cayman Islands,1976,,0.0,0,0,0,,1,17
CYM,Cayman Islands,1977,,0.0,0,0,0,,1,18
CYM,Cayman Islands,1978,,0.0,0,0,0,,1,19
CYM,Cayman Islands,1979,,0.0,0,0,0,,1,20
CYM,Cayman Islands,1980,,0.0,0,0,0,,1,21
CYM,Cayman Islands,1981,,0.0,0,0,0,,1,22
CYM,Cayman Islands,1982,,0.0,0,0,0,,1,23
CYM,Cayman Islands,1983,,0.0,0,0,0,,1,24
CYM,Cayman Islands,1984,,0.0,0,0,0,,1,25
CYM,Cayman Islands,1985,,0.0,0,0,0,,1,26
CYM,Cayman Islands,1986,,0.0,0,0,0,,1,27
CYM,Cayman Islands,1987,,0.0,0,0,0,,1,28
CYM,Cayman Islands,1988,,0.0,0,0,0,,1,29
CYM,Cayman Islands,1989,,0.0,0,0,0,,1,30
CYM,Cayman Islands,1990,,0.0,0,0,0,,1,31
CYM,Cayman Islands,1991,,0.0,0,0,0,,1,32
CYM,Cayman Islands,1992,,0.0,0,0,0,,1,33
CYM,Cayman Islands,1993,,0.0,0,0,0,,1,34
CYM,Cayman Islands,1994,,0.0,0,0,0,,1,35
CYM,Cayman Islands,1995,,0.0,0,0,0,,1,36
CYM,Cayman Islands,1996,,0.0,0,0,0,,1,37
CYM,Cayman Islands,1997,,0.0,0,0,0,,1,38
CYM,Cayman Islands,1998,,0.0,0,0,0,,1,39
CYM,Cayman Islands,1999,,0.0,0,0,0,,1,40
CYM,Cayman Islands,2000,,0.0,0,0,0,,1,41
CYM,Cayman Islands,2001,,0.0,0,0,0,,1,42
CYM,Cayman Islands,2002,,0.0,0,0,0,,1,43
CYM,Cayman Islands,2003,,0.0,0,0,0,,1,44
CYM,Cayman Islands,2004,,0.0,0,0,0,,1,45
CYM,Cayman Islands,2005,,0.0,0,0,0,,1,46
CYM,Cayman Islands,2006,,0.0,0,0,0,,1,47
CYM,Cayman Islands,2007,,0.0,0,0,0,,1,48
CYM,Cayman Islands,2008,,0.0,0,0,0,,1,49
CYM,Cayman Islands,2009,,0.0,0,0,0,,1,50
CYM,Cayman Islands,2010,,0.0,0,0,0,,1,51
CYM,Cayman Islands,2011,,0.0,0,0,0,,1,52
CYM,Cayman Islands,2012,,0.0,0,0,0,,1,53
CYM,Cayman Islands,2013,,0.0,0,0,0,,1,54
CYM,Cayman Islands,2014,,0.0,0,0,0,,1,55
CYM,Cayman Islands,2015,,0.0,0,0,0,,1,56
CYM,Cayman Islands,2016,,0.0,0,0,0,,1,57
CYM,Cayman Islands,2017,,0.0,0,0,0,,1,58
CYM,Cayman Islands,2018,,0.0,0,0,0,,1,59
CYM,Cayman Islands,2019,,0.0,0,0,0,,1,60
CYM,Cayman Islands,2020,,0.0,0,0,0,,1,61
CYM,Cayman Islands,2021,,0.0,0,0,0,,1,62
CYM,Cayman Islands,2022,,0.0,0,0,0,,1,63
CYM,Cayman Islands,2023,,0.0,0,0,0,,1,64
CYM,Cayman Islands,2024,,0.0,0,0,0,,1,65
CYP,Cyprus,1960,Cyprus,0.0,0,0,0,,1,1
CYP,Cyprus,1961,Cyprus,0.0,0,0,0,,1,2
CYP,Cyprus,1962,Cyprus,0.0,0,0,0,,1,3
CYP,Cyprus,1963,Cyprus,0.0,0,0,0,,1,4
CYP,Cyprus,1964,Cyprus,0.0,0,0,0,,1,5
CYP,Cyprus,1965,Cyprus,0.0,0,0,0,,1,6
CYP,Cyprus,1966,Cyprus,0.0,0,0,0,,1,7
CYP,Cyprus,1967,Cyprus,0.0,0,0,0,,1,8
CYP,Cyprus,1968,Cyprus,0.0,0,0,0,,1,9
CYP,Cyprus,1969,Cyprus,0.0,0,0,0,,1,10
CYP,Cyprus,1970,Cyprus,0.0,0,0,0,,1,11
CYP,Cyprus,1971,Cyprus,0.0,0,0,0,,1,12
CYP,Cyprus,1972,Cyprus,0.0,0,0,0,,1,13
CYP,Cyprus,1973,Cyprus,0.0,0,0,0,,1,14
CYP,Cyprus,1974,Cyprus,0.0,0,0,0,,1,15
CYP,Cyprus,1975,Cyprus,0.0,0,0,0,,1,16
CYP,Cyprus,1976,Cyprus,0.0,0,0,0,,1,17
CYP,Cyprus,1977,Cyprus,0.0,0,0,0,,1,18
CYP,Cyprus,1978,Cyprus,0.0,0,0,0,,1,19
CYP,Cyprus,1979,Cyprus,0.0,0,0,0,,1,20
CYP,Cyprus,1980,Cyprus,0.0,0,0,0,,1,21
CYP,Cyprus,1981,Cyprus,0.0,0,0,0,,1,22
CYP,Cyprus,1982,Cyprus,0.0,0,0,0,,1,23
CYP,Cyprus,1983,Cyprus,0.0,0,0,0,,1,24
CYP,Cyprus,1984,Cyprus,0.0,0,0,0,,1,25
CYP,Cyprus,1985,Cyprus,0.0,0,0,0,,1,26
CYP,Cyprus,1986,Cyprus,0.0,0,0,0,,1,27
CYP,Cyprus,1987,Cyprus,0.0,0,0,0,,1,28
CYP,Cyprus,1988,Cyprus,0.0,0,0,0,,1,29
CYP,Cyprus,1989,Cyprus,0.0,0,0,0,,1,30
CYP,Cyprus,1990,Cyprus,0.0,0,0,0,,1,31
CYP,Cyprus,1991,Cyprus,0.0,0,0,0,,1,32
CYP,Cyprus,1992,Cyprus,0.0,0,0,0,,1,33
CYP,Cyprus,1993,Cyprus,0.0,0,0,0,,1,34
CYP,Cyprus,1994,Cyprus,0.0,0,0,0,,1,35
CYP,Cyprus,1995,Cyprus,0.0,0,0,0,,1,36
CYP,Cyprus,1996,Cyprus,0.0,0,0,0,,1,37
CYP,Cyprus,1997,Cyprus,0.0,0,0,0,,1,38
CYP,Cyprus,1998,Cyprus,0.0,0,0,0,,1,39
CYP,Cyprus,1999,Cyprus,0.0,0,0,0,,1,40
CYP,Cyprus,2000,Cyprus,0.0,0,0,0,,1,41
CYP,Cyprus,2001,Cyprus,0.0,0,0,0,,1,42
CYP,Cyprus,2002,Cyprus,0.0,0,0,0,,1,43
CYP,Cyprus,2003,Cyprus,0.0,0,0,0,,1,44
CYP,Cyprus,2004,Cyprus,0.0,0,0,0,,1,45
CYP,Cyprus,2005,Cyprus,0.0,0,0,0,,1,46
CYP,Cyprus,2006,Cyprus,0.0,0,0,0,,1,47
CYP,Cyprus,2007,Cyprus,0.0,0,0,0,,1,48
CYP,Cyprus,2008,Cyprus,0.0,0,0,0,,1,49
CYP,Cyprus,2009,Cyprus,0.0,0,0,0,,1,50
CYP,Cyprus,2010,Cyprus,0.0,0,0,0,,1,51
CYP,Cyprus,2011,Cyprus,0.0,0,0,0,,1,52
CYP,Cyprus,2012,Cyprus,0.0,0,0,0,,1,53
CYP,Cyprus,2013,Cyprus,1698.24,1,0,0,2013.0,0,0
CYP,Cyprus,2014,Cyprus,0.0,0,1,1,2013.0,0,1
CYP,Cyprus,2015,Cyprus,0.0,0,1,1,2013.0,0,2
CYP,Cyprus,2016,Cyprus,0.0,0,1,1,2013.0,0,3
CYP,Cyprus,2017,Cyprus,0.0,0,1,1,2013.0,0,4
CYP,Cyprus,2018,Cyprus,0.0,0,1,1,2013.0,0,5
CYP,Cyprus,2019,Cyprus,0.0,0,0,1,2013.0,0,6
CYP,Cyprus,2020,Cyprus,0.0,0,0,1,2013.0,0,7
CYP,Cyprus,2021,Cyprus,0.0,0,0,1,2013.0,0,8
CYP,Cyprus,2022,Cyprus,0.0,0,0,1,2013.0,0,9
CYP,Cyprus,2023,Cyprus,0.0,0,0,1,2013.0,0,10
CYP,Cyprus,2024,Cyprus,0.0,0,0,0,2013.0,0,11
CZE,Czechia,1960,,0.0,0,0,0,,1,1
CZE,Czechia,1961,,0.0,0,0,0,,1,2
CZE,Czechia,1962,,0.0,0,0,0,,1,3
CZE,Czechia,1963,,0.0,0,0,0,,1,4
CZE,Czechia,1964,,0.0,0,0,0,,1,5
CZE,Czechia,1965,,0.0,0,0,0,,1,6
CZE,Czechia,1966,,0.0,0,0,0,,1,7
CZE,Czechia,1967,,0.0,0,0,0,,1,8
CZE,Czechia,1968,,0.0,0,0,0,,1,9
CZE,Czechia,1969,,0.0,0,0,0,,1,10
CZE,Czechia,1970,,0.0,0,0,0,,1,11
CZE,Czechia,1971,,0.0,0,0,0,,1,12
CZE,Czechia,1972,,0.0,0,0,0,,1,13
CZE,Czechia,1973,,0.0,0,0,0,,1,14
CZE,Czechia,1974,,0.0,0,0,0,,1,15
CZE,Czechia,1975,,0.0,0,0,0,,1,16
CZE,Czechia,1976,,0.0,0,0,0,,1,17
CZE,Czechia,1977,,0.0,0,0,0,,1,18
CZE,Czechia,1978,,0.0,0,0,0,,1,19
CZE,Czechia,1979,,0.0,0,0,0,,1,20
CZE,Czechia,1980,,0.0,0,0,0,,1,21
CZE,Czechia,1981,,0.0,0,0,0,,1,22
CZE,Czechia,1982,,0.0,0,0,0,,1,23
CZE,Czechia,1983,,0.0,0,0,0,,1,24
CZE,Czechia,1984,,0.0,0,0,0,,1,25
CZE,Czechia,1985,,0.0,0,0,0,,1,26
CZE,Czechia,1986,,0.0,0,0,0,,1,27
CZE,Czechia,1987,,0.0,0,0,0,,1,28
CZE,Czechia,1988,,0.0,0,0,0,,1,29
CZE,Czechia,1989,,0.0,0,0,0,,1,30
CZE,Czechia,1990,,0.0,0,0,0,,1,31
CZE,Czechia,1991,,0.0,0,0,0,,1,32
CZE,Czechia,1992,,0.0,0,0,0,,1,33
CZE,Czechia,1993,,0.0,0,0,0,,1,34
CZE,Czechia,1994,,0.0,0,0,0,,1,35
CZE,Czechia,1995,,0.0,0,0,0,,1,36
CZE,Czechia,1996,,0.0,0,0,0,,1,37
CZE,Czechia,1997,,0.0,0,0,0,,1,38
CZE,Czechia,1998,,0.0,0,0,0,,1,39
CZE,Czechia,1999,,0.0,0,0,0,,1,40
CZE,Czechia,2000,,0.0,0,0,0,,1,41
CZE,Czechia,2001,,0.0,0,0,0,,1,42
CZE,Czechia,2002,,0.0,0,0,0,,1,43
CZE,Czechia,2003,,0.0,0,0,0,,1,44
CZE,Czechia,2004,,0.0,0,0,0,,1,45
CZE,Czechia,2005,,0.0,0,0,0,,1,46
CZE,Czechia,2006,,0.0,0,0,0,,1,47
CZE,Czechia,2007,,0.0,0,0,0,,1,48
CZE,Czechia,2008,,0.0,0,0,0,,1,49
CZE,Czechia,2009,,0.0,0,0,0,,1,50
CZE,Czechia,2010,,0.0,0,0,0,,1,51
CZE,Czechia,2011,,0.0,0,0,0,,1,52
CZE,Czechia,2012,,0.0,0,0,0,,1,53
CZE,Czechia,2013,,0.0,0,0,0,,1,54
CZE,Czechia,2014,,0.0,0,0,0,,1,55
CZE,Czechia,2015,,0.0,0,0,0,,1,56
CZE,Czechia,2016,,0.0,0,0,0,,1,57
CZE,Czechia,2017,,0.0,0,0,0,,1,58
CZE,Czechia,2018,,0.0,0,0,0,,1,59
CZE,Czechia,2019,,0.0,0,0,0,,1,60
CZE,Czechia,2020,,0.0,0,0,0,,1,61
CZE,Czechia,2021,,0.0,0,0,0,,1,62
CZE,Czechia,2022,,0.0,0,0,0,,1,63
CZE,Czechia,2023,,0.0,0,0,0,,1,64
CZE,Czechia,2024,,0.0,0,0,0,,1,65
DEU,Germany,1960,,0.0,0,0,0,,1,1
DEU,Germany,1961,,0.0,0,0,0,,1,2
DEU,Germany,1962,,0.0,0,0,0,,1,3
DEU,Germany,1963,,0.0,0,0,0,,1,4
DEU,Germany,1964,,0.0,0,0,0,,1,5
DEU,Germany,1965,,0.0,0,0,0,,1,6
DEU,Germany,1966,,0.0,0,0,0,,1,7
DEU,Germany,1967,,0.0,0,0,0,,1,8
DEU,Germany,1968,,0.0,0,0,0,,1,9
DEU,Germany,1969,,0.0,0,0,0,,1,10
DEU,Germany,1970,,0.0,0,0,0,,1,11
DEU,Germany,1971,,0.0,0,0,0,,1,12
DEU,Germany,1972,,0.0,0,0,0,,1,13
DEU,Germany,1973,,0.0,0,0,0,,1,14
DEU,Germany,1974,,0.0,0,0,0,,1,15
DEU,Germany,1975,,0.0,0,0,0,,1,16
DEU,Germany,1976,,0.0,0,0,0,,1,17
DEU,Germany,1977,,0.0,0,0,0,,1,18
DEU,Germany,1978,,0.0,0,0,0,,1,19
DEU,Germany,1979,,0.0,0,0,0,,1,20
DEU,Germany,1980,,0.0,0,0,0,,1,21
DEU,Germany,1981,,0.0,0,0,0,,1,22
DEU,Germany,1982,,0.0,0,0,0,,1,23
DEU,Germany,1983,,0.0,0,0,0,,1,24
DEU,Germany,1984,,0.0,0,0,0,,1,25
DEU,Germany,1985,,0.0,0,0,0,,1,26
DEU,Germany,1986,,0.0,0,0,0,,1,27
DEU,Germany,1987,,0.0,0,0,0,,1,28
DEU,Germany,1988,,0.0,0,0,0,,1,29
DEU,Germany,1989,,0.0,0,0,0,,1,30
DEU,Germany,1990,,0.0,0,0,0,,1,31
DEU,Germany,1991,,0.0,0,0,0,,1,32
DEU,Germany,1992,,0.0,0,0,0,,1,33
DEU,Germany,1993,,0.0,0,0,0,,1,34
DEU,Germany,1994,,0.0,0,0,0,,1,35
DEU,Germany,1995,,0.0,0,0,0,,1,36
DEU,Germany,1996,,0.0,0,0,0,,1,37
DEU,Germany,1997,,0.0,0,0,0,,1,38
DEU,Germany,1998,,0.0,0,0,0,,1,39
DEU,Germany,1999,,0.0,0,0,0,,1,40
DEU,Germany,2000,,0.0,0,0,0,,1,41
DEU,Germany,2001,,0.0,0,0,0,,1,42
DEU,Germany,2002,,0.0,0,0,0,,1,43
DEU,Germany,2003,,0.0,0,0,0,,1,44
DEU,Germany,2004,,0.0,0,0,0,,1,45
DEU,Germany,2005,,0.0,0,0,0,,1,46
DEU,Germany,2006,,0.0,0,0,0,,1,47
DEU,Germany,2007,,0.0,0,0,0,,1,48
DEU,Germany,2008,,0.0,0,0,0,,1,49
DEU,Germany,2009,,0.0,0,0,0,,1,50
DEU,Germany,2010,,0.0,0,0,0,,1,51
DEU,Germany,2011,,0.0,0,0,0,,1,52
DEU,Germany,2012,,0.0,0,0,0,,1,53
DEU,Germany,2013,,0.0,0,0,0,,1,54
DEU,Germany,2014,,0.0,0,0,0,,1,55
DEU,Germany,2015,,0.0,0,0,0,,1,56
DEU,Germany,2016,,0.0,0,0,0,,1,57
DEU,Germany,2017,,0.0,0,0,0,,1,58
DEU,Germany,2018,,0.0,0,0,0,,1,59
DEU,Germany,2019,,0.0,0,0,0,,1,60
DEU,Germany,2020,,0.0,0,0,0,,1,61
DEU,Germany,2021,,0.0,0,0,0,,1,62
DEU,Germany,2022,,0.0,0,0,0,,1,63
DEU,Germany,2023,,0.0,0,0,0,,1,64
DEU,Germany,2024,,0.0,0,0,0,,1,65
DJI,Djibouti,1960,Djibouti,0.0,0,0,0,,1,1
DJI,Djibouti,1961,Djibouti,0.0,0,0,0,,1,2
DJI,Djibouti,1962,Djibouti,0.0,0,0,0,,1,3
DJI,Djibouti,1963,Djibouti,0.0,0,0,0,,1,4
DJI,Djibouti,1964,Djibouti,0.0,0,0,0,,1,5
DJI,Djibouti,1965,Djibouti,0.0,0,0,0,,1,6
DJI,Djibouti,1966,Djibouti,0.0,0,0,0,,1,7
DJI,Djibouti,1967,Djibouti,0.0,0,0,0,,1,8
DJI,Djibouti,1968,Djibouti,0.0,0,0,0,,1,9
DJI,Djibouti,1969,Djibouti,0.0,0,0,0,,1,10
DJI,Djibouti,1970,Djibouti,0.0,0,0,0,,1,11
DJI,Djibouti,1971,Djibouti,0.0,0,0,0,,1,12
DJI,Djibouti,1972,Djibouti,0.0,0,0,0,,1,13
DJI,Djibouti,1973,Djibouti,0.0,0,0,0,,1,14
DJI,Djibouti,1974,Djibouti,0.0,0,0,0,,1,15
DJI,Djibouti,1975,Djibouti,0.0,0,0,0,,1,16
DJI,Djibouti,1976,Djibouti,0.0,0,0,0,,1,17
DJI,Djibouti,1977,Djibouti,0.0,0,0,0,,1,18
DJI,Djibouti,1978,Djibouti,0.0,0,0,0,,1,19
DJI,Djibouti,1979,Djibouti,0.0,0,0,0,,1,20
DJI,Djibouti,1980,Djibouti,0.0,0,0,0,,1,21
DJI,Djibouti,1981,Djibouti,0.0,0,0,0,,1,22
DJI,Djibouti,1982,Djibouti,0.0,0,0,0,,1,23
DJI,Djibouti,1983,Djibouti,0.0,0,0,0,,1,24
DJI,Djibouti,1984,Djibouti,0.75,1,0,0,1984.0,0,0
DJI,Djibouti,1985,Djibouti,0.0,0,1,1,1984.0,0,1
DJI,Djibouti,1986,Djibouti,0.06,1,1,1,1986.0,0,0
DJI,Djibouti,1987,Djibouti,0.0,0,1,1,1986.0,0,1
DJI,Djibouti,1988,Djibouti,0.05,1,1,1,1988.0,0,0
DJI,Djibouti,1989,Djibouti,25.84,1,1,1,1989.0,0,0
DJI,Djibouti,1990,Djibouti,1.31,1,1,1,1990.0,0,0
DJI,Djibouti,1991,Djibouti,3.45,1,1,1,1991.0,0,0
DJI,Djibouti,1992,Djibouti,6.11,1,1,1,1992.0,0,0
DJI,Djibouti,1993,Djibouti,10.81,1,1,1,1993.0,0,0
DJI,Djibouti,1994,Djibouti,13.42,1,1,1,1994.0,0,0
DJI,Djibouti,1995,Djibouti,16.61,1,1,1,1995.0,0,0
DJI,Djibouti,1996,Djibouti,18.87,1,1,1,1996.0,0,0
DJI,Djibouti,1997,Djibouti,32.94,1,1,1,1997.0,0,0
DJI,Djibouti,1998,Djibouti,26.79,1,1,1,1998.0,0,0
DJI,Djibouti,1999,Djibouti,30.07,1,1,1,1999.0,0,0
DJI,Djibouti,2000,Djibouti,31.0,1,1,1,2000.0,0,0
DJI,Djibouti,2001,Djibouti,32.26,1,1,1,2001.0,0,0
DJI,Djibouti,2002,Djibouti,14.9,1,1,1,2002.0,0,0
DJI,Djibouti,2003,Djibouti,25.03,1,1,1,2003.0,0,0
DJI,Djibouti,2004,Djibouti,29.45,1,1,1,2004.0,0,0
DJI,Djibouti,2005,Djibouti,32.02,1,1,1,2005.0,0,0
DJI,Djibouti,2006,Djibouti,39.11,1,1,1,2006.0,0,0
DJI,Djibouti,2007,Djibouti,111.75,1,1,1,2007.0,0,0
DJI,Djibouti,2008,Djibouti,130.53,1,1,1,2008.0,0,0
DJI,Djibouti,2009,Djibouti,13.94,1,1,1,2009.0,0,0
DJI,Djibouti,2010,Djibouti,11.53,1,1,1,2010.0,0,0
DJI,Djibouti,2011,Djibouti,2.51,1,1,1,2011.0,0,0
DJI,Djibouti,2012,Djibouti,8.63,1,1,1,2012.0,0,0
DJI,Djibouti,2013,Djibouti,14.2,1,1,1,2013.0,0,0
DJI,Djibouti,2014,Djibouti,21.55,1,1,1,2014.0,0,0
DJI,Djibouti,2015,Djibouti,20.67,1,1,1,2015.0,0,0
DJI,Djibouti,2016,Djibouti,22.53,1,1,1,2016.0,0,0
DJI,Djibouti,2017,Djibouti,32.62,1,1,1,2017.0,0,0
DJI,Djibouti,2018,Djibouti,62.43,1,1,1,2018.0,0,0
DJI,Djibouti,2019,Djibouti,97.17,1,1,1,2019.0,0,0
DJI,Djibouti,2020,Djibouti,146.8,1,1,1,2020.0,0,0
DJI,Djibouti,2021,Djibouti,243.8,1,1,1,2021.0,0,0
DJI,Djibouti,2022,Djibouti,230.91,1,1,1,2022.0,0,0
DJI,Djibouti,2023,Djibouti,1049.0,1,1,1,2023.0,0,0
DJI,Djibouti,2024,Djibouti,789.0,1,1,1,2024.0,0,0
DMA,Dominica,1960,Dominica,0.0,0,0,0,,1,1
DMA,Dominica,1961,Dominica,0.0,0,0,0,,1,2
DMA,Dominica,1962,Dominica,0.0,0,0,0,,1,3
DMA,Dominica,1963,Dominica,0.0,0,0,0,,1,4
DMA,Dominica,1964,Dominica,0.0,0,0,0,,1,5
DMA,Dominica,1965,Dominica,0.0,0,0,0,,1,6
DMA,Dominica,1966,Dominica,0.0,0,0,0,,1,7
DMA,Dominica,1967,Dominica,0.0,0,0,0,,1,8
DMA,Dominica,1968,Dominica,0.0,0,0,0,,1,9
DMA,Dominica,1969,Dominica,0.0,0,0,0,,1,10
DMA,Dominica,1970,Dominica,0.0,0,0,0,,1,11
DMA,Dominica,1971,Dominica,0.0,0,0,0,,1,12
DMA,Dominica,1972,Dominica,0.0,0,0,0,,1,13
DMA,Dominica,1973,Dominica,0.0,0,0,0,,1,14
DMA,Dominica,1974,Dominica,0.0,0,0,0,,1,15
DMA,Dominica,1975,Dominica,0.0,0,0,0,,1,16
DMA,Dominica,1976,Dominica,0.0,0,0,0,,1,17
DMA,Dominica,1977,Dominica,0.0,0,0,0,,1,18
DMA,Dominica,1978,Dominica,0.0,0,0,0,,1,19
DMA,Dominica,1979,Dominica,0.0,0,0,0,,1,20
DMA,Dominica,1980,Dominica,0.0,0,0,0,,1,21
DMA,Dominica,1981,Dominica,0.24,1,0,0,1981.0,0,0
DMA,Dominica,1982,Dominica,0.37,1,1,1,1982.0,0,0
DMA,Dominica,1983,Dominica,0.0,0,1,1,1982.0,0,1
DMA,Dominica,1984,Dominica,0.0,0,1,1,1982.0,0,2
DMA,Dominica,1985,Dominica,0.0,0,1,1,1982.0,0,3
DMA,Dominica,1986,Dominica,0.0,0,1,1,1982.0,0,4
DMA,Dominica,1987,Dominica,0.06,1,1,1,1987.0,0,0
DMA,Dominica,1988,Dominica,0.03,1,1,1,1988.0,0,0
DMA,Dominica,1989,Dominica,0.02,1,1,1,1989.0,0,0
DMA,Dominica,1990,Dominica,3.52,1,1,1,1990.0,0,0
DMA,Dominica,1991,Dominica,0.16,1,1,1,1991.0,0,0
DMA,Dominica,1992,Dominica,0.88,1,1,1,1992.0,0,0
DMA,Dominica,1993,Dominica,0.2,1,1,1,1993.0,0,0
DMA,Dominica,1994,Dominica,0.22,1,1,1,1994.0,0,0
DMA,Dominica,1995,Dominica,2.22,1,1,1,1995.0,0,0
DMA,Dominica,1996,Dominica,3.77,1,1,1,1996.0,0,0
DMA,Dominica,1997,Dominica,0.47,1,1,1,1997.0,0,0
DMA,Dominica,1998,Dominica,0.47,1,1,1,1998.0,0,0
DMA,Dominica,1999,Dominica,0.4,1,1,1,1999.0,0,0
DMA,Dominica,2000,Dominica,0.41,1,1,1,2000.0,0,0
DMA,Dominica,2001,Dominica,0.31,1,1,1,2001.0,0,0
DMA,Dominica,2002,Dominica,96.65,1,1,1,2002.0,0,0
DMA,Dominica,2003,Dominica,150.03,1,1,1,2003.0,0,0
DMA,Dominica,2004,Dominica,150.53,1,1,1,2004.0,0,0
DMA,Dominica,2005,Dominica,47.99,1,1,1,2005.0,0,0
DMA,Dominica,2006,Dominica,54.66,1,1,1,2006.0,0,0
DMA,Dominica,2007,Dominica,44.12,1,1,1,2007.0,0,0
DMA,Dominica,2008,Dominica,43.72,1,1,1,2008.0,0,0
DMA,Dominica,2009,Dominica,43.3,1,1,1,2009.0,0,0
DMA,Dominica,2010,Dominica,43.33,1,1,1,2010.0,0,0
DMA,Dominica,2011,Dominica,43.0,1,1,1,2011.0,0,0
DMA,Dominica,2012,Dominica,79.09,1,1,1,2012.0,0,0
DMA,Dominica,2013,Dominica,8.12,1,1,1,2013.0,0,0
DMA,Dominica,2014,Dominica,8.22,1,1,1,2014.0,0,0
DMA,Dominica,2015,Dominica,8.09,1,1,1,2015.0,0,0
DMA,Dominica,2016,Dominica,7.27,1,1,1,2016.0,0,0
DMA,Dominica,2017,Dominica,7.22,1,1,1,2017.0,0,0
DMA,Dominica,2018,Dominica,7.57,1,1,1,2018.0,0,0
DMA,Dominica,2019,Dominica,7.92,1,1,1,2019.0,0,0
DMA,Dominica,2020,Dominica,12.4,1,1,1,2020.0,0,0
DMA,Dominica,2021,Dominica,13.78,1,1,1,2021.0,0,0
DMA,Dominica,2022,Dominica,8.98,1,1,1,2022.0,0,0
DMA,Dominica,2023,Dominica,7.92,1,1,1,2023.0,0,0
DMA,Dominica,2024,Dominica,7.92,1,1,1,2024.0,0,0
DNK,Denmark,1960,,0.0,0,0,0,,1,1
DNK,Denmark,1961,,0.0,0,0,0,,1,2
DNK,Denmark,1962,,0.0,0,0,0,,1,3
DNK,Denmark,1963,,0.0,0,0,0,,1,4
DNK,Denmark,1964,,0.0,0,0,0,,1,5
DNK,Denmark,1965,,0.0,0,0,0,,1,6
DNK,Denmark,1966,,0.0,0,0,0,,1,7
DNK,Denmark,1967,,0.0,0,0,0,,1,8
DNK,Denmark,1968,,0.0,0,0,0,,1,9
DNK,Denmark,1969,,0.0,0,0,0,,1,10
DNK,Denmark,1970,,0.0,0,0,0,,1,11
DNK,Denmark,1971,,0.0,0,0,0,,1,12
DNK,Denmark,1972,,0.0,0,0,0,,1,13
DNK,Denmark,1973,,0.0,0,0,0,,1,14
DNK,Denmark,1974,,0.0,0,0,0,,1,15
DNK,Denmark,1975,,0.0,0,0,0,,1,16
DNK,Denmark,1976,,0.0,0,0,0,,1,17
DNK,Denmark,1977,,0.0,0,0,0,,1,18
DNK,Denmark,1978,,0.0,0,0,0,,1,19
DNK,Denmark,1979,,0.0,0,0,0,,1,20
DNK,Denmark,1980,,0.0,0,0,0,,1,21
DNK,Denmark,1981,,0.0,0,0,0,,1,22
DNK,Denmark,1982,,0.0,0,0,0,,1,23
DNK,Denmark,1983,,0.0,0,0,0,,1,24
DNK,Denmark,1984,,0.0,0,0,0,,1,25
DNK,Denmark,1985,,0.0,0,0,0,,1,26
DNK,Denmark,1986,,0.0,0,0,0,,1,27
DNK,Denmark,1987,,0.0,0,0,0,,1,28
DNK,Denmark,1988,,0.0,0,0,0,,1,29
DNK,Denmark,1989,,0.0,0,0,0,,1,30
DNK,Denmark,1990,,0.0,0,0,0,,1,31
DNK,Denmark,1991,,0.0,0,0,0,,1,32
DNK,Denmark,1992,,0.0,0,0,0,,1,33
DNK,Denmark,1993,,0.0,0,0,0,,1,34
DNK,Denmark,1994,,0.0,0,0,0,,1,35
DNK,Denmark,1995,,0.0,0,0,0,,1,36
DNK,Denmark,1996,,0.0,0,0,0,,1,37
DNK,Denmark,1997,,0.0,0,0,0,,1,38
DNK,Denmark,1998,,0.0,0,0,0,,1,39
DNK,Denmark,1999,,0.0,0,0,0,,1,40
DNK,Denmark,2000,,0.0,0,0,0,,1,41
DNK,Denmark,2001,,0.0,0,0,0,,1,42
DNK,Denmark,2002,,0.0,0,0,0,,1,43
DNK,Denmark,2003,,0.0,0,0,0,,1,44
DNK,Denmark,2004,,0.0,0,0,0,,1,45
DNK,Denmark,2005,,0.0,0,0,0,,1,46
DNK,Denmark,2006,,0.0,0,0,0,,1,47
DNK,Denmark,2007,,0.0,0,0,0,,1,48
DNK,Denmark,2008,,0.0,0,0,0,,1,49
DNK,Denmark,2009,,0.0,0,0,0,,1,50
DNK,Denmark,2010,,0.0,0,0,0,,1,51
DNK,Denmark,2011,,0.0,0,0,0,,1,52
DNK,Denmark,2012,,0.0,0,0,0,,1,53
DNK,Denmark,2013,,0.0,0,0,0,,1,54
DNK,Denmark,2014,,0.0,0,0,0,,1,55
DNK,Denmark,2015,,0.0,0,0,0,,1,56
DNK,Denmark,2016,,0.0,0,0,0,,1,57
DNK,Denmark,2017,,0.0,0,0,0,,1,58
DNK,Denmark,2018,,0.0,0,0,0,,1,59
DNK,Denmark,2019,,0.0,0,0,0,,1,60
DNK,Denmark,2020,,0.0,0,0,0,,1,61
DNK,Denmark,2021,,0.0,0,0,0,,1,62
DNK,Denmark,2022,,0.0,0,0,0,,1,63
DNK,Denmark,2023,,0.0,0,0,0,,1,64
DNK,Denmark,2024,,0.0,0,0,0,,1,65
DOM,Dominican Republic,1960,Dominican Republic,1.0,1,0,0,1960.0,0,0
DOM,Dominican Republic,1961,Dominican Republic,13.5,1,1,1,1961.0,0,0
DOM,Dominican Republic,1962,Dominican Republic,15.0,1,1,1,1962.0,0,0
DOM,Dominican Republic,1963,Dominican Republic,34.0,1,1,1,1963.0,0,0
DOM,Dominican Republic,1964,Dominican Republic,61.0,1,1,1,1964.0,0,0
DOM,Dominican Republic,1965,Dominican Republic,4.0,1,1,1,1965.0,0,0
DOM,Dominican Republic,1966,Dominican Republic,24.0,1,1,1,1966.0,0,0
DOM,Dominican Republic,1967,Dominican Republic,47.0,1,1,1,1967.0,0,0
DOM,Dominican Republic,1968,Dominican Republic,39.0,1,1,1,1968.0,0,0
DOM,Dominican Republic,1969,Dominican Republic,19.0,1,1,1,1969.0,0,0
DOM,Dominican Republic,1970,Dominican Republic,0.73,1,1,1,1970.0,0,0
DOM,Dominican Republic,1971,Dominican Republic,3.02,1,1,1,1971.0,0,0
DOM,Dominican Republic,1972,Dominican Republic,4.26,1,1,1,1972.0,0,0
DOM,Dominican Republic,1973,Dominican Republic,1.73,1,1,1,1973.0,0,0
DOM,Dominican Republic,1974,Dominican Republic,2.27,1,1,1,1974.0,0,0
DOM,Dominican Republic,1975,Dominican Republic,4.16,1,1,1,1975.0,0,0
DOM,Dominican Republic,1976,Dominican Republic,9.21,1,1,1,1976.0,0,0
DOM,Dominican Republic,1977,Dominican Republic,17.37,1,1,1,1977.0,0,0
DOM,Dominican Republic,1978,Dominican Republic,19.35,1,1,1,1978.0,0,0
DOM,Dominican Republic,1979,Dominican Republic,11.42,1,1,1,1979.0,0,0
DOM,Dominican Republic,1980,Dominican Republic,26.07,1,1,1,1980.0,0,0
DOM,Dominican Republic,1981,Dominican Republic,34.04,1,1,1,1981.0,0,0
DOM,Dominican Republic,1982,Dominican Republic,564.34,1,1,1,1982.0,0,0
DOM,Dominican Republic,1983,Dominican Republic,572.87,1,1,1,1983.0,0,0
DOM,Dominican Republic,1984,Dominican Republic,235.31,1,1,1,1984.0,0,0
DOM,Dominican Republic,1985,Dominican Republic,1082.0,1,1,1,1985.0,0,0
DOM,Dominican Republic,1986,Dominican Republic,990.51,1,1,1,1986.0,0,0
DOM,Dominican Republic,1987,Dominican Republic,1207.44,1,1,1,1987.0,0,0
DOM,Dominican Republic,1988,Dominican Republic,1389.51,1,1,1,1988.0,0,0
DOM,Dominican Republic,1989,Dominican Republic,1550.54,1,1,1,1989.0,0,0
DOM,Dominican Republic,1990,Dominican Republic,1958.62,1,1,1,1990.0,0,0
DOM,Dominican Republic,1991,Dominican Republic,2119.28,1,1,1,1991.0,0,0
DOM,Dominican Republic,1992,Dominican Republic,1634.6,1,1,1,1992.0,0,0
DOM,Dominican Republic,1993,Dominican Republic,1756.24,1,1,1,1993.0,0,0
DOM,Dominican Republic,1994,Dominican Republic,1683.0,1,1,1,1994.0,0,0
DOM,Dominican Republic,1995,Dominican Republic,444.21,1,1,1,1995.0,0,0
DOM,Dominican Republic,1996,Dominican Republic,1022.93,1,1,1,1996.0,0,0
DOM,Dominican Republic,1997,Dominican Republic,1001.65,1,1,1,1997.0,0,0
DOM,Dominican Republic,1998,Dominican Republic,929.55,1,1,1,1998.0,0,0
DOM,Dominican Republic,1999,Dominican Republic,942.12,1,1,1,1999.0,0,0
DOM,Dominican Republic,2000,Dominican Republic,448.07,1,1,1,2000.0,0,0
DOM,Dominican Republic,2001,Dominican Republic,435.97,1,1,1,2001.0,0,0
DOM,Dominican Republic,2002,Dominican Republic,463.93,1,1,1,2002.0,0,0
DOM,Dominican Republic,2003,Dominican Republic,650.69,1,1,1,2003.0,0,0
DOM,Dominican Republic,2004,Dominican Republic,1412.45,1,1,1,2004.0,0,0
DOM,Dominican Republic,2005,Dominican Republic,1570.93,1,1,1,2005.0,0,0
DOM,Dominican Republic,2006,Dominican Republic,51.58,1,1,1,2006.0,0,0
DOM,Dominican Republic,2007,Dominican Republic,22.06,1,1,1,2007.0,0,0
DOM,Dominican Republic,2008,Dominican Republic,17.54,1,1,1,2008.0,0,0
DOM,Dominican Republic,2009,Dominican Republic,0.09,1,1,1,2009.0,0,0
DOM,Dominican Republic,2010,Dominican Republic,0.11,1,1,1,2010.0,0,0
DOM,Dominican Republic,2011,Dominican Republic,0.36,1,1,1,2011.0,0,0
DOM,Dominican Republic,2012,Dominican Republic,0.38,1,1,1,2012.0,0,0
DOM,Dominican Republic,2013,Dominican Republic,0.42,1,1,1,2013.0,0,0
DOM,Dominican Republic,2014,Dominican Republic,2.54,1,1,1,2014.0,0,0
DOM,Dominican Republic,2015,Dominican Republic,2089.59,1,1,1,2015.0,0,0
DOM,Dominican Republic,2016,Dominican Republic,2.59,1,1,1,2016.0,0,0
DOM,Dominican Republic,2017,Dominican Republic,14.06,1,1,1,2017.0,0,0
DOM,Dominican Republic,2018,Dominican Republic,6.88,1,1,1,2018.0,0,0
DOM,Dominican Republic,2019,Dominican Republic,6.88,1,1,1,2019.0,0,0
DOM,Dominican Republic,2020,Dominican Republic,23.07,1,1,1,2020.0,0,0
DOM,Dominican Republic,2021,Dominican Republic,31.14,1,1,1,2021.0,0,0
DOM,Dominican Republic,2022,Dominican Republic,33.07,1,1,1,2022.0,0,0
DOM,Dominican Republic,2023,Dominican Republic,33.0,1,1,1,2023.0,0,0
DOM,Dominican Republic,2024,Dominican Republic,33.0,1,1,1,2024.0,0,0
DZA,Algeria,1960,Algeria,0.0,0,0,0,,1,1
DZA,Algeria,1961,Algeria,0.0,0,0,0,,1,2
DZA,Algeria,1962,Algeria,0.0,0,0,0,,1,3
DZA,Algeria,1963,Algeria,0.0,0,0,0,,1,4
DZA,Algeria,1964,Algeria,0.0,0,0,0,,1,5
DZA,Algeria,1965,Algeria,0.0,0,0,0,,1,6
DZA,Algeria,1966,Algeria,0.0,0,0,0,,1,7
DZA,Algeria,1967,Algeria,0.0,0,0,0,,1,8
DZA,Algeria,1968,Algeria,0.0,0,0,0,,1,9
DZA,Algeria,1969,Algeria,0.0,0,0,0,,1,10
DZA,Algeria,1970,Algeria,0.0,0,0,0,,1,11
DZA,Algeria,1971,Algeria,0.0,0,0,0,,1,12
DZA,Algeria,1972,Algeria,0.0,0,0,0,,1,13
DZA,Algeria,1973,Algeria,0.0,0,0,0,,1,14
DZA,Algeria,1974,Algeria,0.0,0,0,0,,1,15
DZA,Algeria,1975,Algeria,0.0,0,0,0,,1,16
DZA,Algeria,1976,Algeria,6.42,1,0,0,1976.0,0,0
DZA,Algeria,1977,Algeria,13.01,1,1,1,1977.0,0,0
DZA,Algeria,1978,Algeria,0.96,1,1,1,1978.0,0,0
DZA,Algeria,1979,Algeria,3.49,1,1,1,1979.0,0,0
DZA,Algeria,1980,Algeria,1.7,1,1,1,1980.0,0,0
DZA,Algeria,1981,Algeria,1.7,1,1,1,1981.0,0,0
DZA,Algeria,1982,Algeria,1.7,1,1,1,1982.0,0,0
DZA,Algeria,1983,Algeria,1.7,1,1,1,1983.0,0,0
DZA,Algeria,1984,Algeria,0.0,0,1,1,1983.0,0,1
DZA,Algeria,1985,Algeria,0.0,0,1,1,1983.0,0,2
DZA,Algeria,1986,Algeria,0.02,1,1,1,1986.0,0,0
DZA,Algeria,1987,Algeria,0.02,1,1,1,1987.0,0,0
DZA,Algeria,1988,Algeria,0.0,0,1,1,1987.0,0,1
DZA,Algeria,1989,Algeria,0.32,1,1,1,1989.0,0,0
DZA,Algeria,1990,Algeria,0.76,1,1,1,1990.0,0,0
DZA,Algeria,1991,Algeria,6.62,1,1,1,1991.0,0,0
DZA,Algeria,1992,Algeria,8.46,1,1,1,1992.0,0,0
DZA,Algeria,1993,Algeria,3580.76,1,1,1,1993.0,0,0
DZA,Algeria,1994,Algeria,9549.88,1,1,1,1994.0,0,0
DZA,Algeria,1995,Algeria,10454.97,1,1,1,1995.0,0,0
DZA,Algeria,1996,Algeria,2371.17,1,1,1,1996.0,0,0
DZA,Algeria,1997,Algeria,710.13,1,1,1,1997.0,0,0
DZA,Algeria,1998,Algeria,93.67,1,1,1,1998.0,0,0
DZA,Algeria,1999,Algeria,12.59,1,1,1,1999.0,0,0
DZA,Algeria,2000,Algeria,14.89,1,1,1,2000.0,0,0
DZA,Algeria,2001,Algeria,17.33,1,1,1,2001.0,0,0
DZA,Algeria,2002,Algeria,15.81,1,1,1,2002.0,0,0
DZA,Algeria,2003,Algeria,19.01,1,1,1,2003.0,0,0
DZA,Algeria,2004,Algeria,0.01,1,1,1,2004.0,0,0
DZA,Algeria,2005,Algeria,85.01,1,1,1,2005.0,0,0
DZA,Algeria,2006,Algeria,105.0,1,1,1,2006.0,0,0
DZA,Algeria,2007,Algeria,55.0,1,1,1,2007.0,0,0
DZA,Algeria,2008,Algeria,51.0,1,1,1,2008.0,0,0
DZA,Algeria,2009,Algeria,36.0,1,1,1,2009.0,0,0
DZA,Algeria,2010,Algeria,46.0,1,1,1,2010.0,0,0
DZA,Algeria,2011,Algeria,46.0,1,1,1,2011.0,0,0
DZA,Algeria,2012,Algeria,78.7,1,1,1,2012.0,0,0
DZA,Algeria,2013,Algeria,1.9,1,1,1,2013.0,0,0
DZA,Algeria,2014,Algeria,2.0,1,1,1,2014.0,0,0
DZA,Algeria,2015,Algeria,2.0,1,1,1,2015.0,0,0
DZA,Algeria,2016,Algeria,2.0,1,1,1,2016.0,0,0
DZA,Algeria,2017,Algeria,2.0,1,1,1,2017.0,0,0
DZA,Algeria,2018,Algeria,2.17,1,1,1,2018.0,0,0
DZA,Algeria,2019,Algeria,2.0,1,1,1,2019.0,0,0
DZA,Algeria,2020,Algeria,0.0,0,1,1,2019.0,0,1
DZA,Algeria,2021,Algeria,0.0,0,1,1,2019.0,0,2
DZA,Algeria,2022,Algeria,0.0,0,1,1,2019.0,0,3
DZA,Algeria,2023,Algeria,0.0,0,1,1,2019.0,0,4
DZA,Algeria,2024,Algeria,0.0,0,1,1,2019.0,0,5
ECU,Ecuador,1960,Ecuador,0.0,0,0,0,,1,1
ECU,Ecuador,1961,Ecuador,0.0,0,0,0,,1,2
ECU,Ecuador,1962,Ecuador,0.0,0,0,0,,1,3
ECU,Ecuador,1963,Ecuador,0.0,0,0,0,,1,4
ECU,Ecuador,1964,Ecuador,0.0,0,0,0,,1,5
ECU,Ecuador,1965,Ecuador,0.0,0,0,0,,1,6
ECU,Ecuador,1966,Ecuador,0.0,0,0,0,,1,7
ECU,Ecuador,1967,Ecuador,0.0,0,0,0,,1,8
ECU,Ecuador,1968,Ecuador,0.0,0,0,0,,1,9
ECU,Ecuador,1969,Ecuador,0.0,0,0,0,,1,10
ECU,Ecuador,1970,Ecuador,0.0,0,0,0,,1,11
ECU,Ecuador,1971,Ecuador,0.0,0,0,0,,1,12
ECU,Ecuador,1972,Ecuador,0.47,1,0,0,1972.0,0,0
ECU,Ecuador,1973,Ecuador,0.0,0,1,1,1972.0,0,1
ECU,Ecuador,1974,Ecuador,0.0,0,1,1,1972.0,0,2
ECU,Ecuador,1975,Ecuador,0.0,0,1,1,1972.0,0,3
ECU,Ecuador,1976,Ecuador,1.29,1,1,1,1976.0,0,0
ECU,Ecuador,1977,Ecuador,34.67,1,1,1,1977.0,0,0
ECU,Ecuador,1978,Ecuador,8.88,1,1,1,1978.0,0,0
ECU,Ecuador,1979,Ecuador,234.26,1,1,1,1979.0,0,0
ECU,Ecuador,1980,Ecuador,24.32,1,1,1,1980.0,0,0
ECU,Ecuador,1981,Ecuador,166.63,1,1,1,1981.0,0,0
ECU,Ecuador,1982,Ecuador,2643.44,1,1,1,1982.0,0,0
ECU,Ecuador,1983,Ecuador,2978.61,1,1,1,1983.0,0,0
ECU,Ecuador,1984,Ecuador,3503.42,1,1,1,1984.0,0,0
ECU,Ecuador,1985,Ecuador,4766.97,1,1,1,1985.0,0,0
ECU,Ecuador,1986,Ecuador,1113.32,1,1,1,1986.0,0,0
ECU,Ecuador,1987,Ecuador,5726.49,1,1,1,1987.0,0,0
ECU,Ecuador,1988,Ecuador,6114.82,1,1,1,1988.0,0,0
ECU,Ecuador,1989,Ecuador,6278.47,1,1,1,1989.0,0,0
ECU,Ecuador,1990,Ecuador,6583.22,1,1,1,1990.0,0,0
ECU,Ecuador,1991,Ecuador,7136.18,1,1,1,1991.0,0,0
ECU,Ecuador,1992,Ecuador,7485.28,1,1,1,1992.0,0,0
ECU,Ecuador,1993,Ecuador,7103.41,1,1,1,1993.0,0,0
ECU,Ecuador,1994,Ecuador,6907.89,1,1,1,1994.0,0,0
ECU,Ecuador,1995,Ecuador,7199.74,1,1,1,1995.0,0,0
ECU,Ecuador,1996,Ecuador,348.86,1,1,1,1996.0,0,0
ECU,Ecuador,1997,Ecuador,602.07,1,1,1,1997.0,0,0
ECU,Ecuador,1998,Ecuador,189.05,1,1,1,1998.0,0,0
ECU,Ecuador,1999,Ecuador,8397.59,1,1,1,1999.0,0,0
ECU,Ecuador,2000,Ecuador,8364.72,1,1,1,2000.0,0,0
ECU,Ecuador,2001,Ecuador,111.09,1,1,1,2001.0,0,0
ECU,Ecuador,2002,Ecuador,12.83,1,1,1,2002.0,0,0
ECU,Ecuador,2003,Ecuador,85.82,1,1,1,2003.0,0,0
ECU,Ecuador,2004,Ecuador,37.53,1,1,1,2004.0,0,0
ECU,Ecuador,2005,Ecuador,36.93,1,1,1,2005.0,0,0
ECU,Ecuador,2006,Ecuador,1.59,1,1,1,2006.0,0,0
ECU,Ecuador,2007,Ecuador,7.46,1,1,1,2007.0,0,0
ECU,Ecuador,2008,Ecuador,3194.27,1,1,1,2008.0,0,0
ECU,Ecuador,2009,Ecuador,6238.49,1,1,1,2009.0,0,0
ECU,Ecuador,2010,Ecuador,31.37,1,1,1,2010.0,0,0
ECU,Ecuador,2011,Ecuador,57.65,1,1,1,2011.0,0,0
ECU,Ecuador,2012,Ecuador,58.55,1,1,1,2012.0,0,0
ECU,Ecuador,2013,Ecuador,59.23,1,1,1,2013.0,0,0
ECU,Ecuador,2014,Ecuador,39.21,1,1,1,2014.0,0,0
ECU,Ecuador,2015,Ecuador,41.19,1,1,1,2015.0,0,0
ECU,Ecuador,2016,Ecuador,43.18,1,1,1,2016.0,0,0
ECU,Ecuador,2017,Ecuador,1063.15,1,1,1,2017.0,0,0
ECU,Ecuador,2018,Ecuador,49.14,1,1,1,2018.0,0,0
ECU,Ecuador,2019,Ecuador,52.11,1,1,1,2019.0,0,0
ECU,Ecuador,2020,Ecuador,23597.22,1,1,1,2020.0,0,0
ECU,Ecuador,2021,Ecuador,299.43,1,1,1,2021.0,0,0
ECU,Ecuador,2022,Ecuador,4699.35,1,1,1,2022.0,0,0
ECU,Ecuador,2023,Ecuador,52.0,1,1,1,2023.0,0,0
ECU,Ecuador,2024,Ecuador,52.0,1,1,1,2024.0,0,0
EGY,"Egypt, Arab Rep.",1960,Egypt,0.0,0,0,0,,1,1
EGY,"Egypt, Arab Rep.",1961,Egypt,0.0,0,0,0,,1,2
EGY,"Egypt, Arab Rep.",1962,Egypt,0.0,0,0,0,,1,3
EGY,"Egypt, Arab Rep.",1963,Egypt,0.0,0,0,0,,1,4
EGY,"Egypt, Arab Rep.",1964,Egypt,277.0,1,0,0,1964.0,0,0
EGY,"Egypt, Arab Rep.",1965,Egypt,560.0,1,1,1,1965.0,0,0
EGY,"Egypt, Arab Rep.",1966,Egypt,211.5,1,1,1,1966.0,0,0
EGY,"Egypt, Arab Rep.",1967,Egypt,62.2,1,1,1,1967.0,0,0
EGY,"Egypt, Arab Rep.",1968,Egypt,152.8,1,1,1,1968.0,0,0
EGY,"Egypt, Arab Rep.",1969,Egypt,211.0,1,1,1,1969.0,0,0
EGY,"Egypt, Arab Rep.",1970,Egypt,86.32,1,1,1,1970.0,0,0
EGY,"Egypt, Arab Rep.",1971,Egypt,70.14,1,1,1,1971.0,0,0
EGY,"Egypt, Arab Rep.",1972,Egypt,90.78,1,1,1,1972.0,0,0
EGY,"Egypt, Arab Rep.",1973,Egypt,25.6,1,1,1,1973.0,0,0
EGY,"Egypt, Arab Rep.",1974,Egypt,39.66,1,1,1,1974.0,0,0
EGY,"Egypt, Arab Rep.",1975,Egypt,22.07,1,1,1,1975.0,0,0
EGY,"Egypt, Arab Rep.",1976,Egypt,124.98,1,1,1,1976.0,0,0
EGY,"Egypt, Arab Rep.",1977,Egypt,7105.5,1,1,1,1977.0,0,0
EGY,"Egypt, Arab Rep.",1978,Egypt,95.51,1,1,1,1978.0,0,0
EGY,"Egypt, Arab Rep.",1979,Egypt,345.53,1,1,1,1979.0,0,0
EGY,"Egypt, Arab Rep.",1980,Egypt,484.27,1,1,1,1980.0,0,0
EGY,"Egypt, Arab Rep.",1981,Egypt,641.92,1,1,1,1981.0,0,0
EGY,"Egypt, Arab Rep.",1982,Egypt,977.56,1,1,1,1982.0,0,0
EGY,"Egypt, Arab Rep.",1983,Egypt,1484.13,1,1,1,1983.0,0,0
EGY,"Egypt, Arab Rep.",1984,Egypt,2721.97,1,1,1,1984.0,0,0
EGY,"Egypt, Arab Rep.",1985,Egypt,4578.44,1,1,1,1985.0,0,0
EGY,"Egypt, Arab Rep.",1986,Egypt,13706.77,1,1,1,1986.0,0,0
EGY,"Egypt, Arab Rep.",1987,Egypt,10882.29,1,1,1,1987.0,0,0
EGY,"Egypt, Arab Rep.",1988,Egypt,8345.56,1,1,1,1988.0,0,0
EGY,"Egypt, Arab Rep.",1989,Egypt,11196.25,1,1,1,1989.0,0,0
EGY,"Egypt, Arab Rep.",1990,Egypt,18005.13,1,1,1,1990.0,0,0
EGY,"Egypt, Arab Rep.",1991,Egypt,23529.02,1,1,1,1991.0,0,0
EGY,"Egypt, Arab Rep.",1992,Egypt,877.65,1,1,1,1992.0,0,0
EGY,"Egypt, Arab Rep.",1993,Egypt,724.42,1,1,1,1993.0,0,0
EGY,"Egypt, Arab Rep.",1994,Egypt,543.1,1,1,1,1994.0,0,0
EGY,"Egypt, Arab Rep.",1995,Egypt,516.03,1,1,1,1995.0,0,0
EGY,"Egypt, Arab Rep.",1996,Egypt,366.75,1,1,1,1996.0,0,0
EGY,"Egypt, Arab Rep.",1997,Egypt,180.87,1,1,1,1997.0,0,0
EGY,"Egypt, Arab Rep.",1998,Egypt,103.1,1,1,1,1998.0,0,0
EGY,"Egypt, Arab Rep.",1999,Egypt,113.56,1,1,1,1999.0,0,0
EGY,"Egypt, Arab Rep.",2000,Egypt,52.63,1,1,1,2000.0,0,0
EGY,"Egypt, Arab Rep.",2001,Egypt,4.29,1,1,1,2001.0,0,0
EGY,"Egypt, Arab Rep.",2002,Egypt,2.37,1,1,1,2002.0,0,0
EGY,"Egypt, Arab Rep.",2003,Egypt,3.98,1,1,1,2003.0,0,0
EGY,"Egypt, Arab Rep.",2004,Egypt,7.75,1,1,1,2004.0,0,0
EGY,"Egypt, Arab Rep.",2005,Egypt,10.96,1,1,1,2005.0,0,0
EGY,"Egypt, Arab Rep.",2006,Egypt,3.16,1,1,1,2006.0,0,0
EGY,"Egypt, Arab Rep.",2007,Egypt,2.97,1,1,1,2007.0,0,0
EGY,"Egypt, Arab Rep.",2008,Egypt,2.2,1,1,1,2008.0,0,0
EGY,"Egypt, Arab Rep.",2009,Egypt,2.62,1,1,1,2009.0,0,0
EGY,"Egypt, Arab Rep.",2010,Egypt,0.0,0,1,1,2009.0,0,1
EGY,"Egypt, Arab Rep.",2011,Egypt,0.0,0,1,1,2009.0,0,2
EGY,"Egypt, Arab Rep.",2012,Egypt,6300.0,1,1,1,2012.0,0,0
EGY,"Egypt, Arab Rep.",2013,Egypt,5400.0,1,1,1,2013.0,0,0
EGY,"Egypt, Arab Rep.",2014,Egypt,5900.0,1,1,1,2014.0,0,0
EGY,"Egypt, Arab Rep.",2015,Egypt,3500.0,1,1,1,2015.0,0,0
EGY,"Egypt, Arab Rep.",2016,Egypt,2400.0,1,1,1,2016.0,0,0
EGY,"Egypt, Arab Rep.",2017,Egypt,1200.0,1,1,1,2017.0,0,0
EGY,"Egypt, Arab Rep.",2018,Egypt,1201.42,1,1,1,2018.0,0,0
EGY,"Egypt, Arab Rep.",2019,Egypt,1001.44,1,1,1,2019.0,0,0
EGY,"Egypt, Arab Rep.",2020,Egypt,208.81,1,1,1,2020.0,0,0
EGY,"Egypt, Arab Rep.",2021,Egypt,0.62,1,1,1,2021.0,0,0
EGY,"Egypt, Arab Rep.",2022,Egypt,0.0,0,1,1,2021.0,0,1
EGY,"Egypt, Arab Rep.",2023,Egypt,1.0,1,1,1,2023.0,0,0
EGY,"Egypt, Arab Rep.",2024,Egypt,0.0,0,1,1,2023.0,0,1
ERI,Eritrea,1960,Eritrea,0.0,0,0,0,,1,1
ERI,Eritrea,1961,Eritrea,0.0,0,0,0,,1,2
ERI,Eritrea,1962,Eritrea,0.0,0,0,0,,1,3
ERI,Eritrea,1963,Eritrea,0.0,0,0,0,,1,4
ERI,Eritrea,1964,Eritrea,0.0,0,0,0,,1,5
ERI,Eritrea,1965,Eritrea,0.0,0,0,0,,1,6
ERI,Eritrea,1966,Eritrea,0.0,0,0,0,,1,7
ERI,Eritrea,1967,Eritrea,0.0,0,0,0,,1,8
ERI,Eritrea,1968,Eritrea,0.0,0,0,0,,1,9
ERI,Eritrea,1969,Eritrea,0.0,0,0,0,,1,10
ERI,Eritrea,1970,Eritrea,0.0,0,0,0,,1,11
ERI,Eritrea,1971,Eritrea,0.0,0,0,0,,1,12
ERI,Eritrea,1972,Eritrea,0.0,0,0,0,,1,13
ERI,Eritrea,1973,Eritrea,0.0,0,0,0,,1,14
ERI,Eritrea,1974,Eritrea,0.0,0,0,0,,1,15
ERI,Eritrea,1975,Eritrea,0.0,0,0,0,,1,16
ERI,Eritrea,1976,Eritrea,0.0,0,0,0,,1,17
ERI,Eritrea,1977,Eritrea,0.0,0,0,0,,1,18
ERI,Eritrea,1978,Eritrea,0.0,0,0,0,,1,19
ERI,Eritrea,1979,Eritrea,0.0,0,0,0,,1,20
ERI,Eritrea,1980,Eritrea,0.0,0,0,0,,1,21
ERI,Eritrea,1981,Eritrea,0.0,0,0,0,,1,22
ERI,Eritrea,1982,Eritrea,0.0,0,0,0,,1,23
ERI,Eritrea,1983,Eritrea,0.0,0,0,0,,1,24
ERI,Eritrea,1984,Eritrea,0.0,0,0,0,,1,25
ERI,Eritrea,1985,Eritrea,0.0,0,0,0,,1,26
ERI,Eritrea,1986,Eritrea,0.0,0,0,0,,1,27
ERI,Eritrea,1987,Eritrea,0.0,0,0,0,,1,28
ERI,Eritrea,1988,Eritrea,0.0,0,0,0,,1,29
ERI,Eritrea,1989,Eritrea,0.0,0,0,0,,1,30
ERI,Eritrea,1990,Eritrea,0.0,0,0,0,,1,31
ERI,Eritrea,1991,Eritrea,0.0,0,0,0,,1,32
ERI,Eritrea,1992,Eritrea,0.0,0,0,0,,1,33
ERI,Eritrea,1993,Eritrea,0.0,0,0,0,,1,34
ERI,Eritrea,1994,Eritrea,0.0,0,0,0,,1,35
ERI,Eritrea,1995,Eritrea,0.0,0,0,0,,1,36
ERI,Eritrea,1996,Eritrea,0.0,0,0,0,,1,37
ERI,Eritrea,1997,Eritrea,0.0,0,0,0,,1,38
ERI,Eritrea,1998,Eritrea,0.0,0,0,0,,1,39
ERI,Eritrea,1999,Eritrea,0.0,0,0,0,,1,40
ERI,Eritrea,2000,Eritrea,6.82,1,0,0,2000.0,0,0
ERI,Eritrea,2001,Eritrea,7.12,1,1,1,2001.0,0,0
ERI,Eritrea,2002,Eritrea,7.94,1,1,1,2002.0,0,0
ERI,Eritrea,2003,Eritrea,19.29,1,1,1,2003.0,0,0
ERI,Eritrea,2004,Eritrea,29.75,1,1,1,2004.0,0,0
ERI,Eritrea,2005,Eritrea,15.46,1,1,1,2005.0,0,0
ERI,Eritrea,2006,Eritrea,24.92,1,1,1,2006.0,0,0
ERI,Eritrea,2007,Eritrea,42.32,1,1,1,2007.0,0,0
ERI,Eritrea,2008,Eritrea,33.74,1,1,1,2008.0,0,0
ERI,Eritrea,2009,Eritrea,22.85,1,1,1,2009.0,0,0
ERI,Eritrea,2010,Eritrea,22.49,1,1,1,2010.0,0,0
ERI,Eritrea,2011,Eritrea,28.69,1,1,1,2011.0,0,0
ERI,Eritrea,2012,Eritrea,222.43,1,1,1,2012.0,0,0
ERI,Eritrea,2013,Eritrea,260.39,1,1,1,2013.0,0,0
ERI,Eritrea,2014,Eritrea,299.19,1,1,1,2014.0,0,0
ERI,Eritrea,2015,Eritrea,332.49,1,1,1,2015.0,0,0
ERI,Eritrea,2016,Eritrea,378.35,1,1,1,2016.0,0,0
ERI,Eritrea,2017,Eritrea,417.28,1,1,1,2017.0,0,0
ERI,Eritrea,2018,Eritrea,460.95,1,1,1,2018.0,0,0
ERI,Eritrea,2019,Eritrea,508.04,1,1,1,2019.0,0,0
ERI,Eritrea,2020,Eritrea,562.47,1,1,1,2020.0,0,0
ERI,Eritrea,2021,Eritrea,621.23,1,1,1,2021.0,0,0
ERI,Eritrea,2022,Eritrea,667.0,1,1,1,2022.0,0,0
ERI,Eritrea,2023,Eritrea,720.0,1,1,1,2023.0,0,0
ERI,Eritrea,2024,Eritrea,770.0,1,1,1,2024.0,0,0
ESP,Spain,1960,,0.0,0,0,0,,1,1
ESP,Spain,1961,,0.0,0,0,0,,1,2
ESP,Spain,1962,,0.0,0,0,0,,1,3
ESP,Spain,1963,,0.0,0,0,0,,1,4
ESP,Spain,1964,,0.0,0,0,0,,1,5
ESP,Spain,1965,,0.0,0,0,0,,1,6
ESP,Spain,1966,,0.0,0,0,0,,1,7
ESP,Spain,1967,,0.0,0,0,0,,1,8
ESP,Spain,1968,,0.0,0,0,0,,1,9
ESP,Spain,1969,,0.0,0,0,0,,1,10
ESP,Spain,1970,,0.0,0,0,0,,1,11
ESP,Spain,1971,,0.0,0,0,0,,1,12
ESP,Spain,1972,,0.0,0,0,0,,1,13
ESP,Spain,1973,,0.0,0,0,0,,1,14
ESP,Spain,1974,,0.0,0,0,0,,1,15
ESP,Spain,1975,,0.0,0,0,0,,1,16
ESP,Spain,1976,,0.0,0,0,0,,1,17
ESP,Spain,1977,,0.0,0,0,0,,1,18
ESP,Spain,1978,,0.0,0,0,0,,1,19
ESP,Spain,1979,,0.0,0,0,0,,1,20
ESP,Spain,1980,,0.0,0,0,0,,1,21
ESP,Spain,1981,,0.0,0,0,0,,1,22
ESP,Spain,1982,,0.0,0,0,0,,1,23
ESP,Spain,1983,,0.0,0,0,0,,1,24
ESP,Spain,1984,,0.0,0,0,0,,1,25
ESP,Spain,1985,,0.0,0,0,0,,1,26
ESP,Spain,1986,,0.0,0,0,0,,1,27
ESP,Spain,1987,,0.0,0,0,0,,1,28
ESP,Spain,1988,,0.0,0,0,0,,1,29
ESP,Spain,1989,,0.0,0,0,0,,1,30
ESP,Spain,1990,,0.0,0,0,0,,1,31
ESP,Spain,1991,,0.0,0,0,0,,1,32
ESP,Spain,1992,,0.0,0,0,0,,1,33
ESP,Spain,1993,,0.0,0,0,0,,1,34
ESP,Spain,1994,,0.0,0,0,0,,1,35
ESP,Spain,1995,,0.0,0,0,0,,1,36
ESP,Spain,1996,,0.0,0,0,0,,1,37
ESP,Spain,1997,,0.0,0,0,0,,1,38
ESP,Spain,1998,,0.0,0,0,0,,1,39
ESP,Spain,1999,,0.0,0,0,0,,1,40
ESP,Spain,2000,,0.0,0,0,0,,1,41
ESP,Spain,2001,,0.0,0,0,0,,1,42
ESP,Spain,2002,,0.0,0,0,0,,1,43
ESP,Spain,2003,,0.0,0,0,0,,1,44
ESP,Spain,2004,,0.0,0,0,0,,1,45
ESP,Spain,2005,,0.0,0,0,0,,1,46
ESP,Spain,2006,,0.0,0,0,0,,1,47
ESP,Spain,2007,,0.0,0,0,0,,1,48
ESP,Spain,2008,,0.0,0,0,0,,1,49
ESP,Spain,2009,,0.0,0,0,0,,1,50
ESP,Spain,2010,,0.0,0,0,0,,1,51
ESP,Spain,2011,,0.0,0,0,0,,1,52
ESP,Spain,2012,,0.0,0,0,0,,1,53
ESP,Spain,2013,,0.0,0,0,0,,1,54
ESP,Spain,2014,,0.0,0,0,0,,1,55
ESP,Spain,2015,,0.0,0,0,0,,1,56
ESP,Spain,2016,,0.0,0,0,0,,1,57
ESP,Spain,2017,,0.0,0,0,0,,1,58
ESP,Spain,2018,,0.0,0,0,0,,1,59
ESP,Spain,2019,,0.0,0,0,0,,1,60
ESP,Spain,2020,,0.0,0,0,0,,1,61
ESP,Spain,2021,,0.0,0,0,0,,1,62
ESP,Spain,2022,,0.0,0,0,0,,1,63
ESP,Spain,2023,,0.0,0,0,0,,1,64
ESP,Spain,2024,,0.0,0,0,0,,1,65
EST,Estonia,1960,,0.0,0,0,0,,1,1
EST,Estonia,1961,,0.0,0,0,0,,1,2
EST,Estonia,1962,,0.0,0,0,0,,1,3
EST,Estonia,1963,,0.0,0,0,0,,1,4
EST,Estonia,1964,,0.0,0,0,0,,1,5
EST,Estonia,1965,,0.0,0,0,0,,1,6
EST,Estonia,1966,,0.0,0,0,0,,1,7
EST,Estonia,1967,,0.0,0,0,0,,1,8
EST,Estonia,1968,,0.0,0,0,0,,1,9
EST,Estonia,1969,,0.0,0,0,0,,1,10
EST,Estonia,1970,,0.0,0,0,0,,1,11
EST,Estonia,1971,,0.0,0,0,0,,1,12
EST,Estonia,1972,,0.0,0,0,0,,1,13
EST,Estonia,1973,,0.0,0,0,0,,1,14
EST,Estonia,1974,,0.0,0,0,0,,1,15
EST,Estonia,1975,,0.0,0,0,0,,1,16
EST,Estonia,1976,,0.0,0,0,0,,1,17
EST,Estonia,1977,,0.0,0,0,0,,1,18
EST,Estonia,1978,,0.0,0,0,0,,1,19
EST,Estonia,1979,,0.0,0,0,0,,1,20
EST,Estonia,1980,,0.0,0,0,0,,1,21
EST,Estonia,1981,,0.0,0,0,0,,1,22
EST,Estonia,1982,,0.0,0,0,0,,1,23
EST,Estonia,1983,,0.0,0,0,0,,1,24
EST,Estonia,1984,,0.0,0,0,0,,1,25
EST,Estonia,1985,,0.0,0,0,0,,1,26
EST,Estonia,1986,,0.0,0,0,0,,1,27
EST,Estonia,1987,,0.0,0,0,0,,1,28
EST,Estonia,1988,,0.0,0,0,0,,1,29
EST,Estonia,1989,,0.0,0,0,0,,1,30
EST,Estonia,1990,,0.0,0,0,0,,1,31
EST,Estonia,1991,,0.0,0,0,0,,1,32
EST,Estonia,1992,,0.0,0,0,0,,1,33
EST,Estonia,1993,,0.0,0,0,0,,1,34
EST,Estonia,1994,,0.0,0,0,0,,1,35
EST,Estonia,1995,,0.0,0,0,0,,1,36
EST,Estonia,1996,,0.0,0,0,0,,1,37
EST,Estonia,1997,,0.0,0,0,0,,1,38
EST,Estonia,1998,,0.0,0,0,0,,1,39
EST,Estonia,1999,,0.0,0,0,0,,1,40
EST,Estonia,2000,,0.0,0,0,0,,1,41
EST,Estonia,2001,,0.0,0,0,0,,1,42
EST,Estonia,2002,,0.0,0,0,0,,1,43
EST,Estonia,2003,,0.0,0,0,0,,1,44
EST,Estonia,2004,,0.0,0,0,0,,1,45
EST,Estonia,2005,,0.0,0,0,0,,1,46
EST,Estonia,2006,,0.0,0,0,0,,1,47
EST,Estonia,2007,,0.0,0,0,0,,1,48
EST,Estonia,2008,,0.0,0,0,0,,1,49
EST,Estonia,2009,,0.0,0,0,0,,1,50
EST,Estonia,2010,,0.0,0,0,0,,1,51
EST,Estonia,2011,,0.0,0,0,0,,1,52
EST,Estonia,2012,,0.0,0,0,0,,1,53
EST,Estonia,2013,,0.0,0,0,0,,1,54
EST,Estonia,2014,,0.0,0,0,0,,1,55
EST,Estonia,2015,,0.0,0,0,0,,1,56
EST,Estonia,2016,,0.0,0,0,0,,1,57
EST,Estonia,2017,,0.0,0,0,0,,1,58
EST,Estonia,2018,,0.0,0,0,0,,1,59
EST,Estonia,2019,,0.0,0,0,0,,1,60
EST,Estonia,2020,,0.0,0,0,0,,1,61
EST,Estonia,2021,,0.0,0,0,0,,1,62
EST,Estonia,2022,,0.0,0,0,0,,1,63
EST,Estonia,2023,,0.0,0,0,0,,1,64
EST,Estonia,2024,,0.0,0,0,0,,1,65
ETH,Ethiopia,1960,Ethiopia,0.0,0,0,0,,1,1
ETH,Ethiopia,1961,Ethiopia,0.0,0,0,0,,1,2
ETH,Ethiopia,1962,Ethiopia,0.0,0,0,0,,1,3
ETH,Ethiopia,1963,Ethiopia,0.0,0,0,0,,1,4
ETH,Ethiopia,1964,Ethiopia,0.0,0,0,0,,1,5
ETH,Ethiopia,1965,Ethiopia,0.0,0,0,0,,1,6
ETH,Ethiopia,1966,Ethiopia,0.0,0,0,0,,1,7
ETH,Ethiopia,1967,Ethiopia,0.0,0,0,0,,1,8
ETH,Ethiopia,1968,Ethiopia,0.0,0,0,0,,1,9
ETH,Ethiopia,1969,Ethiopia,0.0,0,0,0,,1,10
ETH,Ethiopia,1970,Ethiopia,0.46,1,0,0,1970.0,0,0
ETH,Ethiopia,1971,Ethiopia,0.42,1,1,1,1971.0,0,0
ETH,Ethiopia,1972,Ethiopia,0.77,1,1,1,1972.0,0,0
ETH,Ethiopia,1973,Ethiopia,0.07,1,1,1,1973.0,0,0
ETH,Ethiopia,1974,Ethiopia,0.13,1,1,1,1974.0,0,0
ETH,Ethiopia,1975,Ethiopia,0.32,1,1,1,1975.0,0,0
ETH,Ethiopia,1976,Ethiopia,1.2,1,1,1,1976.0,0,0
ETH,Ethiopia,1977,Ethiopia,1.26,1,1,1,1977.0,0,0
ETH,Ethiopia,1978,Ethiopia,0.81,1,1,1,1978.0,0,0
ETH,Ethiopia,1979,Ethiopia,1.71,1,1,1,1979.0,0,0
ETH,Ethiopia,1980,Ethiopia,1.12,1,1,1,1980.0,0,0
ETH,Ethiopia,1981,Ethiopia,1.28,1,1,1,1981.0,0,0
ETH,Ethiopia,1982,Ethiopia,1.36,1,1,1,1982.0,0,0
ETH,Ethiopia,1983,Ethiopia,1.22,1,1,1,1983.0,0,0
ETH,Ethiopia,1984,Ethiopia,1.29,1,1,1,1984.0,0,0
ETH,Ethiopia,1985,Ethiopia,1.42,1,1,1,1985.0,0,0
ETH,Ethiopia,1986,Ethiopia,1.14,1,1,1,1986.0,0,0
ETH,Ethiopia,1987,Ethiopia,54.11,1,1,1,1987.0,0,0
ETH,Ethiopia,1988,Ethiopia,15.69,1,1,1,1988.0,0,0
ETH,Ethiopia,1989,Ethiopia,68.52,1,1,1,1989.0,0,0
ETH,Ethiopia,1990,Ethiopia,278.94,1,1,1,1990.0,0,0
ETH,Ethiopia,1991,Ethiopia,1087.41,1,1,1,1991.0,0,0
ETH,Ethiopia,1992,Ethiopia,1965.44,1,1,1,1992.0,0,0
ETH,Ethiopia,1993,Ethiopia,2517.83,1,1,1,1993.0,0,0
ETH,Ethiopia,1994,Ethiopia,3259.01,1,1,1,1994.0,0,0
ETH,Ethiopia,1995,Ethiopia,4099.59,1,1,1,1995.0,0,0
ETH,Ethiopia,1996,Ethiopia,4801.61,1,1,1,1996.0,0,0
ETH,Ethiopia,1997,Ethiopia,5413.23,1,1,1,1997.0,0,0
ETH,Ethiopia,1998,Ethiopia,5828.39,1,1,1,1998.0,0,0
ETH,Ethiopia,1999,Ethiopia,1448.4,1,1,1,1999.0,0,0
ETH,Ethiopia,2000,Ethiopia,717.09,1,1,1,2000.0,0,0
ETH,Ethiopia,2001,Ethiopia,685.17,1,1,1,2001.0,0,0
ETH,Ethiopia,2002,Ethiopia,722.59,1,1,1,2002.0,0,0
ETH,Ethiopia,2003,Ethiopia,761.49,1,1,1,2003.0,0,0
ETH,Ethiopia,2004,Ethiopia,1534.64,1,1,1,2004.0,0,0
ETH,Ethiopia,2005,Ethiopia,2117.21,1,1,1,2005.0,0,0
ETH,Ethiopia,2006,Ethiopia,4791.84,1,1,1,2006.0,0,0
ETH,Ethiopia,2007,Ethiopia,449.12,1,1,1,2007.0,0,0
ETH,Ethiopia,2008,Ethiopia,465.95,1,1,1,2008.0,0,0
ETH,Ethiopia,2009,Ethiopia,435.36,1,1,1,2009.0,0,0
ETH,Ethiopia,2010,Ethiopia,595.54,1,1,1,2010.0,0,0
ETH,Ethiopia,2011,Ethiopia,586.13,1,1,1,2011.0,0,0
ETH,Ethiopia,2012,Ethiopia,407.01,1,1,1,2012.0,0,0
ETH,Ethiopia,2013,Ethiopia,409.52,1,1,1,2013.0,0,0
ETH,Ethiopia,2014,Ethiopia,409.45,1,1,1,2014.0,0,0
ETH,Ethiopia,2015,Ethiopia,409.15,1,1,1,2015.0,0,0
ETH,Ethiopia,2016,Ethiopia,409.11,1,1,1,2016.0,0,0
ETH,Ethiopia,2017,Ethiopia,410.45,1,1,1,2017.0,0,0
ETH,Ethiopia,2018,Ethiopia,2909.73,1,1,1,2018.0,0,0
ETH,Ethiopia,2019,Ethiopia,528.42,1,1,1,2019.0,0,0
ETH,Ethiopia,2020,Ethiopia,602.63,1,1,1,2020.0,0,0
ETH,Ethiopia,2021,Ethiopia,573.94,1,1,1,2021.0,0,0
ETH,Ethiopia,2022,Ethiopia,917.47,1,1,1,2022.0,0,0
ETH,Ethiopia,2023,Ethiopia,10689.0,1,1,1,2023.0,0,0
ETH,Ethiopia,2024,Ethiopia,16463.0,1,1,1,2024.0,0,0
FIN,Finland,1960,,0.0,0,0,0,,1,1
FIN,Finland,1961,,0.0,0,0,0,,1,2
FIN,Finland,1962,,0.0,0,0,0,,1,3
FIN,Finland,1963,,0.0,0,0,0,,1,4
FIN,Finland,1964,,0.0,0,0,0,,1,5
FIN,Finland,1965,,0.0,0,0,0,,1,6
FIN,Finland,1966,,0.0,0,0,0,,1,7
FIN,Finland,1967,,0.0,0,0,0,,1,8
FIN,Finland,1968,,0.0,0,0,0,,1,9
FIN,Finland,1969,,0.0,0,0,0,,1,10
FIN,Finland,1970,,0.0,0,0,0,,1,11
FIN,Finland,1971,,0.0,0,0,0,,1,12
FIN,Finland,1972,,0.0,0,0,0,,1,13
FIN,Finland,1973,,0.0,0,0,0,,1,14
FIN,Finland,1974,,0.0,0,0,0,,1,15
FIN,Finland,1975,,0.0,0,0,0,,1,16
FIN,Finland,1976,,0.0,0,0,0,,1,17
FIN,Finland,1977,,0.0,0,0,0,,1,18
FIN,Finland,1978,,0.0,0,0,0,,1,19
FIN,Finland,1979,,0.0,0,0,0,,1,20
FIN,Finland,1980,,0.0,0,0,0,,1,21
FIN,Finland,1981,,0.0,0,0,0,,1,22
FIN,Finland,1982,,0.0,0,0,0,,1,23
FIN,Finland,1983,,0.0,0,0,0,,1,24
FIN,Finland,1984,,0.0,0,0,0,,1,25
FIN,Finland,1985,,0.0,0,0,0,,1,26
FIN,Finland,1986,,0.0,0,0,0,,1,27
FIN,Finland,1987,,0.0,0,0,0,,1,28
FIN,Finland,1988,,0.0,0,0,0,,1,29
FIN,Finland,1989,,0.0,0,0,0,,1,30
FIN,Finland,1990,,0.0,0,0,0,,1,31
FIN,Finland,1991,,0.0,0,0,0,,1,32
FIN,Finland,1992,,0.0,0,0,0,,1,33
FIN,Finland,1993,,0.0,0,0,0,,1,34
FIN,Finland,1994,,0.0,0,0,0,,1,35
FIN,Finland,1995,,0.0,0,0,0,,1,36
FIN,Finland,1996,,0.0,0,0,0,,1,37
FIN,Finland,1997,,0.0,0,0,0,,1,38
FIN,Finland,1998,,0.0,0,0,0,,1,39
FIN,Finland,1999,,0.0,0,0,0,,1,40
FIN,Finland,2000,,0.0,0,0,0,,1,41
FIN,Finland,2001,,0.0,0,0,0,,1,42
FIN,Finland,2002,,0.0,0,0,0,,1,43
FIN,Finland,2003,,0.0,0,0,0,,1,44
FIN,Finland,2004,,0.0,0,0,0,,1,45
FIN,Finland,2005,,0.0,0,0,0,,1,46
FIN,Finland,2006,,0.0,0,0,0,,1,47
FIN,Finland,2007,,0.0,0,0,0,,1,48
FIN,Finland,2008,,0.0,0,0,0,,1,49
FIN,Finland,2009,,0.0,0,0,0,,1,50
FIN,Finland,2010,,0.0,0,0,0,,1,51
FIN,Finland,2011,,0.0,0,0,0,,1,52
FIN,Finland,2012,,0.0,0,0,0,,1,53
FIN,Finland,2013,,0.0,0,0,0,,1,54
FIN,Finland,2014,,0.0,0,0,0,,1,55
FIN,Finland,2015,,0.0,0,0,0,,1,56
FIN,Finland,2016,,0.0,0,0,0,,1,57
FIN,Finland,2017,,0.0,0,0,0,,1,58
FIN,Finland,2018,,0.0,0,0,0,,1,59
FIN,Finland,2019,,0.0,0,0,0,,1,60
FIN,Finland,2020,,0.0,0,0,0,,1,61
FIN,Finland,2021,,0.0,0,0,0,,1,62
FIN,Finland,2022,,0.0,0,0,0,,1,63
FIN,Finland,2023,,0.0,0,0,0,,1,64
FIN,Finland,2024,,0.0,0,0,0,,1,65
FJI,Fiji,1960,Fiji,0.0,0,0,0,,1,1
FJI,Fiji,1961,Fiji,0.0,0,0,0,,1,2
FJI,Fiji,1962,Fiji,0.0,0,0,0,,1,3
FJI,Fiji,1963,Fiji,0.0,0,0,0,,1,4
FJI,Fiji,1964,Fiji,0.0,0,0,0,,1,5
FJI,Fiji,1965,Fiji,0.0,0,0,0,,1,6
FJI,Fiji,1966,Fiji,0.0,0,0,0,,1,7
FJI,Fiji,1967,Fiji,0.0,0,0,0,,1,8
FJI,Fiji,1968,Fiji,0.0,0,0,0,,1,9
FJI,Fiji,1969,Fiji,0.0,0,0,0,,1,10
FJI,Fiji,1970,Fiji,0.0,0,0,0,,1,11
FJI,Fiji,1971,Fiji,0.0,0,0,0,,1,12
FJI,Fiji,1972,Fiji,0.0,0,0,0,,1,13
FJI,Fiji,1973,Fiji,0.0,0,0,0,,1,14
FJI,Fiji,1974,Fiji,0.0,0,0,0,,1,15
FJI,Fiji,1975,Fiji,0.0,0,0,0,,1,16
FJI,Fiji,1976,Fiji,0.03,1,0,0,1976.0,0,0
FJI,Fiji,1977,Fiji,0.19,1,1,1,1977.0,0,0
FJI,Fiji,1978,Fiji,0.0,0,1,1,1977.0,0,1
FJI,Fiji,1979,Fiji,0.7,1,1,1,1979.0,0,0
FJI,Fiji,1980,Fiji,0.3,1,1,1,1980.0,0,0
FJI,Fiji,1981,Fiji,0.0,0,1,1,1980.0,0,1
FJI,Fiji,1982,Fiji,0.0,0,1,1,1980.0,0,2
FJI,Fiji,1983,Fiji,0.0,0,1,1,1980.0,0,3
FJI,Fiji,1984,Fiji,0.0,0,1,1,1980.0,0,4
FJI,Fiji,1985,Fiji,0.0,0,1,1,1980.0,0,5
FJI,Fiji,1986,Fiji,0.0,0,0,1,1980.0,0,6
FJI,Fiji,1987,Fiji,0.0,0,0,1,1980.0,0,7
FJI,Fiji,1988,Fiji,0.0,0,0,1,1980.0,0,8
FJI,Fiji,1989,Fiji,0.0,0,0,1,1980.0,0,9
FJI,Fiji,1990,Fiji,0.02,1,0,1,1990.0,0,0
FJI,Fiji,1991,Fiji,0.05,1,1,1,1991.0,0,0
FJI,Fiji,1992,Fiji,0.07,1,1,1,1992.0,0,0
FJI,Fiji,1993,Fiji,0.08,1,1,1,1993.0,0,0
FJI,Fiji,1994,Fiji,0.11,1,1,1,1994.0,0,0
FJI,Fiji,1995,Fiji,0.14,1,1,1,1995.0,0,0
FJI,Fiji,1996,Fiji,0.15,1,1,1,1996.0,0,0
FJI,Fiji,1997,Fiji,0.15,1,1,1,1997.0,0,0
FJI,Fiji,1998,Fiji,0.2,1,1,1,1998.0,0,0
FJI,Fiji,1999,Fiji,0.19,1,1,1,1999.0,0,0
FJI,Fiji,2000,Fiji,0.2,1,1,1,2000.0,0,0
FJI,Fiji,2001,Fiji,0.21,1,1,1,2001.0,0,0
FJI,Fiji,2002,Fiji,0.56,1,1,1,2002.0,0,0
FJI,Fiji,2003,Fiji,0.72,1,1,1,2003.0,0,0
FJI,Fiji,2004,Fiji,0.4,1,1,1,2004.0,0,0
FJI,Fiji,2005,Fiji,0.37,1,1,1,2005.0,0,0
FJI,Fiji,2006,Fiji,3.99,1,1,1,2006.0,0,0
FJI,Fiji,2007,Fiji,3.41,1,1,1,2007.0,0,0
FJI,Fiji,2008,Fiji,2.9,1,1,1,2008.0,0,0
FJI,Fiji,2009,Fiji,4.14,1,1,1,2009.0,0,0
FJI,Fiji,2010,Fiji,0.14,1,1,1,2010.0,0,0
FJI,Fiji,2011,Fiji,0.58,1,1,1,2011.0,0,0
FJI,Fiji,2012,Fiji,0.34,1,1,1,2012.0,0,0
FJI,Fiji,2013,Fiji,1.17,1,1,1,2013.0,0,0
FJI,Fiji,2014,Fiji,0.06,1,1,1,2014.0,0,0
FJI,Fiji,2015,Fiji,0.0,0,1,1,2014.0,0,1
FJI,Fiji,2016,Fiji,0.0,0,1,1,2014.0,0,2
FJI,Fiji,2017,Fiji,6.14,1,1,1,2017.0,0,0
FJI,Fiji,2018,Fiji,0.0,0,1,1,2017.0,0,1
FJI,Fiji,2019,Fiji,0.0,0,1,1,2017.0,0,2
FJI,Fiji,2020,Fiji,19.09,1,1,1,2020.0,0,0
FJI,Fiji,2021,Fiji,63.65,1,1,1,2021.0,0,0
FJI,Fiji,2022,Fiji,0.0,0,1,1,2021.0,0,1
FJI,Fiji,2023,Fiji,0.0,0,1,1,2021.0,0,2
FJI,Fiji,2024,Fiji,0.0,0,1,1,2021.0,0,3
FRA,France,1960,,0.0,0,0,0,,1,1
FRA,France,1961,,0.0,0,0,0,,1,2
FRA,France,1962,,0.0,0,0,0,,1,3
FRA,France,1963,,0.0,0,0,0,,1,4
FRA,France,1964,,0.0,0,0,0,,1,5
FRA,France,1965,,0.0,0,0,0,,1,6
FRA,France,1966,,0.0,0,0,0,,1,7
FRA,France,1967,,0.0,0,0,0,,1,8
FRA,France,1968,,0.0,0,0,0,,1,9
FRA,France,1969,,0.0,0,0,0,,1,10
FRA,France,1970,,0.0,0,0,0,,1,11
FRA,France,1971,,0.0,0,0,0,,1,12
FRA,France,1972,,0.0,0,0,0,,1,13
FRA,France,1973,,0.0,0,0,0,,1,14
FRA,France,1974,,0.0,0,0,0,,1,15
FRA,France,1975,,0.0,0,0,0,,1,16
FRA,France,1976,,0.0,0,0,0,,1,17
FRA,France,1977,,0.0,0,0,0,,1,18
FRA,France,1978,,0.0,0,0,0,,1,19
FRA,France,1979,,0.0,0,0,0,,1,20
FRA,France,1980,,0.0,0,0,0,,1,21
FRA,France,1981,,0.0,0,0,0,,1,22
FRA,France,1982,,0.0,0,0,0,,1,23
FRA,France,1983,,0.0,0,0,0,,1,24
FRA,France,1984,,0.0,0,0,0,,1,25
FRA,France,1985,,0.0,0,0,0,,1,26
FRA,France,1986,,0.0,0,0,0,,1,27
FRA,France,1987,,0.0,0,0,0,,1,28
FRA,France,1988,,0.0,0,0,0,,1,29
FRA,France,1989,,0.0,0,0,0,,1,30
FRA,France,1990,,0.0,0,0,0,,1,31
FRA,France,1991,,0.0,0,0,0,,1,32
FRA,France,1992,,0.0,0,0,0,,1,33
FRA,France,1993,,0.0,0,0,0,,1,34
FRA,France,1994,,0.0,0,0,0,,1,35
FRA,France,1995,,0.0,0,0,0,,1,36
FRA,France,1996,,0.0,0,0,0,,1,37
FRA,France,1997,,0.0,0,0,0,,1,38
FRA,France,1998,,0.0,0,0,0,,1,39
FRA,France,1999,,0.0,0,0,0,,1,40
FRA,France,2000,,0.0,0,0,0,,1,41
FRA,France,2001,,0.0,0,0,0,,1,42
FRA,France,2002,,0.0,0,0,0,,1,43
FRA,France,2003,,0.0,0,0,0,,1,44
FRA,France,2004,,0.0,0,0,0,,1,45
FRA,France,2005,,0.0,0,0,0,,1,46
FRA,France,2006,,0.0,0,0,0,,1,47
FRA,France,2007,,0.0,0,0,0,,1,48
FRA,France,2008,,0.0,0,0,0,,1,49
FRA,France,2009,,0.0,0,0,0,,1,50
FRA,France,2010,,0.0,0,0,0,,1,51
FRA,France,2011,,0.0,0,0,0,,1,52
FRA,France,2012,,0.0,0,0,0,,1,53
FRA,France,2013,,0.0,0,0,0,,1,54
FRA,France,2014,,0.0,0,0,0,,1,55
FRA,France,2015,,0.0,0,0,0,,1,56
FRA,France,2016,,0.0,0,0,0,,1,57
FRA,France,2017,,0.0,0,0,0,,1,58
FRA,France,2018,,0.0,0,0,0,,1,59
FRA,France,2019,,0.0,0,0,0,,1,60
FRA,France,2020,,0.0,0,0,0,,1,61
FRA,France,2021,,0.0,0,0,0,,1,62
FRA,France,2022,,0.0,0,0,0,,1,63
FRA,France,2023,,0.0,0,0,0,,1,64
FRA,France,2024,,0.0,0,0,0,,1,65
FRO,Faroe Islands,1960,,0.0,0,0,0,,1,1
FRO,Faroe Islands,1961,,0.0,0,0,0,,1,2
FRO,Faroe Islands,1962,,0.0,0,0,0,,1,3
FRO,Faroe Islands,1963,,0.0,0,0,0,,1,4
FRO,Faroe Islands,1964,,0.0,0,0,0,,1,5
FRO,Faroe Islands,1965,,0.0,0,0,0,,1,6
FRO,Faroe Islands,1966,,0.0,0,0,0,,1,7
FRO,Faroe Islands,1967,,0.0,0,0,0,,1,8
FRO,Faroe Islands,1968,,0.0,0,0,0,,1,9
FRO,Faroe Islands,1969,,0.0,0,0,0,,1,10
FRO,Faroe Islands,1970,,0.0,0,0,0,,1,11
FRO,Faroe Islands,1971,,0.0,0,0,0,,1,12
FRO,Faroe Islands,1972,,0.0,0,0,0,,1,13
FRO,Faroe Islands,1973,,0.0,0,0,0,,1,14
FRO,Faroe Islands,1974,,0.0,0,0,0,,1,15
FRO,Faroe Islands,1975,,0.0,0,0,0,,1,16
FRO,Faroe Islands,1976,,0.0,0,0,0,,1,17
FRO,Faroe Islands,1977,,0.0,0,0,0,,1,18
FRO,Faroe Islands,1978,,0.0,0,0,0,,1,19
FRO,Faroe Islands,1979,,0.0,0,0,0,,1,20
FRO,Faroe Islands,1980,,0.0,0,0,0,,1,21
FRO,Faroe Islands,1981,,0.0,0,0,0,,1,22
FRO,Faroe Islands,1982,,0.0,0,0,0,,1,23
FRO,Faroe Islands,1983,,0.0,0,0,0,,1,24
FRO,Faroe Islands,1984,,0.0,0,0,0,,1,25
FRO,Faroe Islands,1985,,0.0,0,0,0,,1,26
FRO,Faroe Islands,1986,,0.0,0,0,0,,1,27
FRO,Faroe Islands,1987,,0.0,0,0,0,,1,28
FRO,Faroe Islands,1988,,0.0,0,0,0,,1,29
FRO,Faroe Islands,1989,,0.0,0,0,0,,1,30
FRO,Faroe Islands,1990,,0.0,0,0,0,,1,31
FRO,Faroe Islands,1991,,0.0,0,0,0,,1,32
FRO,Faroe Islands,1992,,0.0,0,0,0,,1,33
FRO,Faroe Islands,1993,,0.0,0,0,0,,1,34
FRO,Faroe Islands,1994,,0.0,0,0,0,,1,35
FRO,Faroe Islands,1995,,0.0,0,0,0,,1,36
FRO,Faroe Islands,1996,,0.0,0,0,0,,1,37
FRO,Faroe Islands,1997,,0.0,0,0,0,,1,38
FRO,Faroe Islands,1998,,0.0,0,0,0,,1,39
FRO,Faroe Islands,1999,,0.0,0,0,0,,1,40
FRO,Faroe Islands,2000,,0.0,0,0,0,,1,41
FRO,Faroe Islands,2001,,0.0,0,0,0,,1,42
FRO,Faroe Islands,2002,,0.0,0,0,0,,1,43
FRO,Faroe Islands,2003,,0.0,0,0,0,,1,44
FRO,Faroe Islands,2004,,0.0,0,0,0,,1,45
FRO,Faroe Islands,2005,,0.0,0,0,0,,1,46
FRO,Faroe Islands,2006,,0.0,0,0,0,,1,47
FRO,Faroe Islands,2007,,0.0,0,0,0,,1,48
FRO,Faroe Islands,2008,,0.0,0,0,0,,1,49
FRO,Faroe Islands,2009,,0.0,0,0,0,,1,50
FRO,Faroe Islands,2010,,0.0,0,0,0,,1,51
FRO,Faroe Islands,2011,,0.0,0,0,0,,1,52
FRO,Faroe Islands,2012,,0.0,0,0,0,,1,53
FRO,Faroe Islands,2013,,0.0,0,0,0,,1,54
FRO,Faroe Islands,2014,,0.0,0,0,0,,1,55
FRO,Faroe Islands,2015,,0.0,0,0,0,,1,56
FRO,Faroe Islands,2016,,0.0,0,0,0,,1,57
FRO,Faroe Islands,2017,,0.0,0,0,0,,1,58
FRO,Faroe Islands,2018,,0.0,0,0,0,,1,59
FRO,Faroe Islands,2019,,0.0,0,0,0,,1,60
FRO,Faroe Islands,2020,,0.0,0,0,0,,1,61
FRO,Faroe Islands,2021,,0.0,0,0,0,,1,62
FRO,Faroe Islands,2022,,0.0,0,0,0,,1,63
FRO,Faroe Islands,2023,,0.0,0,0,0,,1,64
FRO,Faroe Islands,2024,,0.0,0,0,0,,1,65
FSM,"Micronesia, Fed. Sts.",1960,Micronesia,0.0,0,0,0,,1,1
FSM,"Micronesia, Fed. Sts.",1961,Micronesia,0.0,0,0,0,,1,2
FSM,"Micronesia, Fed. Sts.",1962,Micronesia,0.0,0,0,0,,1,3
FSM,"Micronesia, Fed. Sts.",1963,Micronesia,0.0,0,0,0,,1,4
FSM,"Micronesia, Fed. Sts.",1964,Micronesia,0.0,0,0,0,,1,5
FSM,"Micronesia, Fed. Sts.",1965,Micronesia,0.0,0,0,0,,1,6
FSM,"Micronesia, Fed. Sts.",1966,Micronesia,0.0,0,0,0,,1,7
FSM,"Micronesia, Fed. Sts.",1967,Micronesia,0.0,0,0,0,,1,8
FSM,"Micronesia, Fed. Sts.",1968,Micronesia,0.0,0,0,0,,1,9
FSM,"Micronesia, Fed. Sts.",1969,Micronesia,0.0,0,0,0,,1,10
FSM,"Micronesia, Fed. Sts.",1970,Micronesia,0.0,0,0,0,,1,11
FSM,"Micronesia, Fed. Sts.",1971,Micronesia,0.0,0,0,0,,1,12
FSM,"Micronesia, Fed. Sts.",1972,Micronesia,0.0,0,0,0,,1,13
FSM,"Micronesia, Fed. Sts.",1973,Micronesia,0.0,0,0,0,,1,14
FSM,"Micronesia, Fed. Sts.",1974,Micronesia,0.0,0,0,0,,1,15
FSM,"Micronesia, Fed. Sts.",1975,Micronesia,0.0,0,0,0,,1,16
FSM,"Micronesia, Fed. Sts.",1976,Micronesia,0.0,0,0,0,,1,17
FSM,"Micronesia, Fed. Sts.",1977,Micronesia,0.0,0,0,0,,1,18
FSM,"Micronesia, Fed. Sts.",1978,Micronesia,0.0,0,0,0,,1,19
FSM,"Micronesia, Fed. Sts.",1979,Micronesia,0.0,0,0,0,,1,20
FSM,"Micronesia, Fed. Sts.",1980,Micronesia,0.0,0,0,0,,1,21
FSM,"Micronesia, Fed. Sts.",1981,Micronesia,0.0,0,0,0,,1,22
FSM,"Micronesia, Fed. Sts.",1982,Micronesia,0.0,0,0,0,,1,23
FSM,"Micronesia, Fed. Sts.",1983,Micronesia,0.0,0,0,0,,1,24
FSM,"Micronesia, Fed. Sts.",1984,Micronesia,0.0,0,0,0,,1,25
FSM,"Micronesia, Fed. Sts.",1985,Micronesia,0.0,0,0,0,,1,26
FSM,"Micronesia, Fed. Sts.",1986,Micronesia,0.0,0,0,0,,1,27
FSM,"Micronesia, Fed. Sts.",1987,Micronesia,0.0,0,0,0,,1,28
FSM,"Micronesia, Fed. Sts.",1988,Micronesia,0.0,0,0,0,,1,29
FSM,"Micronesia, Fed. Sts.",1989,Micronesia,0.0,0,0,0,,1,30
FSM,"Micronesia, Fed. Sts.",1990,Micronesia,0.0,0,0,0,,1,31
FSM,"Micronesia, Fed. Sts.",1991,Micronesia,0.0,0,0,0,,1,32
FSM,"Micronesia, Fed. Sts.",1992,Micronesia,0.0,0,0,0,,1,33
FSM,"Micronesia, Fed. Sts.",1993,Micronesia,0.0,0,0,0,,1,34
FSM,"Micronesia, Fed. Sts.",1994,Micronesia,0.0,0,0,0,,1,35
FSM,"Micronesia, Fed. Sts.",1995,Micronesia,0.0,0,0,0,,1,36
FSM,"Micronesia, Fed. Sts.",1996,Micronesia,0.0,0,0,0,,1,37
FSM,"Micronesia, Fed. Sts.",1997,Micronesia,0.0,0,0,0,,1,38
FSM,"Micronesia, Fed. Sts.",1998,Micronesia,0.0,0,0,0,,1,39
FSM,"Micronesia, Fed. Sts.",1999,Micronesia,0.0,0,0,0,,1,40
FSM,"Micronesia, Fed. Sts.",2000,Micronesia,0.0,0,0,0,,1,41
FSM,"Micronesia, Fed. Sts.",2001,Micronesia,0.0,0,0,0,,1,42
FSM,"Micronesia, Fed. Sts.",2002,Micronesia,0.0,0,0,0,,1,43
FSM,"Micronesia, Fed. Sts.",2003,Micronesia,0.0,0,0,0,,1,44
FSM,"Micronesia, Fed. Sts.",2004,Micronesia,0.0,0,0,0,,1,45
FSM,"Micronesia, Fed. Sts.",2005,Micronesia,0.0,0,0,0,,1,46
FSM,"Micronesia, Fed. Sts.",2006,Micronesia,0.0,0,0,0,,1,47
FSM,"Micronesia, Fed. Sts.",2007,Micronesia,0.0,0,0,0,,1,48
FSM,"Micronesia, Fed. Sts.",2008,Micronesia,0.0,0,0,0,,1,49
FSM,"Micronesia, Fed. Sts.",2009,Micronesia,0.0,0,0,0,,1,50
FSM,"Micronesia, Fed. Sts.",2010,Micronesia,0.0,0,0,0,,1,51
FSM,"Micronesia, Fed. Sts.",2011,Micronesia,0.0,0,0,0,,1,52
FSM,"Micronesia, Fed. Sts.",2012,Micronesia,0.0,0,0,0,,1,53
FSM,"Micronesia, Fed. Sts.",2013,Micronesia,0.0,0,0,0,,1,54
FSM,"Micronesia, Fed. Sts.",2014,Micronesia,0.0,0,0,0,,1,55
FSM,"Micronesia, Fed. Sts.",2015,Micronesia,0.0,0,0,0,,1,56
FSM,"Micronesia, Fed. Sts.",2016,Micronesia,0.0,0,0,0,,1,57
FSM,"Micronesia, Fed. Sts.",2017,Micronesia,0.0,0,0,0,,1,58
FSM,"Micronesia, Fed. Sts.",2018,Micronesia,0.0,0,0,0,,1,59
FSM,"Micronesia, Fed. Sts.",2019,Micronesia,0.0,0,0,0,,1,60
FSM,"Micronesia, Fed. Sts.",2020,Micronesia,0.0,0,0,0,,1,61
FSM,"Micronesia, Fed. Sts.",2021,Micronesia,0.0,0,0,0,,1,62
FSM,"Micronesia, Fed. Sts.",2022,Micronesia,0.0,0,0,0,,1,63
FSM,"Micronesia, Fed. Sts.",2023,Micronesia,0.0,0,0,0,,1,64
FSM,"Micronesia, Fed. Sts.",2024,Micronesia,0.0,0,0,0,,1,65
GAB,Gabon,1960,Gabon,0.0,0,0,0,,1,1
GAB,Gabon,1961,Gabon,0.0,0,0,0,,1,2
GAB,Gabon,1962,Gabon,0.0,0,0,0,,1,3
GAB,Gabon,1963,Gabon,0.0,0,0,0,,1,4
GAB,Gabon,1964,Gabon,0.0,0,0,0,,1,5
GAB,Gabon,1965,Gabon,0.0,0,0,0,,1,6
GAB,Gabon,1966,Gabon,0.0,0,0,0,,1,7
GAB,Gabon,1967,Gabon,0.0,0,0,0,,1,8
GAB,Gabon,1968,Gabon,0.0,0,0,0,,1,9
GAB,Gabon,1969,Gabon,0.0,0,0,0,,1,10
GAB,Gabon,1970,Gabon,0.0,0,0,0,,1,11
GAB,Gabon,1971,Gabon,0.0,0,0,0,,1,12
GAB,Gabon,1972,Gabon,0.0,0,0,0,,1,13
GAB,Gabon,1973,Gabon,0.0,0,0,0,,1,14
GAB,Gabon,1974,Gabon,0.0,0,0,0,,1,15
GAB,Gabon,1975,Gabon,0.18,1,0,0,1975.0,0,0
GAB,Gabon,1976,Gabon,0.05,1,1,1,1976.0,0,0
GAB,Gabon,1977,Gabon,0.0,0,1,1,1976.0,0,1
GAB,Gabon,1978,Gabon,60.0,1,1,1,1978.0,0,0
GAB,Gabon,1979,Gabon,0.0,0,1,1,1978.0,0,1
GAB,Gabon,1980,Gabon,0.03,1,1,1,1980.0,0,0
GAB,Gabon,1981,Gabon,1.53,1,1,1,1981.0,0,0
GAB,Gabon,1982,Gabon,5.08,1,1,1,1982.0,0,0
GAB,Gabon,1983,Gabon,0.4,1,1,1,1983.0,0,0
GAB,Gabon,1984,Gabon,0.09,1,1,1,1984.0,0,0
GAB,Gabon,1985,Gabon,0.29,1,1,1,1985.0,0,0
GAB,Gabon,1986,Gabon,128.22,1,1,1,1986.0,0,0
GAB,Gabon,1987,Gabon,370.59,1,1,1,1987.0,0,0
GAB,Gabon,1988,Gabon,462.35,1,1,1,1988.0,0,0
GAB,Gabon,1989,Gabon,1003.94,1,1,1,1989.0,0,0
GAB,Gabon,1990,Gabon,719.62,1,1,1,1990.0,0,0
GAB,Gabon,1991,Gabon,927.03,1,1,1,1991.0,0,0
GAB,Gabon,1992,Gabon,890.94,1,1,1,1992.0,0,0
GAB,Gabon,1993,Gabon,1291.71,1,1,1,1993.0,0,0
GAB,Gabon,1994,Gabon,2066.08,1,1,1,1994.0,0,0
GAB,Gabon,1995,Gabon,1061.22,1,1,1,1995.0,0,0
GAB,Gabon,1996,Gabon,333.7,1,1,1,1996.0,0,0
GAB,Gabon,1997,Gabon,263.87,1,1,1,1997.0,0,0
GAB,Gabon,1998,Gabon,292.34,1,1,1,1998.0,0,0
GAB,Gabon,1999,Gabon,284.58,1,1,1,1999.0,0,0
GAB,Gabon,2000,Gabon,940.7,1,1,1,2000.0,0,0
GAB,Gabon,2001,Gabon,213.05,1,1,1,2001.0,0,0
GAB,Gabon,2002,Gabon,114.42,1,1,1,2002.0,0,0
GAB,Gabon,2003,Gabon,771.44,1,1,1,2003.0,0,0
GAB,Gabon,2004,Gabon,1139.12,1,1,1,2004.0,0,0
GAB,Gabon,2005,Gabon,835.93,1,1,1,2005.0,0,0
GAB,Gabon,2006,Gabon,1104.3,1,1,1,2006.0,0,0
GAB,Gabon,2007,Gabon,2371.09,1,1,1,2007.0,0,0
GAB,Gabon,2008,Gabon,2286.18,1,1,1,2008.0,0,0
GAB,Gabon,2009,Gabon,54.58,1,1,1,2009.0,0,0
GAB,Gabon,2010,Gabon,8.51,1,1,1,2010.0,0,0
GAB,Gabon,2011,Gabon,9.24,1,1,1,2011.0,0,0
GAB,Gabon,2012,Gabon,10.96,1,1,1,2012.0,0,0
GAB,Gabon,2013,Gabon,24.62,1,1,1,2013.0,0,0
GAB,Gabon,2014,Gabon,0.0,0,1,1,2013.0,0,1
GAB,Gabon,2015,Gabon,25.44,1,1,1,2015.0,0,0
GAB,Gabon,2016,Gabon,175.46,1,1,1,2016.0,0,0
GAB,Gabon,2017,Gabon,90.91,1,1,1,2017.0,0,0
GAB,Gabon,2018,Gabon,51.85,1,1,1,2018.0,0,0
GAB,Gabon,2019,Gabon,31.66,1,1,1,2019.0,0,0
GAB,Gabon,2020,Gabon,142.43,1,1,1,2020.0,0,0
GAB,Gabon,2021,Gabon,75.54,1,1,1,2021.0,0,0
GAB,Gabon,2022,Gabon,87.74,1,1,1,2022.0,0,0
GAB,Gabon,2023,Gabon,210.0,1,1,1,2023.0,0,0
GAB,Gabon,2024,Gabon,250.0,1,1,1,2024.0,0,0
GBR,United Kingdom,1960,United Kingdom,0.0,0,0,0,,1,1
GBR,United Kingdom,1961,United Kingdom,0.0,0,0,0,,1,2
GBR,United Kingdom,1962,United Kingdom,0.0,0,0,0,,1,3
GBR,United Kingdom,1963,United Kingdom,0.0,0,0,0,,1,4
GBR,United Kingdom,1964,United Kingdom,0.0,0,0,0,,1,5
GBR,United Kingdom,1965,United Kingdom,0.0,0,0,0,,1,6
GBR,United Kingdom,1966,United Kingdom,0.0,0,0,0,,1,7
GBR,United Kingdom,1967,United Kingdom,0.0,0,0,0,,1,8
GBR,United Kingdom,1968,United Kingdom,0.0,0,0,0,,1,9
GBR,United Kingdom,1969,United Kingdom,0.0,0,0,0,,1,10
GBR,United Kingdom,1970,United Kingdom,0.0,0,0,0,,1,11
GBR,United Kingdom,1971,United Kingdom,0.0,0,0,0,,1,12
GBR,United Kingdom,1972,United Kingdom,0.0,0,0,0,,1,13
GBR,United Kingdom,1973,United Kingdom,0.0,0,0,0,,1,14
GBR,United Kingdom,1974,United Kingdom,0.0,0,0,0,,1,15
GBR,United Kingdom,1975,United Kingdom,0.0,0,0,0,,1,16
GBR,United Kingdom,1976,United Kingdom,0.0,0,0,0,,1,17
GBR,United Kingdom,1977,United Kingdom,0.0,0,0,0,,1,18
GBR,United Kingdom,1978,United Kingdom,0.0,0,0,0,,1,19
GBR,United Kingdom,1979,United Kingdom,728.78,1,0,0,1979.0,0,0
GBR,United Kingdom,1980,United Kingdom,798.76,1,1,1,1980.0,0,0
GBR,United Kingdom,1981,United Kingdom,651.48,1,1,1,1981.0,0,0
GBR,United Kingdom,1982,United Kingdom,559.91,1,1,1,1982.0,0,0
GBR,United Kingdom,1983,United Kingdom,497.37,1,1,1,1983.0,0,0
GBR,United Kingdom,1984,United Kingdom,413.98,1,1,1,1984.0,0,0
GBR,United Kingdom,1985,United Kingdom,525.26,1,1,1,1985.0,0,0
GBR,United Kingdom,1986,United Kingdom,547.78,1,1,1,1986.0,0,0
GBR,United Kingdom,1987,United Kingdom,708.19,1,1,1,1987.0,0,0
GBR,United Kingdom,1988,United Kingdom,689.94,1,1,1,1988.0,0,0
GBR,United Kingdom,1989,United Kingdom,624.81,1,1,1,1989.0,0,0
GBR,United Kingdom,1990,United Kingdom,746.33,1,1,1,1990.0,0,0
GBR,United Kingdom,1991,United Kingdom,722.14,1,1,1,1991.0,0,0
GBR,United Kingdom,1992,United Kingdom,585.53,1,1,1,1992.0,0,0
GBR,United Kingdom,1993,United Kingdom,571.79,1,1,1,1993.0,0,0
GBR,United Kingdom,1994,United Kingdom,606.24,1,1,1,1994.0,0,0
GBR,United Kingdom,1995,United Kingdom,601.2,1,1,1,1995.0,0,0
GBR,United Kingdom,1996,United Kingdom,662.66,1,1,1,1996.0,0,0
GBR,United Kingdom,1997,United Kingdom,635.72,1,1,1,1997.0,0,0
GBR,United Kingdom,1998,United Kingdom,643.5,1,1,1,1998.0,0,0
GBR,United Kingdom,1999,United Kingdom,625.0,1,1,1,1999.0,0,0
GBR,United Kingdom,2000,United Kingdom,578.76,1,1,1,2000.0,0,0
GBR,United Kingdom,2001,United Kingdom,562.81,1,1,1,2001.0,0,0
GBR,United Kingdom,2002,United Kingdom,622.88,1,1,1,2002.0,0,0
GBR,United Kingdom,2003,United Kingdom,690.49,1,1,1,2003.0,0,0
GBR,United Kingdom,2004,United Kingdom,741.49,1,1,1,2004.0,0,0
GBR,United Kingdom,2005,United Kingdom,665.18,1,1,1,2005.0,0,0
GBR,United Kingdom,2006,United Kingdom,757.98,1,1,1,2006.0,0,0
GBR,United Kingdom,2007,United Kingdom,767.92,1,1,1,2007.0,0,0
GBR,United Kingdom,2008,United Kingdom,565.76,1,1,1,2008.0,0,0
GBR,United Kingdom,2009,United Kingdom,625.66,1,1,1,2009.0,0,0
GBR,United Kingdom,2010,United Kingdom,595.67,1,1,1,2010.0,0,0
GBR,United Kingdom,2011,United Kingdom,601.28,1,1,1,2011.0,0,0
GBR,United Kingdom,2012,United Kingdom,629.34,1,1,1,2012.0,0,0
GBR,United Kingdom,2013,United Kingdom,641.41,1,1,1,2013.0,0,0
GBR,United Kingdom,2014,United Kingdom,602.87,1,1,1,2014.0,0,0
GBR,United Kingdom,2015,United Kingdom,570.67,1,1,1,2015.0,0,0
GBR,United Kingdom,2016,United Kingdom,477.44,1,1,1,2016.0,0,0
GBR,United Kingdom,2017,United Kingdom,523.57,1,1,1,2017.0,0,0
GBR,United Kingdom,2018,United Kingdom,493.93,1,1,1,2018.0,0,0
GBR,United Kingdom,2019,United Kingdom,513.51,1,1,1,2019.0,0,0
GBR,United Kingdom,2020,United Kingdom,528.72,1,1,1,2020.0,0,0
GBR,United Kingdom,2021,United Kingdom,522.45,1,1,1,2021.0,0,0
GBR,United Kingdom,2022,United Kingdom,508.98,1,1,1,2022.0,0,0
GBR,United Kingdom,2023,United Kingdom,0.0,0,1,1,2022.0,0,1
GBR,United Kingdom,2024,United Kingdom,0.0,0,1,1,2022.0,0,2
GEO,Georgia,1960,Georgia,0.0,0,0,0,,1,1
GEO,Georgia,1961,Georgia,0.0,0,0,0,,1,2
GEO,Georgia,1962,Georgia,0.0,0,0,0,,1,3
GEO,Georgia,1963,Georgia,0.0,0,0,0,,1,4
GEO,Georgia,1964,Georgia,0.0,0,0,0,,1,5
GEO,Georgia,1965,Georgia,0.0,0,0,0,,1,6
GEO,Georgia,1966,Georgia,0.0,0,0,0,,1,7
GEO,Georgia,1967,Georgia,0.0,0,0,0,,1,8
GEO,Georgia,1968,Georgia,0.0,0,0,0,,1,9
GEO,Georgia,1969,Georgia,0.0,0,0,0,,1,10
GEO,Georgia,1970,Georgia,0.0,0,0,0,,1,11
GEO,Georgia,1971,Georgia,0.0,0,0,0,,1,12
GEO,Georgia,1972,Georgia,0.0,0,0,0,,1,13
GEO,Georgia,1973,Georgia,0.0,0,0,0,,1,14
GEO,Georgia,1974,Georgia,0.0,0,0,0,,1,15
GEO,Georgia,1975,Georgia,0.0,0,0,0,,1,16
GEO,Georgia,1976,Georgia,0.0,0,0,0,,1,17
GEO,Georgia,1977,Georgia,0.0,0,0,0,,1,18
GEO,Georgia,1978,Georgia,0.0,0,0,0,,1,19
GEO,Georgia,1979,Georgia,0.0,0,0,0,,1,20
GEO,Georgia,1980,Georgia,0.0,0,0,0,,1,21
GEO,Georgia,1981,Georgia,0.0,0,0,0,,1,22
GEO,Georgia,1982,Georgia,0.0,0,0,0,,1,23
GEO,Georgia,1983,Georgia,0.0,0,0,0,,1,24
GEO,Georgia,1984,Georgia,0.0,0,0,0,,1,25
GEO,Georgia,1985,Georgia,0.0,0,0,0,,1,26
GEO,Georgia,1986,Georgia,0.0,0,0,0,,1,27
GEO,Georgia,1987,Georgia,0.0,0,0,0,,1,28
GEO,Georgia,1988,Georgia,0.0,0,0,0,,1,29
GEO,Georgia,1989,Georgia,0.0,0,0,0,,1,30
GEO,Georgia,1990,Georgia,0.0,0,0,0,,1,31
GEO,Georgia,1991,Georgia,0.0,0,0,0,,1,32
GEO,Georgia,1992,Georgia,1.1,1,0,0,1992.0,0,0
GEO,Georgia,1993,Georgia,0.2,1,1,1,1993.0,0,0
GEO,Georgia,1994,Georgia,58.35,1,1,1,1994.0,0,0
GEO,Georgia,1995,Georgia,274.41,1,1,1,1995.0,0,0
GEO,Georgia,1996,Georgia,452.22,1,1,1,1996.0,0,0
GEO,Georgia,1997,Georgia,154.74,1,1,1,1997.0,0,0
GEO,Georgia,1998,Georgia,59.18,1,1,1,1998.0,0,0
GEO,Georgia,1999,Georgia,113.43,1,1,1,1999.0,0,0
GEO,Georgia,2000,Georgia,180.67,1,1,1,2000.0,0,0
GEO,Georgia,2001,Georgia,357.45,1,1,1,2001.0,0,0
GEO,Georgia,2002,Georgia,351.54,1,1,1,2002.0,0,0
GEO,Georgia,2003,Georgia,322.93,1,1,1,2003.0,0,0
GEO,Georgia,2004,Georgia,423.89,1,1,1,2004.0,0,0
GEO,Georgia,2005,Georgia,221.74,1,1,1,2005.0,0,0
GEO,Georgia,2006,Georgia,214.76,1,1,1,2006.0,0,0
GEO,Georgia,2007,Georgia,41.87,1,1,1,2007.0,0,0
GEO,Georgia,2008,Georgia,35.36,1,1,1,2008.0,0,0
GEO,Georgia,2009,Georgia,35.36,1,1,1,2009.0,0,0
GEO,Georgia,2010,Georgia,35.36,1,1,1,2010.0,0,0
GEO,Georgia,2011,Georgia,35.36,1,1,1,2011.0,0,0
GEO,Georgia,2012,Georgia,35.68,1,1,1,2012.0,0,0
GEO,Georgia,2013,Georgia,51.6,1,1,1,2013.0,0,0
GEO,Georgia,2014,Georgia,35.36,1,1,1,2014.0,0,0
GEO,Georgia,2015,Georgia,35.36,1,1,1,2015.0,0,0
GEO,Georgia,2016,Georgia,35.36,1,1,1,2016.0,0,0
GEO,Georgia,2017,Georgia,35.36,1,1,1,2017.0,0,0
GEO,Georgia,2018,Georgia,7.3,1,1,1,2018.0,0,0
GEO,Georgia,2019,Georgia,7.3,1,1,1,2019.0,0,0
GEO,Georgia,2020,Georgia,7.3,1,1,1,2020.0,0,0
GEO,Georgia,2021,Georgia,7.3,1,1,1,2021.0,0,0
GEO,Georgia,2022,Georgia,7.3,1,1,1,2022.0,0,0
GEO,Georgia,2023,Georgia,7.0,1,1,1,2023.0,0,0
GEO,Georgia,2024,Georgia,7.0,1,1,1,2024.0,0,0
GHA,Ghana,1960,Ghana,0.0,0,0,0,,1,1
GHA,Ghana,1961,Ghana,0.0,0,0,0,,1,2
GHA,Ghana,1962,Ghana,0.0,0,0,0,,1,3
GHA,Ghana,1963,Ghana,0.0,0,0,0,,1,4
GHA,Ghana,1964,Ghana,0.0,0,0,0,,1,5
GHA,Ghana,1965,Ghana,116.0,1,0,0,1965.0,0,0
GHA,Ghana,1966,Ghana,178.65,1,1,1,1966.0,0,0
GHA,Ghana,1967,Ghana,57.0,1,1,1,1967.0,0,0
GHA,Ghana,1968,Ghana,246.0,1,1,1,1968.0,0,0
GHA,Ghana,1969,Ghana,50.0,1,1,1,1969.0,0,0
GHA,Ghana,1970,Ghana,43.44,1,1,1,1970.0,0,0
GHA,Ghana,1971,Ghana,34.72,1,1,1,1971.0,0,0
GHA,Ghana,1972,Ghana,76.12,1,1,1,1972.0,0,0
GHA,Ghana,1973,Ghana,112.68,1,1,1,1973.0,0,0
GHA,Ghana,1974,Ghana,221.27,1,1,1,1974.0,0,0
GHA,Ghana,1975,Ghana,54.96,1,1,1,1975.0,0,0
GHA,Ghana,1976,Ghana,34.12,1,1,1,1976.0,0,0
GHA,Ghana,1977,Ghana,38.36,1,1,1,1977.0,0,0
GHA,Ghana,1978,Ghana,28.61,1,1,1,1978.0,0,0
GHA,Ghana,1979,Ghana,924.62,1,1,1,1979.0,0,0
GHA,Ghana,1980,Ghana,9.29,1,1,1,1980.0,0,0
GHA,Ghana,1981,Ghana,18.32,1,1,1,1981.0,0,0
GHA,Ghana,1982,Ghana,2553.05,1,1,1,1982.0,0,0
GHA,Ghana,1983,Ghana,17.89,1,1,1,1983.0,0,0
GHA,Ghana,1984,Ghana,29.7,1,1,1,1984.0,0,0
GHA,Ghana,1985,Ghana,44.14,1,1,1,1985.0,0,0
GHA,Ghana,1986,Ghana,54.12,1,1,1,1986.0,0,0
GHA,Ghana,1987,Ghana,76.12,1,1,1,1987.0,0,0
GHA,Ghana,1988,Ghana,77.45,1,1,1,1988.0,0,0
GHA,Ghana,1989,Ghana,113.48,1,1,1,1989.0,0,0
GHA,Ghana,1990,Ghana,132.97,1,1,1,1990.0,0,0
GHA,Ghana,1991,Ghana,167.24,1,1,1,1991.0,0,0
GHA,Ghana,1992,Ghana,121.94,1,1,1,1992.0,0,0
GHA,Ghana,1993,Ghana,158.64,1,1,1,1993.0,0,0
GHA,Ghana,1994,Ghana,150.98,1,1,1,1994.0,0,0
GHA,Ghana,1995,Ghana,117.11,1,1,1,1995.0,0,0
GHA,Ghana,1996,Ghana,134.79,1,1,1,1996.0,0,0
GHA,Ghana,1997,Ghana,27.13,1,1,1,1997.0,0,0
GHA,Ghana,1998,Ghana,79.17,1,1,1,1998.0,0,0
GHA,Ghana,1999,Ghana,107.99,1,1,1,1999.0,0,0
GHA,Ghana,2000,Ghana,111.11,1,1,1,2000.0,0,0
GHA,Ghana,2001,Ghana,463.0,1,1,1,2001.0,0,0
GHA,Ghana,2002,Ghana,361.15,1,1,1,2002.0,0,0
GHA,Ghana,2003,Ghana,260.62,1,1,1,2003.0,0,0
GHA,Ghana,2004,Ghana,1642.99,1,1,1,2004.0,0,0
GHA,Ghana,2005,Ghana,145.39,1,1,1,2005.0,0,0
GHA,Ghana,2006,Ghana,4731.07,1,1,1,2006.0,0,0
GHA,Ghana,2007,Ghana,70.46,1,1,1,2007.0,0,0
GHA,Ghana,2008,Ghana,38.19,1,1,1,2008.0,0,0
GHA,Ghana,2009,Ghana,45.49,1,1,1,2009.0,0,0
GHA,Ghana,2010,Ghana,82.21,1,1,1,2010.0,0,0
GHA,Ghana,2011,Ghana,140.33,1,1,1,2011.0,0,0
GHA,Ghana,2012,Ghana,214.88,1,1,1,2012.0,0,0
GHA,Ghana,2013,Ghana,468.35,1,1,1,2013.0,0,0
GHA,Ghana,2014,Ghana,1827.85,1,1,1,2014.0,0,0
GHA,Ghana,2015,Ghana,567.64,1,1,1,2015.0,0,0
GHA,Ghana,2016,Ghana,600.91,1,1,1,2016.0,0,0
GHA,Ghana,2017,Ghana,893.03,1,1,1,2017.0,0,0
GHA,Ghana,2018,Ghana,1213.0,1,1,1,2018.0,0,0
GHA,Ghana,2019,Ghana,1011.46,1,1,1,2019.0,0,0
GHA,Ghana,2020,Ghana,1625.77,1,1,1,2020.0,0,0
GHA,Ghana,2021,Ghana,158.83,1,1,1,2021.0,0,0
GHA,Ghana,2022,Ghana,27235.0,1,1,1,2022.0,0,0
GHA,Ghana,2023,Ghana,37831.8,1,1,1,2023.0,0,0
GHA,Ghana,2024,Ghana,6345.0,1,1,1,2024.0,0,0
GIB,Gibraltar,1960,,0.0,0,0,0,,1,1
GIB,Gibraltar,1961,,0.0,0,0,0,,1,2
GIB,Gibraltar,1962,,0.0,0,0,0,,1,3
GIB,Gibraltar,1963,,0.0,0,0,0,,1,4
GIB,Gibraltar,1964,,0.0,0,0,0,,1,5
GIB,Gibraltar,1965,,0.0,0,0,0,,1,6
GIB,Gibraltar,1966,,0.0,0,0,0,,1,7
GIB,Gibraltar,1967,,0.0,0,0,0,,1,8
GIB,Gibraltar,1968,,0.0,0,0,0,,1,9
GIB,Gibraltar,1969,,0.0,0,0,0,,1,10
GIB,Gibraltar,1970,,0.0,0,0,0,,1,11
GIB,Gibraltar,1971,,0.0,0,0,0,,1,12
GIB,Gibraltar,1972,,0.0,0,0,0,,1,13
GIB,Gibraltar,1973,,0.0,0,0,0,,1,14
GIB,Gibraltar,1974,,0.0,0,0,0,,1,15
GIB,Gibraltar,1975,,0.0,0,0,0,,1,16
GIB,Gibraltar,1976,,0.0,0,0,0,,1,17
GIB,Gibraltar,1977,,0.0,0,0,0,,1,18
GIB,Gibraltar,1978,,0.0,0,0,0,,1,19
GIB,Gibraltar,1979,,0.0,0,0,0,,1,20
GIB,Gibraltar,1980,,0.0,0,0,0,,1,21
GIB,Gibraltar,1981,,0.0,0,0,0,,1,22
GIB,Gibraltar,1982,,0.0,0,0,0,,1,23
GIB,Gibraltar,1983,,0.0,0,0,0,,1,24
GIB,Gibraltar,1984,,0.0,0,0,0,,1,25
GIB,Gibraltar,1985,,0.0,0,0,0,,1,26
GIB,Gibraltar,1986,,0.0,0,0,0,,1,27
GIB,Gibraltar,1987,,0.0,0,0,0,,1,28
GIB,Gibraltar,1988,,0.0,0,0,0,,1,29
GIB,Gibraltar,1989,,0.0,0,0,0,,1,30
GIB,Gibraltar,1990,,0.0,0,0,0,,1,31
GIB,Gibraltar,1991,,0.0,0,0,0,,1,32
GIB,Gibraltar,1992,,0.0,0,0,0,,1,33
GIB,Gibraltar,1993,,0.0,0,0,0,,1,34
GIB,Gibraltar,1994,,0.0,0,0,0,,1,35
GIB,Gibraltar,1995,,0.0,0,0,0,,1,36
GIB,Gibraltar,1996,,0.0,0,0,0,,1,37
GIB,Gibraltar,1997,,0.0,0,0,0,,1,38
GIB,Gibraltar,1998,,0.0,0,0,0,,1,39
GIB,Gibraltar,1999,,0.0,0,0,0,,1,40
GIB,Gibraltar,2000,,0.0,0,0,0,,1,41
GIB,Gibraltar,2001,,0.0,0,0,0,,1,42
GIB,Gibraltar,2002,,0.0,0,0,0,,1,43
GIB,Gibraltar,2003,,0.0,0,0,0,,1,44
GIB,Gibraltar,2004,,0.0,0,0,0,,1,45
GIB,Gibraltar,2005,,0.0,0,0,0,,1,46
GIB,Gibraltar,2006,,0.0,0,0,0,,1,47
GIB,Gibraltar,2007,,0.0,0,0,0,,1,48
GIB,Gibraltar,2008,,0.0,0,0,0,,1,49
GIB,Gibraltar,2009,,0.0,0,0,0,,1,50
GIB,Gibraltar,2010,,0.0,0,0,0,,1,51
GIB,Gibraltar,2011,,0.0,0,0,0,,1,52
GIB,Gibraltar,2012,,0.0,0,0,0,,1,53
GIB,Gibraltar,2013,,0.0,0,0,0,,1,54
GIB,Gibraltar,2014,,0.0,0,0,0,,1,55
GIB,Gibraltar,2015,,0.0,0,0,0,,1,56
GIB,Gibraltar,2016,,0.0,0,0,0,,1,57
GIB,Gibraltar,2017,,0.0,0,0,0,,1,58
GIB,Gibraltar,2018,,0.0,0,0,0,,1,59
GIB,Gibraltar,2019,,0.0,0,0,0,,1,60
GIB,Gibraltar,2020,,0.0,0,0,0,,1,61
GIB,Gibraltar,2021,,0.0,0,0,0,,1,62
GIB,Gibraltar,2022,,0.0,0,0,0,,1,63
GIB,Gibraltar,2023,,0.0,0,0,0,,1,64
GIB,Gibraltar,2024,,0.0,0,0,0,,1,65
GIN,Guinea,1960,Guinea,0.0,0,0,0,,1,1
GIN,Guinea,1961,Guinea,0.0,0,0,0,,1,2
GIN,Guinea,1962,Guinea,0.0,0,0,0,,1,3
GIN,Guinea,1963,Guinea,0.0,0,0,0,,1,4
GIN,Guinea,1964,Guinea,0.0,0,0,0,,1,5
GIN,Guinea,1965,Guinea,29.0,1,0,0,1965.0,0,0
GIN,Guinea,1966,Guinea,0.0,0,1,1,1965.0,0,1
GIN,Guinea,1967,Guinea,7.0,1,1,1,1967.0,0,0
GIN,Guinea,1968,Guinea,9.0,1,1,1,1968.0,0,0
GIN,Guinea,1969,Guinea,9.0,1,1,1,1969.0,0,0
GIN,Guinea,1970,Guinea,21.64,1,1,1,1970.0,0,0
GIN,Guinea,1971,Guinea,41.88,1,1,1,1971.0,0,0
GIN,Guinea,1972,Guinea,62.85,1,1,1,1972.0,0,0
GIN,Guinea,1973,Guinea,95.9,1,1,1,1973.0,0,0
GIN,Guinea,1974,Guinea,129.62,1,1,1,1974.0,0,0
GIN,Guinea,1975,Guinea,157.77,1,1,1,1975.0,0,0
GIN,Guinea,1976,Guinea,172.31,1,1,1,1976.0,0,0
GIN,Guinea,1977,Guinea,200.73,1,1,1,1977.0,0,0
GIN,Guinea,1978,Guinea,242.94,1,1,1,1978.0,0,0
GIN,Guinea,1979,Guinea,249.02,1,1,1,1979.0,0,0
GIN,Guinea,1980,Guinea,134.27,1,1,1,1980.0,0,0
GIN,Guinea,1981,Guinea,160.14,1,1,1,1981.0,0,0
GIN,Guinea,1982,Guinea,191.25,1,1,1,1982.0,0,0
GIN,Guinea,1983,Guinea,207.51,1,1,1,1983.0,0,0
GIN,Guinea,1984,Guinea,201.73,1,1,1,1984.0,0,0
GIN,Guinea,1985,Guinea,273.32,1,1,1,1985.0,0,0
GIN,Guinea,1986,Guinea,247.86,1,1,1,1986.0,0,0
GIN,Guinea,1987,Guinea,248.19,1,1,1,1987.0,0,0
GIN,Guinea,1988,Guinea,355.09,1,1,1,1988.0,0,0
GIN,Guinea,1989,Guinea,712.04,1,1,1,1989.0,0,0
GIN,Guinea,1990,Guinea,414.67,1,1,1,1990.0,0,0
GIN,Guinea,1991,Guinea,372.91,1,1,1,1991.0,0,0
GIN,Guinea,1992,Guinea,521.03,1,1,1,1992.0,0,0
GIN,Guinea,1993,Guinea,450.71,1,1,1,1993.0,0,0
GIN,Guinea,1994,Guinea,565.33,1,1,1,1994.0,0,0
GIN,Guinea,1995,Guinea,628.12,1,1,1,1995.0,0,0
GIN,Guinea,1996,Guinea,534.95,1,1,1,1996.0,0,0
GIN,Guinea,1997,Guinea,605.77,1,1,1,1997.0,0,0
GIN,Guinea,1998,Guinea,697.78,1,1,1,1998.0,0,0
GIN,Guinea,1999,Guinea,575.15,1,1,1,1999.0,0,0
GIN,Guinea,2000,Guinea,399.89,1,1,1,2000.0,0,0
GIN,Guinea,2001,Guinea,503.81,1,1,1,2001.0,0,0
GIN,Guinea,2002,Guinea,347.17,1,1,1,2002.0,0,0
GIN,Guinea,2003,Guinea,343.17,1,1,1,2003.0,0,0
GIN,Guinea,2004,Guinea,328.58,1,1,1,2004.0,0,0
GIN,Guinea,2005,Guinea,331.55,1,1,1,2005.0,0,0
GIN,Guinea,2006,Guinea,339.81,1,1,1,2006.0,0,0
GIN,Guinea,2007,Guinea,354.63,1,1,1,2007.0,0,0
GIN,Guinea,2008,Guinea,371.53,1,1,1,2008.0,0,0
GIN,Guinea,2009,Guinea,169.37,1,1,1,2009.0,0,0
GIN,Guinea,2010,Guinea,248.25,1,1,1,2010.0,0,0
GIN,Guinea,2011,Guinea,162.93,1,1,1,2011.0,0,0
GIN,Guinea,2012,Guinea,2125.98,1,1,1,2012.0,0,0
GIN,Guinea,2013,Guinea,185.13,1,1,1,2013.0,0,0
GIN,Guinea,2014,Guinea,170.47,1,1,1,2014.0,0,0
GIN,Guinea,2015,Guinea,89.57,1,1,1,2015.0,0,0
GIN,Guinea,2016,Guinea,88.94,1,1,1,2016.0,0,0
GIN,Guinea,2017,Guinea,90.92,1,1,1,2017.0,0,0
GIN,Guinea,2018,Guinea,90.35,1,1,1,2018.0,0,0
GIN,Guinea,2019,Guinea,90.22,1,1,1,2019.0,0,0
GIN,Guinea,2020,Guinea,130.35,1,1,1,2020.0,0,0
GIN,Guinea,2021,Guinea,126.41,1,1,1,2021.0,0,0
GIN,Guinea,2022,Guinea,120.57,1,1,1,2022.0,0,0
GIN,Guinea,2023,Guinea,126.0,1,1,1,2023.0,0,0
GIN,Guinea,2024,Guinea,125.0,1,1,1,2024.0,0,0
GMB,"Gambia, The",1960,The Gambia,0.0,0,0,0,,1,1
GMB,"Gambia, The",1961,The Gambia,0.0,0,0,0,,1,2
GMB,"Gambia, The",1962,The Gambia,0.0,0,0,0,,1,3
GMB,"Gambia, The",1963,The Gambia,0.0,0,0,0,,1,4
GMB,"Gambia, The",1964,The Gambia,0.0,0,0,0,,1,5
GMB,"Gambia, The",1965,The Gambia,0.0,0,0,0,,1,6
GMB,"Gambia, The",1966,The Gambia,0.0,0,0,0,,1,7
GMB,"Gambia, The",1967,The Gambia,0.0,0,0,0,,1,8
GMB,"Gambia, The",1968,The Gambia,0.0,0,0,0,,1,9
GMB,"Gambia, The",1969,The Gambia,0.0,0,0,0,,1,10
GMB,"Gambia, The",1970,The Gambia,0.0,0,0,0,,1,11
GMB,"Gambia, The",1971,The Gambia,0.0,0,0,0,,1,12
GMB,"Gambia, The",1972,The Gambia,0.0,0,0,0,,1,13
GMB,"Gambia, The",1973,The Gambia,0.0,0,0,0,,1,14
GMB,"Gambia, The",1974,The Gambia,0.0,0,0,0,,1,15
GMB,"Gambia, The",1975,The Gambia,0.0,0,0,0,,1,16
GMB,"Gambia, The",1976,The Gambia,0.0,0,0,0,,1,17
GMB,"Gambia, The",1977,The Gambia,0.02,1,0,0,1977.0,0,0
GMB,"Gambia, The",1978,The Gambia,0.04,1,1,1,1978.0,0,0
GMB,"Gambia, The",1979,The Gambia,0.0,0,1,1,1978.0,0,1
GMB,"Gambia, The",1980,The Gambia,0.29,1,1,1,1980.0,0,0
GMB,"Gambia, The",1981,The Gambia,0.57,1,1,1,1981.0,0,0
GMB,"Gambia, The",1982,The Gambia,2.42,1,1,1,1982.0,0,0
GMB,"Gambia, The",1983,The Gambia,4.95,1,1,1,1983.0,0,0
GMB,"Gambia, The",1984,The Gambia,11.38,1,1,1,1984.0,0,0
GMB,"Gambia, The",1985,The Gambia,56.86,1,1,1,1985.0,0,0
GMB,"Gambia, The",1986,The Gambia,49.6,1,1,1,1986.0,0,0
GMB,"Gambia, The",1987,The Gambia,11.63,1,1,1,1987.0,0,0
GMB,"Gambia, The",1988,The Gambia,28.83,1,1,1,1988.0,0,0
GMB,"Gambia, The",1989,The Gambia,11.36,1,1,1,1989.0,0,0
GMB,"Gambia, The",1990,The Gambia,2.49,1,1,1,1990.0,0,0
GMB,"Gambia, The",1991,The Gambia,4.09,1,1,1,1991.0,0,0
GMB,"Gambia, The",1992,The Gambia,2.2,1,1,1,1992.0,0,0
GMB,"Gambia, The",1993,The Gambia,4.46,1,1,1,1993.0,0,0
GMB,"Gambia, The",1994,The Gambia,6.4,1,1,1,1994.0,0,0
GMB,"Gambia, The",1995,The Gambia,2.89,1,1,1,1995.0,0,0
GMB,"Gambia, The",1996,The Gambia,2.05,1,1,1,1996.0,0,0
GMB,"Gambia, The",1997,The Gambia,1.15,1,1,1,1997.0,0,0
GMB,"Gambia, The",1998,The Gambia,0.87,1,1,1,1998.0,0,0
GMB,"Gambia, The",1999,The Gambia,1.43,1,1,1,1999.0,0,0
GMB,"Gambia, The",2000,The Gambia,3.29,1,1,1,2000.0,0,0
GMB,"Gambia, The",2001,The Gambia,6.56,1,1,1,2001.0,0,0
GMB,"Gambia, The",2002,The Gambia,11.03,1,1,1,2002.0,0,0
GMB,"Gambia, The",2003,The Gambia,17.81,1,1,1,2003.0,0,0
GMB,"Gambia, The",2004,The Gambia,19.54,1,1,1,2004.0,0,0
GMB,"Gambia, The",2005,The Gambia,29.75,1,1,1,2005.0,0,0
GMB,"Gambia, The",2006,The Gambia,33.19,1,1,1,2006.0,0,0
GMB,"Gambia, The",2007,The Gambia,45.15,1,1,1,2007.0,0,0
GMB,"Gambia, The",2008,The Gambia,267.23,1,1,1,2008.0,0,0
GMB,"Gambia, The",2009,The Gambia,31.18,1,1,1,2009.0,0,0
GMB,"Gambia, The",2010,The Gambia,45.26,1,1,1,2010.0,0,0
GMB,"Gambia, The",2011,The Gambia,27.47,1,1,1,2011.0,0,0
GMB,"Gambia, The",2012,The Gambia,34.5,1,1,1,2012.0,0,0
GMB,"Gambia, The",2013,The Gambia,21.46,1,1,1,2013.0,0,0
GMB,"Gambia, The",2014,The Gambia,16.24,1,1,1,2014.0,0,0
GMB,"Gambia, The",2015,The Gambia,13.97,1,1,1,2015.0,0,0
GMB,"Gambia, The",2016,The Gambia,1.5,1,1,1,2016.0,0,0
GMB,"Gambia, The",2017,The Gambia,47.93,1,1,1,2017.0,0,0
GMB,"Gambia, The",2018,The Gambia,9.67,1,1,1,2018.0,0,0
GMB,"Gambia, The",2019,The Gambia,6.48,1,1,1,2019.0,0,0
GMB,"Gambia, The",2020,The Gambia,20.89,1,1,1,2020.0,0,0
GMB,"Gambia, The",2021,The Gambia,21.89,1,1,1,2021.0,0,0
GMB,"Gambia, The",2022,The Gambia,22.43,1,1,1,2022.0,0,0
GMB,"Gambia, The",2023,The Gambia,36.0,1,1,1,2023.0,0,0
GMB,"Gambia, The",2024,The Gambia,35.0,1,1,1,2024.0,0,0
GNB,Guinea-Bissau,1960,Guinea-Bissau,0.0,0,0,0,,1,1
GNB,Guinea-Bissau,1961,Guinea-Bissau,0.0,0,0,0,,1,2
GNB,Guinea-Bissau,1962,Guinea-Bissau,0.0,0,0,0,,1,3
GNB,Guinea-Bissau,1963,Guinea-Bissau,0.0,0,0,0,,1,4
GNB,Guinea-Bissau,1964,Guinea-Bissau,0.0,0,0,0,,1,5
GNB,Guinea-Bissau,1965,Guinea-Bissau,0.0,0,0,0,,1,6
GNB,Guinea-Bissau,1966,Guinea-Bissau,0.0,0,0,0,,1,7
GNB,Guinea-Bissau,1967,Guinea-Bissau,0.0,0,0,0,,1,8
GNB,Guinea-Bissau,1968,Guinea-Bissau,0.0,0,0,0,,1,9
GNB,Guinea-Bissau,1969,Guinea-Bissau,0.0,0,0,0,,1,10
GNB,Guinea-Bissau,1970,Guinea-Bissau,0.0,0,0,0,,1,11
GNB,Guinea-Bissau,1971,Guinea-Bissau,0.0,0,0,0,,1,12
GNB,Guinea-Bissau,1972,Guinea-Bissau,0.0,0,0,0,,1,13
GNB,Guinea-Bissau,1973,Guinea-Bissau,0.0,0,0,0,,1,14
GNB,Guinea-Bissau,1974,Guinea-Bissau,0.0,0,0,0,,1,15
GNB,Guinea-Bissau,1975,Guinea-Bissau,0.0,0,0,0,,1,16
GNB,Guinea-Bissau,1976,Guinea-Bissau,0.11,1,0,0,1976.0,0,0
GNB,Guinea-Bissau,1977,Guinea-Bissau,0.22,1,1,1,1977.0,0,0
GNB,Guinea-Bissau,1978,Guinea-Bissau,0.62,1,1,1,1978.0,0,0
GNB,Guinea-Bissau,1979,Guinea-Bissau,2.32,1,1,1,1979.0,0,0
GNB,Guinea-Bissau,1980,Guinea-Bissau,5.4,1,1,1,1980.0,0,0
GNB,Guinea-Bissau,1981,Guinea-Bissau,15.54,1,1,1,1981.0,0,0
GNB,Guinea-Bissau,1982,Guinea-Bissau,28.11,1,1,1,1982.0,0,0
GNB,Guinea-Bissau,1983,Guinea-Bissau,32.69,1,1,1,1983.0,0,0
GNB,Guinea-Bissau,1984,Guinea-Bissau,26.79,1,1,1,1984.0,0,0
GNB,Guinea-Bissau,1985,Guinea-Bissau,37.53,1,1,1,1985.0,0,0
GNB,Guinea-Bissau,1986,Guinea-Bissau,48.35,1,1,1,1986.0,0,0
GNB,Guinea-Bissau,1987,Guinea-Bissau,51.16,1,1,1,1987.0,0,0
GNB,Guinea-Bissau,1988,Guinea-Bissau,50.32,1,1,1,1988.0,0,0
GNB,Guinea-Bissau,1989,Guinea-Bissau,117.75,1,1,1,1989.0,0,0
GNB,Guinea-Bissau,1990,Guinea-Bissau,163.17,1,1,1,1990.0,0,0
GNB,Guinea-Bissau,1991,Guinea-Bissau,180.67,1,1,1,1991.0,0,0
GNB,Guinea-Bissau,1992,Guinea-Bissau,224.9,1,1,1,1992.0,0,0
GNB,Guinea-Bissau,1993,Guinea-Bissau,272.4,1,1,1,1993.0,0,0
GNB,Guinea-Bissau,1994,Guinea-Bissau,341.21,1,1,1,1994.0,0,0
GNB,Guinea-Bissau,1995,Guinea-Bissau,368.94,1,1,1,1995.0,0,0
GNB,Guinea-Bissau,1996,Guinea-Bissau,381.9,1,1,1,1996.0,0,0
GNB,Guinea-Bissau,1997,Guinea-Bissau,14.28,1,1,1,1997.0,0,0
GNB,Guinea-Bissau,1998,Guinea-Bissau,254.09,1,1,1,1998.0,0,0
GNB,Guinea-Bissau,1999,Guinea-Bissau,283.04,1,1,1,1999.0,0,0
GNB,Guinea-Bissau,2000,Guinea-Bissau,309.94,1,1,1,2000.0,0,0
GNB,Guinea-Bissau,2001,Guinea-Bissau,339.4,1,1,1,2001.0,0,0
GNB,Guinea-Bissau,2002,Guinea-Bissau,354.48,1,1,1,2002.0,0,0
GNB,Guinea-Bissau,2003,Guinea-Bissau,399.67,1,1,1,2003.0,0,0
GNB,Guinea-Bissau,2004,Guinea-Bissau,518.63,1,1,1,2004.0,0,0
GNB,Guinea-Bissau,2005,Guinea-Bissau,386.25,1,1,1,2005.0,0,0
GNB,Guinea-Bissau,2006,Guinea-Bissau,386.72,1,1,1,2006.0,0,0
GNB,Guinea-Bissau,2007,Guinea-Bissau,396.49,1,1,1,2007.0,0,0
GNB,Guinea-Bissau,2008,Guinea-Bissau,456.32,1,1,1,2008.0,0,0
GNB,Guinea-Bissau,2009,Guinea-Bissau,463.47,1,1,1,2009.0,0,0
GNB,Guinea-Bissau,2010,Guinea-Bissau,415.99,1,1,1,2010.0,0,0
GNB,Guinea-Bissau,2011,Guinea-Bissau,842.58,1,1,1,2011.0,0,0
GNB,Guinea-Bissau,2012,Guinea-Bissau,77.46,1,1,1,2012.0,0,0
GNB,Guinea-Bissau,2013,Guinea-Bissau,77.49,1,1,1,2013.0,0,0
GNB,Guinea-Bissau,2014,Guinea-Bissau,77.48,1,1,1,2014.0,0,0
GNB,Guinea-Bissau,2015,Guinea-Bissau,77.54,1,1,1,2015.0,0,0
GNB,Guinea-Bissau,2016,Guinea-Bissau,77.56,1,1,1,2016.0,0,0
GNB,Guinea-Bissau,2017,Guinea-Bissau,63.93,1,1,1,2017.0,0,0
GNB,Guinea-Bissau,2018,Guinea-Bissau,26.06,1,1,1,2018.0,0,0
GNB,Guinea-Bissau,2019,Guinea-Bissau,26.48,1,1,1,2019.0,0,0
GNB,Guinea-Bissau,2020,Guinea-Bissau,28.32,1,1,1,2020.0,0,0
GNB,Guinea-Bissau,2021,Guinea-Bissau,56.86,1,1,1,2021.0,0,0
GNB,Guinea-Bissau,2022,Guinea-Bissau,8.08,1,1,1,2022.0,0,0
GNB,Guinea-Bissau,2023,Guinea-Bissau,89.0,1,1,1,2023.0,0,0
GNB,Guinea-Bissau,2024,Guinea-Bissau,4.0,1,1,1,2024.0,0,0
GNQ,Equatorial Guinea,1960,Equatorial Guinea,0.0,0,0,0,,1,1
GNQ,Equatorial Guinea,1961,Equatorial Guinea,0.0,0,0,0,,1,2
GNQ,Equatorial Guinea,1962,Equatorial Guinea,0.0,0,0,0,,1,3
GNQ,Equatorial Guinea,1963,Equatorial Guinea,0.0,0,0,0,,1,4
GNQ,Equatorial Guinea,1964,Equatorial Guinea,0.0,0,0,0,,1,5
GNQ,Equatorial Guinea,1965,Equatorial Guinea,0.0,0,0,0,,1,6
GNQ,Equatorial Guinea,1966,Equatorial Guinea,0.0,0,0,0,,1,7
GNQ,Equatorial Guinea,1967,Equatorial Guinea,0.0,0,0,0,,1,8
GNQ,Equatorial Guinea,1968,Equatorial Guinea,0.0,0,0,0,,1,9
GNQ,Equatorial Guinea,1969,Equatorial Guinea,0.0,0,0,0,,1,10
GNQ,Equatorial Guinea,1970,Equatorial Guinea,0.0,0,0,0,,1,11
GNQ,Equatorial Guinea,1971,Equatorial Guinea,0.0,0,0,0,,1,12
GNQ,Equatorial Guinea,1972,Equatorial Guinea,0.0,0,0,0,,1,13
GNQ,Equatorial Guinea,1973,Equatorial Guinea,0.0,0,0,0,,1,14
GNQ,Equatorial Guinea,1974,Equatorial Guinea,0.0,0,0,0,,1,15
GNQ,Equatorial Guinea,1975,Equatorial Guinea,0.0,0,0,0,,1,16
GNQ,Equatorial Guinea,1976,Equatorial Guinea,0.0,0,0,0,,1,17
GNQ,Equatorial Guinea,1977,Equatorial Guinea,0.0,0,0,0,,1,18
GNQ,Equatorial Guinea,1978,Equatorial Guinea,0.0,0,0,0,,1,19
GNQ,Equatorial Guinea,1979,Equatorial Guinea,0.0,0,0,0,,1,20
GNQ,Equatorial Guinea,1980,Equatorial Guinea,0.0,0,0,0,,1,21
GNQ,Equatorial Guinea,1981,Equatorial Guinea,2.0,1,0,0,1981.0,0,0
GNQ,Equatorial Guinea,1982,Equatorial Guinea,22.26,1,1,1,1982.0,0,0
GNQ,Equatorial Guinea,1983,Equatorial Guinea,16.11,1,1,1,1983.0,0,0
GNQ,Equatorial Guinea,1984,Equatorial Guinea,36.33,1,1,1,1984.0,0,0
GNQ,Equatorial Guinea,1985,Equatorial Guinea,38.0,1,1,1,1985.0,0,0
GNQ,Equatorial Guinea,1986,Equatorial Guinea,5.8,1,1,1,1986.0,0,0
GNQ,Equatorial Guinea,1987,Equatorial Guinea,13.4,1,1,1,1987.0,0,0
GNQ,Equatorial Guinea,1988,Equatorial Guinea,23.1,1,1,1,1988.0,0,0
GNQ,Equatorial Guinea,1989,Equatorial Guinea,40.0,1,1,1,1989.0,0,0
GNQ,Equatorial Guinea,1990,Equatorial Guinea,13.4,1,1,1,1990.0,0,0
GNQ,Equatorial Guinea,1991,Equatorial Guinea,16.8,1,1,1,1991.0,0,0
GNQ,Equatorial Guinea,1992,Equatorial Guinea,32.0,1,1,1,1992.0,0,0
GNQ,Equatorial Guinea,1993,Equatorial Guinea,46.0,1,1,1,1993.0,0,0
GNQ,Equatorial Guinea,1994,Equatorial Guinea,51.0,1,1,1,1994.0,0,0
GNQ,Equatorial Guinea,1995,Equatorial Guinea,27.0,1,1,1,1995.0,0,0
GNQ,Equatorial Guinea,1996,Equatorial Guinea,33.9,1,1,1,1996.0,0,0
GNQ,Equatorial Guinea,1997,Equatorial Guinea,35.7,1,1,1,1997.0,0,0
GNQ,Equatorial Guinea,1998,Equatorial Guinea,12.4,1,1,1,1998.0,0,0
GNQ,Equatorial Guinea,1999,Equatorial Guinea,63.0,1,1,1,1999.0,0,0
GNQ,Equatorial Guinea,2000,Equatorial Guinea,98.0,1,1,1,2000.0,0,0
GNQ,Equatorial Guinea,2001,Equatorial Guinea,85.0,1,1,1,2001.0,0,0
GNQ,Equatorial Guinea,2002,Equatorial Guinea,72.0,1,1,1,2002.0,0,0
GNQ,Equatorial Guinea,2003,Equatorial Guinea,64.0,1,1,1,2003.0,0,0
GNQ,Equatorial Guinea,2004,Equatorial Guinea,4.1,1,1,1,2004.0,0,0
GNQ,Equatorial Guinea,2005,Equatorial Guinea,30.0,1,1,1,2005.0,0,0
GNQ,Equatorial Guinea,2006,Equatorial Guinea,0.0,0,1,1,2005.0,0,1
GNQ,Equatorial Guinea,2007,Equatorial Guinea,10.0,1,1,1,2007.0,0,0
GNQ,Equatorial Guinea,2008,Equatorial Guinea,0.0,0,1,1,2007.0,0,1
GNQ,Equatorial Guinea,2009,Equatorial Guinea,0.0,0,1,1,2007.0,0,2
GNQ,Equatorial Guinea,2010,Equatorial Guinea,0.0,0,1,1,2007.0,0,3
GNQ,Equatorial Guinea,2011,Equatorial Guinea,0.0,0,1,1,2007.0,0,4
GNQ,Equatorial Guinea,2012,Equatorial Guinea,0.0,0,1,1,2007.0,0,5
GNQ,Equatorial Guinea,2013,Equatorial Guinea,0.0,0,0,1,2007.0,0,6
GNQ,Equatorial Guinea,2014,Equatorial Guinea,0.0,0,0,1,2007.0,0,7
GNQ,Equatorial Guinea,2015,Equatorial Guinea,0.0,0,0,1,2007.0,0,8
GNQ,Equatorial Guinea,2016,Equatorial Guinea,0.0,0,0,1,2007.0,0,9
GNQ,Equatorial Guinea,2017,Equatorial Guinea,949.0,1,0,1,2017.0,0,0
GNQ,Equatorial Guinea,2018,Equatorial Guinea,117.0,1,1,1,2018.0,0,0
GNQ,Equatorial Guinea,2019,Equatorial Guinea,121.0,1,1,1,2019.0,0,0
GNQ,Equatorial Guinea,2020,Equatorial Guinea,130.0,1,1,1,2020.0,0,0
GNQ,Equatorial Guinea,2021,Equatorial Guinea,1122.0,1,1,1,2021.0,0,0
GNQ,Equatorial Guinea,2022,Equatorial Guinea,86.0,1,1,1,2022.0,0,0
GNQ,Equatorial Guinea,2023,Equatorial Guinea,86.0,1,1,1,2023.0,0,0
GNQ,Equatorial Guinea,2024,Equatorial Guinea,90.0,1,1,1,2024.0,0,0
GRC,Greece,1960,Greece,368.6,1,0,0,1960.0,0,0
GRC,Greece,1961,Greece,377.75,1,1,1,1961.0,0,0
GRC,Greece,1962,Greece,386.91,1,1,1,1962.0,0,0
GRC,Greece,1963,Greece,301.08,1,1,1,1963.0,0,0
GRC,Greece,1964,Greece,307.64,1,1,1,1964.0,0,0
GRC,Greece,1965,Greece,314.21,1,1,1,1965.0,0,0
GRC,Greece,1966,Greece,0.0,0,1,1,1965.0,0,1
GRC,Greece,1967,Greece,0.0,0,1,1,1965.0,0,2
GRC,Greece,1968,Greece,0.0,0,1,1,1965.0,0,3
GRC,Greece,1969,Greece,0.0,0,1,1,1965.0,0,4
GRC,Greece,1970,Greece,0.0,0,1,1,1965.0,0,5
GRC,Greece,1971,Greece,0.0,0,0,1,1965.0,0,6
GRC,Greece,1972,Greece,0.0,0,0,1,1965.0,0,7
GRC,Greece,1973,Greece,0.0,0,0,1,1965.0,0,8
GRC,Greece,1974,Greece,0.0,0,0,1,1965.0,0,9
GRC,Greece,1975,Greece,0.0,0,0,1,1965.0,0,10
GRC,Greece,1976,Greece,0.0,0,0,0,1965.0,0,11
GRC,Greece,1977,Greece,0.0,0,0,0,1965.0,0,12
GRC,Greece,1978,Greece,0.0,0,0,0,1965.0,0,13
GRC,Greece,1979,Greece,0.0,0,0,0,1965.0,0,14
GRC,Greece,1980,Greece,0.0,0,0,0,1965.0,0,15
GRC,Greece,1981,Greece,0.0,0,0,0,1965.0,0,16
GRC,Greece,1982,Greece,0.0,0,0,0,1965.0,0,17
GRC,Greece,1983,Greece,0.0,0,0,0,1965.0,0,18
GRC,Greece,1984,Greece,0.0,0,0,0,1965.0,0,19
GRC,Greece,1985,Greece,0.0,0,0,0,1965.0,0,20
GRC,Greece,1986,Greece,0.0,0,0,0,1965.0,0,21
GRC,Greece,1987,Greece,0.0,0,0,0,1965.0,0,22
GRC,Greece,1988,Greece,0.0,0,0,0,1965.0,0,23
GRC,Greece,1989,Greece,0.0,0,0,0,1965.0,0,24
GRC,Greece,1990,Greece,0.0,0,0,0,1965.0,0,25
GRC,Greece,1991,Greece,0.0,0,0,0,1965.0,0,26
GRC,Greece,1992,Greece,0.0,0,0,0,1965.0,0,27
GRC,Greece,1993,Greece,0.0,0,0,0,1965.0,0,28
GRC,Greece,1994,Greece,0.0,0,0,0,1965.0,0,29
GRC,Greece,1995,Greece,0.0,0,0,0,1965.0,0,30
GRC,Greece,1996,Greece,0.0,0,0,0,1965.0,0,31
GRC,Greece,1997,Greece,0.0,0,0,0,1965.0,0,32
GRC,Greece,1998,Greece,0.0,0,0,0,1965.0,0,33
GRC,Greece,1999,Greece,0.0,0,0,0,1965.0,0,34
GRC,Greece,2000,Greece,0.0,0,0,0,1965.0,0,35
GRC,Greece,2001,Greece,0.0,0,0,0,1965.0,0,36
GRC,Greece,2002,Greece,0.0,0,0,0,1965.0,0,37
GRC,Greece,2003,Greece,0.0,0,0,0,1965.0,0,38
GRC,Greece,2004,Greece,0.0,0,0,0,1965.0,0,39
GRC,Greece,2005,Greece,0.0,0,0,0,1965.0,0,40
GRC,Greece,2006,Greece,0.0,0,0,0,1965.0,0,41
GRC,Greece,2007,Greece,0.0,0,0,0,1965.0,0,42
GRC,Greece,2008,Greece,0.0,0,0,0,1965.0,0,43
GRC,Greece,2009,Greece,0.0,0,0,0,1965.0,0,44
GRC,Greece,2010,Greece,0.0,0,0,0,1965.0,0,45
GRC,Greece,2011,Greece,0.0,0,0,0,1965.0,0,46
GRC,Greece,2012,Greece,312420.0,1,0,0,2012.0,0,0
GRC,Greece,2013,Greece,212819.0,1,1,1,2013.0,0,0
GRC,Greece,2014,Greece,0.0,0,1,1,2013.0,0,1
GRC,Greece,2015,Greece,2222.0,1,1,1,2015.0,0,0
GRC,Greece,2016,Greece,0.0,0,1,1,2015.0,0,1
GRC,Greece,2017,Greece,0.0,0,1,1,2015.0,0,2
GRC,Greece,2018,Greece,110938.0,1,1,1,2018.0,0,0
GRC,Greece,2019,Greece,0.0,0,1,1,2018.0,0,1
GRC,Greece,2020,Greece,0.0,0,1,1,2018.0,0,2
GRC,Greece,2021,Greece,0.0,0,1,1,2018.0,0,3
GRC,Greece,2022,Greece,0.0,0,1,1,2018.0,0,4
GRC,Greece,2023,Greece,0.0,0,1,1,2018.0,0,5
GRC,Greece,2024,Greece,0.0,0,0,1,2018.0,0,6
GRD,Grenada,1960,Grenada,0.0,0,0,0,,1,1
GRD,Grenada,1961,Grenada,0.0,0,0,0,,1,2
GRD,Grenada,1962,Grenada,0.0,0,0,0,,1,3
GRD,Grenada,1963,Grenada,0.0,0,0,0,,1,4
GRD,Grenada,1964,Grenada,0.0,0,0,0,,1,5
GRD,Grenada,1965,Grenada,0.0,0,0,0,,1,6
GRD,Grenada,1966,Grenada,0.0,0,0,0,,1,7
GRD,Grenada,1967,Grenada,0.0,0,0,0,,1,8
GRD,Grenada,1968,Grenada,0.0,0,0,0,,1,9
GRD,Grenada,1969,Grenada,0.0,0,0,0,,1,10
GRD,Grenada,1970,Grenada,0.0,0,0,0,,1,11
GRD,Grenada,1971,Grenada,0.0,0,0,0,,1,12
GRD,Grenada,1972,Grenada,0.0,0,0,0,,1,13
GRD,Grenada,1973,Grenada,0.0,0,0,0,,1,14
GRD,Grenada,1974,Grenada,0.0,0,0,0,,1,15
GRD,Grenada,1975,Grenada,0.0,0,0,0,,1,16
GRD,Grenada,1976,Grenada,0.0,0,0,0,,1,17
GRD,Grenada,1977,Grenada,0.0,0,0,0,,1,18
GRD,Grenada,1978,Grenada,0.0,0,0,0,,1,19
GRD,Grenada,1979,Grenada,0.0,0,0,0,,1,20
GRD,Grenada,1980,Grenada,0.0,0,0,0,,1,21
GRD,Grenada,1981,Grenada,0.42,1,0,0,1981.0,0,0
GRD,Grenada,1982,Grenada,0.42,1,1,1,1982.0,0,0
GRD,Grenada,1983,Grenada,0.73,1,1,1,1983.0,0,0
GRD,Grenada,1984,Grenada,2.61,1,1,1,1984.0,0,0
GRD,Grenada,1985,Grenada,6.95,1,1,1,1985.0,0,0
GRD,Grenada,1986,Grenada,8.86,1,1,1,1986.0,0,0
GRD,Grenada,1987,Grenada,14.43,1,1,1,1987.0,0,0
GRD,Grenada,1988,Grenada,18.65,1,1,1,1988.0,0,0
GRD,Grenada,1989,Grenada,25.49,1,1,1,1989.0,0,0
GRD,Grenada,1990,Grenada,37.88,1,1,1,1990.0,0,0
GRD,Grenada,1991,Grenada,45.27,1,1,1,1991.0,0,0
GRD,Grenada,1992,Grenada,43.29,1,1,1,1992.0,0,0
GRD,Grenada,1993,Grenada,43.44,1,1,1,1993.0,0,0
GRD,Grenada,1994,Grenada,45.25,1,1,1,1994.0,0,0
GRD,Grenada,1995,Grenada,46.91,1,1,1,1995.0,0,0
GRD,Grenada,1996,Grenada,49.37,1,1,1,1996.0,0,0
GRD,Grenada,1997,Grenada,17.29,1,1,1,1997.0,0,0
GRD,Grenada,1998,Grenada,16.85,1,1,1,1998.0,0,0
GRD,Grenada,1999,Grenada,20.32,1,1,1,1999.0,0,0
GRD,Grenada,2000,Grenada,15.94,1,1,1,2000.0,0,0
GRD,Grenada,2001,Grenada,13.73,1,1,1,2001.0,0,0
GRD,Grenada,2002,Grenada,12.74,1,1,1,2002.0,0,0
GRD,Grenada,2003,Grenada,12.27,1,1,1,2003.0,0,0
GRD,Grenada,2004,Grenada,264.69,1,1,1,2004.0,0,0
GRD,Grenada,2005,Grenada,253.59,1,1,1,2005.0,0,0
GRD,Grenada,2006,Grenada,22.2,1,1,1,2006.0,0,0
GRD,Grenada,2007,Grenada,26.83,1,1,1,2007.0,0,0
GRD,Grenada,2008,Grenada,32.37,1,1,1,2008.0,0,0
GRD,Grenada,2009,Grenada,39.73,1,1,1,2009.0,0,0
GRD,Grenada,2010,Grenada,41.65,1,1,1,2010.0,0,0
GRD,Grenada,2011,Grenada,45.28,1,1,1,2011.0,0,0
GRD,Grenada,2012,Grenada,80.61,1,1,1,2012.0,0,0
GRD,Grenada,2013,Grenada,313.4,1,1,1,2013.0,0,0
GRD,Grenada,2014,Grenada,329.77,1,1,1,2014.0,0,0
GRD,Grenada,2015,Grenada,402.48,1,1,1,2015.0,0,0
GRD,Grenada,2016,Grenada,155.92,1,1,1,2016.0,0,0
GRD,Grenada,2017,Grenada,212.07,1,1,1,2017.0,0,0
GRD,Grenada,2018,Grenada,22.58,1,1,1,2018.0,0,0
GRD,Grenada,2019,Grenada,24.71,1,1,1,2019.0,0,0
GRD,Grenada,2020,Grenada,29.19,1,1,1,2020.0,0,0
GRD,Grenada,2021,Grenada,30.16,1,1,1,2021.0,0,0
GRD,Grenada,2022,Grenada,31.46,1,1,1,2022.0,0,0
GRD,Grenada,2023,Grenada,33.0,1,1,1,2023.0,0,0
GRD,Grenada,2024,Grenada,35.0,1,1,1,2024.0,0,0
GRL,Greenland,1960,,0.0,0,0,0,,1,1
GRL,Greenland,1961,,0.0,0,0,0,,1,2
GRL,Greenland,1962,,0.0,0,0,0,,1,3
GRL,Greenland,1963,,0.0,0,0,0,,1,4
GRL,Greenland,1964,,0.0,0,0,0,,1,5
GRL,Greenland,1965,,0.0,0,0,0,,1,6
GRL,Greenland,1966,,0.0,0,0,0,,1,7
GRL,Greenland,1967,,0.0,0,0,0,,1,8
GRL,Greenland,1968,,0.0,0,0,0,,1,9
GRL,Greenland,1969,,0.0,0,0,0,,1,10
GRL,Greenland,1970,,0.0,0,0,0,,1,11
GRL,Greenland,1971,,0.0,0,0,0,,1,12
GRL,Greenland,1972,,0.0,0,0,0,,1,13
GRL,Greenland,1973,,0.0,0,0,0,,1,14
GRL,Greenland,1974,,0.0,0,0,0,,1,15
GRL,Greenland,1975,,0.0,0,0,0,,1,16
GRL,Greenland,1976,,0.0,0,0,0,,1,17
GRL,Greenland,1977,,0.0,0,0,0,,1,18
GRL,Greenland,1978,,0.0,0,0,0,,1,19
GRL,Greenland,1979,,0.0,0,0,0,,1,20
GRL,Greenland,1980,,0.0,0,0,0,,1,21
GRL,Greenland,1981,,0.0,0,0,0,,1,22
GRL,Greenland,1982,,0.0,0,0,0,,1,23
GRL,Greenland,1983,,0.0,0,0,0,,1,24
GRL,Greenland,1984,,0.0,0,0,0,,1,25
GRL,Greenland,1985,,0.0,0,0,0,,1,26
GRL,Greenland,1986,,0.0,0,0,0,,1,27
GRL,Greenland,1987,,0.0,0,0,0,,1,28
GRL,Greenland,1988,,0.0,0,0,0,,1,29
GRL,Greenland,1989,,0.0,0,0,0,,1,30
GRL,Greenland,1990,,0.0,0,0,0,,1,31
GRL,Greenland,1991,,0.0,0,0,0,,1,32
GRL,Greenland,1992,,0.0,0,0,0,,1,33
GRL,Greenland,1993,,0.0,0,0,0,,1,34
GRL,Greenland,1994,,0.0,0,0,0,,1,35
GRL,Greenland,1995,,0.0,0,0,0,,1,36
GRL,Greenland,1996,,0.0,0,0,0,,1,37
GRL,Greenland,1997,,0.0,0,0,0,,1,38
GRL,Greenland,1998,,0.0,0,0,0,,1,39
GRL,Greenland,1999,,0.0,0,0,0,,1,40
GRL,Greenland,2000,,0.0,0,0,0,,1,41
GRL,Greenland,2001,,0.0,0,0,0,,1,42
GRL,Greenland,2002,,0.0,0,0,0,,1,43
GRL,Greenland,2003,,0.0,0,0,0,,1,44
GRL,Greenland,2004,,0.0,0,0,0,,1,45
GRL,Greenland,2005,,0.0,0,0,0,,1,46
GRL,Greenland,2006,,0.0,0,0,0,,1,47
GRL,Greenland,2007,,0.0,0,0,0,,1,48
GRL,Greenland,2008,,0.0,0,0,0,,1,49
GRL,Greenland,2009,,0.0,0,0,0,,1,50
GRL,Greenland,2010,,0.0,0,0,0,,1,51
GRL,Greenland,2011,,0.0,0,0,0,,1,52
GRL,Greenland,2012,,0.0,0,0,0,,1,53
GRL,Greenland,2013,,0.0,0,0,0,,1,54
GRL,Greenland,2014,,0.0,0,0,0,,1,55
GRL,Greenland,2015,,0.0,0,0,0,,1,56
GRL,Greenland,2016,,0.0,0,0,0,,1,57
GRL,Greenland,2017,,0.0,0,0,0,,1,58
GRL,Greenland,2018,,0.0,0,0,0,,1,59
GRL,Greenland,2019,,0.0,0,0,0,,1,60
GRL,Greenland,2020,,0.0,0,0,0,,1,61
GRL,Greenland,2021,,0.0,0,0,0,,1,62
GRL,Greenland,2022,,0.0,0,0,0,,1,63
GRL,Greenland,2023,,0.0,0,0,0,,1,64
GRL,Greenland,2024,,0.0,0,0,0,,1,65
GTM,Guatemala,1960,Guatemala,0.0,0,0,0,,1,1
GTM,Guatemala,1961,Guatemala,0.0,0,0,0,,1,2
GTM,Guatemala,1962,Guatemala,0.0,0,0,0,,1,3
GTM,Guatemala,1963,Guatemala,0.0,0,0,0,,1,4
GTM,Guatemala,1964,Guatemala,0.0,0,0,0,,1,5
GTM,Guatemala,1965,Guatemala,0.0,0,0,0,,1,6
GTM,Guatemala,1966,Guatemala,0.0,0,0,0,,1,7
GTM,Guatemala,1967,Guatemala,0.0,0,0,0,,1,8
GTM,Guatemala,1968,Guatemala,0.0,0,0,0,,1,9
GTM,Guatemala,1969,Guatemala,0.0,0,0,0,,1,10
GTM,Guatemala,1970,Guatemala,0.0,0,0,0,,1,11
GTM,Guatemala,1971,Guatemala,0.0,0,0,0,,1,12
GTM,Guatemala,1972,Guatemala,0.0,0,0,0,,1,13
GTM,Guatemala,1973,Guatemala,0.0,0,0,0,,1,14
GTM,Guatemala,1974,Guatemala,0.0,0,0,0,,1,15
GTM,Guatemala,1975,Guatemala,0.0,0,0,0,,1,16
GTM,Guatemala,1976,Guatemala,0.0,0,0,0,,1,17
GTM,Guatemala,1977,Guatemala,0.0,0,0,0,,1,18
GTM,Guatemala,1978,Guatemala,0.0,0,0,0,,1,19
GTM,Guatemala,1979,Guatemala,0.0,0,0,0,,1,20
GTM,Guatemala,1980,Guatemala,0.0,0,0,0,,1,21
GTM,Guatemala,1981,Guatemala,0.0,0,0,0,,1,22
GTM,Guatemala,1982,Guatemala,0.0,0,0,0,,1,23
GTM,Guatemala,1983,Guatemala,0.25,1,0,0,1983.0,0,0
GTM,Guatemala,1984,Guatemala,18.07,1,1,1,1984.0,0,0
GTM,Guatemala,1985,Guatemala,76.56,1,1,1,1985.0,0,0
GTM,Guatemala,1986,Guatemala,233.54,1,1,1,1986.0,0,0
GTM,Guatemala,1987,Guatemala,329.27,1,1,1,1987.0,0,0
GTM,Guatemala,1988,Guatemala,324.59,1,1,1,1988.0,0,0
GTM,Guatemala,1989,Guatemala,914.33,1,1,1,1989.0,0,0
GTM,Guatemala,1990,Guatemala,506.47,1,1,1,1990.0,0,0
GTM,Guatemala,1991,Guatemala,533.54,1,1,1,1991.0,0,0
GTM,Guatemala,1992,Guatemala,519.77,1,1,1,1992.0,0,0
GTM,Guatemala,1993,Guatemala,907.98,1,1,1,1993.0,0,0
GTM,Guatemala,1994,Guatemala,447.82,1,1,1,1994.0,0,0
GTM,Guatemala,1995,Guatemala,477.6,1,1,1,1995.0,0,0
GTM,Guatemala,1996,Guatemala,488.7,1,1,1,1996.0,0,0
GTM,Guatemala,1997,Guatemala,474.2,1,1,1,1997.0,0,0
GTM,Guatemala,1998,Guatemala,461.0,1,1,1,1998.0,0,0
GTM,Guatemala,1999,Guatemala,492.1,1,1,1,1999.0,0,0
GTM,Guatemala,2000,Guatemala,541.4,1,1,1,2000.0,0,0
GTM,Guatemala,2001,Guatemala,522.94,1,1,1,2001.0,0,0
GTM,Guatemala,2002,Guatemala,522.05,1,1,1,2002.0,0,0
GTM,Guatemala,2003,Guatemala,534.98,1,1,1,2003.0,0,0
GTM,Guatemala,2004,Guatemala,544.93,1,1,1,2004.0,0,0
GTM,Guatemala,2005,Guatemala,544.93,1,1,1,2005.0,0,0
GTM,Guatemala,2006,Guatemala,128.6,1,1,1,2006.0,0,0
GTM,Guatemala,2007,Guatemala,0.03,1,1,1,2007.0,0,0
GTM,Guatemala,2008,Guatemala,0.0,0,1,1,2007.0,0,1
GTM,Guatemala,2009,Guatemala,0.0,0,1,1,2007.0,0,2
GTM,Guatemala,2010,Guatemala,0.0,0,1,1,2007.0,0,3
GTM,Guatemala,2011,Guatemala,0.0,0,1,1,2007.0,0,4
GTM,Guatemala,2012,Guatemala,0.0,0,1,1,2007.0,0,5
GTM,Guatemala,2013,Guatemala,0.39,1,0,1,2013.0,0,0
GTM,Guatemala,2014,Guatemala,0.0,0,1,1,2013.0,0,1
GTM,Guatemala,2015,Guatemala,0.0,0,1,1,2013.0,0,2
GTM,Guatemala,2016,Guatemala,0.0,0,1,1,2013.0,0,3
GTM,Guatemala,2017,Guatemala,0.0,0,1,1,2013.0,0,4
GTM,Guatemala,2018,Guatemala,0.0,0,1,1,2013.0,0,5
GTM,Guatemala,2019,Guatemala,0.0,0,0,1,2013.0,0,6
GTM,Guatemala,2020,Guatemala,3.91,1,0,1,2020.0,0,0
GTM,Guatemala,2021,Guatemala,0.0,0,1,1,2020.0,0,1
GTM,Guatemala,2022,Guatemala,0.23,1,1,1,2022.0,0,0
GTM,Guatemala,2023,Guatemala,0.0,0,1,1,2022.0,0,1
GTM,Guatemala,2024,Guatemala,0.0,0,1,1,2022.0,0,2
GUM,Guam,1960,,0.0,0,0,0,,1,1
GUM,Guam,1961,,0.0,0,0,0,,1,2
GUM,Guam,1962,,0.0,0,0,0,,1,3
GUM,Guam,1963,,0.0,0,0,0,,1,4
GUM,Guam,1964,,0.0,0,0,0,,1,5
GUM,Guam,1965,,0.0,0,0,0,,1,6
GUM,Guam,1966,,0.0,0,0,0,,1,7
GUM,Guam,1967,,0.0,0,0,0,,1,8
GUM,Guam,1968,,0.0,0,0,0,,1,9
GUM,Guam,1969,,0.0,0,0,0,,1,10
GUM,Guam,1970,,0.0,0,0,0,,1,11
GUM,Guam,1971,,0.0,0,0,0,,1,12
GUM,Guam,1972,,0.0,0,0,0,,1,13
GUM,Guam,1973,,0.0,0,0,0,,1,14
GUM,Guam,1974,,0.0,0,0,0,,1,15
GUM,Guam,1975,,0.0,0,0,0,,1,16
GUM,Guam,1976,,0.0,0,0,0,,1,17
GUM,Guam,1977,,0.0,0,0,0,,1,18
GUM,Guam,1978,,0.0,0,0,0,,1,19
GUM,Guam,1979,,0.0,0,0,0,,1,20
GUM,Guam,1980,,0.0,0,0,0,,1,21
GUM,Guam,1981,,0.0,0,0,0,,1,22
GUM,Guam,1982,,0.0,0,0,0,,1,23
GUM,Guam,1983,,0.0,0,0,0,,1,24
GUM,Guam,1984,,0.0,0,0,0,,1,25
GUM,Guam,1985,,0.0,0,0,0,,1,26
GUM,Guam,1986,,0.0,0,0,0,,1,27
GUM,Guam,1987,,0.0,0,0,0,,1,28
GUM,Guam,1988,,0.0,0,0,0,,1,29
GUM,Guam,1989,,0.0,0,0,0,,1,30
GUM,Guam,1990,,0.0,0,0,0,,1,31
GUM,Guam,1991,,0.0,0,0,0,,1,32
GUM,Guam,1992,,0.0,0,0,0,,1,33
GUM,Guam,1993,,0.0,0,0,0,,1,34
GUM,Guam,1994,,0.0,0,0,0,,1,35
GUM,Guam,1995,,0.0,0,0,0,,1,36
GUM,Guam,1996,,0.0,0,0,0,,1,37
GUM,Guam,1997,,0.0,0,0,0,,1,38
GUM,Guam,1998,,0.0,0,0,0,,1,39
GUM,Guam,1999,,0.0,0,0,0,,1,40
GUM,Guam,2000,,0.0,0,0,0,,1,41
GUM,Guam,2001,,0.0,0,0,0,,1,42
GUM,Guam,2002,,0.0,0,0,0,,1,43
GUM,Guam,2003,,0.0,0,0,0,,1,44
GUM,Guam,2004,,0.0,0,0,0,,1,45
GUM,Guam,2005,,0.0,0,0,0,,1,46
GUM,Guam,2006,,0.0,0,0,0,,1,47
GUM,Guam,2007,,0.0,0,0,0,,1,48
GUM,Guam,2008,,0.0,0,0,0,,1,49
GUM,Guam,2009,,0.0,0,0,0,,1,50
GUM,Guam,2010,,0.0,0,0,0,,1,51
GUM,Guam,2011,,0.0,0,0,0,,1,52
GUM,Guam,2012,,0.0,0,0,0,,1,53
GUM,Guam,2013,,0.0,0,0,0,,1,54
GUM,Guam,2014,,0.0,0,0,0,,1,55
GUM,Guam,2015,,0.0,0,0,0,,1,56
GUM,Guam,2016,,0.0,0,0,0,,1,57
GUM,Guam,2017,,0.0,0,0,0,,1,58
GUM,Guam,2018,,0.0,0,0,0,,1,59
GUM,Guam,2019,,0.0,0,0,0,,1,60
GUM,Guam,2020,,0.0,0,0,0,,1,61
GUM,Guam,2021,,0.0,0,0,0,,1,62
GUM,Guam,2022,,0.0,0,0,0,,1,63
GUM,Guam,2023,,0.0,0,0,0,,1,64
GUM,Guam,2024,,0.0,0,0,0,,1,65
GUY,Guyana,1960,Guyana,0.0,0,0,0,,1,1
GUY,Guyana,1961,Guyana,0.0,0,0,0,,1,2
GUY,Guyana,1962,Guyana,0.0,0,0,0,,1,3
GUY,Guyana,1963,Guyana,0.0,0,0,0,,1,4
GUY,Guyana,1964,Guyana,0.0,0,0,0,,1,5
GUY,Guyana,1965,Guyana,0.0,0,0,0,,1,6
GUY,Guyana,1966,Guyana,0.0,0,0,0,,1,7
GUY,Guyana,1967,Guyana,0.0,0,0,0,,1,8
GUY,Guyana,1968,Guyana,0.0,0,0,0,,1,9
GUY,Guyana,1969,Guyana,0.0,0,0,0,,1,10
GUY,Guyana,1970,Guyana,0.0,0,0,0,,1,11
GUY,Guyana,1971,Guyana,0.0,0,0,0,,1,12
GUY,Guyana,1972,Guyana,0.54,1,0,0,1972.0,0,0
GUY,Guyana,1973,Guyana,0.77,1,1,1,1973.0,0,0
GUY,Guyana,1974,Guyana,2.16,1,1,1,1974.0,0,0
GUY,Guyana,1975,Guyana,3.46,1,1,1,1975.0,0,0
GUY,Guyana,1976,Guyana,17.02,1,1,1,1976.0,0,0
GUY,Guyana,1977,Guyana,25.08,1,1,1,1977.0,0,0
GUY,Guyana,1978,Guyana,39.25,1,1,1,1978.0,0,0
GUY,Guyana,1979,Guyana,106.09,1,1,1,1979.0,0,0
GUY,Guyana,1980,Guyana,77.84,1,1,1,1980.0,0,0
GUY,Guyana,1981,Guyana,82.35,1,1,1,1981.0,0,0
GUY,Guyana,1982,Guyana,131.19,1,1,1,1982.0,0,0
GUY,Guyana,1983,Guyana,172.14,1,1,1,1983.0,0,0
GUY,Guyana,1984,Guyana,293.03,1,1,1,1984.0,0,0
GUY,Guyana,1985,Guyana,373.51,1,1,1,1985.0,0,0
GUY,Guyana,1986,Guyana,458.27,1,1,1,1986.0,0,0
GUY,Guyana,1987,Guyana,1009.41,1,1,1,1987.0,0,0
GUY,Guyana,1988,Guyana,1121.78,1,1,1,1988.0,0,0
GUY,Guyana,1989,Guyana,786.61,1,1,1,1989.0,0,0
GUY,Guyana,1990,Guyana,672.3,1,1,1,1990.0,0,0
GUY,Guyana,1991,Guyana,348.06,1,1,1,1991.0,0,0
GUY,Guyana,1992,Guyana,238.02,1,1,1,1992.0,0,0
GUY,Guyana,1993,Guyana,194.31,1,1,1,1993.0,0,0
GUY,Guyana,1994,Guyana,205.94,1,1,1,1994.0,0,0
GUY,Guyana,1995,Guyana,248.86,1,1,1,1995.0,0,0
GUY,Guyana,1996,Guyana,919.18,1,1,1,1996.0,0,0
GUY,Guyana,1997,Guyana,195.45,1,1,1,1997.0,0,0
GUY,Guyana,1998,Guyana,176.52,1,1,1,1998.0,0,0
GUY,Guyana,1999,Guyana,457.18,1,1,1,1999.0,0,0
GUY,Guyana,2000,Guyana,146.71,1,1,1,2000.0,0,0
GUY,Guyana,2001,Guyana,153.98,1,1,1,2001.0,0,0
GUY,Guyana,2002,Guyana,158.29,1,1,1,2002.0,0,0
GUY,Guyana,2003,Guyana,184.93,1,1,1,2003.0,0,0
GUY,Guyana,2004,Guyana,196.81,1,1,1,2004.0,0,0
GUY,Guyana,2005,Guyana,227.58,1,1,1,2005.0,0,0
GUY,Guyana,2006,Guyana,456.26,1,1,1,2006.0,0,0
GUY,Guyana,2007,Guyana,595.22,1,1,1,2007.0,0,0
GUY,Guyana,2008,Guyana,183.21,1,1,1,2008.0,0,0
GUY,Guyana,2009,Guyana,174.78,1,1,1,2009.0,0,0
GUY,Guyana,2010,Guyana,185.25,1,1,1,2010.0,0,0
GUY,Guyana,2011,Guyana,189.06,1,1,1,2011.0,0,0
GUY,Guyana,2012,Guyana,192.77,1,1,1,2012.0,0,0
GUY,Guyana,2013,Guyana,474.42,1,1,1,2013.0,0,0
GUY,Guyana,2014,Guyana,313.33,1,1,1,2014.0,0,0
GUY,Guyana,2015,Guyana,246.3,1,1,1,2015.0,0,0
GUY,Guyana,2016,Guyana,170.75,1,1,1,2016.0,0,0
GUY,Guyana,2017,Guyana,164.79,1,1,1,2017.0,0,0
GUY,Guyana,2018,Guyana,166.68,1,1,1,2018.0,0,0
GUY,Guyana,2019,Guyana,97.85,1,1,1,2019.0,0,0
GUY,Guyana,2020,Guyana,89.01,1,1,1,2020.0,0,0
GUY,Guyana,2021,Guyana,89.84,1,1,1,2021.0,0,0
GUY,Guyana,2022,Guyana,90.82,1,1,1,2022.0,0,0
GUY,Guyana,2023,Guyana,74.0,1,1,1,2023.0,0,0
GUY,Guyana,2024,Guyana,75.0,1,1,1,2024.0,0,0
HKG,"Hong Kong SAR, China",1960,,0.0,0,0,0,,1,1
HKG,"Hong Kong SAR, China",1961,,0.0,0,0,0,,1,2
HKG,"Hong Kong SAR, China",1962,,0.0,0,0,0,,1,3
HKG,"Hong Kong SAR, China",1963,,0.0,0,0,0,,1,4
HKG,"Hong Kong SAR, China",1964,,0.0,0,0,0,,1,5
HKG,"Hong Kong SAR, China",1965,,0.0,0,0,0,,1,6
HKG,"Hong Kong SAR, China",1966,,0.0,0,0,0,,1,7
HKG,"Hong Kong SAR, China",1967,,0.0,0,0,0,,1,8
HKG,"Hong Kong SAR, China",1968,,0.0,0,0,0,,1,9
HKG,"Hong Kong SAR, China",1969,,0.0,0,0,0,,1,10
HKG,"Hong Kong SAR, China",1970,,0.0,0,0,0,,1,11
HKG,"Hong Kong SAR, China",1971,,0.0,0,0,0,,1,12
HKG,"Hong Kong SAR, China",1972,,0.0,0,0,0,,1,13
HKG,"Hong Kong SAR, China",1973,,0.0,0,0,0,,1,14
HKG,"Hong Kong SAR, China",1974,,0.0,0,0,0,,1,15
HKG,"Hong Kong SAR, China",1975,,0.0,0,0,0,,1,16
HKG,"Hong Kong SAR, China",1976,,0.0,0,0,0,,1,17
HKG,"Hong Kong SAR, China",1977,,0.0,0,0,0,,1,18
HKG,"Hong Kong SAR, China",1978,,0.0,0,0,0,,1,19
HKG,"Hong Kong SAR, China",1979,,0.0,0,0,0,,1,20
HKG,"Hong Kong SAR, China",1980,,0.0,0,0,0,,1,21
HKG,"Hong Kong SAR, China",1981,,0.0,0,0,0,,1,22
HKG,"Hong Kong SAR, China",1982,,0.0,0,0,0,,1,23
HKG,"Hong Kong SAR, China",1983,,0.0,0,0,0,,1,24
HKG,"Hong Kong SAR, China",1984,,0.0,0,0,0,,1,25
HKG,"Hong Kong SAR, China",1985,,0.0,0,0,0,,1,26
HKG,"Hong Kong SAR, China",1986,,0.0,0,0,0,,1,27
HKG,"Hong Kong SAR, China",1987,,0.0,0,0,0,,1,28
HKG,"Hong Kong SAR, China",1988,,0.0,0,0,0,,1,29
HKG,"Hong Kong SAR, China",1989,,0.0,0,0,0,,1,30
HKG,"Hong Kong SAR, China",1990,,0.0,0,0,0,,1,31
HKG,"Hong Kong SAR, China",1991,,0.0,0,0,0,,1,32
HKG,"Hong Kong SAR, China",1992,,0.0,0,0,0,,1,33
HKG,"Hong Kong SAR, China",1993,,0.0,0,0,0,,1,34
HKG,"Hong Kong SAR, China",1994,,0.0,0,0,0,,1,35
HKG,"Hong Kong SAR, China",1995,,0.0,0,0,0,,1,36
HKG,"Hong Kong SAR, China",1996,,0.0,0,0,0,,1,37
HKG,"Hong Kong SAR, China",1997,,0.0,0,0,0,,1,38
HKG,"Hong Kong SAR, China",1998,,0.0,0,0,0,,1,39
HKG,"Hong Kong SAR, China",1999,,0.0,0,0,0,,1,40
HKG,"Hong Kong SAR, China",2000,,0.0,0,0,0,,1,41
HKG,"Hong Kong SAR, China",2001,,0.0,0,0,0,,1,42
HKG,"Hong Kong SAR, China",2002,,0.0,0,0,0,,1,43
HKG,"Hong Kong SAR, China",2003,,0.0,0,0,0,,1,44
HKG,"Hong Kong SAR, China",2004,,0.0,0,0,0,,1,45
HKG,"Hong Kong SAR, China",2005,,0.0,0,0,0,,1,46
HKG,"Hong Kong SAR, China",2006,,0.0,0,0,0,,1,47
HKG,"Hong Kong SAR, China",2007,,0.0,0,0,0,,1,48
HKG,"Hong Kong SAR, China",2008,,0.0,0,0,0,,1,49
HKG,"Hong Kong SAR, China",2009,,0.0,0,0,0,,1,50
HKG,"Hong Kong SAR, China",2010,,0.0,0,0,0,,1,51
HKG,"Hong Kong SAR, China",2011,,0.0,0,0,0,,1,52
HKG,"Hong Kong SAR, China",2012,,0.0,0,0,0,,1,53
HKG,"Hong Kong SAR, China",2013,,0.0,0,0,0,,1,54
HKG,"Hong Kong SAR, China",2014,,0.0,0,0,0,,1,55
HKG,"Hong Kong SAR, China",2015,,0.0,0,0,0,,1,56
HKG,"Hong Kong SAR, China",2016,,0.0,0,0,0,,1,57
HKG,"Hong Kong SAR, China",2017,,0.0,0,0,0,,1,58
HKG,"Hong Kong SAR, China",2018,,0.0,0,0,0,,1,59
HKG,"Hong Kong SAR, China",2019,,0.0,0,0,0,,1,60
HKG,"Hong Kong SAR, China",2020,,0.0,0,0,0,,1,61
HKG,"Hong Kong SAR, China",2021,,0.0,0,0,0,,1,62
HKG,"Hong Kong SAR, China",2022,,0.0,0,0,0,,1,63
HKG,"Hong Kong SAR, China",2023,,0.0,0,0,0,,1,64
HKG,"Hong Kong SAR, China",2024,,0.0,0,0,0,,1,65
HND,Honduras,1960,Honduras,0.0,0,0,0,,1,1
HND,Honduras,1961,Honduras,0.0,0,0,0,,1,2
HND,Honduras,1962,Honduras,0.0,0,0,0,,1,3
HND,Honduras,1963,Honduras,0.0,0,0,0,,1,4
HND,Honduras,1964,Honduras,0.0,0,0,0,,1,5
HND,Honduras,1965,Honduras,0.0,0,0,0,,1,6
HND,Honduras,1966,Honduras,0.0,0,0,0,,1,7
HND,Honduras,1967,Honduras,0.0,0,0,0,,1,8
HND,Honduras,1968,Honduras,0.0,0,0,0,,1,9
HND,Honduras,1969,Honduras,0.0,0,0,0,,1,10
HND,Honduras,1970,Honduras,0.0,0,0,0,,1,11
HND,Honduras,1971,Honduras,0.0,0,0,0,,1,12
HND,Honduras,1972,Honduras,0.0,0,0,0,,1,13
HND,Honduras,1973,Honduras,0.0,0,0,0,,1,14
HND,Honduras,1974,Honduras,0.0,0,0,0,,1,15
HND,Honduras,1975,Honduras,0.0,0,0,0,,1,16
HND,Honduras,1976,Honduras,0.0,0,0,0,,1,17
HND,Honduras,1977,Honduras,0.25,1,0,0,1977.0,0,0
HND,Honduras,1978,Honduras,1.01,1,1,1,1978.0,0,0
HND,Honduras,1979,Honduras,2.6,1,1,1,1979.0,0,0
HND,Honduras,1980,Honduras,2.68,1,1,1,1980.0,0,0
HND,Honduras,1981,Honduras,16.05,1,1,1,1981.0,0,0
HND,Honduras,1982,Honduras,98.23,1,1,1,1982.0,0,0
HND,Honduras,1983,Honduras,112.23,1,1,1,1983.0,0,0
HND,Honduras,1984,Honduras,382.43,1,1,1,1984.0,0,0
HND,Honduras,1985,Honduras,338.46,1,1,1,1985.0,0,0
HND,Honduras,1986,Honduras,426.52,1,1,1,1986.0,0,0
HND,Honduras,1987,Honduras,519.34,1,1,1,1987.0,0,0
HND,Honduras,1988,Honduras,596.32,1,1,1,1988.0,0,0
HND,Honduras,1989,Honduras,687.73,1,1,1,1989.0,0,0
HND,Honduras,1990,Honduras,1036.52,1,1,1,1990.0,0,0
HND,Honduras,1991,Honduras,744.42,1,1,1,1991.0,0,0
HND,Honduras,1992,Honduras,306.8,1,1,1,1992.0,0,0
HND,Honduras,1993,Honduras,390.65,1,1,1,1993.0,0,0
HND,Honduras,1994,Honduras,342.91,1,1,1,1994.0,0,0
HND,Honduras,1995,Honduras,292.96,1,1,1,1995.0,0,0
HND,Honduras,1996,Honduras,314.51,1,1,1,1996.0,0,0
HND,Honduras,1997,Honduras,353.85,1,1,1,1997.0,0,0
HND,Honduras,1998,Honduras,248.73,1,1,1,1998.0,0,0
HND,Honduras,1999,Honduras,532.84,1,1,1,1999.0,0,0
HND,Honduras,2000,Honduras,256.27,1,1,1,2000.0,0,0
HND,Honduras,2001,Honduras,202.76,1,1,1,2001.0,0,0
HND,Honduras,2002,Honduras,176.24,1,1,1,2002.0,0,0
HND,Honduras,2003,Honduras,226.17,1,1,1,2003.0,0,0
HND,Honduras,2004,Honduras,501.38,1,1,1,2004.0,0,0
HND,Honduras,2005,Honduras,1011.42,1,1,1,2005.0,0,0
HND,Honduras,2006,Honduras,1519.94,1,1,1,2006.0,0,0
HND,Honduras,2007,Honduras,1244.11,1,1,1,2007.0,0,0
HND,Honduras,2008,Honduras,81.71,1,1,1,2008.0,0,0
HND,Honduras,2009,Honduras,47.82,1,1,1,2009.0,0,0
HND,Honduras,2010,Honduras,48.6,1,1,1,2010.0,0,0
HND,Honduras,2011,Honduras,115.25,1,1,1,2011.0,0,0
HND,Honduras,2012,Honduras,26.87,1,1,1,2012.0,0,0
HND,Honduras,2013,Honduras,26.13,1,1,1,2013.0,0,0
HND,Honduras,2014,Honduras,23.61,1,1,1,2014.0,0,0
HND,Honduras,2015,Honduras,19.67,1,1,1,2015.0,0,0
HND,Honduras,2016,Honduras,13.95,1,1,1,2016.0,0,0
HND,Honduras,2017,Honduras,18.07,1,1,1,2017.0,0,0
HND,Honduras,2018,Honduras,13.8,1,1,1,2018.0,0,0
HND,Honduras,2019,Honduras,12.0,1,1,1,2019.0,0,0
HND,Honduras,2020,Honduras,13.13,1,1,1,2020.0,0,0
HND,Honduras,2021,Honduras,19.16,1,1,1,2021.0,0,0
HND,Honduras,2022,Honduras,22.49,1,1,1,2022.0,0,0
HND,Honduras,2023,Honduras,24.39,1,1,1,2023.0,0,0
HND,Honduras,2024,Honduras,27.39,1,1,1,2024.0,0,0
HRV,Croatia,1960,Croatia,0.0,0,0,0,,1,1
HRV,Croatia,1961,Croatia,0.0,0,0,0,,1,2
HRV,Croatia,1962,Croatia,0.0,0,0,0,,1,3
HRV,Croatia,1963,Croatia,0.0,0,0,0,,1,4
HRV,Croatia,1964,Croatia,0.0,0,0,0,,1,5
HRV,Croatia,1965,Croatia,0.0,0,0,0,,1,6
HRV,Croatia,1966,Croatia,0.0,0,0,0,,1,7
HRV,Croatia,1967,Croatia,0.0,0,0,0,,1,8
HRV,Croatia,1968,Croatia,0.0,0,0,0,,1,9
HRV,Croatia,1969,Croatia,0.0,0,0,0,,1,10
HRV,Croatia,1970,Croatia,0.0,0,0,0,,1,11
HRV,Croatia,1971,Croatia,0.0,0,0,0,,1,12
HRV,Croatia,1972,Croatia,0.0,0,0,0,,1,13
HRV,Croatia,1973,Croatia,0.0,0,0,0,,1,14
HRV,Croatia,1974,Croatia,0.0,0,0,0,,1,15
HRV,Croatia,1975,Croatia,0.0,0,0,0,,1,16
HRV,Croatia,1976,Croatia,0.0,0,0,0,,1,17
HRV,Croatia,1977,Croatia,0.0,0,0,0,,1,18
HRV,Croatia,1978,Croatia,0.0,0,0,0,,1,19
HRV,Croatia,1979,Croatia,0.0,0,0,0,,1,20
HRV,Croatia,1980,Croatia,0.0,0,0,0,,1,21
HRV,Croatia,1981,Croatia,0.0,0,0,0,,1,22
HRV,Croatia,1982,Croatia,0.0,0,0,0,,1,23
HRV,Croatia,1983,Croatia,0.0,0,0,0,,1,24
HRV,Croatia,1984,Croatia,0.0,0,0,0,,1,25
HRV,Croatia,1985,Croatia,0.0,0,0,0,,1,26
HRV,Croatia,1986,Croatia,0.0,0,0,0,,1,27
HRV,Croatia,1987,Croatia,0.0,0,0,0,,1,28
HRV,Croatia,1988,Croatia,0.0,0,0,0,,1,29
HRV,Croatia,1989,Croatia,0.0,0,0,0,,1,30
HRV,Croatia,1990,Croatia,0.0,0,0,0,,1,31
HRV,Croatia,1991,Croatia,0.0,0,0,0,,1,32
HRV,Croatia,1992,Croatia,1098.0,1,0,0,1992.0,0,0
HRV,Croatia,1993,Croatia,1268.0,1,1,1,1993.0,0,0
HRV,Croatia,1994,Croatia,1453.0,1,1,1,1994.0,0,0
HRV,Croatia,1995,Croatia,2620.0,1,1,1,1995.0,0,0
HRV,Croatia,1996,Croatia,2110.0,1,1,1,1996.0,0,0
HRV,Croatia,1997,Croatia,0.0,0,1,1,1996.0,0,1
HRV,Croatia,1998,Croatia,0.0,0,1,1,1996.0,0,2
HRV,Croatia,1999,Croatia,0.0,0,1,1,1996.0,0,3
HRV,Croatia,2000,Croatia,0.0,0,1,1,1996.0,0,4
HRV,Croatia,2001,Croatia,0.0,0,1,1,1996.0,0,5
HRV,Croatia,2002,Croatia,0.0,0,0,1,1996.0,0,6
HRV,Croatia,2003,Croatia,0.0,0,0,1,1996.0,0,7
HRV,Croatia,2004,Croatia,0.0,0,0,1,1996.0,0,8
HRV,Croatia,2005,Croatia,0.0,0,0,1,1996.0,0,9
HRV,Croatia,2006,Croatia,0.0,0,0,1,1996.0,0,10
HRV,Croatia,2007,Croatia,0.0,0,0,0,1996.0,0,11
HRV,Croatia,2008,Croatia,0.0,0,0,0,1996.0,0,12
HRV,Croatia,2009,Croatia,0.0,0,0,0,1996.0,0,13
HRV,Croatia,2010,Croatia,0.0,0,0,0,1996.0,0,14
HRV,Croatia,2011,Croatia,0.0,0,0,0,1996.0,0,15
HRV,Croatia,2012,Croatia,0.0,0,0,0,1996.0,0,16
HRV,Croatia,2013,Croatia,0.0,0,0,0,1996.0,0,17
HRV,Croatia,2014,Croatia,0.0,0,0,0,1996.0,0,18
HRV,Croatia,2015,Croatia,0.0,0,0,0,1996.0,0,19
HRV,Croatia,2016,Croatia,0.0,0,0,0,1996.0,0,20
HRV,Croatia,2017,Croatia,0.0,0,0,0,1996.0,0,21
HRV,Croatia,2018,Croatia,0.0,0,0,0,1996.0,0,22
HRV,Croatia,2019,Croatia,0.0,0,0,0,1996.0,0,23
HRV,Croatia,2020,Croatia,0.0,0,0,0,1996.0,0,24
HRV,Croatia,2021,Croatia,0.0,0,0,0,1996.0,0,25
HRV,Croatia,2022,Croatia,0.0,0,0,0,1996.0,0,26
HRV,Croatia,2023,Croatia,0.0,0,0,0,1996.0,0,27
HRV,Croatia,2024,Croatia,0.0,0,0,0,1996.0,0,28
HTI,Haiti,1960,Haiti,1.0,1,0,0,1960.0,0,0
HTI,Haiti,1961,Haiti,1.0,1,1,1,1961.0,0,0
HTI,Haiti,1962,Haiti,1.0,1,1,1,1962.0,0,0
HTI,Haiti,1963,Haiti,27.0,1,1,1,1963.0,0,0
HTI,Haiti,1964,Haiti,27.0,1,1,1,1964.0,0,0
HTI,Haiti,1965,Haiti,29.0,1,1,1,1965.0,0,0
HTI,Haiti,1966,Haiti,0.2,1,1,1,1966.0,0,0
HTI,Haiti,1967,Haiti,3.55,1,1,1,1967.0,0,0
HTI,Haiti,1968,Haiti,4.2,1,1,1,1968.0,0,0
HTI,Haiti,1969,Haiti,5.5,1,1,1,1969.0,0,0
HTI,Haiti,1970,Haiti,4.32,1,1,1,1970.0,0,0
HTI,Haiti,1971,Haiti,4.32,1,1,1,1971.0,0,0
HTI,Haiti,1972,Haiti,4.33,1,1,1,1972.0,0,0
HTI,Haiti,1973,Haiti,4.05,1,1,1,1973.0,0,0
HTI,Haiti,1974,Haiti,0.05,1,1,1,1974.0,0,0
HTI,Haiti,1975,Haiti,2.99,1,1,1,1975.0,0,0
HTI,Haiti,1976,Haiti,0.0,0,1,1,1975.0,0,1
HTI,Haiti,1977,Haiti,0.0,0,1,1,1975.0,0,2
HTI,Haiti,1978,Haiti,0.0,0,1,1,1975.0,0,3
HTI,Haiti,1979,Haiti,0.0,0,1,1,1975.0,0,4
HTI,Haiti,1980,Haiti,0.0,0,1,1,1975.0,0,5
HTI,Haiti,1981,Haiti,0.15,1,0,1,1981.0,0,0
HTI,Haiti,1982,Haiti,2.69,1,1,1,1982.0,0,0
HTI,Haiti,1983,Haiti,9.77,1,1,1,1983.0,0,0
HTI,Haiti,1984,Haiti,17.6,1,1,1,1984.0,0,0
HTI,Haiti,1985,Haiti,29.93,1,1,1,1985.0,0,0
HTI,Haiti,1986,Haiti,38.5,1,1,1,1986.0,0,0
HTI,Haiti,1987,Haiti,41.68,1,1,1,1987.0,0,0
HTI,Haiti,1988,Haiti,104.52,1,1,1,1988.0,0,0
HTI,Haiti,1989,Haiti,100.7,1,1,1,1989.0,0,0
HTI,Haiti,1990,Haiti,66.62,1,1,1,1990.0,0,0
HTI,Haiti,1991,Haiti,230.79,1,1,1,1991.0,0,0
HTI,Haiti,1992,Haiti,84.97,1,1,1,1992.0,0,0
HTI,Haiti,1993,Haiti,172.59,1,1,1,1993.0,0,0
HTI,Haiti,1994,Haiti,194.05,1,1,1,1994.0,0,0
HTI,Haiti,1995,Haiti,199.64,1,1,1,1995.0,0,0
HTI,Haiti,1996,Haiti,5.17,1,1,1,1996.0,0,0
HTI,Haiti,1997,Haiti,3.85,1,1,1,1997.0,0,0
HTI,Haiti,1998,Haiti,2.88,1,1,1,1998.0,0,0
HTI,Haiti,1999,Haiti,3.2,1,1,1,1999.0,0,0
HTI,Haiti,2000,Haiti,3.46,1,1,1,2000.0,0,0
HTI,Haiti,2001,Haiti,12.02,1,1,1,2001.0,0,0
HTI,Haiti,2002,Haiti,38.14,1,1,1,2002.0,0,0
HTI,Haiti,2003,Haiti,88.02,1,1,1,2003.0,0,0
HTI,Haiti,2004,Haiti,89.0,1,1,1,2004.0,0,0
HTI,Haiti,2005,Haiti,36.48,1,1,1,2005.0,0,0
HTI,Haiti,2006,Haiti,69.0,1,1,1,2006.0,0,0
HTI,Haiti,2007,Haiti,46.81,1,1,1,2007.0,0,0
HTI,Haiti,2008,Haiti,16.25,1,1,1,2008.0,0,0
HTI,Haiti,2009,Haiti,1027.05,1,1,1,2009.0,0,0
HTI,Haiti,2010,Haiti,773.85,1,1,1,2010.0,0,0
HTI,Haiti,2011,Haiti,557.4,1,1,1,2011.0,0,0
HTI,Haiti,2012,Haiti,717.63,1,1,1,2012.0,0,0
HTI,Haiti,2013,Haiti,870.0,1,1,1,2013.0,0,0
HTI,Haiti,2014,Haiti,1023.0,1,1,1,2014.0,0,0
HTI,Haiti,2015,Haiti,1176.0,1,1,1,2015.0,0,0
HTI,Haiti,2016,Haiti,1600.0,1,1,1,2016.0,0,0
HTI,Haiti,2017,Haiti,1684.0,1,1,1,2017.0,0,0
HTI,Haiti,2018,Haiti,1768.0,1,1,1,2018.0,0,0
HTI,Haiti,2019,Haiti,1853.0,1,1,1,2019.0,0,0
HTI,Haiti,2020,Haiti,1841.0,1,1,1,2020.0,0,0
HTI,Haiti,2021,Haiti,2017.0,1,1,1,2021.0,0,0
HTI,Haiti,2022,Haiti,2159.0,1,1,1,2022.0,0,0
HTI,Haiti,2023,Haiti,2256.0,1,1,1,2023.0,0,0
HTI,Haiti,2024,Haiti,1614.0,1,1,1,2024.0,0,0
HUN,Hungary,1960,Hungary,144.85,1,0,0,1960.0,0,0
HUN,Hungary,1961,Hungary,147.75,1,1,1,1961.0,0,0
HUN,Hungary,1962,Hungary,150.65,1,1,1,1962.0,0,0
HUN,Hungary,1963,Hungary,153.55,1,1,1,1963.0,0,0
HUN,Hungary,1964,Hungary,156.45,1,1,1,1964.0,0,0
HUN,Hungary,1965,Hungary,159.34,1,1,1,1965.0,0,0
HUN,Hungary,1966,Hungary,162.24,1,1,1,1966.0,0,0
HUN,Hungary,1967,Hungary,148.79,1,1,1,1967.0,0,0
HUN,Hungary,1968,Hungary,51.59,1,1,1,1968.0,0,0
HUN,Hungary,1969,Hungary,52.48,1,1,1,1969.0,0,0
HUN,Hungary,1970,Hungary,53.36,1,1,1,1970.0,0,0
HUN,Hungary,1971,Hungary,54.25,1,1,1,1971.0,0,0
HUN,Hungary,1972,Hungary,55.13,1,1,1,1972.0,0,0
HUN,Hungary,1973,Hungary,56.02,1,1,1,1973.0,0,0
HUN,Hungary,1974,Hungary,56.91,1,1,1,1974.0,0,0
HUN,Hungary,1975,Hungary,57.79,1,1,1,1975.0,0,0
HUN,Hungary,1976,Hungary,0.0,0,1,1,1975.0,0,1
HUN,Hungary,1977,Hungary,0.0,0,1,1,1975.0,0,2
HUN,Hungary,1978,Hungary,0.0,0,1,1,1975.0,0,3
HUN,Hungary,1979,Hungary,0.0,0,1,1,1975.0,0,4
HUN,Hungary,1980,Hungary,0.0,0,1,1,1975.0,0,5
HUN,Hungary,1981,Hungary,0.0,0,0,1,1975.0,0,6
HUN,Hungary,1982,Hungary,0.0,0,0,1,1975.0,0,7
HUN,Hungary,1983,Hungary,0.0,0,0,1,1975.0,0,8
HUN,Hungary,1984,Hungary,0.0,0,0,1,1975.0,0,9
HUN,Hungary,1985,Hungary,0.0,0,0,1,1975.0,0,10
HUN,Hungary,1986,Hungary,0.0,0,0,0,1975.0,0,11
HUN,Hungary,1987,Hungary,0.0,0,0,0,1975.0,0,12
HUN,Hungary,1988,Hungary,0.0,0,0,0,1975.0,0,13
HUN,Hungary,1989,Hungary,0.0,0,0,0,1975.0,0,14
HUN,Hungary,1990,Hungary,0.0,0,0,0,1975.0,0,15
HUN,Hungary,1991,Hungary,0.0,0,0,0,1975.0,0,16
HUN,Hungary,1992,Hungary,0.0,0,0,0,1975.0,0,17
HUN,Hungary,1993,Hungary,0.0,0,0,0,1975.0,0,18
HUN,Hungary,1994,Hungary,0.0,0,0,0,1975.0,0,19
HUN,Hungary,1995,Hungary,0.0,0,0,0,1975.0,0,20
HUN,Hungary,1996,Hungary,0.0,0,0,0,1975.0,0,21
HUN,Hungary,1997,Hungary,0.0,0,0,0,1975.0,0,22
HUN,Hungary,1998,Hungary,0.0,0,0,0,1975.0,0,23
HUN,Hungary,1999,Hungary,0.0,0,0,0,1975.0,0,24
HUN,Hungary,2000,Hungary,0.0,0,0,0,1975.0,0,25
HUN,Hungary,2001,Hungary,0.0,0,0,0,1975.0,0,26
HUN,Hungary,2002,Hungary,0.0,0,0,0,1975.0,0,27
HUN,Hungary,2003,Hungary,0.0,0,0,0,1975.0,0,28
HUN,Hungary,2004,Hungary,0.0,0,0,0,1975.0,0,29
HUN,Hungary,2005,Hungary,0.0,0,0,0,1975.0,0,30
HUN,Hungary,2006,Hungary,0.0,0,0,0,1975.0,0,31
HUN,Hungary,2007,Hungary,0.0,0,0,0,1975.0,0,32
HUN,Hungary,2008,Hungary,0.0,0,0,0,1975.0,0,33
HUN,Hungary,2009,Hungary,0.0,0,0,0,1975.0,0,34
HUN,Hungary,2010,Hungary,0.0,0,0,0,1975.0,0,35
HUN,Hungary,2011,Hungary,0.0,0,0,0,1975.0,0,36
HUN,Hungary,2012,Hungary,0.0,0,0,0,1975.0,0,37
HUN,Hungary,2013,Hungary,0.0,0,0,0,1975.0,0,38
HUN,Hungary,2014,Hungary,0.0,0,0,0,1975.0,0,39
HUN,Hungary,2015,Hungary,0.0,0,0,0,1975.0,0,40
HUN,Hungary,2016,Hungary,0.0,0,0,0,1975.0,0,41
HUN,Hungary,2017,Hungary,0.0,0,0,0,1975.0,0,42
HUN,Hungary,2018,Hungary,0.0,0,0,0,1975.0,0,43
HUN,Hungary,2019,Hungary,0.0,0,0,0,1975.0,0,44
HUN,Hungary,2020,Hungary,0.0,0,0,0,1975.0,0,45
HUN,Hungary,2021,Hungary,0.0,0,0,0,1975.0,0,46
HUN,Hungary,2022,Hungary,0.0,0,0,0,1975.0,0,47
HUN,Hungary,2023,Hungary,0.0,0,0,0,1975.0,0,48
HUN,Hungary,2024,Hungary,0.0,0,0,0,1975.0,0,49
IDN,Indonesia,1960,Indonesia,0.0,0,0,0,,1,1
IDN,Indonesia,1961,Indonesia,0.0,0,0,0,,1,2
IDN,Indonesia,1962,Indonesia,0.0,0,0,0,,1,3
IDN,Indonesia,1963,Indonesia,0.0,0,0,0,,1,4
IDN,Indonesia,1964,Indonesia,0.0,0,0,0,,1,5
IDN,Indonesia,1965,Indonesia,0.0,0,0,0,,1,6
IDN,Indonesia,1966,Indonesia,810.0,1,0,0,1966.0,0,0
IDN,Indonesia,1967,Indonesia,260.0,1,1,1,1967.0,0,0
IDN,Indonesia,1968,Indonesia,333.0,1,1,1,1968.0,0,0
IDN,Indonesia,1969,Indonesia,957.0,1,1,1,1969.0,0,0
IDN,Indonesia,1970,Indonesia,3561.28,1,1,1,1970.0,0,0
IDN,Indonesia,1971,Indonesia,202.19,1,1,1,1971.0,0,0
IDN,Indonesia,1972,Indonesia,207.58,1,1,1,1972.0,0,0
IDN,Indonesia,1973,Indonesia,168.2,1,1,1,1973.0,0,0
IDN,Indonesia,1974,Indonesia,171.0,1,1,1,1974.0,0,0
IDN,Indonesia,1975,Indonesia,174.0,1,1,1,1975.0,0,0
IDN,Indonesia,1976,Indonesia,177.0,1,1,1,1976.0,0,0
IDN,Indonesia,1977,Indonesia,180.0,1,1,1,1977.0,0,0
IDN,Indonesia,1978,Indonesia,183.0,1,1,1,1978.0,0,0
IDN,Indonesia,1979,Indonesia,186.0,1,1,1,1979.0,0,0
IDN,Indonesia,1980,Indonesia,189.0,1,1,1,1980.0,0,0
IDN,Indonesia,1981,Indonesia,192.0,1,1,1,1981.0,0,0
IDN,Indonesia,1982,Indonesia,195.0,1,1,1,1982.0,0,0
IDN,Indonesia,1983,Indonesia,198.0,1,1,1,1983.0,0,0
IDN,Indonesia,1984,Indonesia,201.0,1,1,1,1984.0,0,0
IDN,Indonesia,1985,Indonesia,267.14,1,1,1,1985.0,0,0
IDN,Indonesia,1986,Indonesia,274.33,1,1,1,1986.0,0,0
IDN,Indonesia,1987,Indonesia,295.7,1,1,1,1987.0,0,0
IDN,Indonesia,1988,Indonesia,286.89,1,1,1,1988.0,0,0
IDN,Indonesia,1989,Indonesia,286.53,1,1,1,1989.0,0,0
IDN,Indonesia,1990,Indonesia,220.3,1,1,1,1990.0,0,0
IDN,Indonesia,1991,Indonesia,1.24,1,1,1,1991.0,0,0
IDN,Indonesia,1992,Indonesia,1.15,1,1,1,1992.0,0,0
IDN,Indonesia,1993,Indonesia,1.13,1,1,1,1993.0,0,0
IDN,Indonesia,1994,Indonesia,4200.0,1,1,1,1994.0,0,0
IDN,Indonesia,1995,Indonesia,0.0,0,1,1,1994.0,0,1
IDN,Indonesia,1996,Indonesia,0.0,0,1,1,1994.0,0,2
IDN,Indonesia,1997,Indonesia,0.03,1,1,1,1997.0,0,0
IDN,Indonesia,1998,Indonesia,4375.84,1,1,1,1998.0,0,0
IDN,Indonesia,1999,Indonesia,5133.18,1,1,1,1999.0,0,0
IDN,Indonesia,2000,Indonesia,6175.69,1,1,1,2000.0,0,0
IDN,Indonesia,2001,Indonesia,2749.64,1,1,1,2001.0,0,0
IDN,Indonesia,2002,Indonesia,6205.36,1,1,1,2002.0,0,0
IDN,Indonesia,2003,Indonesia,2930.24,1,1,1,2003.0,0,0
IDN,Indonesia,2004,Indonesia,0.0,0,1,1,2003.0,0,1
IDN,Indonesia,2005,Indonesia,2733.0,1,1,1,2005.0,0,0
IDN,Indonesia,2006,Indonesia,92.26,1,1,1,2006.0,0,0
IDN,Indonesia,2007,Indonesia,0.0,0,1,1,2006.0,0,1
IDN,Indonesia,2008,Indonesia,0.0,0,1,1,2006.0,0,2
IDN,Indonesia,2009,Indonesia,0.0,0,1,1,2006.0,0,3
IDN,Indonesia,2010,Indonesia,0.0,0,1,1,2006.0,0,4
IDN,Indonesia,2011,Indonesia,0.0,0,1,1,2006.0,0,5
IDN,Indonesia,2012,Indonesia,231.36,1,0,1,2012.0,0,0
IDN,Indonesia,2013,Indonesia,0.0,0,1,1,2012.0,0,1
IDN,Indonesia,2014,Indonesia,5.07,1,1,1,2014.0,0,0
IDN,Indonesia,2015,Indonesia,0.0,0,1,1,2014.0,0,1
IDN,Indonesia,2016,Indonesia,0.28,1,1,1,2016.0,0,0
IDN,Indonesia,2017,Indonesia,0.0,0,1,1,2016.0,0,1
IDN,Indonesia,2018,Indonesia,0.0,0,1,1,2016.0,0,2
IDN,Indonesia,2019,Indonesia,0.0,0,1,1,2016.0,0,3
IDN,Indonesia,2020,Indonesia,0.0,0,1,1,2016.0,0,4
IDN,Indonesia,2021,Indonesia,0.0,0,1,1,2016.0,0,5
IDN,Indonesia,2022,Indonesia,0.0,0,0,1,2016.0,0,6
IDN,Indonesia,2023,Indonesia,0.0,0,0,1,2016.0,0,7
IDN,Indonesia,2024,Indonesia,0.0,0,0,1,2016.0,0,8
IMN,Isle of Man,1960,,0.0,0,0,0,,1,1
IMN,Isle of Man,1961,,0.0,0,0,0,,1,2
IMN,Isle of Man,1962,,0.0,0,0,0,,1,3
IMN,Isle of Man,1963,,0.0,0,0,0,,1,4
IMN,Isle of Man,1964,,0.0,0,0,0,,1,5
IMN,Isle of Man,1965,,0.0,0,0,0,,1,6
IMN,Isle of Man,1966,,0.0,0,0,0,,1,7
IMN,Isle of Man,1967,,0.0,0,0,0,,1,8
IMN,Isle of Man,1968,,0.0,0,0,0,,1,9
IMN,Isle of Man,1969,,0.0,0,0,0,,1,10
IMN,Isle of Man,1970,,0.0,0,0,0,,1,11
IMN,Isle of Man,1971,,0.0,0,0,0,,1,12
IMN,Isle of Man,1972,,0.0,0,0,0,,1,13
IMN,Isle of Man,1973,,0.0,0,0,0,,1,14
IMN,Isle of Man,1974,,0.0,0,0,0,,1,15
IMN,Isle of Man,1975,,0.0,0,0,0,,1,16
IMN,Isle of Man,1976,,0.0,0,0,0,,1,17
IMN,Isle of Man,1977,,0.0,0,0,0,,1,18
IMN,Isle of Man,1978,,0.0,0,0,0,,1,19
IMN,Isle of Man,1979,,0.0,0,0,0,,1,20
IMN,Isle of Man,1980,,0.0,0,0,0,,1,21
IMN,Isle of Man,1981,,0.0,0,0,0,,1,22
IMN,Isle of Man,1982,,0.0,0,0,0,,1,23
IMN,Isle of Man,1983,,0.0,0,0,0,,1,24
IMN,Isle of Man,1984,,0.0,0,0,0,,1,25
IMN,Isle of Man,1985,,0.0,0,0,0,,1,26
IMN,Isle of Man,1986,,0.0,0,0,0,,1,27
IMN,Isle of Man,1987,,0.0,0,0,0,,1,28
IMN,Isle of Man,1988,,0.0,0,0,0,,1,29
IMN,Isle of Man,1989,,0.0,0,0,0,,1,30
IMN,Isle of Man,1990,,0.0,0,0,0,,1,31
IMN,Isle of Man,1991,,0.0,0,0,0,,1,32
IMN,Isle of Man,1992,,0.0,0,0,0,,1,33
IMN,Isle of Man,1993,,0.0,0,0,0,,1,34
IMN,Isle of Man,1994,,0.0,0,0,0,,1,35
IMN,Isle of Man,1995,,0.0,0,0,0,,1,36
IMN,Isle of Man,1996,,0.0,0,0,0,,1,37
IMN,Isle of Man,1997,,0.0,0,0,0,,1,38
IMN,Isle of Man,1998,,0.0,0,0,0,,1,39
IMN,Isle of Man,1999,,0.0,0,0,0,,1,40
IMN,Isle of Man,2000,,0.0,0,0,0,,1,41
IMN,Isle of Man,2001,,0.0,0,0,0,,1,42
IMN,Isle of Man,2002,,0.0,0,0,0,,1,43
IMN,Isle of Man,2003,,0.0,0,0,0,,1,44
IMN,Isle of Man,2004,,0.0,0,0,0,,1,45
IMN,Isle of Man,2005,,0.0,0,0,0,,1,46
IMN,Isle of Man,2006,,0.0,0,0,0,,1,47
IMN,Isle of Man,2007,,0.0,0,0,0,,1,48
IMN,Isle of Man,2008,,0.0,0,0,0,,1,49
IMN,Isle of Man,2009,,0.0,0,0,0,,1,50
IMN,Isle of Man,2010,,0.0,0,0,0,,1,51
IMN,Isle of Man,2011,,0.0,0,0,0,,1,52
IMN,Isle of Man,2012,,0.0,0,0,0,,1,53
IMN,Isle of Man,2013,,0.0,0,0,0,,1,54
IMN,Isle of Man,2014,,0.0,0,0,0,,1,55
IMN,Isle of Man,2015,,0.0,0,0,0,,1,56
IMN,Isle of Man,2016,,0.0,0,0,0,,1,57
IMN,Isle of Man,2017,,0.0,0,0,0,,1,58
IMN,Isle of Man,2018,,0.0,0,0,0,,1,59
IMN,Isle of Man,2019,,0.0,0,0,0,,1,60
IMN,Isle of Man,2020,,0.0,0,0,0,,1,61
IMN,Isle of Man,2021,,0.0,0,0,0,,1,62
IMN,Isle of Man,2022,,0.0,0,0,0,,1,63
IMN,Isle of Man,2023,,0.0,0,0,0,,1,64
IMN,Isle of Man,2024,,0.0,0,0,0,,1,65
IND,India,1960,India,0.0,0,0,0,,1,1
IND,India,1961,India,0.0,0,0,0,,1,2
IND,India,1962,India,0.0,0,0,0,,1,3
IND,India,1963,India,0.0,0,0,0,,1,4
IND,India,1964,India,0.0,0,0,0,,1,5
IND,India,1965,India,0.0,0,0,0,,1,6
IND,India,1966,India,0.0,0,0,0,,1,7
IND,India,1967,India,30.0,1,0,0,1967.0,0,0
IND,India,1968,India,403.0,1,1,1,1968.0,0,0
IND,India,1969,India,0.0,0,1,1,1968.0,0,1
IND,India,1970,India,0.0,0,1,1,1968.0,0,2
IND,India,1971,India,0.0,0,1,1,1968.0,0,3
IND,India,1972,India,153.0,1,1,1,1972.0,0,0
IND,India,1973,India,187.0,1,1,1,1973.0,0,0
IND,India,1974,India,194.0,1,1,1,1974.0,0,0
IND,India,1975,India,228.0,1,1,1,1975.0,0,0
IND,India,1976,India,169.0,1,1,1,1976.0,0,0
IND,India,1977,India,0.0,0,1,1,1976.0,0,1
IND,India,1978,India,0.0,0,1,1,1976.0,0,2
IND,India,1979,India,0.0,0,1,1,1976.0,0,3
IND,India,1980,India,0.0,0,1,1,1976.0,0,4
IND,India,1981,India,0.0,0,1,1,1976.0,0,5
IND,India,1982,India,0.0,0,0,1,1976.0,0,6
IND,India,1983,India,0.0,0,0,1,1976.0,0,7
IND,India,1984,India,0.0,0,0,1,1976.0,0,8
IND,India,1985,India,0.0,0,0,1,1976.0,0,9
IND,India,1986,India,0.0,0,0,1,1976.0,0,10
IND,India,1987,India,0.0,0,0,0,1976.0,0,11
IND,India,1988,India,0.0,0,0,0,1976.0,0,12
IND,India,1989,India,0.0,0,0,0,1976.0,0,13
IND,India,1990,India,0.0,0,0,0,1976.0,0,14
IND,India,1991,India,0.0,0,0,0,1976.0,0,15
IND,India,1992,India,3.0,1,0,0,1992.0,0,0
IND,India,1993,India,9301.1,1,1,1,1993.0,0,0
IND,India,1994,India,0.0,0,1,1,1993.0,0,1
IND,India,1995,India,0.0,0,1,1,1993.0,0,2
IND,India,1996,India,0.0,0,1,1,1993.0,0,3
IND,India,1997,India,0.0,0,1,1,1993.0,0,4
IND,India,1998,India,0.0,0,1,1,1993.0,0,5
IND,India,1999,India,0.0,0,0,1,1993.0,0,6
IND,India,2000,India,0.0,0,0,1,1993.0,0,7
IND,India,2001,India,0.0,0,0,1,1993.0,0,8
IND,India,2002,India,0.0,0,0,1,1993.0,0,9
IND,India,2003,India,0.0,0,0,1,1993.0,0,10
IND,India,2004,India,0.0,0,0,0,1993.0,0,11
IND,India,2005,India,0.0,0,0,0,1993.0,0,12
IND,India,2006,India,0.0,0,0,0,1993.0,0,13
IND,India,2007,India,0.0,0,0,0,1993.0,0,14
IND,India,2008,India,0.0,0,0,0,1993.0,0,15
IND,India,2009,India,0.0,0,0,0,1993.0,0,16
IND,India,2010,India,0.0,0,0,0,1993.0,0,17
IND,India,2011,India,0.0,0,0,0,1993.0,0,18
IND,India,2012,India,0.0,0,0,0,1993.0,0,19
IND,India,2013,India,0.0,0,0,0,1993.0,0,20
IND,India,2014,India,0.0,0,0,0,1993.0,0,21
IND,India,2015,India,0.0,0,0,0,1993.0,0,22
IND,India,2016,India,0.0,0,0,0,1993.0,0,23
IND,India,2017,India,0.0,0,0,0,1993.0,0,24
IND,India,2018,India,0.0,0,0,0,1993.0,0,25
IND,India,2019,India,0.0,0,0,0,1993.0,0,26
IND,India,2020,India,0.0,0,0,0,1993.0,0,27
IND,India,2021,India,0.0,0,0,0,1993.0,0,28
IND,India,2022,India,0.0,0,0,0,1993.0,0,29
IND,India,2023,India,0.0,0,0,0,1993.0,0,30
IND,India,2024,India,0.0,0,0,0,1993.0,0,31
IRL,Ireland,1960,Ireland,0.0,0,0,0,,1,1
IRL,Ireland,1961,Ireland,0.0,0,0,0,,1,2
IRL,Ireland,1962,Ireland,0.0,0,0,0,,1,3
IRL,Ireland,1963,Ireland,0.0,0,0,0,,1,4
IRL,Ireland,1964,Ireland,0.0,0,0,0,,1,5
IRL,Ireland,1965,Ireland,0.0,0,0,0,,1,6
IRL,Ireland,1966,Ireland,0.0,0,0,0,,1,7
IRL,Ireland,1967,Ireland,0.0,0,0,0,,1,8
IRL,Ireland,1968,Ireland,0.0,0,0,0,,1,9
IRL,Ireland,1969,Ireland,0.0,0,0,0,,1,10
IRL,Ireland,1970,Ireland,0.0,0,0,0,,1,11
IRL,Ireland,1971,Ireland,0.0,0,0,0,,1,12
IRL,Ireland,1972,Ireland,0.0,0,0,0,,1,13
IRL,Ireland,1973,Ireland,0.0,0,0,0,,1,14
IRL,Ireland,1974,Ireland,0.0,0,0,0,,1,15
IRL,Ireland,1975,Ireland,0.0,0,0,0,,1,16
IRL,Ireland,1976,Ireland,0.0,0,0,0,,1,17
IRL,Ireland,1977,Ireland,0.0,0,0,0,,1,18
IRL,Ireland,1978,Ireland,0.0,0,0,0,,1,19
IRL,Ireland,1979,Ireland,0.0,0,0,0,,1,20
IRL,Ireland,1980,Ireland,0.0,0,0,0,,1,21
IRL,Ireland,1981,Ireland,0.0,0,0,0,,1,22
IRL,Ireland,1982,Ireland,0.0,0,0,0,,1,23
IRL,Ireland,1983,Ireland,0.0,0,0,0,,1,24
IRL,Ireland,1984,Ireland,0.0,0,0,0,,1,25
IRL,Ireland,1985,Ireland,0.0,0,0,0,,1,26
IRL,Ireland,1986,Ireland,0.0,0,0,0,,1,27
IRL,Ireland,1987,Ireland,0.0,0,0,0,,1,28
IRL,Ireland,1988,Ireland,0.0,0,0,0,,1,29
IRL,Ireland,1989,Ireland,0.0,0,0,0,,1,30
IRL,Ireland,1990,Ireland,0.0,0,0,0,,1,31
IRL,Ireland,1991,Ireland,0.0,0,0,0,,1,32
IRL,Ireland,1992,Ireland,0.0,0,0,0,,1,33
IRL,Ireland,1993,Ireland,0.0,0,0,0,,1,34
IRL,Ireland,1994,Ireland,0.0,0,0,0,,1,35
IRL,Ireland,1995,Ireland,0.0,0,0,0,,1,36
IRL,Ireland,1996,Ireland,0.0,0,0,0,,1,37
IRL,Ireland,1997,Ireland,0.0,0,0,0,,1,38
IRL,Ireland,1998,Ireland,0.0,0,0,0,,1,39
IRL,Ireland,1999,Ireland,0.0,0,0,0,,1,40
IRL,Ireland,2000,Ireland,0.0,0,0,0,,1,41
IRL,Ireland,2001,Ireland,0.0,0,0,0,,1,42
IRL,Ireland,2002,Ireland,0.0,0,0,0,,1,43
IRL,Ireland,2003,Ireland,0.0,0,0,0,,1,44
IRL,Ireland,2004,Ireland,0.0,0,0,0,,1,45
IRL,Ireland,2005,Ireland,0.0,0,0,0,,1,46
IRL,Ireland,2006,Ireland,0.0,0,0,0,,1,47
IRL,Ireland,2007,Ireland,0.0,0,0,0,,1,48
IRL,Ireland,2008,Ireland,0.0,0,0,0,,1,49
IRL,Ireland,2009,Ireland,0.0,0,0,0,,1,50
IRL,Ireland,2010,Ireland,0.0,0,0,0,,1,51
IRL,Ireland,2011,Ireland,0.0,0,0,0,,1,52
IRL,Ireland,2012,Ireland,0.0,0,0,0,,1,53
IRL,Ireland,2013,Ireland,88290.0,1,0,0,2013.0,0,0
IRL,Ireland,2014,Ireland,0.0,0,1,1,2013.0,0,1
IRL,Ireland,2015,Ireland,0.0,0,1,1,2013.0,0,2
IRL,Ireland,2016,Ireland,0.0,0,1,1,2013.0,0,3
IRL,Ireland,2017,Ireland,0.0,0,1,1,2013.0,0,4
IRL,Ireland,2018,Ireland,0.0,0,1,1,2013.0,0,5
IRL,Ireland,2019,Ireland,0.0,0,0,1,2013.0,0,6
IRL,Ireland,2020,Ireland,0.0,0,0,1,2013.0,0,7
IRL,Ireland,2021,Ireland,0.0,0,0,1,2013.0,0,8
IRL,Ireland,2022,Ireland,0.0,0,0,1,2013.0,0,9
IRL,Ireland,2023,Ireland,0.0,0,0,1,2013.0,0,10
IRL,Ireland,2024,Ireland,0.0,0,0,0,2013.0,0,11
IRN,"Iran, Islamic Rep.",1960,Iran,0.0,0,0,0,,1,1
IRN,"Iran, Islamic Rep.",1961,Iran,0.0,0,0,0,,1,2
IRN,"Iran, Islamic Rep.",1962,Iran,0.0,0,0,0,,1,3
IRN,"Iran, Islamic Rep.",1963,Iran,0.0,0,0,0,,1,4
IRN,"Iran, Islamic Rep.",1964,Iran,0.0,0,0,0,,1,5
IRN,"Iran, Islamic Rep.",1965,Iran,0.0,0,0,0,,1,6
IRN,"Iran, Islamic Rep.",1966,Iran,0.0,0,0,0,,1,7
IRN,"Iran, Islamic Rep.",1967,Iran,0.0,0,0,0,,1,8
IRN,"Iran, Islamic Rep.",1968,Iran,0.0,0,0,0,,1,9
IRN,"Iran, Islamic Rep.",1969,Iran,0.0,0,0,0,,1,10
IRN,"Iran, Islamic Rep.",1970,Iran,0.0,0,0,0,,1,11
IRN,"Iran, Islamic Rep.",1971,Iran,0.0,0,0,0,,1,12
IRN,"Iran, Islamic Rep.",1972,Iran,0.0,0,0,0,,1,13
IRN,"Iran, Islamic Rep.",1973,Iran,0.0,0,0,0,,1,14
IRN,"Iran, Islamic Rep.",1974,Iran,0.0,0,0,0,,1,15
IRN,"Iran, Islamic Rep.",1975,Iran,0.0,0,0,0,,1,16
IRN,"Iran, Islamic Rep.",1976,Iran,0.0,0,0,0,,1,17
IRN,"Iran, Islamic Rep.",1977,Iran,0.0,0,0,0,,1,18
IRN,"Iran, Islamic Rep.",1978,Iran,0.0,0,0,0,,1,19
IRN,"Iran, Islamic Rep.",1979,Iran,0.0,0,0,0,,1,20
IRN,"Iran, Islamic Rep.",1980,Iran,0.91,1,0,0,1980.0,0,0
IRN,"Iran, Islamic Rep.",1981,Iran,195.64,1,1,1,1981.0,0,0
IRN,"Iran, Islamic Rep.",1982,Iran,528.99,1,1,1,1982.0,0,0
IRN,"Iran, Islamic Rep.",1983,Iran,926.85,1,1,1,1983.0,0,0
IRN,"Iran, Islamic Rep.",1984,Iran,1282.08,1,1,1,1984.0,0,0
IRN,"Iran, Islamic Rep.",1985,Iran,1603.09,1,1,1,1985.0,0,0
IRN,"Iran, Islamic Rep.",1986,Iran,1831.34,1,1,1,1986.0,0,0
IRN,"Iran, Islamic Rep.",1987,Iran,1947.34,1,1,1,1987.0,0,0
IRN,"Iran, Islamic Rep.",1988,Iran,1960.66,1,1,1,1988.0,0,0
IRN,"Iran, Islamic Rep.",1989,Iran,2017.69,1,1,1,1989.0,0,0
IRN,"Iran, Islamic Rep.",1990,Iran,1975.02,1,1,1,1990.0,0,0
IRN,"Iran, Islamic Rep.",1991,Iran,1945.16,1,1,1,1991.0,0,0
IRN,"Iran, Islamic Rep.",1992,Iran,41.05,1,1,1,1992.0,0,0
IRN,"Iran, Islamic Rep.",1993,Iran,2825.78,1,1,1,1993.0,0,0
IRN,"Iran, Islamic Rep.",1994,Iran,10837.34,1,1,1,1994.0,0,0
IRN,"Iran, Islamic Rep.",1995,Iran,3233.5,1,1,1,1995.0,0,0
IRN,"Iran, Islamic Rep.",1996,Iran,1839.83,1,1,1,1996.0,0,0
IRN,"Iran, Islamic Rep.",1997,Iran,38.98,1,1,1,1997.0,0,0
IRN,"Iran, Islamic Rep.",1998,Iran,34.66,1,1,1,1998.0,0,0
IRN,"Iran, Islamic Rep.",1999,Iran,33.27,1,1,1,1999.0,0,0
IRN,"Iran, Islamic Rep.",2000,Iran,0.0,0,1,1,1999.0,0,1
IRN,"Iran, Islamic Rep.",2001,Iran,0.0,0,1,1,1999.0,0,2
IRN,"Iran, Islamic Rep.",2002,Iran,0.0,0,1,1,1999.0,0,3
IRN,"Iran, Islamic Rep.",2003,Iran,0.0,0,1,1,1999.0,0,4
IRN,"Iran, Islamic Rep.",2004,Iran,0.0,0,1,1,1999.0,0,5
IRN,"Iran, Islamic Rep.",2005,Iran,0.0,0,0,1,1999.0,0,6
IRN,"Iran, Islamic Rep.",2006,Iran,0.0,0,0,1,1999.0,0,7
IRN,"Iran, Islamic Rep.",2007,Iran,0.0,0,0,1,1999.0,0,8
IRN,"Iran, Islamic Rep.",2008,Iran,0.0,0,0,1,1999.0,0,9
IRN,"Iran, Islamic Rep.",2009,Iran,0.0,0,0,1,1999.0,0,10
IRN,"Iran, Islamic Rep.",2010,Iran,39.37,1,0,0,2010.0,0,0
IRN,"Iran, Islamic Rep.",2011,Iran,26.17,1,1,1,2011.0,0,0
IRN,"Iran, Islamic Rep.",2012,Iran,0.0,0,1,1,2011.0,0,1
IRN,"Iran, Islamic Rep.",2013,Iran,79.0,1,1,1,2013.0,0,0
IRN,"Iran, Islamic Rep.",2014,Iran,0.0,0,1,1,2013.0,0,1
IRN,"Iran, Islamic Rep.",2015,Iran,0.0,0,1,1,2013.0,0,2
IRN,"Iran, Islamic Rep.",2016,Iran,99.72,1,1,1,2016.0,0,0
IRN,"Iran, Islamic Rep.",2017,Iran,39.74,1,1,1,2017.0,0,0
IRN,"Iran, Islamic Rep.",2018,Iran,46.86,1,1,1,2018.0,0,0
IRN,"Iran, Islamic Rep.",2019,Iran,255.96,1,1,1,2019.0,0,0
IRN,"Iran, Islamic Rep.",2020,Iran,430.27,1,1,1,2020.0,0,0
IRN,"Iran, Islamic Rep.",2021,Iran,445.27,1,1,1,2021.0,0,0
IRN,"Iran, Islamic Rep.",2022,Iran,408.38,1,1,1,2022.0,0,0
IRN,"Iran, Islamic Rep.",2023,Iran,411.0,1,1,1,2023.0,0,0
IRN,"Iran, Islamic Rep.",2024,Iran,416.1,1,1,1,2024.0,0,0
IRQ,Iraq,1960,Iraq,0.0,0,0,0,,1,1
IRQ,Iraq,1961,Iraq,0.0,0,0,0,,1,2
IRQ,Iraq,1962,Iraq,0.0,0,0,0,,1,3
IRQ,Iraq,1963,Iraq,0.0,0,0,0,,1,4
IRQ,Iraq,1964,Iraq,0.0,0,0,0,,1,5
IRQ,Iraq,1965,Iraq,0.0,0,0,0,,1,6
IRQ,Iraq,1966,Iraq,0.0,0,0,0,,1,7
IRQ,Iraq,1967,Iraq,0.0,0,0,0,,1,8
IRQ,Iraq,1968,Iraq,0.0,0,0,0,,1,9
IRQ,Iraq,1969,Iraq,0.0,0,0,0,,1,10
IRQ,Iraq,1970,Iraq,0.0,0,0,0,,1,11
IRQ,Iraq,1971,Iraq,0.0,0,0,0,,1,12
IRQ,Iraq,1972,Iraq,0.0,0,0,0,,1,13
IRQ,Iraq,1973,Iraq,0.0,0,0,0,,1,14
IRQ,Iraq,1974,Iraq,0.0,0,0,0,,1,15
IRQ,Iraq,1975,Iraq,0.0,0,0,0,,1,16
IRQ,Iraq,1976,Iraq,0.0,0,0,0,,1,17
IRQ,Iraq,1977,Iraq,0.0,0,0,0,,1,18
IRQ,Iraq,1978,Iraq,0.0,0,0,0,,1,19
IRQ,Iraq,1979,Iraq,0.0,0,0,0,,1,20
IRQ,Iraq,1980,Iraq,0.0,0,0,0,,1,21
IRQ,Iraq,1981,Iraq,0.0,0,0,0,,1,22
IRQ,Iraq,1982,Iraq,0.0,0,0,0,,1,23
IRQ,Iraq,1983,Iraq,0.0,0,0,0,,1,24
IRQ,Iraq,1984,Iraq,0.0,0,0,0,,1,25
IRQ,Iraq,1985,Iraq,0.0,0,0,0,,1,26
IRQ,Iraq,1986,Iraq,0.0,0,0,0,,1,27
IRQ,Iraq,1987,Iraq,0.0,0,0,0,,1,28
IRQ,Iraq,1988,Iraq,5780.7,1,0,0,1988.0,0,0
IRQ,Iraq,1989,Iraq,6393.45,1,1,1,1989.0,0,0
IRQ,Iraq,1990,Iraq,24520.61,1,1,1,1990.0,0,0
IRQ,Iraq,1991,Iraq,25559.62,1,1,1,1991.0,0,0
IRQ,Iraq,1992,Iraq,27724.81,1,1,1,1992.0,0,0
IRQ,Iraq,1993,Iraq,31716.86,1,1,1,1993.0,0,0
IRQ,Iraq,1994,Iraq,32165.29,1,1,1,1994.0,0,0
IRQ,Iraq,1995,Iraq,34588.76,1,1,1,1995.0,0,0
IRQ,Iraq,1996,Iraq,37000.55,1,1,1,1996.0,0,0
IRQ,Iraq,1997,Iraq,39487.97,1,1,1,1997.0,0,0
IRQ,Iraq,1998,Iraq,42008.64,1,1,1,1998.0,0,0
IRQ,Iraq,1999,Iraq,44562.45,1,1,1,1999.0,0,0
IRQ,Iraq,2000,Iraq,47308.64,1,1,1,2000.0,0,0
IRQ,Iraq,2001,Iraq,49773.32,1,1,1,2001.0,0,0
IRQ,Iraq,2002,Iraq,58895.0,1,1,1,2002.0,0,0
IRQ,Iraq,2003,Iraq,106541.9,1,1,1,2003.0,0,0
IRQ,Iraq,2004,Iraq,110160.4,1,1,1,2004.0,0,0
IRQ,Iraq,2005,Iraq,111233.28,1,1,1,2005.0,0,0
IRQ,Iraq,2006,Iraq,99176.56,1,1,1,2006.0,0,0
IRQ,Iraq,2007,Iraq,66007.0,1,1,1,2007.0,0,0
IRQ,Iraq,2008,Iraq,64200.87,1,1,1,2008.0,0,0
IRQ,Iraq,2009,Iraq,58752.43,1,1,1,2009.0,0,0
IRQ,Iraq,2010,Iraq,54700.0,1,1,1,2010.0,0,0
IRQ,Iraq,2011,Iraq,46200.0,1,1,1,2011.0,0,0
IRQ,Iraq,2012,Iraq,46200.0,1,1,1,2012.0,0,0
IRQ,Iraq,2013,Iraq,42700.0,1,1,1,2013.0,0,0
IRQ,Iraq,2014,Iraq,42700.0,1,1,1,2014.0,0,0
IRQ,Iraq,2015,Iraq,42700.0,1,1,1,2015.0,0,0
IRQ,Iraq,2016,Iraq,41002.0,1,1,1,2016.0,0,0
IRQ,Iraq,2017,Iraq,40302.0,1,1,1,2017.0,0,0
IRQ,Iraq,2018,Iraq,40429.0,1,1,1,2018.0,0,0
IRQ,Iraq,2019,Iraq,41614.0,1,1,1,2019.0,0,0
IRQ,Iraq,2020,Iraq,48186.0,1,1,1,2020.0,0,0
IRQ,Iraq,2021,Iraq,43104.0,1,1,1,2021.0,0,0
IRQ,Iraq,2022,Iraq,42232.0,1,1,1,2022.0,0,0
IRQ,Iraq,2023,Iraq,42760.0,1,1,1,2023.0,0,0
IRQ,Iraq,2024,Iraq,43288.0,1,1,1,2024.0,0,0
ISL,Iceland,1960,,0.0,0,0,0,,1,1
ISL,Iceland,1961,,0.0,0,0,0,,1,2
ISL,Iceland,1962,,0.0,0,0,0,,1,3
ISL,Iceland,1963,,0.0,0,0,0,,1,4
ISL,Iceland,1964,,0.0,0,0,0,,1,5
ISL,Iceland,1965,,0.0,0,0,0,,1,6
ISL,Iceland,1966,,0.0,0,0,0,,1,7
ISL,Iceland,1967,,0.0,0,0,0,,1,8
ISL,Iceland,1968,,0.0,0,0,0,,1,9
ISL,Iceland,1969,,0.0,0,0,0,,1,10
ISL,Iceland,1970,,0.0,0,0,0,,1,11
ISL,Iceland,1971,,0.0,0,0,0,,1,12
ISL,Iceland,1972,,0.0,0,0,0,,1,13
ISL,Iceland,1973,,0.0,0,0,0,,1,14
ISL,Iceland,1974,,0.0,0,0,0,,1,15
ISL,Iceland,1975,,0.0,0,0,0,,1,16
ISL,Iceland,1976,,0.0,0,0,0,,1,17
ISL,Iceland,1977,,0.0,0,0,0,,1,18
ISL,Iceland,1978,,0.0,0,0,0,,1,19
ISL,Iceland,1979,,0.0,0,0,0,,1,20
ISL,Iceland,1980,,0.0,0,0,0,,1,21
ISL,Iceland,1981,,0.0,0,0,0,,1,22
ISL,Iceland,1982,,0.0,0,0,0,,1,23
ISL,Iceland,1983,,0.0,0,0,0,,1,24
ISL,Iceland,1984,,0.0,0,0,0,,1,25
ISL,Iceland,1985,,0.0,0,0,0,,1,26
ISL,Iceland,1986,,0.0,0,0,0,,1,27
ISL,Iceland,1987,,0.0,0,0,0,,1,28
ISL,Iceland,1988,,0.0,0,0,0,,1,29
ISL,Iceland,1989,,0.0,0,0,0,,1,30
ISL,Iceland,1990,,0.0,0,0,0,,1,31
ISL,Iceland,1991,,0.0,0,0,0,,1,32
ISL,Iceland,1992,,0.0,0,0,0,,1,33
ISL,Iceland,1993,,0.0,0,0,0,,1,34
ISL,Iceland,1994,,0.0,0,0,0,,1,35
ISL,Iceland,1995,,0.0,0,0,0,,1,36
ISL,Iceland,1996,,0.0,0,0,0,,1,37
ISL,Iceland,1997,,0.0,0,0,0,,1,38
ISL,Iceland,1998,,0.0,0,0,0,,1,39
ISL,Iceland,1999,,0.0,0,0,0,,1,40
ISL,Iceland,2000,,0.0,0,0,0,,1,41
ISL,Iceland,2001,,0.0,0,0,0,,1,42
ISL,Iceland,2002,,0.0,0,0,0,,1,43
ISL,Iceland,2003,,0.0,0,0,0,,1,44
ISL,Iceland,2004,,0.0,0,0,0,,1,45
ISL,Iceland,2005,,0.0,0,0,0,,1,46
ISL,Iceland,2006,,0.0,0,0,0,,1,47
ISL,Iceland,2007,,0.0,0,0,0,,1,48
ISL,Iceland,2008,,0.0,0,0,0,,1,49
ISL,Iceland,2009,,0.0,0,0,0,,1,50
ISL,Iceland,2010,,0.0,0,0,0,,1,51
ISL,Iceland,2011,,0.0,0,0,0,,1,52
ISL,Iceland,2012,,0.0,0,0,0,,1,53
ISL,Iceland,2013,,0.0,0,0,0,,1,54
ISL,Iceland,2014,,0.0,0,0,0,,1,55
ISL,Iceland,2015,,0.0,0,0,0,,1,56
ISL,Iceland,2016,,0.0,0,0,0,,1,57
ISL,Iceland,2017,,0.0,0,0,0,,1,58
ISL,Iceland,2018,,0.0,0,0,0,,1,59
ISL,Iceland,2019,,0.0,0,0,0,,1,60
ISL,Iceland,2020,,0.0,0,0,0,,1,61
ISL,Iceland,2021,,0.0,0,0,0,,1,62
ISL,Iceland,2022,,0.0,0,0,0,,1,63
ISL,Iceland,2023,,0.0,0,0,0,,1,64
ISL,Iceland,2024,,0.0,0,0,0,,1,65
ISR,Israel,1960,,0.0,0,0,0,,1,1
ISR,Israel,1961,,0.0,0,0,0,,1,2
ISR,Israel,1962,,0.0,0,0,0,,1,3
ISR,Israel,1963,,0.0,0,0,0,,1,4
ISR,Israel,1964,,0.0,0,0,0,,1,5
ISR,Israel,1965,,0.0,0,0,0,,1,6
ISR,Israel,1966,,0.0,0,0,0,,1,7
ISR,Israel,1967,,0.0,0,0,0,,1,8
ISR,Israel,1968,,0.0,0,0,0,,1,9
ISR,Israel,1969,,0.0,0,0,0,,1,10
ISR,Israel,1970,,0.0,0,0,0,,1,11
ISR,Israel,1971,,0.0,0,0,0,,1,12
ISR,Israel,1972,,0.0,0,0,0,,1,13
ISR,Israel,1973,,0.0,0,0,0,,1,14
ISR,Israel,1974,,0.0,0,0,0,,1,15
ISR,Israel,1975,,0.0,0,0,0,,1,16
ISR,Israel,1976,,0.0,0,0,0,,1,17
ISR,Israel,1977,,0.0,0,0,0,,1,18
ISR,Israel,1978,,0.0,0,0,0,,1,19
ISR,Israel,1979,,0.0,0,0,0,,1,20
ISR,Israel,1980,,0.0,0,0,0,,1,21
ISR,Israel,1981,,0.0,0,0,0,,1,22
ISR,Israel,1982,,0.0,0,0,0,,1,23
ISR,Israel,1983,,0.0,0,0,0,,1,24
ISR,Israel,1984,,0.0,0,0,0,,1,25
ISR,Israel,1985,,0.0,0,0,0,,1,26
ISR,Israel,1986,,0.0,0,0,0,,1,27
ISR,Israel,1987,,0.0,0,0,0,,1,28
ISR,Israel,1988,,0.0,0,0,0,,1,29
ISR,Israel,1989,,0.0,0,0,0,,1,30
ISR,Israel,1990,,0.0,0,0,0,,1,31
ISR,Israel,1991,,0.0,0,0,0,,1,32
ISR,Israel,1992,,0.0,0,0,0,,1,33
ISR,Israel,1993,,0.0,0,0,0,,1,34
ISR,Israel,1994,,0.0,0,0,0,,1,35
ISR,Israel,1995,,0.0,0,0,0,,1,36
ISR,Israel,1996,,0.0,0,0,0,,1,37
ISR,Israel,1997,,0.0,0,0,0,,1,38
ISR,Israel,1998,,0.0,0,0,0,,1,39
ISR,Israel,1999,,0.0,0,0,0,,1,40
ISR,Israel,2000,,0.0,0,0,0,,1,41
ISR,Israel,2001,,0.0,0,0,0,,1,42
ISR,Israel,2002,,0.0,0,0,0,,1,43
ISR,Israel,2003,,0.0,0,0,0,,1,44
ISR,Israel,2004,,0.0,0,0,0,,1,45
ISR,Israel,2005,,0.0,0,0,0,,1,46
ISR,Israel,2006,,0.0,0,0,0,,1,47
ISR,Israel,2007,,0.0,0,0,0,,1,48
ISR,Israel,2008,,0.0,0,0,0,,1,49
ISR,Israel,2009,,0.0,0,0,0,,1,50
ISR,Israel,2010,,0.0,0,0,0,,1,51
ISR,Israel,2011,,0.0,0,0,0,,1,52
ISR,Israel,2012,,0.0,0,0,0,,1,53
ISR,Israel,2013,,0.0,0,0,0,,1,54
ISR,Israel,2014,,0.0,0,0,0,,1,55
ISR,Israel,2015,,0.0,0,0,0,,1,56
ISR,Israel,2016,,0.0,0,0,0,,1,57
ISR,Israel,2017,,0.0,0,0,0,,1,58
ISR,Israel,2018,,0.0,0,0,0,,1,59
ISR,Israel,2019,,0.0,0,0,0,,1,60
ISR,Israel,2020,,0.0,0,0,0,,1,61
ISR,Israel,2021,,0.0,0,0,0,,1,62
ISR,Israel,2022,,0.0,0,0,0,,1,63
ISR,Israel,2023,,0.0,0,0,0,,1,64
ISR,Israel,2024,,0.0,0,0,0,,1,65
ITA,Italy,1960,,0.0,0,0,0,,1,1
ITA,Italy,1961,,0.0,0,0,0,,1,2
ITA,Italy,1962,,0.0,0,0,0,,1,3
ITA,Italy,1963,,0.0,0,0,0,,1,4
ITA,Italy,1964,,0.0,0,0,0,,1,5
ITA,Italy,1965,,0.0,0,0,0,,1,6
ITA,Italy,1966,,0.0,0,0,0,,1,7
ITA,Italy,1967,,0.0,0,0,0,,1,8
ITA,Italy,1968,,0.0,0,0,0,,1,9
ITA,Italy,1969,,0.0,0,0,0,,1,10
ITA,Italy,1970,,0.0,0,0,0,,1,11
ITA,Italy,1971,,0.0,0,0,0,,1,12
ITA,Italy,1972,,0.0,0,0,0,,1,13
ITA,Italy,1973,,0.0,0,0,0,,1,14
ITA,Italy,1974,,0.0,0,0,0,,1,15
ITA,Italy,1975,,0.0,0,0,0,,1,16
ITA,Italy,1976,,0.0,0,0,0,,1,17
ITA,Italy,1977,,0.0,0,0,0,,1,18
ITA,Italy,1978,,0.0,0,0,0,,1,19
ITA,Italy,1979,,0.0,0,0,0,,1,20
ITA,Italy,1980,,0.0,0,0,0,,1,21
ITA,Italy,1981,,0.0,0,0,0,,1,22
ITA,Italy,1982,,0.0,0,0,0,,1,23
ITA,Italy,1983,,0.0,0,0,0,,1,24
ITA,Italy,1984,,0.0,0,0,0,,1,25
ITA,Italy,1985,,0.0,0,0,0,,1,26
ITA,Italy,1986,,0.0,0,0,0,,1,27
ITA,Italy,1987,,0.0,0,0,0,,1,28
ITA,Italy,1988,,0.0,0,0,0,,1,29
ITA,Italy,1989,,0.0,0,0,0,,1,30
ITA,Italy,1990,,0.0,0,0,0,,1,31
ITA,Italy,1991,,0.0,0,0,0,,1,32
ITA,Italy,1992,,0.0,0,0,0,,1,33
ITA,Italy,1993,,0.0,0,0,0,,1,34
ITA,Italy,1994,,0.0,0,0,0,,1,35
ITA,Italy,1995,,0.0,0,0,0,,1,36
ITA,Italy,1996,,0.0,0,0,0,,1,37
ITA,Italy,1997,,0.0,0,0,0,,1,38
ITA,Italy,1998,,0.0,0,0,0,,1,39
ITA,Italy,1999,,0.0,0,0,0,,1,40
ITA,Italy,2000,,0.0,0,0,0,,1,41
ITA,Italy,2001,,0.0,0,0,0,,1,42
ITA,Italy,2002,,0.0,0,0,0,,1,43
ITA,Italy,2003,,0.0,0,0,0,,1,44
ITA,Italy,2004,,0.0,0,0,0,,1,45
ITA,Italy,2005,,0.0,0,0,0,,1,46
ITA,Italy,2006,,0.0,0,0,0,,1,47
ITA,Italy,2007,,0.0,0,0,0,,1,48
ITA,Italy,2008,,0.0,0,0,0,,1,49
ITA,Italy,2009,,0.0,0,0,0,,1,50
ITA,Italy,2010,,0.0,0,0,0,,1,51
ITA,Italy,2011,,0.0,0,0,0,,1,52
ITA,Italy,2012,,0.0,0,0,0,,1,53
ITA,Italy,2013,,0.0,0,0,0,,1,54
ITA,Italy,2014,,0.0,0,0,0,,1,55
ITA,Italy,2015,,0.0,0,0,0,,1,56
ITA,Italy,2016,,0.0,0,0,0,,1,57
ITA,Italy,2017,,0.0,0,0,0,,1,58
ITA,Italy,2018,,0.0,0,0,0,,1,59
ITA,Italy,2019,,0.0,0,0,0,,1,60
ITA,Italy,2020,,0.0,0,0,0,,1,61
ITA,Italy,2021,,0.0,0,0,0,,1,62
ITA,Italy,2022,,0.0,0,0,0,,1,63
ITA,Italy,2023,,0.0,0,0,0,,1,64
ITA,Italy,2024,,0.0,0,0,0,,1,65
JAM,Jamaica,1960,Jamaica,0.0,0,0,0,,1,1
JAM,Jamaica,1961,Jamaica,0.0,0,0,0,,1,2
JAM,Jamaica,1962,Jamaica,0.0,0,0,0,,1,3
JAM,Jamaica,1963,Jamaica,0.0,0,0,0,,1,4
JAM,Jamaica,1964,Jamaica,0.0,0,0,0,,1,5
JAM,Jamaica,1965,Jamaica,0.0,0,0,0,,1,6
JAM,Jamaica,1966,Jamaica,0.0,0,0,0,,1,7
JAM,Jamaica,1967,Jamaica,0.0,0,0,0,,1,8
JAM,Jamaica,1968,Jamaica,0.0,0,0,0,,1,9
JAM,Jamaica,1969,Jamaica,0.0,0,0,0,,1,10
JAM,Jamaica,1970,Jamaica,0.01,1,0,0,1970.0,0,0
JAM,Jamaica,1971,Jamaica,0.0,0,1,1,1970.0,0,1
JAM,Jamaica,1972,Jamaica,0.0,0,1,1,1970.0,0,2
JAM,Jamaica,1973,Jamaica,0.98,1,1,1,1973.0,0,0
JAM,Jamaica,1974,Jamaica,0.55,1,1,1,1974.0,0,0
JAM,Jamaica,1975,Jamaica,0.36,1,1,1,1975.0,0,0
JAM,Jamaica,1976,Jamaica,0.36,1,1,1,1976.0,0,0
JAM,Jamaica,1977,Jamaica,0.0,0,1,1,1976.0,0,1
JAM,Jamaica,1978,Jamaica,63.0,1,1,1,1978.0,0,0
JAM,Jamaica,1979,Jamaica,149.05,1,1,1,1979.0,0,0
JAM,Jamaica,1980,Jamaica,28.6,1,1,1,1980.0,0,0
JAM,Jamaica,1981,Jamaica,152.45,1,1,1,1981.0,0,0
JAM,Jamaica,1982,Jamaica,130.12,1,1,1,1982.0,0,0
JAM,Jamaica,1983,Jamaica,267.97,1,1,1,1983.0,0,0
JAM,Jamaica,1984,Jamaica,377.37,1,1,1,1984.0,0,0
JAM,Jamaica,1985,Jamaica,478.39,1,1,1,1985.0,0,0
JAM,Jamaica,1986,Jamaica,961.19,1,1,1,1986.0,0,0
JAM,Jamaica,1987,Jamaica,1432.43,1,1,1,1987.0,0,0
JAM,Jamaica,1988,Jamaica,503.0,1,1,1,1988.0,0,0
JAM,Jamaica,1989,Jamaica,621.82,1,1,1,1989.0,0,0
JAM,Jamaica,1990,Jamaica,653.0,1,1,1,1990.0,0,0
JAM,Jamaica,1991,Jamaica,917.0,1,1,1,1991.0,0,0
JAM,Jamaica,1992,Jamaica,643.72,1,1,1,1992.0,0,0
JAM,Jamaica,1993,Jamaica,742.0,1,1,1,1993.0,0,0
JAM,Jamaica,1994,Jamaica,419.95,1,1,1,1994.0,0,0
JAM,Jamaica,1995,Jamaica,406.24,1,1,1,1995.0,0,0
JAM,Jamaica,1996,Jamaica,298.34,1,1,1,1996.0,0,0
JAM,Jamaica,1997,Jamaica,230.92,1,1,1,1997.0,0,0
JAM,Jamaica,1998,Jamaica,236.68,1,1,1,1998.0,0,0
JAM,Jamaica,1999,Jamaica,285.15,1,1,1,1999.0,0,0
JAM,Jamaica,2000,Jamaica,284.55,1,1,1,2000.0,0,0
JAM,Jamaica,2001,Jamaica,232.68,1,1,1,2001.0,0,0
JAM,Jamaica,2002,Jamaica,261.39,1,1,1,2002.0,0,0
JAM,Jamaica,2003,Jamaica,321.36,1,1,1,2003.0,0,0
JAM,Jamaica,2004,Jamaica,355.29,1,1,1,2004.0,0,0
JAM,Jamaica,2005,Jamaica,368.65,1,1,1,2005.0,0,0
JAM,Jamaica,2006,Jamaica,437.82,1,1,1,2006.0,0,0
JAM,Jamaica,2007,Jamaica,436.88,1,1,1,2007.0,0,0
JAM,Jamaica,2008,Jamaica,404.29,1,1,1,2008.0,0,0
JAM,Jamaica,2009,Jamaica,390.93,1,1,1,2009.0,0,0
JAM,Jamaica,2010,Jamaica,9172.53,1,1,1,2010.0,0,0
JAM,Jamaica,2011,Jamaica,620.35,1,1,1,2011.0,0,0
JAM,Jamaica,2012,Jamaica,218.84,1,1,1,2012.0,0,0
JAM,Jamaica,2013,Jamaica,9545.09,1,1,1,2013.0,0,0
JAM,Jamaica,2014,Jamaica,136.82,1,1,1,2014.0,0,0
JAM,Jamaica,2015,Jamaica,45.48,1,1,1,2015.0,0,0
JAM,Jamaica,2016,Jamaica,89.95,1,1,1,2016.0,0,0
JAM,Jamaica,2017,Jamaica,656.91,1,1,1,2017.0,0,0
JAM,Jamaica,2018,Jamaica,79.7,1,1,1,2018.0,0,0
JAM,Jamaica,2019,Jamaica,79.59,1,1,1,2019.0,0,0
JAM,Jamaica,2020,Jamaica,21.32,1,1,1,2020.0,0,0
JAM,Jamaica,2021,Jamaica,20.92,1,1,1,2021.0,0,0
JAM,Jamaica,2022,Jamaica,24.78,1,1,1,2022.0,0,0
JAM,Jamaica,2023,Jamaica,22.42,1,1,1,2023.0,0,0
JAM,Jamaica,2024,Jamaica,20.0,1,1,1,2024.0,0,0
JOR,Jordan,1960,Jordan,0.0,0,0,0,,1,1
JOR,Jordan,1961,Jordan,0.0,0,0,0,,1,2
JOR,Jordan,1962,Jordan,0.0,0,0,0,,1,3
JOR,Jordan,1963,Jordan,0.0,0,0,0,,1,4
JOR,Jordan,1964,Jordan,0.0,0,0,0,,1,5
JOR,Jordan,1965,Jordan,0.0,0,0,0,,1,6
JOR,Jordan,1966,Jordan,0.0,0,0,0,,1,7
JOR,Jordan,1967,Jordan,0.0,0,0,0,,1,8
JOR,Jordan,1968,Jordan,0.0,0,0,0,,1,9
JOR,Jordan,1969,Jordan,0.0,0,0,0,,1,10
JOR,Jordan,1970,Jordan,0.28,1,0,0,1970.0,0,0
JOR,Jordan,1971,Jordan,3.5,1,1,1,1971.0,0,0
JOR,Jordan,1972,Jordan,6.06,1,1,1,1972.0,0,0
JOR,Jordan,1973,Jordan,7.65,1,1,1,1973.0,0,0
JOR,Jordan,1974,Jordan,10.65,1,1,1,1974.0,0,0
JOR,Jordan,1975,Jordan,13.23,1,1,1,1975.0,0,0
JOR,Jordan,1976,Jordan,17.03,1,1,1,1976.0,0,0
JOR,Jordan,1977,Jordan,19.67,1,1,1,1977.0,0,0
JOR,Jordan,1978,Jordan,22.47,1,1,1,1978.0,0,0
JOR,Jordan,1979,Jordan,25.96,1,1,1,1979.0,0,0
JOR,Jordan,1980,Jordan,26.99,1,1,1,1980.0,0,0
JOR,Jordan,1981,Jordan,28.25,1,1,1,1981.0,0,0
JOR,Jordan,1982,Jordan,30.25,1,1,1,1982.0,0,0
JOR,Jordan,1983,Jordan,30.15,1,1,1,1983.0,0,0
JOR,Jordan,1984,Jordan,8.93,1,1,1,1984.0,0,0
JOR,Jordan,1985,Jordan,9.36,1,1,1,1985.0,0,0
JOR,Jordan,1986,Jordan,10.3,1,1,1,1986.0,0,0
JOR,Jordan,1987,Jordan,22.07,1,1,1,1987.0,0,0
JOR,Jordan,1988,Jordan,66.14,1,1,1,1988.0,0,0
JOR,Jordan,1989,Jordan,1056.46,1,1,1,1989.0,0,0
JOR,Jordan,1990,Jordan,985.31,1,1,1,1990.0,0,0
JOR,Jordan,1991,Jordan,1143.38,1,1,1,1991.0,0,0
JOR,Jordan,1992,Jordan,2025.92,1,1,1,1992.0,0,0
JOR,Jordan,1993,Jordan,1740.26,1,1,1,1993.0,0,0
JOR,Jordan,1994,Jordan,1321.3,1,1,1,1994.0,0,0
JOR,Jordan,1995,Jordan,931.79,1,1,1,1995.0,0,0
JOR,Jordan,1996,Jordan,726.17,1,1,1,1996.0,0,0
JOR,Jordan,1997,Jordan,996.86,1,1,1,1997.0,0,0
JOR,Jordan,1998,Jordan,532.52,1,1,1,1998.0,0,0
JOR,Jordan,1999,Jordan,901.59,1,1,1,1999.0,0,0
JOR,Jordan,2000,Jordan,562.78,1,1,1,2000.0,0,0
JOR,Jordan,2001,Jordan,696.13,1,1,1,2001.0,0,0
JOR,Jordan,2002,Jordan,1219.61,1,1,1,2002.0,0,0
JOR,Jordan,2003,Jordan,503.66,1,1,1,2003.0,0,0
JOR,Jordan,2004,Jordan,320.21,1,1,1,2004.0,0,0
JOR,Jordan,2005,Jordan,237.41,1,1,1,2005.0,0,0
JOR,Jordan,2006,Jordan,342.68,1,1,1,2006.0,0,0
JOR,Jordan,2007,Jordan,2618.48,1,1,1,2007.0,0,0
JOR,Jordan,2008,Jordan,2318.17,1,1,1,2008.0,0,0
JOR,Jordan,2009,Jordan,17.42,1,1,1,2009.0,0,0
JOR,Jordan,2010,Jordan,17.93,1,1,1,2010.0,0,0
JOR,Jordan,2011,Jordan,20.65,1,1,1,2011.0,0,0
JOR,Jordan,2012,Jordan,17.37,1,1,1,2012.0,0,0
JOR,Jordan,2013,Jordan,17.68,1,1,1,2013.0,0,0
JOR,Jordan,2014,Jordan,17.58,1,1,1,2014.0,0,0
JOR,Jordan,2015,Jordan,17.64,1,1,1,2015.0,0,0
JOR,Jordan,2016,Jordan,17.44,1,1,1,2016.0,0,0
JOR,Jordan,2017,Jordan,17.5,1,1,1,2017.0,0,0
JOR,Jordan,2018,Jordan,241.75,1,1,1,2018.0,0,0
JOR,Jordan,2019,Jordan,17.64,1,1,1,2019.0,0,0
JOR,Jordan,2020,Jordan,17.46,1,1,1,2020.0,0,0
JOR,Jordan,2021,Jordan,17.45,1,1,1,2021.0,0,0
JOR,Jordan,2022,Jordan,17.08,1,1,1,2022.0,0,0
JOR,Jordan,2023,Jordan,17.0,1,1,1,2023.0,0,0
JOR,Jordan,2024,Jordan,17.0,1,1,1,2024.0,0,0
JPN,Japan,1960,,0.0,0,0,0,,1,1
JPN,Japan,1961,,0.0,0,0,0,,1,2
JPN,Japan,1962,,0.0,0,0,0,,1,3
JPN,Japan,1963,,0.0,0,0,0,,1,4
JPN,Japan,1964,,0.0,0,0,0,,1,5
JPN,Japan,1965,,0.0,0,0,0,,1,6
JPN,Japan,1966,,0.0,0,0,0,,1,7
JPN,Japan,1967,,0.0,0,0,0,,1,8
JPN,Japan,1968,,0.0,0,0,0,,1,9
JPN,Japan,1969,,0.0,0,0,0,,1,10
JPN,Japan,1970,,0.0,0,0,0,,1,11
JPN,Japan,1971,,0.0,0,0,0,,1,12
JPN,Japan,1972,,0.0,0,0,0,,1,13
JPN,Japan,1973,,0.0,0,0,0,,1,14
JPN,Japan,1974,,0.0,0,0,0,,1,15
JPN,Japan,1975,,0.0,0,0,0,,1,16
JPN,Japan,1976,,0.0,0,0,0,,1,17
JPN,Japan,1977,,0.0,0,0,0,,1,18
JPN,Japan,1978,,0.0,0,0,0,,1,19
JPN,Japan,1979,,0.0,0,0,0,,1,20
JPN,Japan,1980,,0.0,0,0,0,,1,21
JPN,Japan,1981,,0.0,0,0,0,,1,22
JPN,Japan,1982,,0.0,0,0,0,,1,23
JPN,Japan,1983,,0.0,0,0,0,,1,24
JPN,Japan,1984,,0.0,0,0,0,,1,25
JPN,Japan,1985,,0.0,0,0,0,,1,26
JPN,Japan,1986,,0.0,0,0,0,,1,27
JPN,Japan,1987,,0.0,0,0,0,,1,28
JPN,Japan,1988,,0.0,0,0,0,,1,29
JPN,Japan,1989,,0.0,0,0,0,,1,30
JPN,Japan,1990,,0.0,0,0,0,,1,31
JPN,Japan,1991,,0.0,0,0,0,,1,32
JPN,Japan,1992,,0.0,0,0,0,,1,33
JPN,Japan,1993,,0.0,0,0,0,,1,34
JPN,Japan,1994,,0.0,0,0,0,,1,35
JPN,Japan,1995,,0.0,0,0,0,,1,36
JPN,Japan,1996,,0.0,0,0,0,,1,37
JPN,Japan,1997,,0.0,0,0,0,,1,38
JPN,Japan,1998,,0.0,0,0,0,,1,39
JPN,Japan,1999,,0.0,0,0,0,,1,40
JPN,Japan,2000,,0.0,0,0,0,,1,41
JPN,Japan,2001,,0.0,0,0,0,,1,42
JPN,Japan,2002,,0.0,0,0,0,,1,43
JPN,Japan,2003,,0.0,0,0,0,,1,44
JPN,Japan,2004,,0.0,0,0,0,,1,45
JPN,Japan,2005,,0.0,0,0,0,,1,46
JPN,Japan,2006,,0.0,0,0,0,,1,47
JPN,Japan,2007,,0.0,0,0,0,,1,48
JPN,Japan,2008,,0.0,0,0,0,,1,49
JPN,Japan,2009,,0.0,0,0,0,,1,50
JPN,Japan,2010,,0.0,0,0,0,,1,51
JPN,Japan,2011,,0.0,0,0,0,,1,52
JPN,Japan,2012,,0.0,0,0,0,,1,53
JPN,Japan,2013,,0.0,0,0,0,,1,54
JPN,Japan,2014,,0.0,0,0,0,,1,55
JPN,Japan,2015,,0.0,0,0,0,,1,56
JPN,Japan,2016,,0.0,0,0,0,,1,57
JPN,Japan,2017,,0.0,0,0,0,,1,58
JPN,Japan,2018,,0.0,0,0,0,,1,59
JPN,Japan,2019,,0.0,0,0,0,,1,60
JPN,Japan,2020,,0.0,0,0,0,,1,61
JPN,Japan,2021,,0.0,0,0,0,,1,62
JPN,Japan,2022,,0.0,0,0,0,,1,63
JPN,Japan,2023,,0.0,0,0,0,,1,64
JPN,Japan,2024,,0.0,0,0,0,,1,65
KAZ,Kazakhstan,1960,Kazakhstan,0.0,0,0,0,,1,1
KAZ,Kazakhstan,1961,Kazakhstan,0.0,0,0,0,,1,2
KAZ,Kazakhstan,1962,Kazakhstan,0.0,0,0,0,,1,3
KAZ,Kazakhstan,1963,Kazakhstan,0.0,0,0,0,,1,4
KAZ,Kazakhstan,1964,Kazakhstan,0.0,0,0,0,,1,5
KAZ,Kazakhstan,1965,Kazakhstan,0.0,0,0,0,,1,6
KAZ,Kazakhstan,1966,Kazakhstan,0.0,0,0,0,,1,7
KAZ,Kazakhstan,1967,Kazakhstan,0.0,0,0,0,,1,8
KAZ,Kazakhstan,1968,Kazakhstan,0.0,0,0,0,,1,9
KAZ,Kazakhstan,1969,Kazakhstan,0.0,0,0,0,,1,10
KAZ,Kazakhstan,1970,Kazakhstan,0.0,0,0,0,,1,11
KAZ,Kazakhstan,1971,Kazakhstan,0.0,0,0,0,,1,12
KAZ,Kazakhstan,1972,Kazakhstan,0.0,0,0,0,,1,13
KAZ,Kazakhstan,1973,Kazakhstan,0.0,0,0,0,,1,14
KAZ,Kazakhstan,1974,Kazakhstan,0.0,0,0,0,,1,15
KAZ,Kazakhstan,1975,Kazakhstan,0.0,0,0,0,,1,16
KAZ,Kazakhstan,1976,Kazakhstan,0.0,0,0,0,,1,17
KAZ,Kazakhstan,1977,Kazakhstan,0.0,0,0,0,,1,18
KAZ,Kazakhstan,1978,Kazakhstan,0.0,0,0,0,,1,19
KAZ,Kazakhstan,1979,Kazakhstan,0.0,0,0,0,,1,20
KAZ,Kazakhstan,1980,Kazakhstan,0.0,0,0,0,,1,21
KAZ,Kazakhstan,1981,Kazakhstan,0.0,0,0,0,,1,22
KAZ,Kazakhstan,1982,Kazakhstan,0.0,0,0,0,,1,23
KAZ,Kazakhstan,1983,Kazakhstan,0.0,0,0,0,,1,24
KAZ,Kazakhstan,1984,Kazakhstan,0.0,0,0,0,,1,25
KAZ,Kazakhstan,1985,Kazakhstan,0.0,0,0,0,,1,26
KAZ,Kazakhstan,1986,Kazakhstan,0.0,0,0,0,,1,27
KAZ,Kazakhstan,1987,Kazakhstan,0.0,0,0,0,,1,28
KAZ,Kazakhstan,1988,Kazakhstan,0.0,0,0,0,,1,29
KAZ,Kazakhstan,1989,Kazakhstan,0.0,0,0,0,,1,30
KAZ,Kazakhstan,1990,Kazakhstan,0.0,0,0,0,,1,31
KAZ,Kazakhstan,1991,Kazakhstan,0.0,0,0,0,,1,32
KAZ,Kazakhstan,1992,Kazakhstan,0.0,0,0,0,,1,33
KAZ,Kazakhstan,1993,Kazakhstan,21.47,1,0,0,1993.0,0,0
KAZ,Kazakhstan,1994,Kazakhstan,105.3,1,1,1,1994.0,0,0
KAZ,Kazakhstan,1995,Kazakhstan,161.72,1,1,1,1995.0,0,0
KAZ,Kazakhstan,1996,Kazakhstan,0.0,0,1,1,1995.0,0,1
KAZ,Kazakhstan,1997,Kazakhstan,0.0,0,1,1,1995.0,0,2
KAZ,Kazakhstan,1998,Kazakhstan,103.8,1,1,1,1998.0,0,0
KAZ,Kazakhstan,1999,Kazakhstan,388.12,1,1,1,1999.0,0,0
KAZ,Kazakhstan,2000,Kazakhstan,0.0,0,1,1,1999.0,0,1
KAZ,Kazakhstan,2001,Kazakhstan,169.72,1,1,1,2001.0,0,0
KAZ,Kazakhstan,2002,Kazakhstan,0.0,0,1,1,2001.0,0,1
KAZ,Kazakhstan,2003,Kazakhstan,12.08,1,1,1,2003.0,0,0
KAZ,Kazakhstan,2004,Kazakhstan,0.0,0,1,1,2003.0,0,1
KAZ,Kazakhstan,2005,Kazakhstan,0.0,0,1,1,2003.0,0,2
KAZ,Kazakhstan,2006,Kazakhstan,0.0,0,1,1,2003.0,0,3
KAZ,Kazakhstan,2007,Kazakhstan,0.0,0,1,1,2003.0,0,4
KAZ,Kazakhstan,2008,Kazakhstan,0.0,0,1,1,2003.0,0,5
KAZ,Kazakhstan,2009,Kazakhstan,0.0,0,0,1,2003.0,0,6
KAZ,Kazakhstan,2010,Kazakhstan,0.0,0,0,1,2003.0,0,7
KAZ,Kazakhstan,2011,Kazakhstan,0.0,0,0,1,2003.0,0,8
KAZ,Kazakhstan,2012,Kazakhstan,0.0,0,0,1,2003.0,0,9
KAZ,Kazakhstan,2013,Kazakhstan,0.0,0,0,1,2003.0,0,10
KAZ,Kazakhstan,2014,Kazakhstan,199.5,1,0,0,2014.0,0,0
KAZ,Kazakhstan,2015,Kazakhstan,0.0,0,1,1,2014.0,0,1
KAZ,Kazakhstan,2016,Kazakhstan,0.0,0,1,1,2014.0,0,2
KAZ,Kazakhstan,2017,Kazakhstan,0.0,0,1,1,2014.0,0,3
KAZ,Kazakhstan,2018,Kazakhstan,0.0,0,1,1,2014.0,0,4
KAZ,Kazakhstan,2019,Kazakhstan,0.0,0,1,1,2014.0,0,5
KAZ,Kazakhstan,2020,Kazakhstan,10.9,1,0,1,2020.0,0,0
KAZ,Kazakhstan,2021,Kazakhstan,0.0,0,1,1,2020.0,0,1
KAZ,Kazakhstan,2022,Kazakhstan,0.0,0,1,1,2020.0,0,2
KAZ,Kazakhstan,2023,Kazakhstan,0.0,0,1,1,2020.0,0,3
KAZ,Kazakhstan,2024,Kazakhstan,0.0,0,1,1,2020.0,0,4
KEN,Kenya,1960,Kenya,0.0,0,0,0,,1,1
KEN,Kenya,1961,Kenya,0.0,0,0,0,,1,2
KEN,Kenya,1962,Kenya,0.0,0,0,0,,1,3
KEN,Kenya,1963,Kenya,0.0,0,0,0,,1,4
KEN,Kenya,1964,Kenya,0.0,0,0,0,,1,5
KEN,Kenya,1965,Kenya,0.0,0,0,0,,1,6
KEN,Kenya,1966,Kenya,0.0,0,0,0,,1,7
KEN,Kenya,1967,Kenya,0.0,0,0,0,,1,8
KEN,Kenya,1968,Kenya,0.0,0,0,0,,1,9
KEN,Kenya,1969,Kenya,0.0,0,0,0,,1,10
KEN,Kenya,1970,Kenya,0.3,1,0,0,1970.0,0,0
KEN,Kenya,1971,Kenya,0.0,0,1,1,1970.0,0,1
KEN,Kenya,1972,Kenya,0.01,1,1,1,1972.0,0,0
KEN,Kenya,1973,Kenya,0.0,0,1,1,1972.0,0,1
KEN,Kenya,1974,Kenya,0.0,0,1,1,1972.0,0,2
KEN,Kenya,1975,Kenya,0.05,1,1,1,1975.0,0,0
KEN,Kenya,1976,Kenya,0.63,1,1,1,1976.0,0,0
KEN,Kenya,1977,Kenya,1.14,1,1,1,1977.0,0,0
KEN,Kenya,1978,Kenya,1.71,1,1,1,1978.0,0,0
KEN,Kenya,1979,Kenya,2.28,1,1,1,1979.0,0,0
KEN,Kenya,1980,Kenya,5.66,1,1,1,1980.0,0,0
KEN,Kenya,1981,Kenya,8.05,1,1,1,1981.0,0,0
KEN,Kenya,1982,Kenya,9.57,1,1,1,1982.0,0,0
KEN,Kenya,1983,Kenya,10.41,1,1,1,1983.0,0,0
KEN,Kenya,1984,Kenya,11.03,1,1,1,1984.0,0,0
KEN,Kenya,1985,Kenya,14.95,1,1,1,1985.0,0,0
KEN,Kenya,1986,Kenya,23.52,1,1,1,1986.0,0,0
KEN,Kenya,1987,Kenya,40.85,1,1,1,1987.0,0,0
KEN,Kenya,1988,Kenya,65.9,1,1,1,1988.0,0,0
KEN,Kenya,1989,Kenya,549.16,1,1,1,1989.0,0,0
KEN,Kenya,1990,Kenya,258.29,1,1,1,1990.0,0,0
KEN,Kenya,1991,Kenya,166.18,1,1,1,1991.0,0,0
KEN,Kenya,1992,Kenya,163.5,1,1,1,1992.0,0,0
KEN,Kenya,1993,Kenya,206.52,1,1,1,1993.0,0,0
KEN,Kenya,1994,Kenya,537.05,1,1,1,1994.0,0,0
KEN,Kenya,1995,Kenya,24.73,1,1,1,1995.0,0,0
KEN,Kenya,1996,Kenya,19.81,1,1,1,1996.0,0,0
KEN,Kenya,1997,Kenya,82.3,1,1,1,1997.0,0,0
KEN,Kenya,1998,Kenya,90.85,1,1,1,1998.0,0,0
KEN,Kenya,1999,Kenya,154.91,1,1,1,1999.0,0,0
KEN,Kenya,2000,Kenya,303.75,1,1,1,2000.0,0,0
KEN,Kenya,2001,Kenya,185.58,1,1,1,2001.0,0,0
KEN,Kenya,2002,Kenya,127.05,1,1,1,2002.0,0,0
KEN,Kenya,2003,Kenya,34.33,1,1,1,2003.0,0,0
KEN,Kenya,2004,Kenya,353.0,1,1,1,2004.0,0,0
KEN,Kenya,2005,Kenya,115.47,1,1,1,2005.0,0,0
KEN,Kenya,2006,Kenya,285.7,1,1,1,2006.0,0,0
KEN,Kenya,2007,Kenya,76.95,1,1,1,2007.0,0,0
KEN,Kenya,2008,Kenya,51.23,1,1,1,2008.0,0,0
KEN,Kenya,2009,Kenya,28.18,1,1,1,2009.0,0,0
KEN,Kenya,2010,Kenya,49.59,1,1,1,2010.0,0,0
KEN,Kenya,2011,Kenya,51.07,1,1,1,2011.0,0,0
KEN,Kenya,2012,Kenya,64.29,1,1,1,2012.0,0,0
KEN,Kenya,2013,Kenya,7.92,1,1,1,2013.0,0,0
KEN,Kenya,2014,Kenya,11.97,1,1,1,2014.0,0,0
KEN,Kenya,2015,Kenya,3.91,1,1,1,2015.0,0,0
KEN,Kenya,2016,Kenya,320.43,1,1,1,2016.0,0,0
KEN,Kenya,2017,Kenya,26.03,1,1,1,2017.0,0,0
KEN,Kenya,2018,Kenya,73.38,1,1,1,2018.0,0,0
KEN,Kenya,2019,Kenya,24.53,1,1,1,2019.0,0,0
KEN,Kenya,2020,Kenya,8.25,1,1,1,2020.0,0,0
KEN,Kenya,2021,Kenya,464.0,1,1,1,2021.0,0,0
KEN,Kenya,2022,Kenya,79.0,1,1,1,2022.0,0,0
KEN,Kenya,2023,Kenya,3.0,1,1,1,2023.0,0,0
KEN,Kenya,2024,Kenya,5.0,1,1,1,2024.0,0,0
KGZ,Kyrgyz Republic,1960,Kyrgyz Republic,0.0,0,0,0,,1,1
KGZ,Kyrgyz Republic,1961,Kyrgyz Republic,0.0,0,0,0,,1,2
KGZ,Kyrgyz Republic,1962,Kyrgyz Republic,0.0,0,0,0,,1,3
KGZ,Kyrgyz Republic,1963,Kyrgyz Republic,0.0,0,0,0,,1,4
KGZ,Kyrgyz Republic,1964,Kyrgyz Republic,0.0,0,0,0,,1,5
KGZ,Kyrgyz Republic,1965,Kyrgyz Republic,0.0,0,0,0,,1,6
KGZ,Kyrgyz Republic,1966,Kyrgyz Republic,0.0,0,0,0,,1,7
KGZ,Kyrgyz Republic,1967,Kyrgyz Republic,0.0,0,0,0,,1,8
KGZ,Kyrgyz Republic,1968,Kyrgyz Republic,0.0,0,0,0,,1,9
KGZ,Kyrgyz Republic,1969,Kyrgyz Republic,0.0,0,0,0,,1,10
KGZ,Kyrgyz Republic,1970,Kyrgyz Republic,0.0,0,0,0,,1,11
KGZ,Kyrgyz Republic,1971,Kyrgyz Republic,0.0,0,0,0,,1,12
KGZ,Kyrgyz Republic,1972,Kyrgyz Republic,0.0,0,0,0,,1,13
KGZ,Kyrgyz Republic,1973,Kyrgyz Republic,0.0,0,0,0,,1,14
KGZ,Kyrgyz Republic,1974,Kyrgyz Republic,0.0,0,0,0,,1,15
KGZ,Kyrgyz Republic,1975,Kyrgyz Republic,0.0,0,0,0,,1,16
KGZ,Kyrgyz Republic,1976,Kyrgyz Republic,0.0,0,0,0,,1,17
KGZ,Kyrgyz Republic,1977,Kyrgyz Republic,0.0,0,0,0,,1,18
KGZ,Kyrgyz Republic,1978,Kyrgyz Republic,0.0,0,0,0,,1,19
KGZ,Kyrgyz Republic,1979,Kyrgyz Republic,0.0,0,0,0,,1,20
KGZ,Kyrgyz Republic,1980,Kyrgyz Republic,0.0,0,0,0,,1,21
KGZ,Kyrgyz Republic,1981,Kyrgyz Republic,0.0,0,0,0,,1,22
KGZ,Kyrgyz Republic,1982,Kyrgyz Republic,0.0,0,0,0,,1,23
KGZ,Kyrgyz Republic,1983,Kyrgyz Republic,0.0,0,0,0,,1,24
KGZ,Kyrgyz Republic,1984,Kyrgyz Republic,0.0,0,0,0,,1,25
KGZ,Kyrgyz Republic,1985,Kyrgyz Republic,0.0,0,0,0,,1,26
KGZ,Kyrgyz Republic,1986,Kyrgyz Republic,0.0,0,0,0,,1,27
KGZ,Kyrgyz Republic,1987,Kyrgyz Republic,0.0,0,0,0,,1,28
KGZ,Kyrgyz Republic,1988,Kyrgyz Republic,0.0,0,0,0,,1,29
KGZ,Kyrgyz Republic,1989,Kyrgyz Republic,0.0,0,0,0,,1,30
KGZ,Kyrgyz Republic,1990,Kyrgyz Republic,0.0,0,0,0,,1,31
KGZ,Kyrgyz Republic,1991,Kyrgyz Republic,0.0,0,0,0,,1,32
KGZ,Kyrgyz Republic,1992,Kyrgyz Republic,0.0,0,0,0,,1,33
KGZ,Kyrgyz Republic,1993,Kyrgyz Republic,0.9,1,0,0,1993.0,0,0
KGZ,Kyrgyz Republic,1994,Kyrgyz Republic,24.42,1,1,1,1994.0,0,0
KGZ,Kyrgyz Republic,1995,Kyrgyz Republic,21.75,1,1,1,1995.0,0,0
KGZ,Kyrgyz Republic,1996,Kyrgyz Republic,91.7,1,1,1,1996.0,0,0
KGZ,Kyrgyz Republic,1997,Kyrgyz Republic,4.02,1,1,1,1997.0,0,0
KGZ,Kyrgyz Republic,1998,Kyrgyz Republic,0.0,0,1,1,1997.0,0,1
KGZ,Kyrgyz Republic,1999,Kyrgyz Republic,32.03,1,1,1,1999.0,0,0
KGZ,Kyrgyz Republic,2000,Kyrgyz Republic,60.91,1,1,1,2000.0,0,0
KGZ,Kyrgyz Republic,2001,Kyrgyz Republic,66.86,1,1,1,2001.0,0,0
KGZ,Kyrgyz Republic,2002,Kyrgyz Republic,104.39,1,1,1,2002.0,0,0
KGZ,Kyrgyz Republic,2003,Kyrgyz Republic,45.14,1,1,1,2003.0,0,0
KGZ,Kyrgyz Republic,2004,Kyrgyz Republic,48.92,1,1,1,2004.0,0,0
KGZ,Kyrgyz Republic,2005,Kyrgyz Republic,556.02,1,1,1,2005.0,0,0
KGZ,Kyrgyz Republic,2006,Kyrgyz Republic,11.12,1,1,1,2006.0,0,0
KGZ,Kyrgyz Republic,2007,Kyrgyz Republic,23.42,1,1,1,2007.0,0,0
KGZ,Kyrgyz Republic,2008,Kyrgyz Republic,25.3,1,1,1,2008.0,0,0
KGZ,Kyrgyz Republic,2009,Kyrgyz Republic,17.27,1,1,1,2009.0,0,0
KGZ,Kyrgyz Republic,2010,Kyrgyz Republic,18.26,1,1,1,2010.0,0,0
KGZ,Kyrgyz Republic,2011,Kyrgyz Republic,9.79,1,1,1,2011.0,0,0
KGZ,Kyrgyz Republic,2012,Kyrgyz Republic,61.43,1,1,1,2012.0,0,0
KGZ,Kyrgyz Republic,2013,Kyrgyz Republic,214.93,1,1,1,2013.0,0,0
KGZ,Kyrgyz Republic,2014,Kyrgyz Republic,10.85,1,1,1,2014.0,0,0
KGZ,Kyrgyz Republic,2015,Kyrgyz Republic,0.0,0,1,1,2014.0,0,1
KGZ,Kyrgyz Republic,2016,Kyrgyz Republic,44.94,1,1,1,2016.0,0,0
KGZ,Kyrgyz Republic,2017,Kyrgyz Republic,30.0,1,1,1,2017.0,0,0
KGZ,Kyrgyz Republic,2018,Kyrgyz Republic,240.0,1,1,1,2018.0,0,0
KGZ,Kyrgyz Republic,2019,Kyrgyz Republic,0.0,0,1,1,2018.0,0,1
KGZ,Kyrgyz Republic,2020,Kyrgyz Republic,0.0,0,1,1,2018.0,0,2
KGZ,Kyrgyz Republic,2021,Kyrgyz Republic,115.05,1,1,1,2021.0,0,0
KGZ,Kyrgyz Republic,2022,Kyrgyz Republic,2.07,1,1,1,2022.0,0,0
KGZ,Kyrgyz Republic,2023,Kyrgyz Republic,2.0,1,1,1,2023.0,0,0
KGZ,Kyrgyz Republic,2024,Kyrgyz Republic,2.0,1,1,1,2024.0,0,0
KHM,Cambodia,1960,Cambodia,0.0,0,0,0,,1,1
KHM,Cambodia,1961,Cambodia,0.0,0,0,0,,1,2
KHM,Cambodia,1962,Cambodia,0.0,0,0,0,,1,3
KHM,Cambodia,1963,Cambodia,0.0,0,0,0,,1,4
KHM,Cambodia,1964,Cambodia,0.0,0,0,0,,1,5
KHM,Cambodia,1965,Cambodia,0.0,0,0,0,,1,6
KHM,Cambodia,1966,Cambodia,0.0,0,0,0,,1,7
KHM,Cambodia,1967,Cambodia,0.0,0,0,0,,1,8
KHM,Cambodia,1968,Cambodia,0.0,0,0,0,,1,9
KHM,Cambodia,1969,Cambodia,0.0,0,0,0,,1,10
KHM,Cambodia,1970,Cambodia,0.0,0,0,0,,1,11
KHM,Cambodia,1971,Cambodia,10.0,1,0,0,1971.0,0,0
KHM,Cambodia,1972,Cambodia,17.0,1,1,1,1972.0,0,0
KHM,Cambodia,1973,Cambodia,11.0,1,1,1,1973.0,0,0
KHM,Cambodia,1974,Cambodia,16.0,1,1,1,1974.0,0,0
KHM,Cambodia,1975,Cambodia,380.0,1,1,1,1975.0,0,0
KHM,Cambodia,1976,Cambodia,294.0,1,1,1,1976.0,0,0
KHM,Cambodia,1977,Cambodia,298.0,1,1,1,1977.0,0,0
KHM,Cambodia,1978,Cambodia,304.49,1,1,1,1978.0,0,0
KHM,Cambodia,1979,Cambodia,310.03,1,1,1,1979.0,0,0
KHM,Cambodia,1980,Cambodia,314.96,1,1,1,1980.0,0,0
KHM,Cambodia,1981,Cambodia,319.94,1,1,1,1981.0,0,0
KHM,Cambodia,1982,Cambodia,325.81,1,1,1,1982.0,0,0
KHM,Cambodia,1983,Cambodia,331.66,1,1,1,1983.0,0,0
KHM,Cambodia,1984,Cambodia,337.29,1,1,1,1984.0,0,0
KHM,Cambodia,1985,Cambodia,347.72,1,1,1,1985.0,0,0
KHM,Cambodia,1986,Cambodia,1033.58,1,1,1,1986.0,0,0
KHM,Cambodia,1987,Cambodia,1134.32,1,1,1,1987.0,0,0
KHM,Cambodia,1988,Cambodia,1227.3,1,1,1,1988.0,0,0
KHM,Cambodia,1989,Cambodia,1322.29,1,1,1,1989.0,0,0
KHM,Cambodia,1990,Cambodia,1362.8,1,1,1,1990.0,0,0
KHM,Cambodia,1991,Cambodia,2006.8,1,1,1,1991.0,0,0
KHM,Cambodia,1992,Cambodia,752.09,1,1,1,1992.0,0,0
KHM,Cambodia,1993,Cambodia,849.77,1,1,1,1993.0,0,0
KHM,Cambodia,1994,Cambodia,927.32,1,1,1,1994.0,0,0
KHM,Cambodia,1995,Cambodia,1225.72,1,1,1,1995.0,0,0
KHM,Cambodia,1996,Cambodia,883.89,1,1,1,1996.0,0,0
KHM,Cambodia,1997,Cambodia,1010.87,1,1,1,1997.0,0,0
KHM,Cambodia,1998,Cambodia,940.0,1,1,1,1998.0,0,0
KHM,Cambodia,1999,Cambodia,1265.6,1,1,1,1999.0,0,0
KHM,Cambodia,2000,Cambodia,1408.3,1,1,1,2000.0,0,0
KHM,Cambodia,2001,Cambodia,1463.7,1,1,1,2001.0,0,0
KHM,Cambodia,2002,Cambodia,1551.4,1,1,1,2002.0,0,0
KHM,Cambodia,2003,Cambodia,1609.39,1,1,1,2003.0,0,0
KHM,Cambodia,2004,Cambodia,1672.0,1,1,1,2004.0,0,0
KHM,Cambodia,2005,Cambodia,1729.2,1,1,1,2005.0,0,0
KHM,Cambodia,2006,Cambodia,1787.11,1,1,1,2006.0,0,0
KHM,Cambodia,2007,Cambodia,1774.06,1,1,1,2007.0,0,0
KHM,Cambodia,2008,Cambodia,1949.31,1,1,1,2008.0,0,0
KHM,Cambodia,2009,Cambodia,1956.09,1,1,1,2009.0,0,0
KHM,Cambodia,2010,Cambodia,1767.34,1,1,1,2010.0,0,0
KHM,Cambodia,2011,Cambodia,1969.97,1,1,1,2011.0,0,0
KHM,Cambodia,2012,Cambodia,1982.67,1,1,1,2012.0,0,0
KHM,Cambodia,2013,Cambodia,1990.87,1,1,1,2013.0,0,0
KHM,Cambodia,2014,Cambodia,1998.18,1,1,1,2014.0,0,0
KHM,Cambodia,2015,Cambodia,1999.0,1,1,1,2015.0,0,0
KHM,Cambodia,2016,Cambodia,2006.54,1,1,1,2016.0,0,0
KHM,Cambodia,2017,Cambodia,2014.19,1,1,1,2017.0,0,0
KHM,Cambodia,2018,Cambodia,2025.0,1,1,1,2018.0,0,0
KHM,Cambodia,2019,Cambodia,633.0,1,1,1,2019.0,0,0
KHM,Cambodia,2020,Cambodia,633.0,1,1,1,2020.0,0,0
KHM,Cambodia,2021,Cambodia,629.0,1,1,1,2021.0,0,0
KHM,Cambodia,2022,Cambodia,631.0,1,1,1,2022.0,0,0
KHM,Cambodia,2023,Cambodia,633.0,1,1,1,2023.0,0,0
KHM,Cambodia,2024,Cambodia,635.0,1,1,1,2024.0,0,0
KIR,Kiribati,1960,,0.0,0,0,0,,1,1
KIR,Kiribati,1961,,0.0,0,0,0,,1,2
KIR,Kiribati,1962,,0.0,0,0,0,,1,3
KIR,Kiribati,1963,,0.0,0,0,0,,1,4
KIR,Kiribati,1964,,0.0,0,0,0,,1,5
KIR,Kiribati,1965,,0.0,0,0,0,,1,6
KIR,Kiribati,1966,,0.0,0,0,0,,1,7
KIR,Kiribati,1967,,0.0,0,0,0,,1,8
KIR,Kiribati,1968,,0.0,0,0,0,,1,9
KIR,Kiribati,1969,,0.0,0,0,0,,1,10
KIR,Kiribati,1970,,0.0,0,0,0,,1,11
KIR,Kiribati,1971,,0.0,0,0,0,,1,12
KIR,Kiribati,1972,,0.0,0,0,0,,1,13
KIR,Kiribati,1973,,0.0,0,0,0,,1,14
KIR,Kiribati,1974,,0.0,0,0,0,,1,15
KIR,Kiribati,1975,,0.0,0,0,0,,1,16
KIR,Kiribati,1976,,0.0,0,0,0,,1,17
KIR,Kiribati,1977,,0.0,0,0,0,,1,18
KIR,Kiribati,1978,,0.0,0,0,0,,1,19
KIR,Kiribati,1979,,0.0,0,0,0,,1,20
KIR,Kiribati,1980,,0.0,0,0,0,,1,21
KIR,Kiribati,1981,,0.0,0,0,0,,1,22
KIR,Kiribati,1982,,0.0,0,0,0,,1,23
KIR,Kiribati,1983,,0.0,0,0,0,,1,24
KIR,Kiribati,1984,,0.0,0,0,0,,1,25
KIR,Kiribati,1985,,0.0,0,0,0,,1,26
KIR,Kiribati,1986,,0.0,0,0,0,,1,27
KIR,Kiribati,1987,,0.0,0,0,0,,1,28
KIR,Kiribati,1988,,0.0,0,0,0,,1,29
KIR,Kiribati,1989,,0.0,0,0,0,,1,30
KIR,Kiribati,1990,,0.0,0,0,0,,1,31
KIR,Kiribati,1991,,0.0,0,0,0,,1,32
KIR,Kiribati,1992,,0.0,0,0,0,,1,33
KIR,Kiribati,1993,,0.0,0,0,0,,1,34
KIR,Kiribati,1994,,0.0,0,0,0,,1,35
KIR,Kiribati,1995,,0.0,0,0,0,,1,36
KIR,Kiribati,1996,,0.0,0,0,0,,1,37
KIR,Kiribati,1997,,0.0,0,0,0,,1,38
KIR,Kiribati,1998,,0.0,0,0,0,,1,39
KIR,Kiribati,1999,,0.0,0,0,0,,1,40
KIR,Kiribati,2000,,0.0,0,0,0,,1,41
KIR,Kiribati,2001,,0.0,0,0,0,,1,42
KIR,Kiribati,2002,,0.0,0,0,0,,1,43
KIR,Kiribati,2003,,0.0,0,0,0,,1,44
KIR,Kiribati,2004,,0.0,0,0,0,,1,45
KIR,Kiribati,2005,,0.0,0,0,0,,1,46
KIR,Kiribati,2006,,0.0,0,0,0,,1,47
KIR,Kiribati,2007,,0.0,0,0,0,,1,48
KIR,Kiribati,2008,,0.0,0,0,0,,1,49
KIR,Kiribati,2009,,0.0,0,0,0,,1,50
KIR,Kiribati,2010,,0.0,0,0,0,,1,51
KIR,Kiribati,2011,,0.0,0,0,0,,1,52
KIR,Kiribati,2012,,0.0,0,0,0,,1,53
KIR,Kiribati,2013,,0.0,0,0,0,,1,54
KIR,Kiribati,2014,,0.0,0,0,0,,1,55
KIR,Kiribati,2015,,0.0,0,0,0,,1,56
KIR,Kiribati,2016,,0.0,0,0,0,,1,57
KIR,Kiribati,2017,,0.0,0,0,0,,1,58
KIR,Kiribati,2018,,0.0,0,0,0,,1,59
KIR,Kiribati,2019,,0.0,0,0,0,,1,60
KIR,Kiribati,2020,,0.0,0,0,0,,1,61
KIR,Kiribati,2021,,0.0,0,0,0,,1,62
KIR,Kiribati,2022,,0.0,0,0,0,,1,63
KIR,Kiribati,2023,,0.0,0,0,0,,1,64
KIR,Kiribati,2024,,0.0,0,0,0,,1,65
KNA,St. Kitts and Nevis,1960,St. Kitts & Nevis,0.0,0,0,0,,1,1
KNA,St. Kitts and Nevis,1961,St. Kitts & Nevis,0.0,0,0,0,,1,2
KNA,St. Kitts and Nevis,1962,St. Kitts & Nevis,0.0,0,0,0,,1,3
KNA,St. Kitts and Nevis,1963,St. Kitts & Nevis,0.0,0,0,0,,1,4
KNA,St. Kitts and Nevis,1964,St. Kitts & Nevis,0.0,0,0,0,,1,5
KNA,St. Kitts and Nevis,1965,St. Kitts & Nevis,0.0,0,0,0,,1,6
KNA,St. Kitts and Nevis,1966,St. Kitts & Nevis,0.0,0,0,0,,1,7
KNA,St. Kitts and Nevis,1967,St. Kitts & Nevis,0.0,0,0,0,,1,8
KNA,St. Kitts and Nevis,1968,St. Kitts & Nevis,0.0,0,0,0,,1,9
KNA,St. Kitts and Nevis,1969,St. Kitts & Nevis,0.0,0,0,0,,1,10
KNA,St. Kitts and Nevis,1970,St. Kitts & Nevis,0.0,0,0,0,,1,11
KNA,St. Kitts and Nevis,1971,St. Kitts & Nevis,0.0,0,0,0,,1,12
KNA,St. Kitts and Nevis,1972,St. Kitts & Nevis,0.0,0,0,0,,1,13
KNA,St. Kitts and Nevis,1973,St. Kitts & Nevis,0.0,0,0,0,,1,14
KNA,St. Kitts and Nevis,1974,St. Kitts & Nevis,0.0,0,0,0,,1,15
KNA,St. Kitts and Nevis,1975,St. Kitts & Nevis,0.0,0,0,0,,1,16
KNA,St. Kitts and Nevis,1976,St. Kitts & Nevis,0.0,0,0,0,,1,17
KNA,St. Kitts and Nevis,1977,St. Kitts & Nevis,0.0,0,0,0,,1,18
KNA,St. Kitts and Nevis,1978,St. Kitts & Nevis,0.0,0,0,0,,1,19
KNA,St. Kitts and Nevis,1979,St. Kitts & Nevis,0.0,0,0,0,,1,20
KNA,St. Kitts and Nevis,1980,St. Kitts & Nevis,0.0,0,0,0,,1,21
KNA,St. Kitts and Nevis,1981,St. Kitts & Nevis,0.0,0,0,0,,1,22
KNA,St. Kitts and Nevis,1982,St. Kitts & Nevis,0.0,0,0,0,,1,23
KNA,St. Kitts and Nevis,1983,St. Kitts & Nevis,0.0,0,0,0,,1,24
KNA,St. Kitts and Nevis,1984,St. Kitts & Nevis,0.0,0,0,0,,1,25
KNA,St. Kitts and Nevis,1985,St. Kitts & Nevis,0.0,0,0,0,,1,26
KNA,St. Kitts and Nevis,1986,St. Kitts & Nevis,0.0,0,0,0,,1,27
KNA,St. Kitts and Nevis,1987,St. Kitts & Nevis,0.0,0,0,0,,1,28
KNA,St. Kitts and Nevis,1988,St. Kitts & Nevis,0.0,0,0,0,,1,29
KNA,St. Kitts and Nevis,1989,St. Kitts & Nevis,0.2,1,0,0,1989.0,0,0
KNA,St. Kitts and Nevis,1990,St. Kitts & Nevis,0.0,0,1,1,1989.0,0,1
KNA,St. Kitts and Nevis,1991,St. Kitts & Nevis,0.0,0,1,1,1989.0,0,2
KNA,St. Kitts and Nevis,1992,St. Kitts & Nevis,1.2,1,1,1,1992.0,0,0
KNA,St. Kitts and Nevis,1993,St. Kitts & Nevis,1.1,1,1,1,1993.0,0,0
KNA,St. Kitts and Nevis,1994,St. Kitts & Nevis,1.7,1,1,1,1994.0,0,0
KNA,St. Kitts and Nevis,1995,St. Kitts & Nevis,1.9,1,1,1,1995.0,0,0
KNA,St. Kitts and Nevis,1996,St. Kitts & Nevis,0.2,1,1,1,1996.0,0,0
KNA,St. Kitts and Nevis,1997,St. Kitts & Nevis,0.2,1,1,1,1997.0,0,0
KNA,St. Kitts and Nevis,1998,St. Kitts & Nevis,0.9,1,1,1,1998.0,0,0
KNA,St. Kitts and Nevis,1999,St. Kitts & Nevis,0.7,1,1,1,1999.0,0,0
KNA,St. Kitts and Nevis,2000,St. Kitts & Nevis,1.6,1,1,1,2000.0,0,0
KNA,St. Kitts and Nevis,2001,St. Kitts & Nevis,1.9,1,1,1,2001.0,0,0
KNA,St. Kitts and Nevis,2002,St. Kitts & Nevis,2.0,1,1,1,2002.0,0,0
KNA,St. Kitts and Nevis,2003,St. Kitts & Nevis,2.9,1,1,1,2003.0,0,0
KNA,St. Kitts and Nevis,2004,St. Kitts & Nevis,5.1,1,1,1,2004.0,0,0
KNA,St. Kitts and Nevis,2005,St. Kitts & Nevis,4.7,1,1,1,2005.0,0,0
KNA,St. Kitts and Nevis,2006,St. Kitts & Nevis,5.5,1,1,1,2006.0,0,0
KNA,St. Kitts and Nevis,2007,St. Kitts & Nevis,2.7,1,1,1,2007.0,0,0
KNA,St. Kitts and Nevis,2008,St. Kitts & Nevis,11.1,1,1,1,2008.0,0,0
KNA,St. Kitts and Nevis,2009,St. Kitts & Nevis,12.1,1,1,1,2009.0,0,0
KNA,St. Kitts and Nevis,2010,St. Kitts & Nevis,3.5,1,1,1,2010.0,0,0
KNA,St. Kitts and Nevis,2011,St. Kitts & Nevis,753.0,1,1,1,2011.0,0,0
KNA,St. Kitts and Nevis,2012,St. Kitts & Nevis,758.0,1,1,1,2012.0,0,0
KNA,St. Kitts and Nevis,2013,St. Kitts & Nevis,17.46,1,1,1,2013.0,0,0
KNA,St. Kitts and Nevis,2014,St. Kitts & Nevis,66.48,1,1,1,2014.0,0,0
KNA,St. Kitts and Nevis,2015,St. Kitts & Nevis,0.0,0,1,1,2014.0,0,1
KNA,St. Kitts and Nevis,2016,St. Kitts & Nevis,44.98,1,1,1,2016.0,0,0
KNA,St. Kitts and Nevis,2017,St. Kitts & Nevis,0.0,0,1,1,2016.0,0,1
KNA,St. Kitts and Nevis,2018,St. Kitts & Nevis,0.0,0,1,1,2016.0,0,2
KNA,St. Kitts and Nevis,2019,St. Kitts & Nevis,0.0,0,1,1,2016.0,0,3
KNA,St. Kitts and Nevis,2020,St. Kitts & Nevis,0.0,0,1,1,2016.0,0,4
KNA,St. Kitts and Nevis,2021,St. Kitts & Nevis,0.0,0,1,1,2016.0,0,5
KNA,St. Kitts and Nevis,2022,St. Kitts & Nevis,0.0,0,0,1,2016.0,0,6
KNA,St. Kitts and Nevis,2023,St. Kitts & Nevis,0.0,0,0,1,2016.0,0,7
KNA,St. Kitts and Nevis,2024,St. Kitts & Nevis,0.0,0,0,1,2016.0,0,8
KOR,"Korea, Rep.",1960,,0.0,0,0,0,,1,1
KOR,"Korea, Rep.",1961,,0.0,0,0,0,,1,2
KOR,"Korea, Rep.",1962,,0.0,0,0,0,,1,3
KOR,"Korea, Rep.",1963,,0.0,0,0,0,,1,4
KOR,"Korea, Rep.",1964,,0.0,0,0,0,,1,5
KOR,"Korea, Rep.",1965,,0.0,0,0,0,,1,6
KOR,"Korea, Rep.",1966,,0.0,0,0,0,,1,7
KOR,"Korea, Rep.",1967,,0.0,0,0,0,,1,8
KOR,"Korea, Rep.",1968,,0.0,0,0,0,,1,9
KOR,"Korea, Rep.",1969,,0.0,0,0,0,,1,10
KOR,"Korea, Rep.",1970,,0.0,0,0,0,,1,11
KOR,"Korea, Rep.",1971,,0.0,0,0,0,,1,12
KOR,"Korea, Rep.",1972,,0.0,0,0,0,,1,13
KOR,"Korea, Rep.",1973,,0.0,0,0,0,,1,14
KOR,"Korea, Rep.",1974,,0.0,0,0,0,,1,15
KOR,"Korea, Rep.",1975,,0.0,0,0,0,,1,16
KOR,"Korea, Rep.",1976,,0.0,0,0,0,,1,17
KOR,"Korea, Rep.",1977,,0.0,0,0,0,,1,18
KOR,"Korea, Rep.",1978,,0.0,0,0,0,,1,19
KOR,"Korea, Rep.",1979,,0.0,0,0,0,,1,20
KOR,"Korea, Rep.",1980,,0.0,0,0,0,,1,21
KOR,"Korea, Rep.",1981,,0.0,0,0,0,,1,22
KOR,"Korea, Rep.",1982,,0.0,0,0,0,,1,23
KOR,"Korea, Rep.",1983,,0.0,0,0,0,,1,24
KOR,"Korea, Rep.",1984,,0.0,0,0,0,,1,25
KOR,"Korea, Rep.",1985,,0.0,0,0,0,,1,26
KOR,"Korea, Rep.",1986,,0.0,0,0,0,,1,27
KOR,"Korea, Rep.",1987,,0.0,0,0,0,,1,28
KOR,"Korea, Rep.",1988,,0.0,0,0,0,,1,29
KOR,"Korea, Rep.",1989,,0.0,0,0,0,,1,30
KOR,"Korea, Rep.",1990,,0.0,0,0,0,,1,31
KOR,"Korea, Rep.",1991,,0.0,0,0,0,,1,32
KOR,"Korea, Rep.",1992,,0.0,0,0,0,,1,33
KOR,"Korea, Rep.",1993,,0.0,0,0,0,,1,34
KOR,"Korea, Rep.",1994,,0.0,0,0,0,,1,35
KOR,"Korea, Rep.",1995,,0.0,0,0,0,,1,36
KOR,"Korea, Rep.",1996,,0.0,0,0,0,,1,37
KOR,"Korea, Rep.",1997,,0.0,0,0,0,,1,38
KOR,"Korea, Rep.",1998,,0.0,0,0,0,,1,39
KOR,"Korea, Rep.",1999,,0.0,0,0,0,,1,40
KOR,"Korea, Rep.",2000,,0.0,0,0,0,,1,41
KOR,"Korea, Rep.",2001,,0.0,0,0,0,,1,42
KOR,"Korea, Rep.",2002,,0.0,0,0,0,,1,43
KOR,"Korea, Rep.",2003,,0.0,0,0,0,,1,44
KOR,"Korea, Rep.",2004,,0.0,0,0,0,,1,45
KOR,"Korea, Rep.",2005,,0.0,0,0,0,,1,46
KOR,"Korea, Rep.",2006,,0.0,0,0,0,,1,47
KOR,"Korea, Rep.",2007,,0.0,0,0,0,,1,48
KOR,"Korea, Rep.",2008,,0.0,0,0,0,,1,49
KOR,"Korea, Rep.",2009,,0.0,0,0,0,,1,50
KOR,"Korea, Rep.",2010,,0.0,0,0,0,,1,51
KOR,"Korea, Rep.",2011,,0.0,0,0,0,,1,52
KOR,"Korea, Rep.",2012,,0.0,0,0,0,,1,53
KOR,"Korea, Rep.",2013,,0.0,0,0,0,,1,54
KOR,"Korea, Rep.",2014,,0.0,0,0,0,,1,55
KOR,"Korea, Rep.",2015,,0.0,0,0,0,,1,56
KOR,"Korea, Rep.",2016,,0.0,0,0,0,,1,57
KOR,"Korea, Rep.",2017,,0.0,0,0,0,,1,58
KOR,"Korea, Rep.",2018,,0.0,0,0,0,,1,59
KOR,"Korea, Rep.",2019,,0.0,0,0,0,,1,60
KOR,"Korea, Rep.",2020,,0.0,0,0,0,,1,61
KOR,"Korea, Rep.",2021,,0.0,0,0,0,,1,62
KOR,"Korea, Rep.",2022,,0.0,0,0,0,,1,63
KOR,"Korea, Rep.",2023,,0.0,0,0,0,,1,64
KOR,"Korea, Rep.",2024,,0.0,0,0,0,,1,65
KWT,Kuwait,1960,,0.0,0,0,0,,1,1
KWT,Kuwait,1961,,0.0,0,0,0,,1,2
KWT,Kuwait,1962,,0.0,0,0,0,,1,3
KWT,Kuwait,1963,,0.0,0,0,0,,1,4
KWT,Kuwait,1964,,0.0,0,0,0,,1,5
KWT,Kuwait,1965,,0.0,0,0,0,,1,6
KWT,Kuwait,1966,,0.0,0,0,0,,1,7
KWT,Kuwait,1967,,0.0,0,0,0,,1,8
KWT,Kuwait,1968,,0.0,0,0,0,,1,9
KWT,Kuwait,1969,,0.0,0,0,0,,1,10
KWT,Kuwait,1970,,0.0,0,0,0,,1,11
KWT,Kuwait,1971,,0.0,0,0,0,,1,12
KWT,Kuwait,1972,,0.0,0,0,0,,1,13
KWT,Kuwait,1973,,0.0,0,0,0,,1,14
KWT,Kuwait,1974,,0.0,0,0,0,,1,15
KWT,Kuwait,1975,,0.0,0,0,0,,1,16
KWT,Kuwait,1976,,0.0,0,0,0,,1,17
KWT,Kuwait,1977,,0.0,0,0,0,,1,18
KWT,Kuwait,1978,,0.0,0,0,0,,1,19
KWT,Kuwait,1979,,0.0,0,0,0,,1,20
KWT,Kuwait,1980,,0.0,0,0,0,,1,21
KWT,Kuwait,1981,,0.0,0,0,0,,1,22
KWT,Kuwait,1982,,0.0,0,0,0,,1,23
KWT,Kuwait,1983,,0.0,0,0,0,,1,24
KWT,Kuwait,1984,,0.0,0,0,0,,1,25
KWT,Kuwait,1985,,0.0,0,0,0,,1,26
KWT,Kuwait,1986,,0.0,0,0,0,,1,27
KWT,Kuwait,1987,,0.0,0,0,0,,1,28
KWT,Kuwait,1988,,0.0,0,0,0,,1,29
KWT,Kuwait,1989,,0.0,0,0,0,,1,30
KWT,Kuwait,1990,,0.0,0,0,0,,1,31
KWT,Kuwait,1991,,0.0,0,0,0,,1,32
KWT,Kuwait,1992,,0.0,0,0,0,,1,33
KWT,Kuwait,1993,,0.0,0,0,0,,1,34
KWT,Kuwait,1994,,0.0,0,0,0,,1,35
KWT,Kuwait,1995,,0.0,0,0,0,,1,36
KWT,Kuwait,1996,,0.0,0,0,0,,1,37
KWT,Kuwait,1997,,0.0,0,0,0,,1,38
KWT,Kuwait,1998,,0.0,0,0,0,,1,39
KWT,Kuwait,1999,,0.0,0,0,0,,1,40
KWT,Kuwait,2000,,0.0,0,0,0,,1,41
KWT,Kuwait,2001,,0.0,0,0,0,,1,42
KWT,Kuwait,2002,,0.0,0,0,0,,1,43
KWT,Kuwait,2003,,0.0,0,0,0,,1,44
KWT,Kuwait,2004,,0.0,0,0,0,,1,45
KWT,Kuwait,2005,,0.0,0,0,0,,1,46
KWT,Kuwait,2006,,0.0,0,0,0,,1,47
KWT,Kuwait,2007,,0.0,0,0,0,,1,48
KWT,Kuwait,2008,,0.0,0,0,0,,1,49
KWT,Kuwait,2009,,0.0,0,0,0,,1,50
KWT,Kuwait,2010,,0.0,0,0,0,,1,51
KWT,Kuwait,2011,,0.0,0,0,0,,1,52
KWT,Kuwait,2012,,0.0,0,0,0,,1,53
KWT,Kuwait,2013,,0.0,0,0,0,,1,54
KWT,Kuwait,2014,,0.0,0,0,0,,1,55
KWT,Kuwait,2015,,0.0,0,0,0,,1,56
KWT,Kuwait,2016,,0.0,0,0,0,,1,57
KWT,Kuwait,2017,,0.0,0,0,0,,1,58
KWT,Kuwait,2018,,0.0,0,0,0,,1,59
KWT,Kuwait,2019,,0.0,0,0,0,,1,60
KWT,Kuwait,2020,,0.0,0,0,0,,1,61
KWT,Kuwait,2021,,0.0,0,0,0,,1,62
KWT,Kuwait,2022,,0.0,0,0,0,,1,63
KWT,Kuwait,2023,,0.0,0,0,0,,1,64
KWT,Kuwait,2024,,0.0,0,0,0,,1,65
LAO,Lao PDR,1960,Laos,0.0,0,0,0,,1,1
LAO,Lao PDR,1961,Laos,0.0,0,0,0,,1,2
LAO,Lao PDR,1962,Laos,0.0,0,0,0,,1,3
LAO,Lao PDR,1963,Laos,0.0,0,0,0,,1,4
LAO,Lao PDR,1964,Laos,0.0,0,0,0,,1,5
LAO,Lao PDR,1965,Laos,0.0,0,0,0,,1,6
LAO,Lao PDR,1966,Laos,0.0,0,0,0,,1,7
LAO,Lao PDR,1967,Laos,0.0,0,0,0,,1,8
LAO,Lao PDR,1968,Laos,0.0,0,0,0,,1,9
LAO,Lao PDR,1969,Laos,0.0,0,0,0,,1,10
LAO,Lao PDR,1970,Laos,0.0,0,0,0,,1,11
LAO,Lao PDR,1971,Laos,0.0,0,0,0,,1,12
LAO,Lao PDR,1972,Laos,0.22,1,0,0,1972.0,0,0
LAO,Lao PDR,1973,Laos,0.27,1,1,1,1973.0,0,0
LAO,Lao PDR,1974,Laos,0.13,1,1,1,1974.0,0,0
LAO,Lao PDR,1975,Laos,0.61,1,1,1,1975.0,0,0
LAO,Lao PDR,1976,Laos,156.12,1,1,1,1976.0,0,0
LAO,Lao PDR,1977,Laos,1.8,1,1,1,1977.0,0,0
LAO,Lao PDR,1978,Laos,3.19,1,1,1,1978.0,0,0
LAO,Lao PDR,1979,Laos,4.26,1,1,1,1979.0,0,0
LAO,Lao PDR,1980,Laos,5.51,1,1,1,1980.0,0,0
LAO,Lao PDR,1981,Laos,5.3,1,1,1,1981.0,0,0
LAO,Lao PDR,1982,Laos,5.25,1,1,1,1982.0,0,0
LAO,Lao PDR,1983,Laos,4.87,1,1,1,1983.0,0,0
LAO,Lao PDR,1984,Laos,4.78,1,1,1,1984.0,0,0
LAO,Lao PDR,1985,Laos,6.75,1,1,1,1985.0,0,0
LAO,Lao PDR,1986,Laos,8.77,1,1,1,1986.0,0,0
LAO,Lao PDR,1987,Laos,12.71,1,1,1,1987.0,0,0
LAO,Lao PDR,1988,Laos,0.67,1,1,1,1988.0,0,0
LAO,Lao PDR,1989,Laos,0.25,1,1,1,1989.0,0,0
LAO,Lao PDR,1990,Laos,1.02,1,1,1,1990.0,0,0
LAO,Lao PDR,1991,Laos,1291.92,1,1,1,1991.0,0,0
LAO,Lao PDR,1992,Laos,0.4,1,1,1,1992.0,0,0
LAO,Lao PDR,1993,Laos,0.0,0,1,1,1992.0,0,1
LAO,Lao PDR,1994,Laos,0.0,0,1,1,1992.0,0,2
LAO,Lao PDR,1995,Laos,0.0,0,1,1,1992.0,0,3
LAO,Lao PDR,1996,Laos,1.58,1,1,1,1996.0,0,0
LAO,Lao PDR,1997,Laos,1.66,1,1,1,1997.0,0,0
LAO,Lao PDR,1998,Laos,0.7,1,1,1,1998.0,0,0
LAO,Lao PDR,1999,Laos,0.98,1,1,1,1999.0,0,0
LAO,Lao PDR,2000,Laos,1.22,1,1,1,2000.0,0,0
LAO,Lao PDR,2001,Laos,0.02,1,1,1,2001.0,0,0
LAO,Lao PDR,2002,Laos,0.0,0,1,1,2001.0,0,1
LAO,Lao PDR,2003,Laos,905.0,1,1,1,2003.0,0,0
LAO,Lao PDR,2004,Laos,0.0,0,1,1,2003.0,0,1
LAO,Lao PDR,2005,Laos,0.0,0,1,1,2003.0,0,2
LAO,Lao PDR,2006,Laos,45.0,1,1,1,2006.0,0,0
LAO,Lao PDR,2007,Laos,0.0,0,1,1,2006.0,0,1
LAO,Lao PDR,2008,Laos,0.0,0,1,1,2006.0,0,2
LAO,Lao PDR,2009,Laos,0.0,0,1,1,2006.0,0,3
LAO,Lao PDR,2010,Laos,0.0,0,1,1,2006.0,0,4
LAO,Lao PDR,2011,Laos,0.0,0,1,1,2006.0,0,5
LAO,Lao PDR,2012,Laos,0.0,0,0,1,2006.0,0,6
LAO,Lao PDR,2013,Laos,0.0,0,0,1,2006.0,0,7
LAO,Lao PDR,2014,Laos,0.0,0,0,1,2006.0,0,8
LAO,Lao PDR,2015,Laos,0.0,0,0,1,2006.0,0,9
LAO,Lao PDR,2016,Laos,0.0,0,0,1,2006.0,0,10
LAO,Lao PDR,2017,Laos,0.0,0,0,0,2006.0,0,11
LAO,Lao PDR,2018,Laos,0.0,0,0,0,2006.0,0,12
LAO,Lao PDR,2019,Laos,0.0,0,0,0,2006.0,0,13
LAO,Lao PDR,2020,Laos,220.0,1,0,0,2020.0,0,0
LAO,Lao PDR,2021,Laos,450.0,1,1,1,2021.0,0,0
LAO,Lao PDR,2022,Laos,610.0,1,1,1,2022.0,0,0
LAO,Lao PDR,2023,Laos,927.04,1,1,1,2023.0,0,0
LAO,Lao PDR,2024,Laos,0.0,0,1,1,2023.0,0,1
LBN,Lebanon,1960,Lebanon,0.0,0,0,0,,1,1
LBN,Lebanon,1961,Lebanon,0.0,0,0,0,,1,2
LBN,Lebanon,1962,Lebanon,0.0,0,0,0,,1,3
LBN,Lebanon,1963,Lebanon,0.0,0,0,0,,1,4
LBN,Lebanon,1964,Lebanon,0.0,0,0,0,,1,5
LBN,Lebanon,1965,Lebanon,0.0,0,0,0,,1,6
LBN,Lebanon,1966,Lebanon,0.0,0,0,0,,1,7
LBN,Lebanon,1967,Lebanon,0.0,0,0,0,,1,8
LBN,Lebanon,1968,Lebanon,0.0,0,0,0,,1,9
LBN,Lebanon,1969,Lebanon,0.0,0,0,0,,1,10
LBN,Lebanon,1970,Lebanon,0.0,0,0,0,,1,11
LBN,Lebanon,1971,Lebanon,0.0,0,0,0,,1,12
LBN,Lebanon,1972,Lebanon,0.0,0,0,0,,1,13
LBN,Lebanon,1973,Lebanon,0.0,0,0,0,,1,14
LBN,Lebanon,1974,Lebanon,0.0,0,0,0,,1,15
LBN,Lebanon,1975,Lebanon,0.0,0,0,0,,1,16
LBN,Lebanon,1976,Lebanon,0.3,1,0,0,1976.0,0,0
LBN,Lebanon,1977,Lebanon,0.0,0,1,1,1976.0,0,1
LBN,Lebanon,1978,Lebanon,0.0,0,1,1,1976.0,0,2
LBN,Lebanon,1979,Lebanon,0.0,0,1,1,1976.0,0,3
LBN,Lebanon,1980,Lebanon,0.0,0,1,1,1976.0,0,4
LBN,Lebanon,1981,Lebanon,0.0,0,1,1,1976.0,0,5
LBN,Lebanon,1982,Lebanon,8.26,1,0,1,1982.0,0,0
LBN,Lebanon,1983,Lebanon,17.93,1,1,1,1983.0,0,0
LBN,Lebanon,1984,Lebanon,27.55,1,1,1,1984.0,0,0
LBN,Lebanon,1985,Lebanon,37.08,1,1,1,1985.0,0,0
LBN,Lebanon,1986,Lebanon,47.13,1,1,1,1986.0,0,0
LBN,Lebanon,1987,Lebanon,64.25,1,1,1,1987.0,0,0
LBN,Lebanon,1988,Lebanon,96.24,1,1,1,1988.0,0,0
LBN,Lebanon,1989,Lebanon,130.4,1,1,1,1989.0,0,0
LBN,Lebanon,1990,Lebanon,171.31,1,1,1,1990.0,0,0
LBN,Lebanon,1991,Lebanon,183.43,1,1,1,1991.0,0,0
LBN,Lebanon,1992,Lebanon,77.8,1,1,1,1992.0,0,0
LBN,Lebanon,1993,Lebanon,71.98,1,1,1,1993.0,0,0
LBN,Lebanon,1994,Lebanon,59.6,1,1,1,1994.0,0,0
LBN,Lebanon,1995,Lebanon,51.3,1,1,1,1995.0,0,0
LBN,Lebanon,1996,Lebanon,0.0,0,1,1,1995.0,0,1
LBN,Lebanon,1997,Lebanon,0.0,0,1,1,1995.0,0,2
LBN,Lebanon,1998,Lebanon,0.0,0,1,1,1995.0,0,3
LBN,Lebanon,1999,Lebanon,0.0,0,1,1,1995.0,0,4
LBN,Lebanon,2000,Lebanon,0.0,0,1,1,1995.0,0,5
LBN,Lebanon,2001,Lebanon,0.0,0,0,1,1995.0,0,6
LBN,Lebanon,2002,Lebanon,0.13,1,0,1,2002.0,0,0
LBN,Lebanon,2003,Lebanon,0.0,0,1,1,2002.0,0,1
LBN,Lebanon,2004,Lebanon,0.0,0,1,1,2002.0,0,2
LBN,Lebanon,2005,Lebanon,0.0,0,1,1,2002.0,0,3
LBN,Lebanon,2006,Lebanon,0.0,0,1,1,2002.0,0,4
LBN,Lebanon,2007,Lebanon,0.0,0,1,1,2002.0,0,5
LBN,Lebanon,2008,Lebanon,0.0,0,0,1,2002.0,0,6
LBN,Lebanon,2009,Lebanon,0.0,0,0,1,2002.0,0,7
LBN,Lebanon,2010,Lebanon,0.0,0,0,1,2002.0,0,8
LBN,Lebanon,2011,Lebanon,0.0,0,0,1,2002.0,0,9
LBN,Lebanon,2012,Lebanon,0.0,0,0,1,2002.0,0,10
LBN,Lebanon,2013,Lebanon,0.0,0,0,0,2002.0,0,11
LBN,Lebanon,2014,Lebanon,0.0,0,0,0,2002.0,0,12
LBN,Lebanon,2015,Lebanon,0.0,0,0,0,2002.0,0,13
LBN,Lebanon,2016,Lebanon,0.0,0,0,0,2002.0,0,14
LBN,Lebanon,2017,Lebanon,0.0,0,0,0,2002.0,0,15
LBN,Lebanon,2018,Lebanon,0.0,0,0,0,2002.0,0,16
LBN,Lebanon,2019,Lebanon,0.0,0,0,0,2002.0,0,17
LBN,Lebanon,2020,Lebanon,33410.04,1,0,0,2020.0,0,0
LBN,Lebanon,2021,Lebanon,35700.63,1,1,1,2021.0,0,0
LBN,Lebanon,2022,Lebanon,37992.0,1,1,1,2022.0,0,0
LBN,Lebanon,2023,Lebanon,40511.0,1,1,1,2023.0,0,0
LBN,Lebanon,2024,Lebanon,42957.0,1,1,1,2024.0,0,0
LBR,Liberia,1960,Liberia,0.0,0,0,0,,1,1
LBR,Liberia,1961,Liberia,0.0,0,0,0,,1,2
LBR,Liberia,1962,Liberia,0.0,0,0,0,,1,3
LBR,Liberia,1963,Liberia,122.0,1,0,0,1963.0,0,0
LBR,Liberia,1964,Liberia,0.0,0,1,1,1963.0,0,1
LBR,Liberia,1965,Liberia,0.0,0,1,1,1963.0,0,2
LBR,Liberia,1966,Liberia,0.0,0,1,1,1963.0,0,3
LBR,Liberia,1967,Liberia,0.0,0,1,1,1963.0,0,4
LBR,Liberia,1968,Liberia,112.0,1,1,1,1968.0,0,0
LBR,Liberia,1969,Liberia,5.0,1,1,1,1969.0,0,0
LBR,Liberia,1970,Liberia,0.0,0,1,1,1969.0,0,1
LBR,Liberia,1971,Liberia,0.08,1,1,1,1971.0,0,0
LBR,Liberia,1972,Liberia,0.08,1,1,1,1972.0,0,0
LBR,Liberia,1973,Liberia,0.13,1,1,1,1973.0,0,0
LBR,Liberia,1974,Liberia,0.24,1,1,1,1974.0,0,0
LBR,Liberia,1975,Liberia,0.05,1,1,1,1975.0,0,0
LBR,Liberia,1976,Liberia,0.05,1,1,1,1976.0,0,0
LBR,Liberia,1977,Liberia,0.13,1,1,1,1977.0,0,0
LBR,Liberia,1978,Liberia,1.27,1,1,1,1978.0,0,0
LBR,Liberia,1979,Liberia,1.8,1,1,1,1979.0,0,0
LBR,Liberia,1980,Liberia,37.3,1,1,1,1980.0,0,0
LBR,Liberia,1981,Liberia,43.9,1,1,1,1981.0,0,0
LBR,Liberia,1982,Liberia,60.65,1,1,1,1982.0,0,0
LBR,Liberia,1983,Liberia,71.3,1,1,1,1983.0,0,0
LBR,Liberia,1984,Liberia,113.25,1,1,1,1984.0,0,0
LBR,Liberia,1985,Liberia,469.55,1,1,1,1985.0,0,0
LBR,Liberia,1986,Liberia,838.92,1,1,1,1986.0,0,0
LBR,Liberia,1987,Liberia,1447.11,1,1,1,1987.0,0,0
LBR,Liberia,1988,Liberia,1700.48,1,1,1,1988.0,0,0
LBR,Liberia,1989,Liberia,1199.75,1,1,1,1989.0,0,0
LBR,Liberia,1990,Liberia,1811.89,1,1,1,1990.0,0,0
LBR,Liberia,1991,Liberia,2052.63,1,1,1,1991.0,0,0
LBR,Liberia,1992,Liberia,2111.68,1,1,1,1992.0,0,0
LBR,Liberia,1993,Liberia,2222.08,1,1,1,1993.0,0,0
LBR,Liberia,1994,Liberia,2467.86,1,1,1,1994.0,0,0
LBR,Liberia,1995,Liberia,2653.56,1,1,1,1995.0,0,0
LBR,Liberia,1996,Liberia,2721.98,1,1,1,1996.0,0,0
LBR,Liberia,1997,Liberia,2742.94,1,1,1,1997.0,0,0
LBR,Liberia,1998,Liberia,2972.01,1,1,1,1998.0,0,0
LBR,Liberia,1999,Liberia,3030.94,1,1,1,1999.0,0,0
LBR,Liberia,2000,Liberia,3370.87,1,1,1,2000.0,0,0
LBR,Liberia,2001,Liberia,3737.13,1,1,1,2001.0,0,0
LBR,Liberia,2002,Liberia,3972.18,1,1,1,2002.0,0,0
LBR,Liberia,2003,Liberia,4426.22,1,1,1,2003.0,0,0
LBR,Liberia,2004,Liberia,4725.77,1,1,1,2004.0,0,0
LBR,Liberia,2005,Liberia,4792.95,1,1,1,2005.0,0,0
LBR,Liberia,2006,Liberia,5181.38,1,1,1,2006.0,0,0
LBR,Liberia,2007,Liberia,4948.22,1,1,1,2007.0,0,0
LBR,Liberia,2008,Liberia,4076.04,1,1,1,2008.0,0,0
LBR,Liberia,2009,Liberia,1765.68,1,1,1,2009.0,0,0
LBR,Liberia,2010,Liberia,2883.47,1,1,1,2010.0,0,0
LBR,Liberia,2011,Liberia,185.63,1,1,1,2011.0,0,0
LBR,Liberia,2012,Liberia,121.04,1,1,1,2012.0,0,0
LBR,Liberia,2013,Liberia,92.02,1,1,1,2013.0,0,0
LBR,Liberia,2014,Liberia,78.61,1,1,1,2014.0,0,0
LBR,Liberia,2015,Liberia,78.6,1,1,1,2015.0,0,0
LBR,Liberia,2016,Liberia,88.6,1,1,1,2016.0,0,0
LBR,Liberia,2017,Liberia,405.41,1,1,1,2017.0,0,0
LBR,Liberia,2018,Liberia,85.88,1,1,1,2018.0,0,0
LBR,Liberia,2019,Liberia,65.29,1,1,1,2019.0,0,0
LBR,Liberia,2020,Liberia,85.0,1,1,1,2020.0,0,0
LBR,Liberia,2021,Liberia,25.0,1,1,1,2021.0,0,0
LBR,Liberia,2022,Liberia,12.0,1,1,1,2022.0,0,0
LBR,Liberia,2023,Liberia,25.0,1,1,1,2023.0,0,0
LBR,Liberia,2024,Liberia,11.9,1,1,1,2024.0,0,0
LBY,Libya,1960,Libya,0.0,0,0,0,,1,1
LBY,Libya,1961,Libya,0.0,0,0,0,,1,2
LBY,Libya,1962,Libya,0.0,0,0,0,,1,3
LBY,Libya,1963,Libya,0.0,0,0,0,,1,4
LBY,Libya,1964,Libya,0.0,0,0,0,,1,5
LBY,Libya,1965,Libya,0.0,0,0,0,,1,6
LBY,Libya,1966,Libya,0.0,0,0,0,,1,7
LBY,Libya,1967,Libya,0.0,0,0,0,,1,8
LBY,Libya,1968,Libya,0.0,0,0,0,,1,9
LBY,Libya,1969,Libya,0.0,0,0,0,,1,10
LBY,Libya,1970,Libya,0.0,0,0,0,,1,11
LBY,Libya,1971,Libya,0.0,0,0,0,,1,12
LBY,Libya,1972,Libya,0.0,0,0,0,,1,13
LBY,Libya,1973,Libya,0.0,0,0,0,,1,14
LBY,Libya,1974,Libya,0.0,0,0,0,,1,15
LBY,Libya,1975,Libya,0.0,0,0,0,,1,16
LBY,Libya,1976,Libya,0.0,0,0,0,,1,17
LBY,Libya,1977,Libya,0.0,0,0,0,,1,18
LBY,Libya,1978,Libya,0.0,0,0,0,,1,19
LBY,Libya,1979,Libya,0.0,0,0,0,,1,20
LBY,Libya,1980,Libya,0.0,0,0,0,,1,21
LBY,Libya,1981,Libya,0.0,0,0,0,,1,22
LBY,Libya,1982,Libya,0.0,0,0,0,,1,23
LBY,Libya,1983,Libya,0.0,0,0,0,,1,24
LBY,Libya,1984,Libya,0.0,0,0,0,,1,25
LBY,Libya,1985,Libya,0.0,0,0,0,,1,26
LBY,Libya,1986,Libya,0.0,0,0,0,,1,27
LBY,Libya,1987,Libya,0.0,0,0,0,,1,28
LBY,Libya,1988,Libya,0.0,0,0,0,,1,29
LBY,Libya,1989,Libya,0.0,0,0,0,,1,30
LBY,Libya,1990,Libya,0.0,0,0,0,,1,31
LBY,Libya,1991,Libya,0.0,0,0,0,,1,32
LBY,Libya,1992,Libya,0.0,0,0,0,,1,33
LBY,Libya,1993,Libya,0.0,0,0,0,,1,34
LBY,Libya,1994,Libya,0.0,0,0,0,,1,35
LBY,Libya,1995,Libya,0.0,0,0,0,,1,36
LBY,Libya,1996,Libya,0.0,0,0,0,,1,37
LBY,Libya,1997,Libya,0.0,0,0,0,,1,38
LBY,Libya,1998,Libya,0.0,0,0,0,,1,39
LBY,Libya,1999,Libya,0.0,0,0,0,,1,40
LBY,Libya,2000,Libya,0.0,0,0,0,,1,41
LBY,Libya,2001,Libya,0.0,0,0,0,,1,42
LBY,Libya,2002,Libya,0.0,0,0,0,,1,43
LBY,Libya,2003,Libya,0.0,0,0,0,,1,44
LBY,Libya,2004,Libya,441.0,1,0,0,2004.0,0,0
LBY,Libya,2005,Libya,0.0,0,1,1,2004.0,0,1
LBY,Libya,2006,Libya,0.0,0,1,1,2004.0,0,2
LBY,Libya,2007,Libya,0.0,0,1,1,2004.0,0,3
LBY,Libya,2008,Libya,4500.0,1,1,1,2008.0,0,0
LBY,Libya,2009,Libya,0.0,0,1,1,2008.0,0,1
LBY,Libya,2010,Libya,0.0,0,1,1,2008.0,0,2
LBY,Libya,2011,Libya,3200.0,1,1,1,2011.0,0,0
LBY,Libya,2012,Libya,3200.0,1,1,1,2012.0,0,0
LBY,Libya,2013,Libya,3280.0,1,1,1,2013.0,0,0
LBY,Libya,2014,Libya,3320.0,1,1,1,2014.0,0,0
LBY,Libya,2015,Libya,3400.0,1,1,1,2015.0,0,0
LBY,Libya,2016,Libya,3450.0,1,1,1,2016.0,0,0
LBY,Libya,2017,Libya,3500.0,1,1,1,2017.0,0,0
LBY,Libya,2018,Libya,0.0,0,1,1,2017.0,0,1
LBY,Libya,2019,Libya,0.0,0,1,1,2017.0,0,2
LBY,Libya,2020,Libya,0.0,0,1,1,2017.0,0,3
LBY,Libya,2021,Libya,0.0,0,1,1,2017.0,0,4
LBY,Libya,2022,Libya,0.0,0,1,1,2017.0,0,5
LBY,Libya,2023,Libya,0.0,0,0,1,2017.0,0,6
LBY,Libya,2024,Libya,0.0,0,0,1,2017.0,0,7
LCA,St. Lucia,1960,St. Lucia,0.0,0,0,0,,1,1
LCA,St. Lucia,1961,St. Lucia,0.0,0,0,0,,1,2
LCA,St. Lucia,1962,St. Lucia,0.0,0,0,0,,1,3
LCA,St. Lucia,1963,St. Lucia,0.0,0,0,0,,1,4
LCA,St. Lucia,1964,St. Lucia,0.0,0,0,0,,1,5
LCA,St. Lucia,1965,St. Lucia,0.0,0,0,0,,1,6
LCA,St. Lucia,1966,St. Lucia,0.0,0,0,0,,1,7
LCA,St. Lucia,1967,St. Lucia,0.0,0,0,0,,1,8
LCA,St. Lucia,1968,St. Lucia,0.0,0,0,0,,1,9
LCA,St. Lucia,1969,St. Lucia,0.0,0,0,0,,1,10
LCA,St. Lucia,1970,St. Lucia,0.0,0,0,0,,1,11
LCA,St. Lucia,1971,St. Lucia,0.0,0,0,0,,1,12
LCA,St. Lucia,1972,St. Lucia,0.0,0,0,0,,1,13
LCA,St. Lucia,1973,St. Lucia,0.0,0,0,0,,1,14
LCA,St. Lucia,1974,St. Lucia,0.0,0,0,0,,1,15
LCA,St. Lucia,1975,St. Lucia,0.0,0,0,0,,1,16
LCA,St. Lucia,1976,St. Lucia,0.0,0,0,0,,1,17
LCA,St. Lucia,1977,St. Lucia,0.0,0,0,0,,1,18
LCA,St. Lucia,1978,St. Lucia,0.0,0,0,0,,1,19
LCA,St. Lucia,1979,St. Lucia,0.0,0,0,0,,1,20
LCA,St. Lucia,1980,St. Lucia,0.0,0,0,0,,1,21
LCA,St. Lucia,1981,St. Lucia,0.0,0,0,0,,1,22
LCA,St. Lucia,1982,St. Lucia,0.0,0,0,0,,1,23
LCA,St. Lucia,1983,St. Lucia,0.0,0,0,0,,1,24
LCA,St. Lucia,1984,St. Lucia,0.2,1,0,0,1984.0,0,0
LCA,St. Lucia,1985,St. Lucia,0.3,1,1,1,1985.0,0,0
LCA,St. Lucia,1986,St. Lucia,0.2,1,1,1,1986.0,0,0
LCA,St. Lucia,1987,St. Lucia,0.01,1,1,1,1987.0,0,0
LCA,St. Lucia,1988,St. Lucia,0.09,1,1,1,1988.0,0,0
LCA,St. Lucia,1989,St. Lucia,0.11,1,1,1,1989.0,0,0
LCA,St. Lucia,1990,St. Lucia,1.37,1,1,1,1990.0,0,0
LCA,St. Lucia,1991,St. Lucia,0.17,1,1,1,1991.0,0,0
LCA,St. Lucia,1992,St. Lucia,0.35,1,1,1,1992.0,0,0
LCA,St. Lucia,1993,St. Lucia,1.16,1,1,1,1993.0,0,0
LCA,St. Lucia,1994,St. Lucia,0.42,1,1,1,1994.0,0,0
LCA,St. Lucia,1995,St. Lucia,0.0,0,1,1,1994.0,0,1
LCA,St. Lucia,1996,St. Lucia,0.0,0,1,1,1994.0,0,2
LCA,St. Lucia,1997,St. Lucia,0.0,0,1,1,1994.0,0,3
LCA,St. Lucia,1998,St. Lucia,0.0,0,1,1,1994.0,0,4
LCA,St. Lucia,1999,St. Lucia,0.0,0,1,1,1994.0,0,5
LCA,St. Lucia,2000,St. Lucia,0.0,0,0,1,1994.0,0,6
LCA,St. Lucia,2001,St. Lucia,0.0,0,0,1,1994.0,0,7
LCA,St. Lucia,2002,St. Lucia,0.0,0,0,1,1994.0,0,8
LCA,St. Lucia,2003,St. Lucia,0.09,1,0,1,2003.0,0,0
LCA,St. Lucia,2004,St. Lucia,0.0,0,1,1,2003.0,0,1
LCA,St. Lucia,2005,St. Lucia,0.0,0,1,1,2003.0,0,2
LCA,St. Lucia,2006,St. Lucia,0.0,0,1,1,2003.0,0,3
LCA,St. Lucia,2007,St. Lucia,0.73,1,1,1,2007.0,0,0
LCA,St. Lucia,2008,St. Lucia,56.56,1,1,1,2008.0,0,0
LCA,St. Lucia,2009,St. Lucia,4.65,1,1,1,2009.0,0,0
LCA,St. Lucia,2010,St. Lucia,8.79,1,1,1,2010.0,0,0
LCA,St. Lucia,2011,St. Lucia,5.52,1,1,1,2011.0,0,0
LCA,St. Lucia,2012,St. Lucia,0.26,1,1,1,2012.0,0,0
LCA,St. Lucia,2013,St. Lucia,0.0,0,1,1,2012.0,0,1
LCA,St. Lucia,2014,St. Lucia,0.0,0,1,1,2012.0,0,2
LCA,St. Lucia,2015,St. Lucia,0.0,0,1,1,2012.0,0,3
LCA,St. Lucia,2016,St. Lucia,0.23,1,1,1,2016.0,0,0
LCA,St. Lucia,2017,St. Lucia,0.19,1,1,1,2017.0,0,0
LCA,St. Lucia,2018,St. Lucia,0.48,1,1,1,2018.0,0,0
LCA,St. Lucia,2019,St. Lucia,0.0,0,1,1,2018.0,0,1
LCA,St. Lucia,2020,St. Lucia,0.0,0,1,1,2018.0,0,2
LCA,St. Lucia,2021,St. Lucia,1.42,1,1,1,2021.0,0,0
LCA,St. Lucia,2022,St. Lucia,0.0,0,1,1,2021.0,0,1
LCA,St. Lucia,2023,St. Lucia,0.0,0,1,1,2021.0,0,2
LCA,St. Lucia,2024,St. Lucia,0.0,0,1,1,2021.0,0,3
LIE,Liechtenstein,1960,,0.0,0,0,0,,1,1
LIE,Liechtenstein,1961,,0.0,0,0,0,,1,2
LIE,Liechtenstein,1962,,0.0,0,0,0,,1,3
LIE,Liechtenstein,1963,,0.0,0,0,0,,1,4
LIE,Liechtenstein,1964,,0.0,0,0,0,,1,5
LIE,Liechtenstein,1965,,0.0,0,0,0,,1,6
LIE,Liechtenstein,1966,,0.0,0,0,0,,1,7
LIE,Liechtenstein,1967,,0.0,0,0,0,,1,8
LIE,Liechtenstein,1968,,0.0,0,0,0,,1,9
LIE,Liechtenstein,1969,,0.0,0,0,0,,1,10
LIE,Liechtenstein,1970,,0.0,0,0,0,,1,11
LIE,Liechtenstein,1971,,0.0,0,0,0,,1,12
LIE,Liechtenstein,1972,,0.0,0,0,0,,1,13
LIE,Liechtenstein,1973,,0.0,0,0,0,,1,14
LIE,Liechtenstein,1974,,0.0,0,0,0,,1,15
LIE,Liechtenstein,1975,,0.0,0,0,0,,1,16
LIE,Liechtenstein,1976,,0.0,0,0,0,,1,17
LIE,Liechtenstein,1977,,0.0,0,0,0,,1,18
LIE,Liechtenstein,1978,,0.0,0,0,0,,1,19
LIE,Liechtenstein,1979,,0.0,0,0,0,,1,20
LIE,Liechtenstein,1980,,0.0,0,0,0,,1,21
LIE,Liechtenstein,1981,,0.0,0,0,0,,1,22
LIE,Liechtenstein,1982,,0.0,0,0,0,,1,23
LIE,Liechtenstein,1983,,0.0,0,0,0,,1,24
LIE,Liechtenstein,1984,,0.0,0,0,0,,1,25
LIE,Liechtenstein,1985,,0.0,0,0,0,,1,26
LIE,Liechtenstein,1986,,0.0,0,0,0,,1,27
LIE,Liechtenstein,1987,,0.0,0,0,0,,1,28
LIE,Liechtenstein,1988,,0.0,0,0,0,,1,29
LIE,Liechtenstein,1989,,0.0,0,0,0,,1,30
LIE,Liechtenstein,1990,,0.0,0,0,0,,1,31
LIE,Liechtenstein,1991,,0.0,0,0,0,,1,32
LIE,Liechtenstein,1992,,0.0,0,0,0,,1,33
LIE,Liechtenstein,1993,,0.0,0,0,0,,1,34
LIE,Liechtenstein,1994,,0.0,0,0,0,,1,35
LIE,Liechtenstein,1995,,0.0,0,0,0,,1,36
LIE,Liechtenstein,1996,,0.0,0,0,0,,1,37
LIE,Liechtenstein,1997,,0.0,0,0,0,,1,38
LIE,Liechtenstein,1998,,0.0,0,0,0,,1,39
LIE,Liechtenstein,1999,,0.0,0,0,0,,1,40
LIE,Liechtenstein,2000,,0.0,0,0,0,,1,41
LIE,Liechtenstein,2001,,0.0,0,0,0,,1,42
LIE,Liechtenstein,2002,,0.0,0,0,0,,1,43
LIE,Liechtenstein,2003,,0.0,0,0,0,,1,44
LIE,Liechtenstein,2004,,0.0,0,0,0,,1,45
LIE,Liechtenstein,2005,,0.0,0,0,0,,1,46
LIE,Liechtenstein,2006,,0.0,0,0,0,,1,47
LIE,Liechtenstein,2007,,0.0,0,0,0,,1,48
LIE,Liechtenstein,2008,,0.0,0,0,0,,1,49
LIE,Liechtenstein,2009,,0.0,0,0,0,,1,50
LIE,Liechtenstein,2010,,0.0,0,0,0,,1,51
LIE,Liechtenstein,2011,,0.0,0,0,0,,1,52
LIE,Liechtenstein,2012,,0.0,0,0,0,,1,53
LIE,Liechtenstein,2013,,0.0,0,0,0,,1,54
LIE,Liechtenstein,2014,,0.0,0,0,0,,1,55
LIE,Liechtenstein,2015,,0.0,0,0,0,,1,56
LIE,Liechtenstein,2016,,0.0,0,0,0,,1,57
LIE,Liechtenstein,2017,,0.0,0,0,0,,1,58
LIE,Liechtenstein,2018,,0.0,0,0,0,,1,59
LIE,Liechtenstein,2019,,0.0,0,0,0,,1,60
LIE,Liechtenstein,2020,,0.0,0,0,0,,1,61
LIE,Liechtenstein,2021,,0.0,0,0,0,,1,62
LIE,Liechtenstein,2022,,0.0,0,0,0,,1,63
LIE,Liechtenstein,2023,,0.0,0,0,0,,1,64
LIE,Liechtenstein,2024,,0.0,0,0,0,,1,65
LKA,Sri Lanka,1960,Sri Lanka,0.0,0,0,0,,1,1
LKA,Sri Lanka,1961,Sri Lanka,0.0,0,0,0,,1,2
LKA,Sri Lanka,1962,Sri Lanka,0.0,0,0,0,,1,3
LKA,Sri Lanka,1963,Sri Lanka,0.0,0,0,0,,1,4
LKA,Sri Lanka,1964,Sri Lanka,0.0,0,0,0,,1,5
LKA,Sri Lanka,1965,Sri Lanka,0.0,0,0,0,,1,6
LKA,Sri Lanka,1966,Sri Lanka,0.0,0,0,0,,1,7
LKA,Sri Lanka,1967,Sri Lanka,0.0,0,0,0,,1,8
LKA,Sri Lanka,1968,Sri Lanka,0.0,0,0,0,,1,9
LKA,Sri Lanka,1969,Sri Lanka,0.0,0,0,0,,1,10
LKA,Sri Lanka,1970,Sri Lanka,0.0,0,0,0,,1,11
LKA,Sri Lanka,1971,Sri Lanka,1.93,1,0,0,1971.0,0,0
LKA,Sri Lanka,1972,Sri Lanka,0.38,1,1,1,1972.0,0,0
LKA,Sri Lanka,1973,Sri Lanka,0.21,1,1,1,1973.0,0,0
LKA,Sri Lanka,1974,Sri Lanka,0.21,1,1,1,1974.0,0,0
LKA,Sri Lanka,1975,Sri Lanka,0.02,1,1,1,1975.0,0,0
LKA,Sri Lanka,1976,Sri Lanka,0.55,1,1,1,1976.0,0,0
LKA,Sri Lanka,1977,Sri Lanka,0.31,1,1,1,1977.0,0,0
LKA,Sri Lanka,1978,Sri Lanka,0.0,0,1,1,1977.0,0,1
LKA,Sri Lanka,1979,Sri Lanka,0.0,0,1,1,1977.0,0,2
LKA,Sri Lanka,1980,Sri Lanka,0.0,0,1,1,1977.0,0,3
LKA,Sri Lanka,1981,Sri Lanka,0.0,0,1,1,1977.0,0,4
LKA,Sri Lanka,1982,Sri Lanka,0.0,0,1,1,1977.0,0,5
LKA,Sri Lanka,1983,Sri Lanka,0.0,0,0,1,1977.0,0,6
LKA,Sri Lanka,1984,Sri Lanka,0.0,0,0,1,1977.0,0,7
LKA,Sri Lanka,1985,Sri Lanka,0.0,0,0,1,1977.0,0,8
LKA,Sri Lanka,1986,Sri Lanka,0.0,0,0,1,1977.0,0,9
LKA,Sri Lanka,1987,Sri Lanka,0.0,0,0,1,1977.0,0,10
LKA,Sri Lanka,1988,Sri Lanka,3.8,1,0,0,1988.0,0,0
LKA,Sri Lanka,1989,Sri Lanka,6.66,1,1,1,1989.0,0,0
LKA,Sri Lanka,1990,Sri Lanka,10.68,1,1,1,1990.0,0,0
LKA,Sri Lanka,1991,Sri Lanka,15.59,1,1,1,1991.0,0,0
LKA,Sri Lanka,1992,Sri Lanka,22.7,1,1,1,1992.0,0,0
LKA,Sri Lanka,1993,Sri Lanka,33.01,1,1,1,1993.0,0,0
LKA,Sri Lanka,1994,Sri Lanka,43.11,1,1,1,1994.0,0,0
LKA,Sri Lanka,1995,Sri Lanka,84.1,1,1,1,1995.0,0,0
LKA,Sri Lanka,1996,Sri Lanka,432.76,1,1,1,1996.0,0,0
LKA,Sri Lanka,1997,Sri Lanka,288.05,1,1,1,1997.0,0,0
LKA,Sri Lanka,1998,Sri Lanka,345.14,1,1,1,1998.0,0,0
LKA,Sri Lanka,1999,Sri Lanka,393.58,1,1,1,1999.0,0,0
LKA,Sri Lanka,2000,Sri Lanka,336.77,1,1,1,2000.0,0,0
LKA,Sri Lanka,2001,Sri Lanka,280.82,1,1,1,2001.0,0,0
LKA,Sri Lanka,2002,Sri Lanka,301.5,1,1,1,2002.0,0,0
LKA,Sri Lanka,2003,Sri Lanka,4.44,1,1,1,2003.0,0,0
LKA,Sri Lanka,2004,Sri Lanka,0.0,0,1,1,2003.0,0,1
LKA,Sri Lanka,2005,Sri Lanka,231.73,1,1,1,2005.0,0,0
LKA,Sri Lanka,2006,Sri Lanka,0.0,0,1,1,2005.0,0,1
LKA,Sri Lanka,2007,Sri Lanka,1.31,1,1,1,2007.0,0,0
LKA,Sri Lanka,2008,Sri Lanka,7.91,1,1,1,2008.0,0,0
LKA,Sri Lanka,2009,Sri Lanka,0.03,1,1,1,2009.0,0,0
LKA,Sri Lanka,2010,Sri Lanka,0.06,1,1,1,2010.0,0,0
LKA,Sri Lanka,2011,Sri Lanka,0.13,1,1,1,2011.0,0,0
LKA,Sri Lanka,2012,Sri Lanka,0.05,1,1,1,2012.0,0,0
LKA,Sri Lanka,2013,Sri Lanka,12.87,1,1,1,2013.0,0,0
LKA,Sri Lanka,2014,Sri Lanka,115.16,1,1,1,2014.0,0,0
LKA,Sri Lanka,2015,Sri Lanka,76.81,1,1,1,2015.0,0,0
LKA,Sri Lanka,2016,Sri Lanka,143.96,1,1,1,2016.0,0,0
LKA,Sri Lanka,2017,Sri Lanka,194.87,1,1,1,2017.0,0,0
LKA,Sri Lanka,2018,Sri Lanka,188.79,1,1,1,2018.0,0,0
LKA,Sri Lanka,2019,Sri Lanka,228.48,1,1,1,2019.0,0,0
LKA,Sri Lanka,2020,Sri Lanka,330.47,1,1,1,2020.0,0,0
LKA,Sri Lanka,2021,Sri Lanka,310.32,1,1,1,2021.0,0,0
LKA,Sri Lanka,2022,Sri Lanka,33047.0,1,1,1,2022.0,0,0
LKA,Sri Lanka,2023,Sri Lanka,38618.31,1,1,1,2023.0,0,0
LKA,Sri Lanka,2024,Sri Lanka,30059.0,1,1,1,2024.0,0,0
LSO,Lesotho,1960,Lesotho,0.0,0,0,0,,1,1
LSO,Lesotho,1961,Lesotho,0.0,0,0,0,,1,2
LSO,Lesotho,1962,Lesotho,0.0,0,0,0,,1,3
LSO,Lesotho,1963,Lesotho,0.0,0,0,0,,1,4
LSO,Lesotho,1964,Lesotho,0.0,0,0,0,,1,5
LSO,Lesotho,1965,Lesotho,0.0,0,0,0,,1,6
LSO,Lesotho,1966,Lesotho,0.0,0,0,0,,1,7
LSO,Lesotho,1967,Lesotho,0.0,0,0,0,,1,8
LSO,Lesotho,1968,Lesotho,0.0,0,0,0,,1,9
LSO,Lesotho,1969,Lesotho,0.0,0,0,0,,1,10
LSO,Lesotho,1970,Lesotho,0.0,0,0,0,,1,11
LSO,Lesotho,1971,Lesotho,0.0,0,0,0,,1,12
LSO,Lesotho,1972,Lesotho,0.0,0,0,0,,1,13
LSO,Lesotho,1973,Lesotho,0.0,0,0,0,,1,14
LSO,Lesotho,1974,Lesotho,0.0,0,0,0,,1,15
LSO,Lesotho,1975,Lesotho,0.0,0,0,0,,1,16
LSO,Lesotho,1976,Lesotho,0.0,0,0,0,,1,17
LSO,Lesotho,1977,Lesotho,0.0,0,0,0,,1,18
LSO,Lesotho,1978,Lesotho,0.0,0,0,0,,1,19
LSO,Lesotho,1979,Lesotho,0.0,0,0,0,,1,20
LSO,Lesotho,1980,Lesotho,0.0,0,0,0,,1,21
LSO,Lesotho,1981,Lesotho,0.0,0,0,0,,1,22
LSO,Lesotho,1982,Lesotho,0.0,0,0,0,,1,23
LSO,Lesotho,1983,Lesotho,0.0,0,0,0,,1,24
LSO,Lesotho,1984,Lesotho,0.0,0,0,0,,1,25
LSO,Lesotho,1985,Lesotho,0.2,1,0,0,1985.0,0,0
LSO,Lesotho,1986,Lesotho,0.04,1,1,1,1986.0,0,0
LSO,Lesotho,1987,Lesotho,0.0,0,1,1,1986.0,0,1
LSO,Lesotho,1988,Lesotho,0.01,1,1,1,1988.0,0,0
LSO,Lesotho,1989,Lesotho,0.0,0,1,1,1988.0,0,1
LSO,Lesotho,1990,Lesotho,8.12,1,1,1,1990.0,0,0
LSO,Lesotho,1991,Lesotho,3.7,1,1,1,1991.0,0,0
LSO,Lesotho,1992,Lesotho,5.58,1,1,1,1992.0,0,0
LSO,Lesotho,1993,Lesotho,12.05,1,1,1,1993.0,0,0
LSO,Lesotho,1994,Lesotho,2.88,1,1,1,1994.0,0,0
LSO,Lesotho,1995,Lesotho,0.0,0,1,1,1994.0,0,1
LSO,Lesotho,1996,Lesotho,0.0,0,1,1,1994.0,0,2
LSO,Lesotho,1997,Lesotho,0.0,0,1,1,1994.0,0,3
LSO,Lesotho,1998,Lesotho,0.06,1,1,1,1998.0,0,0
LSO,Lesotho,1999,Lesotho,0.0,0,1,1,1998.0,0,1
LSO,Lesotho,2000,Lesotho,0.0,0,1,1,1998.0,0,2
LSO,Lesotho,2001,Lesotho,3.0,1,1,1,2001.0,0,0
LSO,Lesotho,2002,Lesotho,0.0,0,1,1,2001.0,0,1
LSO,Lesotho,2003,Lesotho,0.0,0,1,1,2001.0,0,2
LSO,Lesotho,2004,Lesotho,0.0,0,1,1,2001.0,0,3
LSO,Lesotho,2005,Lesotho,0.0,0,1,1,2001.0,0,4
LSO,Lesotho,2006,Lesotho,18.28,1,1,1,2006.0,0,0
LSO,Lesotho,2007,Lesotho,5.85,1,1,1,2007.0,0,0
LSO,Lesotho,2008,Lesotho,1.44,1,1,1,2008.0,0,0
LSO,Lesotho,2009,Lesotho,0.0,0,1,1,2008.0,0,1
LSO,Lesotho,2010,Lesotho,0.0,0,1,1,2008.0,0,2
LSO,Lesotho,2011,Lesotho,0.0,0,1,1,2008.0,0,3
LSO,Lesotho,2012,Lesotho,0.0,0,1,1,2008.0,0,4
LSO,Lesotho,2013,Lesotho,0.07,1,1,1,2013.0,0,0
LSO,Lesotho,2014,Lesotho,0.22,1,1,1,2014.0,0,0
LSO,Lesotho,2015,Lesotho,0.13,1,1,1,2015.0,0,0
LSO,Lesotho,2016,Lesotho,0.38,1,1,1,2016.0,0,0
LSO,Lesotho,2017,Lesotho,0.18,1,1,1,2017.0,0,0
LSO,Lesotho,2018,Lesotho,1.53,1,1,1,2018.0,0,0
LSO,Lesotho,2019,Lesotho,0.3,1,1,1,2019.0,0,0
LSO,Lesotho,2020,Lesotho,4.66,1,1,1,2020.0,0,0
LSO,Lesotho,2021,Lesotho,9.77,1,1,1,2021.0,0,0
LSO,Lesotho,2022,Lesotho,12.66,1,1,1,2022.0,0,0
LSO,Lesotho,2023,Lesotho,13.0,1,1,1,2023.0,0,0
LSO,Lesotho,2024,Lesotho,13.0,1,1,1,2024.0,0,0
LTU,Lithuania,1960,Lithuania,0.0,0,0,0,,1,1
LTU,Lithuania,1961,Lithuania,0.0,0,0,0,,1,2
LTU,Lithuania,1962,Lithuania,0.0,0,0,0,,1,3
LTU,Lithuania,1963,Lithuania,0.0,0,0,0,,1,4
LTU,Lithuania,1964,Lithuania,0.0,0,0,0,,1,5
LTU,Lithuania,1965,Lithuania,0.0,0,0,0,,1,6
LTU,Lithuania,1966,Lithuania,0.0,0,0,0,,1,7
LTU,Lithuania,1967,Lithuania,0.0,0,0,0,,1,8
LTU,Lithuania,1968,Lithuania,0.0,0,0,0,,1,9
LTU,Lithuania,1969,Lithuania,0.0,0,0,0,,1,10
LTU,Lithuania,1970,Lithuania,0.0,0,0,0,,1,11
LTU,Lithuania,1971,Lithuania,0.0,0,0,0,,1,12
LTU,Lithuania,1972,Lithuania,0.0,0,0,0,,1,13
LTU,Lithuania,1973,Lithuania,0.0,0,0,0,,1,14
LTU,Lithuania,1974,Lithuania,0.0,0,0,0,,1,15
LTU,Lithuania,1975,Lithuania,0.0,0,0,0,,1,16
LTU,Lithuania,1976,Lithuania,0.0,0,0,0,,1,17
LTU,Lithuania,1977,Lithuania,0.0,0,0,0,,1,18
LTU,Lithuania,1978,Lithuania,0.0,0,0,0,,1,19
LTU,Lithuania,1979,Lithuania,0.0,0,0,0,,1,20
LTU,Lithuania,1980,Lithuania,0.0,0,0,0,,1,21
LTU,Lithuania,1981,Lithuania,0.0,0,0,0,,1,22
LTU,Lithuania,1982,Lithuania,0.0,0,0,0,,1,23
LTU,Lithuania,1983,Lithuania,0.0,0,0,0,,1,24
LTU,Lithuania,1984,Lithuania,0.0,0,0,0,,1,25
LTU,Lithuania,1985,Lithuania,0.0,0,0,0,,1,26
LTU,Lithuania,1986,Lithuania,0.0,0,0,0,,1,27
LTU,Lithuania,1987,Lithuania,0.0,0,0,0,,1,28
LTU,Lithuania,1988,Lithuania,0.0,0,0,0,,1,29
LTU,Lithuania,1989,Lithuania,0.0,0,0,0,,1,30
LTU,Lithuania,1990,Lithuania,0.0,0,0,0,,1,31
LTU,Lithuania,1991,Lithuania,0.0,0,0,0,,1,32
LTU,Lithuania,1992,Lithuania,0.0,0,0,0,,1,33
LTU,Lithuania,1993,Lithuania,63.8,1,0,0,1993.0,0,0
LTU,Lithuania,1994,Lithuania,0.0,0,1,1,1993.0,0,1
LTU,Lithuania,1995,Lithuania,0.0,0,1,1,1993.0,0,2
LTU,Lithuania,1996,Lithuania,0.0,0,1,1,1993.0,0,3
LTU,Lithuania,1997,Lithuania,0.0,0,1,1,1993.0,0,4
LTU,Lithuania,1998,Lithuania,0.0,0,1,1,1993.0,0,5
LTU,Lithuania,1999,Lithuania,0.0,0,0,1,1993.0,0,6
LTU,Lithuania,2000,Lithuania,0.0,0,0,1,1993.0,0,7
LTU,Lithuania,2001,Lithuania,0.0,0,0,1,1993.0,0,8
LTU,Lithuania,2002,Lithuania,0.0,0,0,1,1993.0,0,9
LTU,Lithuania,2003,Lithuania,0.0,0,0,1,1993.0,0,10
LTU,Lithuania,2004,Lithuania,0.0,0,0,0,1993.0,0,11
LTU,Lithuania,2005,Lithuania,0.0,0,0,0,1993.0,0,12
LTU,Lithuania,2006,Lithuania,0.0,0,0,0,1993.0,0,13
LTU,Lithuania,2007,Lithuania,0.0,0,0,0,1993.0,0,14
LTU,Lithuania,2008,Lithuania,0.0,0,0,0,1993.0,0,15
LTU,Lithuania,2009,Lithuania,0.0,0,0,0,1993.0,0,16
LTU,Lithuania,2010,Lithuania,0.0,0,0,0,1993.0,0,17
LTU,Lithuania,2011,Lithuania,0.0,0,0,0,1993.0,0,18
LTU,Lithuania,2012,Lithuania,0.0,0,0,0,1993.0,0,19
LTU,Lithuania,2013,Lithuania,0.0,0,0,0,1993.0,0,20
LTU,Lithuania,2014,Lithuania,0.0,0,0,0,1993.0,0,21
LTU,Lithuania,2015,Lithuania,0.0,0,0,0,1993.0,0,22
LTU,Lithuania,2016,Lithuania,0.0,0,0,0,1993.0,0,23
LTU,Lithuania,2017,Lithuania,0.0,0,0,0,1993.0,0,24
LTU,Lithuania,2018,Lithuania,0.0,0,0,0,1993.0,0,25
LTU,Lithuania,2019,Lithuania,0.0,0,0,0,1993.0,0,26
LTU,Lithuania,2020,Lithuania,0.0,0,0,0,1993.0,0,27
LTU,Lithuania,2021,Lithuania,0.0,0,0,0,1993.0,0,28
LTU,Lithuania,2022,Lithuania,0.0,0,0,0,1993.0,0,29
LTU,Lithuania,2023,Lithuania,0.0,0,0,0,1993.0,0,30
LTU,Lithuania,2024,Lithuania,0.0,0,0,0,1993.0,0,31
LUX,Luxembourg,1960,,0.0,0,0,0,,1,1
LUX,Luxembourg,1961,,0.0,0,0,0,,1,2
LUX,Luxembourg,1962,,0.0,0,0,0,,1,3
LUX,Luxembourg,1963,,0.0,0,0,0,,1,4
LUX,Luxembourg,1964,,0.0,0,0,0,,1,5
LUX,Luxembourg,1965,,0.0,0,0,0,,1,6
LUX,Luxembourg,1966,,0.0,0,0,0,,1,7
LUX,Luxembourg,1967,,0.0,0,0,0,,1,8
LUX,Luxembourg,1968,,0.0,0,0,0,,1,9
LUX,Luxembourg,1969,,0.0,0,0,0,,1,10
LUX,Luxembourg,1970,,0.0,0,0,0,,1,11
LUX,Luxembourg,1971,,0.0,0,0,0,,1,12
LUX,Luxembourg,1972,,0.0,0,0,0,,1,13
LUX,Luxembourg,1973,,0.0,0,0,0,,1,14
LUX,Luxembourg,1974,,0.0,0,0,0,,1,15
LUX,Luxembourg,1975,,0.0,0,0,0,,1,16
LUX,Luxembourg,1976,,0.0,0,0,0,,1,17
LUX,Luxembourg,1977,,0.0,0,0,0,,1,18
LUX,Luxembourg,1978,,0.0,0,0,0,,1,19
LUX,Luxembourg,1979,,0.0,0,0,0,,1,20
LUX,Luxembourg,1980,,0.0,0,0,0,,1,21
LUX,Luxembourg,1981,,0.0,0,0,0,,1,22
LUX,Luxembourg,1982,,0.0,0,0,0,,1,23
LUX,Luxembourg,1983,,0.0,0,0,0,,1,24
LUX,Luxembourg,1984,,0.0,0,0,0,,1,25
LUX,Luxembourg,1985,,0.0,0,0,0,,1,26
LUX,Luxembourg,1986,,0.0,0,0,0,,1,27
LUX,Luxembourg,1987,,0.0,0,0,0,,1,28
LUX,Luxembourg,1988,,0.0,0,0,0,,1,29
LUX,Luxembourg,1989,,0.0,0,0,0,,1,30
LUX,Luxembourg,1990,,0.0,0,0,0,,1,31
LUX,Luxembourg,1991,,0.0,0,0,0,,1,32
LUX,Luxembourg,1992,,0.0,0,0,0,,1,33
LUX,Luxembourg,1993,,0.0,0,0,0,,1,34
LUX,Luxembourg,1994,,0.0,0,0,0,,1,35
LUX,Luxembourg,1995,,0.0,0,0,0,,1,36
LUX,Luxembourg,1996,,0.0,0,0,0,,1,37
LUX,Luxembourg,1997,,0.0,0,0,0,,1,38
LUX,Luxembourg,1998,,0.0,0,0,0,,1,39
LUX,Luxembourg,1999,,0.0,0,0,0,,1,40
LUX,Luxembourg,2000,,0.0,0,0,0,,1,41
LUX,Luxembourg,2001,,0.0,0,0,0,,1,42
LUX,Luxembourg,2002,,0.0,0,0,0,,1,43
LUX,Luxembourg,2003,,0.0,0,0,0,,1,44
LUX,Luxembourg,2004,,0.0,0,0,0,,1,45
LUX,Luxembourg,2005,,0.0,0,0,0,,1,46
LUX,Luxembourg,2006,,0.0,0,0,0,,1,47
LUX,Luxembourg,2007,,0.0,0,0,0,,1,48
LUX,Luxembourg,2008,,0.0,0,0,0,,1,49
LUX,Luxembourg,2009,,0.0,0,0,0,,1,50
LUX,Luxembourg,2010,,0.0,0,0,0,,1,51
LUX,Luxembourg,2011,,0.0,0,0,0,,1,52
LUX,Luxembourg,2012,,0.0,0,0,0,,1,53
LUX,Luxembourg,2013,,0.0,0,0,0,,1,54
LUX,Luxembourg,2014,,0.0,0,0,0,,1,55
LUX,Luxembourg,2015,,0.0,0,0,0,,1,56
LUX,Luxembourg,2016,,0.0,0,0,0,,1,57
LUX,Luxembourg,2017,,0.0,0,0,0,,1,58
LUX,Luxembourg,2018,,0.0,0,0,0,,1,59
LUX,Luxembourg,2019,,0.0,0,0,0,,1,60
LUX,Luxembourg,2020,,0.0,0,0,0,,1,61
LUX,Luxembourg,2021,,0.0,0,0,0,,1,62
LUX,Luxembourg,2022,,0.0,0,0,0,,1,63
LUX,Luxembourg,2023,,0.0,0,0,0,,1,64
LUX,Luxembourg,2024,,0.0,0,0,0,,1,65
LVA,Latvia,1960,Latvia,0.0,0,0,0,,1,1
LVA,Latvia,1961,Latvia,0.0,0,0,0,,1,2
LVA,Latvia,1962,Latvia,0.0,0,0,0,,1,3
LVA,Latvia,1963,Latvia,0.0,0,0,0,,1,4
LVA,Latvia,1964,Latvia,0.0,0,0,0,,1,5
LVA,Latvia,1965,Latvia,0.0,0,0,0,,1,6
LVA,Latvia,1966,Latvia,0.0,0,0,0,,1,7
LVA,Latvia,1967,Latvia,0.0,0,0,0,,1,8
LVA,Latvia,1968,Latvia,0.0,0,0,0,,1,9
LVA,Latvia,1969,Latvia,0.0,0,0,0,,1,10
LVA,Latvia,1970,Latvia,0.0,0,0,0,,1,11
LVA,Latvia,1971,Latvia,0.0,0,0,0,,1,12
LVA,Latvia,1972,Latvia,0.0,0,0,0,,1,13
LVA,Latvia,1973,Latvia,0.0,0,0,0,,1,14
LVA,Latvia,1974,Latvia,0.0,0,0,0,,1,15
LVA,Latvia,1975,Latvia,0.0,0,0,0,,1,16
LVA,Latvia,1976,Latvia,0.0,0,0,0,,1,17
LVA,Latvia,1977,Latvia,0.0,0,0,0,,1,18
LVA,Latvia,1978,Latvia,0.0,0,0,0,,1,19
LVA,Latvia,1979,Latvia,0.0,0,0,0,,1,20
LVA,Latvia,1980,Latvia,0.0,0,0,0,,1,21
LVA,Latvia,1981,Latvia,0.0,0,0,0,,1,22
LVA,Latvia,1982,Latvia,0.0,0,0,0,,1,23
LVA,Latvia,1983,Latvia,0.0,0,0,0,,1,24
LVA,Latvia,1984,Latvia,0.0,0,0,0,,1,25
LVA,Latvia,1985,Latvia,0.0,0,0,0,,1,26
LVA,Latvia,1986,Latvia,0.0,0,0,0,,1,27
LVA,Latvia,1987,Latvia,0.0,0,0,0,,1,28
LVA,Latvia,1988,Latvia,0.0,0,0,0,,1,29
LVA,Latvia,1989,Latvia,0.0,0,0,0,,1,30
LVA,Latvia,1990,Latvia,0.0,0,0,0,,1,31
LVA,Latvia,1991,Latvia,0.0,0,0,0,,1,32
LVA,Latvia,1992,Latvia,0.0,0,0,0,,1,33
LVA,Latvia,1993,Latvia,0.0,0,0,0,,1,34
LVA,Latvia,1994,Latvia,0.0,0,0,0,,1,35
LVA,Latvia,1995,Latvia,0.0,0,0,0,,1,36
LVA,Latvia,1996,Latvia,0.0,0,0,0,,1,37
LVA,Latvia,1997,Latvia,0.0,0,0,0,,1,38
LVA,Latvia,1998,Latvia,0.0,0,0,0,,1,39
LVA,Latvia,1999,Latvia,0.0,0,0,0,,1,40
LVA,Latvia,2000,Latvia,0.0,0,0,0,,1,41
LVA,Latvia,2001,Latvia,0.0,0,0,0,,1,42
LVA,Latvia,2002,Latvia,0.0,0,0,0,,1,43
LVA,Latvia,2003,Latvia,0.0,0,0,0,,1,44
LVA,Latvia,2004,Latvia,0.0,0,0,0,,1,45
LVA,Latvia,2005,Latvia,0.0,0,0,0,,1,46
LVA,Latvia,2006,Latvia,0.0,0,0,0,,1,47
LVA,Latvia,2007,Latvia,0.0,0,0,0,,1,48
LVA,Latvia,2008,Latvia,0.0,0,0,0,,1,49
LVA,Latvia,2009,Latvia,11.44,1,0,0,2009.0,0,0
LVA,Latvia,2010,Latvia,0.0,0,1,1,2009.0,0,1
LVA,Latvia,2011,Latvia,0.0,0,1,1,2009.0,0,2
LVA,Latvia,2012,Latvia,0.0,0,1,1,2009.0,0,3
LVA,Latvia,2013,Latvia,0.0,0,1,1,2009.0,0,4
LVA,Latvia,2014,Latvia,0.0,0,1,1,2009.0,0,5
LVA,Latvia,2015,Latvia,0.0,0,0,1,2009.0,0,6
LVA,Latvia,2016,Latvia,0.0,0,0,1,2009.0,0,7
LVA,Latvia,2017,Latvia,0.0,0,0,1,2009.0,0,8
LVA,Latvia,2018,Latvia,0.0,0,0,1,2009.0,0,9
LVA,Latvia,2019,Latvia,0.0,0,0,1,2009.0,0,10
LVA,Latvia,2020,Latvia,0.0,0,0,0,2009.0,0,11
LVA,Latvia,2021,Latvia,0.0,0,0,0,2009.0,0,12
LVA,Latvia,2022,Latvia,0.0,0,0,0,2009.0,0,13
LVA,Latvia,2023,Latvia,0.0,0,0,0,2009.0,0,14
LVA,Latvia,2024,Latvia,0.0,0,0,0,2009.0,0,15
MAC,"Macao SAR, China",1960,,0.0,0,0,0,,1,1
MAC,"Macao SAR, China",1961,,0.0,0,0,0,,1,2
MAC,"Macao SAR, China",1962,,0.0,0,0,0,,1,3
MAC,"Macao SAR, China",1963,,0.0,0,0,0,,1,4
MAC,"Macao SAR, China",1964,,0.0,0,0,0,,1,5
MAC,"Macao SAR, China",1965,,0.0,0,0,0,,1,6
MAC,"Macao SAR, China",1966,,0.0,0,0,0,,1,7
MAC,"Macao SAR, China",1967,,0.0,0,0,0,,1,8
MAC,"Macao SAR, China",1968,,0.0,0,0,0,,1,9
MAC,"Macao SAR, China",1969,,0.0,0,0,0,,1,10
MAC,"Macao SAR, China",1970,,0.0,0,0,0,,1,11
MAC,"Macao SAR, China",1971,,0.0,0,0,0,,1,12
MAC,"Macao SAR, China",1972,,0.0,0,0,0,,1,13
MAC,"Macao SAR, China",1973,,0.0,0,0,0,,1,14
MAC,"Macao SAR, China",1974,,0.0,0,0,0,,1,15
MAC,"Macao SAR, China",1975,,0.0,0,0,0,,1,16
MAC,"Macao SAR, China",1976,,0.0,0,0,0,,1,17
MAC,"Macao SAR, China",1977,,0.0,0,0,0,,1,18
MAC,"Macao SAR, China",1978,,0.0,0,0,0,,1,19
MAC,"Macao SAR, China",1979,,0.0,0,0,0,,1,20
MAC,"Macao SAR, China",1980,,0.0,0,0,0,,1,21
MAC,"Macao SAR, China",1981,,0.0,0,0,0,,1,22
MAC,"Macao SAR, China",1982,,0.0,0,0,0,,1,23
MAC,"Macao SAR, China",1983,,0.0,0,0,0,,1,24
MAC,"Macao SAR, China",1984,,0.0,0,0,0,,1,25
MAC,"Macao SAR, China",1985,,0.0,0,0,0,,1,26
MAC,"Macao SAR, China",1986,,0.0,0,0,0,,1,27
MAC,"Macao SAR, China",1987,,0.0,0,0,0,,1,28
MAC,"Macao SAR, China",1988,,0.0,0,0,0,,1,29
MAC,"Macao SAR, China",1989,,0.0,0,0,0,,1,30
MAC,"Macao SAR, China",1990,,0.0,0,0,0,,1,31
MAC,"Macao SAR, China",1991,,0.0,0,0,0,,1,32
MAC,"Macao SAR, China",1992,,0.0,0,0,0,,1,33
MAC,"Macao SAR, China",1993,,0.0,0,0,0,,1,34
MAC,"Macao SAR, China",1994,,0.0,0,0,0,,1,35
MAC,"Macao SAR, China",1995,,0.0,0,0,0,,1,36
MAC,"Macao SAR, China",1996,,0.0,0,0,0,,1,37
MAC,"Macao SAR, China",1997,,0.0,0,0,0,,1,38
MAC,"Macao SAR, China",1998,,0.0,0,0,0,,1,39
MAC,"Macao SAR, China",1999,,0.0,0,0,0,,1,40
MAC,"Macao SAR, China",2000,,0.0,0,0,0,,1,41
MAC,"Macao SAR, China",2001,,0.0,0,0,0,,1,42
MAC,"Macao SAR, China",2002,,0.0,0,0,0,,1,43
MAC,"Macao SAR, China",2003,,0.0,0,0,0,,1,44
MAC,"Macao SAR, China",2004,,0.0,0,0,0,,1,45
MAC,"Macao SAR, China",2005,,0.0,0,0,0,,1,46
MAC,"Macao SAR, China",2006,,0.0,0,0,0,,1,47
MAC,"Macao SAR, China",2007,,0.0,0,0,0,,1,48
MAC,"Macao SAR, China",2008,,0.0,0,0,0,,1,49
MAC,"Macao SAR, China",2009,,0.0,0,0,0,,1,50
MAC,"Macao SAR, China",2010,,0.0,0,0,0,,1,51
MAC,"Macao SAR, China",2011,,0.0,0,0,0,,1,52
MAC,"Macao SAR, China",2012,,0.0,0,0,0,,1,53
MAC,"Macao SAR, China",2013,,0.0,0,0,0,,1,54
MAC,"Macao SAR, China",2014,,0.0,0,0,0,,1,55
MAC,"Macao SAR, China",2015,,0.0,0,0,0,,1,56
MAC,"Macao SAR, China",2016,,0.0,0,0,0,,1,57
MAC,"Macao SAR, China",2017,,0.0,0,0,0,,1,58
MAC,"Macao SAR, China",2018,,0.0,0,0,0,,1,59
MAC,"Macao SAR, China",2019,,0.0,0,0,0,,1,60
MAC,"Macao SAR, China",2020,,0.0,0,0,0,,1,61
MAC,"Macao SAR, China",2021,,0.0,0,0,0,,1,62
MAC,"Macao SAR, China",2022,,0.0,0,0,0,,1,63
MAC,"Macao SAR, China",2023,,0.0,0,0,0,,1,64
MAC,"Macao SAR, China",2024,,0.0,0,0,0,,1,65
MAF,St. Martin (French part),1960,,0.0,0,0,0,,1,1
MAF,St. Martin (French part),1961,,0.0,0,0,0,,1,2
MAF,St. Martin (French part),1962,,0.0,0,0,0,,1,3
MAF,St. Martin (French part),1963,,0.0,0,0,0,,1,4
MAF,St. Martin (French part),1964,,0.0,0,0,0,,1,5
MAF,St. Martin (French part),1965,,0.0,0,0,0,,1,6
MAF,St. Martin (French part),1966,,0.0,0,0,0,,1,7
MAF,St. Martin (French part),1967,,0.0,0,0,0,,1,8
MAF,St. Martin (French part),1968,,0.0,0,0,0,,1,9
MAF,St. Martin (French part),1969,,0.0,0,0,0,,1,10
MAF,St. Martin (French part),1970,,0.0,0,0,0,,1,11
MAF,St. Martin (French part),1971,,0.0,0,0,0,,1,12
MAF,St. Martin (French part),1972,,0.0,0,0,0,,1,13
MAF,St. Martin (French part),1973,,0.0,0,0,0,,1,14
MAF,St. Martin (French part),1974,,0.0,0,0,0,,1,15
MAF,St. Martin (French part),1975,,0.0,0,0,0,,1,16
MAF,St. Martin (French part),1976,,0.0,0,0,0,,1,17
MAF,St. Martin (French part),1977,,0.0,0,0,0,,1,18
MAF,St. Martin (French part),1978,,0.0,0,0,0,,1,19
MAF,St. Martin (French part),1979,,0.0,0,0,0,,1,20
MAF,St. Martin (French part),1980,,0.0,0,0,0,,1,21
MAF,St. Martin (French part),1981,,0.0,0,0,0,,1,22
MAF,St. Martin (French part),1982,,0.0,0,0,0,,1,23
MAF,St. Martin (French part),1983,,0.0,0,0,0,,1,24
MAF,St. Martin (French part),1984,,0.0,0,0,0,,1,25
MAF,St. Martin (French part),1985,,0.0,0,0,0,,1,26
MAF,St. Martin (French part),1986,,0.0,0,0,0,,1,27
MAF,St. Martin (French part),1987,,0.0,0,0,0,,1,28
MAF,St. Martin (French part),1988,,0.0,0,0,0,,1,29
MAF,St. Martin (French part),1989,,0.0,0,0,0,,1,30
MAF,St. Martin (French part),1990,,0.0,0,0,0,,1,31
MAF,St. Martin (French part),1991,,0.0,0,0,0,,1,32
MAF,St. Martin (French part),1992,,0.0,0,0,0,,1,33
MAF,St. Martin (French part),1993,,0.0,0,0,0,,1,34
MAF,St. Martin (French part),1994,,0.0,0,0,0,,1,35
MAF,St. Martin (French part),1995,,0.0,0,0,0,,1,36
MAF,St. Martin (French part),1996,,0.0,0,0,0,,1,37
MAF,St. Martin (French part),1997,,0.0,0,0,0,,1,38
MAF,St. Martin (French part),1998,,0.0,0,0,0,,1,39
MAF,St. Martin (French part),1999,,0.0,0,0,0,,1,40
MAF,St. Martin (French part),2000,,0.0,0,0,0,,1,41
MAF,St. Martin (French part),2001,,0.0,0,0,0,,1,42
MAF,St. Martin (French part),2002,,0.0,0,0,0,,1,43
MAF,St. Martin (French part),2003,,0.0,0,0,0,,1,44
MAF,St. Martin (French part),2004,,0.0,0,0,0,,1,45
MAF,St. Martin (French part),2005,,0.0,0,0,0,,1,46
MAF,St. Martin (French part),2006,,0.0,0,0,0,,1,47
MAF,St. Martin (French part),2007,,0.0,0,0,0,,1,48
MAF,St. Martin (French part),2008,,0.0,0,0,0,,1,49
MAF,St. Martin (French part),2009,,0.0,0,0,0,,1,50
MAF,St. Martin (French part),2010,,0.0,0,0,0,,1,51
MAF,St. Martin (French part),2011,,0.0,0,0,0,,1,52
MAF,St. Martin (French part),2012,,0.0,0,0,0,,1,53
MAF,St. Martin (French part),2013,,0.0,0,0,0,,1,54
MAF,St. Martin (French part),2014,,0.0,0,0,0,,1,55
MAF,St. Martin (French part),2015,,0.0,0,0,0,,1,56
MAF,St. Martin (French part),2016,,0.0,0,0,0,,1,57
MAF,St. Martin (French part),2017,,0.0,0,0,0,,1,58
MAF,St. Martin (French part),2018,,0.0,0,0,0,,1,59
MAF,St. Martin (French part),2019,,0.0,0,0,0,,1,60
MAF,St. Martin (French part),2020,,0.0,0,0,0,,1,61
MAF,St. Martin (French part),2021,,0.0,0,0,0,,1,62
MAF,St. Martin (French part),2022,,0.0,0,0,0,,1,63
MAF,St. Martin (French part),2023,,0.0,0,0,0,,1,64
MAF,St. Martin (French part),2024,,0.0,0,0,0,,1,65
MAR,Morocco,1960,Morocco,0.0,0,0,0,,1,1
MAR,Morocco,1961,Morocco,0.0,0,0,0,,1,2
MAR,Morocco,1962,Morocco,0.0,0,0,0,,1,3
MAR,Morocco,1963,Morocco,0.0,0,0,0,,1,4
MAR,Morocco,1964,Morocco,0.0,0,0,0,,1,5
MAR,Morocco,1965,Morocco,0.0,0,0,0,,1,6
MAR,Morocco,1966,Morocco,0.0,0,0,0,,1,7
MAR,Morocco,1967,Morocco,0.0,0,0,0,,1,8
MAR,Morocco,1968,Morocco,0.0,0,0,0,,1,9
MAR,Morocco,1969,Morocco,0.0,0,0,0,,1,10
MAR,Morocco,1970,Morocco,0.02,1,0,0,1970.0,0,0
MAR,Morocco,1971,Morocco,0.0,0,1,1,1970.0,0,1
MAR,Morocco,1972,Morocco,0.13,1,1,1,1972.0,0,0
MAR,Morocco,1973,Morocco,0.15,1,1,1,1973.0,0,0
MAR,Morocco,1974,Morocco,0.35,1,1,1,1974.0,0,0
MAR,Morocco,1975,Morocco,0.24,1,1,1,1975.0,0,0
MAR,Morocco,1976,Morocco,0.99,1,1,1,1976.0,0,0
MAR,Morocco,1977,Morocco,0.23,1,1,1,1977.0,0,0
MAR,Morocco,1978,Morocco,0.53,1,1,1,1978.0,0,0
MAR,Morocco,1979,Morocco,0.26,1,1,1,1979.0,0,0
MAR,Morocco,1980,Morocco,5.38,1,1,1,1980.0,0,0
MAR,Morocco,1981,Morocco,51.47,1,1,1,1981.0,0,0
MAR,Morocco,1982,Morocco,27.38,1,1,1,1982.0,0,0
MAR,Morocco,1983,Morocco,1277.71,1,1,1,1983.0,0,0
MAR,Morocco,1984,Morocco,1638.37,1,1,1,1984.0,0,0
MAR,Morocco,1985,Morocco,1265.68,1,1,1,1985.0,0,0
MAR,Morocco,1986,Morocco,1489.01,1,1,1,1986.0,0,0
MAR,Morocco,1987,Morocco,3879.15,1,1,1,1987.0,0,0
MAR,Morocco,1988,Morocco,940.0,1,1,1,1988.0,0,0
MAR,Morocco,1989,Morocco,1668.48,1,1,1,1989.0,0,0
MAR,Morocco,1990,Morocco,6349.64,1,1,1,1990.0,0,0
MAR,Morocco,1991,Morocco,3954.76,1,1,1,1991.0,0,0
MAR,Morocco,1992,Morocco,1546.15,1,1,1,1992.0,0,0
MAR,Morocco,1993,Morocco,247.24,1,1,1,1993.0,0,0
MAR,Morocco,1994,Morocco,231.41,1,1,1,1994.0,0,0
MAR,Morocco,1995,Morocco,230.32,1,1,1,1995.0,0,0
MAR,Morocco,1996,Morocco,277.51,1,1,1,1996.0,0,0
MAR,Morocco,1997,Morocco,315.9,1,1,1,1997.0,0,0
MAR,Morocco,1998,Morocco,333.36,1,1,1,1998.0,0,0
MAR,Morocco,1999,Morocco,552.37,1,1,1,1999.0,0,0
MAR,Morocco,2000,Morocco,774.36,1,1,1,2000.0,0,0
MAR,Morocco,2001,Morocco,657.22,1,1,1,2001.0,0,0
MAR,Morocco,2002,Morocco,654.66,1,1,1,2002.0,0,0
MAR,Morocco,2003,Morocco,19.37,1,1,1,2003.0,0,0
MAR,Morocco,2004,Morocco,22.58,1,1,1,2004.0,0,0
MAR,Morocco,2005,Morocco,3.36,1,1,1,2005.0,0,0
MAR,Morocco,2006,Morocco,3.62,1,1,1,2006.0,0,0
MAR,Morocco,2007,Morocco,1.82,1,1,1,2007.0,0,0
MAR,Morocco,2008,Morocco,0.81,1,1,1,2008.0,0,0
MAR,Morocco,2009,Morocco,0.0,0,1,1,2008.0,0,1
MAR,Morocco,2010,Morocco,0.0,0,1,1,2008.0,0,2
MAR,Morocco,2011,Morocco,0.0,0,1,1,2008.0,0,3
MAR,Morocco,2012,Morocco,0.0,0,1,1,2008.0,0,4
MAR,Morocco,2013,Morocco,0.0,0,1,1,2008.0,0,5
MAR,Morocco,2014,Morocco,0.0,0,0,1,2008.0,0,6
MAR,Morocco,2015,Morocco,0.0,0,0,1,2008.0,0,7
MAR,Morocco,2016,Morocco,0.0,0,0,1,2008.0,0,8
MAR,Morocco,2017,Morocco,0.01,1,0,1,2017.0,0,0
MAR,Morocco,2018,Morocco,0.01,1,1,1,2018.0,0,0
MAR,Morocco,2019,Morocco,0.06,1,1,1,2019.0,0,0
MAR,Morocco,2020,Morocco,20.8,1,1,1,2020.0,0,0
MAR,Morocco,2021,Morocco,11.72,1,1,1,2021.0,0,0
MAR,Morocco,2022,Morocco,0.15,1,1,1,2022.0,0,0
MAR,Morocco,2023,Morocco,0.05,1,1,1,2023.0,0,0
MAR,Morocco,2024,Morocco,0.05,1,1,1,2024.0,0,0
MCO,Monaco,1960,,0.0,0,0,0,,1,1
MCO,Monaco,1961,,0.0,0,0,0,,1,2
MCO,Monaco,1962,,0.0,0,0,0,,1,3
MCO,Monaco,1963,,0.0,0,0,0,,1,4
MCO,Monaco,1964,,0.0,0,0,0,,1,5
MCO,Monaco,1965,,0.0,0,0,0,,1,6
MCO,Monaco,1966,,0.0,0,0,0,,1,7
MCO,Monaco,1967,,0.0,0,0,0,,1,8
MCO,Monaco,1968,,0.0,0,0,0,,1,9
MCO,Monaco,1969,,0.0,0,0,0,,1,10
MCO,Monaco,1970,,0.0,0,0,0,,1,11
MCO,Monaco,1971,,0.0,0,0,0,,1,12
MCO,Monaco,1972,,0.0,0,0,0,,1,13
MCO,Monaco,1973,,0.0,0,0,0,,1,14
MCO,Monaco,1974,,0.0,0,0,0,,1,15
MCO,Monaco,1975,,0.0,0,0,0,,1,16
MCO,Monaco,1976,,0.0,0,0,0,,1,17
MCO,Monaco,1977,,0.0,0,0,0,,1,18
MCO,Monaco,1978,,0.0,0,0,0,,1,19
MCO,Monaco,1979,,0.0,0,0,0,,1,20
MCO,Monaco,1980,,0.0,0,0,0,,1,21
MCO,Monaco,1981,,0.0,0,0,0,,1,22
MCO,Monaco,1982,,0.0,0,0,0,,1,23
MCO,Monaco,1983,,0.0,0,0,0,,1,24
MCO,Monaco,1984,,0.0,0,0,0,,1,25
MCO,Monaco,1985,,0.0,0,0,0,,1,26
MCO,Monaco,1986,,0.0,0,0,0,,1,27
MCO,Monaco,1987,,0.0,0,0,0,,1,28
MCO,Monaco,1988,,0.0,0,0,0,,1,29
MCO,Monaco,1989,,0.0,0,0,0,,1,30
MCO,Monaco,1990,,0.0,0,0,0,,1,31
MCO,Monaco,1991,,0.0,0,0,0,,1,32
MCO,Monaco,1992,,0.0,0,0,0,,1,33
MCO,Monaco,1993,,0.0,0,0,0,,1,34
MCO,Monaco,1994,,0.0,0,0,0,,1,35
MCO,Monaco,1995,,0.0,0,0,0,,1,36
MCO,Monaco,1996,,0.0,0,0,0,,1,37
MCO,Monaco,1997,,0.0,0,0,0,,1,38
MCO,Monaco,1998,,0.0,0,0,0,,1,39
MCO,Monaco,1999,,0.0,0,0,0,,1,40
MCO,Monaco,2000,,0.0,0,0,0,,1,41
MCO,Monaco,2001,,0.0,0,0,0,,1,42
MCO,Monaco,2002,,0.0,0,0,0,,1,43
MCO,Monaco,2003,,0.0,0,0,0,,1,44
MCO,Monaco,2004,,0.0,0,0,0,,1,45
MCO,Monaco,2005,,0.0,0,0,0,,1,46
MCO,Monaco,2006,,0.0,0,0,0,,1,47
MCO,Monaco,2007,,0.0,0,0,0,,1,48
MCO,Monaco,2008,,0.0,0,0,0,,1,49
MCO,Monaco,2009,,0.0,0,0,0,,1,50
MCO,Monaco,2010,,0.0,0,0,0,,1,51
MCO,Monaco,2011,,0.0,0,0,0,,1,52
MCO,Monaco,2012,,0.0,0,0,0,,1,53
MCO,Monaco,2013,,0.0,0,0,0,,1,54
MCO,Monaco,2014,,0.0,0,0,0,,1,55
MCO,Monaco,2015,,0.0,0,0,0,,1,56
MCO,Monaco,2016,,0.0,0,0,0,,1,57
MCO,Monaco,2017,,0.0,0,0,0,,1,58
MCO,Monaco,2018,,0.0,0,0,0,,1,59
MCO,Monaco,2019,,0.0,0,0,0,,1,60
MCO,Monaco,2020,,0.0,0,0,0,,1,61
MCO,Monaco,2021,,0.0,0,0,0,,1,62
MCO,Monaco,2022,,0.0,0,0,0,,1,63
MCO,Monaco,2023,,0.0,0,0,0,,1,64
MCO,Monaco,2024,,0.0,0,0,0,,1,65
MDA,Moldova,1960,Moldova,0.0,0,0,0,,1,1
MDA,Moldova,1961,Moldova,0.0,0,0,0,,1,2
MDA,Moldova,1962,Moldova,0.0,0,0,0,,1,3
MDA,Moldova,1963,Moldova,0.0,0,0,0,,1,4
MDA,Moldova,1964,Moldova,0.0,0,0,0,,1,5
MDA,Moldova,1965,Moldova,0.0,0,0,0,,1,6
MDA,Moldova,1966,Moldova,0.0,0,0,0,,1,7
MDA,Moldova,1967,Moldova,0.0,0,0,0,,1,8
MDA,Moldova,1968,Moldova,0.0,0,0,0,,1,9
MDA,Moldova,1969,Moldova,0.0,0,0,0,,1,10
MDA,Moldova,1970,Moldova,0.0,0,0,0,,1,11
MDA,Moldova,1971,Moldova,0.0,0,0,0,,1,12
MDA,Moldova,1972,Moldova,0.0,0,0,0,,1,13
MDA,Moldova,1973,Moldova,0.0,0,0,0,,1,14
MDA,Moldova,1974,Moldova,0.0,0,0,0,,1,15
MDA,Moldova,1975,Moldova,0.0,0,0,0,,1,16
MDA,Moldova,1976,Moldova,0.0,0,0,0,,1,17
MDA,Moldova,1977,Moldova,0.0,0,0,0,,1,18
MDA,Moldova,1978,Moldova,0.0,0,0,0,,1,19
MDA,Moldova,1979,Moldova,0.0,0,0,0,,1,20
MDA,Moldova,1980,Moldova,0.0,0,0,0,,1,21
MDA,Moldova,1981,Moldova,0.0,0,0,0,,1,22
MDA,Moldova,1982,Moldova,0.0,0,0,0,,1,23
MDA,Moldova,1983,Moldova,0.0,0,0,0,,1,24
MDA,Moldova,1984,Moldova,0.0,0,0,0,,1,25
MDA,Moldova,1985,Moldova,0.0,0,0,0,,1,26
MDA,Moldova,1986,Moldova,0.0,0,0,0,,1,27
MDA,Moldova,1987,Moldova,0.0,0,0,0,,1,28
MDA,Moldova,1988,Moldova,0.0,0,0,0,,1,29
MDA,Moldova,1989,Moldova,0.0,0,0,0,,1,30
MDA,Moldova,1990,Moldova,0.0,0,0,0,,1,31
MDA,Moldova,1991,Moldova,0.0,0,0,0,,1,32
MDA,Moldova,1992,Moldova,0.0,0,0,0,,1,33
MDA,Moldova,1993,Moldova,5.87,1,0,0,1993.0,0,0
MDA,Moldova,1994,Moldova,24.99,1,1,1,1994.0,0,0
MDA,Moldova,1995,Moldova,46.75,1,1,1,1995.0,0,0
MDA,Moldova,1996,Moldova,119.64,1,1,1,1996.0,0,0
MDA,Moldova,1997,Moldova,16.12,1,1,1,1997.0,0,0
MDA,Moldova,1998,Moldova,104.63,1,1,1,1998.0,0,0
MDA,Moldova,1999,Moldova,239.37,1,1,1,1999.0,0,0
MDA,Moldova,2000,Moldova,132.74,1,1,1,2000.0,0,0
MDA,Moldova,2001,Moldova,40.5,1,1,1,2001.0,0,0
MDA,Moldova,2002,Moldova,134.31,1,1,1,2002.0,0,0
MDA,Moldova,2003,Moldova,124.69,1,1,1,2003.0,0,0
MDA,Moldova,2004,Moldova,155.79,1,1,1,2004.0,0,0
MDA,Moldova,2005,Moldova,134.01,1,1,1,2005.0,0,0
MDA,Moldova,2006,Moldova,243.23,1,1,1,2006.0,0,0
MDA,Moldova,2007,Moldova,28.33,1,1,1,2007.0,0,0
MDA,Moldova,2008,Moldova,27.91,1,1,1,2008.0,0,0
MDA,Moldova,2009,Moldova,0.0,0,1,1,2008.0,0,1
MDA,Moldova,2010,Moldova,0.0,0,1,1,2008.0,0,2
MDA,Moldova,2011,Moldova,0.0,0,1,1,2008.0,0,3
MDA,Moldova,2012,Moldova,0.0,0,1,1,2008.0,0,4
MDA,Moldova,2013,Moldova,0.0,0,1,1,2008.0,0,5
MDA,Moldova,2014,Moldova,0.0,0,0,1,2008.0,0,6
MDA,Moldova,2015,Moldova,0.0,0,0,1,2008.0,0,7
MDA,Moldova,2016,Moldova,0.0,0,0,1,2008.0,0,8
MDA,Moldova,2017,Moldova,0.0,0,0,1,2008.0,0,9
MDA,Moldova,2018,Moldova,0.0,0,0,1,2008.0,0,10
MDA,Moldova,2019,Moldova,0.0,0,0,0,2008.0,0,11
MDA,Moldova,2020,Moldova,0.0,0,0,0,2008.0,0,12
MDA,Moldova,2021,Moldova,0.0,0,0,0,2008.0,0,13
MDA,Moldova,2022,Moldova,9.0,1,0,0,2022.0,0,0
MDA,Moldova,2023,Moldova,9.0,1,1,1,2023.0,0,0
MDA,Moldova,2024,Moldova,9.0,1,1,1,2024.0,0,0
MDG,Madagascar,1960,Madagascar,0.0,0,0,0,,1,1
MDG,Madagascar,1961,Madagascar,0.0,0,0,0,,1,2
MDG,Madagascar,1962,Madagascar,0.0,0,0,0,,1,3
MDG,Madagascar,1963,Madagascar,0.0,0,0,0,,1,4
MDG,Madagascar,1964,Madagascar,0.0,0,0,0,,1,5
MDG,Madagascar,1965,Madagascar,0.0,0,0,0,,1,6
MDG,Madagascar,1966,Madagascar,0.0,0,0,0,,1,7
MDG,Madagascar,1967,Madagascar,0.0,0,0,0,,1,8
MDG,Madagascar,1968,Madagascar,0.0,0,0,0,,1,9
MDG,Madagascar,1969,Madagascar,0.0,0,0,0,,1,10
MDG,Madagascar,1970,Madagascar,0.0,0,0,0,,1,11
MDG,Madagascar,1971,Madagascar,0.0,0,0,0,,1,12
MDG,Madagascar,1972,Madagascar,0.07,1,0,0,1972.0,0,0
MDG,Madagascar,1973,Madagascar,0.07,1,1,1,1973.0,0,0
MDG,Madagascar,1974,Madagascar,0.51,1,1,1,1974.0,0,0
MDG,Madagascar,1975,Madagascar,0.58,1,1,1,1975.0,0,0
MDG,Madagascar,1976,Madagascar,0.51,1,1,1,1976.0,0,0
MDG,Madagascar,1977,Madagascar,0.69,1,1,1,1977.0,0,0
MDG,Madagascar,1978,Madagascar,0.91,1,1,1,1978.0,0,0
MDG,Madagascar,1979,Madagascar,2.08,1,1,1,1979.0,0,0
MDG,Madagascar,1980,Madagascar,48.57,1,1,1,1980.0,0,0
MDG,Madagascar,1981,Madagascar,279.04,1,1,1,1981.0,0,0
MDG,Madagascar,1982,Madagascar,247.95,1,1,1,1982.0,0,0
MDG,Madagascar,1983,Madagascar,242.47,1,1,1,1983.0,0,0
MDG,Madagascar,1984,Madagascar,377.18,1,1,1,1984.0,0,0
MDG,Madagascar,1985,Madagascar,326.34,1,1,1,1985.0,0,0
MDG,Madagascar,1986,Madagascar,398.35,1,1,1,1986.0,0,0
MDG,Madagascar,1987,Madagascar,359.79,1,1,1,1987.0,0,0
MDG,Madagascar,1988,Madagascar,349.72,1,1,1,1988.0,0,0
MDG,Madagascar,1989,Madagascar,792.52,1,1,1,1989.0,0,0
MDG,Madagascar,1990,Madagascar,660.3,1,1,1,1990.0,0,0
MDG,Madagascar,1991,Madagascar,641.14,1,1,1,1991.0,0,0
MDG,Madagascar,1992,Madagascar,867.11,1,1,1,1992.0,0,0
MDG,Madagascar,1993,Madagascar,1309.29,1,1,1,1993.0,0,0
MDG,Madagascar,1994,Madagascar,1410.29,1,1,1,1994.0,0,0
MDG,Madagascar,1995,Madagascar,1697.03,1,1,1,1995.0,0,0
MDG,Madagascar,1996,Madagascar,1779.39,1,1,1,1996.0,0,0
MDG,Madagascar,1997,Madagascar,1658.52,1,1,1,1997.0,0,0
MDG,Madagascar,1998,Madagascar,816.03,1,1,1,1998.0,0,0
MDG,Madagascar,1999,Madagascar,818.55,1,1,1,1999.0,0,0
MDG,Madagascar,2000,Madagascar,883.57,1,1,1,2000.0,0,0
MDG,Madagascar,2001,Madagascar,912.11,1,1,1,2001.0,0,0
MDG,Madagascar,2002,Madagascar,1225.3,1,1,1,2002.0,0,0
MDG,Madagascar,2003,Madagascar,835.74,1,1,1,2003.0,0,0
MDG,Madagascar,2004,Madagascar,1694.03,1,1,1,2004.0,0,0
MDG,Madagascar,2005,Madagascar,444.23,1,1,1,2005.0,0,0
MDG,Madagascar,2006,Madagascar,2932.85,1,1,1,2006.0,0,0
MDG,Madagascar,2007,Madagascar,533.95,1,1,1,2007.0,0,0
MDG,Madagascar,2008,Madagascar,409.57,1,1,1,2008.0,0,0
MDG,Madagascar,2009,Madagascar,394.68,1,1,1,2009.0,0,0
MDG,Madagascar,2010,Madagascar,393.07,1,1,1,2010.0,0,0
MDG,Madagascar,2011,Madagascar,393.13,1,1,1,2011.0,0,0
MDG,Madagascar,2012,Madagascar,471.54,1,1,1,2012.0,0,0
MDG,Madagascar,2013,Madagascar,341.72,1,1,1,2013.0,0,0
MDG,Madagascar,2014,Madagascar,227.22,1,1,1,2014.0,0,0
MDG,Madagascar,2015,Madagascar,190.53,1,1,1,2015.0,0,0
MDG,Madagascar,2016,Madagascar,18.84,1,1,1,2016.0,0,0
MDG,Madagascar,2017,Madagascar,107.22,1,1,1,2017.0,0,0
MDG,Madagascar,2018,Madagascar,103.89,1,1,1,2018.0,0,0
MDG,Madagascar,2019,Madagascar,103.88,1,1,1,2019.0,0,0
MDG,Madagascar,2020,Madagascar,105.11,1,1,1,2020.0,0,0
MDG,Madagascar,2021,Madagascar,106.31,1,1,1,2021.0,0,0
MDG,Madagascar,2022,Madagascar,103.21,1,1,1,2022.0,0,0
MDG,Madagascar,2023,Madagascar,291.0,1,1,1,2023.0,0,0
MDG,Madagascar,2024,Madagascar,103.0,1,1,1,2024.0,0,0
MDV,Maldives,1960,Maldives,0.0,0,0,0,,1,1
MDV,Maldives,1961,Maldives,0.0,0,0,0,,1,2
MDV,Maldives,1962,Maldives,0.0,0,0,0,,1,3
MDV,Maldives,1963,Maldives,0.0,0,0,0,,1,4
MDV,Maldives,1964,Maldives,0.0,0,0,0,,1,5
MDV,Maldives,1965,Maldives,0.0,0,0,0,,1,6
MDV,Maldives,1966,Maldives,0.0,0,0,0,,1,7
MDV,Maldives,1967,Maldives,0.0,0,0,0,,1,8
MDV,Maldives,1968,Maldives,0.0,0,0,0,,1,9
MDV,Maldives,1969,Maldives,0.0,0,0,0,,1,10
MDV,Maldives,1970,Maldives,0.0,0,0,0,,1,11
MDV,Maldives,1971,Maldives,0.0,0,0,0,,1,12
MDV,Maldives,1972,Maldives,0.0,0,0,0,,1,13
MDV,Maldives,1973,Maldives,0.0,0,0,0,,1,14
MDV,Maldives,1974,Maldives,0.0,0,0,0,,1,15
MDV,Maldives,1975,Maldives,0.0,0,0,0,,1,16
MDV,Maldives,1976,Maldives,0.0,0,0,0,,1,17
MDV,Maldives,1977,Maldives,0.0,0,0,0,,1,18
MDV,Maldives,1978,Maldives,0.01,1,0,0,1978.0,0,0
MDV,Maldives,1979,Maldives,0.02,1,1,1,1979.0,0,0
MDV,Maldives,1980,Maldives,0.0,0,1,1,1979.0,0,1
MDV,Maldives,1981,Maldives,0.0,0,1,1,1979.0,0,2
MDV,Maldives,1982,Maldives,0.0,0,1,1,1979.0,0,3
MDV,Maldives,1983,Maldives,0.0,0,1,1,1979.0,0,4
MDV,Maldives,1984,Maldives,0.0,0,1,1,1979.0,0,5
MDV,Maldives,1985,Maldives,0.0,0,0,1,1979.0,0,6
MDV,Maldives,1986,Maldives,0.0,0,0,1,1979.0,0,7
MDV,Maldives,1987,Maldives,0.0,0,0,1,1979.0,0,8
MDV,Maldives,1988,Maldives,0.0,0,0,1,1979.0,0,9
MDV,Maldives,1989,Maldives,0.0,0,0,1,1979.0,0,10
MDV,Maldives,1990,Maldives,0.0,0,0,0,1979.0,0,11
MDV,Maldives,1991,Maldives,0.0,0,0,0,1979.0,0,12
MDV,Maldives,1992,Maldives,0.0,0,0,0,1979.0,0,13
MDV,Maldives,1993,Maldives,0.0,0,0,0,1979.0,0,14
MDV,Maldives,1994,Maldives,0.0,0,0,0,1979.0,0,15
MDV,Maldives,1995,Maldives,0.0,0,0,0,1979.0,0,16
MDV,Maldives,1996,Maldives,0.0,0,0,0,1979.0,0,17
MDV,Maldives,1997,Maldives,0.0,0,0,0,1979.0,0,18
MDV,Maldives,1998,Maldives,0.0,0,0,0,1979.0,0,19
MDV,Maldives,1999,Maldives,0.0,0,0,0,1979.0,0,20
MDV,Maldives,2000,Maldives,0.0,0,0,0,1979.0,0,21
MDV,Maldives,2001,Maldives,0.0,0,0,0,1979.0,0,22
MDV,Maldives,2002,Maldives,0.0,0,0,0,1979.0,0,23
MDV,Maldives,2003,Maldives,0.0,0,0,0,1979.0,0,24
MDV,Maldives,2004,Maldives,0.55,1,0,0,2004.0,0,0
MDV,Maldives,2005,Maldives,0.31,1,1,1,2005.0,0,0
MDV,Maldives,2006,Maldives,0.2,1,1,1,2006.0,0,0
MDV,Maldives,2007,Maldives,0.0,0,1,1,2006.0,0,1
MDV,Maldives,2008,Maldives,10.21,1,1,1,2008.0,0,0
MDV,Maldives,2009,Maldives,9.77,1,1,1,2009.0,0,0
MDV,Maldives,2010,Maldives,5.12,1,1,1,2010.0,0,0
MDV,Maldives,2011,Maldives,6.45,1,1,1,2011.0,0,0
MDV,Maldives,2012,Maldives,6.62,1,1,1,2012.0,0,0
MDV,Maldives,2013,Maldives,15.72,1,1,1,2013.0,0,0
MDV,Maldives,2014,Maldives,9.56,1,1,1,2014.0,0,0
MDV,Maldives,2015,Maldives,3.29,1,1,1,2015.0,0,0
MDV,Maldives,2016,Maldives,1.76,1,1,1,2016.0,0,0
MDV,Maldives,2017,Maldives,0.51,1,1,1,2017.0,0,0
MDV,Maldives,2018,Maldives,1.62,1,1,1,2018.0,0,0
MDV,Maldives,2019,Maldives,14.07,1,1,1,2019.0,0,0
MDV,Maldives,2020,Maldives,97.43,1,1,1,2020.0,0,0
MDV,Maldives,2021,Maldives,190.82,1,1,1,2021.0,0,0
MDV,Maldives,2022,Maldives,0.0,0,1,1,2021.0,0,1
MDV,Maldives,2023,Maldives,0.0,0,1,1,2021.0,0,2
MDV,Maldives,2024,Maldives,0.0,0,1,1,2021.0,0,3
MEX,Mexico,1960,Mexico,0.0,0,0,0,,1,1
MEX,Mexico,1961,Mexico,0.0,0,0,0,,1,2
MEX,Mexico,1962,Mexico,0.0,0,0,0,,1,3
MEX,Mexico,1963,Mexico,0.0,0,0,0,,1,4
MEX,Mexico,1964,Mexico,0.0,0,0,0,,1,5
MEX,Mexico,1965,Mexico,0.0,0,0,0,,1,6
MEX,Mexico,1966,Mexico,0.0,0,0,0,,1,7
MEX,Mexico,1967,Mexico,0.0,0,0,0,,1,8
MEX,Mexico,1968,Mexico,0.0,0,0,0,,1,9
MEX,Mexico,1969,Mexico,0.0,0,0,0,,1,10
MEX,Mexico,1970,Mexico,0.0,0,0,0,,1,11
MEX,Mexico,1971,Mexico,0.0,0,0,0,,1,12
MEX,Mexico,1972,Mexico,0.0,0,0,0,,1,13
MEX,Mexico,1973,Mexico,0.0,0,0,0,,1,14
MEX,Mexico,1974,Mexico,0.0,0,0,0,,1,15
MEX,Mexico,1975,Mexico,0.0,0,0,0,,1,16
MEX,Mexico,1976,Mexico,0.0,0,0,0,,1,17
MEX,Mexico,1977,Mexico,0.0,0,0,0,,1,18
MEX,Mexico,1978,Mexico,0.6,1,0,0,1978.0,0,0
MEX,Mexico,1979,Mexico,1.9,1,1,1,1979.0,0,0
MEX,Mexico,1980,Mexico,0.0,0,1,1,1979.0,0,1
MEX,Mexico,1981,Mexico,11.3,1,1,1,1981.0,0,0
MEX,Mexico,1982,Mexico,19357.7,1,1,1,1982.0,0,0
MEX,Mexico,1983,Mexico,24667.8,1,1,1,1983.0,0,0
MEX,Mexico,1984,Mexico,19223.9,1,1,1,1984.0,0,0
MEX,Mexico,1985,Mexico,28600.0,1,1,1,1985.0,0,0
MEX,Mexico,1986,Mexico,45500.0,1,1,1,1986.0,0,0
MEX,Mexico,1987,Mexico,52300.0,1,1,1,1987.0,0,0
MEX,Mexico,1988,Mexico,51902.9,1,1,1,1988.0,0,0
MEX,Mexico,1989,Mexico,50635.5,1,1,1,1989.0,0,0
MEX,Mexico,1990,Mexico,54300.0,1,1,1,1990.0,0,0
MEX,Mexico,1991,Mexico,0.0,0,1,1,1990.0,0,1
MEX,Mexico,1992,Mexico,0.0,0,1,1,1990.0,0,2
MEX,Mexico,1993,Mexico,0.0,0,1,1,1990.0,0,3
MEX,Mexico,1994,Mexico,0.0,0,1,1,1990.0,0,4
MEX,Mexico,1995,Mexico,0.0,0,1,1,1990.0,0,5
MEX,Mexico,1996,Mexico,0.0,0,0,1,1990.0,0,6
MEX,Mexico,1997,Mexico,0.0,0,0,1,1990.0,0,7
MEX,Mexico,1998,Mexico,0.0,0,0,1,1990.0,0,8
MEX,Mexico,1999,Mexico,0.0,0,0,1,1990.0,0,9
MEX,Mexico,2000,Mexico,0.0,0,0,1,1990.0,0,10
MEX,Mexico,2001,Mexico,0.0,0,0,0,1990.0,0,11
MEX,Mexico,2002,Mexico,0.0,0,0,0,1990.0,0,12
MEX,Mexico,2003,Mexico,0.0,0,0,0,1990.0,0,13
MEX,Mexico,2004,Mexico,0.0,0,0,0,1990.0,0,14
MEX,Mexico,2005,Mexico,0.0,0,0,0,1990.0,0,15
MEX,Mexico,2006,Mexico,0.0,0,0,0,1990.0,0,16
MEX,Mexico,2007,Mexico,0.0,0,0,0,1990.0,0,17
MEX,Mexico,2008,Mexico,0.0,0,0,0,1990.0,0,18
MEX,Mexico,2009,Mexico,0.0,0,0,0,1990.0,0,19
MEX,Mexico,2010,Mexico,0.0,0,0,0,1990.0,0,20
MEX,Mexico,2011,Mexico,0.0,0,0,0,1990.0,0,21
MEX,Mexico,2012,Mexico,0.0,0,0,0,1990.0,0,22
MEX,Mexico,2013,Mexico,32.0,1,0,0,2013.0,0,0
MEX,Mexico,2014,Mexico,91.0,1,1,1,2014.0,0,0
MEX,Mexico,2015,Mexico,0.0,0,1,1,2014.0,0,1
MEX,Mexico,2016,Mexico,123.0,1,1,1,2016.0,0,0
MEX,Mexico,2017,Mexico,0.0,0,1,1,2016.0,0,1
MEX,Mexico,2018,Mexico,15.0,1,1,1,2018.0,0,0
MEX,Mexico,2019,Mexico,6.0,1,1,1,2019.0,0,0
MEX,Mexico,2020,Mexico,8.0,1,1,1,2020.0,0,0
MEX,Mexico,2021,Mexico,3.0,1,1,1,2021.0,0,0
MEX,Mexico,2022,Mexico,22.0,1,1,1,2022.0,0,0
MEX,Mexico,2023,Mexico,14.0,1,1,1,2023.0,0,0
MEX,Mexico,2024,Mexico,5.0,1,1,1,2024.0,0,0
MHL,Marshall Islands,1960,Marshall Islands,0.0,0,0,0,,1,1
MHL,Marshall Islands,1961,Marshall Islands,0.0,0,0,0,,1,2
MHL,Marshall Islands,1962,Marshall Islands,0.0,0,0,0,,1,3
MHL,Marshall Islands,1963,Marshall Islands,0.0,0,0,0,,1,4
MHL,Marshall Islands,1964,Marshall Islands,0.0,0,0,0,,1,5
MHL,Marshall Islands,1965,Marshall Islands,0.0,0,0,0,,1,6
MHL,Marshall Islands,1966,Marshall Islands,0.0,0,0,0,,1,7
MHL,Marshall Islands,1967,Marshall Islands,0.0,0,0,0,,1,8
MHL,Marshall Islands,1968,Marshall Islands,0.0,0,0,0,,1,9
MHL,Marshall Islands,1969,Marshall Islands,0.0,0,0,0,,1,10
MHL,Marshall Islands,1970,Marshall Islands,0.0,0,0,0,,1,11
MHL,Marshall Islands,1971,Marshall Islands,0.0,0,0,0,,1,12
MHL,Marshall Islands,1972,Marshall Islands,0.0,0,0,0,,1,13
MHL,Marshall Islands,1973,Marshall Islands,0.0,0,0,0,,1,14
MHL,Marshall Islands,1974,Marshall Islands,0.0,0,0,0,,1,15
MHL,Marshall Islands,1975,Marshall Islands,0.0,0,0,0,,1,16
MHL,Marshall Islands,1976,Marshall Islands,0.0,0,0,0,,1,17
MHL,Marshall Islands,1977,Marshall Islands,0.0,0,0,0,,1,18
MHL,Marshall Islands,1978,Marshall Islands,0.0,0,0,0,,1,19
MHL,Marshall Islands,1979,Marshall Islands,0.0,0,0,0,,1,20
MHL,Marshall Islands,1980,Marshall Islands,0.0,0,0,0,,1,21
MHL,Marshall Islands,1981,Marshall Islands,0.0,0,0,0,,1,22
MHL,Marshall Islands,1982,Marshall Islands,0.0,0,0,0,,1,23
MHL,Marshall Islands,1983,Marshall Islands,0.0,0,0,0,,1,24
MHL,Marshall Islands,1984,Marshall Islands,0.0,0,0,0,,1,25
MHL,Marshall Islands,1985,Marshall Islands,0.0,0,0,0,,1,26
MHL,Marshall Islands,1986,Marshall Islands,0.0,0,0,0,,1,27
MHL,Marshall Islands,1987,Marshall Islands,0.0,0,0,0,,1,28
MHL,Marshall Islands,1988,Marshall Islands,0.0,0,0,0,,1,29
MHL,Marshall Islands,1989,Marshall Islands,0.0,0,0,0,,1,30
MHL,Marshall Islands,1990,Marshall Islands,0.0,0,0,0,,1,31
MHL,Marshall Islands,1991,Marshall Islands,0.0,0,0,0,,1,32
MHL,Marshall Islands,1992,Marshall Islands,0.0,0,0,0,,1,33
MHL,Marshall Islands,1993,Marshall Islands,0.0,0,0,0,,1,34
MHL,Marshall Islands,1994,Marshall Islands,0.0,0,0,0,,1,35
MHL,Marshall Islands,1995,Marshall Islands,0.0,0,0,0,,1,36
MHL,Marshall Islands,1996,Marshall Islands,0.0,0,0,0,,1,37
MHL,Marshall Islands,1997,Marshall Islands,0.0,0,0,0,,1,38
MHL,Marshall Islands,1998,Marshall Islands,0.0,0,0,0,,1,39
MHL,Marshall Islands,1999,Marshall Islands,0.0,0,0,0,,1,40
MHL,Marshall Islands,2000,Marshall Islands,0.0,0,0,0,,1,41
MHL,Marshall Islands,2001,Marshall Islands,0.0,0,0,0,,1,42
MHL,Marshall Islands,2002,Marshall Islands,0.0,0,0,0,,1,43
MHL,Marshall Islands,2003,Marshall Islands,0.0,0,0,0,,1,44
MHL,Marshall Islands,2004,Marshall Islands,0.0,0,0,0,,1,45
MHL,Marshall Islands,2005,Marshall Islands,0.0,0,0,0,,1,46
MHL,Marshall Islands,2006,Marshall Islands,0.0,0,0,0,,1,47
MHL,Marshall Islands,2007,Marshall Islands,0.0,0,0,0,,1,48
MHL,Marshall Islands,2008,Marshall Islands,0.0,0,0,0,,1,49
MHL,Marshall Islands,2009,Marshall Islands,0.0,0,0,0,,1,50
MHL,Marshall Islands,2010,Marshall Islands,0.0,0,0,0,,1,51
MHL,Marshall Islands,2011,Marshall Islands,0.0,0,0,0,,1,52
MHL,Marshall Islands,2012,Marshall Islands,0.0,0,0,0,,1,53
MHL,Marshall Islands,2013,Marshall Islands,0.0,0,0,0,,1,54
MHL,Marshall Islands,2014,Marshall Islands,0.0,0,0,0,,1,55
MHL,Marshall Islands,2015,Marshall Islands,0.0,0,0,0,,1,56
MHL,Marshall Islands,2016,Marshall Islands,0.0,0,0,0,,1,57
MHL,Marshall Islands,2017,Marshall Islands,0.0,0,0,0,,1,58
MHL,Marshall Islands,2018,Marshall Islands,0.0,0,0,0,,1,59
MHL,Marshall Islands,2019,Marshall Islands,0.0,0,0,0,,1,60
MHL,Marshall Islands,2020,Marshall Islands,0.0,0,0,0,,1,61
MHL,Marshall Islands,2021,Marshall Islands,0.0,0,0,0,,1,62
MHL,Marshall Islands,2022,Marshall Islands,0.0,0,0,0,,1,63
MHL,Marshall Islands,2023,Marshall Islands,0.0,0,0,0,,1,64
MHL,Marshall Islands,2024,Marshall Islands,0.0,0,0,0,,1,65
MKD,North Macedonia,1960,North Macedonia,0.0,0,0,0,,1,1
MKD,North Macedonia,1961,North Macedonia,0.0,0,0,0,,1,2
MKD,North Macedonia,1962,North Macedonia,0.0,0,0,0,,1,3
MKD,North Macedonia,1963,North Macedonia,0.0,0,0,0,,1,4
MKD,North Macedonia,1964,North Macedonia,0.0,0,0,0,,1,5
MKD,North Macedonia,1965,North Macedonia,0.0,0,0,0,,1,6
MKD,North Macedonia,1966,North Macedonia,0.0,0,0,0,,1,7
MKD,North Macedonia,1967,North Macedonia,0.0,0,0,0,,1,8
MKD,North Macedonia,1968,North Macedonia,0.0,0,0,0,,1,9
MKD,North Macedonia,1969,North Macedonia,0.0,0,0,0,,1,10
MKD,North Macedonia,1970,North Macedonia,0.0,0,0,0,,1,11
MKD,North Macedonia,1971,North Macedonia,0.0,0,0,0,,1,12
MKD,North Macedonia,1972,North Macedonia,0.0,0,0,0,,1,13
MKD,North Macedonia,1973,North Macedonia,0.0,0,0,0,,1,14
MKD,North Macedonia,1974,North Macedonia,0.0,0,0,0,,1,15
MKD,North Macedonia,1975,North Macedonia,0.0,0,0,0,,1,16
MKD,North Macedonia,1976,North Macedonia,0.0,0,0,0,,1,17
MKD,North Macedonia,1977,North Macedonia,0.0,0,0,0,,1,18
MKD,North Macedonia,1978,North Macedonia,0.0,0,0,0,,1,19
MKD,North Macedonia,1979,North Macedonia,0.0,0,0,0,,1,20
MKD,North Macedonia,1980,North Macedonia,0.0,0,0,0,,1,21
MKD,North Macedonia,1981,North Macedonia,0.0,0,0,0,,1,22
MKD,North Macedonia,1982,North Macedonia,0.0,0,0,0,,1,23
MKD,North Macedonia,1983,North Macedonia,0.0,0,0,0,,1,24
MKD,North Macedonia,1984,North Macedonia,0.0,0,0,0,,1,25
MKD,North Macedonia,1985,North Macedonia,0.0,0,0,0,,1,26
MKD,North Macedonia,1986,North Macedonia,0.0,0,0,0,,1,27
MKD,North Macedonia,1987,North Macedonia,0.0,0,0,0,,1,28
MKD,North Macedonia,1988,North Macedonia,0.0,0,0,0,,1,29
MKD,North Macedonia,1989,North Macedonia,0.0,0,0,0,,1,30
MKD,North Macedonia,1990,North Macedonia,0.0,0,0,0,,1,31
MKD,North Macedonia,1991,North Macedonia,0.0,0,0,0,,1,32
MKD,North Macedonia,1992,North Macedonia,1618.98,1,0,0,1992.0,0,0
MKD,North Macedonia,1993,North Macedonia,692.52,1,1,1,1993.0,0,0
MKD,North Macedonia,1994,North Macedonia,515.61,1,1,1,1994.0,0,0
MKD,North Macedonia,1995,North Macedonia,614.21,1,1,1,1995.0,0,0
MKD,North Macedonia,1996,North Macedonia,387.14,1,1,1,1996.0,0,0
MKD,North Macedonia,1997,North Macedonia,665.99,1,1,1,1997.0,0,0
MKD,North Macedonia,1998,North Macedonia,5.19,1,1,1,1998.0,0,0
MKD,North Macedonia,1999,North Macedonia,0.05,1,1,1,1999.0,0,0
MKD,North Macedonia,2000,North Macedonia,71.63,1,1,1,2000.0,0,0
MKD,North Macedonia,2001,North Macedonia,38.71,1,1,1,2001.0,0,0
MKD,North Macedonia,2002,North Macedonia,41.55,1,1,1,2002.0,0,0
MKD,North Macedonia,2003,North Macedonia,43.57,1,1,1,2003.0,0,0
MKD,North Macedonia,2004,North Macedonia,56.9,1,1,1,2004.0,0,0
MKD,North Macedonia,2005,North Macedonia,1.18,1,1,1,2005.0,0,0
MKD,North Macedonia,2006,North Macedonia,0.0,0,1,1,2005.0,0,1
MKD,North Macedonia,2007,North Macedonia,0.0,0,1,1,2005.0,0,2
MKD,North Macedonia,2008,North Macedonia,0.17,1,1,1,2008.0,0,0
MKD,North Macedonia,2009,North Macedonia,0.55,1,1,1,2009.0,0,0
MKD,North Macedonia,2010,North Macedonia,2.76,1,1,1,2010.0,0,0
MKD,North Macedonia,2011,North Macedonia,1.45,1,1,1,2011.0,0,0
MKD,North Macedonia,2012,North Macedonia,0.06,1,1,1,2012.0,0,0
MKD,North Macedonia,2013,North Macedonia,0.42,1,1,1,2013.0,0,0
MKD,North Macedonia,2014,North Macedonia,0.37,1,1,1,2014.0,0,0
MKD,North Macedonia,2015,North Macedonia,0.34,1,1,1,2015.0,0,0
MKD,North Macedonia,2016,North Macedonia,0.18,1,1,1,2016.0,0,0
MKD,North Macedonia,2017,North Macedonia,0.54,1,1,1,2017.0,0,0
MKD,North Macedonia,2018,North Macedonia,0.59,1,1,1,2018.0,0,0
MKD,North Macedonia,2019,North Macedonia,0.45,1,1,1,2019.0,0,0
MKD,North Macedonia,2020,North Macedonia,0.0,0,1,1,2019.0,0,1
MKD,North Macedonia,2021,North Macedonia,0.0,0,1,1,2019.0,0,2
MKD,North Macedonia,2022,North Macedonia,0.0,0,1,1,2019.0,0,3
MKD,North Macedonia,2023,North Macedonia,0.0,0,1,1,2019.0,0,4
MKD,North Macedonia,2024,North Macedonia,0.0,0,1,1,2019.0,0,5
MLI,Mali,1960,Mali,0.0,0,0,0,,1,1
MLI,Mali,1961,Mali,0.0,0,0,0,,1,2
MLI,Mali,1962,Mali,0.0,0,0,0,,1,3
MLI,Mali,1963,Mali,0.0,0,0,0,,1,4
MLI,Mali,1964,Mali,26.0,1,0,0,1964.0,0,0
MLI,Mali,1965,Mali,0.0,0,1,1,1964.0,0,1
MLI,Mali,1966,Mali,0.0,0,1,1,1964.0,0,2
MLI,Mali,1967,Mali,0.0,0,1,1,1964.0,0,3
MLI,Mali,1968,Mali,0.0,0,1,1,1964.0,0,4
MLI,Mali,1969,Mali,0.0,0,1,1,1964.0,0,5
MLI,Mali,1970,Mali,10.94,1,0,1,1970.0,0,0
MLI,Mali,1971,Mali,16.11,1,1,1,1971.0,0,0
MLI,Mali,1972,Mali,21.45,1,1,1,1972.0,0,0
MLI,Mali,1973,Mali,28.14,1,1,1,1973.0,0,0
MLI,Mali,1974,Mali,34.27,1,1,1,1974.0,0,0
MLI,Mali,1975,Mali,39.0,1,1,1,1975.0,0,0
MLI,Mali,1976,Mali,60.12,1,1,1,1976.0,0,0
MLI,Mali,1977,Mali,85.92,1,1,1,1977.0,0,0
MLI,Mali,1978,Mali,116.98,1,1,1,1978.0,0,0
MLI,Mali,1979,Mali,141.37,1,1,1,1979.0,0,0
MLI,Mali,1980,Mali,76.15,1,1,1,1980.0,0,0
MLI,Mali,1981,Mali,7.31,1,1,1,1981.0,0,0
MLI,Mali,1982,Mali,10.71,1,1,1,1982.0,0,0
MLI,Mali,1983,Mali,16.53,1,1,1,1983.0,0,0
MLI,Mali,1984,Mali,90.9,1,1,1,1984.0,0,0
MLI,Mali,1985,Mali,98.72,1,1,1,1985.0,0,0
MLI,Mali,1986,Mali,58.1,1,1,1,1986.0,0,0
MLI,Mali,1987,Mali,81.52,1,1,1,1987.0,0,0
MLI,Mali,1988,Mali,57.83,1,1,1,1988.0,0,0
MLI,Mali,1989,Mali,36.07,1,1,1,1989.0,0,0
MLI,Mali,1990,Mali,85.03,1,1,1,1990.0,0,0
MLI,Mali,1991,Mali,204.11,1,1,1,1991.0,0,0
MLI,Mali,1992,Mali,335.23,1,1,1,1992.0,0,0
MLI,Mali,1993,Mali,259.18,1,1,1,1993.0,0,0
MLI,Mali,1994,Mali,707.51,1,1,1,1994.0,0,0
MLI,Mali,1995,Mali,369.97,1,1,1,1995.0,0,0
MLI,Mali,1996,Mali,477.21,1,1,1,1996.0,0,0
MLI,Mali,1997,Mali,674.83,1,1,1,1997.0,0,0
MLI,Mali,1998,Mali,598.82,1,1,1,1998.0,0,0
MLI,Mali,1999,Mali,589.65,1,1,1,1999.0,0,0
MLI,Mali,2000,Mali,586.02,1,1,1,2000.0,0,0
MLI,Mali,2001,Mali,587.2,1,1,1,2001.0,0,0
MLI,Mali,2002,Mali,663.22,1,1,1,2002.0,0,0
MLI,Mali,2003,Mali,211.48,1,1,1,2003.0,0,0
MLI,Mali,2004,Mali,130.12,1,1,1,2004.0,0,0
MLI,Mali,2005,Mali,117.49,1,1,1,2005.0,0,0
MLI,Mali,2006,Mali,1994.52,1,1,1,2006.0,0,0
MLI,Mali,2007,Mali,138.08,1,1,1,2007.0,0,0
MLI,Mali,2008,Mali,50.34,1,1,1,2008.0,0,0
MLI,Mali,2009,Mali,501.01,1,1,1,2009.0,0,0
MLI,Mali,2010,Mali,0.81,1,1,1,2010.0,0,0
MLI,Mali,2011,Mali,142.15,1,1,1,2011.0,0,0
MLI,Mali,2012,Mali,160.82,1,1,1,2012.0,0,0
MLI,Mali,2013,Mali,164.74,1,1,1,2013.0,0,0
MLI,Mali,2014,Mali,100.24,1,1,1,2014.0,0,0
MLI,Mali,2015,Mali,112.14,1,1,1,2015.0,0,0
MLI,Mali,2016,Mali,105.53,1,1,1,2016.0,0,0
MLI,Mali,2017,Mali,99.49,1,1,1,2017.0,0,0
MLI,Mali,2018,Mali,87.14,1,1,1,2018.0,0,0
MLI,Mali,2019,Mali,31.06,1,1,1,2019.0,0,0
MLI,Mali,2020,Mali,36.8,1,1,1,2020.0,0,0
MLI,Mali,2021,Mali,65.6,1,1,1,2021.0,0,0
MLI,Mali,2022,Mali,311.27,1,1,1,2022.0,0,0
MLI,Mali,2023,Mali,8.47,1,1,1,2023.0,0,0
MLI,Mali,2024,Mali,15.47,1,1,1,2024.0,0,0
MLT,Malta,1960,,0.0,0,0,0,,1,1
MLT,Malta,1961,,0.0,0,0,0,,1,2
MLT,Malta,1962,,0.0,0,0,0,,1,3
MLT,Malta,1963,,0.0,0,0,0,,1,4
MLT,Malta,1964,,0.0,0,0,0,,1,5
MLT,Malta,1965,,0.0,0,0,0,,1,6
MLT,Malta,1966,,0.0,0,0,0,,1,7
MLT,Malta,1967,,0.0,0,0,0,,1,8
MLT,Malta,1968,,0.0,0,0,0,,1,9
MLT,Malta,1969,,0.0,0,0,0,,1,10
MLT,Malta,1970,,0.0,0,0,0,,1,11
MLT,Malta,1971,,0.0,0,0,0,,1,12
MLT,Malta,1972,,0.0,0,0,0,,1,13
MLT,Malta,1973,,0.0,0,0,0,,1,14
MLT,Malta,1974,,0.0,0,0,0,,1,15
MLT,Malta,1975,,0.0,0,0,0,,1,16
MLT,Malta,1976,,0.0,0,0,0,,1,17
MLT,Malta,1977,,0.0,0,0,0,,1,18
MLT,Malta,1978,,0.0,0,0,0,,1,19
MLT,Malta,1979,,0.0,0,0,0,,1,20
MLT,Malta,1980,,0.0,0,0,0,,1,21
MLT,Malta,1981,,0.0,0,0,0,,1,22
MLT,Malta,1982,,0.0,0,0,0,,1,23
MLT,Malta,1983,,0.0,0,0,0,,1,24
MLT,Malta,1984,,0.0,0,0,0,,1,25
MLT,Malta,1985,,0.0,0,0,0,,1,26
MLT,Malta,1986,,0.0,0,0,0,,1,27
MLT,Malta,1987,,0.0,0,0,0,,1,28
MLT,Malta,1988,,0.0,0,0,0,,1,29
MLT,Malta,1989,,0.0,0,0,0,,1,30
MLT,Malta,1990,,0.0,0,0,0,,1,31
MLT,Malta,1991,,0.0,0,0,0,,1,32
MLT,Malta,1992,,0.0,0,0,0,,1,33
MLT,Malta,1993,,0.0,0,0,0,,1,34
MLT,Malta,1994,,0.0,0,0,0,,1,35
MLT,Malta,1995,,0.0,0,0,0,,1,36
MLT,Malta,1996,,0.0,0,0,0,,1,37
MLT,Malta,1997,,0.0,0,0,0,,1,38
MLT,Malta,1998,,0.0,0,0,0,,1,39
MLT,Malta,1999,,0.0,0,0,0,,1,40
MLT,Malta,2000,,0.0,0,0,0,,1,41
MLT,Malta,2001,,0.0,0,0,0,,1,42
MLT,Malta,2002,,0.0,0,0,0,,1,43
MLT,Malta,2003,,0.0,0,0,0,,1,44
MLT,Malta,2004,,0.0,0,0,0,,1,45
MLT,Malta,2005,,0.0,0,0,0,,1,46
MLT,Malta,2006,,0.0,0,0,0,,1,47
MLT,Malta,2007,,0.0,0,0,0,,1,48
MLT,Malta,2008,,0.0,0,0,0,,1,49
MLT,Malta,2009,,0.0,0,0,0,,1,50
MLT,Malta,2010,,0.0,0,0,0,,1,51
MLT,Malta,2011,,0.0,0,0,0,,1,52
MLT,Malta,2012,,0.0,0,0,0,,1,53
MLT,Malta,2013,,0.0,0,0,0,,1,54
MLT,Malta,2014,,0.0,0,0,0,,1,55
MLT,Malta,2015,,0.0,0,0,0,,1,56
MLT,Malta,2016,,0.0,0,0,0,,1,57
MLT,Malta,2017,,0.0,0,0,0,,1,58
MLT,Malta,2018,,0.0,0,0,0,,1,59
MLT,Malta,2019,,0.0,0,0,0,,1,60
MLT,Malta,2020,,0.0,0,0,0,,1,61
MLT,Malta,2021,,0.0,0,0,0,,1,62
MLT,Malta,2022,,0.0,0,0,0,,1,63
MLT,Malta,2023,,0.0,0,0,0,,1,64
MLT,Malta,2024,,0.0,0,0,0,,1,65
MMR,Myanmar,1960,Myanmar,0.0,0,0,0,,1,1
MMR,Myanmar,1961,Myanmar,0.0,0,0,0,,1,2
MMR,Myanmar,1962,Myanmar,0.0,0,0,0,,1,3
MMR,Myanmar,1963,Myanmar,0.0,0,0,0,,1,4
MMR,Myanmar,1964,Myanmar,384.0,1,0,0,1964.0,0,0
MMR,Myanmar,1965,Myanmar,0.0,0,1,1,1964.0,0,1
MMR,Myanmar,1966,Myanmar,0.0,0,1,1,1964.0,0,2
MMR,Myanmar,1967,Myanmar,0.0,0,1,1,1964.0,0,3
MMR,Myanmar,1968,Myanmar,0.0,0,1,1,1964.0,0,4
MMR,Myanmar,1969,Myanmar,0.0,0,1,1,1964.0,0,5
MMR,Myanmar,1970,Myanmar,0.0,0,0,1,1964.0,0,6
MMR,Myanmar,1971,Myanmar,0.0,0,0,1,1964.0,0,7
MMR,Myanmar,1972,Myanmar,0.0,0,0,1,1964.0,0,8
MMR,Myanmar,1973,Myanmar,0.0,0,0,1,1964.0,0,9
MMR,Myanmar,1974,Myanmar,0.0,0,0,1,1964.0,0,10
MMR,Myanmar,1975,Myanmar,0.0,0,0,0,1964.0,0,11
MMR,Myanmar,1976,Myanmar,0.03,1,0,0,1976.0,0,0
MMR,Myanmar,1977,Myanmar,0.06,1,1,1,1977.0,0,0
MMR,Myanmar,1978,Myanmar,0.1,1,1,1,1978.0,0,0
MMR,Myanmar,1979,Myanmar,0.13,1,1,1,1979.0,0,0
MMR,Myanmar,1980,Myanmar,0.16,1,1,1,1980.0,0,0
MMR,Myanmar,1981,Myanmar,0.2,1,1,1,1981.0,0,0
MMR,Myanmar,1982,Myanmar,0.23,1,1,1,1982.0,0,0
MMR,Myanmar,1983,Myanmar,0.23,1,1,1,1983.0,0,0
MMR,Myanmar,1984,Myanmar,381.23,1,1,1,1984.0,0,0
MMR,Myanmar,1985,Myanmar,3.94,1,1,1,1985.0,0,0
MMR,Myanmar,1986,Myanmar,57.91,1,1,1,1986.0,0,0
MMR,Myanmar,1987,Myanmar,1448.79,1,1,1,1987.0,0,0
MMR,Myanmar,1988,Myanmar,257.87,1,1,1,1988.0,0,0
MMR,Myanmar,1989,Myanmar,332.65,1,1,1,1989.0,0,0
MMR,Myanmar,1990,Myanmar,579.91,1,1,1,1990.0,0,0
MMR,Myanmar,1991,Myanmar,884.74,1,1,1,1991.0,0,0
MMR,Myanmar,1992,Myanmar,1129.17,1,1,1,1992.0,0,0
MMR,Myanmar,1993,Myanmar,1398.91,1,1,1,1993.0,0,0
MMR,Myanmar,1994,Myanmar,1811.41,1,1,1,1994.0,0,0
MMR,Myanmar,1995,Myanmar,1710.59,1,1,1,1995.0,0,0
MMR,Myanmar,1996,Myanmar,1656.81,1,1,1,1996.0,0,0
MMR,Myanmar,1997,Myanmar,1740.89,1,1,1,1997.0,0,0
MMR,Myanmar,1998,Myanmar,1989.34,1,1,1,1998.0,0,0
MMR,Myanmar,1999,Myanmar,2372.5,1,1,1,1999.0,0,0
MMR,Myanmar,2000,Myanmar,2451.91,1,1,1,2000.0,0,0
MMR,Myanmar,2001,Myanmar,2488.87,1,1,1,2001.0,0,0
MMR,Myanmar,2002,Myanmar,3094.95,1,1,1,2002.0,0,0
MMR,Myanmar,2003,Myanmar,3740.97,1,1,1,2003.0,0,0
MMR,Myanmar,2004,Myanmar,4167.65,1,1,1,2004.0,0,0
MMR,Myanmar,2005,Myanmar,4020.28,1,1,1,2005.0,0,0
MMR,Myanmar,2006,Myanmar,4343.45,1,1,1,2006.0,0,0
MMR,Myanmar,2007,Myanmar,4800.29,1,1,1,2007.0,0,0
MMR,Myanmar,2008,Myanmar,8885.14,1,1,1,2008.0,0,0
MMR,Myanmar,2009,Myanmar,9233.08,1,1,1,2009.0,0,0
MMR,Myanmar,2010,Myanmar,10166.22,1,1,1,2010.0,0,0
MMR,Myanmar,2011,Myanmar,10596.04,1,1,1,2011.0,0,0
MMR,Myanmar,2012,Myanmar,10975.02,1,1,1,2012.0,0,0
MMR,Myanmar,2013,Myanmar,2592.12,1,1,1,2013.0,0,0
MMR,Myanmar,2014,Myanmar,668.9,1,1,1,2014.0,0,0
MMR,Myanmar,2015,Myanmar,647.69,1,1,1,2015.0,0,0
MMR,Myanmar,2016,Myanmar,664.82,1,1,1,2016.0,0,0
MMR,Myanmar,2017,Myanmar,660.93,1,1,1,2017.0,0,0
MMR,Myanmar,2018,Myanmar,799.7,1,1,1,2018.0,0,0
MMR,Myanmar,2019,Myanmar,633.43,1,1,1,2019.0,0,0
MMR,Myanmar,2020,Myanmar,920.51,1,1,1,2020.0,0,0
MMR,Myanmar,2021,Myanmar,720.67,1,1,1,2021.0,0,0
MMR,Myanmar,2022,Myanmar,596.23,1,1,1,2022.0,0,0
MMR,Myanmar,2023,Myanmar,694.0,1,1,1,2023.0,0,0
MMR,Myanmar,2024,Myanmar,695.0,1,1,1,2024.0,0,0
MNE,Montenegro,1960,Montenegro,0.0,0,0,0,,1,1
MNE,Montenegro,1961,Montenegro,0.0,0,0,0,,1,2
MNE,Montenegro,1962,Montenegro,0.0,0,0,0,,1,3
MNE,Montenegro,1963,Montenegro,0.0,0,0,0,,1,4
MNE,Montenegro,1964,Montenegro,0.0,0,0,0,,1,5
MNE,Montenegro,1965,Montenegro,0.0,0,0,0,,1,6
MNE,Montenegro,1966,Montenegro,0.0,0,0,0,,1,7
MNE,Montenegro,1967,Montenegro,0.0,0,0,0,,1,8
MNE,Montenegro,1968,Montenegro,0.0,0,0,0,,1,9
MNE,Montenegro,1969,Montenegro,0.0,0,0,0,,1,10
MNE,Montenegro,1970,Montenegro,0.0,0,0,0,,1,11
MNE,Montenegro,1971,Montenegro,0.0,0,0,0,,1,12
MNE,Montenegro,1972,Montenegro,0.0,0,0,0,,1,13
MNE,Montenegro,1973,Montenegro,0.0,0,0,0,,1,14
MNE,Montenegro,1974,Montenegro,0.0,0,0,0,,1,15
MNE,Montenegro,1975,Montenegro,0.0,0,0,0,,1,16
MNE,Montenegro,1976,Montenegro,0.0,0,0,0,,1,17
MNE,Montenegro,1977,Montenegro,0.0,0,0,0,,1,18
MNE,Montenegro,1978,Montenegro,0.0,0,0,0,,1,19
MNE,Montenegro,1979,Montenegro,0.0,0,0,0,,1,20
MNE,Montenegro,1980,Montenegro,0.0,0,0,0,,1,21
MNE,Montenegro,1981,Montenegro,0.0,0,0,0,,1,22
MNE,Montenegro,1982,Montenegro,0.0,0,0,0,,1,23
MNE,Montenegro,1983,Montenegro,0.0,0,0,0,,1,24
MNE,Montenegro,1984,Montenegro,0.0,0,0,0,,1,25
MNE,Montenegro,1985,Montenegro,0.0,0,0,0,,1,26
MNE,Montenegro,1986,Montenegro,0.0,0,0,0,,1,27
MNE,Montenegro,1987,Montenegro,0.0,0,0,0,,1,28
MNE,Montenegro,1988,Montenegro,0.0,0,0,0,,1,29
MNE,Montenegro,1989,Montenegro,0.0,0,0,0,,1,30
MNE,Montenegro,1990,Montenegro,0.0,0,0,0,,1,31
MNE,Montenegro,1991,Montenegro,0.0,0,0,0,,1,32
MNE,Montenegro,1992,Montenegro,0.0,0,0,0,,1,33
MNE,Montenegro,1993,Montenegro,0.0,0,0,0,,1,34
MNE,Montenegro,1994,Montenegro,0.0,0,0,0,,1,35
MNE,Montenegro,1995,Montenegro,0.0,0,0,0,,1,36
MNE,Montenegro,1996,Montenegro,0.0,0,0,0,,1,37
MNE,Montenegro,1997,Montenegro,0.0,0,0,0,,1,38
MNE,Montenegro,1998,Montenegro,0.0,0,0,0,,1,39
MNE,Montenegro,1999,Montenegro,0.0,0,0,0,,1,40
MNE,Montenegro,2000,Montenegro,0.0,0,0,0,,1,41
MNE,Montenegro,2001,Montenegro,0.0,0,0,0,,1,42
MNE,Montenegro,2002,Montenegro,0.0,0,0,0,,1,43
MNE,Montenegro,2003,Montenegro,4.0,1,0,0,2003.0,0,0
MNE,Montenegro,2004,Montenegro,209.0,1,1,1,2004.0,0,0
MNE,Montenegro,2005,Montenegro,4.0,1,1,1,2005.0,0,0
MNE,Montenegro,2006,Montenegro,0.0,0,1,1,2005.0,0,1
MNE,Montenegro,2007,Montenegro,205.0,1,1,1,2007.0,0,0
MNE,Montenegro,2008,Montenegro,0.0,0,1,1,2007.0,0,1
MNE,Montenegro,2009,Montenegro,0.0,0,1,1,2007.0,0,2
MNE,Montenegro,2010,Montenegro,0.0,0,1,1,2007.0,0,3
MNE,Montenegro,2011,Montenegro,15.0,1,1,1,2011.0,0,0
MNE,Montenegro,2012,Montenegro,1.0,1,1,1,2012.0,0,0
MNE,Montenegro,2013,Montenegro,0.0,0,1,1,2012.0,0,1
MNE,Montenegro,2014,Montenegro,0.0,0,1,1,2012.0,0,2
MNE,Montenegro,2015,Montenegro,0.0,0,1,1,2012.0,0,3
MNE,Montenegro,2016,Montenegro,0.0,0,1,1,2012.0,0,4
MNE,Montenegro,2017,Montenegro,0.0,0,1,1,2012.0,0,5
MNE,Montenegro,2018,Montenegro,0.0,0,0,1,2012.0,0,6
MNE,Montenegro,2019,Montenegro,0.0,0,0,1,2012.0,0,7
MNE,Montenegro,2020,Montenegro,0.0,0,0,1,2012.0,0,8
MNE,Montenegro,2021,Montenegro,0.0,0,0,1,2012.0,0,9
MNE,Montenegro,2022,Montenegro,0.0,0,0,1,2012.0,0,10
MNE,Montenegro,2023,Montenegro,0.0,0,0,0,2012.0,0,11
MNE,Montenegro,2024,Montenegro,0.0,0,0,0,2012.0,0,12
MNG,Mongolia,1960,Mongolia,0.0,0,0,0,,1,1
MNG,Mongolia,1961,Mongolia,0.0,0,0,0,,1,2
MNG,Mongolia,1962,Mongolia,0.0,0,0,0,,1,3
MNG,Mongolia,1963,Mongolia,0.0,0,0,0,,1,4
MNG,Mongolia,1964,Mongolia,0.0,0,0,0,,1,5
MNG,Mongolia,1965,Mongolia,0.0,0,0,0,,1,6
MNG,Mongolia,1966,Mongolia,0.0,0,0,0,,1,7
MNG,Mongolia,1967,Mongolia,0.0,0,0,0,,1,8
MNG,Mongolia,1968,Mongolia,0.0,0,0,0,,1,9
MNG,Mongolia,1969,Mongolia,0.0,0,0,0,,1,10
MNG,Mongolia,1970,Mongolia,0.0,0,0,0,,1,11
MNG,Mongolia,1971,Mongolia,0.0,0,0,0,,1,12
MNG,Mongolia,1972,Mongolia,0.0,0,0,0,,1,13
MNG,Mongolia,1973,Mongolia,0.0,0,0,0,,1,14
MNG,Mongolia,1974,Mongolia,0.0,0,0,0,,1,15
MNG,Mongolia,1975,Mongolia,0.0,0,0,0,,1,16
MNG,Mongolia,1976,Mongolia,0.0,0,0,0,,1,17
MNG,Mongolia,1977,Mongolia,0.0,0,0,0,,1,18
MNG,Mongolia,1978,Mongolia,0.0,0,0,0,,1,19
MNG,Mongolia,1979,Mongolia,0.0,0,0,0,,1,20
MNG,Mongolia,1980,Mongolia,0.0,0,0,0,,1,21
MNG,Mongolia,1981,Mongolia,0.0,0,0,0,,1,22
MNG,Mongolia,1982,Mongolia,0.0,0,0,0,,1,23
MNG,Mongolia,1983,Mongolia,0.0,0,0,0,,1,24
MNG,Mongolia,1984,Mongolia,0.0,0,0,0,,1,25
MNG,Mongolia,1985,Mongolia,0.0,0,0,0,,1,26
MNG,Mongolia,1986,Mongolia,0.0,0,0,0,,1,27
MNG,Mongolia,1987,Mongolia,0.0,0,0,0,,1,28
MNG,Mongolia,1988,Mongolia,0.0,0,0,0,,1,29
MNG,Mongolia,1989,Mongolia,0.0,0,0,0,,1,30
MNG,Mongolia,1990,Mongolia,0.0,0,0,0,,1,31
MNG,Mongolia,1991,Mongolia,0.0,0,0,0,,1,32
MNG,Mongolia,1992,Mongolia,7.68,1,0,0,1992.0,0,0
MNG,Mongolia,1993,Mongolia,18.03,1,1,1,1993.0,0,0
MNG,Mongolia,1994,Mongolia,16.56,1,1,1,1994.0,0,0
MNG,Mongolia,1995,Mongolia,4.11,1,1,1,1995.0,0,0
MNG,Mongolia,1996,Mongolia,4.52,1,1,1,1996.0,0,0
MNG,Mongolia,1997,Mongolia,63.68,1,1,1,1997.0,0,0
MNG,Mongolia,1998,Mongolia,68.63,1,1,1,1998.0,0,0
MNG,Mongolia,1999,Mongolia,87.55,1,1,1,1999.0,0,0
MNG,Mongolia,2000,Mongolia,77.33,1,1,1,2000.0,0,0
MNG,Mongolia,2001,Mongolia,77.19,1,1,1,2001.0,0,0
MNG,Mongolia,2002,Mongolia,18.47,1,1,1,2002.0,0,0
MNG,Mongolia,2003,Mongolia,11018.5,1,1,1,2003.0,0,0
MNG,Mongolia,2004,Mongolia,27.29,1,1,1,2004.0,0,0
MNG,Mongolia,2005,Mongolia,20.87,1,1,1,2005.0,0,0
MNG,Mongolia,2006,Mongolia,37.93,1,1,1,2006.0,0,0
MNG,Mongolia,2007,Mongolia,25.61,1,1,1,2007.0,0,0
MNG,Mongolia,2008,Mongolia,26.13,1,1,1,2008.0,0,0
MNG,Mongolia,2009,Mongolia,9.7,1,1,1,2009.0,0,0
MNG,Mongolia,2010,Mongolia,10.64,1,1,1,2010.0,0,0
MNG,Mongolia,2011,Mongolia,10.62,1,1,1,2011.0,0,0
MNG,Mongolia,2012,Mongolia,15.79,1,1,1,2012.0,0,0
MNG,Mongolia,2013,Mongolia,18.01,1,1,1,2013.0,0,0
MNG,Mongolia,2014,Mongolia,8.83,1,1,1,2014.0,0,0
MNG,Mongolia,2015,Mongolia,8.94,1,1,1,2015.0,0,0
MNG,Mongolia,2016,Mongolia,17.83,1,1,1,2016.0,0,0
MNG,Mongolia,2017,Mongolia,2200.15,1,1,1,2017.0,0,0
MNG,Mongolia,2018,Mongolia,10.23,1,1,1,2018.0,0,0
MNG,Mongolia,2019,Mongolia,4.47,1,1,1,2019.0,0,0
MNG,Mongolia,2020,Mongolia,1806.13,1,1,1,2020.0,0,0
MNG,Mongolia,2021,Mongolia,0.04,1,1,1,2021.0,0,0
MNG,Mongolia,2022,Mongolia,0.0,0,1,1,2021.0,0,1
MNG,Mongolia,2023,Mongolia,0.0,0,1,1,2021.0,0,2
MNG,Mongolia,2024,Mongolia,0.0,0,1,1,2021.0,0,3
MNP,Northern Mariana Islands,1960,,0.0,0,0,0,,1,1
MNP,Northern Mariana Islands,1961,,0.0,0,0,0,,1,2
MNP,Northern Mariana Islands,1962,,0.0,0,0,0,,1,3
MNP,Northern Mariana Islands,1963,,0.0,0,0,0,,1,4
MNP,Northern Mariana Islands,1964,,0.0,0,0,0,,1,5
MNP,Northern Mariana Islands,1965,,0.0,0,0,0,,1,6
MNP,Northern Mariana Islands,1966,,0.0,0,0,0,,1,7
MNP,Northern Mariana Islands,1967,,0.0,0,0,0,,1,8
MNP,Northern Mariana Islands,1968,,0.0,0,0,0,,1,9
MNP,Northern Mariana Islands,1969,,0.0,0,0,0,,1,10
MNP,Northern Mariana Islands,1970,,0.0,0,0,0,,1,11
MNP,Northern Mariana Islands,1971,,0.0,0,0,0,,1,12
MNP,Northern Mariana Islands,1972,,0.0,0,0,0,,1,13
MNP,Northern Mariana Islands,1973,,0.0,0,0,0,,1,14
MNP,Northern Mariana Islands,1974,,0.0,0,0,0,,1,15
MNP,Northern Mariana Islands,1975,,0.0,0,0,0,,1,16
MNP,Northern Mariana Islands,1976,,0.0,0,0,0,,1,17
MNP,Northern Mariana Islands,1977,,0.0,0,0,0,,1,18
MNP,Northern Mariana Islands,1978,,0.0,0,0,0,,1,19
MNP,Northern Mariana Islands,1979,,0.0,0,0,0,,1,20
MNP,Northern Mariana Islands,1980,,0.0,0,0,0,,1,21
MNP,Northern Mariana Islands,1981,,0.0,0,0,0,,1,22
MNP,Northern Mariana Islands,1982,,0.0,0,0,0,,1,23
MNP,Northern Mariana Islands,1983,,0.0,0,0,0,,1,24
MNP,Northern Mariana Islands,1984,,0.0,0,0,0,,1,25
MNP,Northern Mariana Islands,1985,,0.0,0,0,0,,1,26
MNP,Northern Mariana Islands,1986,,0.0,0,0,0,,1,27
MNP,Northern Mariana Islands,1987,,0.0,0,0,0,,1,28
MNP,Northern Mariana Islands,1988,,0.0,0,0,0,,1,29
MNP,Northern Mariana Islands,1989,,0.0,0,0,0,,1,30
MNP,Northern Mariana Islands,1990,,0.0,0,0,0,,1,31
MNP,Northern Mariana Islands,1991,,0.0,0,0,0,,1,32
MNP,Northern Mariana Islands,1992,,0.0,0,0,0,,1,33
MNP,Northern Mariana Islands,1993,,0.0,0,0,0,,1,34
MNP,Northern Mariana Islands,1994,,0.0,0,0,0,,1,35
MNP,Northern Mariana Islands,1995,,0.0,0,0,0,,1,36
MNP,Northern Mariana Islands,1996,,0.0,0,0,0,,1,37
MNP,Northern Mariana Islands,1997,,0.0,0,0,0,,1,38
MNP,Northern Mariana Islands,1998,,0.0,0,0,0,,1,39
MNP,Northern Mariana Islands,1999,,0.0,0,0,0,,1,40
MNP,Northern Mariana Islands,2000,,0.0,0,0,0,,1,41
MNP,Northern Mariana Islands,2001,,0.0,0,0,0,,1,42
MNP,Northern Mariana Islands,2002,,0.0,0,0,0,,1,43
MNP,Northern Mariana Islands,2003,,0.0,0,0,0,,1,44
MNP,Northern Mariana Islands,2004,,0.0,0,0,0,,1,45
MNP,Northern Mariana Islands,2005,,0.0,0,0,0,,1,46
MNP,Northern Mariana Islands,2006,,0.0,0,0,0,,1,47
MNP,Northern Mariana Islands,2007,,0.0,0,0,0,,1,48
MNP,Northern Mariana Islands,2008,,0.0,0,0,0,,1,49
MNP,Northern Mariana Islands,2009,,0.0,0,0,0,,1,50
MNP,Northern Mariana Islands,2010,,0.0,0,0,0,,1,51
MNP,Northern Mariana Islands,2011,,0.0,0,0,0,,1,52
MNP,Northern Mariana Islands,2012,,0.0,0,0,0,,1,53
MNP,Northern Mariana Islands,2013,,0.0,0,0,0,,1,54
MNP,Northern Mariana Islands,2014,,0.0,0,0,0,,1,55
MNP,Northern Mariana Islands,2015,,0.0,0,0,0,,1,56
MNP,Northern Mariana Islands,2016,,0.0,0,0,0,,1,57
MNP,Northern Mariana Islands,2017,,0.0,0,0,0,,1,58
MNP,Northern Mariana Islands,2018,,0.0,0,0,0,,1,59
MNP,Northern Mariana Islands,2019,,0.0,0,0,0,,1,60
MNP,Northern Mariana Islands,2020,,0.0,0,0,0,,1,61
MNP,Northern Mariana Islands,2021,,0.0,0,0,0,,1,62
MNP,Northern Mariana Islands,2022,,0.0,0,0,0,,1,63
MNP,Northern Mariana Islands,2023,,0.0,0,0,0,,1,64
MNP,Northern Mariana Islands,2024,,0.0,0,0,0,,1,65
MOZ,Mozambique,1960,Mozambique,0.0,0,0,0,,1,1
MOZ,Mozambique,1961,Mozambique,0.0,0,0,0,,1,2
MOZ,Mozambique,1962,Mozambique,0.0,0,0,0,,1,3
MOZ,Mozambique,1963,Mozambique,0.0,0,0,0,,1,4
MOZ,Mozambique,1964,Mozambique,0.0,0,0,0,,1,5
MOZ,Mozambique,1965,Mozambique,0.0,0,0,0,,1,6
MOZ,Mozambique,1966,Mozambique,0.0,0,0,0,,1,7
MOZ,Mozambique,1967,Mozambique,0.0,0,0,0,,1,8
MOZ,Mozambique,1968,Mozambique,0.0,0,0,0,,1,9
MOZ,Mozambique,1969,Mozambique,0.0,0,0,0,,1,10
MOZ,Mozambique,1970,Mozambique,0.0,0,0,0,,1,11
MOZ,Mozambique,1971,Mozambique,0.0,0,0,0,,1,12
MOZ,Mozambique,1972,Mozambique,0.0,0,0,0,,1,13
MOZ,Mozambique,1973,Mozambique,0.0,0,0,0,,1,14
MOZ,Mozambique,1974,Mozambique,0.0,0,0,0,,1,15
MOZ,Mozambique,1975,Mozambique,0.0,0,0,0,,1,16
MOZ,Mozambique,1976,Mozambique,0.0,0,0,0,,1,17
MOZ,Mozambique,1977,Mozambique,0.0,0,0,0,,1,18
MOZ,Mozambique,1978,Mozambique,0.0,0,0,0,,1,19
MOZ,Mozambique,1979,Mozambique,0.0,0,0,0,,1,20
MOZ,Mozambique,1980,Mozambique,750.0,1,0,0,1980.0,0,0
MOZ,Mozambique,1981,Mozambique,0.0,0,1,1,1980.0,0,1
MOZ,Mozambique,1982,Mozambique,0.0,0,1,1,1980.0,0,2
MOZ,Mozambique,1983,Mozambique,0.0,0,1,1,1980.0,0,3
MOZ,Mozambique,1984,Mozambique,143.27,1,1,1,1984.0,0,0
MOZ,Mozambique,1985,Mozambique,286.95,1,1,1,1985.0,0,0
MOZ,Mozambique,1986,Mozambique,591.94,1,1,1,1986.0,0,0
MOZ,Mozambique,1987,Mozambique,1098.14,1,1,1,1987.0,0,0
MOZ,Mozambique,1988,Mozambique,801.96,1,1,1,1988.0,0,0
MOZ,Mozambique,1989,Mozambique,1018.16,1,1,1,1989.0,0,0
MOZ,Mozambique,1990,Mozambique,3172.87,1,1,1,1990.0,0,0
MOZ,Mozambique,1991,Mozambique,1183.69,1,1,1,1991.0,0,0
MOZ,Mozambique,1992,Mozambique,1184.02,1,1,1,1992.0,0,0
MOZ,Mozambique,1993,Mozambique,1491.07,1,1,1,1993.0,0,0
MOZ,Mozambique,1994,Mozambique,1210.24,1,1,1,1994.0,0,0
MOZ,Mozambique,1995,Mozambique,1831.68,1,1,1,1995.0,0,0
MOZ,Mozambique,1996,Mozambique,2163.55,1,1,1,1996.0,0,0
MOZ,Mozambique,1997,Mozambique,1672.55,1,1,1,1997.0,0,0
MOZ,Mozambique,1998,Mozambique,2317.66,1,1,1,1998.0,0,0
MOZ,Mozambique,1999,Mozambique,1876.25,1,1,1,1999.0,0,0
MOZ,Mozambique,2000,Mozambique,1245.93,1,1,1,2000.0,0,0
MOZ,Mozambique,2001,Mozambique,2835.84,1,1,1,2001.0,0,0
MOZ,Mozambique,2002,Mozambique,852.54,1,1,1,2002.0,0,0
MOZ,Mozambique,2003,Mozambique,911.64,1,1,1,2003.0,0,0
MOZ,Mozambique,2004,Mozambique,1011.58,1,1,1,2004.0,0,0
MOZ,Mozambique,2005,Mozambique,1028.45,1,1,1,2005.0,0,0
MOZ,Mozambique,2006,Mozambique,2838.03,1,1,1,2006.0,0,0
MOZ,Mozambique,2007,Mozambique,1058.8,1,1,1,2007.0,0,0
MOZ,Mozambique,2008,Mozambique,884.8,1,1,1,2008.0,0,0
MOZ,Mozambique,2009,Mozambique,918.66,1,1,1,2009.0,0,0
MOZ,Mozambique,2010,Mozambique,1505.76,1,1,1,2010.0,0,0
MOZ,Mozambique,2011,Mozambique,1506.33,1,1,1,2011.0,0,0
MOZ,Mozambique,2012,Mozambique,1511.32,1,1,1,2012.0,0,0
MOZ,Mozambique,2013,Mozambique,1505.76,1,1,1,2013.0,0,0
MOZ,Mozambique,2014,Mozambique,1505.78,1,1,1,2014.0,0,0
MOZ,Mozambique,2015,Mozambique,1878.79,1,1,1,2015.0,0,0
MOZ,Mozambique,2016,Mozambique,2810.13,1,1,1,2016.0,0,0
MOZ,Mozambique,2017,Mozambique,4808.35,1,1,1,2017.0,0,0
MOZ,Mozambique,2018,Mozambique,5197.38,1,1,1,2018.0,0,0
MOZ,Mozambique,2019,Mozambique,3147.67,1,1,1,2019.0,0,0
MOZ,Mozambique,2020,Mozambique,3264.51,1,1,1,2020.0,0,0
MOZ,Mozambique,2021,Mozambique,3830.58,1,1,1,2021.0,0,0
MOZ,Mozambique,2022,Mozambique,3888.27,1,1,1,2022.0,0,0
MOZ,Mozambique,2023,Mozambique,3211.0,1,1,1,2023.0,0,0
MOZ,Mozambique,2024,Mozambique,683.0,1,1,1,2024.0,0,0
MRT,Mauritania,1960,Mauritania,0.0,0,0,0,,1,1
MRT,Mauritania,1961,Mauritania,0.0,0,0,0,,1,2
MRT,Mauritania,1962,Mauritania,0.0,0,0,0,,1,3
MRT,Mauritania,1963,Mauritania,0.0,0,0,0,,1,4
MRT,Mauritania,1964,Mauritania,0.0,0,0,0,,1,5
MRT,Mauritania,1965,Mauritania,0.0,0,0,0,,1,6
MRT,Mauritania,1966,Mauritania,0.0,0,0,0,,1,7
MRT,Mauritania,1967,Mauritania,0.0,0,0,0,,1,8
MRT,Mauritania,1968,Mauritania,0.0,0,0,0,,1,9
MRT,Mauritania,1969,Mauritania,1.0,1,0,0,1969.0,0,0
MRT,Mauritania,1970,Mauritania,0.0,0,1,1,1969.0,0,1
MRT,Mauritania,1971,Mauritania,0.01,1,1,1,1971.0,0,0
MRT,Mauritania,1972,Mauritania,0.29,1,1,1,1972.0,0,0
MRT,Mauritania,1973,Mauritania,0.69,1,1,1,1973.0,0,0
MRT,Mauritania,1974,Mauritania,0.24,1,1,1,1974.0,0,0
MRT,Mauritania,1975,Mauritania,0.74,1,1,1,1975.0,0,0
MRT,Mauritania,1976,Mauritania,0.54,1,1,1,1976.0,0,0
MRT,Mauritania,1977,Mauritania,3.86,1,1,1,1977.0,0,0
MRT,Mauritania,1978,Mauritania,32.38,1,1,1,1978.0,0,0
MRT,Mauritania,1979,Mauritania,23.58,1,1,1,1979.0,0,0
MRT,Mauritania,1980,Mauritania,54.27,1,1,1,1980.0,0,0
MRT,Mauritania,1981,Mauritania,36.07,1,1,1,1981.0,0,0
MRT,Mauritania,1982,Mauritania,46.33,1,1,1,1982.0,0,0
MRT,Mauritania,1983,Mauritania,68.49,1,1,1,1983.0,0,0
MRT,Mauritania,1984,Mauritania,112.44,1,1,1,1984.0,0,0
MRT,Mauritania,1985,Mauritania,87.5,1,1,1,1985.0,0,0
MRT,Mauritania,1986,Mauritania,97.92,1,1,1,1986.0,0,0
MRT,Mauritania,1987,Mauritania,112.65,1,1,1,1987.0,0,0
MRT,Mauritania,1988,Mauritania,147.23,1,1,1,1988.0,0,0
MRT,Mauritania,1989,Mauritania,294.01,1,1,1,1989.0,0,0
MRT,Mauritania,1990,Mauritania,277.05,1,1,1,1990.0,0,0
MRT,Mauritania,1991,Mauritania,309.55,1,1,1,1991.0,0,0
MRT,Mauritania,1992,Mauritania,404.12,1,1,1,1992.0,0,0
MRT,Mauritania,1993,Mauritania,696.29,1,1,1,1993.0,0,0
MRT,Mauritania,1994,Mauritania,328.63,1,1,1,1994.0,0,0
MRT,Mauritania,1995,Mauritania,312.26,1,1,1,1995.0,0,0
MRT,Mauritania,1996,Mauritania,382.95,1,1,1,1996.0,0,0
MRT,Mauritania,1997,Mauritania,291.4,1,1,1,1997.0,0,0
MRT,Mauritania,1998,Mauritania,402.24,1,1,1,1998.0,0,0
MRT,Mauritania,1999,Mauritania,489.1,1,1,1,1999.0,0,0
MRT,Mauritania,2000,Mauritania,543.61,1,1,1,2000.0,0,0
MRT,Mauritania,2001,Mauritania,361.2,1,1,1,2001.0,0,0
MRT,Mauritania,2002,Mauritania,404.5,1,1,1,2002.0,0,0
MRT,Mauritania,2003,Mauritania,399.13,1,1,1,2003.0,0,0
MRT,Mauritania,2004,Mauritania,291.61,1,1,1,2004.0,0,0
MRT,Mauritania,2005,Mauritania,301.53,1,1,1,2005.0,0,0
MRT,Mauritania,2006,Mauritania,1197.54,1,1,1,2006.0,0,0
MRT,Mauritania,2007,Mauritania,1253.64,1,1,1,2007.0,0,0
MRT,Mauritania,2008,Mauritania,1267.69,1,1,1,2008.0,0,0
MRT,Mauritania,2009,Mauritania,1191.89,1,1,1,2009.0,0,0
MRT,Mauritania,2010,Mauritania,1169.99,1,1,1,2010.0,0,0
MRT,Mauritania,2011,Mauritania,1057.29,1,1,1,2011.0,0,0
MRT,Mauritania,2012,Mauritania,1054.82,1,1,1,2012.0,0,0
MRT,Mauritania,2013,Mauritania,1055.38,1,1,1,2013.0,0,0
MRT,Mauritania,2014,Mauritania,1048.4,1,1,1,2014.0,0,0
MRT,Mauritania,2015,Mauritania,1045.02,1,1,1,2015.0,0,0
MRT,Mauritania,2016,Mauritania,1044.22,1,1,1,2016.0,0,0
MRT,Mauritania,2017,Mauritania,1045.51,1,1,1,2017.0,0,0
MRT,Mauritania,2018,Mauritania,1045.0,1,1,1,2018.0,0,0
MRT,Mauritania,2019,Mauritania,1045.15,1,1,1,2019.0,0,0
MRT,Mauritania,2020,Mauritania,1166.06,1,1,1,2020.0,0,0
MRT,Mauritania,2021,Mauritania,278.61,1,1,1,2021.0,0,0
MRT,Mauritania,2022,Mauritania,348.32,1,1,1,2022.0,0,0
MRT,Mauritania,2023,Mauritania,300.0,1,1,1,2023.0,0,0
MRT,Mauritania,2024,Mauritania,325.0,1,1,1,2024.0,0,0
MUS,Mauritius,1960,Mauritius,0.0,0,0,0,,1,1
MUS,Mauritius,1961,Mauritius,0.0,0,0,0,,1,2
MUS,Mauritius,1962,Mauritius,0.0,0,0,0,,1,3
MUS,Mauritius,1963,Mauritius,0.0,0,0,0,,1,4
MUS,Mauritius,1964,Mauritius,0.0,0,0,0,,1,5
MUS,Mauritius,1965,Mauritius,0.0,0,0,0,,1,6
MUS,Mauritius,1966,Mauritius,0.0,0,0,0,,1,7
MUS,Mauritius,1967,Mauritius,0.0,0,0,0,,1,8
MUS,Mauritius,1968,Mauritius,0.0,0,0,0,,1,9
MUS,Mauritius,1969,Mauritius,0.0,0,0,0,,1,10
MUS,Mauritius,1970,Mauritius,0.0,0,0,0,,1,11
MUS,Mauritius,1971,Mauritius,0.03,1,0,0,1971.0,0,0
MUS,Mauritius,1972,Mauritius,0.07,1,1,1,1972.0,0,0
MUS,Mauritius,1973,Mauritius,0.0,0,1,1,1972.0,0,1
MUS,Mauritius,1974,Mauritius,0.0,0,1,1,1972.0,0,2
MUS,Mauritius,1975,Mauritius,0.0,0,1,1,1972.0,0,3
MUS,Mauritius,1976,Mauritius,0.0,0,1,1,1972.0,0,4
MUS,Mauritius,1977,Mauritius,0.39,1,1,1,1977.0,0,0
MUS,Mauritius,1978,Mauritius,0.31,1,1,1,1978.0,0,0
MUS,Mauritius,1979,Mauritius,0.67,1,1,1,1979.0,0,0
MUS,Mauritius,1980,Mauritius,2.3,1,1,1,1980.0,0,0
MUS,Mauritius,1981,Mauritius,3.04,1,1,1,1981.0,0,0
MUS,Mauritius,1982,Mauritius,0.0,0,1,1,1981.0,0,1
MUS,Mauritius,1983,Mauritius,0.0,0,1,1,1981.0,0,2
MUS,Mauritius,1984,Mauritius,0.16,1,1,1,1984.0,0,0
MUS,Mauritius,1985,Mauritius,0.0,0,1,1,1984.0,0,1
MUS,Mauritius,1986,Mauritius,0.0,0,1,1,1984.0,0,2
MUS,Mauritius,1987,Mauritius,0.0,0,1,1,1984.0,0,3
MUS,Mauritius,1988,Mauritius,0.11,1,1,1,1988.0,0,0
MUS,Mauritius,1989,Mauritius,3.04,1,1,1,1989.0,0,0
MUS,Mauritius,1990,Mauritius,7.6,1,1,1,1990.0,0,0
MUS,Mauritius,1991,Mauritius,11.07,1,1,1,1991.0,0,0
MUS,Mauritius,1992,Mauritius,10.27,1,1,1,1992.0,0,0
MUS,Mauritius,1993,Mauritius,12.75,1,1,1,1993.0,0,0
MUS,Mauritius,1994,Mauritius,2.76,1,1,1,1994.0,0,0
MUS,Mauritius,1995,Mauritius,0.85,1,1,1,1995.0,0,0
MUS,Mauritius,1996,Mauritius,0.06,1,1,1,1996.0,0,0
MUS,Mauritius,1997,Mauritius,0.63,1,1,1,1997.0,0,0
MUS,Mauritius,1998,Mauritius,0.0,0,1,1,1997.0,0,1
MUS,Mauritius,1999,Mauritius,0.0,0,1,1,1997.0,0,2
MUS,Mauritius,2000,Mauritius,0.0,0,1,1,1997.0,0,3
MUS,Mauritius,2001,Mauritius,0.0,0,1,1,1997.0,0,4
MUS,Mauritius,2002,Mauritius,0.0,0,1,1,1997.0,0,5
MUS,Mauritius,2003,Mauritius,0.0,0,0,1,1997.0,0,6
MUS,Mauritius,2004,Mauritius,0.0,0,0,1,1997.0,0,7
MUS,Mauritius,2005,Mauritius,0.0,0,0,1,1997.0,0,8
MUS,Mauritius,2006,Mauritius,0.0,0,0,1,1997.0,0,9
MUS,Mauritius,2007,Mauritius,0.0,0,0,1,1997.0,0,10
MUS,Mauritius,2008,Mauritius,0.0,0,0,0,1997.0,0,11
MUS,Mauritius,2009,Mauritius,0.0,0,0,0,1997.0,0,12
MUS,Mauritius,2010,Mauritius,0.0,0,0,0,1997.0,0,13
MUS,Mauritius,2011,Mauritius,0.02,1,0,0,2011.0,0,0
MUS,Mauritius,2012,Mauritius,3.7,1,1,1,2012.0,0,0
MUS,Mauritius,2013,Mauritius,4.26,1,1,1,2013.0,0,0
MUS,Mauritius,2014,Mauritius,6.74,1,1,1,2014.0,0,0
MUS,Mauritius,2015,Mauritius,7.57,1,1,1,2015.0,0,0
MUS,Mauritius,2016,Mauritius,6.44,1,1,1,2016.0,0,0
MUS,Mauritius,2017,Mauritius,8.38,1,1,1,2017.0,0,0
MUS,Mauritius,2018,Mauritius,0.1,1,1,1,2018.0,0,0
MUS,Mauritius,2019,Mauritius,11.72,1,1,1,2019.0,0,0
MUS,Mauritius,2020,Mauritius,5.8,1,1,1,2020.0,0,0
MUS,Mauritius,2021,Mauritius,6.21,1,1,1,2021.0,0,0
MUS,Mauritius,2022,Mauritius,7.36,1,1,1,2022.0,0,0
MUS,Mauritius,2023,Mauritius,14.27,1,1,1,2023.0,0,0
MUS,Mauritius,2024,Mauritius,8.27,1,1,1,2024.0,0,0
MWI,Malawi,1960,Malawi,0.0,0,0,0,,1,1
MWI,Malawi,1961,Malawi,0.0,0,0,0,,1,2
MWI,Malawi,1962,Malawi,0.0,0,0,0,,1,3
MWI,Malawi,1963,Malawi,0.0,0,0,0,,1,4
MWI,Malawi,1964,Malawi,0.0,0,0,0,,1,5
MWI,Malawi,1965,Malawi,0.0,0,0,0,,1,6
MWI,Malawi,1966,Malawi,0.0,0,0,0,,1,7
MWI,Malawi,1967,Malawi,0.0,0,0,0,,1,8
MWI,Malawi,1968,Malawi,0.0,0,0,0,,1,9
MWI,Malawi,1969,Malawi,0.0,0,0,0,,1,10
MWI,Malawi,1970,Malawi,0.0,0,0,0,,1,11
MWI,Malawi,1971,Malawi,0.0,0,0,0,,1,12
MWI,Malawi,1972,Malawi,0.0,0,0,0,,1,13
MWI,Malawi,1973,Malawi,0.0,0,0,0,,1,14
MWI,Malawi,1974,Malawi,0.0,0,0,0,,1,15
MWI,Malawi,1975,Malawi,0.0,0,0,0,,1,16
MWI,Malawi,1976,Malawi,0.0,0,0,0,,1,17
MWI,Malawi,1977,Malawi,0.0,0,0,0,,1,18
MWI,Malawi,1978,Malawi,0.0,0,0,0,,1,19
MWI,Malawi,1979,Malawi,0.0,0,0,0,,1,20
MWI,Malawi,1980,Malawi,3.96,1,0,0,1980.0,0,0
MWI,Malawi,1981,Malawi,0.38,1,1,1,1981.0,0,0
MWI,Malawi,1982,Malawi,71.05,1,1,1,1982.0,0,0
MWI,Malawi,1983,Malawi,87.0,1,1,1,1983.0,0,0
MWI,Malawi,1984,Malawi,0.0,0,1,1,1983.0,0,1
MWI,Malawi,1985,Malawi,1.7,1,1,1,1985.0,0,0
MWI,Malawi,1986,Malawi,1.1,1,1,1,1986.0,0,0
MWI,Malawi,1987,Malawi,28.08,1,1,1,1987.0,0,0
MWI,Malawi,1988,Malawi,55.0,1,1,1,1988.0,0,0
MWI,Malawi,1989,Malawi,47.01,1,1,1,1989.0,0,0
MWI,Malawi,1990,Malawi,76.35,1,1,1,1990.0,0,0
MWI,Malawi,1991,Malawi,7.63,1,1,1,1991.0,0,0
MWI,Malawi,1992,Malawi,5.22,1,1,1,1992.0,0,0
MWI,Malawi,1993,Malawi,8.28,1,1,1,1993.0,0,0
MWI,Malawi,1994,Malawi,15.91,1,1,1,1994.0,0,0
MWI,Malawi,1995,Malawi,8.65,1,1,1,1995.0,0,0
MWI,Malawi,1996,Malawi,20.2,1,1,1,1996.0,0,0
MWI,Malawi,1997,Malawi,20.1,1,1,1,1997.0,0,0
MWI,Malawi,1998,Malawi,51.21,1,1,1,1998.0,0,0
MWI,Malawi,1999,Malawi,71.55,1,1,1,1999.0,0,0
MWI,Malawi,2000,Malawi,109.19,1,1,1,2000.0,0,0
MWI,Malawi,2001,Malawi,202.14,1,1,1,2001.0,0,0
MWI,Malawi,2002,Malawi,108.69,1,1,1,2002.0,0,0
MWI,Malawi,2003,Malawi,123.91,1,1,1,2003.0,0,0
MWI,Malawi,2004,Malawi,85.1,1,1,1,2004.0,0,0
MWI,Malawi,2005,Malawi,95.67,1,1,1,2005.0,0,0
MWI,Malawi,2006,Malawi,2680.86,1,1,1,2006.0,0,0
MWI,Malawi,2007,Malawi,79.09,1,1,1,2007.0,0,0
MWI,Malawi,2008,Malawi,15.68,1,1,1,2008.0,0,0
MWI,Malawi,2009,Malawi,11.05,1,1,1,2009.0,0,0
MWI,Malawi,2010,Malawi,0.82,1,1,1,2010.0,0,0
MWI,Malawi,2011,Malawi,0.97,1,1,1,2011.0,0,0
MWI,Malawi,2012,Malawi,1.49,1,1,1,2012.0,0,0
MWI,Malawi,2013,Malawi,6.36,1,1,1,2013.0,0,0
MWI,Malawi,2014,Malawi,11.56,1,1,1,2014.0,0,0
MWI,Malawi,2015,Malawi,2.63,1,1,1,2015.0,0,0
MWI,Malawi,2016,Malawi,3.33,1,1,1,2016.0,0,0
MWI,Malawi,2017,Malawi,11.99,1,1,1,2017.0,0,0
MWI,Malawi,2018,Malawi,5.0,1,1,1,2018.0,0,0
MWI,Malawi,2019,Malawi,5.35,1,1,1,2019.0,0,0
MWI,Malawi,2020,Malawi,5.73,1,1,1,2020.0,0,0
MWI,Malawi,2021,Malawi,5.66,1,1,1,2021.0,0,0
MWI,Malawi,2022,Malawi,2.11,1,1,1,2022.0,0,0
MWI,Malawi,2023,Malawi,1055.0,1,1,1,2023.0,0,0
MWI,Malawi,2024,Malawi,1314.0,1,1,1,2024.0,0,0
MYS,Malaysia,1960,Malaysia,0.0,0,0,0,,1,1
MYS,Malaysia,1961,Malaysia,0.0,0,0,0,,1,2
MYS,Malaysia,1962,Malaysia,0.0,0,0,0,,1,3
MYS,Malaysia,1963,Malaysia,0.0,0,0,0,,1,4
MYS,Malaysia,1964,Malaysia,0.0,0,0,0,,1,5
MYS,Malaysia,1965,Malaysia,0.0,0,0,0,,1,6
MYS,Malaysia,1966,Malaysia,0.0,0,0,0,,1,7
MYS,Malaysia,1967,Malaysia,0.0,0,0,0,,1,8
MYS,Malaysia,1968,Malaysia,0.0,0,0,0,,1,9
MYS,Malaysia,1969,Malaysia,0.0,0,0,0,,1,10
MYS,Malaysia,1970,Malaysia,0.0,0,0,0,,1,11
MYS,Malaysia,1971,Malaysia,0.0,0,0,0,,1,12
MYS,Malaysia,1972,Malaysia,0.0,0,0,0,,1,13
MYS,Malaysia,1973,Malaysia,0.0,0,0,0,,1,14
MYS,Malaysia,1974,Malaysia,0.0,0,0,0,,1,15
MYS,Malaysia,1975,Malaysia,0.0,0,0,0,,1,16
MYS,Malaysia,1976,Malaysia,0.0,0,0,0,,1,17
MYS,Malaysia,1977,Malaysia,0.0,0,0,0,,1,18
MYS,Malaysia,1978,Malaysia,0.0,0,0,0,,1,19
MYS,Malaysia,1979,Malaysia,0.0,0,0,0,,1,20
MYS,Malaysia,1980,Malaysia,0.0,0,0,0,,1,21
MYS,Malaysia,1981,Malaysia,0.0,0,0,0,,1,22
MYS,Malaysia,1982,Malaysia,0.0,0,0,0,,1,23
MYS,Malaysia,1983,Malaysia,0.0,0,0,0,,1,24
MYS,Malaysia,1984,Malaysia,0.0,0,0,0,,1,25
MYS,Malaysia,1985,Malaysia,0.0,0,0,0,,1,26
MYS,Malaysia,1986,Malaysia,0.0,0,0,0,,1,27
MYS,Malaysia,1987,Malaysia,0.0,0,0,0,,1,28
MYS,Malaysia,1988,Malaysia,0.0,0,0,0,,1,29
MYS,Malaysia,1989,Malaysia,0.0,0,0,0,,1,30
MYS,Malaysia,1990,Malaysia,0.0,0,0,0,,1,31
MYS,Malaysia,1991,Malaysia,0.0,0,0,0,,1,32
MYS,Malaysia,1992,Malaysia,0.0,0,0,0,,1,33
MYS,Malaysia,1993,Malaysia,0.0,0,0,0,,1,34
MYS,Malaysia,1994,Malaysia,0.0,0,0,0,,1,35
MYS,Malaysia,1995,Malaysia,0.0,0,0,0,,1,36
MYS,Malaysia,1996,Malaysia,0.0,0,0,0,,1,37
MYS,Malaysia,1997,Malaysia,0.0,0,0,0,,1,38
MYS,Malaysia,1998,Malaysia,0.0,0,0,0,,1,39
MYS,Malaysia,1999,Malaysia,0.0,0,0,0,,1,40
MYS,Malaysia,2000,Malaysia,0.0,0,0,0,,1,41
MYS,Malaysia,2001,Malaysia,0.0,0,0,0,,1,42
MYS,Malaysia,2002,Malaysia,0.0,0,0,0,,1,43
MYS,Malaysia,2003,Malaysia,0.0,0,0,0,,1,44
MYS,Malaysia,2004,Malaysia,0.0,0,0,0,,1,45
MYS,Malaysia,2005,Malaysia,0.0,0,0,0,,1,46
MYS,Malaysia,2006,Malaysia,0.0,0,0,0,,1,47
MYS,Malaysia,2007,Malaysia,0.0,0,0,0,,1,48
MYS,Malaysia,2008,Malaysia,0.0,0,0,0,,1,49
MYS,Malaysia,2009,Malaysia,0.0,0,0,0,,1,50
MYS,Malaysia,2010,Malaysia,0.0,0,0,0,,1,51
MYS,Malaysia,2011,Malaysia,0.0,0,0,0,,1,52
MYS,Malaysia,2012,Malaysia,0.0,0,0,0,,1,53
MYS,Malaysia,2013,Malaysia,0.0,0,0,0,,1,54
MYS,Malaysia,2014,Malaysia,0.0,0,0,0,,1,55
MYS,Malaysia,2015,Malaysia,0.0,0,0,0,,1,56
MYS,Malaysia,2016,Malaysia,0.0,0,0,0,,1,57
MYS,Malaysia,2017,Malaysia,0.0,0,0,0,,1,58
MYS,Malaysia,2018,Malaysia,0.0,0,0,0,,1,59
MYS,Malaysia,2019,Malaysia,0.0,0,0,0,,1,60
MYS,Malaysia,2020,Malaysia,0.0,0,0,0,,1,61
MYS,Malaysia,2021,Malaysia,0.0,0,0,0,,1,62
MYS,Malaysia,2022,Malaysia,0.0,0,0,0,,1,63
MYS,Malaysia,2023,Malaysia,0.0,0,0,0,,1,64
MYS,Malaysia,2024,Malaysia,0.0,0,0,0,,1,65
NAM,Namibia,1960,Namibia,0.0,0,0,0,,1,1
NAM,Namibia,1961,Namibia,0.0,0,0,0,,1,2
NAM,Namibia,1962,Namibia,0.0,0,0,0,,1,3
NAM,Namibia,1963,Namibia,0.0,0,0,0,,1,4
NAM,Namibia,1964,Namibia,0.0,0,0,0,,1,5
NAM,Namibia,1965,Namibia,0.0,0,0,0,,1,6
NAM,Namibia,1966,Namibia,0.0,0,0,0,,1,7
NAM,Namibia,1967,Namibia,0.0,0,0,0,,1,8
NAM,Namibia,1968,Namibia,0.0,0,0,0,,1,9
NAM,Namibia,1969,Namibia,0.0,0,0,0,,1,10
NAM,Namibia,1970,Namibia,0.0,0,0,0,,1,11
NAM,Namibia,1971,Namibia,0.0,0,0,0,,1,12
NAM,Namibia,1972,Namibia,0.0,0,0,0,,1,13
NAM,Namibia,1973,Namibia,0.0,0,0,0,,1,14
NAM,Namibia,1974,Namibia,0.0,0,0,0,,1,15
NAM,Namibia,1975,Namibia,0.0,0,0,0,,1,16
NAM,Namibia,1976,Namibia,0.0,0,0,0,,1,17
NAM,Namibia,1977,Namibia,0.0,0,0,0,,1,18
NAM,Namibia,1978,Namibia,0.0,0,0,0,,1,19
NAM,Namibia,1979,Namibia,0.0,0,0,0,,1,20
NAM,Namibia,1980,Namibia,0.0,0,0,0,,1,21
NAM,Namibia,1981,Namibia,0.0,0,0,0,,1,22
NAM,Namibia,1982,Namibia,0.0,0,0,0,,1,23
NAM,Namibia,1983,Namibia,0.0,0,0,0,,1,24
NAM,Namibia,1984,Namibia,0.0,0,0,0,,1,25
NAM,Namibia,1985,Namibia,0.0,0,0,0,,1,26
NAM,Namibia,1986,Namibia,0.0,0,0,0,,1,27
NAM,Namibia,1987,Namibia,0.0,0,0,0,,1,28
NAM,Namibia,1988,Namibia,0.0,0,0,0,,1,29
NAM,Namibia,1989,Namibia,0.0,0,0,0,,1,30
NAM,Namibia,1990,Namibia,0.0,0,0,0,,1,31
NAM,Namibia,1991,Namibia,0.0,0,0,0,,1,32
NAM,Namibia,1992,Namibia,0.0,0,0,0,,1,33
NAM,Namibia,1993,Namibia,0.0,0,0,0,,1,34
NAM,Namibia,1994,Namibia,0.0,0,0,0,,1,35
NAM,Namibia,1995,Namibia,0.0,0,0,0,,1,36
NAM,Namibia,1996,Namibia,0.0,0,0,0,,1,37
NAM,Namibia,1997,Namibia,6.32,1,0,0,1997.0,0,0
NAM,Namibia,1998,Namibia,0.0,0,1,1,1997.0,0,1
NAM,Namibia,1999,Namibia,0.0,0,1,1,1997.0,0,2
NAM,Namibia,2000,Namibia,0.0,0,1,1,1997.0,0,3
NAM,Namibia,2001,Namibia,0.0,0,1,1,1997.0,0,4
NAM,Namibia,2002,Namibia,0.0,0,1,1,1997.0,0,5
NAM,Namibia,2003,Namibia,0.0,0,0,1,1997.0,0,6
NAM,Namibia,2004,Namibia,0.0,0,0,1,1997.0,0,7
NAM,Namibia,2005,Namibia,0.0,0,0,1,1997.0,0,8
NAM,Namibia,2006,Namibia,0.0,0,0,1,1997.0,0,9
NAM,Namibia,2007,Namibia,0.0,0,0,1,1997.0,0,10
NAM,Namibia,2008,Namibia,0.0,0,0,0,1997.0,0,11
NAM,Namibia,2009,Namibia,0.0,0,0,0,1997.0,0,12
NAM,Namibia,2010,Namibia,0.0,0,0,0,1997.0,0,13
NAM,Namibia,2011,Namibia,0.0,0,0,0,1997.0,0,14
NAM,Namibia,2012,Namibia,0.0,0,0,0,1997.0,0,15
NAM,Namibia,2013,Namibia,0.0,0,0,0,1997.0,0,16
NAM,Namibia,2014,Namibia,0.0,0,0,0,1997.0,0,17
NAM,Namibia,2015,Namibia,0.0,0,0,0,1997.0,0,18
NAM,Namibia,2016,Namibia,0.0,0,0,0,1997.0,0,19
NAM,Namibia,2017,Namibia,0.0,0,0,0,1997.0,0,20
NAM,Namibia,2018,Namibia,0.0,0,0,0,1997.0,0,21
NAM,Namibia,2019,Namibia,0.0,0,0,0,1997.0,0,22
NAM,Namibia,2020,Namibia,0.0,0,0,0,1997.0,0,23
NAM,Namibia,2021,Namibia,0.0,0,0,0,1997.0,0,24
NAM,Namibia,2022,Namibia,0.0,0,0,0,1997.0,0,25
NAM,Namibia,2023,Namibia,0.0,0,0,0,1997.0,0,26
NAM,Namibia,2024,Namibia,0.0,0,0,0,1997.0,0,27
NCL,New Caledonia,1960,,0.0,0,0,0,,1,1
NCL,New Caledonia,1961,,0.0,0,0,0,,1,2
NCL,New Caledonia,1962,,0.0,0,0,0,,1,3
NCL,New Caledonia,1963,,0.0,0,0,0,,1,4
NCL,New Caledonia,1964,,0.0,0,0,0,,1,5
NCL,New Caledonia,1965,,0.0,0,0,0,,1,6
NCL,New Caledonia,1966,,0.0,0,0,0,,1,7
NCL,New Caledonia,1967,,0.0,0,0,0,,1,8
NCL,New Caledonia,1968,,0.0,0,0,0,,1,9
NCL,New Caledonia,1969,,0.0,0,0,0,,1,10
NCL,New Caledonia,1970,,0.0,0,0,0,,1,11
NCL,New Caledonia,1971,,0.0,0,0,0,,1,12
NCL,New Caledonia,1972,,0.0,0,0,0,,1,13
NCL,New Caledonia,1973,,0.0,0,0,0,,1,14
NCL,New Caledonia,1974,,0.0,0,0,0,,1,15
NCL,New Caledonia,1975,,0.0,0,0,0,,1,16
NCL,New Caledonia,1976,,0.0,0,0,0,,1,17
NCL,New Caledonia,1977,,0.0,0,0,0,,1,18
NCL,New Caledonia,1978,,0.0,0,0,0,,1,19
NCL,New Caledonia,1979,,0.0,0,0,0,,1,20
NCL,New Caledonia,1980,,0.0,0,0,0,,1,21
NCL,New Caledonia,1981,,0.0,0,0,0,,1,22
NCL,New Caledonia,1982,,0.0,0,0,0,,1,23
NCL,New Caledonia,1983,,0.0,0,0,0,,1,24
NCL,New Caledonia,1984,,0.0,0,0,0,,1,25
NCL,New Caledonia,1985,,0.0,0,0,0,,1,26
NCL,New Caledonia,1986,,0.0,0,0,0,,1,27
NCL,New Caledonia,1987,,0.0,0,0,0,,1,28
NCL,New Caledonia,1988,,0.0,0,0,0,,1,29
NCL,New Caledonia,1989,,0.0,0,0,0,,1,30
NCL,New Caledonia,1990,,0.0,0,0,0,,1,31
NCL,New Caledonia,1991,,0.0,0,0,0,,1,32
NCL,New Caledonia,1992,,0.0,0,0,0,,1,33
NCL,New Caledonia,1993,,0.0,0,0,0,,1,34
NCL,New Caledonia,1994,,0.0,0,0,0,,1,35
NCL,New Caledonia,1995,,0.0,0,0,0,,1,36
NCL,New Caledonia,1996,,0.0,0,0,0,,1,37
NCL,New Caledonia,1997,,0.0,0,0,0,,1,38
NCL,New Caledonia,1998,,0.0,0,0,0,,1,39
NCL,New Caledonia,1999,,0.0,0,0,0,,1,40
NCL,New Caledonia,2000,,0.0,0,0,0,,1,41
NCL,New Caledonia,2001,,0.0,0,0,0,,1,42
NCL,New Caledonia,2002,,0.0,0,0,0,,1,43
NCL,New Caledonia,2003,,0.0,0,0,0,,1,44
NCL,New Caledonia,2004,,0.0,0,0,0,,1,45
NCL,New Caledonia,2005,,0.0,0,0,0,,1,46
NCL,New Caledonia,2006,,0.0,0,0,0,,1,47
NCL,New Caledonia,2007,,0.0,0,0,0,,1,48
NCL,New Caledonia,2008,,0.0,0,0,0,,1,49
NCL,New Caledonia,2009,,0.0,0,0,0,,1,50
NCL,New Caledonia,2010,,0.0,0,0,0,,1,51
NCL,New Caledonia,2011,,0.0,0,0,0,,1,52
NCL,New Caledonia,2012,,0.0,0,0,0,,1,53
NCL,New Caledonia,2013,,0.0,0,0,0,,1,54
NCL,New Caledonia,2014,,0.0,0,0,0,,1,55
NCL,New Caledonia,2015,,0.0,0,0,0,,1,56
NCL,New Caledonia,2016,,0.0,0,0,0,,1,57
NCL,New Caledonia,2017,,0.0,0,0,0,,1,58
NCL,New Caledonia,2018,,0.0,0,0,0,,1,59
NCL,New Caledonia,2019,,0.0,0,0,0,,1,60
NCL,New Caledonia,2020,,0.0,0,0,0,,1,61
NCL,New Caledonia,2021,,0.0,0,0,0,,1,62
NCL,New Caledonia,2022,,0.0,0,0,0,,1,63
NCL,New Caledonia,2023,,0.0,0,0,0,,1,64
NCL,New Caledonia,2024,,0.0,0,0,0,,1,65
NER,Niger,1960,Niger,0.0,0,0,0,,1,1
NER,Niger,1961,Niger,0.0,0,0,0,,1,2
NER,Niger,1962,Niger,0.0,0,0,0,,1,3
NER,Niger,1963,Niger,0.0,0,0,0,,1,4
NER,Niger,1964,Niger,0.0,0,0,0,,1,5
NER,Niger,1965,Niger,0.0,0,0,0,,1,6
NER,Niger,1966,Niger,0.0,0,0,0,,1,7
NER,Niger,1967,Niger,0.0,0,0,0,,1,8
NER,Niger,1968,Niger,0.0,0,0,0,,1,9
NER,Niger,1969,Niger,0.0,0,0,0,,1,10
NER,Niger,1970,Niger,0.0,0,0,0,,1,11
NER,Niger,1971,Niger,0.12,1,0,0,1971.0,0,0
NER,Niger,1972,Niger,0.26,1,1,1,1972.0,0,0
NER,Niger,1973,Niger,0.38,1,1,1,1973.0,0,0
NER,Niger,1974,Niger,0.53,1,1,1,1974.0,0,0
NER,Niger,1975,Niger,0.77,1,1,1,1975.0,0,0
NER,Niger,1976,Niger,0.85,1,1,1,1976.0,0,0
NER,Niger,1977,Niger,0.24,1,1,1,1977.0,0,0
NER,Niger,1978,Niger,0.79,1,1,1,1978.0,0,0
NER,Niger,1979,Niger,1.33,1,1,1,1979.0,0,0
NER,Niger,1980,Niger,1.57,1,1,1,1980.0,0,0
NER,Niger,1981,Niger,2.57,1,1,1,1981.0,0,0
NER,Niger,1982,Niger,1.17,1,1,1,1982.0,0,0
NER,Niger,1983,Niger,35.12,1,1,1,1983.0,0,0
NER,Niger,1984,Niger,62.3,1,1,1,1984.0,0,0
NER,Niger,1985,Niger,40.47,1,1,1,1985.0,0,0
NER,Niger,1986,Niger,78.03,1,1,1,1986.0,0,0
NER,Niger,1987,Niger,115.84,1,1,1,1987.0,0,0
NER,Niger,1988,Niger,187.12,1,1,1,1988.0,0,0
NER,Niger,1989,Niger,446.41,1,1,1,1989.0,0,0
NER,Niger,1990,Niger,317.41,1,1,1,1990.0,0,0
NER,Niger,1991,Niger,243.82,1,1,1,1991.0,0,0
NER,Niger,1992,Niger,133.58,1,1,1,1992.0,0,0
NER,Niger,1993,Niger,200.02,1,1,1,1993.0,0,0
NER,Niger,1994,Niger,290.1,1,1,1,1994.0,0,0
NER,Niger,1995,Niger,131.94,1,1,1,1995.0,0,0
NER,Niger,1996,Niger,171.0,1,1,1,1996.0,0,0
NER,Niger,1997,Niger,117.08,1,1,1,1997.0,0,0
NER,Niger,1998,Niger,119.55,1,1,1,1998.0,0,0
NER,Niger,1999,Niger,151.14,1,1,1,1999.0,0,0
NER,Niger,2000,Niger,162.83,1,1,1,2000.0,0,0
NER,Niger,2001,Niger,229.55,1,1,1,2001.0,0,0
NER,Niger,2002,Niger,190.05,1,1,1,2002.0,0,0
NER,Niger,2003,Niger,81.39,1,1,1,2003.0,0,0
NER,Niger,2004,Niger,585.23,1,1,1,2004.0,0,0
NER,Niger,2005,Niger,113.03,1,1,1,2005.0,0,0
NER,Niger,2006,Niger,1407.4,1,1,1,2006.0,0,0
NER,Niger,2007,Niger,90.25,1,1,1,2007.0,0,0
NER,Niger,2008,Niger,113.89,1,1,1,2008.0,0,0
NER,Niger,2009,Niger,74.25,1,1,1,2009.0,0,0
NER,Niger,2010,Niger,91.33,1,1,1,2010.0,0,0
NER,Niger,2011,Niger,96.38,1,1,1,2011.0,0,0
NER,Niger,2012,Niger,98.5,1,1,1,2012.0,0,0
NER,Niger,2013,Niger,102.37,1,1,1,2013.0,0,0
NER,Niger,2014,Niger,108.45,1,1,1,2014.0,0,0
NER,Niger,2015,Niger,233.81,1,1,1,2015.0,0,0
NER,Niger,2016,Niger,53.56,1,1,1,2016.0,0,0
NER,Niger,2017,Niger,885.32,1,1,1,2017.0,0,0
NER,Niger,2018,Niger,283.32,1,1,1,2018.0,0,0
NER,Niger,2019,Niger,162.63,1,1,1,2019.0,0,0
NER,Niger,2020,Niger,73.97,1,1,1,2020.0,0,0
NER,Niger,2021,Niger,81.0,1,1,1,2021.0,0,0
NER,Niger,2022,Niger,57.96,1,1,1,2022.0,0,0
NER,Niger,2023,Niger,675.0,1,1,1,2023.0,0,0
NER,Niger,2024,Niger,81.72,1,1,1,2024.0,0,0
NGA,Nigeria,1960,Nigeria,0.0,0,0,0,,1,1
NGA,Nigeria,1961,Nigeria,0.0,0,0,0,,1,2
NGA,Nigeria,1962,Nigeria,0.0,0,0,0,,1,3
NGA,Nigeria,1963,Nigeria,0.0,0,0,0,,1,4
NGA,Nigeria,1964,Nigeria,0.0,0,0,0,,1,5
NGA,Nigeria,1965,Nigeria,0.0,0,0,0,,1,6
NGA,Nigeria,1966,Nigeria,0.0,0,0,0,,1,7
NGA,Nigeria,1967,Nigeria,290.0,1,0,0,1967.0,0,0
NGA,Nigeria,1968,Nigeria,0.0,0,1,1,1967.0,0,1
NGA,Nigeria,1969,Nigeria,0.0,0,1,1,1967.0,0,2
NGA,Nigeria,1970,Nigeria,114.16,1,1,1,1970.0,0,0
NGA,Nigeria,1971,Nigeria,0.25,1,1,1,1971.0,0,0
NGA,Nigeria,1972,Nigeria,9.73,1,1,1,1972.0,0,0
NGA,Nigeria,1973,Nigeria,7.5,1,1,1,1973.0,0,0
NGA,Nigeria,1974,Nigeria,6.1,1,1,1,1974.0,0,0
NGA,Nigeria,1975,Nigeria,4.03,1,1,1,1975.0,0,0
NGA,Nigeria,1976,Nigeria,2.64,1,1,1,1976.0,0,0
NGA,Nigeria,1977,Nigeria,0.32,1,1,1,1977.0,0,0
NGA,Nigeria,1978,Nigeria,0.47,1,1,1,1978.0,0,0
NGA,Nigeria,1979,Nigeria,0.03,1,1,1,1979.0,0,0
NGA,Nigeria,1980,Nigeria,0.3,1,1,1,1980.0,0,0
NGA,Nigeria,1981,Nigeria,4.54,1,1,1,1981.0,0,0
NGA,Nigeria,1982,Nigeria,1747.21,1,1,1,1982.0,0,0
NGA,Nigeria,1983,Nigeria,1953.21,1,1,1,1983.0,0,0
NGA,Nigeria,1984,Nigeria,7051.84,1,1,1,1984.0,0,0
NGA,Nigeria,1985,Nigeria,1190.5,1,1,1,1985.0,0,0
NGA,Nigeria,1986,Nigeria,10987.0,1,1,1,1986.0,0,0
NGA,Nigeria,1987,Nigeria,11725.44,1,1,1,1987.0,0,0
NGA,Nigeria,1988,Nigeria,13305.81,1,1,1,1988.0,0,0
NGA,Nigeria,1989,Nigeria,13221.0,1,1,1,1989.0,0,0
NGA,Nigeria,1990,Nigeria,7802.47,1,1,1,1990.0,0,0
NGA,Nigeria,1991,Nigeria,9127.0,1,1,1,1991.0,0,0
NGA,Nigeria,1992,Nigeria,18444.18,1,1,1,1992.0,0,0
NGA,Nigeria,1993,Nigeria,6334.48,1,1,1,1993.0,0,0
NGA,Nigeria,1994,Nigeria,9647.15,1,1,1,1994.0,0,0
NGA,Nigeria,1995,Nigeria,13164.65,1,1,1,1995.0,0,0
NGA,Nigeria,1996,Nigeria,15537.05,1,1,1,1996.0,0,0
NGA,Nigeria,1997,Nigeria,15807.48,1,1,1,1997.0,0,0
NGA,Nigeria,1998,Nigeria,17877.34,1,1,1,1998.0,0,0
NGA,Nigeria,1999,Nigeria,18328.91,1,1,1,1999.0,0,0
NGA,Nigeria,2000,Nigeria,25957.78,1,1,1,2000.0,0,0
NGA,Nigeria,2001,Nigeria,26012.77,1,1,1,2001.0,0,0
NGA,Nigeria,2002,Nigeria,26303.8,1,1,1,2002.0,0,0
NGA,Nigeria,2003,Nigeria,27803.84,1,1,1,2003.0,0,0
NGA,Nigeria,2004,Nigeria,29341.5,1,1,1,2004.0,0,0
NGA,Nigeria,2005,Nigeria,30096.0,1,1,1,2005.0,0,0
NGA,Nigeria,2006,Nigeria,10886.66,1,1,1,2006.0,0,0
NGA,Nigeria,2007,Nigeria,0.0,0,1,1,2006.0,0,1
NGA,Nigeria,2008,Nigeria,0.0,0,1,1,2006.0,0,2
NGA,Nigeria,2009,Nigeria,0.0,0,1,1,2006.0,0,3
NGA,Nigeria,2010,Nigeria,0.0,0,1,1,2006.0,0,4
NGA,Nigeria,2011,Nigeria,0.0,0,1,1,2006.0,0,5
NGA,Nigeria,2012,Nigeria,0.0,0,0,1,2006.0,0,6
NGA,Nigeria,2013,Nigeria,23.52,1,0,1,2013.0,0,0
NGA,Nigeria,2014,Nigeria,0.54,1,1,1,2014.0,0,0
NGA,Nigeria,2015,Nigeria,0.0,0,1,1,2014.0,0,1
NGA,Nigeria,2016,Nigeria,0.0,0,1,1,2014.0,0,2
NGA,Nigeria,2017,Nigeria,0.0,0,1,1,2014.0,0,3
NGA,Nigeria,2018,Nigeria,0.0,0,1,1,2014.0,0,4
NGA,Nigeria,2019,Nigeria,0.71,1,1,1,2019.0,0,0
NGA,Nigeria,2020,Nigeria,0.01,1,1,1,2020.0,0,0
NGA,Nigeria,2021,Nigeria,0.0,0,1,1,2020.0,0,1
NGA,Nigeria,2022,Nigeria,6.85,1,1,1,2022.0,0,0
NGA,Nigeria,2023,Nigeria,9.0,1,1,1,2023.0,0,0
NGA,Nigeria,2024,Nigeria,5.0,1,1,1,2024.0,0,0
NIC,Nicaragua,1960,Nicaragua,0.0,0,0,0,,1,1
NIC,Nicaragua,1961,Nicaragua,0.0,0,0,0,,1,2
NIC,Nicaragua,1962,Nicaragua,0.0,0,0,0,,1,3
NIC,Nicaragua,1963,Nicaragua,0.0,0,0,0,,1,4
NIC,Nicaragua,1964,Nicaragua,0.0,0,0,0,,1,5
NIC,Nicaragua,1965,Nicaragua,0.0,0,0,0,,1,6
NIC,Nicaragua,1966,Nicaragua,0.0,0,0,0,,1,7
NIC,Nicaragua,1967,Nicaragua,0.0,0,0,0,,1,8
NIC,Nicaragua,1968,Nicaragua,0.0,0,0,0,,1,9
NIC,Nicaragua,1969,Nicaragua,0.0,0,0,0,,1,10
NIC,Nicaragua,1970,Nicaragua,0.0,0,0,0,,1,11
NIC,Nicaragua,1971,Nicaragua,0.0,0,0,0,,1,12
NIC,Nicaragua,1972,Nicaragua,0.0,0,0,0,,1,13
NIC,Nicaragua,1973,Nicaragua,0.13,1,0,0,1973.0,0,0
NIC,Nicaragua,1974,Nicaragua,0.0,0,1,1,1973.0,0,1
NIC,Nicaragua,1975,Nicaragua,1.16,1,1,1,1975.0,0,0
NIC,Nicaragua,1976,Nicaragua,4.88,1,1,1,1976.0,0,0
NIC,Nicaragua,1977,Nicaragua,11.85,1,1,1,1977.0,0,0
NIC,Nicaragua,1978,Nicaragua,93.01,1,1,1,1978.0,0,0
NIC,Nicaragua,1979,Nicaragua,429.05,1,1,1,1979.0,0,0
NIC,Nicaragua,1980,Nicaragua,626.51,1,1,1,1980.0,0,0
NIC,Nicaragua,1981,Nicaragua,204.39,1,1,1,1981.0,0,0
NIC,Nicaragua,1982,Nicaragua,111.73,1,1,1,1982.0,0,0
NIC,Nicaragua,1983,Nicaragua,322.65,1,1,1,1983.0,0,0
NIC,Nicaragua,1984,Nicaragua,500.15,1,1,1,1984.0,0,0
NIC,Nicaragua,1985,Nicaragua,714.63,1,1,1,1985.0,0,0
NIC,Nicaragua,1986,Nicaragua,1070.86,1,1,1,1986.0,0,0
NIC,Nicaragua,1987,Nicaragua,1758.35,1,1,1,1987.0,0,0
NIC,Nicaragua,1988,Nicaragua,3945.04,1,1,1,1988.0,0,0
NIC,Nicaragua,1989,Nicaragua,3849.02,1,1,1,1989.0,0,0
NIC,Nicaragua,1990,Nicaragua,4200.45,1,1,1,1990.0,0,0
NIC,Nicaragua,1991,Nicaragua,5117.89,1,1,1,1991.0,0,0
NIC,Nicaragua,1992,Nicaragua,4741.04,1,1,1,1992.0,0,0
NIC,Nicaragua,1993,Nicaragua,5243.02,1,1,1,1993.0,0,0
NIC,Nicaragua,1994,Nicaragua,6471.9,1,1,1,1994.0,0,0
NIC,Nicaragua,1995,Nicaragua,8193.28,1,1,1,1995.0,0,0
NIC,Nicaragua,1996,Nicaragua,4255.55,1,1,1,1996.0,0,0
NIC,Nicaragua,1997,Nicaragua,2460.16,1,1,1,1997.0,0,0
NIC,Nicaragua,1998,Nicaragua,2907.14,1,1,1,1998.0,0,0
NIC,Nicaragua,1999,Nicaragua,3287.82,1,1,1,1999.0,0,0
NIC,Nicaragua,2000,Nicaragua,2830.87,1,1,1,2000.0,0,0
NIC,Nicaragua,2001,Nicaragua,2516.04,1,1,1,2001.0,0,0
NIC,Nicaragua,2002,Nicaragua,2659.58,1,1,1,2002.0,0,0
NIC,Nicaragua,2003,Nicaragua,2558.7,1,1,1,2003.0,0,0
NIC,Nicaragua,2004,Nicaragua,2799.96,1,1,1,2004.0,0,0
NIC,Nicaragua,2005,Nicaragua,2269.53,1,1,1,2005.0,0,0
NIC,Nicaragua,2006,Nicaragua,3431.65,1,1,1,2006.0,0,0
NIC,Nicaragua,2007,Nicaragua,3504.79,1,1,1,2007.0,0,0
NIC,Nicaragua,2008,Nicaragua,3002.63,1,1,1,2008.0,0,0
NIC,Nicaragua,2009,Nicaragua,979.01,1,1,1,2009.0,0,0
NIC,Nicaragua,2010,Nicaragua,983.28,1,1,1,2010.0,0,0
NIC,Nicaragua,2011,Nicaragua,994.45,1,1,1,2011.0,0,0
NIC,Nicaragua,2012,Nicaragua,1021.78,1,1,1,2012.0,0,0
NIC,Nicaragua,2013,Nicaragua,1132.61,1,1,1,2013.0,0,0
NIC,Nicaragua,2014,Nicaragua,1038.54,1,1,1,2014.0,0,0
NIC,Nicaragua,2015,Nicaragua,1170.58,1,1,1,2015.0,0,0
NIC,Nicaragua,2016,Nicaragua,1062.68,1,1,1,2016.0,0,0
NIC,Nicaragua,2017,Nicaragua,1114.15,1,1,1,2017.0,0,0
NIC,Nicaragua,2018,Nicaragua,1113.2,1,1,1,2018.0,0,0
NIC,Nicaragua,2019,Nicaragua,1138.04,1,1,1,2019.0,0,0
NIC,Nicaragua,2020,Nicaragua,1153.91,1,1,1,2020.0,0,0
NIC,Nicaragua,2021,Nicaragua,1161.17,1,1,1,2021.0,0,0
NIC,Nicaragua,2022,Nicaragua,1172.52,1,1,1,2022.0,0,0
NIC,Nicaragua,2023,Nicaragua,1201.0,1,1,1,2023.0,0,0
NIC,Nicaragua,2024,Nicaragua,1228.0,1,1,1,2024.0,0,0
NLD,Netherlands,1960,,0.0,0,0,0,,1,1
NLD,Netherlands,1961,,0.0,0,0,0,,1,2
NLD,Netherlands,1962,,0.0,0,0,0,,1,3
NLD,Netherlands,1963,,0.0,0,0,0,,1,4
NLD,Netherlands,1964,,0.0,0,0,0,,1,5
NLD,Netherlands,1965,,0.0,0,0,0,,1,6
NLD,Netherlands,1966,,0.0,0,0,0,,1,7
NLD,Netherlands,1967,,0.0,0,0,0,,1,8
NLD,Netherlands,1968,,0.0,0,0,0,,1,9
NLD,Netherlands,1969,,0.0,0,0,0,,1,10
NLD,Netherlands,1970,,0.0,0,0,0,,1,11
NLD,Netherlands,1971,,0.0,0,0,0,,1,12
NLD,Netherlands,1972,,0.0,0,0,0,,1,13
NLD,Netherlands,1973,,0.0,0,0,0,,1,14
NLD,Netherlands,1974,,0.0,0,0,0,,1,15
NLD,Netherlands,1975,,0.0,0,0,0,,1,16
NLD,Netherlands,1976,,0.0,0,0,0,,1,17
NLD,Netherlands,1977,,0.0,0,0,0,,1,18
NLD,Netherlands,1978,,0.0,0,0,0,,1,19
NLD,Netherlands,1979,,0.0,0,0,0,,1,20
NLD,Netherlands,1980,,0.0,0,0,0,,1,21
NLD,Netherlands,1981,,0.0,0,0,0,,1,22
NLD,Netherlands,1982,,0.0,0,0,0,,1,23
NLD,Netherlands,1983,,0.0,0,0,0,,1,24
NLD,Netherlands,1984,,0.0,0,0,0,,1,25
NLD,Netherlands,1985,,0.0,0,0,0,,1,26
NLD,Netherlands,1986,,0.0,0,0,0,,1,27
NLD,Netherlands,1987,,0.0,0,0,0,,1,28
NLD,Netherlands,1988,,0.0,0,0,0,,1,29
NLD,Netherlands,1989,,0.0,0,0,0,,1,30
NLD,Netherlands,1990,,0.0,0,0,0,,1,31
NLD,Netherlands,1991,,0.0,0,0,0,,1,32
NLD,Netherlands,1992,,0.0,0,0,0,,1,33
NLD,Netherlands,1993,,0.0,0,0,0,,1,34
NLD,Netherlands,1994,,0.0,0,0,0,,1,35
NLD,Netherlands,1995,,0.0,0,0,0,,1,36
NLD,Netherlands,1996,,0.0,0,0,0,,1,37
NLD,Netherlands,1997,,0.0,0,0,0,,1,38
NLD,Netherlands,1998,,0.0,0,0,0,,1,39
NLD,Netherlands,1999,,0.0,0,0,0,,1,40
NLD,Netherlands,2000,,0.0,0,0,0,,1,41
NLD,Netherlands,2001,,0.0,0,0,0,,1,42
NLD,Netherlands,2002,,0.0,0,0,0,,1,43
NLD,Netherlands,2003,,0.0,0,0,0,,1,44
NLD,Netherlands,2004,,0.0,0,0,0,,1,45
NLD,Netherlands,2005,,0.0,0,0,0,,1,46
NLD,Netherlands,2006,,0.0,0,0,0,,1,47
NLD,Netherlands,2007,,0.0,0,0,0,,1,48
NLD,Netherlands,2008,,0.0,0,0,0,,1,49
NLD,Netherlands,2009,,0.0,0,0,0,,1,50
NLD,Netherlands,2010,,0.0,0,0,0,,1,51
NLD,Netherlands,2011,,0.0,0,0,0,,1,52
NLD,Netherlands,2012,,0.0,0,0,0,,1,53
NLD,Netherlands,2013,,0.0,0,0,0,,1,54
NLD,Netherlands,2014,,0.0,0,0,0,,1,55
NLD,Netherlands,2015,,0.0,0,0,0,,1,56
NLD,Netherlands,2016,,0.0,0,0,0,,1,57
NLD,Netherlands,2017,,0.0,0,0,0,,1,58
NLD,Netherlands,2018,,0.0,0,0,0,,1,59
NLD,Netherlands,2019,,0.0,0,0,0,,1,60
NLD,Netherlands,2020,,0.0,0,0,0,,1,61
NLD,Netherlands,2021,,0.0,0,0,0,,1,62
NLD,Netherlands,2022,,0.0,0,0,0,,1,63
NLD,Netherlands,2023,,0.0,0,0,0,,1,64
NLD,Netherlands,2024,,0.0,0,0,0,,1,65
NOR,Norway,1960,,0.0,0,0,0,,1,1
NOR,Norway,1961,,0.0,0,0,0,,1,2
NOR,Norway,1962,,0.0,0,0,0,,1,3
NOR,Norway,1963,,0.0,0,0,0,,1,4
NOR,Norway,1964,,0.0,0,0,0,,1,5
NOR,Norway,1965,,0.0,0,0,0,,1,6
NOR,Norway,1966,,0.0,0,0,0,,1,7
NOR,Norway,1967,,0.0,0,0,0,,1,8
NOR,Norway,1968,,0.0,0,0,0,,1,9
NOR,Norway,1969,,0.0,0,0,0,,1,10
NOR,Norway,1970,,0.0,0,0,0,,1,11
NOR,Norway,1971,,0.0,0,0,0,,1,12
NOR,Norway,1972,,0.0,0,0,0,,1,13
NOR,Norway,1973,,0.0,0,0,0,,1,14
NOR,Norway,1974,,0.0,0,0,0,,1,15
NOR,Norway,1975,,0.0,0,0,0,,1,16
NOR,Norway,1976,,0.0,0,0,0,,1,17
NOR,Norway,1977,,0.0,0,0,0,,1,18
NOR,Norway,1978,,0.0,0,0,0,,1,19
NOR,Norway,1979,,0.0,0,0,0,,1,20
NOR,Norway,1980,,0.0,0,0,0,,1,21
NOR,Norway,1981,,0.0,0,0,0,,1,22
NOR,Norway,1982,,0.0,0,0,0,,1,23
NOR,Norway,1983,,0.0,0,0,0,,1,24
NOR,Norway,1984,,0.0,0,0,0,,1,25
NOR,Norway,1985,,0.0,0,0,0,,1,26
NOR,Norway,1986,,0.0,0,0,0,,1,27
NOR,Norway,1987,,0.0,0,0,0,,1,28
NOR,Norway,1988,,0.0,0,0,0,,1,29
NOR,Norway,1989,,0.0,0,0,0,,1,30
NOR,Norway,1990,,0.0,0,0,0,,1,31
NOR,Norway,1991,,0.0,0,0,0,,1,32
NOR,Norway,1992,,0.0,0,0,0,,1,33
NOR,Norway,1993,,0.0,0,0,0,,1,34
NOR,Norway,1994,,0.0,0,0,0,,1,35
NOR,Norway,1995,,0.0,0,0,0,,1,36
NOR,Norway,1996,,0.0,0,0,0,,1,37
NOR,Norway,1997,,0.0,0,0,0,,1,38
NOR,Norway,1998,,0.0,0,0,0,,1,39
NOR,Norway,1999,,0.0,0,0,0,,1,40
NOR,Norway,2000,,0.0,0,0,0,,1,41
NOR,Norway,2001,,0.0,0,0,0,,1,42
NOR,Norway,2002,,0.0,0,0,0,,1,43
NOR,Norway,2003,,0.0,0,0,0,,1,44
NOR,Norway,2004,,0.0,0,0,0,,1,45
NOR,Norway,2005,,0.0,0,0,0,,1,46
NOR,Norway,2006,,0.0,0,0,0,,1,47
NOR,Norway,2007,,0.0,0,0,0,,1,48
NOR,Norway,2008,,0.0,0,0,0,,1,49
NOR,Norway,2009,,0.0,0,0,0,,1,50
NOR,Norway,2010,,0.0,0,0,0,,1,51
NOR,Norway,2011,,0.0,0,0,0,,1,52
NOR,Norway,2012,,0.0,0,0,0,,1,53
NOR,Norway,2013,,0.0,0,0,0,,1,54
NOR,Norway,2014,,0.0,0,0,0,,1,55
NOR,Norway,2015,,0.0,0,0,0,,1,56
NOR,Norway,2016,,0.0,0,0,0,,1,57
NOR,Norway,2017,,0.0,0,0,0,,1,58
NOR,Norway,2018,,0.0,0,0,0,,1,59
NOR,Norway,2019,,0.0,0,0,0,,1,60
NOR,Norway,2020,,0.0,0,0,0,,1,61
NOR,Norway,2021,,0.0,0,0,0,,1,62
NOR,Norway,2022,,0.0,0,0,0,,1,63
NOR,Norway,2023,,0.0,0,0,0,,1,64
NOR,Norway,2024,,0.0,0,0,0,,1,65
NPL,Nepal,1960,Nepal,0.0,0,0,0,,1,1
NPL,Nepal,1961,Nepal,0.0,0,0,0,,1,2
NPL,Nepal,1962,Nepal,0.0,0,0,0,,1,3
NPL,Nepal,1963,Nepal,0.0,0,0,0,,1,4
NPL,Nepal,1964,Nepal,0.0,0,0,0,,1,5
NPL,Nepal,1965,Nepal,0.0,0,0,0,,1,6
NPL,Nepal,1966,Nepal,0.0,0,0,0,,1,7
NPL,Nepal,1967,Nepal,0.0,0,0,0,,1,8
NPL,Nepal,1968,Nepal,0.0,0,0,0,,1,9
NPL,Nepal,1969,Nepal,0.0,0,0,0,,1,10
NPL,Nepal,1970,Nepal,0.0,0,0,0,,1,11
NPL,Nepal,1971,Nepal,0.0,0,0,0,,1,12
NPL,Nepal,1972,Nepal,0.0,0,0,0,,1,13
NPL,Nepal,1973,Nepal,0.0,0,0,0,,1,14
NPL,Nepal,1974,Nepal,0.0,0,0,0,,1,15
NPL,Nepal,1975,Nepal,0.0,0,0,0,,1,16
NPL,Nepal,1976,Nepal,0.0,0,0,0,,1,17
NPL,Nepal,1977,Nepal,0.0,0,0,0,,1,18
NPL,Nepal,1978,Nepal,0.0,0,0,0,,1,19
NPL,Nepal,1979,Nepal,0.0,0,0,0,,1,20
NPL,Nepal,1980,Nepal,0.0,0,0,0,,1,21
NPL,Nepal,1981,Nepal,0.0,0,0,0,,1,22
NPL,Nepal,1982,Nepal,0.0,0,0,0,,1,23
NPL,Nepal,1983,Nepal,0.0,0,0,0,,1,24
NPL,Nepal,1984,Nepal,0.0,0,0,0,,1,25
NPL,Nepal,1985,Nepal,0.0,0,0,0,,1,26
NPL,Nepal,1986,Nepal,1.84,1,0,0,1986.0,0,0
NPL,Nepal,1987,Nepal,4.58,1,1,1,1987.0,0,0
NPL,Nepal,1988,Nepal,5.64,1,1,1,1988.0,0,0
NPL,Nepal,1989,Nepal,7.97,1,1,1,1989.0,0,0
NPL,Nepal,1990,Nepal,10.43,1,1,1,1990.0,0,0
NPL,Nepal,1991,Nepal,19.86,1,1,1,1991.0,0,0
NPL,Nepal,1992,Nepal,14.1,1,1,1,1992.0,0,0
NPL,Nepal,1993,Nepal,9.58,1,1,1,1993.0,0,0
NPL,Nepal,1994,Nepal,7.83,1,1,1,1994.0,0,0
NPL,Nepal,1995,Nepal,10.47,1,1,1,1995.0,0,0
NPL,Nepal,1996,Nepal,12.18,1,1,1,1996.0,0,0
NPL,Nepal,1997,Nepal,10.45,1,1,1,1997.0,0,0
NPL,Nepal,1998,Nepal,10.59,1,1,1,1998.0,0,0
NPL,Nepal,1999,Nepal,3.33,1,1,1,1999.0,0,0
NPL,Nepal,2000,Nepal,0.42,1,1,1,2000.0,0,0
NPL,Nepal,2001,Nepal,0.68,1,1,1,2001.0,0,0
NPL,Nepal,2002,Nepal,0.9,1,1,1,2002.0,0,0
NPL,Nepal,2003,Nepal,1.2,1,1,1,2003.0,0,0
NPL,Nepal,2004,Nepal,1.7,1,1,1,2004.0,0,0
NPL,Nepal,2005,Nepal,0.0,0,1,1,2004.0,0,1
NPL,Nepal,2006,Nepal,0.0,0,1,1,2004.0,0,2
NPL,Nepal,2007,Nepal,0.0,0,1,1,2004.0,0,3
NPL,Nepal,2008,Nepal,0.0,0,1,1,2004.0,0,4
NPL,Nepal,2009,Nepal,0.0,0,1,1,2004.0,0,5
NPL,Nepal,2010,Nepal,0.37,1,0,1,2010.0,0,0
NPL,Nepal,2011,Nepal,0.0,0,1,1,2010.0,0,1
NPL,Nepal,2012,Nepal,4.66,1,1,1,2012.0,0,0
NPL,Nepal,2013,Nepal,0.0,0,1,1,2012.0,0,1
NPL,Nepal,2014,Nepal,0.0,0,1,1,2012.0,0,2
NPL,Nepal,2015,Nepal,0.0,0,1,1,2012.0,0,3
NPL,Nepal,2016,Nepal,0.0,0,1,1,2012.0,0,4
NPL,Nepal,2017,Nepal,114.7,1,1,1,2017.0,0,0
NPL,Nepal,2018,Nepal,0.0,0,1,1,2017.0,0,1
NPL,Nepal,2019,Nepal,0.0,0,1,1,2017.0,0,2
NPL,Nepal,2020,Nepal,2.03,1,1,1,2020.0,0,0
NPL,Nepal,2021,Nepal,16.13,1,1,1,2021.0,0,0
NPL,Nepal,2022,Nepal,4.26,1,1,1,2022.0,0,0
NPL,Nepal,2023,Nepal,4.0,1,1,1,2023.0,0,0
NPL,Nepal,2024,Nepal,4.0,1,1,1,2024.0,0,0
NRU,Naoero,1960,Nauru,0.0,0,0,0,,1,1
NRU,Naoero,1961,Nauru,0.0,0,0,0,,1,2
NRU,Naoero,1962,Nauru,0.0,0,0,0,,1,3
NRU,Naoero,1963,Nauru,0.0,0,0,0,,1,4
NRU,Naoero,1964,Nauru,0.0,0,0,0,,1,5
NRU,Naoero,1965,Nauru,0.0,0,0,0,,1,6
NRU,Naoero,1966,Nauru,0.0,0,0,0,,1,7
NRU,Naoero,1967,Nauru,0.0,0,0,0,,1,8
NRU,Naoero,1968,Nauru,0.0,0,0,0,,1,9
NRU,Naoero,1969,Nauru,0.0,0,0,0,,1,10
NRU,Naoero,1970,Nauru,0.0,0,0,0,,1,11
NRU,Naoero,1971,Nauru,0.0,0,0,0,,1,12
NRU,Naoero,1972,Nauru,0.0,0,0,0,,1,13
NRU,Naoero,1973,Nauru,0.0,0,0,0,,1,14
NRU,Naoero,1974,Nauru,0.0,0,0,0,,1,15
NRU,Naoero,1975,Nauru,0.0,0,0,0,,1,16
NRU,Naoero,1976,Nauru,0.0,0,0,0,,1,17
NRU,Naoero,1977,Nauru,0.0,0,0,0,,1,18
NRU,Naoero,1978,Nauru,0.0,0,0,0,,1,19
NRU,Naoero,1979,Nauru,0.0,0,0,0,,1,20
NRU,Naoero,1980,Nauru,0.0,0,0,0,,1,21
NRU,Naoero,1981,Nauru,0.0,0,0,0,,1,22
NRU,Naoero,1982,Nauru,0.0,0,0,0,,1,23
NRU,Naoero,1983,Nauru,0.0,0,0,0,,1,24
NRU,Naoero,1984,Nauru,0.0,0,0,0,,1,25
NRU,Naoero,1985,Nauru,0.0,0,0,0,,1,26
NRU,Naoero,1986,Nauru,0.0,0,0,0,,1,27
NRU,Naoero,1987,Nauru,0.0,0,0,0,,1,28
NRU,Naoero,1988,Nauru,0.0,0,0,0,,1,29
NRU,Naoero,1989,Nauru,0.0,0,0,0,,1,30
NRU,Naoero,1990,Nauru,0.0,0,0,0,,1,31
NRU,Naoero,1991,Nauru,0.0,0,0,0,,1,32
NRU,Naoero,1992,Nauru,0.0,0,0,0,,1,33
NRU,Naoero,1993,Nauru,0.0,0,0,0,,1,34
NRU,Naoero,1994,Nauru,15.02,1,0,0,1994.0,0,0
NRU,Naoero,1995,Nauru,75.83,1,1,1,1995.0,0,0
NRU,Naoero,1996,Nauru,69.76,1,1,1,1996.0,0,0
NRU,Naoero,1997,Nauru,66.51,1,1,1,1997.0,0,0
NRU,Naoero,1998,Nauru,65.0,1,1,1,1998.0,0,0
NRU,Naoero,1999,Nauru,78.93,1,1,1,1999.0,0,0
NRU,Naoero,2000,Nauru,87.57,1,1,1,2000.0,0,0
NRU,Naoero,2001,Nauru,83.92,1,1,1,2001.0,0,0
NRU,Naoero,2002,Nauru,85.38,1,1,1,2002.0,0,0
NRU,Naoero,2003,Nauru,109.14,1,1,1,2003.0,0,0
NRU,Naoero,2004,Nauru,293.3,1,1,1,2004.0,0,0
NRU,Naoero,2005,Nauru,109.79,1,1,1,2005.0,0,0
NRU,Naoero,2006,Nauru,108.22,1,1,1,2006.0,0,0
NRU,Naoero,2007,Nauru,111.0,1,1,1,2007.0,0,0
NRU,Naoero,2008,Nauru,127.15,1,1,1,2008.0,0,0
NRU,Naoero,2009,Nauru,145.26,1,1,1,2009.0,0,0
NRU,Naoero,2010,Nauru,160.31,1,1,1,2010.0,0,0
NRU,Naoero,2011,Nauru,182.38,1,1,1,2011.0,0,0
NRU,Naoero,2012,Nauru,187.9,1,1,1,2012.0,0,0
NRU,Naoero,2013,Nauru,158.42,1,1,1,2013.0,0,0
NRU,Naoero,2014,Nauru,150.6,1,1,1,2014.0,0,0
NRU,Naoero,2015,Nauru,135.38,1,1,1,2015.0,0,0
NRU,Naoero,2016,Nauru,155.08,1,1,1,2016.0,0,0
NRU,Naoero,2017,Nauru,154.45,1,1,1,2017.0,0,0
NRU,Naoero,2018,Nauru,161.11,1,1,1,2018.0,0,0
NRU,Naoero,2019,Nauru,168.0,1,1,1,2019.0,0,0
NRU,Naoero,2020,Nauru,181.0,1,1,1,2020.0,0,0
NRU,Naoero,2021,Nauru,166.5,1,1,1,2021.0,0,0
NRU,Naoero,2022,Nauru,1.2,1,1,1,2022.0,0,0
NRU,Naoero,2023,Nauru,1.2,1,1,1,2023.0,0,0
NRU,Naoero,2024,Nauru,1.2,1,1,1,2024.0,0,0
NZL,New Zealand,1960,,0.0,0,0,0,,1,1
NZL,New Zealand,1961,,0.0,0,0,0,,1,2
NZL,New Zealand,1962,,0.0,0,0,0,,1,3
NZL,New Zealand,1963,,0.0,0,0,0,,1,4
NZL,New Zealand,1964,,0.0,0,0,0,,1,5
NZL,New Zealand,1965,,0.0,0,0,0,,1,6
NZL,New Zealand,1966,,0.0,0,0,0,,1,7
NZL,New Zealand,1967,,0.0,0,0,0,,1,8
NZL,New Zealand,1968,,0.0,0,0,0,,1,9
NZL,New Zealand,1969,,0.0,0,0,0,,1,10
NZL,New Zealand,1970,,0.0,0,0,0,,1,11
NZL,New Zealand,1971,,0.0,0,0,0,,1,12
NZL,New Zealand,1972,,0.0,0,0,0,,1,13
NZL,New Zealand,1973,,0.0,0,0,0,,1,14
NZL,New Zealand,1974,,0.0,0,0,0,,1,15
NZL,New Zealand,1975,,0.0,0,0,0,,1,16
NZL,New Zealand,1976,,0.0,0,0,0,,1,17
NZL,New Zealand,1977,,0.0,0,0,0,,1,18
NZL,New Zealand,1978,,0.0,0,0,0,,1,19
NZL,New Zealand,1979,,0.0,0,0,0,,1,20
NZL,New Zealand,1980,,0.0,0,0,0,,1,21
NZL,New Zealand,1981,,0.0,0,0,0,,1,22
NZL,New Zealand,1982,,0.0,0,0,0,,1,23
NZL,New Zealand,1983,,0.0,0,0,0,,1,24
NZL,New Zealand,1984,,0.0,0,0,0,,1,25
NZL,New Zealand,1985,,0.0,0,0,0,,1,26
NZL,New Zealand,1986,,0.0,0,0,0,,1,27
NZL,New Zealand,1987,,0.0,0,0,0,,1,28
NZL,New Zealand,1988,,0.0,0,0,0,,1,29
NZL,New Zealand,1989,,0.0,0,0,0,,1,30
NZL,New Zealand,1990,,0.0,0,0,0,,1,31
NZL,New Zealand,1991,,0.0,0,0,0,,1,32
NZL,New Zealand,1992,,0.0,0,0,0,,1,33
NZL,New Zealand,1993,,0.0,0,0,0,,1,34
NZL,New Zealand,1994,,0.0,0,0,0,,1,35
NZL,New Zealand,1995,,0.0,0,0,0,,1,36
NZL,New Zealand,1996,,0.0,0,0,0,,1,37
NZL,New Zealand,1997,,0.0,0,0,0,,1,38
NZL,New Zealand,1998,,0.0,0,0,0,,1,39
NZL,New Zealand,1999,,0.0,0,0,0,,1,40
NZL,New Zealand,2000,,0.0,0,0,0,,1,41
NZL,New Zealand,2001,,0.0,0,0,0,,1,42
NZL,New Zealand,2002,,0.0,0,0,0,,1,43
NZL,New Zealand,2003,,0.0,0,0,0,,1,44
NZL,New Zealand,2004,,0.0,0,0,0,,1,45
NZL,New Zealand,2005,,0.0,0,0,0,,1,46
NZL,New Zealand,2006,,0.0,0,0,0,,1,47
NZL,New Zealand,2007,,0.0,0,0,0,,1,48
NZL,New Zealand,2008,,0.0,0,0,0,,1,49
NZL,New Zealand,2009,,0.0,0,0,0,,1,50
NZL,New Zealand,2010,,0.0,0,0,0,,1,51
NZL,New Zealand,2011,,0.0,0,0,0,,1,52
NZL,New Zealand,2012,,0.0,0,0,0,,1,53
NZL,New Zealand,2013,,0.0,0,0,0,,1,54
NZL,New Zealand,2014,,0.0,0,0,0,,1,55
NZL,New Zealand,2015,,0.0,0,0,0,,1,56
NZL,New Zealand,2016,,0.0,0,0,0,,1,57
NZL,New Zealand,2017,,0.0,0,0,0,,1,58
NZL,New Zealand,2018,,0.0,0,0,0,,1,59
NZL,New Zealand,2019,,0.0,0,0,0,,1,60
NZL,New Zealand,2020,,0.0,0,0,0,,1,61
NZL,New Zealand,2021,,0.0,0,0,0,,1,62
NZL,New Zealand,2022,,0.0,0,0,0,,1,63
NZL,New Zealand,2023,,0.0,0,0,0,,1,64
NZL,New Zealand,2024,,0.0,0,0,0,,1,65
OMN,Oman,1960,,0.0,0,0,0,,1,1
OMN,Oman,1961,,0.0,0,0,0,,1,2
OMN,Oman,1962,,0.0,0,0,0,,1,3
OMN,Oman,1963,,0.0,0,0,0,,1,4
OMN,Oman,1964,,0.0,0,0,0,,1,5
OMN,Oman,1965,,0.0,0,0,0,,1,6
OMN,Oman,1966,,0.0,0,0,0,,1,7
OMN,Oman,1967,,0.0,0,0,0,,1,8
OMN,Oman,1968,,0.0,0,0,0,,1,9
OMN,Oman,1969,,0.0,0,0,0,,1,10
OMN,Oman,1970,,0.0,0,0,0,,1,11
OMN,Oman,1971,,0.0,0,0,0,,1,12
OMN,Oman,1972,,0.0,0,0,0,,1,13
OMN,Oman,1973,,0.0,0,0,0,,1,14
OMN,Oman,1974,,0.0,0,0,0,,1,15
OMN,Oman,1975,,0.0,0,0,0,,1,16
OMN,Oman,1976,,0.0,0,0,0,,1,17
OMN,Oman,1977,,0.0,0,0,0,,1,18
OMN,Oman,1978,,0.0,0,0,0,,1,19
OMN,Oman,1979,,0.0,0,0,0,,1,20
OMN,Oman,1980,,0.0,0,0,0,,1,21
OMN,Oman,1981,,0.0,0,0,0,,1,22
OMN,Oman,1982,,0.0,0,0,0,,1,23
OMN,Oman,1983,,0.0,0,0,0,,1,24
OMN,Oman,1984,,0.0,0,0,0,,1,25
OMN,Oman,1985,,0.0,0,0,0,,1,26
OMN,Oman,1986,,0.0,0,0,0,,1,27
OMN,Oman,1987,,0.0,0,0,0,,1,28
OMN,Oman,1988,,0.0,0,0,0,,1,29
OMN,Oman,1989,,0.0,0,0,0,,1,30
OMN,Oman,1990,,0.0,0,0,0,,1,31
OMN,Oman,1991,,0.0,0,0,0,,1,32
OMN,Oman,1992,,0.0,0,0,0,,1,33
OMN,Oman,1993,,0.0,0,0,0,,1,34
OMN,Oman,1994,,0.0,0,0,0,,1,35
OMN,Oman,1995,,0.0,0,0,0,,1,36
OMN,Oman,1996,,0.0,0,0,0,,1,37
OMN,Oman,1997,,0.0,0,0,0,,1,38
OMN,Oman,1998,,0.0,0,0,0,,1,39
OMN,Oman,1999,,0.0,0,0,0,,1,40
OMN,Oman,2000,,0.0,0,0,0,,1,41
OMN,Oman,2001,,0.0,0,0,0,,1,42
OMN,Oman,2002,,0.0,0,0,0,,1,43
OMN,Oman,2003,,0.0,0,0,0,,1,44
OMN,Oman,2004,,0.0,0,0,0,,1,45
OMN,Oman,2005,,0.0,0,0,0,,1,46
OMN,Oman,2006,,0.0,0,0,0,,1,47
OMN,Oman,2007,,0.0,0,0,0,,1,48
OMN,Oman,2008,,0.0,0,0,0,,1,49
OMN,Oman,2009,,0.0,0,0,0,,1,50
OMN,Oman,2010,,0.0,0,0,0,,1,51
OMN,Oman,2011,,0.0,0,0,0,,1,52
OMN,Oman,2012,,0.0,0,0,0,,1,53
OMN,Oman,2013,,0.0,0,0,0,,1,54
OMN,Oman,2014,,0.0,0,0,0,,1,55
OMN,Oman,2015,,0.0,0,0,0,,1,56
OMN,Oman,2016,,0.0,0,0,0,,1,57
OMN,Oman,2017,,0.0,0,0,0,,1,58
OMN,Oman,2018,,0.0,0,0,0,,1,59
OMN,Oman,2019,,0.0,0,0,0,,1,60
OMN,Oman,2020,,0.0,0,0,0,,1,61
OMN,Oman,2021,,0.0,0,0,0,,1,62
OMN,Oman,2022,,0.0,0,0,0,,1,63
OMN,Oman,2023,,0.0,0,0,0,,1,64
OMN,Oman,2024,,0.0,0,0,0,,1,65
PAK,Pakistan,1960,Pakistan,15.0,1,0,0,1960.0,0,0
PAK,Pakistan,1961,Pakistan,0.0,0,1,1,1960.0,0,1
PAK,Pakistan,1962,Pakistan,0.0,0,1,1,1960.0,0,2
PAK,Pakistan,1963,Pakistan,0.0,0,1,1,1960.0,0,3
PAK,Pakistan,1964,Pakistan,0.0,0,1,1,1960.0,0,4
PAK,Pakistan,1965,Pakistan,0.0,0,1,1,1960.0,0,5
PAK,Pakistan,1966,Pakistan,0.0,0,0,1,1960.0,0,6
PAK,Pakistan,1967,Pakistan,0.0,0,0,1,1960.0,0,7
PAK,Pakistan,1968,Pakistan,0.0,0,0,1,1960.0,0,8
PAK,Pakistan,1969,Pakistan,0.0,0,0,1,1960.0,0,9
PAK,Pakistan,1970,Pakistan,0.0,0,0,1,1960.0,0,10
PAK,Pakistan,1971,Pakistan,0.0,0,0,0,1960.0,0,11
PAK,Pakistan,1972,Pakistan,234.0,1,0,0,1972.0,0,0
PAK,Pakistan,1973,Pakistan,107.0,1,1,1,1973.0,0,0
PAK,Pakistan,1974,Pakistan,650.0,1,1,1,1974.0,0,0
PAK,Pakistan,1975,Pakistan,182.0,1,1,1,1975.0,0,0
PAK,Pakistan,1976,Pakistan,186.0,1,1,1,1976.0,0,0
PAK,Pakistan,1977,Pakistan,228.0,1,1,1,1977.0,0,0
PAK,Pakistan,1978,Pakistan,312.0,1,1,1,1978.0,0,0
PAK,Pakistan,1979,Pakistan,80.0,1,1,1,1979.0,0,0
PAK,Pakistan,1980,Pakistan,195.0,1,1,1,1980.0,0,0
PAK,Pakistan,1981,Pakistan,260.0,1,1,1,1981.0,0,0
PAK,Pakistan,1982,Pakistan,35.0,1,1,1,1982.0,0,0
PAK,Pakistan,1983,Pakistan,28.0,1,1,1,1983.0,0,0
PAK,Pakistan,1984,Pakistan,25.0,1,1,1,1984.0,0,0
PAK,Pakistan,1985,Pakistan,0.0,0,1,1,1984.0,0,1
PAK,Pakistan,1986,Pakistan,0.0,0,1,1,1984.0,0,2
PAK,Pakistan,1987,Pakistan,0.0,0,1,1,1984.0,0,3
PAK,Pakistan,1988,Pakistan,0.0,0,1,1,1984.0,0,4
PAK,Pakistan,1989,Pakistan,19.72,1,1,1,1989.0,0,0
PAK,Pakistan,1990,Pakistan,16.08,1,1,1,1990.0,0,0
PAK,Pakistan,1991,Pakistan,10.13,1,1,1,1991.0,0,0
PAK,Pakistan,1992,Pakistan,0.0,0,1,1,1991.0,0,1
PAK,Pakistan,1993,Pakistan,0.0,0,1,1,1991.0,0,2
PAK,Pakistan,1994,Pakistan,0.01,1,1,1,1994.0,0,0
PAK,Pakistan,1995,Pakistan,0.0,0,1,1,1994.0,0,1
PAK,Pakistan,1996,Pakistan,0.01,1,1,1,1996.0,0,0
PAK,Pakistan,1997,Pakistan,0.0,0,1,1,1996.0,0,1
PAK,Pakistan,1998,Pakistan,2496.64,1,1,1,1998.0,0,0
PAK,Pakistan,1999,Pakistan,5622.0,1,1,1,1999.0,0,0
PAK,Pakistan,2000,Pakistan,1007.89,1,1,1,2000.0,0,0
PAK,Pakistan,2001,Pakistan,14797.78,1,1,1,2001.0,0,0
PAK,Pakistan,2002,Pakistan,941.76,1,1,1,2002.0,0,0
PAK,Pakistan,2003,Pakistan,745.97,1,1,1,2003.0,0,0
PAK,Pakistan,2004,Pakistan,481.83,1,1,1,2004.0,0,0
PAK,Pakistan,2005,Pakistan,0.0,0,1,1,2004.0,0,1
PAK,Pakistan,2006,Pakistan,0.0,0,1,1,2004.0,0,2
PAK,Pakistan,2007,Pakistan,1.3,1,1,1,2007.0,0,0
PAK,Pakistan,2008,Pakistan,4.81,1,1,1,2008.0,0,0
PAK,Pakistan,2009,Pakistan,0.0,0,1,1,2008.0,0,1
PAK,Pakistan,2010,Pakistan,0.0,0,1,1,2008.0,0,2
PAK,Pakistan,2011,Pakistan,0.0,0,1,1,2008.0,0,3
PAK,Pakistan,2012,Pakistan,0.0,0,1,1,2008.0,0,4
PAK,Pakistan,2013,Pakistan,0.0,0,1,1,2008.0,0,5
PAK,Pakistan,2014,Pakistan,0.0,0,0,1,2008.0,0,6
PAK,Pakistan,2015,Pakistan,0.0,0,0,1,2008.0,0,7
PAK,Pakistan,2016,Pakistan,0.0,0,0,1,2008.0,0,8
PAK,Pakistan,2017,Pakistan,0.0,0,0,1,2008.0,0,9
PAK,Pakistan,2018,Pakistan,0.0,0,0,1,2008.0,0,10
PAK,Pakistan,2019,Pakistan,0.0,0,0,0,2008.0,0,11
PAK,Pakistan,2020,Pakistan,1656.56,1,0,0,2020.0,0,0
PAK,Pakistan,2021,Pakistan,6153.73,1,1,1,2021.0,0,0
PAK,Pakistan,2022,Pakistan,346.0,1,1,1,2022.0,0,0
PAK,Pakistan,2023,Pakistan,0.0,0,1,1,2022.0,0,1
PAK,Pakistan,2024,Pakistan,18400.0,1,1,1,2024.0,0,0
PAN,Panama,1960,Panama,0.0,0,0,0,,1,1
PAN,Panama,1961,Panama,0.0,0,0,0,,1,2
PAN,Panama,1962,Panama,0.0,0,0,0,,1,3
PAN,Panama,1963,Panama,0.0,0,0,0,,1,4
PAN,Panama,1964,Panama,0.0,0,0,0,,1,5
PAN,Panama,1965,Panama,0.0,0,0,0,,1,6
PAN,Panama,1966,Panama,0.0,0,0,0,,1,7
PAN,Panama,1967,Panama,0.0,0,0,0,,1,8
PAN,Panama,1968,Panama,0.0,0,0,0,,1,9
PAN,Panama,1969,Panama,0.0,0,0,0,,1,10
PAN,Panama,1970,Panama,15.0,1,0,0,1970.0,0,0
PAN,Panama,1971,Panama,0.0,0,1,1,1970.0,0,1
PAN,Panama,1972,Panama,0.0,0,1,1,1970.0,0,2
PAN,Panama,1973,Panama,0.0,0,1,1,1970.0,0,3
PAN,Panama,1974,Panama,0.0,0,1,1,1970.0,0,4
PAN,Panama,1975,Panama,0.0,0,1,1,1970.0,0,5
PAN,Panama,1976,Panama,0.0,0,0,1,1970.0,0,6
PAN,Panama,1977,Panama,0.0,0,0,1,1970.0,0,7
PAN,Panama,1978,Panama,0.0,0,0,1,1970.0,0,8
PAN,Panama,1979,Panama,0.0,0,0,1,1970.0,0,9
PAN,Panama,1980,Panama,0.8,1,0,1,1980.0,0,0
PAN,Panama,1981,Panama,0.1,1,1,1,1981.0,0,0
PAN,Panama,1982,Panama,1.5,1,1,1,1982.0,0,0
PAN,Panama,1983,Panama,218.7,1,1,1,1983.0,0,0
PAN,Panama,1984,Panama,218.25,1,1,1,1984.0,0,0
PAN,Panama,1985,Panama,603.2,1,1,1,1985.0,0,0
PAN,Panama,1986,Panama,662.7,1,1,1,1986.0,0,0
PAN,Panama,1987,Panama,3072.91,1,1,1,1987.0,0,0
PAN,Panama,1988,Panama,3531.86,1,1,1,1988.0,0,0
PAN,Panama,1989,Panama,3860.92,1,1,1,1989.0,0,0
PAN,Panama,1990,Panama,4898.9,1,1,1,1990.0,0,0
PAN,Panama,1991,Panama,4988.97,1,1,1,1991.0,0,0
PAN,Panama,1992,Panama,4424.7,1,1,1,1992.0,0,0
PAN,Panama,1993,Panama,4406.08,1,1,1,1993.0,0,0
PAN,Panama,1994,Panama,4663.97,1,1,1,1994.0,0,0
PAN,Panama,1995,Panama,4084.52,1,1,1,1995.0,0,0
PAN,Panama,1996,Panama,4588.04,1,1,1,1996.0,0,0
PAN,Panama,1997,Panama,1499.91,1,1,1,1997.0,0,0
PAN,Panama,1998,Panama,265.76,1,1,1,1998.0,0,0
PAN,Panama,1999,Panama,160.16,1,1,1,1999.0,0,0
PAN,Panama,2000,Panama,598.4,1,1,1,2000.0,0,0
PAN,Panama,2001,Panama,365.55,1,1,1,2001.0,0,0
PAN,Panama,2002,Panama,534.21,1,1,1,2002.0,0,0
PAN,Panama,2003,Panama,176.36,1,1,1,2003.0,0,0
PAN,Panama,2004,Panama,16.31,1,1,1,2004.0,0,0
PAN,Panama,2005,Panama,0.0,0,1,1,2004.0,0,1
PAN,Panama,2006,Panama,202.93,1,1,1,2006.0,0,0
PAN,Panama,2007,Panama,0.01,1,1,1,2007.0,0,0
PAN,Panama,2008,Panama,28.0,1,1,1,2008.0,0,0
PAN,Panama,2009,Panama,0.0,0,1,1,2008.0,0,1
PAN,Panama,2010,Panama,0.0,0,1,1,2008.0,0,2
PAN,Panama,2011,Panama,0.0,0,1,1,2008.0,0,3
PAN,Panama,2012,Panama,0.0,0,1,1,2008.0,0,4
PAN,Panama,2013,Panama,0.0,0,1,1,2008.0,0,5
PAN,Panama,2014,Panama,0.0,0,0,1,2008.0,0,6
PAN,Panama,2015,Panama,0.0,0,0,1,2008.0,0,7
PAN,Panama,2016,Panama,0.0,0,0,1,2008.0,0,8
PAN,Panama,2017,Panama,0.0,0,0,1,2008.0,0,9
PAN,Panama,2018,Panama,0.0,0,0,1,2008.0,0,10
PAN,Panama,2019,Panama,0.0,0,0,0,2008.0,0,11
PAN,Panama,2020,Panama,0.0,0,0,0,2008.0,0,12
PAN,Panama,2021,Panama,0.0,0,0,0,2008.0,0,13
PAN,Panama,2022,Panama,0.0,0,0,0,2008.0,0,14
PAN,Panama,2023,Panama,0.0,0,0,0,2008.0,0,15
PAN,Panama,2024,Panama,0.0,0,0,0,2008.0,0,16
PER,Peru,1960,Peru,0.0,0,0,0,,1,1
PER,Peru,1961,Peru,0.0,0,0,0,,1,2
PER,Peru,1962,Peru,0.0,0,0,0,,1,3
PER,Peru,1963,Peru,0.0,0,0,0,,1,4
PER,Peru,1964,Peru,0.0,0,0,0,,1,5
PER,Peru,1965,Peru,0.0,0,0,0,,1,6
PER,Peru,1966,Peru,0.0,0,0,0,,1,7
PER,Peru,1967,Peru,0.0,0,0,0,,1,8
PER,Peru,1968,Peru,248.0,1,0,0,1968.0,0,0
PER,Peru,1969,Peru,100.0,1,1,1,1969.0,0,0
PER,Peru,1970,Peru,346.8,1,1,1,1970.0,0,0
PER,Peru,1971,Peru,0.0,0,1,1,1970.0,0,1
PER,Peru,1972,Peru,0.0,0,1,1,1970.0,0,2
PER,Peru,1973,Peru,0.0,0,1,1,1970.0,0,3
PER,Peru,1974,Peru,0.0,0,1,1,1970.0,0,4
PER,Peru,1975,Peru,0.0,0,1,1,1970.0,0,5
PER,Peru,1976,Peru,387.0,1,0,1,1976.0,0,0
PER,Peru,1977,Peru,0.0,0,1,1,1976.0,0,1
PER,Peru,1978,Peru,864.0,1,1,1,1978.0,0,0
PER,Peru,1979,Peru,1189.0,1,1,1,1979.0,0,0
PER,Peru,1980,Peru,386.01,1,1,1,1980.0,0,0
PER,Peru,1981,Peru,33.93,1,1,1,1981.0,0,0
PER,Peru,1982,Peru,88.31,1,1,1,1982.0,0,0
PER,Peru,1983,Peru,2788.24,1,1,1,1983.0,0,0
PER,Peru,1984,Peru,3144.01,1,1,1,1984.0,0,0
PER,Peru,1985,Peru,4685.83,1,1,1,1985.0,0,0
PER,Peru,1986,Peru,7594.88,1,1,1,1986.0,0,0
PER,Peru,1987,Peru,9564.92,1,1,1,1987.0,0,0
PER,Peru,1988,Peru,10564.76,1,1,1,1988.0,0,0
PER,Peru,1989,Peru,12315.68,1,1,1,1989.0,0,0
PER,Peru,1990,Peru,13385.91,1,1,1,1990.0,0,0
PER,Peru,1991,Peru,16014.73,1,1,1,1991.0,0,0
PER,Peru,1992,Peru,10953.55,1,1,1,1992.0,0,0
PER,Peru,1993,Peru,12415.16,1,1,1,1993.0,0,0
PER,Peru,1994,Peru,11652.11,1,1,1,1994.0,0,0
PER,Peru,1995,Peru,14234.73,1,1,1,1995.0,0,0
PER,Peru,1996,Peru,17878.04,1,1,1,1996.0,0,0
PER,Peru,1997,Peru,11589.39,1,1,1,1997.0,0,0
PER,Peru,1998,Peru,1068.93,1,1,1,1998.0,0,0
PER,Peru,1999,Peru,597.54,1,1,1,1999.0,0,0
PER,Peru,2000,Peru,615.78,1,1,1,2000.0,0,0
PER,Peru,2001,Peru,1841.57,1,1,1,2001.0,0,0
PER,Peru,2002,Peru,656.09,1,1,1,2002.0,0,0
PER,Peru,2003,Peru,644.85,1,1,1,2003.0,0,0
PER,Peru,2004,Peru,667.95,1,1,1,2004.0,0,0
PER,Peru,2005,Peru,666.89,1,1,1,2005.0,0,0
PER,Peru,2006,Peru,713.46,1,1,1,2006.0,0,0
PER,Peru,2007,Peru,3063.62,1,1,1,2007.0,0,0
PER,Peru,2008,Peru,1560.69,1,1,1,2008.0,0,0
PER,Peru,2009,Peru,593.74,1,1,1,2009.0,0,0
PER,Peru,2010,Peru,2426.0,1,1,1,2010.0,0,0
PER,Peru,2011,Peru,585.27,1,1,1,2011.0,0,0
PER,Peru,2012,Peru,558.41,1,1,1,2012.0,0,0
PER,Peru,2013,Peru,547.36,1,1,1,2013.0,0,0
PER,Peru,2014,Peru,1040.75,1,1,1,2014.0,0,0
PER,Peru,2015,Peru,900.89,1,1,1,2015.0,0,0
PER,Peru,2016,Peru,1164.69,1,1,1,2016.0,0,0
PER,Peru,2017,Peru,558.0,1,1,1,2017.0,0,0
PER,Peru,2018,Peru,62.0,1,1,1,2018.0,0,0
PER,Peru,2019,Peru,66.0,1,1,1,2019.0,0,0
PER,Peru,2020,Peru,71.0,1,1,1,2020.0,0,0
PER,Peru,2021,Peru,76.0,1,1,1,2021.0,0,0
PER,Peru,2022,Peru,89.4,1,1,1,2022.0,0,0
PER,Peru,2023,Peru,0.0,0,1,1,2022.0,0,1
PER,Peru,2024,Peru,0.0,0,1,1,2022.0,0,2
PHL,Philippines,1960,Philippines,0.0,0,0,0,,1,1
PHL,Philippines,1961,Philippines,0.0,0,0,0,,1,2
PHL,Philippines,1962,Philippines,0.0,0,0,0,,1,3
PHL,Philippines,1963,Philippines,0.0,0,0,0,,1,4
PHL,Philippines,1964,Philippines,0.0,0,0,0,,1,5
PHL,Philippines,1965,Philippines,0.0,0,0,0,,1,6
PHL,Philippines,1966,Philippines,0.0,0,0,0,,1,7
PHL,Philippines,1967,Philippines,0.0,0,0,0,,1,8
PHL,Philippines,1968,Philippines,0.0,0,0,0,,1,9
PHL,Philippines,1969,Philippines,0.0,0,0,0,,1,10
PHL,Philippines,1970,Philippines,274.9,1,0,0,1970.0,0,0
PHL,Philippines,1971,Philippines,0.0,0,1,1,1970.0,0,1
PHL,Philippines,1972,Philippines,0.0,0,1,1,1970.0,0,2
PHL,Philippines,1973,Philippines,0.0,0,1,1,1970.0,0,3
PHL,Philippines,1974,Philippines,0.0,0,1,1,1970.0,0,4
PHL,Philippines,1975,Philippines,0.0,0,1,1,1970.0,0,5
PHL,Philippines,1976,Philippines,0.12,1,0,1,1976.0,0,0
PHL,Philippines,1977,Philippines,0.14,1,1,1,1977.0,0,0
PHL,Philippines,1978,Philippines,0.18,1,1,1,1978.0,0,0
PHL,Philippines,1979,Philippines,0.55,1,1,1,1979.0,0,0
PHL,Philippines,1980,Philippines,0.49,1,1,1,1980.0,0,0
PHL,Philippines,1981,Philippines,0.48,1,1,1,1981.0,0,0
PHL,Philippines,1982,Philippines,0.72,1,1,1,1982.0,0,0
PHL,Philippines,1983,Philippines,4259.18,1,1,1,1983.0,0,0
PHL,Philippines,1984,Philippines,5870.58,1,1,1,1984.0,0,0
PHL,Philippines,1985,Philippines,5568.06,1,1,1,1985.0,0,0
PHL,Philippines,1986,Philippines,10821.05,1,1,1,1986.0,0,0
PHL,Philippines,1987,Philippines,12854.3,1,1,1,1987.0,0,0
PHL,Philippines,1988,Philippines,3098.96,1,1,1,1988.0,0,0
PHL,Philippines,1989,Philippines,6499.39,1,1,1,1989.0,0,0
PHL,Philippines,1990,Philippines,14073.75,1,1,1,1990.0,0,0
PHL,Philippines,1991,Philippines,12434.84,1,1,1,1991.0,0,0
PHL,Philippines,1992,Philippines,8353.63,1,1,1,1992.0,0,0
PHL,Philippines,1993,Philippines,281.13,1,1,1,1993.0,0,0
PHL,Philippines,1994,Philippines,585.0,1,1,1,1994.0,0,0
PHL,Philippines,1995,Philippines,0.0,0,1,1,1994.0,0,1
PHL,Philippines,1996,Philippines,1.84,1,1,1,1996.0,0,0
PHL,Philippines,1997,Philippines,0.13,1,1,1,1997.0,0,0
PHL,Philippines,1998,Philippines,0.6,1,1,1,1998.0,0,0
PHL,Philippines,1999,Philippines,0.0,0,1,1,1998.0,0,1
PHL,Philippines,2000,Philippines,0.0,0,1,1,1998.0,0,2
PHL,Philippines,2001,Philippines,0.0,0,1,1,1998.0,0,3
PHL,Philippines,2002,Philippines,0.0,0,1,1,1998.0,0,4
PHL,Philippines,2003,Philippines,0.0,0,1,1,1998.0,0,5
PHL,Philippines,2004,Philippines,0.0,0,0,1,1998.0,0,6
PHL,Philippines,2005,Philippines,0.0,0,0,1,1998.0,0,7
PHL,Philippines,2006,Philippines,1.84,1,0,1,2006.0,0,0
PHL,Philippines,2007,Philippines,0.0,0,1,1,2006.0,0,1
PHL,Philippines,2008,Philippines,0.54,1,1,1,2008.0,0,0
PHL,Philippines,2009,Philippines,0.0,0,1,1,2008.0,0,1
PHL,Philippines,2010,Philippines,0.0,0,1,1,2008.0,0,2
PHL,Philippines,2011,Philippines,0.0,0,1,1,2008.0,0,3
PHL,Philippines,2012,Philippines,0.0,0,1,1,2008.0,0,4
PHL,Philippines,2013,Philippines,0.0,0,1,1,2008.0,0,5
PHL,Philippines,2014,Philippines,0.0,0,0,1,2008.0,0,6
PHL,Philippines,2015,Philippines,0.0,0,0,1,2008.0,0,7
PHL,Philippines,2016,Philippines,0.0,0,0,1,2008.0,0,8
PHL,Philippines,2017,Philippines,0.0,0,0,1,2008.0,0,9
PHL,Philippines,2018,Philippines,0.0,0,0,1,2008.0,0,10
PHL,Philippines,2019,Philippines,0.0,0,0,0,2008.0,0,11
PHL,Philippines,2020,Philippines,0.0,0,0,0,2008.0,0,12
PHL,Philippines,2021,Philippines,0.0,0,0,0,2008.0,0,13
PHL,Philippines,2022,Philippines,0.0,0,0,0,2008.0,0,14
PHL,Philippines,2023,Philippines,0.0,0,0,0,2008.0,0,15
PHL,Philippines,2024,Philippines,0.0,0,0,0,2008.0,0,16
PLW,Palau,1960,Palau,0.0,0,0,0,,1,1
PLW,Palau,1961,Palau,0.0,0,0,0,,1,2
PLW,Palau,1962,Palau,0.0,0,0,0,,1,3
PLW,Palau,1963,Palau,0.0,0,0,0,,1,4
PLW,Palau,1964,Palau,0.0,0,0,0,,1,5
PLW,Palau,1965,Palau,0.0,0,0,0,,1,6
PLW,Palau,1966,Palau,0.0,0,0,0,,1,7
PLW,Palau,1967,Palau,0.0,0,0,0,,1,8
PLW,Palau,1968,Palau,0.0,0,0,0,,1,9
PLW,Palau,1969,Palau,0.0,0,0,0,,1,10
PLW,Palau,1970,Palau,0.0,0,0,0,,1,11
PLW,Palau,1971,Palau,0.0,0,0,0,,1,12
PLW,Palau,1972,Palau,0.0,0,0,0,,1,13
PLW,Palau,1973,Palau,0.0,0,0,0,,1,14
PLW,Palau,1974,Palau,0.0,0,0,0,,1,15
PLW,Palau,1975,Palau,0.0,0,0,0,,1,16
PLW,Palau,1976,Palau,0.0,0,0,0,,1,17
PLW,Palau,1977,Palau,0.0,0,0,0,,1,18
PLW,Palau,1978,Palau,0.0,0,0,0,,1,19
PLW,Palau,1979,Palau,0.0,0,0,0,,1,20
PLW,Palau,1980,Palau,0.0,0,0,0,,1,21
PLW,Palau,1981,Palau,0.0,0,0,0,,1,22
PLW,Palau,1982,Palau,0.0,0,0,0,,1,23
PLW,Palau,1983,Palau,0.0,0,0,0,,1,24
PLW,Palau,1984,Palau,0.0,0,0,0,,1,25
PLW,Palau,1985,Palau,0.0,0,0,0,,1,26
PLW,Palau,1986,Palau,0.0,0,0,0,,1,27
PLW,Palau,1987,Palau,0.0,0,0,0,,1,28
PLW,Palau,1988,Palau,0.0,0,0,0,,1,29
PLW,Palau,1989,Palau,0.0,0,0,0,,1,30
PLW,Palau,1990,Palau,0.0,0,0,0,,1,31
PLW,Palau,1991,Palau,0.0,0,0,0,,1,32
PLW,Palau,1992,Palau,0.0,0,0,0,,1,33
PLW,Palau,1993,Palau,0.0,0,0,0,,1,34
PLW,Palau,1994,Palau,0.0,0,0,0,,1,35
PLW,Palau,1995,Palau,0.0,0,0,0,,1,36
PLW,Palau,1996,Palau,0.0,0,0,0,,1,37
PLW,Palau,1997,Palau,0.0,0,0,0,,1,38
PLW,Palau,1998,Palau,0.0,0,0,0,,1,39
PLW,Palau,1999,Palau,0.0,0,0,0,,1,40
PLW,Palau,2000,Palau,0.0,0,0,0,,1,41
PLW,Palau,2001,Palau,0.0,0,0,0,,1,42
PLW,Palau,2002,Palau,0.0,0,0,0,,1,43
PLW,Palau,2003,Palau,0.0,0,0,0,,1,44
PLW,Palau,2004,Palau,0.0,0,0,0,,1,45
PLW,Palau,2005,Palau,0.0,0,0,0,,1,46
PLW,Palau,2006,Palau,0.0,0,0,0,,1,47
PLW,Palau,2007,Palau,0.0,0,0,0,,1,48
PLW,Palau,2008,Palau,0.0,0,0,0,,1,49
PLW,Palau,2009,Palau,0.0,0,0,0,,1,50
PLW,Palau,2010,Palau,0.0,0,0,0,,1,51
PLW,Palau,2011,Palau,0.0,0,0,0,,1,52
PLW,Palau,2012,Palau,0.0,0,0,0,,1,53
PLW,Palau,2013,Palau,0.0,0,0,0,,1,54
PLW,Palau,2014,Palau,0.0,0,0,0,,1,55
PLW,Palau,2015,Palau,0.0,0,0,0,,1,56
PLW,Palau,2016,Palau,0.0,0,0,0,,1,57
PLW,Palau,2017,Palau,0.0,0,0,0,,1,58
PLW,Palau,2018,Palau,0.0,0,0,0,,1,59
PLW,Palau,2019,Palau,0.0,0,0,0,,1,60
PLW,Palau,2020,Palau,0.0,0,0,0,,1,61
PLW,Palau,2021,Palau,0.0,0,0,0,,1,62
PLW,Palau,2022,Palau,0.0,0,0,0,,1,63
PLW,Palau,2023,Palau,0.0,0,0,0,,1,64
PLW,Palau,2024,Palau,0.0,0,0,0,,1,65
PNG,Papua New Guinea,1960,Papua New Guinea,0.0,0,0,0,,1,1
PNG,Papua New Guinea,1961,Papua New Guinea,0.0,0,0,0,,1,2
PNG,Papua New Guinea,1962,Papua New Guinea,0.0,0,0,0,,1,3
PNG,Papua New Guinea,1963,Papua New Guinea,0.0,0,0,0,,1,4
PNG,Papua New Guinea,1964,Papua New Guinea,0.0,0,0,0,,1,5
PNG,Papua New Guinea,1965,Papua New Guinea,0.0,0,0,0,,1,6
PNG,Papua New Guinea,1966,Papua New Guinea,0.0,0,0,0,,1,7
PNG,Papua New Guinea,1967,Papua New Guinea,0.0,0,0,0,,1,8
PNG,Papua New Guinea,1968,Papua New Guinea,0.0,0,0,0,,1,9
PNG,Papua New Guinea,1969,Papua New Guinea,0.0,0,0,0,,1,10
PNG,Papua New Guinea,1970,Papua New Guinea,0.0,0,0,0,,1,11
PNG,Papua New Guinea,1971,Papua New Guinea,0.0,0,0,0,,1,12
PNG,Papua New Guinea,1972,Papua New Guinea,0.0,0,0,0,,1,13
PNG,Papua New Guinea,1973,Papua New Guinea,0.0,0,0,0,,1,14
PNG,Papua New Guinea,1974,Papua New Guinea,0.0,0,0,0,,1,15
PNG,Papua New Guinea,1975,Papua New Guinea,0.0,0,0,0,,1,16
PNG,Papua New Guinea,1976,Papua New Guinea,0.0,0,0,0,,1,17
PNG,Papua New Guinea,1977,Papua New Guinea,0.0,0,0,0,,1,18
PNG,Papua New Guinea,1978,Papua New Guinea,0.0,0,0,0,,1,19
PNG,Papua New Guinea,1979,Papua New Guinea,0.0,0,0,0,,1,20
PNG,Papua New Guinea,1980,Papua New Guinea,0.0,0,0,0,,1,21
PNG,Papua New Guinea,1981,Papua New Guinea,0.0,0,0,0,,1,22
PNG,Papua New Guinea,1982,Papua New Guinea,0.0,0,0,0,,1,23
PNG,Papua New Guinea,1983,Papua New Guinea,0.0,0,0,0,,1,24
PNG,Papua New Guinea,1984,Papua New Guinea,0.0,0,0,0,,1,25
PNG,Papua New Guinea,1985,Papua New Guinea,0.0,0,0,0,,1,26
PNG,Papua New Guinea,1986,Papua New Guinea,0.0,0,0,0,,1,27
PNG,Papua New Guinea,1987,Papua New Guinea,0.0,0,0,0,,1,28
PNG,Papua New Guinea,1988,Papua New Guinea,0.0,0,0,0,,1,29
PNG,Papua New Guinea,1989,Papua New Guinea,0.0,0,0,0,,1,30
PNG,Papua New Guinea,1990,Papua New Guinea,0.0,0,0,0,,1,31
PNG,Papua New Guinea,1991,Papua New Guinea,0.0,0,0,0,,1,32
PNG,Papua New Guinea,1992,Papua New Guinea,0.0,0,0,0,,1,33
PNG,Papua New Guinea,1993,Papua New Guinea,0.0,0,0,0,,1,34
PNG,Papua New Guinea,1994,Papua New Guinea,0.0,0,0,0,,1,35
PNG,Papua New Guinea,1995,Papua New Guinea,0.0,0,0,0,,1,36
PNG,Papua New Guinea,1996,Papua New Guinea,9.45,1,0,0,1996.0,0,0
PNG,Papua New Guinea,1997,Papua New Guinea,0.0,0,1,1,1996.0,0,1
PNG,Papua New Guinea,1998,Papua New Guinea,0.21,1,1,1,1998.0,0,0
PNG,Papua New Guinea,1999,Papua New Guinea,0.0,0,1,1,1998.0,0,1
PNG,Papua New Guinea,2000,Papua New Guinea,0.0,0,1,1,1998.0,0,2
PNG,Papua New Guinea,2001,Papua New Guinea,0.0,0,1,1,1998.0,0,3
PNG,Papua New Guinea,2002,Papua New Guinea,1.12,1,1,1,2002.0,0,0
PNG,Papua New Guinea,2003,Papua New Guinea,0.0,0,1,1,2002.0,0,1
PNG,Papua New Guinea,2004,Papua New Guinea,0.0,0,1,1,2002.0,0,2
PNG,Papua New Guinea,2005,Papua New Guinea,0.0,0,1,1,2002.0,0,3
PNG,Papua New Guinea,2006,Papua New Guinea,0.0,0,1,1,2002.0,0,4
PNG,Papua New Guinea,2007,Papua New Guinea,0.0,0,1,1,2002.0,0,5
PNG,Papua New Guinea,2008,Papua New Guinea,12.0,1,0,1,2008.0,0,0
PNG,Papua New Guinea,2009,Papua New Guinea,0.0,0,1,1,2008.0,0,1
PNG,Papua New Guinea,2010,Papua New Guinea,0.0,0,1,1,2008.0,0,2
PNG,Papua New Guinea,2011,Papua New Guinea,0.0,0,1,1,2008.0,0,3
PNG,Papua New Guinea,2012,Papua New Guinea,0.0,0,1,1,2008.0,0,4
PNG,Papua New Guinea,2013,Papua New Guinea,0.46,1,1,1,2013.0,0,0
PNG,Papua New Guinea,2014,Papua New Guinea,0.74,1,1,1,2014.0,0,0
PNG,Papua New Guinea,2015,Papua New Guinea,1.81,1,1,1,2015.0,0,0
PNG,Papua New Guinea,2016,Papua New Guinea,2.85,1,1,1,2016.0,0,0
PNG,Papua New Guinea,2017,Papua New Guinea,4.44,1,1,1,2017.0,0,0
PNG,Papua New Guinea,2018,Papua New Guinea,5.15,1,1,1,2018.0,0,0
PNG,Papua New Guinea,2019,Papua New Guinea,6.6,1,1,1,2019.0,0,0
PNG,Papua New Guinea,2020,Papua New Guinea,14.45,1,1,1,2020.0,0,0
PNG,Papua New Guinea,2021,Papua New Guinea,54.25,1,1,1,2021.0,0,0
PNG,Papua New Guinea,2022,Papua New Guinea,1.34,1,1,1,2022.0,0,0
PNG,Papua New Guinea,2023,Papua New Guinea,9.3,1,1,1,2023.0,0,0
PNG,Papua New Guinea,2024,Papua New Guinea,18.5,1,1,1,2024.0,0,0
POL,Poland,1960,Poland,88.97,1,0,0,1960.0,0,0
POL,Poland,1961,Poland,90.96,1,1,1,1961.0,0,0
POL,Poland,1962,Poland,92.96,1,1,1,1962.0,0,0
POL,Poland,1963,Poland,94.96,1,1,1,1963.0,0,0
POL,Poland,1964,Poland,96.95,1,1,1,1964.0,0,0
POL,Poland,1965,Poland,98.95,1,1,1,1965.0,0,0
POL,Poland,1966,Poland,100.94,1,1,1,1966.0,0,0
POL,Poland,1967,Poland,102.94,1,1,1,1967.0,0,0
POL,Poland,1968,Poland,104.94,1,1,1,1968.0,0,0
POL,Poland,1969,Poland,106.93,1,1,1,1969.0,0,0
POL,Poland,1970,Poland,108.93,1,1,1,1970.0,0,0
POL,Poland,1971,Poland,110.92,1,1,1,1971.0,0,0
POL,Poland,1972,Poland,112.92,1,1,1,1972.0,0,0
POL,Poland,1973,Poland,114.92,1,1,1,1973.0,0,0
POL,Poland,1974,Poland,116.91,1,1,1,1974.0,0,0
POL,Poland,1975,Poland,118.91,1,1,1,1975.0,0,0
POL,Poland,1976,Poland,7.05,1,1,1,1976.0,0,0
POL,Poland,1977,Poland,0.0,0,1,1,1976.0,0,1
POL,Poland,1978,Poland,0.0,0,1,1,1976.0,0,2
POL,Poland,1979,Poland,0.0,0,1,1,1976.0,0,3
POL,Poland,1980,Poland,0.0,0,1,1,1976.0,0,4
POL,Poland,1981,Poland,4500.0,1,1,1,1981.0,0,0
POL,Poland,1982,Poland,2200.0,1,1,1,1982.0,0,0
POL,Poland,1983,Poland,1200.0,1,1,1,1983.0,0,0
POL,Poland,1984,Poland,11317.0,1,1,1,1984.0,0,0
POL,Poland,1985,Poland,13050.0,1,1,1,1985.0,0,0
POL,Poland,1986,Poland,6993.4,1,1,1,1986.0,0,0
POL,Poland,1987,Poland,24730.5,1,1,1,1987.0,0,0
POL,Poland,1988,Poland,13090.8,1,1,1,1988.0,0,0
POL,Poland,1989,Poland,10933.7,1,1,1,1989.0,0,0
POL,Poland,1990,Poland,21380.5,1,1,1,1990.0,0,0
POL,Poland,1991,Poland,48597.6,1,1,1,1991.0,0,0
POL,Poland,1992,Poland,16190.0,1,1,1,1992.0,0,0
POL,Poland,1993,Poland,13360.3,1,1,1,1993.0,0,0
POL,Poland,1994,Poland,14254.6,1,1,1,1994.0,0,0
POL,Poland,1995,Poland,760.8,1,1,1,1995.0,0,0
POL,Poland,1996,Poland,29.2,1,1,1,1996.0,0,0
POL,Poland,1997,Poland,29.0,1,1,1,1997.0,0,0
POL,Poland,1998,Poland,2.8,1,1,1,1998.0,0,0
POL,Poland,1999,Poland,96.0,1,1,1,1999.0,0,0
POL,Poland,2000,Poland,120.8,1,1,1,2000.0,0,0
POL,Poland,2001,Poland,2.9,1,1,1,2001.0,0,0
POL,Poland,2002,Poland,2.2,1,1,1,2002.0,0,0
POL,Poland,2003,Poland,0.0,0,1,1,2002.0,0,1
POL,Poland,2004,Poland,0.0,0,1,1,2002.0,0,2
POL,Poland,2005,Poland,0.0,0,1,1,2002.0,0,3
POL,Poland,2006,Poland,0.0,0,1,1,2002.0,0,4
POL,Poland,2007,Poland,0.0,0,1,1,2002.0,0,5
POL,Poland,2008,Poland,0.0,0,0,1,2002.0,0,6
POL,Poland,2009,Poland,0.0,0,0,1,2002.0,0,7
POL,Poland,2010,Poland,0.0,0,0,1,2002.0,0,8
POL,Poland,2011,Poland,0.0,0,0,1,2002.0,0,9
POL,Poland,2012,Poland,0.0,0,0,1,2002.0,0,10
POL,Poland,2013,Poland,0.0,0,0,0,2002.0,0,11
POL,Poland,2014,Poland,0.0,0,0,0,2002.0,0,12
POL,Poland,2015,Poland,0.0,0,0,0,2002.0,0,13
POL,Poland,2016,Poland,0.0,0,0,0,2002.0,0,14
POL,Poland,2017,Poland,0.0,0,0,0,2002.0,0,15
POL,Poland,2018,Poland,0.0,0,0,0,2002.0,0,16
POL,Poland,2019,Poland,0.0,0,0,0,2002.0,0,17
POL,Poland,2020,Poland,0.0,0,0,0,2002.0,0,18
POL,Poland,2021,Poland,0.0,0,0,0,2002.0,0,19
POL,Poland,2022,Poland,0.0,0,0,0,2002.0,0,20
POL,Poland,2023,Poland,0.0,0,0,0,2002.0,0,21
POL,Poland,2024,Poland,0.0,0,0,0,2002.0,0,22
PRI,Puerto Rico (US),1960,Puerto Rico,0.0,0,0,0,,1,1
PRI,Puerto Rico (US),1961,Puerto Rico,0.0,0,0,0,,1,2
PRI,Puerto Rico (US),1962,Puerto Rico,0.0,0,0,0,,1,3
PRI,Puerto Rico (US),1963,Puerto Rico,0.0,0,0,0,,1,4
PRI,Puerto Rico (US),1964,Puerto Rico,0.0,0,0,0,,1,5
PRI,Puerto Rico (US),1965,Puerto Rico,0.0,0,0,0,,1,6
PRI,Puerto Rico (US),1966,Puerto Rico,0.0,0,0,0,,1,7
PRI,Puerto Rico (US),1967,Puerto Rico,0.0,0,0,0,,1,8
PRI,Puerto Rico (US),1968,Puerto Rico,0.0,0,0,0,,1,9
PRI,Puerto Rico (US),1969,Puerto Rico,0.0,0,0,0,,1,10
PRI,Puerto Rico (US),1970,Puerto Rico,0.0,0,0,0,,1,11
PRI,Puerto Rico (US),1971,Puerto Rico,0.0,0,0,0,,1,12
PRI,Puerto Rico (US),1972,Puerto Rico,0.0,0,0,0,,1,13
PRI,Puerto Rico (US),1973,Puerto Rico,0.0,0,0,0,,1,14
PRI,Puerto Rico (US),1974,Puerto Rico,0.0,0,0,0,,1,15
PRI,Puerto Rico (US),1975,Puerto Rico,0.0,0,0,0,,1,16
PRI,Puerto Rico (US),1976,Puerto Rico,0.0,0,0,0,,1,17
PRI,Puerto Rico (US),1977,Puerto Rico,0.0,0,0,0,,1,18
PRI,Puerto Rico (US),1978,Puerto Rico,0.0,0,0,0,,1,19
PRI,Puerto Rico (US),1979,Puerto Rico,0.0,0,0,0,,1,20
PRI,Puerto Rico (US),1980,Puerto Rico,0.0,0,0,0,,1,21
PRI,Puerto Rico (US),1981,Puerto Rico,0.0,0,0,0,,1,22
PRI,Puerto Rico (US),1982,Puerto Rico,0.0,0,0,0,,1,23
PRI,Puerto Rico (US),1983,Puerto Rico,0.0,0,0,0,,1,24
PRI,Puerto Rico (US),1984,Puerto Rico,0.0,0,0,0,,1,25
PRI,Puerto Rico (US),1985,Puerto Rico,0.0,0,0,0,,1,26
PRI,Puerto Rico (US),1986,Puerto Rico,0.0,0,0,0,,1,27
PRI,Puerto Rico (US),1987,Puerto Rico,0.0,0,0,0,,1,28
PRI,Puerto Rico (US),1988,Puerto Rico,0.0,0,0,0,,1,29
PRI,Puerto Rico (US),1989,Puerto Rico,0.0,0,0,0,,1,30
PRI,Puerto Rico (US),1990,Puerto Rico,0.0,0,0,0,,1,31
PRI,Puerto Rico (US),1991,Puerto Rico,0.0,0,0,0,,1,32
PRI,Puerto Rico (US),1992,Puerto Rico,0.0,0,0,0,,1,33
PRI,Puerto Rico (US),1993,Puerto Rico,0.0,0,0,0,,1,34
PRI,Puerto Rico (US),1994,Puerto Rico,0.0,0,0,0,,1,35
PRI,Puerto Rico (US),1995,Puerto Rico,0.0,0,0,0,,1,36
PRI,Puerto Rico (US),1996,Puerto Rico,0.0,0,0,0,,1,37
PRI,Puerto Rico (US),1997,Puerto Rico,0.0,0,0,0,,1,38
PRI,Puerto Rico (US),1998,Puerto Rico,0.0,0,0,0,,1,39
PRI,Puerto Rico (US),1999,Puerto Rico,0.0,0,0,0,,1,40
PRI,Puerto Rico (US),2000,Puerto Rico,0.0,0,0,0,,1,41
PRI,Puerto Rico (US),2001,Puerto Rico,0.0,0,0,0,,1,42
PRI,Puerto Rico (US),2002,Puerto Rico,0.0,0,0,0,,1,43
PRI,Puerto Rico (US),2003,Puerto Rico,0.0,0,0,0,,1,44
PRI,Puerto Rico (US),2004,Puerto Rico,0.0,0,0,0,,1,45
PRI,Puerto Rico (US),2005,Puerto Rico,0.0,0,0,0,,1,46
PRI,Puerto Rico (US),2006,Puerto Rico,0.0,0,0,0,,1,47
PRI,Puerto Rico (US),2007,Puerto Rico,0.0,0,0,0,,1,48
PRI,Puerto Rico (US),2008,Puerto Rico,0.0,0,0,0,,1,49
PRI,Puerto Rico (US),2009,Puerto Rico,0.0,0,0,0,,1,50
PRI,Puerto Rico (US),2010,Puerto Rico,0.0,0,0,0,,1,51
PRI,Puerto Rico (US),2011,Puerto Rico,0.0,0,0,0,,1,52
PRI,Puerto Rico (US),2012,Puerto Rico,0.0,0,0,0,,1,53
PRI,Puerto Rico (US),2013,Puerto Rico,0.0,0,0,0,,1,54
PRI,Puerto Rico (US),2014,Puerto Rico,0.0,0,0,0,,1,55
PRI,Puerto Rico (US),2015,Puerto Rico,1103.0,1,0,0,2015.0,0,0
PRI,Puerto Rico (US),2016,Puerto Rico,25904.0,1,1,1,2016.0,0,0
PRI,Puerto Rico (US),2017,Puerto Rico,46602.0,1,1,1,2017.0,0,0
PRI,Puerto Rico (US),2018,Puerto Rico,49951.0,1,1,1,2018.0,0,0
PRI,Puerto Rico (US),2019,Puerto Rico,53300.0,1,1,1,2019.0,0,0
PRI,Puerto Rico (US),2020,Puerto Rico,56649.0,1,1,1,2020.0,0,0
PRI,Puerto Rico (US),2021,Puerto Rico,59998.0,1,1,1,2021.0,0,0
PRI,Puerto Rico (US),2022,Puerto Rico,61226.0,1,1,1,2022.0,0,0
PRI,Puerto Rico (US),2023,Puerto Rico,0.0,0,1,1,2022.0,0,1
PRI,Puerto Rico (US),2024,Puerto Rico,0.0,0,1,1,2022.0,0,2
PRK,"Korea, Dem. People's Rep.",1960,"Korea, Democratic People's Republic of (North)",0.0,0,0,0,,1,1
PRK,"Korea, Dem. People's Rep.",1961,"Korea, Democratic People's Republic of (North)",0.0,0,0,0,,1,2
PRK,"Korea, Dem. People's Rep.",1962,"Korea, Democratic People's Republic of (North)",0.0,0,0,0,,1,3
PRK,"Korea, Dem. People's Rep.",1963,"Korea, Democratic People's Republic of (North)",0.0,0,0,0,,1,4
PRK,"Korea, Dem. People's Rep.",1964,"Korea, Democratic People's Republic of (North)",0.0,0,0,0,,1,5
PRK,"Korea, Dem. People's Rep.",1965,"Korea, Democratic People's Republic of (North)",0.0,0,0,0,,1,6
PRK,"Korea, Dem. People's Rep.",1966,"Korea, Democratic People's Republic of (North)",0.0,0,0,0,,1,7
PRK,"Korea, Dem. People's Rep.",1967,"Korea, Democratic People's Republic of (North)",0.0,0,0,0,,1,8
PRK,"Korea, Dem. People's Rep.",1968,"Korea, Democratic People's Republic of (North)",0.0,0,0,0,,1,9
PRK,"Korea, Dem. People's Rep.",1969,"Korea, Democratic People's Republic of (North)",0.0,0,0,0,,1,10
PRK,"Korea, Dem. People's Rep.",1970,"Korea, Democratic People's Republic of (North)",0.0,0,0,0,,1,11
PRK,"Korea, Dem. People's Rep.",1971,"Korea, Democratic People's Republic of (North)",0.0,0,0,0,,1,12
PRK,"Korea, Dem. People's Rep.",1972,"Korea, Democratic People's Republic of (North)",0.0,0,0,0,,1,13
PRK,"Korea, Dem. People's Rep.",1973,"Korea, Democratic People's Republic of (North)",0.0,0,0,0,,1,14
PRK,"Korea, Dem. People's Rep.",1974,"Korea, Democratic People's Republic of (North)",74.0,1,0,0,1974.0,0,0
PRK,"Korea, Dem. People's Rep.",1975,"Korea, Democratic People's Republic of (North)",148.27,1,1,1,1975.0,0,0
PRK,"Korea, Dem. People's Rep.",1976,"Korea, Democratic People's Republic of (North)",222.27,1,1,1,1976.0,0,0
PRK,"Korea, Dem. People's Rep.",1977,"Korea, Democratic People's Republic of (North)",293.61,1,1,1,1977.0,0,0
PRK,"Korea, Dem. People's Rep.",1978,"Korea, Democratic People's Republic of (North)",381.12,1,1,1,1978.0,0,0
PRK,"Korea, Dem. People's Rep.",1979,"Korea, Democratic People's Republic of (North)",462.4,1,1,1,1979.0,0,0
PRK,"Korea, Dem. People's Rep.",1980,"Korea, Democratic People's Republic of (North)",469.51,1,1,1,1980.0,0,0
PRK,"Korea, Dem. People's Rep.",1981,"Korea, Democratic People's Republic of (North)",451.19,1,1,1,1981.0,0,0
PRK,"Korea, Dem. People's Rep.",1982,"Korea, Democratic People's Republic of (North)",494.42,1,1,1,1982.0,0,0
PRK,"Korea, Dem. People's Rep.",1983,"Korea, Democratic People's Republic of (North)",803.13,1,1,1,1983.0,0,0
PRK,"Korea, Dem. People's Rep.",1984,"Korea, Democratic People's Republic of (North)",749.66,1,1,1,1984.0,0,0
PRK,"Korea, Dem. People's Rep.",1985,"Korea, Democratic People's Republic of (North)",957.24,1,1,1,1985.0,0,0
PRK,"Korea, Dem. People's Rep.",1986,"Korea, Democratic People's Republic of (North)",1255.5,1,1,1,1986.0,0,0
PRK,"Korea, Dem. People's Rep.",1987,"Korea, Democratic People's Republic of (North)",1613.94,1,1,1,1987.0,0,0
PRK,"Korea, Dem. People's Rep.",1988,"Korea, Democratic People's Republic of (North)",1533.05,1,1,1,1988.0,0,0
PRK,"Korea, Dem. People's Rep.",1989,"Korea, Democratic People's Republic of (North)",1609.88,1,1,1,1989.0,0,0
PRK,"Korea, Dem. People's Rep.",1990,"Korea, Democratic People's Republic of (North)",2030.67,1,1,1,1990.0,0,0
PRK,"Korea, Dem. People's Rep.",1991,"Korea, Democratic People's Republic of (North)",2128.26,1,1,1,1991.0,0,0
PRK,"Korea, Dem. People's Rep.",1992,"Korea, Democratic People's Republic of (North)",2507.24,1,1,1,1992.0,0,0
PRK,"Korea, Dem. People's Rep.",1993,"Korea, Democratic People's Republic of (North)",2370.35,1,1,1,1993.0,0,0
PRK,"Korea, Dem. People's Rep.",1994,"Korea, Democratic People's Republic of (North)",2808.06,1,1,1,1994.0,0,0
PRK,"Korea, Dem. People's Rep.",1995,"Korea, Democratic People's Republic of (North)",3295.04,1,1,1,1995.0,0,0
PRK,"Korea, Dem. People's Rep.",1996,"Korea, Democratic People's Republic of (North)",3143.39,1,1,1,1996.0,0,0
PRK,"Korea, Dem. People's Rep.",1997,"Korea, Democratic People's Republic of (North)",4782.3,1,1,1,1997.0,0,0
PRK,"Korea, Dem. People's Rep.",1998,"Korea, Democratic People's Republic of (North)",5032.55,1,1,1,1998.0,0,0
PRK,"Korea, Dem. People's Rep.",1999,"Korea, Democratic People's Republic of (North)",4789.77,1,1,1,1999.0,0,0
PRK,"Korea, Dem. People's Rep.",2000,"Korea, Democratic People's Republic of (North)",5124.68,1,1,1,2000.0,0,0
PRK,"Korea, Dem. People's Rep.",2001,"Korea, Democratic People's Republic of (North)",5199.7,1,1,1,2001.0,0,0
PRK,"Korea, Dem. People's Rep.",2002,"Korea, Democratic People's Republic of (North)",6460.84,1,1,1,2002.0,0,0
PRK,"Korea, Dem. People's Rep.",2003,"Korea, Democratic People's Republic of (North)",7820.01,1,1,1,2003.0,0,0
PRK,"Korea, Dem. People's Rep.",2004,"Korea, Democratic People's Republic of (North)",8690.58,1,1,1,2004.0,0,0
PRK,"Korea, Dem. People's Rep.",2005,"Korea, Democratic People's Republic of (North)",7847.5,1,1,1,2005.0,0,0
PRK,"Korea, Dem. People's Rep.",2006,"Korea, Democratic People's Republic of (North)",8897.24,1,1,1,2006.0,0,0
PRK,"Korea, Dem. People's Rep.",2007,"Korea, Democratic People's Republic of (North)",10859.58,1,1,1,2007.0,0,0
PRK,"Korea, Dem. People's Rep.",2008,"Korea, Democratic People's Republic of (North)",13624.97,1,1,1,2008.0,0,0
PRK,"Korea, Dem. People's Rep.",2009,"Korea, Democratic People's Republic of (North)",14229.44,1,1,1,2009.0,0,0
PRK,"Korea, Dem. People's Rep.",2010,"Korea, Democratic People's Republic of (North)",14276.44,1,1,1,2010.0,0,0
PRK,"Korea, Dem. People's Rep.",2011,"Korea, Democratic People's Republic of (North)",14561.25,1,1,1,2011.0,0,0
PRK,"Korea, Dem. People's Rep.",2012,"Korea, Democratic People's Republic of (North)",14968.01,1,1,1,2012.0,0,0
PRK,"Korea, Dem. People's Rep.",2013,"Korea, Democratic People's Republic of (North)",15494.02,1,1,1,2013.0,0,0
PRK,"Korea, Dem. People's Rep.",2014,"Korea, Democratic People's Republic of (North)",7117.51,1,1,1,2014.0,0,0
PRK,"Korea, Dem. People's Rep.",2015,"Korea, Democratic People's Republic of (North)",6761.94,1,1,1,2015.0,0,0
PRK,"Korea, Dem. People's Rep.",2016,"Korea, Democratic People's Republic of (North)",6481.91,1,1,1,2016.0,0,0
PRK,"Korea, Dem. People's Rep.",2017,"Korea, Democratic People's Republic of (North)",6839.77,1,1,1,2017.0,0,0
PRK,"Korea, Dem. People's Rep.",2018,"Korea, Democratic People's Republic of (North)",6489.66,1,1,1,2018.0,0,0
PRK,"Korea, Dem. People's Rep.",2019,"Korea, Democratic People's Republic of (North)",6290.62,1,1,1,2019.0,0,0
PRK,"Korea, Dem. People's Rep.",2020,"Korea, Democratic People's Republic of (North)",6675.66,1,1,1,2020.0,0,0
PRK,"Korea, Dem. People's Rep.",2021,"Korea, Democratic People's Republic of (North)",6244.68,1,1,1,2021.0,0,0
PRK,"Korea, Dem. People's Rep.",2022,"Korea, Democratic People's Republic of (North)",5834.97,1,1,1,2022.0,0,0
PRK,"Korea, Dem. People's Rep.",2023,"Korea, Democratic People's Republic of (North)",6275.0,1,1,1,2023.0,0,0
PRK,"Korea, Dem. People's Rep.",2024,"Korea, Democratic People's Republic of (North)",6032.0,1,1,1,2024.0,0,0
PRT,Portugal,1960,Portugal,0.0,0,0,0,,1,1
PRT,Portugal,1961,Portugal,0.0,0,0,0,,1,2
PRT,Portugal,1962,Portugal,0.0,0,0,0,,1,3
PRT,Portugal,1963,Portugal,0.0,0,0,0,,1,4
PRT,Portugal,1964,Portugal,0.0,0,0,0,,1,5
PRT,Portugal,1965,Portugal,0.0,0,0,0,,1,6
PRT,Portugal,1966,Portugal,0.0,0,0,0,,1,7
PRT,Portugal,1967,Portugal,0.0,0,0,0,,1,8
PRT,Portugal,1968,Portugal,0.0,0,0,0,,1,9
PRT,Portugal,1969,Portugal,0.0,0,0,0,,1,10
PRT,Portugal,1970,Portugal,0.0,0,0,0,,1,11
PRT,Portugal,1971,Portugal,0.0,0,0,0,,1,12
PRT,Portugal,1972,Portugal,0.0,0,0,0,,1,13
PRT,Portugal,1973,Portugal,0.0,0,0,0,,1,14
PRT,Portugal,1974,Portugal,0.0,0,0,0,,1,15
PRT,Portugal,1975,Portugal,0.0,0,0,0,,1,16
PRT,Portugal,1976,Portugal,0.0,0,0,0,,1,17
PRT,Portugal,1977,Portugal,0.0,0,0,0,,1,18
PRT,Portugal,1978,Portugal,0.0,0,0,0,,1,19
PRT,Portugal,1979,Portugal,0.0,0,0,0,,1,20
PRT,Portugal,1980,Portugal,0.0,0,0,0,,1,21
PRT,Portugal,1981,Portugal,0.0,0,0,0,,1,22
PRT,Portugal,1982,Portugal,0.0,0,0,0,,1,23
PRT,Portugal,1983,Portugal,0.0,0,0,0,,1,24
PRT,Portugal,1984,Portugal,0.0,0,0,0,,1,25
PRT,Portugal,1985,Portugal,0.0,0,0,0,,1,26
PRT,Portugal,1986,Portugal,0.0,0,0,0,,1,27
PRT,Portugal,1987,Portugal,0.0,0,0,0,,1,28
PRT,Portugal,1988,Portugal,0.0,0,0,0,,1,29
PRT,Portugal,1989,Portugal,0.0,0,0,0,,1,30
PRT,Portugal,1990,Portugal,0.0,0,0,0,,1,31
PRT,Portugal,1991,Portugal,0.0,0,0,0,,1,32
PRT,Portugal,1992,Portugal,0.0,0,0,0,,1,33
PRT,Portugal,1993,Portugal,0.0,0,0,0,,1,34
PRT,Portugal,1994,Portugal,0.0,0,0,0,,1,35
PRT,Portugal,1995,Portugal,0.0,0,0,0,,1,36
PRT,Portugal,1996,Portugal,0.0,0,0,0,,1,37
PRT,Portugal,1997,Portugal,0.0,0,0,0,,1,38
PRT,Portugal,1998,Portugal,0.0,0,0,0,,1,39
PRT,Portugal,1999,Portugal,0.0,0,0,0,,1,40
PRT,Portugal,2000,Portugal,0.0,0,0,0,,1,41
PRT,Portugal,2001,Portugal,0.0,0,0,0,,1,42
PRT,Portugal,2002,Portugal,0.0,0,0,0,,1,43
PRT,Portugal,2003,Portugal,0.0,0,0,0,,1,44
PRT,Portugal,2004,Portugal,0.0,0,0,0,,1,45
PRT,Portugal,2005,Portugal,0.0,0,0,0,,1,46
PRT,Portugal,2006,Portugal,0.0,0,0,0,,1,47
PRT,Portugal,2007,Portugal,0.0,0,0,0,,1,48
PRT,Portugal,2008,Portugal,0.0,0,0,0,,1,49
PRT,Portugal,2009,Portugal,0.0,0,0,0,,1,50
PRT,Portugal,2010,Portugal,0.0,0,0,0,,1,51
PRT,Portugal,2011,Portugal,0.0,0,0,0,,1,52
PRT,Portugal,2012,Portugal,0.0,0,0,0,,1,53
PRT,Portugal,2013,Portugal,52712.0,1,0,0,2013.0,0,0
PRT,Portugal,2014,Portugal,0.0,0,1,1,2013.0,0,1
PRT,Portugal,2015,Portugal,0.0,0,1,1,2013.0,0,2
PRT,Portugal,2016,Portugal,0.0,0,1,1,2013.0,0,3
PRT,Portugal,2017,Portugal,0.0,0,1,1,2013.0,0,4
PRT,Portugal,2018,Portugal,0.0,0,1,1,2013.0,0,5
PRT,Portugal,2019,Portugal,0.0,0,0,1,2013.0,0,6
PRT,Portugal,2020,Portugal,0.0,0,0,1,2013.0,0,7
PRT,Portugal,2021,Portugal,0.0,0,0,1,2013.0,0,8
PRT,Portugal,2022,Portugal,0.0,0,0,1,2013.0,0,9
PRT,Portugal,2023,Portugal,0.0,0,0,1,2013.0,0,10
PRT,Portugal,2024,Portugal,0.0,0,0,0,2013.0,0,11
PRY,Paraguay,1960,Paraguay,0.0,0,0,0,,1,1
PRY,Paraguay,1961,Paraguay,0.0,0,0,0,,1,2
PRY,Paraguay,1962,Paraguay,0.0,0,0,0,,1,3
PRY,Paraguay,1963,Paraguay,0.0,0,0,0,,1,4
PRY,Paraguay,1964,Paraguay,0.0,0,0,0,,1,5
PRY,Paraguay,1965,Paraguay,0.0,0,0,0,,1,6
PRY,Paraguay,1966,Paraguay,0.0,0,0,0,,1,7
PRY,Paraguay,1967,Paraguay,0.0,0,0,0,,1,8
PRY,Paraguay,1968,Paraguay,0.0,0,0,0,,1,9
PRY,Paraguay,1969,Paraguay,0.0,0,0,0,,1,10
PRY,Paraguay,1970,Paraguay,1.53,1,0,0,1970.0,0,0
PRY,Paraguay,1971,Paraguay,1.6,1,1,1,1971.0,0,0
PRY,Paraguay,1972,Paraguay,1.91,1,1,1,1972.0,0,0
PRY,Paraguay,1973,Paraguay,1.76,1,1,1,1973.0,0,0
PRY,Paraguay,1974,Paraguay,1.72,1,1,1,1974.0,0,0
PRY,Paraguay,1975,Paraguay,1.7,1,1,1,1975.0,0,0
PRY,Paraguay,1976,Paraguay,1.8,1,1,1,1976.0,0,0
PRY,Paraguay,1977,Paraguay,2.27,1,1,1,1977.0,0,0
PRY,Paraguay,1978,Paraguay,4.74,1,1,1,1978.0,0,0
PRY,Paraguay,1979,Paraguay,3.34,1,1,1,1979.0,0,0
PRY,Paraguay,1980,Paraguay,1.85,1,1,1,1980.0,0,0
PRY,Paraguay,1981,Paraguay,1.32,1,1,1,1981.0,0,0
PRY,Paraguay,1982,Paraguay,6.63,1,1,1,1982.0,0,0
PRY,Paraguay,1983,Paraguay,15.98,1,1,1,1983.0,0,0
PRY,Paraguay,1984,Paraguay,26.92,1,1,1,1984.0,0,0
PRY,Paraguay,1985,Paraguay,64.28,1,1,1,1985.0,0,0
PRY,Paraguay,1986,Paraguay,468.64,1,1,1,1986.0,0,0
PRY,Paraguay,1987,Paraguay,482.5,1,1,1,1987.0,0,0
PRY,Paraguay,1988,Paraguay,512.82,1,1,1,1988.0,0,0
PRY,Paraguay,1989,Paraguay,1110.45,1,1,1,1989.0,0,0
PRY,Paraguay,1990,Paraguay,1130.4,1,1,1,1990.0,0,0
PRY,Paraguay,1991,Paraguay,489.98,1,1,1,1991.0,0,0
PRY,Paraguay,1992,Paraguay,346.26,1,1,1,1992.0,0,0
PRY,Paraguay,1993,Paraguay,125.66,1,1,1,1993.0,0,0
PRY,Paraguay,1994,Paraguay,105.48,1,1,1,1994.0,0,0
PRY,Paraguay,1995,Paraguay,67.35,1,1,1,1995.0,0,0
PRY,Paraguay,1996,Paraguay,63.25,1,1,1,1996.0,0,0
PRY,Paraguay,1997,Paraguay,71.57,1,1,1,1997.0,0,0
PRY,Paraguay,1998,Paraguay,77.27,1,1,1,1998.0,0,0
PRY,Paraguay,1999,Paraguay,65.59,1,1,1,1999.0,0,0
PRY,Paraguay,2000,Paraguay,66.23,1,1,1,2000.0,0,0
PRY,Paraguay,2001,Paraguay,51.55,1,1,1,2001.0,0,0
PRY,Paraguay,2002,Paraguay,203.53,1,1,1,2002.0,0,0
PRY,Paraguay,2003,Paraguay,359.98,1,1,1,2003.0,0,0
PRY,Paraguay,2004,Paraguay,285.19,1,1,1,2004.0,0,0
PRY,Paraguay,2005,Paraguay,145.6,1,1,1,2005.0,0,0
PRY,Paraguay,2006,Paraguay,7.85,1,1,1,2006.0,0,0
PRY,Paraguay,2007,Paraguay,7.85,1,1,1,2007.0,0,0
PRY,Paraguay,2008,Paraguay,8.71,1,1,1,2008.0,0,0
PRY,Paraguay,2009,Paraguay,7.18,1,1,1,2009.0,0,0
PRY,Paraguay,2010,Paraguay,7.23,1,1,1,2010.0,0,0
PRY,Paraguay,2011,Paraguay,7.16,1,1,1,2011.0,0,0
PRY,Paraguay,2012,Paraguay,7.16,1,1,1,2012.0,0,0
PRY,Paraguay,2013,Paraguay,7.15,1,1,1,2013.0,0,0
PRY,Paraguay,2014,Paraguay,0.04,1,1,1,2014.0,0,0
PRY,Paraguay,2015,Paraguay,0.03,1,1,1,2015.0,0,0
PRY,Paraguay,2016,Paraguay,0.04,1,1,1,2016.0,0,0
PRY,Paraguay,2017,Paraguay,0.59,1,1,1,2017.0,0,0
PRY,Paraguay,2018,Paraguay,0.04,1,1,1,2018.0,0,0
PRY,Paraguay,2019,Paraguay,0.04,1,1,1,2019.0,0,0
PRY,Paraguay,2020,Paraguay,0.04,1,1,1,2020.0,0,0
PRY,Paraguay,2021,Paraguay,0.03,1,1,1,2021.0,0,0
PRY,Paraguay,2022,Paraguay,0.03,1,1,1,2022.0,0,0
PRY,Paraguay,2023,Paraguay,0.03,1,1,1,2023.0,0,0
PRY,Paraguay,2024,Paraguay,0.03,1,1,1,2024.0,0,0
PSE,West Bank and Gaza,1960,West Bank & Gaza,0.0,0,0,0,,1,1
PSE,West Bank and Gaza,1961,West Bank & Gaza,0.0,0,0,0,,1,2
PSE,West Bank and Gaza,1962,West Bank & Gaza,0.0,0,0,0,,1,3
PSE,West Bank and Gaza,1963,West Bank & Gaza,0.0,0,0,0,,1,4
PSE,West Bank and Gaza,1964,West Bank & Gaza,0.0,0,0,0,,1,5
PSE,West Bank and Gaza,1965,West Bank & Gaza,0.0,0,0,0,,1,6
PSE,West Bank and Gaza,1966,West Bank & Gaza,0.0,0,0,0,,1,7
PSE,West Bank and Gaza,1967,West Bank & Gaza,0.0,0,0,0,,1,8
PSE,West Bank and Gaza,1968,West Bank & Gaza,0.0,0,0,0,,1,9
PSE,West Bank and Gaza,1969,West Bank & Gaza,0.0,0,0,0,,1,10
PSE,West Bank and Gaza,1970,West Bank & Gaza,0.0,0,0,0,,1,11
PSE,West Bank and Gaza,1971,West Bank & Gaza,0.0,0,0,0,,1,12
PSE,West Bank and Gaza,1972,West Bank & Gaza,0.0,0,0,0,,1,13
PSE,West Bank and Gaza,1973,West Bank & Gaza,0.0,0,0,0,,1,14
PSE,West Bank and Gaza,1974,West Bank & Gaza,0.0,0,0,0,,1,15
PSE,West Bank and Gaza,1975,West Bank & Gaza,0.0,0,0,0,,1,16
PSE,West Bank and Gaza,1976,West Bank & Gaza,0.0,0,0,0,,1,17
PSE,West Bank and Gaza,1977,West Bank & Gaza,0.0,0,0,0,,1,18
PSE,West Bank and Gaza,1978,West Bank & Gaza,0.0,0,0,0,,1,19
PSE,West Bank and Gaza,1979,West Bank & Gaza,0.0,0,0,0,,1,20
PSE,West Bank and Gaza,1980,West Bank & Gaza,0.0,0,0,0,,1,21
PSE,West Bank and Gaza,1981,West Bank & Gaza,0.0,0,0,0,,1,22
PSE,West Bank and Gaza,1982,West Bank & Gaza,0.0,0,0,0,,1,23
PSE,West Bank and Gaza,1983,West Bank & Gaza,0.0,0,0,0,,1,24
PSE,West Bank and Gaza,1984,West Bank & Gaza,0.0,0,0,0,,1,25
PSE,West Bank and Gaza,1985,West Bank & Gaza,0.0,0,0,0,,1,26
PSE,West Bank and Gaza,1986,West Bank & Gaza,0.0,0,0,0,,1,27
PSE,West Bank and Gaza,1987,West Bank & Gaza,0.0,0,0,0,,1,28
PSE,West Bank and Gaza,1988,West Bank & Gaza,0.0,0,0,0,,1,29
PSE,West Bank and Gaza,1989,West Bank & Gaza,0.0,0,0,0,,1,30
PSE,West Bank and Gaza,1990,West Bank & Gaza,0.0,0,0,0,,1,31
PSE,West Bank and Gaza,1991,West Bank & Gaza,0.0,0,0,0,,1,32
PSE,West Bank and Gaza,1992,West Bank & Gaza,0.0,0,0,0,,1,33
PSE,West Bank and Gaza,1993,West Bank & Gaza,0.0,0,0,0,,1,34
PSE,West Bank and Gaza,1994,West Bank & Gaza,0.0,0,0,0,,1,35
PSE,West Bank and Gaza,1995,West Bank & Gaza,0.0,0,0,0,,1,36
PSE,West Bank and Gaza,1996,West Bank & Gaza,0.0,0,0,0,,1,37
PSE,West Bank and Gaza,1997,West Bank & Gaza,0.0,0,0,0,,1,38
PSE,West Bank and Gaza,1998,West Bank & Gaza,0.0,0,0,0,,1,39
PSE,West Bank and Gaza,1999,West Bank & Gaza,0.0,0,0,0,,1,40
PSE,West Bank and Gaza,2000,West Bank & Gaza,0.0,0,0,0,,1,41
PSE,West Bank and Gaza,2001,West Bank & Gaza,0.0,0,0,0,,1,42
PSE,West Bank and Gaza,2002,West Bank & Gaza,0.0,0,0,0,,1,43
PSE,West Bank and Gaza,2003,West Bank & Gaza,0.0,0,0,0,,1,44
PSE,West Bank and Gaza,2004,West Bank & Gaza,0.0,0,0,0,,1,45
PSE,West Bank and Gaza,2005,West Bank & Gaza,0.0,0,0,0,,1,46
PSE,West Bank and Gaza,2006,West Bank & Gaza,0.0,0,0,0,,1,47
PSE,West Bank and Gaza,2007,West Bank & Gaza,0.0,0,0,0,,1,48
PSE,West Bank and Gaza,2008,West Bank & Gaza,0.0,0,0,0,,1,49
PSE,West Bank and Gaza,2009,West Bank & Gaza,0.0,0,0,0,,1,50
PSE,West Bank and Gaza,2010,West Bank & Gaza,0.0,0,0,0,,1,51
PSE,West Bank and Gaza,2011,West Bank & Gaza,0.0,0,0,0,,1,52
PSE,West Bank and Gaza,2012,West Bank & Gaza,0.0,0,0,0,,1,53
PSE,West Bank and Gaza,2013,West Bank & Gaza,0.0,0,0,0,,1,54
PSE,West Bank and Gaza,2014,West Bank & Gaza,0.0,0,0,0,,1,55
PSE,West Bank and Gaza,2015,West Bank & Gaza,0.0,0,0,0,,1,56
PSE,West Bank and Gaza,2016,West Bank & Gaza,0.0,0,0,0,,1,57
PSE,West Bank and Gaza,2017,West Bank & Gaza,0.0,0,0,0,,1,58
PSE,West Bank and Gaza,2018,West Bank & Gaza,0.0,0,0,0,,1,59
PSE,West Bank and Gaza,2019,West Bank & Gaza,0.0,0,0,0,,1,60
PSE,West Bank and Gaza,2020,West Bank & Gaza,0.0,0,0,0,,1,61
PSE,West Bank and Gaza,2021,West Bank & Gaza,0.0,0,0,0,,1,62
PSE,West Bank and Gaza,2022,West Bank & Gaza,0.0,0,0,0,,1,63
PSE,West Bank and Gaza,2023,West Bank & Gaza,0.0,0,0,0,,1,64
PSE,West Bank and Gaza,2024,West Bank & Gaza,0.0,0,0,0,,1,65
PYF,French Polynesia,1960,,0.0,0,0,0,,1,1
PYF,French Polynesia,1961,,0.0,0,0,0,,1,2
PYF,French Polynesia,1962,,0.0,0,0,0,,1,3
PYF,French Polynesia,1963,,0.0,0,0,0,,1,4
PYF,French Polynesia,1964,,0.0,0,0,0,,1,5
PYF,French Polynesia,1965,,0.0,0,0,0,,1,6
PYF,French Polynesia,1966,,0.0,0,0,0,,1,7
PYF,French Polynesia,1967,,0.0,0,0,0,,1,8
PYF,French Polynesia,1968,,0.0,0,0,0,,1,9
PYF,French Polynesia,1969,,0.0,0,0,0,,1,10
PYF,French Polynesia,1970,,0.0,0,0,0,,1,11
PYF,French Polynesia,1971,,0.0,0,0,0,,1,12
PYF,French Polynesia,1972,,0.0,0,0,0,,1,13
PYF,French Polynesia,1973,,0.0,0,0,0,,1,14
PYF,French Polynesia,1974,,0.0,0,0,0,,1,15
PYF,French Polynesia,1975,,0.0,0,0,0,,1,16
PYF,French Polynesia,1976,,0.0,0,0,0,,1,17
PYF,French Polynesia,1977,,0.0,0,0,0,,1,18
PYF,French Polynesia,1978,,0.0,0,0,0,,1,19
PYF,French Polynesia,1979,,0.0,0,0,0,,1,20
PYF,French Polynesia,1980,,0.0,0,0,0,,1,21
PYF,French Polynesia,1981,,0.0,0,0,0,,1,22
PYF,French Polynesia,1982,,0.0,0,0,0,,1,23
PYF,French Polynesia,1983,,0.0,0,0,0,,1,24
PYF,French Polynesia,1984,,0.0,0,0,0,,1,25
PYF,French Polynesia,1985,,0.0,0,0,0,,1,26
PYF,French Polynesia,1986,,0.0,0,0,0,,1,27
PYF,French Polynesia,1987,,0.0,0,0,0,,1,28
PYF,French Polynesia,1988,,0.0,0,0,0,,1,29
PYF,French Polynesia,1989,,0.0,0,0,0,,1,30
PYF,French Polynesia,1990,,0.0,0,0,0,,1,31
PYF,French Polynesia,1991,,0.0,0,0,0,,1,32
PYF,French Polynesia,1992,,0.0,0,0,0,,1,33
PYF,French Polynesia,1993,,0.0,0,0,0,,1,34
PYF,French Polynesia,1994,,0.0,0,0,0,,1,35
PYF,French Polynesia,1995,,0.0,0,0,0,,1,36
PYF,French Polynesia,1996,,0.0,0,0,0,,1,37
PYF,French Polynesia,1997,,0.0,0,0,0,,1,38
PYF,French Polynesia,1998,,0.0,0,0,0,,1,39
PYF,French Polynesia,1999,,0.0,0,0,0,,1,40
PYF,French Polynesia,2000,,0.0,0,0,0,,1,41
PYF,French Polynesia,2001,,0.0,0,0,0,,1,42
PYF,French Polynesia,2002,,0.0,0,0,0,,1,43
PYF,French Polynesia,2003,,0.0,0,0,0,,1,44
PYF,French Polynesia,2004,,0.0,0,0,0,,1,45
PYF,French Polynesia,2005,,0.0,0,0,0,,1,46
PYF,French Polynesia,2006,,0.0,0,0,0,,1,47
PYF,French Polynesia,2007,,0.0,0,0,0,,1,48
PYF,French Polynesia,2008,,0.0,0,0,0,,1,49
PYF,French Polynesia,2009,,0.0,0,0,0,,1,50
PYF,French Polynesia,2010,,0.0,0,0,0,,1,51
PYF,French Polynesia,2011,,0.0,0,0,0,,1,52
PYF,French Polynesia,2012,,0.0,0,0,0,,1,53
PYF,French Polynesia,2013,,0.0,0,0,0,,1,54
PYF,French Polynesia,2014,,0.0,0,0,0,,1,55
PYF,French Polynesia,2015,,0.0,0,0,0,,1,56
PYF,French Polynesia,2016,,0.0,0,0,0,,1,57
PYF,French Polynesia,2017,,0.0,0,0,0,,1,58
PYF,French Polynesia,2018,,0.0,0,0,0,,1,59
PYF,French Polynesia,2019,,0.0,0,0,0,,1,60
PYF,French Polynesia,2020,,0.0,0,0,0,,1,61
PYF,French Polynesia,2021,,0.0,0,0,0,,1,62
PYF,French Polynesia,2022,,0.0,0,0,0,,1,63
PYF,French Polynesia,2023,,0.0,0,0,0,,1,64
PYF,French Polynesia,2024,,0.0,0,0,0,,1,65
QAT,Qatar,1960,,0.0,0,0,0,,1,1
QAT,Qatar,1961,,0.0,0,0,0,,1,2
QAT,Qatar,1962,,0.0,0,0,0,,1,3
QAT,Qatar,1963,,0.0,0,0,0,,1,4
QAT,Qatar,1964,,0.0,0,0,0,,1,5
QAT,Qatar,1965,,0.0,0,0,0,,1,6
QAT,Qatar,1966,,0.0,0,0,0,,1,7
QAT,Qatar,1967,,0.0,0,0,0,,1,8
QAT,Qatar,1968,,0.0,0,0,0,,1,9
QAT,Qatar,1969,,0.0,0,0,0,,1,10
QAT,Qatar,1970,,0.0,0,0,0,,1,11
QAT,Qatar,1971,,0.0,0,0,0,,1,12
QAT,Qatar,1972,,0.0,0,0,0,,1,13
QAT,Qatar,1973,,0.0,0,0,0,,1,14
QAT,Qatar,1974,,0.0,0,0,0,,1,15
QAT,Qatar,1975,,0.0,0,0,0,,1,16
QAT,Qatar,1976,,0.0,0,0,0,,1,17
QAT,Qatar,1977,,0.0,0,0,0,,1,18
QAT,Qatar,1978,,0.0,0,0,0,,1,19
QAT,Qatar,1979,,0.0,0,0,0,,1,20
QAT,Qatar,1980,,0.0,0,0,0,,1,21
QAT,Qatar,1981,,0.0,0,0,0,,1,22
QAT,Qatar,1982,,0.0,0,0,0,,1,23
QAT,Qatar,1983,,0.0,0,0,0,,1,24
QAT,Qatar,1984,,0.0,0,0,0,,1,25
QAT,Qatar,1985,,0.0,0,0,0,,1,26
QAT,Qatar,1986,,0.0,0,0,0,,1,27
QAT,Qatar,1987,,0.0,0,0,0,,1,28
QAT,Qatar,1988,,0.0,0,0,0,,1,29
QAT,Qatar,1989,,0.0,0,0,0,,1,30
QAT,Qatar,1990,,0.0,0,0,0,,1,31
QAT,Qatar,1991,,0.0,0,0,0,,1,32
QAT,Qatar,1992,,0.0,0,0,0,,1,33
QAT,Qatar,1993,,0.0,0,0,0,,1,34
QAT,Qatar,1994,,0.0,0,0,0,,1,35
QAT,Qatar,1995,,0.0,0,0,0,,1,36
QAT,Qatar,1996,,0.0,0,0,0,,1,37
QAT,Qatar,1997,,0.0,0,0,0,,1,38
QAT,Qatar,1998,,0.0,0,0,0,,1,39
QAT,Qatar,1999,,0.0,0,0,0,,1,40
QAT,Qatar,2000,,0.0,0,0,0,,1,41
QAT,Qatar,2001,,0.0,0,0,0,,1,42
QAT,Qatar,2002,,0.0,0,0,0,,1,43
QAT,Qatar,2003,,0.0,0,0,0,,1,44
QAT,Qatar,2004,,0.0,0,0,0,,1,45
QAT,Qatar,2005,,0.0,0,0,0,,1,46
QAT,Qatar,2006,,0.0,0,0,0,,1,47
QAT,Qatar,2007,,0.0,0,0,0,,1,48
QAT,Qatar,2008,,0.0,0,0,0,,1,49
QAT,Qatar,2009,,0.0,0,0,0,,1,50
QAT,Qatar,2010,,0.0,0,0,0,,1,51
QAT,Qatar,2011,,0.0,0,0,0,,1,52
QAT,Qatar,2012,,0.0,0,0,0,,1,53
QAT,Qatar,2013,,0.0,0,0,0,,1,54
QAT,Qatar,2014,,0.0,0,0,0,,1,55
QAT,Qatar,2015,,0.0,0,0,0,,1,56
QAT,Qatar,2016,,0.0,0,0,0,,1,57
QAT,Qatar,2017,,0.0,0,0,0,,1,58
QAT,Qatar,2018,,0.0,0,0,0,,1,59
QAT,Qatar,2019,,0.0,0,0,0,,1,60
QAT,Qatar,2020,,0.0,0,0,0,,1,61
QAT,Qatar,2021,,0.0,0,0,0,,1,62
QAT,Qatar,2022,,0.0,0,0,0,,1,63
QAT,Qatar,2023,,0.0,0,0,0,,1,64
QAT,Qatar,2024,,0.0,0,0,0,,1,65
ROU,Romania,1960,Romania,272.76,1,0,0,1960.0,0,0
ROU,Romania,1961,Romania,279.62,1,1,1,1961.0,0,0
ROU,Romania,1962,Romania,286.49,1,1,1,1962.0,0,0
ROU,Romania,1963,Romania,293.35,1,1,1,1963.0,0,0
ROU,Romania,1964,Romania,300.22,1,1,1,1964.0,0,0
ROU,Romania,1965,Romania,307.08,1,1,1,1965.0,0,0
ROU,Romania,1966,Romania,313.95,1,1,1,1966.0,0,0
ROU,Romania,1967,Romania,309.66,1,1,1,1967.0,0,0
ROU,Romania,1968,Romania,316.32,1,1,1,1968.0,0,0
ROU,Romania,1969,Romania,322.99,1,1,1,1969.0,0,0
ROU,Romania,1970,Romania,329.37,1,1,1,1970.0,0,0
ROU,Romania,1971,Romania,340.21,1,1,1,1971.0,0,0
ROU,Romania,1972,Romania,341.17,1,1,1,1972.0,0,0
ROU,Romania,1973,Romania,347.19,1,1,1,1973.0,0,0
ROU,Romania,1974,Romania,354.14,1,1,1,1974.0,0,0
ROU,Romania,1975,Romania,350.9,1,1,1,1975.0,0,0
ROU,Romania,1976,Romania,54.33,1,1,1,1976.0,0,0
ROU,Romania,1977,Romania,0.0,0,1,1,1976.0,0,1
ROU,Romania,1978,Romania,0.0,0,1,1,1976.0,0,2
ROU,Romania,1979,Romania,0.0,0,1,1,1976.0,0,3
ROU,Romania,1980,Romania,95.0,1,1,1,1980.0,0,0
ROU,Romania,1981,Romania,1359.1,1,1,1,1981.0,0,0
ROU,Romania,1982,Romania,2021.5,1,1,1,1982.0,0,0
ROU,Romania,1983,Romania,693.0,1,1,1,1983.0,0,0
ROU,Romania,1984,Romania,0.0,0,1,1,1983.0,0,1
ROU,Romania,1985,Romania,0.0,0,1,1,1983.0,0,2
ROU,Romania,1986,Romania,1839.79,1,1,1,1986.0,0,0
ROU,Romania,1987,Romania,177.0,1,1,1,1987.0,0,0
ROU,Romania,1988,Romania,0.0,0,1,1,1987.0,0,1
ROU,Romania,1989,Romania,0.0,0,1,1,1987.0,0,2
ROU,Romania,1990,Romania,0.0,0,1,1,1987.0,0,3
ROU,Romania,1991,Romania,0.0,0,1,1,1987.0,0,4
ROU,Romania,1992,Romania,0.0,0,1,1,1987.0,0,5
ROU,Romania,1993,Romania,0.0,0,0,1,1987.0,0,6
ROU,Romania,1994,Romania,0.0,0,0,1,1987.0,0,7
ROU,Romania,1995,Romania,0.0,0,0,1,1987.0,0,8
ROU,Romania,1996,Romania,0.0,0,0,1,1987.0,0,9
ROU,Romania,1997,Romania,0.2,1,0,1,1997.0,0,0
ROU,Romania,1998,Romania,65.2,1,1,1,1998.0,0,0
ROU,Romania,1999,Romania,66.24,1,1,1,1999.0,0,0
ROU,Romania,2000,Romania,148.59,1,1,1,2000.0,0,0
ROU,Romania,2001,Romania,149.3,1,1,1,2001.0,0,0
ROU,Romania,2002,Romania,123.92,1,1,1,2002.0,0,0
ROU,Romania,2003,Romania,39.27,1,1,1,2003.0,0,0
ROU,Romania,2004,Romania,73.29,1,1,1,2004.0,0,0
ROU,Romania,2005,Romania,269.8,1,1,1,2005.0,0,0
ROU,Romania,2006,Romania,264.27,1,1,1,2006.0,0,0
ROU,Romania,2007,Romania,261.19,1,1,1,2007.0,0,0
ROU,Romania,2008,Romania,18.33,1,1,1,2008.0,0,0
ROU,Romania,2009,Romania,39.4,1,1,1,2009.0,0,0
ROU,Romania,2010,Romania,39.31,1,1,1,2010.0,0,0
ROU,Romania,2011,Romania,39.3,1,1,1,2011.0,0,0
ROU,Romania,2012,Romania,1.25,1,1,1,2012.0,0,0
ROU,Romania,2013,Romania,1.19,1,1,1,2013.0,0,0
ROU,Romania,2014,Romania,1.87,1,1,1,2014.0,0,0
ROU,Romania,2015,Romania,1.8,1,1,1,2015.0,0,0
ROU,Romania,2016,Romania,1.78,1,1,1,2016.0,0,0
ROU,Romania,2017,Romania,1.86,1,1,1,2017.0,0,0
ROU,Romania,2018,Romania,4.9,1,1,1,2018.0,0,0
ROU,Romania,2019,Romania,4.71,1,1,1,2019.0,0,0
ROU,Romania,2020,Romania,4.71,1,1,1,2020.0,0,0
ROU,Romania,2021,Romania,0.0,0,1,1,2020.0,0,1
ROU,Romania,2022,Romania,0.0,0,1,1,2020.0,0,2
ROU,Romania,2023,Romania,0.0,0,1,1,2020.0,0,3
ROU,Romania,2024,Romania,0.0,0,1,1,2020.0,0,4
RUS,Russian Federation,1960,USSR/Russian Federation,10938.0,1,0,0,1960.0,0,0
RUS,Russian Federation,1961,USSR/Russian Federation,11402.72,1,1,1,1961.0,0,0
RUS,Russian Federation,1962,USSR/Russian Federation,11887.15,1,1,1,1962.0,0,0
RUS,Russian Federation,1963,USSR/Russian Federation,12394.11,1,1,1,1963.0,0,0
RUS,Russian Federation,1964,USSR/Russian Federation,12920.16,1,1,1,1964.0,0,0
RUS,Russian Federation,1965,USSR/Russian Federation,13468.84,1,1,1,1965.0,0,0
RUS,Russian Federation,1966,USSR/Russian Federation,14042.76,1,1,1,1966.0,0,0
RUS,Russian Federation,1967,USSR/Russian Federation,12588.15,1,1,1,1967.0,0,0
RUS,Russian Federation,1968,USSR/Russian Federation,13124.2,1,1,1,1968.0,0,0
RUS,Russian Federation,1969,USSR/Russian Federation,13668.92,1,1,1,1969.0,0,0
RUS,Russian Federation,1970,USSR/Russian Federation,14231.92,1,1,1,1970.0,0,0
RUS,Russian Federation,1971,USSR/Russian Federation,15749.72,1,1,1,1971.0,0,0
RUS,Russian Federation,1972,USSR/Russian Federation,15630.22,1,1,1,1972.0,0,0
RUS,Russian Federation,1973,USSR/Russian Federation,15750.11,1,1,1,1973.0,0,0
RUS,Russian Federation,1974,USSR/Russian Federation,16323.68,1,1,1,1974.0,0,0
RUS,Russian Federation,1975,USSR/Russian Federation,14903.81,1,1,1,1975.0,0,0
RUS,Russian Federation,1976,USSR/Russian Federation,14001.23,1,1,1,1976.0,0,0
RUS,Russian Federation,1977,USSR/Russian Federation,16345.16,1,1,1,1977.0,0,0
RUS,Russian Federation,1978,USSR/Russian Federation,18627.82,1,1,1,1978.0,0,0
RUS,Russian Federation,1979,USSR/Russian Federation,19444.49,1,1,1,1979.0,0,0
RUS,Russian Federation,1980,USSR/Russian Federation,21638.3,1,1,1,1980.0,0,0
RUS,Russian Federation,1981,USSR/Russian Federation,17844.47,1,1,1,1981.0,0,0
RUS,Russian Federation,1982,USSR/Russian Federation,15658.29,1,1,1,1982.0,0,0
RUS,Russian Federation,1983,USSR/Russian Federation,14650.44,1,1,1,1983.0,0,0
RUS,Russian Federation,1984,USSR/Russian Federation,12516.69,1,1,1,1984.0,0,0
RUS,Russian Federation,1985,USSR/Russian Federation,15974.06,1,1,1,1985.0,0,0
RUS,Russian Federation,1986,USSR/Russian Federation,17301.87,1,1,1,1986.0,0,0
RUS,Russian Federation,1987,USSR/Russian Federation,615.0,1,1,1,1987.0,0,0
RUS,Russian Federation,1988,USSR/Russian Federation,564.0,1,1,1,1988.0,0,0
RUS,Russian Federation,1989,USSR/Russian Federation,617.0,1,1,1,1989.0,0,0
RUS,Russian Federation,1990,USSR/Russian Federation,730.0,1,1,1,1990.0,0,0
RUS,Russian Federation,1991,USSR/Russian Federation,31011.93,1,1,1,1991.0,0,0
RUS,Russian Federation,1992,USSR/Russian Federation,24733.1,1,1,1,1992.0,0,0
RUS,Russian Federation,1993,USSR/Russian Federation,45105.03,1,1,1,1993.0,0,0
RUS,Russian Federation,1994,USSR/Russian Federation,33542.36,1,1,1,1994.0,0,0
RUS,Russian Federation,1995,USSR/Russian Federation,36458.0,1,1,1,1995.0,0,0
RUS,Russian Federation,1996,USSR/Russian Federation,70182.0,1,1,1,1996.0,0,0
RUS,Russian Federation,1997,USSR/Russian Federation,41733.43,1,1,1,1997.0,0,0
RUS,Russian Federation,1998,USSR/Russian Federation,77719.58,1,1,1,1998.0,0,0
RUS,Russian Federation,1999,USSR/Russian Federation,96152.21,1,1,1,1999.0,0,0
RUS,Russian Federation,2000,USSR/Russian Federation,49315.45,1,1,1,2000.0,0,0
RUS,Russian Federation,2001,USSR/Russian Federation,12680.82,1,1,1,2001.0,0,0
RUS,Russian Federation,2002,USSR/Russian Federation,10977.12,1,1,1,2002.0,0,0
RUS,Russian Federation,2003,USSR/Russian Federation,9951.61,1,1,1,2003.0,0,0
RUS,Russian Federation,2004,USSR/Russian Federation,6601.9,1,1,1,2004.0,0,0
RUS,Russian Federation,2005,USSR/Russian Federation,4895.99,1,1,1,2005.0,0,0
RUS,Russian Federation,2006,USSR/Russian Federation,1802.8,1,1,1,2006.0,0,0
RUS,Russian Federation,2007,USSR/Russian Federation,644.85,1,1,1,2007.0,0,0
RUS,Russian Federation,2008,USSR/Russian Federation,769.75,1,1,1,2008.0,0,0
RUS,Russian Federation,2009,USSR/Russian Federation,427.08,1,1,1,2009.0,0,0
RUS,Russian Federation,2010,USSR/Russian Federation,6.6,1,1,1,2010.0,0,0
RUS,Russian Federation,2011,USSR/Russian Federation,1.84,1,1,1,2011.0,0,0
RUS,Russian Federation,2012,USSR/Russian Federation,1.84,1,1,1,2012.0,0,0
RUS,Russian Federation,2013,USSR/Russian Federation,0.0,0,1,1,2012.0,0,1
RUS,Russian Federation,2014,USSR/Russian Federation,0.0,0,1,1,2012.0,0,2
RUS,Russian Federation,2015,USSR/Russian Federation,0.0,0,1,1,2012.0,0,3
RUS,Russian Federation,2016,USSR/Russian Federation,0.0,0,1,1,2012.0,0,4
RUS,Russian Federation,2017,USSR/Russian Federation,0.0,0,1,1,2012.0,0,5
RUS,Russian Federation,2018,USSR/Russian Federation,0.0,0,0,1,2012.0,0,6
RUS,Russian Federation,2019,USSR/Russian Federation,0.0,0,0,1,2012.0,0,7
RUS,Russian Federation,2020,USSR/Russian Federation,0.0,0,0,1,2012.0,0,8
RUS,Russian Federation,2021,USSR/Russian Federation,0.0,0,0,1,2012.0,0,9
RUS,Russian Federation,2022,USSR/Russian Federation,44443.0,1,0,1,2022.0,0,0
RUS,Russian Federation,2023,USSR/Russian Federation,47067.0,1,1,1,2023.0,0,0
RUS,Russian Federation,2024,USSR/Russian Federation,49846.0,1,1,1,2024.0,0,0
RWA,Rwanda,1960,Rwanda,0.0,0,0,0,,1,1
RWA,Rwanda,1961,Rwanda,0.0,0,0,0,,1,2
RWA,Rwanda,1962,Rwanda,0.0,0,0,0,,1,3
RWA,Rwanda,1963,Rwanda,0.0,0,0,0,,1,4
RWA,Rwanda,1964,Rwanda,0.0,0,0,0,,1,5
RWA,Rwanda,1965,Rwanda,0.0,0,0,0,,1,6
RWA,Rwanda,1966,Rwanda,0.0,0,0,0,,1,7
RWA,Rwanda,1967,Rwanda,0.0,0,0,0,,1,8
RWA,Rwanda,1968,Rwanda,0.0,0,0,0,,1,9
RWA,Rwanda,1969,Rwanda,0.0,0,0,0,,1,10
RWA,Rwanda,1970,Rwanda,0.0,0,0,0,,1,11
RWA,Rwanda,1971,Rwanda,0.0,0,0,0,,1,12
RWA,Rwanda,1972,Rwanda,0.0,0,0,0,,1,13
RWA,Rwanda,1973,Rwanda,0.0,0,0,0,,1,14
RWA,Rwanda,1974,Rwanda,0.0,0,0,0,,1,15
RWA,Rwanda,1975,Rwanda,0.0,0,0,0,,1,16
RWA,Rwanda,1976,Rwanda,0.05,1,0,0,1976.0,0,0
RWA,Rwanda,1977,Rwanda,0.0,0,1,1,1976.0,0,1
RWA,Rwanda,1978,Rwanda,0.0,0,1,1,1976.0,0,2
RWA,Rwanda,1979,Rwanda,0.01,1,1,1,1979.0,0,0
RWA,Rwanda,1980,Rwanda,0.02,1,1,1,1980.0,0,0
RWA,Rwanda,1981,Rwanda,0.0,0,1,1,1980.0,0,1
RWA,Rwanda,1982,Rwanda,0.0,0,1,1,1980.0,0,2
RWA,Rwanda,1983,Rwanda,0.0,0,1,1,1980.0,0,3
RWA,Rwanda,1984,Rwanda,0.48,1,1,1,1984.0,0,0
RWA,Rwanda,1985,Rwanda,0.0,0,1,1,1984.0,0,1
RWA,Rwanda,1986,Rwanda,0.62,1,1,1,1986.0,0,0
RWA,Rwanda,1987,Rwanda,3.33,1,1,1,1987.0,0,0
RWA,Rwanda,1988,Rwanda,7.22,1,1,1,1988.0,0,0
RWA,Rwanda,1989,Rwanda,85.6,1,1,1,1989.0,0,0
RWA,Rwanda,1990,Rwanda,21.89,1,1,1,1990.0,0,0
RWA,Rwanda,1991,Rwanda,13.24,1,1,1,1991.0,0,0
RWA,Rwanda,1992,Rwanda,21.37,1,1,1,1992.0,0,0
RWA,Rwanda,1993,Rwanda,34.29,1,1,1,1993.0,0,0
RWA,Rwanda,1994,Rwanda,56.46,1,1,1,1994.0,0,0
RWA,Rwanda,1995,Rwanda,141.68,1,1,1,1995.0,0,0
RWA,Rwanda,1996,Rwanda,75.82,1,1,1,1996.0,0,0
RWA,Rwanda,1997,Rwanda,96.58,1,1,1,1997.0,0,0
RWA,Rwanda,1998,Rwanda,164.74,1,1,1,1998.0,0,0
RWA,Rwanda,1999,Rwanda,87.63,1,1,1,1999.0,0,0
RWA,Rwanda,2000,Rwanda,93.53,1,1,1,2000.0,0,0
RWA,Rwanda,2001,Rwanda,109.06,1,1,1,2001.0,0,0
RWA,Rwanda,2002,Rwanda,115.82,1,1,1,2002.0,0,0
RWA,Rwanda,2003,Rwanda,121.78,1,1,1,2003.0,0,0
RWA,Rwanda,2004,Rwanda,132.12,1,1,1,2004.0,0,0
RWA,Rwanda,2005,Rwanda,201.22,1,1,1,2005.0,0,0
RWA,Rwanda,2006,Rwanda,1294.57,1,1,1,2006.0,0,0
RWA,Rwanda,2007,Rwanda,234.18,1,1,1,2007.0,0,0
RWA,Rwanda,2008,Rwanda,33.78,1,1,1,2008.0,0,0
RWA,Rwanda,2009,Rwanda,6.57,1,1,1,2009.0,0,0
RWA,Rwanda,2010,Rwanda,5.5,1,1,1,2010.0,0,0
RWA,Rwanda,2011,Rwanda,5.39,1,1,1,2011.0,0,0
RWA,Rwanda,2012,Rwanda,3.85,1,1,1,2012.0,0,0
RWA,Rwanda,2013,Rwanda,4.47,1,1,1,2013.0,0,0
RWA,Rwanda,2014,Rwanda,4.98,1,1,1,2014.0,0,0
RWA,Rwanda,2015,Rwanda,4.52,1,1,1,2015.0,0,0
RWA,Rwanda,2016,Rwanda,4.48,1,1,1,2016.0,0,0
RWA,Rwanda,2017,Rwanda,1.52,1,1,1,2017.0,0,0
RWA,Rwanda,2018,Rwanda,1.22,1,1,1,2018.0,0,0
RWA,Rwanda,2019,Rwanda,1.18,1,1,1,2019.0,0,0
RWA,Rwanda,2020,Rwanda,1.21,1,1,1,2020.0,0,0
RWA,Rwanda,2021,Rwanda,1.25,1,1,1,2021.0,0,0
RWA,Rwanda,2022,Rwanda,0.93,1,1,1,2022.0,0,0
RWA,Rwanda,2023,Rwanda,1.2,1,1,1,2023.0,0,0
RWA,Rwanda,2024,Rwanda,1.2,1,1,1,2024.0,0,0
SAU,Saudi Arabia,1960,,0.0,0,0,0,,1,1
SAU,Saudi Arabia,1961,,0.0,0,0,0,,1,2
SAU,Saudi Arabia,1962,,0.0,0,0,0,,1,3
SAU,Saudi Arabia,1963,,0.0,0,0,0,,1,4
SAU,Saudi Arabia,1964,,0.0,0,0,0,,1,5
SAU,Saudi Arabia,1965,,0.0,0,0,0,,1,6
SAU,Saudi Arabia,1966,,0.0,0,0,0,,1,7
SAU,Saudi Arabia,1967,,0.0,0,0,0,,1,8
SAU,Saudi Arabia,1968,,0.0,0,0,0,,1,9
SAU,Saudi Arabia,1969,,0.0,0,0,0,,1,10
SAU,Saudi Arabia,1970,,0.0,0,0,0,,1,11
SAU,Saudi Arabia,1971,,0.0,0,0,0,,1,12
SAU,Saudi Arabia,1972,,0.0,0,0,0,,1,13
SAU,Saudi Arabia,1973,,0.0,0,0,0,,1,14
SAU,Saudi Arabia,1974,,0.0,0,0,0,,1,15
SAU,Saudi Arabia,1975,,0.0,0,0,0,,1,16
SAU,Saudi Arabia,1976,,0.0,0,0,0,,1,17
SAU,Saudi Arabia,1977,,0.0,0,0,0,,1,18
SAU,Saudi Arabia,1978,,0.0,0,0,0,,1,19
SAU,Saudi Arabia,1979,,0.0,0,0,0,,1,20
SAU,Saudi Arabia,1980,,0.0,0,0,0,,1,21
SAU,Saudi Arabia,1981,,0.0,0,0,0,,1,22
SAU,Saudi Arabia,1982,,0.0,0,0,0,,1,23
SAU,Saudi Arabia,1983,,0.0,0,0,0,,1,24
SAU,Saudi Arabia,1984,,0.0,0,0,0,,1,25
SAU,Saudi Arabia,1985,,0.0,0,0,0,,1,26
SAU,Saudi Arabia,1986,,0.0,0,0,0,,1,27
SAU,Saudi Arabia,1987,,0.0,0,0,0,,1,28
SAU,Saudi Arabia,1988,,0.0,0,0,0,,1,29
SAU,Saudi Arabia,1989,,0.0,0,0,0,,1,30
SAU,Saudi Arabia,1990,,0.0,0,0,0,,1,31
SAU,Saudi Arabia,1991,,0.0,0,0,0,,1,32
SAU,Saudi Arabia,1992,,0.0,0,0,0,,1,33
SAU,Saudi Arabia,1993,,0.0,0,0,0,,1,34
SAU,Saudi Arabia,1994,,0.0,0,0,0,,1,35
SAU,Saudi Arabia,1995,,0.0,0,0,0,,1,36
SAU,Saudi Arabia,1996,,0.0,0,0,0,,1,37
SAU,Saudi Arabia,1997,,0.0,0,0,0,,1,38
SAU,Saudi Arabia,1998,,0.0,0,0,0,,1,39
SAU,Saudi Arabia,1999,,0.0,0,0,0,,1,40
SAU,Saudi Arabia,2000,,0.0,0,0,0,,1,41
SAU,Saudi Arabia,2001,,0.0,0,0,0,,1,42
SAU,Saudi Arabia,2002,,0.0,0,0,0,,1,43
SAU,Saudi Arabia,2003,,0.0,0,0,0,,1,44
SAU,Saudi Arabia,2004,,0.0,0,0,0,,1,45
SAU,Saudi Arabia,2005,,0.0,0,0,0,,1,46
SAU,Saudi Arabia,2006,,0.0,0,0,0,,1,47
SAU,Saudi Arabia,2007,,0.0,0,0,0,,1,48
SAU,Saudi Arabia,2008,,0.0,0,0,0,,1,49
SAU,Saudi Arabia,2009,,0.0,0,0,0,,1,50
SAU,Saudi Arabia,2010,,0.0,0,0,0,,1,51
SAU,Saudi Arabia,2011,,0.0,0,0,0,,1,52
SAU,Saudi Arabia,2012,,0.0,0,0,0,,1,53
SAU,Saudi Arabia,2013,,0.0,0,0,0,,1,54
SAU,Saudi Arabia,2014,,0.0,0,0,0,,1,55
SAU,Saudi Arabia,2015,,0.0,0,0,0,,1,56
SAU,Saudi Arabia,2016,,0.0,0,0,0,,1,57
SAU,Saudi Arabia,2017,,0.0,0,0,0,,1,58
SAU,Saudi Arabia,2018,,0.0,0,0,0,,1,59
SAU,Saudi Arabia,2019,,0.0,0,0,0,,1,60
SAU,Saudi Arabia,2020,,0.0,0,0,0,,1,61
SAU,Saudi Arabia,2021,,0.0,0,0,0,,1,62
SAU,Saudi Arabia,2022,,0.0,0,0,0,,1,63
SAU,Saudi Arabia,2023,,0.0,0,0,0,,1,64
SAU,Saudi Arabia,2024,,0.0,0,0,0,,1,65
SDN,Sudan,1960,Sudan,0.0,0,0,0,,1,1
SDN,Sudan,1961,Sudan,0.0,0,0,0,,1,2
SDN,Sudan,1962,Sudan,0.0,0,0,0,,1,3
SDN,Sudan,1963,Sudan,0.0,0,0,0,,1,4
SDN,Sudan,1964,Sudan,0.0,0,0,0,,1,5
SDN,Sudan,1965,Sudan,0.0,0,0,0,,1,6
SDN,Sudan,1966,Sudan,0.0,0,0,0,,1,7
SDN,Sudan,1967,Sudan,0.0,0,0,0,,1,8
SDN,Sudan,1968,Sudan,0.0,0,0,0,,1,9
SDN,Sudan,1969,Sudan,0.0,0,0,0,,1,10
SDN,Sudan,1970,Sudan,0.0,0,0,0,,1,11
SDN,Sudan,1971,Sudan,0.0,0,0,0,,1,12
SDN,Sudan,1972,Sudan,0.0,0,0,0,,1,13
SDN,Sudan,1973,Sudan,0.0,0,0,0,,1,14
SDN,Sudan,1974,Sudan,0.0,0,0,0,,1,15
SDN,Sudan,1975,Sudan,0.17,1,0,0,1975.0,0,0
SDN,Sudan,1976,Sudan,23.05,1,1,1,1976.0,0,0
SDN,Sudan,1977,Sudan,176.36,1,1,1,1977.0,0,0
SDN,Sudan,1978,Sudan,248.97,1,1,1,1978.0,0,0
SDN,Sudan,1979,Sudan,955.98,1,1,1,1979.0,0,0
SDN,Sudan,1980,Sudan,613.67,1,1,1,1980.0,0,0
SDN,Sudan,1981,Sudan,899.52,1,1,1,1981.0,0,0
SDN,Sudan,1982,Sudan,951.77,1,1,1,1982.0,0,0
SDN,Sudan,1983,Sudan,2062.86,1,1,1,1983.0,0,0
SDN,Sudan,1984,Sudan,2987.74,1,1,1,1984.0,0,0
SDN,Sudan,1985,Sudan,3627.68,1,1,1,1985.0,0,0
SDN,Sudan,1986,Sudan,4705.84,1,1,1,1986.0,0,0
SDN,Sudan,1987,Sudan,6436.74,1,1,1,1987.0,0,0
SDN,Sudan,1988,Sudan,6933.39,1,1,1,1988.0,0,0
SDN,Sudan,1989,Sudan,9294.44,1,1,1,1989.0,0,0
SDN,Sudan,1990,Sudan,10612.83,1,1,1,1990.0,0,0
SDN,Sudan,1991,Sudan,13054.32,1,1,1,1991.0,0,0
SDN,Sudan,1992,Sudan,12059.84,1,1,1,1992.0,0,0
SDN,Sudan,1993,Sudan,12815.17,1,1,1,1993.0,0,0
SDN,Sudan,1994,Sudan,14321.95,1,1,1,1994.0,0,0
SDN,Sudan,1995,Sudan,15363.85,1,1,1,1995.0,0,0
SDN,Sudan,1996,Sudan,15074.31,1,1,1,1996.0,0,0
SDN,Sudan,1997,Sudan,13665.48,1,1,1,1997.0,0,0
SDN,Sudan,1998,Sudan,13890.92,1,1,1,1998.0,0,0
SDN,Sudan,1999,Sudan,13577.79,1,1,1,1999.0,0,0
SDN,Sudan,2000,Sudan,13590.59,1,1,1,2000.0,0,0
SDN,Sudan,2001,Sudan,13621.28,1,1,1,2001.0,0,0
SDN,Sudan,2002,Sudan,12975.55,1,1,1,2002.0,0,0
SDN,Sudan,2003,Sudan,14195.42,1,1,1,2003.0,0,0
SDN,Sudan,2004,Sudan,15523.86,1,1,1,2004.0,0,0
SDN,Sudan,2005,Sudan,15542.09,1,1,1,2005.0,0,0
SDN,Sudan,2006,Sudan,16677.43,1,1,1,2006.0,0,0
SDN,Sudan,2007,Sudan,18350.04,1,1,1,2007.0,0,0
SDN,Sudan,2008,Sudan,19695.69,1,1,1,2008.0,0,0
SDN,Sudan,2009,Sudan,20643.02,1,1,1,2009.0,0,0
SDN,Sudan,2010,Sudan,21902.23,1,1,1,2010.0,0,0
SDN,Sudan,2011,Sudan,22913.32,1,1,1,2011.0,0,0
SDN,Sudan,2012,Sudan,23924.94,1,1,1,2012.0,0,0
SDN,Sudan,2013,Sudan,24879.58,1,1,1,2013.0,0,0
SDN,Sudan,2014,Sudan,25250.1,1,1,1,2014.0,0,0
SDN,Sudan,2015,Sudan,25998.2,1,1,1,2015.0,0,0
SDN,Sudan,2016,Sudan,26691.55,1,1,1,2016.0,0,0
SDN,Sudan,2017,Sudan,27965.08,1,1,1,2017.0,0,0
SDN,Sudan,2018,Sudan,27283.29,1,1,1,2018.0,0,0
SDN,Sudan,2019,Sudan,27714.21,1,1,1,2019.0,0,0
SDN,Sudan,2020,Sudan,32492.18,1,1,1,2020.0,0,0
SDN,Sudan,2021,Sudan,30692.22,1,1,1,2021.0,0,0
SDN,Sudan,2022,Sudan,9871.89,1,1,1,2022.0,0,0
SDN,Sudan,2023,Sudan,10656.33,1,1,1,2023.0,0,0
SDN,Sudan,2024,Sudan,10227.0,1,1,1,2024.0,0,0
SEN,Senegal,1960,Senegal,0.0,0,0,0,,1,1
SEN,Senegal,1961,Senegal,0.0,0,0,0,,1,2
SEN,Senegal,1962,Senegal,0.0,0,0,0,,1,3
SEN,Senegal,1963,Senegal,0.0,0,0,0,,1,4
SEN,Senegal,1964,Senegal,0.0,0,0,0,,1,5
SEN,Senegal,1965,Senegal,0.0,0,0,0,,1,6
SEN,Senegal,1966,Senegal,0.0,0,0,0,,1,7
SEN,Senegal,1967,Senegal,0.0,0,0,0,,1,8
SEN,Senegal,1968,Senegal,0.0,0,0,0,,1,9
SEN,Senegal,1969,Senegal,0.0,0,0,0,,1,10
SEN,Senegal,1970,Senegal,0.0,0,0,0,,1,11
SEN,Senegal,1971,Senegal,0.24,1,0,0,1971.0,0,0
SEN,Senegal,1972,Senegal,0.0,0,1,1,1971.0,0,1
SEN,Senegal,1973,Senegal,0.21,1,1,1,1973.0,0,0
SEN,Senegal,1974,Senegal,0.12,1,1,1,1974.0,0,0
SEN,Senegal,1975,Senegal,0.05,1,1,1,1975.0,0,0
SEN,Senegal,1976,Senegal,0.0,0,1,1,1975.0,0,1
SEN,Senegal,1977,Senegal,0.0,0,1,1,1975.0,0,2
SEN,Senegal,1978,Senegal,0.0,0,1,1,1975.0,0,3
SEN,Senegal,1979,Senegal,0.0,0,1,1,1975.0,0,4
SEN,Senegal,1980,Senegal,0.0,0,1,1,1975.0,0,5
SEN,Senegal,1981,Senegal,102.15,1,0,1,1981.0,0,0
SEN,Senegal,1982,Senegal,152.16,1,1,1,1982.0,0,0
SEN,Senegal,1983,Senegal,148.39,1,1,1,1983.0,0,0
SEN,Senegal,1984,Senegal,106.37,1,1,1,1984.0,0,0
SEN,Senegal,1985,Senegal,145.33,1,1,1,1985.0,0,0
SEN,Senegal,1986,Senegal,94.03,1,1,1,1986.0,0,0
SEN,Senegal,1987,Senegal,80.03,1,1,1,1987.0,0,0
SEN,Senegal,1988,Senegal,5.03,1,1,1,1988.0,0,0
SEN,Senegal,1989,Senegal,1060.06,1,1,1,1989.0,0,0
SEN,Senegal,1990,Senegal,161.8,1,1,1,1990.0,0,0
SEN,Senegal,1991,Senegal,263.42,1,1,1,1991.0,0,0
SEN,Senegal,1992,Senegal,207.95,1,1,1,1992.0,0,0
SEN,Senegal,1993,Senegal,363.66,1,1,1,1993.0,0,0
SEN,Senegal,1994,Senegal,677.0,1,1,1,1994.0,0,0
SEN,Senegal,1995,Senegal,331.12,1,1,1,1995.0,0,0
SEN,Senegal,1996,Senegal,240.99,1,1,1,1996.0,0,0
SEN,Senegal,1997,Senegal,11.09,1,1,1,1997.0,0,0
SEN,Senegal,1998,Senegal,427.0,1,1,1,1998.0,0,0
SEN,Senegal,1999,Senegal,9.05,1,1,1,1999.0,0,0
SEN,Senegal,2000,Senegal,32.67,1,1,1,2000.0,0,0
SEN,Senegal,2001,Senegal,40.23,1,1,1,2001.0,0,0
SEN,Senegal,2002,Senegal,44.84,1,1,1,2002.0,0,0
SEN,Senegal,2003,Senegal,41.82,1,1,1,2003.0,0,0
SEN,Senegal,2004,Senegal,463.0,1,1,1,2004.0,0,0
SEN,Senegal,2005,Senegal,56.09,1,1,1,2005.0,0,0
SEN,Senegal,2006,Senegal,2506.41,1,1,1,2006.0,0,0
SEN,Senegal,2007,Senegal,161.6,1,1,1,2007.0,0,0
SEN,Senegal,2008,Senegal,7.53,1,1,1,2008.0,0,0
SEN,Senegal,2009,Senegal,4.57,1,1,1,2009.0,0,0
SEN,Senegal,2010,Senegal,26.83,1,1,1,2010.0,0,0
SEN,Senegal,2011,Senegal,214.76,1,1,1,2011.0,0,0
SEN,Senegal,2012,Senegal,0.0,0,1,1,2011.0,0,1
SEN,Senegal,2013,Senegal,0.31,1,1,1,2013.0,0,0
SEN,Senegal,2014,Senegal,0.0,0,1,1,2013.0,0,1
SEN,Senegal,2015,Senegal,1.12,1,1,1,2015.0,0,0
SEN,Senegal,2016,Senegal,0.0,0,1,1,2015.0,0,1
SEN,Senegal,2017,Senegal,0.0,0,1,1,2015.0,0,2
SEN,Senegal,2018,Senegal,0.0,0,1,1,2015.0,0,3
SEN,Senegal,2019,Senegal,0.0,0,1,1,2015.0,0,4
SEN,Senegal,2020,Senegal,45.59,1,1,1,2020.0,0,0
SEN,Senegal,2021,Senegal,68.9,1,1,1,2021.0,0,0
SEN,Senegal,2022,Senegal,0.0,0,1,1,2021.0,0,1
SEN,Senegal,2023,Senegal,0.0,0,1,1,2021.0,0,2
SEN,Senegal,2024,Senegal,0.0,0,1,1,2021.0,0,3
SGP,Singapore,1960,,0.0,0,0,0,,1,1
SGP,Singapore,1961,,0.0,0,0,0,,1,2
SGP,Singapore,1962,,0.0,0,0,0,,1,3
SGP,Singapore,1963,,0.0,0,0,0,,1,4
SGP,Singapore,1964,,0.0,0,0,0,,1,5
SGP,Singapore,1965,,0.0,0,0,0,,1,6
SGP,Singapore,1966,,0.0,0,0,0,,1,7
SGP,Singapore,1967,,0.0,0,0,0,,1,8
SGP,Singapore,1968,,0.0,0,0,0,,1,9
SGP,Singapore,1969,,0.0,0,0,0,,1,10
SGP,Singapore,1970,,0.0,0,0,0,,1,11
SGP,Singapore,1971,,0.0,0,0,0,,1,12
SGP,Singapore,1972,,0.0,0,0,0,,1,13
SGP,Singapore,1973,,0.0,0,0,0,,1,14
SGP,Singapore,1974,,0.0,0,0,0,,1,15
SGP,Singapore,1975,,0.0,0,0,0,,1,16
SGP,Singapore,1976,,0.0,0,0,0,,1,17
SGP,Singapore,1977,,0.0,0,0,0,,1,18
SGP,Singapore,1978,,0.0,0,0,0,,1,19
SGP,Singapore,1979,,0.0,0,0,0,,1,20
SGP,Singapore,1980,,0.0,0,0,0,,1,21
SGP,Singapore,1981,,0.0,0,0,0,,1,22
SGP,Singapore,1982,,0.0,0,0,0,,1,23
SGP,Singapore,1983,,0.0,0,0,0,,1,24
SGP,Singapore,1984,,0.0,0,0,0,,1,25
SGP,Singapore,1985,,0.0,0,0,0,,1,26
SGP,Singapore,1986,,0.0,0,0,0,,1,27
SGP,Singapore,1987,,0.0,0,0,0,,1,28
SGP,Singapore,1988,,0.0,0,0,0,,1,29
SGP,Singapore,1989,,0.0,0,0,0,,1,30
SGP,Singapore,1990,,0.0,0,0,0,,1,31
SGP,Singapore,1991,,0.0,0,0,0,,1,32
SGP,Singapore,1992,,0.0,0,0,0,,1,33
SGP,Singapore,1993,,0.0,0,0,0,,1,34
SGP,Singapore,1994,,0.0,0,0,0,,1,35
SGP,Singapore,1995,,0.0,0,0,0,,1,36
SGP,Singapore,1996,,0.0,0,0,0,,1,37
SGP,Singapore,1997,,0.0,0,0,0,,1,38
SGP,Singapore,1998,,0.0,0,0,0,,1,39
SGP,Singapore,1999,,0.0,0,0,0,,1,40
SGP,Singapore,2000,,0.0,0,0,0,,1,41
SGP,Singapore,2001,,0.0,0,0,0,,1,42
SGP,Singapore,2002,,0.0,0,0,0,,1,43
SGP,Singapore,2003,,0.0,0,0,0,,1,44
SGP,Singapore,2004,,0.0,0,0,0,,1,45
SGP,Singapore,2005,,0.0,0,0,0,,1,46
SGP,Singapore,2006,,0.0,0,0,0,,1,47
SGP,Singapore,2007,,0.0,0,0,0,,1,48
SGP,Singapore,2008,,0.0,0,0,0,,1,49
SGP,Singapore,2009,,0.0,0,0,0,,1,50
SGP,Singapore,2010,,0.0,0,0,0,,1,51
SGP,Singapore,2011,,0.0,0,0,0,,1,52
SGP,Singapore,2012,,0.0,0,0,0,,1,53
SGP,Singapore,2013,,0.0,0,0,0,,1,54
SGP,Singapore,2014,,0.0,0,0,0,,1,55
SGP,Singapore,2015,,0.0,0,0,0,,1,56
SGP,Singapore,2016,,0.0,0,0,0,,1,57
SGP,Singapore,2017,,0.0,0,0,0,,1,58
SGP,Singapore,2018,,0.0,0,0,0,,1,59
SGP,Singapore,2019,,0.0,0,0,0,,1,60
SGP,Singapore,2020,,0.0,0,0,0,,1,61
SGP,Singapore,2021,,0.0,0,0,0,,1,62
SGP,Singapore,2022,,0.0,0,0,0,,1,63
SGP,Singapore,2023,,0.0,0,0,0,,1,64
SGP,Singapore,2024,,0.0,0,0,0,,1,65
SLB,Solomon Islands,1960,Solomon Islands,0.0,0,0,0,,1,1
SLB,Solomon Islands,1961,Solomon Islands,0.0,0,0,0,,1,2
SLB,Solomon Islands,1962,Solomon Islands,0.0,0,0,0,,1,3
SLB,Solomon Islands,1963,Solomon Islands,0.0,0,0,0,,1,4
SLB,Solomon Islands,1964,Solomon Islands,0.0,0,0,0,,1,5
SLB,Solomon Islands,1965,Solomon Islands,0.0,0,0,0,,1,6
SLB,Solomon Islands,1966,Solomon Islands,0.0,0,0,0,,1,7
SLB,Solomon Islands,1967,Solomon Islands,0.0,0,0,0,,1,8
SLB,Solomon Islands,1968,Solomon Islands,0.0,0,0,0,,1,9
SLB,Solomon Islands,1969,Solomon Islands,0.0,0,0,0,,1,10
SLB,Solomon Islands,1970,Solomon Islands,0.0,0,0,0,,1,11
SLB,Solomon Islands,1971,Solomon Islands,0.0,0,0,0,,1,12
SLB,Solomon Islands,1972,Solomon Islands,0.0,0,0,0,,1,13
SLB,Solomon Islands,1973,Solomon Islands,0.0,0,0,0,,1,14
SLB,Solomon Islands,1974,Solomon Islands,0.0,0,0,0,,1,15
SLB,Solomon Islands,1975,Solomon Islands,0.0,0,0,0,,1,16
SLB,Solomon Islands,1976,Solomon Islands,0.0,0,0,0,,1,17
SLB,Solomon Islands,1977,Solomon Islands,0.0,0,0,0,,1,18
SLB,Solomon Islands,1978,Solomon Islands,0.0,0,0,0,,1,19
SLB,Solomon Islands,1979,Solomon Islands,0.0,0,0,0,,1,20
SLB,Solomon Islands,1980,Solomon Islands,0.0,0,0,0,,1,21
SLB,Solomon Islands,1981,Solomon Islands,0.0,0,0,0,,1,22
SLB,Solomon Islands,1982,Solomon Islands,0.0,0,0,0,,1,23
SLB,Solomon Islands,1983,Solomon Islands,0.0,0,0,0,,1,24
SLB,Solomon Islands,1984,Solomon Islands,0.0,0,0,0,,1,25
SLB,Solomon Islands,1985,Solomon Islands,0.0,0,0,0,,1,26
SLB,Solomon Islands,1986,Solomon Islands,0.0,0,0,0,,1,27
SLB,Solomon Islands,1987,Solomon Islands,0.0,0,0,0,,1,28
SLB,Solomon Islands,1988,Solomon Islands,0.0,0,0,0,,1,29
SLB,Solomon Islands,1989,Solomon Islands,0.0,0,0,0,,1,30
SLB,Solomon Islands,1990,Solomon Islands,0.31,1,0,0,1990.0,0,0
SLB,Solomon Islands,1991,Solomon Islands,0.24,1,1,1,1991.0,0,0
SLB,Solomon Islands,1992,Solomon Islands,9.81,1,1,1,1992.0,0,0
SLB,Solomon Islands,1993,Solomon Islands,0.0,0,1,1,1992.0,0,1
SLB,Solomon Islands,1994,Solomon Islands,1.18,1,1,1,1994.0,0,0
SLB,Solomon Islands,1995,Solomon Islands,76.09,1,1,1,1995.0,0,0
SLB,Solomon Islands,1996,Solomon Islands,71.01,1,1,1,1996.0,0,0
SLB,Solomon Islands,1997,Solomon Islands,81.09,1,1,1,1997.0,0,0
SLB,Solomon Islands,1998,Solomon Islands,74.86,1,1,1,1998.0,0,0
SLB,Solomon Islands,1999,Solomon Islands,71.08,1,1,1,1999.0,0,0
SLB,Solomon Islands,2000,Solomon Islands,78.87,1,1,1,2000.0,0,0
SLB,Solomon Islands,2001,Solomon Islands,86.22,1,1,1,2001.0,0,0
SLB,Solomon Islands,2002,Solomon Islands,98.93,1,1,1,2002.0,0,0
SLB,Solomon Islands,2003,Solomon Islands,113.77,1,1,1,2003.0,0,0
SLB,Solomon Islands,2004,Solomon Islands,88.9,1,1,1,2004.0,0,0
SLB,Solomon Islands,2005,Solomon Islands,93.35,1,1,1,2005.0,0,0
SLB,Solomon Islands,2006,Solomon Islands,95.23,1,1,1,2006.0,0,0
SLB,Solomon Islands,2007,Solomon Islands,21.18,1,1,1,2007.0,0,0
SLB,Solomon Islands,2008,Solomon Islands,12.41,1,1,1,2008.0,0,0
SLB,Solomon Islands,2009,Solomon Islands,10.46,1,1,1,2009.0,0,0
SLB,Solomon Islands,2010,Solomon Islands,13.11,1,1,1,2010.0,0,0
SLB,Solomon Islands,2011,Solomon Islands,25.3,1,1,1,2011.0,0,0
SLB,Solomon Islands,2012,Solomon Islands,0.0,0,1,1,2011.0,0,1
SLB,Solomon Islands,2013,Solomon Islands,0.0,0,1,1,2011.0,0,2
SLB,Solomon Islands,2014,Solomon Islands,0.0,0,1,1,2011.0,0,3
SLB,Solomon Islands,2015,Solomon Islands,0.0,0,1,1,2011.0,0,4
SLB,Solomon Islands,2016,Solomon Islands,0.0,0,1,1,2011.0,0,5
SLB,Solomon Islands,2017,Solomon Islands,0.0,0,0,1,2011.0,0,6
SLB,Solomon Islands,2018,Solomon Islands,0.0,0,0,1,2011.0,0,7
SLB,Solomon Islands,2019,Solomon Islands,0.0,0,0,1,2011.0,0,8
SLB,Solomon Islands,2020,Solomon Islands,0.0,0,0,1,2011.0,0,9
SLB,Solomon Islands,2021,Solomon Islands,0.0,0,0,1,2011.0,0,10
SLB,Solomon Islands,2022,Solomon Islands,0.0,0,0,0,2011.0,0,11
SLB,Solomon Islands,2023,Solomon Islands,0.0,0,0,0,2011.0,0,12
SLB,Solomon Islands,2024,Solomon Islands,0.0,0,0,0,2011.0,0,13
SLE,Sierra Leone,1960,Sierra Leone,0.0,0,0,0,,1,1
SLE,Sierra Leone,1961,Sierra Leone,0.0,0,0,0,,1,2
SLE,Sierra Leone,1962,Sierra Leone,0.0,0,0,0,,1,3
SLE,Sierra Leone,1963,Sierra Leone,0.0,0,0,0,,1,4
SLE,Sierra Leone,1964,Sierra Leone,0.0,0,0,0,,1,5
SLE,Sierra Leone,1965,Sierra Leone,0.0,0,0,0,,1,6
SLE,Sierra Leone,1966,Sierra Leone,0.0,0,0,0,,1,7
SLE,Sierra Leone,1967,Sierra Leone,0.0,0,0,0,,1,8
SLE,Sierra Leone,1968,Sierra Leone,0.0,0,0,0,,1,9
SLE,Sierra Leone,1969,Sierra Leone,0.0,0,0,0,,1,10
SLE,Sierra Leone,1970,Sierra Leone,0.03,1,0,0,1970.0,0,0
SLE,Sierra Leone,1971,Sierra Leone,0.08,1,1,1,1971.0,0,0
SLE,Sierra Leone,1972,Sierra Leone,0.09,1,1,1,1972.0,0,0
SLE,Sierra Leone,1973,Sierra Leone,0.09,1,1,1,1973.0,0,0
SLE,Sierra Leone,1974,Sierra Leone,0.82,1,1,1,1974.0,0,0
SLE,Sierra Leone,1975,Sierra Leone,5.35,1,1,1,1975.0,0,0
SLE,Sierra Leone,1976,Sierra Leone,18.69,1,1,1,1976.0,0,0
SLE,Sierra Leone,1977,Sierra Leone,65.52,1,1,1,1977.0,0,0
SLE,Sierra Leone,1978,Sierra Leone,25.92,1,1,1,1978.0,0,0
SLE,Sierra Leone,1979,Sierra Leone,40.32,1,1,1,1979.0,0,0
SLE,Sierra Leone,1980,Sierra Leone,60.9,1,1,1,1980.0,0,0
SLE,Sierra Leone,1981,Sierra Leone,129.44,1,1,1,1981.0,0,0
SLE,Sierra Leone,1982,Sierra Leone,174.21,1,1,1,1982.0,0,0
SLE,Sierra Leone,1983,Sierra Leone,55.7,1,1,1,1983.0,0,0
SLE,Sierra Leone,1984,Sierra Leone,59.0,1,1,1,1984.0,0,0
SLE,Sierra Leone,1985,Sierra Leone,220.48,1,1,1,1985.0,0,0
SLE,Sierra Leone,1986,Sierra Leone,269.13,1,1,1,1986.0,0,0
SLE,Sierra Leone,1987,Sierra Leone,350.72,1,1,1,1987.0,0,0
SLE,Sierra Leone,1988,Sierra Leone,468.03,1,1,1,1988.0,0,0
SLE,Sierra Leone,1989,Sierra Leone,771.54,1,1,1,1989.0,0,0
SLE,Sierra Leone,1990,Sierra Leone,886.14,1,1,1,1990.0,0,0
SLE,Sierra Leone,1991,Sierra Leone,977.0,1,1,1,1991.0,0,0
SLE,Sierra Leone,1992,Sierra Leone,1004.94,1,1,1,1992.0,0,0
SLE,Sierra Leone,1993,Sierra Leone,446.73,1,1,1,1993.0,0,0
SLE,Sierra Leone,1994,Sierra Leone,715.7,1,1,1,1994.0,0,0
SLE,Sierra Leone,1995,Sierra Leone,609.93,1,1,1,1995.0,0,0
SLE,Sierra Leone,1996,Sierra Leone,144.86,1,1,1,1996.0,0,0
SLE,Sierra Leone,1997,Sierra Leone,178.16,1,1,1,1997.0,0,0
SLE,Sierra Leone,1998,Sierra Leone,144.08,1,1,1,1998.0,0,0
SLE,Sierra Leone,1999,Sierra Leone,165.97,1,1,1,1999.0,0,0
SLE,Sierra Leone,2000,Sierra Leone,107.22,1,1,1,2000.0,0,0
SLE,Sierra Leone,2001,Sierra Leone,208.43,1,1,1,2001.0,0,0
SLE,Sierra Leone,2002,Sierra Leone,89.01,1,1,1,2002.0,0,0
SLE,Sierra Leone,2003,Sierra Leone,109.48,1,1,1,2003.0,0,0
SLE,Sierra Leone,2004,Sierra Leone,100.79,1,1,1,2004.0,0,0
SLE,Sierra Leone,2005,Sierra Leone,294.07,1,1,1,2005.0,0,0
SLE,Sierra Leone,2006,Sierra Leone,519.82,1,1,1,2006.0,0,0
SLE,Sierra Leone,2007,Sierra Leone,1176.07,1,1,1,2007.0,0,0
SLE,Sierra Leone,2008,Sierra Leone,219.53,1,1,1,2008.0,0,0
SLE,Sierra Leone,2009,Sierra Leone,232.78,1,1,1,2009.0,0,0
SLE,Sierra Leone,2010,Sierra Leone,222.8,1,1,1,2010.0,0,0
SLE,Sierra Leone,2011,Sierra Leone,219.73,1,1,1,2011.0,0,0
SLE,Sierra Leone,2012,Sierra Leone,220.69,1,1,1,2012.0,0,0
SLE,Sierra Leone,2013,Sierra Leone,205.52,1,1,1,2013.0,0,0
SLE,Sierra Leone,2014,Sierra Leone,205.98,1,1,1,2014.0,0,0
SLE,Sierra Leone,2015,Sierra Leone,202.24,1,1,1,2015.0,0,0
SLE,Sierra Leone,2016,Sierra Leone,202.44,1,1,1,2016.0,0,0
SLE,Sierra Leone,2017,Sierra Leone,202.78,1,1,1,2017.0,0,0
SLE,Sierra Leone,2018,Sierra Leone,203.02,1,1,1,2018.0,0,0
SLE,Sierra Leone,2019,Sierra Leone,196.95,1,1,1,2019.0,0,0
SLE,Sierra Leone,2020,Sierra Leone,195.25,1,1,1,2020.0,0,0
SLE,Sierra Leone,2021,Sierra Leone,203.11,1,1,1,2021.0,0,0
SLE,Sierra Leone,2022,Sierra Leone,202.93,1,1,1,2022.0,0,0
SLE,Sierra Leone,2023,Sierra Leone,213.0,1,1,1,2023.0,0,0
SLE,Sierra Leone,2024,Sierra Leone,231.1,1,1,1,2024.0,0,0
SLV,El Salvador,1960,El Salvador,0.0,0,0,0,,1,1
SLV,El Salvador,1961,El Salvador,0.0,0,0,0,,1,2
SLV,El Salvador,1962,El Salvador,0.0,0,0,0,,1,3
SLV,El Salvador,1963,El Salvador,0.0,0,0,0,,1,4
SLV,El Salvador,1964,El Salvador,0.0,0,0,0,,1,5
SLV,El Salvador,1965,El Salvador,0.0,0,0,0,,1,6
SLV,El Salvador,1966,El Salvador,0.0,0,0,0,,1,7
SLV,El Salvador,1967,El Salvador,0.0,0,0,0,,1,8
SLV,El Salvador,1968,El Salvador,0.0,0,0,0,,1,9
SLV,El Salvador,1969,El Salvador,0.0,0,0,0,,1,10
SLV,El Salvador,1970,El Salvador,0.0,0,0,0,,1,11
SLV,El Salvador,1971,El Salvador,0.0,0,0,0,,1,12
SLV,El Salvador,1972,El Salvador,0.0,0,0,0,,1,13
SLV,El Salvador,1973,El Salvador,0.0,0,0,0,,1,14
SLV,El Salvador,1974,El Salvador,0.0,0,0,0,,1,15
SLV,El Salvador,1975,El Salvador,0.0,0,0,0,,1,16
SLV,El Salvador,1976,El Salvador,0.0,0,0,0,,1,17
SLV,El Salvador,1977,El Salvador,0.0,0,0,0,,1,18
SLV,El Salvador,1978,El Salvador,0.0,0,0,0,,1,19
SLV,El Salvador,1979,El Salvador,0.07,1,0,0,1979.0,0,0
SLV,El Salvador,1980,El Salvador,0.0,0,1,1,1979.0,0,1
SLV,El Salvador,1981,El Salvador,604.4,1,1,1,1981.0,0,0
SLV,El Salvador,1982,El Salvador,568.91,1,1,1,1982.0,0,0
SLV,El Salvador,1983,El Salvador,533.57,1,1,1,1983.0,0,0
SLV,El Salvador,1984,El Salvador,542.31,1,1,1,1984.0,0,0
SLV,El Salvador,1985,El Salvador,464.52,1,1,1,1985.0,0,0
SLV,El Salvador,1986,El Salvador,221.51,1,1,1,1986.0,0,0
SLV,El Salvador,1987,El Salvador,208.56,1,1,1,1987.0,0,0
SLV,El Salvador,1988,El Salvador,199.26,1,1,1,1988.0,0,0
SLV,El Salvador,1989,El Salvador,226.39,1,1,1,1989.0,0,0
SLV,El Salvador,1990,El Salvador,251.25,1,1,1,1990.0,0,0
SLV,El Salvador,1991,El Salvador,146.96,1,1,1,1991.0,0,0
SLV,El Salvador,1992,El Salvador,105.7,1,1,1,1992.0,0,0
SLV,El Salvador,1993,El Salvador,740.02,1,1,1,1993.0,0,0
SLV,El Salvador,1994,El Salvador,59.59,1,1,1,1994.0,0,0
SLV,El Salvador,1995,El Salvador,51.43,1,1,1,1995.0,0,0
SLV,El Salvador,1996,El Salvador,54.15,1,1,1,1996.0,0,0
SLV,El Salvador,1997,El Salvador,15.24,1,1,1,1997.0,0,0
SLV,El Salvador,1998,El Salvador,5.78,1,1,1,1998.0,0,0
SLV,El Salvador,1999,El Salvador,1.48,1,1,1,1999.0,0,0
SLV,El Salvador,2000,El Salvador,17.0,1,1,1,2000.0,0,0
SLV,El Salvador,2001,El Salvador,0.0,0,1,1,2000.0,0,1
SLV,El Salvador,2002,El Salvador,0.0,0,1,1,2000.0,0,2
SLV,El Salvador,2003,El Salvador,0.0,0,1,1,2000.0,0,3
SLV,El Salvador,2004,El Salvador,0.0,0,1,1,2000.0,0,4
SLV,El Salvador,2005,El Salvador,0.0,0,1,1,2000.0,0,5
SLV,El Salvador,2006,El Salvador,0.0,0,0,1,2000.0,0,6
SLV,El Salvador,2007,El Salvador,0.0,0,0,1,2000.0,0,7
SLV,El Salvador,2008,El Salvador,2.53,1,0,1,2008.0,0,0
SLV,El Salvador,2009,El Salvador,0.0,0,1,1,2008.0,0,1
SLV,El Salvador,2010,El Salvador,0.0,0,1,1,2008.0,0,2
SLV,El Salvador,2011,El Salvador,0.0,0,1,1,2008.0,0,3
SLV,El Salvador,2012,El Salvador,0.0,0,1,1,2008.0,0,4
SLV,El Salvador,2013,El Salvador,0.0,0,1,1,2008.0,0,5
SLV,El Salvador,2014,El Salvador,0.0,0,0,1,2008.0,0,6
SLV,El Salvador,2015,El Salvador,0.0,0,0,1,2008.0,0,7
SLV,El Salvador,2016,El Salvador,0.0,0,0,1,2008.0,0,8
SLV,El Salvador,2017,El Salvador,6033.0,1,0,1,2017.0,0,0
SLV,El Salvador,2018,El Salvador,0.0,0,1,1,2017.0,0,1
SLV,El Salvador,2019,El Salvador,0.0,0,1,1,2017.0,0,2
SLV,El Salvador,2020,El Salvador,0.0,0,1,1,2017.0,0,3
SLV,El Salvador,2021,El Salvador,0.0,0,1,1,2017.0,0,4
SLV,El Salvador,2022,El Salvador,648.0,1,1,1,2022.0,0,0
SLV,El Salvador,2023,El Salvador,1450.0,1,1,1,2023.0,0,0
SLV,El Salvador,2024,El Salvador,0.0,0,1,1,2023.0,0,1
SMR,San Marino,1960,,0.0,0,0,0,,1,1
SMR,San Marino,1961,,0.0,0,0,0,,1,2
SMR,San Marino,1962,,0.0,0,0,0,,1,3
SMR,San Marino,1963,,0.0,0,0,0,,1,4
SMR,San Marino,1964,,0.0,0,0,0,,1,5
SMR,San Marino,1965,,0.0,0,0,0,,1,6
SMR,San Marino,1966,,0.0,0,0,0,,1,7
SMR,San Marino,1967,,0.0,0,0,0,,1,8
SMR,San Marino,1968,,0.0,0,0,0,,1,9
SMR,San Marino,1969,,0.0,0,0,0,,1,10
SMR,San Marino,1970,,0.0,0,0,0,,1,11
SMR,San Marino,1971,,0.0,0,0,0,,1,12
SMR,San Marino,1972,,0.0,0,0,0,,1,13
SMR,San Marino,1973,,0.0,0,0,0,,1,14
SMR,San Marino,1974,,0.0,0,0,0,,1,15
SMR,San Marino,1975,,0.0,0,0,0,,1,16
SMR,San Marino,1976,,0.0,0,0,0,,1,17
SMR,San Marino,1977,,0.0,0,0,0,,1,18
SMR,San Marino,1978,,0.0,0,0,0,,1,19
SMR,San Marino,1979,,0.0,0,0,0,,1,20
SMR,San Marino,1980,,0.0,0,0,0,,1,21
SMR,San Marino,1981,,0.0,0,0,0,,1,22
SMR,San Marino,1982,,0.0,0,0,0,,1,23
SMR,San Marino,1983,,0.0,0,0,0,,1,24
SMR,San Marino,1984,,0.0,0,0,0,,1,25
SMR,San Marino,1985,,0.0,0,0,0,,1,26
SMR,San Marino,1986,,0.0,0,0,0,,1,27
SMR,San Marino,1987,,0.0,0,0,0,,1,28
SMR,San Marino,1988,,0.0,0,0,0,,1,29
SMR,San Marino,1989,,0.0,0,0,0,,1,30
SMR,San Marino,1990,,0.0,0,0,0,,1,31
SMR,San Marino,1991,,0.0,0,0,0,,1,32
SMR,San Marino,1992,,0.0,0,0,0,,1,33
SMR,San Marino,1993,,0.0,0,0,0,,1,34
SMR,San Marino,1994,,0.0,0,0,0,,1,35
SMR,San Marino,1995,,0.0,0,0,0,,1,36
SMR,San Marino,1996,,0.0,0,0,0,,1,37
SMR,San Marino,1997,,0.0,0,0,0,,1,38
SMR,San Marino,1998,,0.0,0,0,0,,1,39
SMR,San Marino,1999,,0.0,0,0,0,,1,40
SMR,San Marino,2000,,0.0,0,0,0,,1,41
SMR,San Marino,2001,,0.0,0,0,0,,1,42
SMR,San Marino,2002,,0.0,0,0,0,,1,43
SMR,San Marino,2003,,0.0,0,0,0,,1,44
SMR,San Marino,2004,,0.0,0,0,0,,1,45
SMR,San Marino,2005,,0.0,0,0,0,,1,46
SMR,San Marino,2006,,0.0,0,0,0,,1,47
SMR,San Marino,2007,,0.0,0,0,0,,1,48
SMR,San Marino,2008,,0.0,0,0,0,,1,49
SMR,San Marino,2009,,0.0,0,0,0,,1,50
SMR,San Marino,2010,,0.0,0,0,0,,1,51
SMR,San Marino,2011,,0.0,0,0,0,,1,52
SMR,San Marino,2012,,0.0,0,0,0,,1,53
SMR,San Marino,2013,,0.0,0,0,0,,1,54
SMR,San Marino,2014,,0.0,0,0,0,,1,55
SMR,San Marino,2015,,0.0,0,0,0,,1,56
SMR,San Marino,2016,,0.0,0,0,0,,1,57
SMR,San Marino,2017,,0.0,0,0,0,,1,58
SMR,San Marino,2018,,0.0,0,0,0,,1,59
SMR,San Marino,2019,,0.0,0,0,0,,1,60
SMR,San Marino,2020,,0.0,0,0,0,,1,61
SMR,San Marino,2021,,0.0,0,0,0,,1,62
SMR,San Marino,2022,,0.0,0,0,0,,1,63
SMR,San Marino,2023,,0.0,0,0,0,,1,64
SMR,San Marino,2024,,0.0,0,0,0,,1,65
SOM,"Somalia, Fed. Rep.",1960,Somalia,0.0,0,0,0,,1,1
SOM,"Somalia, Fed. Rep.",1961,Somalia,0.0,0,0,0,,1,2
SOM,"Somalia, Fed. Rep.",1962,Somalia,0.0,0,0,0,,1,3
SOM,"Somalia, Fed. Rep.",1963,Somalia,0.0,0,0,0,,1,4
SOM,"Somalia, Fed. Rep.",1964,Somalia,0.0,0,0,0,,1,5
SOM,"Somalia, Fed. Rep.",1965,Somalia,0.0,0,0,0,,1,6
SOM,"Somalia, Fed. Rep.",1966,Somalia,0.0,0,0,0,,1,7
SOM,"Somalia, Fed. Rep.",1967,Somalia,0.0,0,0,0,,1,8
SOM,"Somalia, Fed. Rep.",1968,Somalia,0.0,0,0,0,,1,9
SOM,"Somalia, Fed. Rep.",1969,Somalia,0.0,0,0,0,,1,10
SOM,"Somalia, Fed. Rep.",1970,Somalia,0.0,0,0,0,,1,11
SOM,"Somalia, Fed. Rep.",1971,Somalia,0.0,0,0,0,,1,12
SOM,"Somalia, Fed. Rep.",1972,Somalia,0.0,0,0,0,,1,13
SOM,"Somalia, Fed. Rep.",1973,Somalia,0.0,0,0,0,,1,14
SOM,"Somalia, Fed. Rep.",1974,Somalia,0.56,1,0,0,1974.0,0,0
SOM,"Somalia, Fed. Rep.",1975,Somalia,1.5,1,1,1,1975.0,0,0
SOM,"Somalia, Fed. Rep.",1976,Somalia,3.59,1,1,1,1976.0,0,0
SOM,"Somalia, Fed. Rep.",1977,Somalia,7.47,1,1,1,1977.0,0,0
SOM,"Somalia, Fed. Rep.",1978,Somalia,11.36,1,1,1,1978.0,0,0
SOM,"Somalia, Fed. Rep.",1979,Somalia,17.92,1,1,1,1979.0,0,0
SOM,"Somalia, Fed. Rep.",1980,Somalia,20.18,1,1,1,1980.0,0,0
SOM,"Somalia, Fed. Rep.",1981,Somalia,49.69,1,1,1,1981.0,0,0
SOM,"Somalia, Fed. Rep.",1982,Somalia,88.15,1,1,1,1982.0,0,0
SOM,"Somalia, Fed. Rep.",1983,Somalia,157.93,1,1,1,1983.0,0,0
SOM,"Somalia, Fed. Rep.",1984,Somalia,257.1,1,1,1,1984.0,0,0
SOM,"Somalia, Fed. Rep.",1985,Somalia,343.85,1,1,1,1985.0,0,0
SOM,"Somalia, Fed. Rep.",1986,Somalia,381.09,1,1,1,1986.0,0,0
SOM,"Somalia, Fed. Rep.",1987,Somalia,436.42,1,1,1,1987.0,0,0
SOM,"Somalia, Fed. Rep.",1988,Somalia,576.03,1,1,1,1988.0,0,0
SOM,"Somalia, Fed. Rep.",1989,Somalia,577.08,1,1,1,1989.0,0,0
SOM,"Somalia, Fed. Rep.",1990,Somalia,1142.35,1,1,1,1990.0,0,0
SOM,"Somalia, Fed. Rep.",1991,Somalia,1330.11,1,1,1,1991.0,0,0
SOM,"Somalia, Fed. Rep.",1992,Somalia,1453.82,1,1,1,1992.0,0,0
SOM,"Somalia, Fed. Rep.",1993,Somalia,1613.13,1,1,1,1993.0,0,0
SOM,"Somalia, Fed. Rep.",1994,Somalia,1820.65,1,1,1,1994.0,0,0
SOM,"Somalia, Fed. Rep.",1995,Somalia,1977.77,1,1,1,1995.0,0,0
SOM,"Somalia, Fed. Rep.",1996,Somalia,2037.39,1,1,1,1996.0,0,0
SOM,"Somalia, Fed. Rep.",1997,Somalia,2052.41,1,1,1,1997.0,0,0
SOM,"Somalia, Fed. Rep.",1998,Somalia,2172.72,1,1,1,1998.0,0,0
SOM,"Somalia, Fed. Rep.",1999,Somalia,2199.75,1,1,1,1999.0,0,0
SOM,"Somalia, Fed. Rep.",2000,Somalia,4366.2,1,1,1,2000.0,0,0
SOM,"Somalia, Fed. Rep.",2001,Somalia,4369.22,1,1,1,2001.0,0,0
SOM,"Somalia, Fed. Rep.",2002,Somalia,4419.43,1,1,1,2002.0,0,0
SOM,"Somalia, Fed. Rep.",2003,Somalia,4476.35,1,1,1,2003.0,0,0
SOM,"Somalia, Fed. Rep.",2004,Somalia,4517.59,1,1,1,2004.0,0,0
SOM,"Somalia, Fed. Rep.",2005,Somalia,4492.77,1,1,1,2005.0,0,0
SOM,"Somalia, Fed. Rep.",2006,Somalia,2840.67,1,1,1,2006.0,0,0
SOM,"Somalia, Fed. Rep.",2007,Somalia,2965.73,1,1,1,2007.0,0,0
SOM,"Somalia, Fed. Rep.",2008,Somalia,3059.79,1,1,1,2008.0,0,0
SOM,"Somalia, Fed. Rep.",2009,Somalia,3137.59,1,1,1,2009.0,0,0
SOM,"Somalia, Fed. Rep.",2010,Somalia,3164.17,1,1,1,2010.0,0,0
SOM,"Somalia, Fed. Rep.",2011,Somalia,3210.68,1,1,1,2011.0,0,0
SOM,"Somalia, Fed. Rep.",2012,Somalia,3251.06,1,1,1,2012.0,0,0
SOM,"Somalia, Fed. Rep.",2013,Somalia,3291.67,1,1,1,2013.0,0,0
SOM,"Somalia, Fed. Rep.",2014,Somalia,3340.54,1,1,1,2014.0,0,0
SOM,"Somalia, Fed. Rep.",2015,Somalia,3285.72,1,1,1,2015.0,0,0
SOM,"Somalia, Fed. Rep.",2016,Somalia,3336.99,1,1,1,2016.0,0,0
SOM,"Somalia, Fed. Rep.",2017,Somalia,3544.76,1,1,1,2017.0,0,0
SOM,"Somalia, Fed. Rep.",2018,Somalia,4668.2,1,1,1,2018.0,0,0
SOM,"Somalia, Fed. Rep.",2019,Somalia,6147.34,1,1,1,2019.0,0,0
SOM,"Somalia, Fed. Rep.",2020,Somalia,5258.0,1,1,1,2020.0,0,0
SOM,"Somalia, Fed. Rep.",2021,Somalia,2826.0,1,1,1,2021.0,0,0
SOM,"Somalia, Fed. Rep.",2022,Somalia,2043.0,1,1,1,2022.0,0,0
SOM,"Somalia, Fed. Rep.",2023,Somalia,1887.0,1,1,1,2023.0,0,0
SOM,"Somalia, Fed. Rep.",2024,Somalia,0.0,0,1,1,2023.0,0,1
SRB,Serbia,1960,Serbia,0.0,0,0,0,,1,1
SRB,Serbia,1961,Serbia,0.0,0,0,0,,1,2
SRB,Serbia,1962,Serbia,0.0,0,0,0,,1,3
SRB,Serbia,1963,Serbia,0.0,0,0,0,,1,4
SRB,Serbia,1964,Serbia,0.0,0,0,0,,1,5
SRB,Serbia,1965,Serbia,0.0,0,0,0,,1,6
SRB,Serbia,1966,Serbia,0.0,0,0,0,,1,7
SRB,Serbia,1967,Serbia,0.0,0,0,0,,1,8
SRB,Serbia,1968,Serbia,0.0,0,0,0,,1,9
SRB,Serbia,1969,Serbia,0.0,0,0,0,,1,10
SRB,Serbia,1970,Serbia,0.0,0,0,0,,1,11
SRB,Serbia,1971,Serbia,0.0,0,0,0,,1,12
SRB,Serbia,1972,Serbia,0.0,0,0,0,,1,13
SRB,Serbia,1973,Serbia,0.0,0,0,0,,1,14
SRB,Serbia,1974,Serbia,0.0,0,0,0,,1,15
SRB,Serbia,1975,Serbia,0.0,0,0,0,,1,16
SRB,Serbia,1976,Serbia,0.0,0,0,0,,1,17
SRB,Serbia,1977,Serbia,0.0,0,0,0,,1,18
SRB,Serbia,1978,Serbia,0.0,0,0,0,,1,19
SRB,Serbia,1979,Serbia,0.0,0,0,0,,1,20
SRB,Serbia,1980,Serbia,0.0,0,0,0,,1,21
SRB,Serbia,1981,Serbia,0.0,0,0,0,,1,22
SRB,Serbia,1982,Serbia,0.0,0,0,0,,1,23
SRB,Serbia,1983,Serbia,0.0,0,0,0,,1,24
SRB,Serbia,1984,Serbia,0.0,0,0,0,,1,25
SRB,Serbia,1985,Serbia,0.0,0,0,0,,1,26
SRB,Serbia,1986,Serbia,0.0,0,0,0,,1,27
SRB,Serbia,1987,Serbia,0.0,0,0,0,,1,28
SRB,Serbia,1988,Serbia,0.0,0,0,0,,1,29
SRB,Serbia,1989,Serbia,0.0,0,0,0,,1,30
SRB,Serbia,1990,Serbia,0.0,0,0,0,,1,31
SRB,Serbia,1991,Serbia,0.0,0,0,0,,1,32
SRB,Serbia,1992,Serbia,6996.48,1,0,0,1992.0,0,0
SRB,Serbia,1993,Serbia,3982.29,1,1,1,1993.0,0,0
SRB,Serbia,1994,Serbia,6438.49,1,1,1,1994.0,0,0
SRB,Serbia,1995,Serbia,7408.84,1,1,1,1995.0,0,0
SRB,Serbia,1996,Serbia,6917.88,1,1,1,1996.0,0,0
SRB,Serbia,1997,Serbia,7231.49,1,1,1,1997.0,0,0
SRB,Serbia,1998,Serbia,9178.74,1,1,1,1998.0,0,0
SRB,Serbia,1999,Serbia,9811.98,1,1,1,1999.0,0,0
SRB,Serbia,2000,Serbia,11058.1,1,1,1,2000.0,0,0
SRB,Serbia,2001,Serbia,16761.32,1,1,1,2001.0,0,0
SRB,Serbia,2002,Serbia,10373.82,1,1,1,2002.0,0,0
SRB,Serbia,2003,Serbia,4166.58,1,1,1,2003.0,0,0
SRB,Serbia,2004,Serbia,3228.65,1,1,1,2004.0,0,0
SRB,Serbia,2005,Serbia,1629.65,1,1,1,2005.0,0,0
SRB,Serbia,2006,Serbia,1924.79,1,1,1,2006.0,0,0
SRB,Serbia,2007,Serbia,3118.12,1,1,1,2007.0,0,0
SRB,Serbia,2008,Serbia,198.72,1,1,1,2008.0,0,0
SRB,Serbia,2009,Serbia,1013.76,1,1,1,2009.0,0,0
SRB,Serbia,2010,Serbia,0.0,0,1,1,2009.0,0,1
SRB,Serbia,2011,Serbia,0.0,0,1,1,2009.0,0,2
SRB,Serbia,2012,Serbia,0.0,0,1,1,2009.0,0,3
SRB,Serbia,2013,Serbia,0.0,0,1,1,2009.0,0,4
SRB,Serbia,2014,Serbia,0.0,0,1,1,2009.0,0,5
SRB,Serbia,2015,Serbia,0.0,0,0,1,2009.0,0,6
SRB,Serbia,2016,Serbia,0.0,0,0,1,2009.0,0,7
SRB,Serbia,2017,Serbia,0.0,0,0,1,2009.0,0,8
SRB,Serbia,2018,Serbia,0.0,0,0,1,2009.0,0,9
SRB,Serbia,2019,Serbia,0.0,0,0,1,2009.0,0,10
SRB,Serbia,2020,Serbia,0.0,0,0,0,2009.0,0,11
SRB,Serbia,2021,Serbia,0.0,0,0,0,2009.0,0,12
SRB,Serbia,2022,Serbia,0.0,0,0,0,2009.0,0,13
SRB,Serbia,2023,Serbia,0.0,0,0,0,2009.0,0,14
SRB,Serbia,2024,Serbia,0.0,0,0,0,2009.0,0,15
SSD,South Sudan,1960,South Sudan,0.0,0,0,0,,1,1
SSD,South Sudan,1961,South Sudan,0.0,0,0,0,,1,2
SSD,South Sudan,1962,South Sudan,0.0,0,0,0,,1,3
SSD,South Sudan,1963,South Sudan,0.0,0,0,0,,1,4
SSD,South Sudan,1964,South Sudan,0.0,0,0,0,,1,5
SSD,South Sudan,1965,South Sudan,0.0,0,0,0,,1,6
SSD,South Sudan,1966,South Sudan,0.0,0,0,0,,1,7
SSD,South Sudan,1967,South Sudan,0.0,0,0,0,,1,8
SSD,South Sudan,1968,South Sudan,0.0,0,0,0,,1,9
SSD,South Sudan,1969,South Sudan,0.0,0,0,0,,1,10
SSD,South Sudan,1970,South Sudan,0.0,0,0,0,,1,11
SSD,South Sudan,1971,South Sudan,0.0,0,0,0,,1,12
SSD,South Sudan,1972,South Sudan,0.0,0,0,0,,1,13
SSD,South Sudan,1973,South Sudan,0.0,0,0,0,,1,14
SSD,South Sudan,1974,South Sudan,0.0,0,0,0,,1,15
SSD,South Sudan,1975,South Sudan,0.0,0,0,0,,1,16
SSD,South Sudan,1976,South Sudan,0.0,0,0,0,,1,17
SSD,South Sudan,1977,South Sudan,0.0,0,0,0,,1,18
SSD,South Sudan,1978,South Sudan,0.0,0,0,0,,1,19
SSD,South Sudan,1979,South Sudan,0.0,0,0,0,,1,20
SSD,South Sudan,1980,South Sudan,0.0,0,0,0,,1,21
SSD,South Sudan,1981,South Sudan,0.0,0,0,0,,1,22
SSD,South Sudan,1982,South Sudan,0.0,0,0,0,,1,23
SSD,South Sudan,1983,South Sudan,0.0,0,0,0,,1,24
SSD,South Sudan,1984,South Sudan,0.0,0,0,0,,1,25
SSD,South Sudan,1985,South Sudan,0.0,0,0,0,,1,26
SSD,South Sudan,1986,South Sudan,0.0,0,0,0,,1,27
SSD,South Sudan,1987,South Sudan,0.0,0,0,0,,1,28
SSD,South Sudan,1988,South Sudan,0.0,0,0,0,,1,29
SSD,South Sudan,1989,South Sudan,0.0,0,0,0,,1,30
SSD,South Sudan,1990,South Sudan,0.0,0,0,0,,1,31
SSD,South Sudan,1991,South Sudan,0.0,0,0,0,,1,32
SSD,South Sudan,1992,South Sudan,0.0,0,0,0,,1,33
SSD,South Sudan,1993,South Sudan,0.0,0,0,0,,1,34
SSD,South Sudan,1994,South Sudan,0.0,0,0,0,,1,35
SSD,South Sudan,1995,South Sudan,0.0,0,0,0,,1,36
SSD,South Sudan,1996,South Sudan,0.0,0,0,0,,1,37
SSD,South Sudan,1997,South Sudan,0.0,0,0,0,,1,38
SSD,South Sudan,1998,South Sudan,0.0,0,0,0,,1,39
SSD,South Sudan,1999,South Sudan,0.0,0,0,0,,1,40
SSD,South Sudan,2000,South Sudan,0.0,0,0,0,,1,41
SSD,South Sudan,2001,South Sudan,0.0,0,0,0,,1,42
SSD,South Sudan,2002,South Sudan,0.0,0,0,0,,1,43
SSD,South Sudan,2003,South Sudan,0.0,0,0,0,,1,44
SSD,South Sudan,2004,South Sudan,0.0,0,0,0,,1,45
SSD,South Sudan,2005,South Sudan,0.0,0,0,0,,1,46
SSD,South Sudan,2006,South Sudan,0.0,0,0,0,,1,47
SSD,South Sudan,2007,South Sudan,0.0,0,0,0,,1,48
SSD,South Sudan,2008,South Sudan,0.0,0,0,0,,1,49
SSD,South Sudan,2009,South Sudan,0.0,0,0,0,,1,50
SSD,South Sudan,2010,South Sudan,0.0,0,0,0,,1,51
SSD,South Sudan,2011,South Sudan,0.0,0,0,0,,1,52
SSD,South Sudan,2012,South Sudan,0.0,0,0,0,,1,53
SSD,South Sudan,2013,South Sudan,374.0,1,0,0,2013.0,0,0
SSD,South Sudan,2014,South Sudan,1584.0,1,1,1,2014.0,0,0
SSD,South Sudan,2015,South Sudan,1728.0,1,1,1,2015.0,0,0
SSD,South Sudan,2016,South Sudan,2040.0,1,1,1,2016.0,0,0
SSD,South Sudan,2017,South Sudan,1869.0,1,1,1,2017.0,0,0
SSD,South Sudan,2018,South Sudan,719.0,1,1,1,2018.0,0,0
SSD,South Sudan,2019,South Sudan,627.0,1,1,1,2019.0,0,0
SSD,South Sudan,2020,South Sudan,652.0,1,1,1,2020.0,0,0
SSD,South Sudan,2021,South Sudan,0.0,0,1,1,2020.0,0,1
SSD,South Sudan,2022,South Sudan,0.0,0,1,1,2020.0,0,2
SSD,South Sudan,2023,South Sudan,36.0,1,1,1,2023.0,0,0
SSD,South Sudan,2024,South Sudan,0.0,0,1,1,2023.0,0,1
STP,Sao Tome and Principe,1960,São Tomé and Príncipe,0.0,0,0,0,,1,1
STP,Sao Tome and Principe,1961,São Tomé and Príncipe,0.0,0,0,0,,1,2
STP,Sao Tome and Principe,1962,São Tomé and Príncipe,0.0,0,0,0,,1,3
STP,Sao Tome and Principe,1963,São Tomé and Príncipe,0.0,0,0,0,,1,4
STP,Sao Tome and Principe,1964,São Tomé and Príncipe,0.0,0,0,0,,1,5
STP,Sao Tome and Principe,1965,São Tomé and Príncipe,0.0,0,0,0,,1,6
STP,Sao Tome and Principe,1966,São Tomé and Príncipe,0.0,0,0,0,,1,7
STP,Sao Tome and Principe,1967,São Tomé and Príncipe,0.0,0,0,0,,1,8
STP,Sao Tome and Principe,1968,São Tomé and Príncipe,0.0,0,0,0,,1,9
STP,Sao Tome and Principe,1969,São Tomé and Príncipe,0.0,0,0,0,,1,10
STP,Sao Tome and Principe,1970,São Tomé and Príncipe,0.0,0,0,0,,1,11
STP,Sao Tome and Principe,1971,São Tomé and Príncipe,0.0,0,0,0,,1,12
STP,Sao Tome and Principe,1972,São Tomé and Príncipe,0.0,0,0,0,,1,13
STP,Sao Tome and Principe,1973,São Tomé and Príncipe,0.0,0,0,0,,1,14
STP,Sao Tome and Principe,1974,São Tomé and Príncipe,0.0,0,0,0,,1,15
STP,Sao Tome and Principe,1975,São Tomé and Príncipe,0.0,0,0,0,,1,16
STP,Sao Tome and Principe,1976,São Tomé and Príncipe,0.0,0,0,0,,1,17
STP,Sao Tome and Principe,1977,São Tomé and Príncipe,0.0,0,0,0,,1,18
STP,Sao Tome and Principe,1978,São Tomé and Príncipe,0.0,0,0,0,,1,19
STP,Sao Tome and Principe,1979,São Tomé and Príncipe,0.0,0,0,0,,1,20
STP,Sao Tome and Principe,1980,São Tomé and Príncipe,0.0,0,0,0,,1,21
STP,Sao Tome and Principe,1981,São Tomé and Príncipe,0.0,0,0,0,,1,22
STP,Sao Tome and Principe,1982,São Tomé and Príncipe,0.0,0,0,0,,1,23
STP,Sao Tome and Principe,1983,São Tomé and Príncipe,0.02,1,0,0,1983.0,0,0
STP,Sao Tome and Principe,1984,São Tomé and Príncipe,0.46,1,1,1,1984.0,0,0
STP,Sao Tome and Principe,1985,São Tomé and Príncipe,2.99,1,1,1,1985.0,0,0
STP,Sao Tome and Principe,1986,São Tomé and Príncipe,6.71,1,1,1,1986.0,0,0
STP,Sao Tome and Principe,1987,São Tomé and Príncipe,15.96,1,1,1,1987.0,0,0
STP,Sao Tome and Principe,1988,São Tomé and Príncipe,21.74,1,1,1,1988.0,0,0
STP,Sao Tome and Principe,1989,São Tomé and Príncipe,28.29,1,1,1,1989.0,0,0
STP,Sao Tome and Principe,1990,São Tomé and Príncipe,37.04,1,1,1,1990.0,0,0
STP,Sao Tome and Principe,1991,São Tomé and Príncipe,44.6,1,1,1,1991.0,0,0
STP,Sao Tome and Principe,1992,São Tomé and Príncipe,52.91,1,1,1,1992.0,0,0
STP,Sao Tome and Principe,1993,São Tomé and Príncipe,59.72,1,1,1,1993.0,0,0
STP,Sao Tome and Principe,1994,São Tomé and Príncipe,65.33,1,1,1,1994.0,0,0
STP,Sao Tome and Principe,1995,São Tomé and Príncipe,71.51,1,1,1,1995.0,0,0
STP,Sao Tome and Principe,1996,São Tomé and Príncipe,28.79,1,1,1,1996.0,0,0
STP,Sao Tome and Principe,1997,São Tomé and Príncipe,32.74,1,1,1,1997.0,0,0
STP,Sao Tome and Principe,1998,São Tomé and Príncipe,38.68,1,1,1,1998.0,0,0
STP,Sao Tome and Principe,1999,São Tomé and Príncipe,100.82,1,1,1,1999.0,0,0
STP,Sao Tome and Principe,2000,São Tomé and Príncipe,83.85,1,1,1,2000.0,0,0
STP,Sao Tome and Principe,2001,São Tomé and Príncipe,61.97,1,1,1,2001.0,0,0
STP,Sao Tome and Principe,2002,São Tomé and Príncipe,62.47,1,1,1,2002.0,0,0
STP,Sao Tome and Principe,2003,São Tomé and Príncipe,67.21,1,1,1,2003.0,0,0
STP,Sao Tome and Principe,2004,São Tomé and Príncipe,72.42,1,1,1,2004.0,0,0
STP,Sao Tome and Principe,2005,São Tomé and Príncipe,74.09,1,1,1,2005.0,0,0
STP,Sao Tome and Principe,2006,São Tomé and Príncipe,89.13,1,1,1,2006.0,0,0
STP,Sao Tome and Principe,2007,São Tomé and Príncipe,275.99,1,1,1,2007.0,0,0
STP,Sao Tome and Principe,2008,São Tomé and Príncipe,116.33,1,1,1,2008.0,0,0
STP,Sao Tome and Principe,2009,São Tomé and Príncipe,71.26,1,1,1,2009.0,0,0
STP,Sao Tome and Principe,2010,São Tomé and Príncipe,73.64,1,1,1,2010.0,0,0
STP,Sao Tome and Principe,2011,São Tomé and Príncipe,75.46,1,1,1,2011.0,0,0
STP,Sao Tome and Principe,2012,São Tomé and Príncipe,68.22,1,1,1,2012.0,0,0
STP,Sao Tome and Principe,2013,São Tomé and Príncipe,69.25,1,1,1,2013.0,0,0
STP,Sao Tome and Principe,2014,São Tomé and Príncipe,71.28,1,1,1,2014.0,0,0
STP,Sao Tome and Principe,2015,São Tomé and Príncipe,70.99,1,1,1,2015.0,0,0
STP,Sao Tome and Principe,2016,São Tomé and Príncipe,73.97,1,1,1,2016.0,0,0
STP,Sao Tome and Principe,2017,São Tomé and Príncipe,75.49,1,1,1,2017.0,0,0
STP,Sao Tome and Principe,2018,São Tomé and Príncipe,74.97,1,1,1,2018.0,0,0
STP,Sao Tome and Principe,2019,São Tomé and Príncipe,73.77,1,1,1,2019.0,0,0
STP,Sao Tome and Principe,2020,São Tomé and Príncipe,89.18,1,1,1,2020.0,0,0
STP,Sao Tome and Principe,2021,São Tomé and Príncipe,84.84,1,1,1,2021.0,0,0
STP,Sao Tome and Principe,2022,São Tomé and Príncipe,113.23,1,1,1,2022.0,0,0
STP,Sao Tome and Principe,2023,São Tomé and Príncipe,121.0,1,1,1,2023.0,0,0
STP,Sao Tome and Principe,2024,São Tomé and Príncipe,111.0,1,1,1,2024.0,0,0
SUR,Suriname,1960,Suriname,0.0,0,0,0,,1,1
SUR,Suriname,1961,Suriname,0.0,0,0,0,,1,2
SUR,Suriname,1962,Suriname,0.0,0,0,0,,1,3
SUR,Suriname,1963,Suriname,0.0,0,0,0,,1,4
SUR,Suriname,1964,Suriname,0.0,0,0,0,,1,5
SUR,Suriname,1965,Suriname,0.0,0,0,0,,1,6
SUR,Suriname,1966,Suriname,0.0,0,0,0,,1,7
SUR,Suriname,1967,Suriname,0.0,0,0,0,,1,8
SUR,Suriname,1968,Suriname,0.0,0,0,0,,1,9
SUR,Suriname,1969,Suriname,0.0,0,0,0,,1,10
SUR,Suriname,1970,Suriname,0.0,0,0,0,,1,11
SUR,Suriname,1971,Suriname,0.0,0,0,0,,1,12
SUR,Suriname,1972,Suriname,0.0,0,0,0,,1,13
SUR,Suriname,1973,Suriname,0.0,0,0,0,,1,14
SUR,Suriname,1974,Suriname,0.0,0,0,0,,1,15
SUR,Suriname,1975,Suriname,0.0,0,0,0,,1,16
SUR,Suriname,1976,Suriname,0.0,0,0,0,,1,17
SUR,Suriname,1977,Suriname,0.0,0,0,0,,1,18
SUR,Suriname,1978,Suriname,0.0,0,0,0,,1,19
SUR,Suriname,1979,Suriname,0.0,0,0,0,,1,20
SUR,Suriname,1980,Suriname,0.0,0,0,0,,1,21
SUR,Suriname,1981,Suriname,0.0,0,0,0,,1,22
SUR,Suriname,1982,Suriname,0.0,0,0,0,,1,23
SUR,Suriname,1983,Suriname,0.0,0,0,0,,1,24
SUR,Suriname,1984,Suriname,0.0,0,0,0,,1,25
SUR,Suriname,1985,Suriname,0.0,0,0,0,,1,26
SUR,Suriname,1986,Suriname,0.0,0,0,0,,1,27
SUR,Suriname,1987,Suriname,0.0,0,0,0,,1,28
SUR,Suriname,1988,Suriname,0.0,0,0,0,,1,29
SUR,Suriname,1989,Suriname,0.0,0,0,0,,1,30
SUR,Suriname,1990,Suriname,2.0,1,0,0,1990.0,0,0
SUR,Suriname,1991,Suriname,21.0,1,1,1,1991.0,0,0
SUR,Suriname,1992,Suriname,37.8,1,1,1,1992.0,0,0
SUR,Suriname,1993,Suriname,54.0,1,1,1,1993.0,0,0
SUR,Suriname,1994,Suriname,58.0,1,1,1,1994.0,0,0
SUR,Suriname,1995,Suriname,20.0,1,1,1,1995.0,0,0
SUR,Suriname,1996,Suriname,20.0,1,1,1,1996.0,0,0
SUR,Suriname,1997,Suriname,19.0,1,1,1,1997.0,0,0
SUR,Suriname,1998,Suriname,36.0,1,1,1,1998.0,0,0
SUR,Suriname,1999,Suriname,53.0,1,1,1,1999.0,0,0
SUR,Suriname,2000,Suriname,57.0,1,1,1,2000.0,0,0
SUR,Suriname,2001,Suriname,148.0,1,1,1,2001.0,0,0
SUR,Suriname,2002,Suriname,136.0,1,1,1,2002.0,0,0
SUR,Suriname,2003,Suriname,107.0,1,1,1,2003.0,0,0
SUR,Suriname,2004,Suriname,123.0,1,1,1,2004.0,0,0
SUR,Suriname,2005,Suriname,141.0,1,1,1,2005.0,0,0
SUR,Suriname,2006,Suriname,148.0,1,1,1,2006.0,0,0
SUR,Suriname,2007,Suriname,140.0,1,1,1,2007.0,0,0
SUR,Suriname,2008,Suriname,150.0,1,1,1,2008.0,0,0
SUR,Suriname,2009,Suriname,117.0,1,1,1,2009.0,0,0
SUR,Suriname,2010,Suriname,48.0,1,1,1,2010.0,0,0
SUR,Suriname,2011,Suriname,14.0,1,1,1,2011.0,0,0
SUR,Suriname,2012,Suriname,27.0,1,1,1,2012.0,0,0
SUR,Suriname,2013,Suriname,17.0,1,1,1,2013.0,0,0
SUR,Suriname,2014,Suriname,17.0,1,1,1,2014.0,0,0
SUR,Suriname,2015,Suriname,17.21,1,1,1,2015.0,0,0
SUR,Suriname,2016,Suriname,16.99,1,1,1,2016.0,0,0
SUR,Suriname,2017,Suriname,0.8,1,1,1,2017.0,0,0
SUR,Suriname,2018,Suriname,0.0,0,1,1,2017.0,0,1
SUR,Suriname,2019,Suriname,0.03,1,1,1,2019.0,0,0
SUR,Suriname,2020,Suriname,710.77,1,1,1,2020.0,0,0
SUR,Suriname,2021,Suriname,967.94,1,1,1,2021.0,0,0
SUR,Suriname,2022,Suriname,1138.76,1,1,1,2022.0,0,0
SUR,Suriname,2023,Suriname,1073.84,1,1,1,2023.0,0,0
SUR,Suriname,2024,Suriname,240.0,1,1,1,2024.0,0,0
SVK,Slovak Republic,1960,Slovak Republic,0.0,0,0,0,,1,1
SVK,Slovak Republic,1961,Slovak Republic,0.0,0,0,0,,1,2
SVK,Slovak Republic,1962,Slovak Republic,0.0,0,0,0,,1,3
SVK,Slovak Republic,1963,Slovak Republic,0.0,0,0,0,,1,4
SVK,Slovak Republic,1964,Slovak Republic,0.0,0,0,0,,1,5
SVK,Slovak Republic,1965,Slovak Republic,0.0,0,0,0,,1,6
SVK,Slovak Republic,1966,Slovak Republic,0.0,0,0,0,,1,7
SVK,Slovak Republic,1967,Slovak Republic,0.0,0,0,0,,1,8
SVK,Slovak Republic,1968,Slovak Republic,0.0,0,0,0,,1,9
SVK,Slovak Republic,1969,Slovak Republic,0.0,0,0,0,,1,10
SVK,Slovak Republic,1970,Slovak Republic,0.0,0,0,0,,1,11
SVK,Slovak Republic,1971,Slovak Republic,0.0,0,0,0,,1,12
SVK,Slovak Republic,1972,Slovak Republic,0.0,0,0,0,,1,13
SVK,Slovak Republic,1973,Slovak Republic,0.0,0,0,0,,1,14
SVK,Slovak Republic,1974,Slovak Republic,0.0,0,0,0,,1,15
SVK,Slovak Republic,1975,Slovak Republic,0.0,0,0,0,,1,16
SVK,Slovak Republic,1976,Slovak Republic,0.0,0,0,0,,1,17
SVK,Slovak Republic,1977,Slovak Republic,0.0,0,0,0,,1,18
SVK,Slovak Republic,1978,Slovak Republic,0.0,0,0,0,,1,19
SVK,Slovak Republic,1979,Slovak Republic,0.0,0,0,0,,1,20
SVK,Slovak Republic,1980,Slovak Republic,0.0,0,0,0,,1,21
SVK,Slovak Republic,1981,Slovak Republic,0.0,0,0,0,,1,22
SVK,Slovak Republic,1982,Slovak Republic,0.0,0,0,0,,1,23
SVK,Slovak Republic,1983,Slovak Republic,0.0,0,0,0,,1,24
SVK,Slovak Republic,1984,Slovak Republic,0.0,0,0,0,,1,25
SVK,Slovak Republic,1985,Slovak Republic,0.0,0,0,0,,1,26
SVK,Slovak Republic,1986,Slovak Republic,0.0,0,0,0,,1,27
SVK,Slovak Republic,1987,Slovak Republic,0.0,0,0,0,,1,28
SVK,Slovak Republic,1988,Slovak Republic,0.0,0,0,0,,1,29
SVK,Slovak Republic,1989,Slovak Republic,0.0,0,0,0,,1,30
SVK,Slovak Republic,1990,Slovak Republic,0.0,0,0,0,,1,31
SVK,Slovak Republic,1991,Slovak Republic,0.0,0,0,0,,1,32
SVK,Slovak Republic,1992,Slovak Republic,0.0,0,0,0,,1,33
SVK,Slovak Republic,1993,Slovak Republic,0.0,0,0,0,,1,34
SVK,Slovak Republic,1994,Slovak Republic,0.0,0,0,0,,1,35
SVK,Slovak Republic,1995,Slovak Republic,0.0,0,0,0,,1,36
SVK,Slovak Republic,1996,Slovak Republic,0.0,0,0,0,,1,37
SVK,Slovak Republic,1997,Slovak Republic,0.0,0,0,0,,1,38
SVK,Slovak Republic,1998,Slovak Republic,0.0,0,0,0,,1,39
SVK,Slovak Republic,1999,Slovak Republic,0.0,0,0,0,,1,40
SVK,Slovak Republic,2000,Slovak Republic,0.0,0,0,0,,1,41
SVK,Slovak Republic,2001,Slovak Republic,0.0,0,0,0,,1,42
SVK,Slovak Republic,2002,Slovak Republic,0.0,0,0,0,,1,43
SVK,Slovak Republic,2003,Slovak Republic,0.0,0,0,0,,1,44
SVK,Slovak Republic,2004,Slovak Republic,0.0,0,0,0,,1,45
SVK,Slovak Republic,2005,Slovak Republic,0.0,0,0,0,,1,46
SVK,Slovak Republic,2006,Slovak Republic,0.0,0,0,0,,1,47
SVK,Slovak Republic,2007,Slovak Republic,0.0,0,0,0,,1,48
SVK,Slovak Republic,2008,Slovak Republic,0.0,0,0,0,,1,49
SVK,Slovak Republic,2009,Slovak Republic,0.0,0,0,0,,1,50
SVK,Slovak Republic,2010,Slovak Republic,0.0,0,0,0,,1,51
SVK,Slovak Republic,2011,Slovak Republic,0.0,0,0,0,,1,52
SVK,Slovak Republic,2012,Slovak Republic,0.0,0,0,0,,1,53
SVK,Slovak Republic,2013,Slovak Republic,0.0,0,0,0,,1,54
SVK,Slovak Republic,2014,Slovak Republic,0.0,0,0,0,,1,55
SVK,Slovak Republic,2015,Slovak Republic,0.0,0,0,0,,1,56
SVK,Slovak Republic,2016,Slovak Republic,0.0,0,0,0,,1,57
SVK,Slovak Republic,2017,Slovak Republic,0.0,0,0,0,,1,58
SVK,Slovak Republic,2018,Slovak Republic,0.0,0,0,0,,1,59
SVK,Slovak Republic,2019,Slovak Republic,0.0,0,0,0,,1,60
SVK,Slovak Republic,2020,Slovak Republic,0.0,0,0,0,,1,61
SVK,Slovak Republic,2021,Slovak Republic,0.0,0,0,0,,1,62
SVK,Slovak Republic,2022,Slovak Republic,0.0,0,0,0,,1,63
SVK,Slovak Republic,2023,Slovak Republic,0.0,0,0,0,,1,64
SVK,Slovak Republic,2024,Slovak Republic,0.0,0,0,0,,1,65
SVN,Slovenia,1960,Slovenia,0.0,0,0,0,,1,1
SVN,Slovenia,1961,Slovenia,0.0,0,0,0,,1,2
SVN,Slovenia,1962,Slovenia,0.0,0,0,0,,1,3
SVN,Slovenia,1963,Slovenia,0.0,0,0,0,,1,4
SVN,Slovenia,1964,Slovenia,0.0,0,0,0,,1,5
SVN,Slovenia,1965,Slovenia,0.0,0,0,0,,1,6
SVN,Slovenia,1966,Slovenia,0.0,0,0,0,,1,7
SVN,Slovenia,1967,Slovenia,0.0,0,0,0,,1,8
SVN,Slovenia,1968,Slovenia,0.0,0,0,0,,1,9
SVN,Slovenia,1969,Slovenia,0.0,0,0,0,,1,10
SVN,Slovenia,1970,Slovenia,0.0,0,0,0,,1,11
SVN,Slovenia,1971,Slovenia,0.0,0,0,0,,1,12
SVN,Slovenia,1972,Slovenia,0.0,0,0,0,,1,13
SVN,Slovenia,1973,Slovenia,0.0,0,0,0,,1,14
SVN,Slovenia,1974,Slovenia,0.0,0,0,0,,1,15
SVN,Slovenia,1975,Slovenia,0.0,0,0,0,,1,16
SVN,Slovenia,1976,Slovenia,0.0,0,0,0,,1,17
SVN,Slovenia,1977,Slovenia,0.0,0,0,0,,1,18
SVN,Slovenia,1978,Slovenia,0.0,0,0,0,,1,19
SVN,Slovenia,1979,Slovenia,0.0,0,0,0,,1,20
SVN,Slovenia,1980,Slovenia,0.0,0,0,0,,1,21
SVN,Slovenia,1981,Slovenia,0.0,0,0,0,,1,22
SVN,Slovenia,1982,Slovenia,0.0,0,0,0,,1,23
SVN,Slovenia,1983,Slovenia,0.0,0,0,0,,1,24
SVN,Slovenia,1984,Slovenia,0.0,0,0,0,,1,25
SVN,Slovenia,1985,Slovenia,0.0,0,0,0,,1,26
SVN,Slovenia,1986,Slovenia,0.0,0,0,0,,1,27
SVN,Slovenia,1987,Slovenia,0.0,0,0,0,,1,28
SVN,Slovenia,1988,Slovenia,0.0,0,0,0,,1,29
SVN,Slovenia,1989,Slovenia,0.0,0,0,0,,1,30
SVN,Slovenia,1990,Slovenia,0.0,0,0,0,,1,31
SVN,Slovenia,1991,Slovenia,0.0,0,0,0,,1,32
SVN,Slovenia,1992,Slovenia,928.54,1,0,0,1992.0,0,0
SVN,Slovenia,1993,Slovenia,677.28,1,1,1,1993.0,0,0
SVN,Slovenia,1994,Slovenia,714.43,1,1,1,1994.0,0,0
SVN,Slovenia,1995,Slovenia,764.09,1,1,1,1995.0,0,0
SVN,Slovenia,1996,Slovenia,1681.0,1,1,1,1996.0,0,0
SVN,Slovenia,1997,Slovenia,0.0,0,1,1,1996.0,0,1
SVN,Slovenia,1998,Slovenia,0.0,0,1,1,1996.0,0,2
SVN,Slovenia,1999,Slovenia,0.0,0,1,1,1996.0,0,3
SVN,Slovenia,2000,Slovenia,0.0,0,1,1,1996.0,0,4
SVN,Slovenia,2001,Slovenia,0.0,0,1,1,1996.0,0,5
SVN,Slovenia,2002,Slovenia,633.0,1,0,1,2002.0,0,0
SVN,Slovenia,2003,Slovenia,0.0,0,1,1,2002.0,0,1
SVN,Slovenia,2004,Slovenia,0.0,0,1,1,2002.0,0,2
SVN,Slovenia,2005,Slovenia,0.0,0,1,1,2002.0,0,3
SVN,Slovenia,2006,Slovenia,0.0,0,1,1,2002.0,0,4
SVN,Slovenia,2007,Slovenia,0.0,0,1,1,2002.0,0,5
SVN,Slovenia,2008,Slovenia,0.0,0,0,1,2002.0,0,6
SVN,Slovenia,2009,Slovenia,0.0,0,0,1,2002.0,0,7
SVN,Slovenia,2010,Slovenia,0.0,0,0,1,2002.0,0,8
SVN,Slovenia,2011,Slovenia,0.0,0,0,1,2002.0,0,9
SVN,Slovenia,2012,Slovenia,0.0,0,0,1,2002.0,0,10
SVN,Slovenia,2013,Slovenia,0.0,0,0,0,2002.0,0,11
SVN,Slovenia,2014,Slovenia,0.0,0,0,0,2002.0,0,12
SVN,Slovenia,2015,Slovenia,0.0,0,0,0,2002.0,0,13
SVN,Slovenia,2016,Slovenia,0.0,0,0,0,2002.0,0,14
SVN,Slovenia,2017,Slovenia,0.0,0,0,0,2002.0,0,15
SVN,Slovenia,2018,Slovenia,0.0,0,0,0,2002.0,0,16
SVN,Slovenia,2019,Slovenia,0.0,0,0,0,2002.0,0,17
SVN,Slovenia,2020,Slovenia,0.0,0,0,0,2002.0,0,18
SVN,Slovenia,2021,Slovenia,0.0,0,0,0,2002.0,0,19
SVN,Slovenia,2022,Slovenia,0.0,0,0,0,2002.0,0,20
SVN,Slovenia,2023,Slovenia,0.0,0,0,0,2002.0,0,21
SVN,Slovenia,2024,Slovenia,0.0,0,0,0,2002.0,0,22
SWE,Sweden,1960,,0.0,0,0,0,,1,1
SWE,Sweden,1961,,0.0,0,0,0,,1,2
SWE,Sweden,1962,,0.0,0,0,0,,1,3
SWE,Sweden,1963,,0.0,0,0,0,,1,4
SWE,Sweden,1964,,0.0,0,0,0,,1,5
SWE,Sweden,1965,,0.0,0,0,0,,1,6
SWE,Sweden,1966,,0.0,0,0,0,,1,7
SWE,Sweden,1967,,0.0,0,0,0,,1,8
SWE,Sweden,1968,,0.0,0,0,0,,1,9
SWE,Sweden,1969,,0.0,0,0,0,,1,10
SWE,Sweden,1970,,0.0,0,0,0,,1,11
SWE,Sweden,1971,,0.0,0,0,0,,1,12
SWE,Sweden,1972,,0.0,0,0,0,,1,13
SWE,Sweden,1973,,0.0,0,0,0,,1,14
SWE,Sweden,1974,,0.0,0,0,0,,1,15
SWE,Sweden,1975,,0.0,0,0,0,,1,16
SWE,Sweden,1976,,0.0,0,0,0,,1,17
SWE,Sweden,1977,,0.0,0,0,0,,1,18
SWE,Sweden,1978,,0.0,0,0,0,,1,19
SWE,Sweden,1979,,0.0,0,0,0,,1,20
SWE,Sweden,1980,,0.0,0,0,0,,1,21
SWE,Sweden,1981,,0.0,0,0,0,,1,22
SWE,Sweden,1982,,0.0,0,0,0,,1,23
SWE,Sweden,1983,,0.0,0,0,0,,1,24
SWE,Sweden,1984,,0.0,0,0,0,,1,25
SWE,Sweden,1985,,0.0,0,0,0,,1,26
SWE,Sweden,1986,,0.0,0,0,0,,1,27
SWE,Sweden,1987,,0.0,0,0,0,,1,28
SWE,Sweden,1988,,0.0,0,0,0,,1,29
SWE,Sweden,1989,,0.0,0,0,0,,1,30
SWE,Sweden,1990,,0.0,0,0,0,,1,31
SWE,Sweden,1991,,0.0,0,0,0,,1,32
SWE,Sweden,1992,,0.0,0,0,0,,1,33
SWE,Sweden,1993,,0.0,0,0,0,,1,34
SWE,Sweden,1994,,0.0,0,0,0,,1,35
SWE,Sweden,1995,,0.0,0,0,0,,1,36
SWE,Sweden,1996,,0.0,0,0,0,,1,37
SWE,Sweden,1997,,0.0,0,0,0,,1,38
SWE,Sweden,1998,,0.0,0,0,0,,1,39
SWE,Sweden,1999,,0.0,0,0,0,,1,40
SWE,Sweden,2000,,0.0,0,0,0,,1,41
SWE,Sweden,2001,,0.0,0,0,0,,1,42
SWE,Sweden,2002,,0.0,0,0,0,,1,43
SWE,Sweden,2003,,0.0,0,0,0,,1,44
SWE,Sweden,2004,,0.0,0,0,0,,1,45
SWE,Sweden,2005,,0.0,0,0,0,,1,46
SWE,Sweden,2006,,0.0,0,0,0,,1,47
SWE,Sweden,2007,,0.0,0,0,0,,1,48
SWE,Sweden,2008,,0.0,0,0,0,,1,49
SWE,Sweden,2009,,0.0,0,0,0,,1,50
SWE,Sweden,2010,,0.0,0,0,0,,1,51
SWE,Sweden,2011,,0.0,0,0,0,,1,52
SWE,Sweden,2012,,0.0,0,0,0,,1,53
SWE,Sweden,2013,,0.0,0,0,0,,1,54
SWE,Sweden,2014,,0.0,0,0,0,,1,55
SWE,Sweden,2015,,0.0,0,0,0,,1,56
SWE,Sweden,2016,,0.0,0,0,0,,1,57
SWE,Sweden,2017,,0.0,0,0,0,,1,58
SWE,Sweden,2018,,0.0,0,0,0,,1,59
SWE,Sweden,2019,,0.0,0,0,0,,1,60
SWE,Sweden,2020,,0.0,0,0,0,,1,61
SWE,Sweden,2021,,0.0,0,0,0,,1,62
SWE,Sweden,2022,,0.0,0,0,0,,1,63
SWE,Sweden,2023,,0.0,0,0,0,,1,64
SWE,Sweden,2024,,0.0,0,0,0,,1,65
SWZ,Eswatini,1960,eSwatini (Swaziland),0.0,0,0,0,,1,1
SWZ,Eswatini,1961,eSwatini (Swaziland),0.0,0,0,0,,1,2
SWZ,Eswatini,1962,eSwatini (Swaziland),0.0,0,0,0,,1,3
SWZ,Eswatini,1963,eSwatini (Swaziland),0.0,0,0,0,,1,4
SWZ,Eswatini,1964,eSwatini (Swaziland),0.0,0,0,0,,1,5
SWZ,Eswatini,1965,eSwatini (Swaziland),0.0,0,0,0,,1,6
SWZ,Eswatini,1966,eSwatini (Swaziland),0.0,0,0,0,,1,7
SWZ,Eswatini,1967,eSwatini (Swaziland),0.0,0,0,0,,1,8
SWZ,Eswatini,1968,eSwatini (Swaziland),0.0,0,0,0,,1,9
SWZ,Eswatini,1969,eSwatini (Swaziland),0.0,0,0,0,,1,10
SWZ,Eswatini,1970,eSwatini (Swaziland),0.0,0,0,0,,1,11
SWZ,Eswatini,1971,eSwatini (Swaziland),0.0,0,0,0,,1,12
SWZ,Eswatini,1972,eSwatini (Swaziland),0.0,0,0,0,,1,13
SWZ,Eswatini,1973,eSwatini (Swaziland),0.0,0,0,0,,1,14
SWZ,Eswatini,1974,eSwatini (Swaziland),0.0,0,0,0,,1,15
SWZ,Eswatini,1975,eSwatini (Swaziland),0.0,0,0,0,,1,16
SWZ,Eswatini,1976,eSwatini (Swaziland),0.0,0,0,0,,1,17
SWZ,Eswatini,1977,eSwatini (Swaziland),0.0,0,0,0,,1,18
SWZ,Eswatini,1978,eSwatini (Swaziland),0.01,1,0,0,1978.0,0,0
SWZ,Eswatini,1979,eSwatini (Swaziland),0.0,0,1,1,1978.0,0,1
SWZ,Eswatini,1980,eSwatini (Swaziland),0.0,0,1,1,1978.0,0,2
SWZ,Eswatini,1981,eSwatini (Swaziland),0.0,0,1,1,1978.0,0,3
SWZ,Eswatini,1982,eSwatini (Swaziland),0.0,0,1,1,1978.0,0,4
SWZ,Eswatini,1983,eSwatini (Swaziland),0.0,0,1,1,1978.0,0,5
SWZ,Eswatini,1984,eSwatini (Swaziland),0.0,0,0,1,1978.0,0,6
SWZ,Eswatini,1985,eSwatini (Swaziland),0.0,0,0,1,1978.0,0,7
SWZ,Eswatini,1986,eSwatini (Swaziland),0.07,1,0,1,1986.0,0,0
SWZ,Eswatini,1987,eSwatini (Swaziland),0.01,1,1,1,1987.0,0,0
SWZ,Eswatini,1988,eSwatini (Swaziland),0.13,1,1,1,1988.0,0,0
SWZ,Eswatini,1989,eSwatini (Swaziland),0.04,1,1,1,1989.0,0,0
SWZ,Eswatini,1990,eSwatini (Swaziland),0.2,1,1,1,1990.0,0,0
SWZ,Eswatini,1991,eSwatini (Swaziland),2.07,1,1,1,1991.0,0,0
SWZ,Eswatini,1992,eSwatini (Swaziland),4.19,1,1,1,1992.0,0,0
SWZ,Eswatini,1993,eSwatini (Swaziland),4.65,1,1,1,1993.0,0,0
SWZ,Eswatini,1994,eSwatini (Swaziland),4.33,1,1,1,1994.0,0,0
SWZ,Eswatini,1995,eSwatini (Swaziland),4.29,1,1,1,1995.0,0,0
SWZ,Eswatini,1996,eSwatini (Swaziland),1.24,1,1,1,1996.0,0,0
SWZ,Eswatini,1997,eSwatini (Swaziland),1.13,1,1,1,1997.0,0,0
SWZ,Eswatini,1998,eSwatini (Swaziland),1.19,1,1,1,1998.0,0,0
SWZ,Eswatini,1999,eSwatini (Swaziland),0.34,1,1,1,1999.0,0,0
SWZ,Eswatini,2000,eSwatini (Swaziland),0.22,1,1,1,2000.0,0,0
SWZ,Eswatini,2001,eSwatini (Swaziland),0.25,1,1,1,2001.0,0,0
SWZ,Eswatini,2002,eSwatini (Swaziland),7.69,1,1,1,2002.0,0,0
SWZ,Eswatini,2003,eSwatini (Swaziland),16.48,1,1,1,2003.0,0,0
SWZ,Eswatini,2004,eSwatini (Swaziland),13.54,1,1,1,2004.0,0,0
SWZ,Eswatini,2005,eSwatini (Swaziland),20.9,1,1,1,2005.0,0,0
SWZ,Eswatini,2006,eSwatini (Swaziland),23.66,1,1,1,2006.0,0,0
SWZ,Eswatini,2007,eSwatini (Swaziland),6.52,1,1,1,2007.0,0,0
SWZ,Eswatini,2008,eSwatini (Swaziland),3.67,1,1,1,2008.0,0,0
SWZ,Eswatini,2009,eSwatini (Swaziland),7.36,1,1,1,2009.0,0,0
SWZ,Eswatini,2010,eSwatini (Swaziland),14.73,1,1,1,2010.0,0,0
SWZ,Eswatini,2011,eSwatini (Swaziland),14.88,1,1,1,2011.0,0,0
SWZ,Eswatini,2012,eSwatini (Swaziland),11.0,1,1,1,2012.0,0,0
SWZ,Eswatini,2013,eSwatini (Swaziland),11.13,1,1,1,2013.0,0,0
SWZ,Eswatini,2014,eSwatini (Swaziland),11.68,1,1,1,2014.0,0,0
SWZ,Eswatini,2015,eSwatini (Swaziland),11.53,1,1,1,2015.0,0,0
SWZ,Eswatini,2016,eSwatini (Swaziland),13.08,1,1,1,2016.0,0,0
SWZ,Eswatini,2017,eSwatini (Swaziland),8.69,1,1,1,2017.0,0,0
SWZ,Eswatini,2018,eSwatini (Swaziland),4.77,1,1,1,2018.0,0,0
SWZ,Eswatini,2019,eSwatini (Swaziland),3.07,1,1,1,2019.0,0,0
SWZ,Eswatini,2020,eSwatini (Swaziland),0.09,1,1,1,2020.0,0,0
SWZ,Eswatini,2021,eSwatini (Swaziland),0.0,0,1,1,2020.0,0,1
SWZ,Eswatini,2022,eSwatini (Swaziland),0.4,1,1,1,2022.0,0,0
SWZ,Eswatini,2023,eSwatini (Swaziland),0.4,1,1,1,2023.0,0,0
SWZ,Eswatini,2024,eSwatini (Swaziland),0.4,1,1,1,2024.0,0,0
SXM,Sint Maarten (Dutch part),1960,Sint Maarten,0.0,0,0,0,,1,1
SXM,Sint Maarten (Dutch part),1961,Sint Maarten,0.0,0,0,0,,1,2
SXM,Sint Maarten (Dutch part),1962,Sint Maarten,0.0,0,0,0,,1,3
SXM,Sint Maarten (Dutch part),1963,Sint Maarten,0.0,0,0,0,,1,4
SXM,Sint Maarten (Dutch part),1964,Sint Maarten,0.0,0,0,0,,1,5
SXM,Sint Maarten (Dutch part),1965,Sint Maarten,0.0,0,0,0,,1,6
SXM,Sint Maarten (Dutch part),1966,Sint Maarten,0.0,0,0,0,,1,7
SXM,Sint Maarten (Dutch part),1967,Sint Maarten,0.0,0,0,0,,1,8
SXM,Sint Maarten (Dutch part),1968,Sint Maarten,0.0,0,0,0,,1,9
SXM,Sint Maarten (Dutch part),1969,Sint Maarten,0.0,0,0,0,,1,10
SXM,Sint Maarten (Dutch part),1970,Sint Maarten,0.0,0,0,0,,1,11
SXM,Sint Maarten (Dutch part),1971,Sint Maarten,0.0,0,0,0,,1,12
SXM,Sint Maarten (Dutch part),1972,Sint Maarten,0.0,0,0,0,,1,13
SXM,Sint Maarten (Dutch part),1973,Sint Maarten,0.0,0,0,0,,1,14
SXM,Sint Maarten (Dutch part),1974,Sint Maarten,0.0,0,0,0,,1,15
SXM,Sint Maarten (Dutch part),1975,Sint Maarten,0.0,0,0,0,,1,16
SXM,Sint Maarten (Dutch part),1976,Sint Maarten,0.0,0,0,0,,1,17
SXM,Sint Maarten (Dutch part),1977,Sint Maarten,0.0,0,0,0,,1,18
SXM,Sint Maarten (Dutch part),1978,Sint Maarten,0.0,0,0,0,,1,19
SXM,Sint Maarten (Dutch part),1979,Sint Maarten,0.0,0,0,0,,1,20
SXM,Sint Maarten (Dutch part),1980,Sint Maarten,0.0,0,0,0,,1,21
SXM,Sint Maarten (Dutch part),1981,Sint Maarten,0.0,0,0,0,,1,22
SXM,Sint Maarten (Dutch part),1982,Sint Maarten,0.0,0,0,0,,1,23
SXM,Sint Maarten (Dutch part),1983,Sint Maarten,0.0,0,0,0,,1,24
SXM,Sint Maarten (Dutch part),1984,Sint Maarten,0.0,0,0,0,,1,25
SXM,Sint Maarten (Dutch part),1985,Sint Maarten,0.0,0,0,0,,1,26
SXM,Sint Maarten (Dutch part),1986,Sint Maarten,0.0,0,0,0,,1,27
SXM,Sint Maarten (Dutch part),1987,Sint Maarten,0.0,0,0,0,,1,28
SXM,Sint Maarten (Dutch part),1988,Sint Maarten,0.0,0,0,0,,1,29
SXM,Sint Maarten (Dutch part),1989,Sint Maarten,0.0,0,0,0,,1,30
SXM,Sint Maarten (Dutch part),1990,Sint Maarten,0.0,0,0,0,,1,31
SXM,Sint Maarten (Dutch part),1991,Sint Maarten,0.0,0,0,0,,1,32
SXM,Sint Maarten (Dutch part),1992,Sint Maarten,0.0,0,0,0,,1,33
SXM,Sint Maarten (Dutch part),1993,Sint Maarten,0.0,0,0,0,,1,34
SXM,Sint Maarten (Dutch part),1994,Sint Maarten,0.0,0,0,0,,1,35
SXM,Sint Maarten (Dutch part),1995,Sint Maarten,0.0,0,0,0,,1,36
SXM,Sint Maarten (Dutch part),1996,Sint Maarten,0.0,0,0,0,,1,37
SXM,Sint Maarten (Dutch part),1997,Sint Maarten,0.0,0,0,0,,1,38
SXM,Sint Maarten (Dutch part),1998,Sint Maarten,0.0,0,0,0,,1,39
SXM,Sint Maarten (Dutch part),1999,Sint Maarten,0.0,0,0,0,,1,40
SXM,Sint Maarten (Dutch part),2000,Sint Maarten,0.0,0,0,0,,1,41
SXM,Sint Maarten (Dutch part),2001,Sint Maarten,0.0,0,0,0,,1,42
SXM,Sint Maarten (Dutch part),2002,Sint Maarten,0.0,0,0,0,,1,43
SXM,Sint Maarten (Dutch part),2003,Sint Maarten,0.0,0,0,0,,1,44
SXM,Sint Maarten (Dutch part),2004,Sint Maarten,0.0,0,0,0,,1,45
SXM,Sint Maarten (Dutch part),2005,Sint Maarten,0.0,0,0,0,,1,46
SXM,Sint Maarten (Dutch part),2006,Sint Maarten,0.0,0,0,0,,1,47
SXM,Sint Maarten (Dutch part),2007,Sint Maarten,0.0,0,0,0,,1,48
SXM,Sint Maarten (Dutch part),2008,Sint Maarten,0.0,0,0,0,,1,49
SXM,Sint Maarten (Dutch part),2009,Sint Maarten,0.0,0,0,0,,1,50
SXM,Sint Maarten (Dutch part),2010,Sint Maarten,413.41,1,0,0,2010.0,0,0
SXM,Sint Maarten (Dutch part),2011,Sint Maarten,0.0,0,1,1,2010.0,0,1
SXM,Sint Maarten (Dutch part),2012,Sint Maarten,0.0,0,1,1,2010.0,0,2
SXM,Sint Maarten (Dutch part),2013,Sint Maarten,0.0,0,1,1,2010.0,0,3
SXM,Sint Maarten (Dutch part),2014,Sint Maarten,0.0,0,1,1,2010.0,0,4
SXM,Sint Maarten (Dutch part),2015,Sint Maarten,0.0,0,1,1,2010.0,0,5
SXM,Sint Maarten (Dutch part),2016,Sint Maarten,0.0,0,0,1,2010.0,0,6
SXM,Sint Maarten (Dutch part),2017,Sint Maarten,0.0,0,0,1,2010.0,0,7
SXM,Sint Maarten (Dutch part),2018,Sint Maarten,0.0,0,0,1,2010.0,0,8
SXM,Sint Maarten (Dutch part),2019,Sint Maarten,0.0,0,0,1,2010.0,0,9
SXM,Sint Maarten (Dutch part),2020,Sint Maarten,0.0,0,0,1,2010.0,0,10
SXM,Sint Maarten (Dutch part),2021,Sint Maarten,0.0,0,0,0,2010.0,0,11
SXM,Sint Maarten (Dutch part),2022,Sint Maarten,0.0,0,0,0,2010.0,0,12
SXM,Sint Maarten (Dutch part),2023,Sint Maarten,0.0,0,0,0,2010.0,0,13
SXM,Sint Maarten (Dutch part),2024,Sint Maarten,0.0,0,0,0,2010.0,0,14
SYC,Seychelles,1960,Seychelles,0.0,0,0,0,,1,1
SYC,Seychelles,1961,Seychelles,0.0,0,0,0,,1,2
SYC,Seychelles,1962,Seychelles,0.0,0,0,0,,1,3
SYC,Seychelles,1963,Seychelles,0.0,0,0,0,,1,4
SYC,Seychelles,1964,Seychelles,0.0,0,0,0,,1,5
SYC,Seychelles,1965,Seychelles,0.0,0,0,0,,1,6
SYC,Seychelles,1966,Seychelles,0.0,0,0,0,,1,7
SYC,Seychelles,1967,Seychelles,0.0,0,0,0,,1,8
SYC,Seychelles,1968,Seychelles,0.0,0,0,0,,1,9
SYC,Seychelles,1969,Seychelles,0.0,0,0,0,,1,10
SYC,Seychelles,1970,Seychelles,0.0,0,0,0,,1,11
SYC,Seychelles,1971,Seychelles,0.0,0,0,0,,1,12
SYC,Seychelles,1972,Seychelles,0.0,0,0,0,,1,13
SYC,Seychelles,1973,Seychelles,0.0,0,0,0,,1,14
SYC,Seychelles,1974,Seychelles,0.0,0,0,0,,1,15
SYC,Seychelles,1975,Seychelles,0.0,0,0,0,,1,16
SYC,Seychelles,1976,Seychelles,0.0,0,0,0,,1,17
SYC,Seychelles,1977,Seychelles,0.0,0,0,0,,1,18
SYC,Seychelles,1978,Seychelles,0.0,0,0,0,,1,19
SYC,Seychelles,1979,Seychelles,0.0,0,0,0,,1,20
SYC,Seychelles,1980,Seychelles,0.0,0,0,0,,1,21
SYC,Seychelles,1981,Seychelles,0.0,0,0,0,,1,22
SYC,Seychelles,1982,Seychelles,0.0,0,0,0,,1,23
SYC,Seychelles,1983,Seychelles,0.0,0,0,0,,1,24
SYC,Seychelles,1984,Seychelles,0.8,1,0,0,1984.0,0,0
SYC,Seychelles,1985,Seychelles,0.0,0,1,1,1984.0,0,1
SYC,Seychelles,1986,Seychelles,2.6,1,1,1,1986.0,0,0
SYC,Seychelles,1987,Seychelles,5.4,1,1,1,1987.0,0,0
SYC,Seychelles,1988,Seychelles,7.7,1,1,1,1988.0,0,0
SYC,Seychelles,1989,Seychelles,7.1,1,1,1,1989.0,0,0
SYC,Seychelles,1990,Seychelles,10.5,1,1,1,1990.0,0,0
SYC,Seychelles,1991,Seychelles,16.1,1,1,1,1991.0,0,0
SYC,Seychelles,1992,Seychelles,16.6,1,1,1,1992.0,0,0
SYC,Seychelles,1993,Seychelles,16.7,1,1,1,1993.0,0,0
SYC,Seychelles,1994,Seychelles,20.6,1,1,1,1994.0,0,0
SYC,Seychelles,1995,Seychelles,22.3,1,1,1,1995.0,0,0
SYC,Seychelles,1996,Seychelles,24.5,1,1,1,1996.0,0,0
SYC,Seychelles,1997,Seychelles,29.0,1,1,1,1997.0,0,0
SYC,Seychelles,1998,Seychelles,26.7,1,1,1,1998.0,0,0
SYC,Seychelles,1999,Seychelles,24.5,1,1,1,1999.0,0,0
SYC,Seychelles,2000,Seychelles,61.94,1,1,1,2000.0,0,0
SYC,Seychelles,2001,Seychelles,113.34,1,1,1,2001.0,0,0
SYC,Seychelles,2002,Seychelles,132.4,1,1,1,2002.0,0,0
SYC,Seychelles,2003,Seychelles,131.34,1,1,1,2003.0,0,0
SYC,Seychelles,2004,Seychelles,144.9,1,1,1,2004.0,0,0
SYC,Seychelles,2005,Seychelles,172.6,1,1,1,2005.0,0,0
SYC,Seychelles,2006,Seychelles,155.24,1,1,1,2006.0,0,0
SYC,Seychelles,2007,Seychelles,172.3,1,1,1,2007.0,0,0
SYC,Seychelles,2008,Seychelles,217.6,1,1,1,2008.0,0,0
SYC,Seychelles,2009,Seychelles,483.0,1,1,1,2009.0,0,0
SYC,Seychelles,2010,Seychelles,463.8,1,1,1,2010.0,0,0
SYC,Seychelles,2011,Seychelles,76.4,1,1,1,2011.0,0,0
SYC,Seychelles,2012,Seychelles,37.7,1,1,1,2012.0,0,0
SYC,Seychelles,2013,Seychelles,35.2,1,1,1,2013.0,0,0
SYC,Seychelles,2014,Seychelles,0.0,0,1,1,2013.0,0,1
SYC,Seychelles,2015,Seychelles,30.0,1,1,1,2015.0,0,0
SYC,Seychelles,2016,Seychelles,0.0,0,1,1,2015.0,0,1
SYC,Seychelles,2017,Seychelles,0.0,0,1,1,2015.0,0,2
SYC,Seychelles,2018,Seychelles,6.0,1,1,1,2018.0,0,0
SYC,Seychelles,2019,Seychelles,0.0,0,1,1,2018.0,0,1
SYC,Seychelles,2020,Seychelles,0.0,0,1,1,2018.0,0,2
SYC,Seychelles,2021,Seychelles,0.0,0,1,1,2018.0,0,3
SYC,Seychelles,2022,Seychelles,0.0,0,1,1,2018.0,0,4
SYC,Seychelles,2023,Seychelles,0.0,0,1,1,2018.0,0,5
SYC,Seychelles,2024,Seychelles,0.0,0,0,1,2018.0,0,6
SYR,Syrian Arab Republic,1960,Syria,0.0,0,0,0,,1,1
SYR,Syrian Arab Republic,1961,Syria,0.0,0,0,0,,1,2
SYR,Syrian Arab Republic,1962,Syria,0.0,0,0,0,,1,3
SYR,Syrian Arab Republic,1963,Syria,0.0,0,0,0,,1,4
SYR,Syrian Arab Republic,1964,Syria,0.0,0,0,0,,1,5
SYR,Syrian Arab Republic,1965,Syria,3.6,1,0,0,1965.0,0,0
SYR,Syrian Arab Republic,1966,Syria,0.0,0,1,1,1965.0,0,1
SYR,Syrian Arab Republic,1967,Syria,0.0,0,1,1,1965.0,0,2
SYR,Syrian Arab Republic,1968,Syria,0.0,0,1,1,1965.0,0,3
SYR,Syrian Arab Republic,1969,Syria,0.0,0,1,1,1965.0,0,4
SYR,Syrian Arab Republic,1970,Syria,0.0,0,1,1,1965.0,0,5
SYR,Syrian Arab Republic,1971,Syria,0.0,0,0,1,1965.0,0,6
SYR,Syrian Arab Republic,1972,Syria,0.0,0,0,1,1965.0,0,7
SYR,Syrian Arab Republic,1973,Syria,0.0,0,0,1,1965.0,0,8
SYR,Syrian Arab Republic,1974,Syria,0.0,0,0,1,1965.0,0,9
SYR,Syrian Arab Republic,1975,Syria,0.0,0,0,1,1965.0,0,10
SYR,Syrian Arab Republic,1976,Syria,0.0,0,0,0,1965.0,0,11
SYR,Syrian Arab Republic,1977,Syria,0.0,0,0,0,1965.0,0,12
SYR,Syrian Arab Republic,1978,Syria,0.0,0,0,0,1965.0,0,13
SYR,Syrian Arab Republic,1979,Syria,0.0,0,0,0,1965.0,0,14
SYR,Syrian Arab Republic,1980,Syria,0.0,0,0,0,1965.0,0,15
SYR,Syrian Arab Republic,1981,Syria,0.0,0,0,0,1965.0,0,16
SYR,Syrian Arab Republic,1982,Syria,0.0,0,0,0,1965.0,0,17
SYR,Syrian Arab Republic,1983,Syria,0.0,0,0,0,1965.0,0,18
SYR,Syrian Arab Republic,1984,Syria,0.0,0,0,0,1965.0,0,19
SYR,Syrian Arab Republic,1985,Syria,0.0,0,0,0,1965.0,0,20
SYR,Syrian Arab Republic,1986,Syria,0.0,0,0,0,1965.0,0,21
SYR,Syrian Arab Republic,1987,Syria,65.0,1,0,0,1987.0,0,0
SYR,Syrian Arab Republic,1988,Syria,92.0,1,1,1,1988.0,0,0
SYR,Syrian Arab Republic,1989,Syria,268.0,1,1,1,1989.0,0,0
SYR,Syrian Arab Republic,1990,Syria,313.0,1,1,1,1990.0,0,0
SYR,Syrian Arab Republic,1991,Syria,390.0,1,1,1,1991.0,0,0
SYR,Syrian Arab Republic,1992,Syria,399.0,1,1,1,1992.0,0,0
SYR,Syrian Arab Republic,1993,Syria,432.0,1,1,1,1993.0,0,0
SYR,Syrian Arab Republic,1994,Syria,1408.0,1,1,1,1994.0,0,0
SYR,Syrian Arab Republic,1995,Syria,7790.95,1,1,1,1995.0,0,0
SYR,Syrian Arab Republic,1996,Syria,7875.81,1,1,1,1996.0,0,0
SYR,Syrian Arab Republic,1997,Syria,7875.08,1,1,1,1997.0,0,0
SYR,Syrian Arab Republic,1998,Syria,7926.13,1,1,1,1998.0,0,0
SYR,Syrian Arab Republic,1999,Syria,7862.72,1,1,1,1999.0,0,0
SYR,Syrian Arab Republic,2000,Syria,11665.73,1,1,1,2000.0,0,0
SYR,Syrian Arab Republic,2001,Syria,12099.24,1,1,1,2001.0,0,0
SYR,Syrian Arab Republic,2002,Syria,70.0,1,1,1,2002.0,0,0
SYR,Syrian Arab Republic,2003,Syria,0.0,0,1,1,2002.0,0,1
SYR,Syrian Arab Republic,2004,Syria,2600.0,1,1,1,2004.0,0,0
SYR,Syrian Arab Republic,2005,Syria,13450.0,1,1,1,2005.0,0,0
SYR,Syrian Arab Republic,2006,Syria,0.0,0,1,1,2005.0,0,1
SYR,Syrian Arab Republic,2007,Syria,0.0,0,1,1,2005.0,0,2
SYR,Syrian Arab Republic,2008,Syria,420.23,1,1,1,2008.0,0,0
SYR,Syrian Arab Republic,2009,Syria,470.61,1,1,1,2009.0,0,0
SYR,Syrian Arab Republic,2010,Syria,459.38,1,1,1,2010.0,0,0
SYR,Syrian Arab Republic,2011,Syria,471.65,1,1,1,2011.0,0,0
SYR,Syrian Arab Republic,2012,Syria,1060.04,1,1,1,2012.0,0,0
SYR,Syrian Arab Republic,2013,Syria,1666.66,1,1,1,2013.0,0,0
SYR,Syrian Arab Republic,2014,Syria,2090.13,1,1,1,2014.0,0,0
SYR,Syrian Arab Republic,2015,Syria,2383.21,1,1,1,2015.0,0,0
SYR,Syrian Arab Republic,2016,Syria,2672.37,1,1,1,2016.0,0,0
SYR,Syrian Arab Republic,2017,Syria,2985.86,1,1,1,2017.0,0,0
SYR,Syrian Arab Republic,2018,Syria,3187.6,1,1,1,2018.0,0,0
SYR,Syrian Arab Republic,2019,Syria,3358.97,1,1,1,2019.0,0,0
SYR,Syrian Arab Republic,2020,Syria,3597.94,1,1,1,2020.0,0,0
SYR,Syrian Arab Republic,2021,Syria,3609.33,1,1,1,2021.0,0,0
SYR,Syrian Arab Republic,2022,Syria,3481.58,1,1,1,2022.0,0,0
SYR,Syrian Arab Republic,2023,Syria,4122.0,1,1,1,2023.0,0,0
SYR,Syrian Arab Republic,2024,Syria,4209.0,1,1,1,2024.0,0,0
TCA,Turks and Caicos Islands,1960,,0.0,0,0,0,,1,1
TCA,Turks and Caicos Islands,1961,,0.0,0,0,0,,1,2
TCA,Turks and Caicos Islands,1962,,0.0,0,0,0,,1,3
TCA,Turks and Caicos Islands,1963,,0.0,0,0,0,,1,4
TCA,Turks and Caicos Islands,1964,,0.0,0,0,0,,1,5
TCA,Turks and Caicos Islands,1965,,0.0,0,0,0,,1,6
TCA,Turks and Caicos Islands,1966,,0.0,0,0,0,,1,7
TCA,Turks and Caicos Islands,1967,,0.0,0,0,0,,1,8
TCA,Turks and Caicos Islands,1968,,0.0,0,0,0,,1,9
TCA,Turks and Caicos Islands,1969,,0.0,0,0,0,,1,10
TCA,Turks and Caicos Islands,1970,,0.0,0,0,0,,1,11
TCA,Turks and Caicos Islands,1971,,0.0,0,0,0,,1,12
TCA,Turks and Caicos Islands,1972,,0.0,0,0,0,,1,13
TCA,Turks and Caicos Islands,1973,,0.0,0,0,0,,1,14
TCA,Turks and Caicos Islands,1974,,0.0,0,0,0,,1,15
TCA,Turks and Caicos Islands,1975,,0.0,0,0,0,,1,16
TCA,Turks and Caicos Islands,1976,,0.0,0,0,0,,1,17
TCA,Turks and Caicos Islands,1977,,0.0,0,0,0,,1,18
TCA,Turks and Caicos Islands,1978,,0.0,0,0,0,,1,19
TCA,Turks and Caicos Islands,1979,,0.0,0,0,0,,1,20
TCA,Turks and Caicos Islands,1980,,0.0,0,0,0,,1,21
TCA,Turks and Caicos Islands,1981,,0.0,0,0,0,,1,22
TCA,Turks and Caicos Islands,1982,,0.0,0,0,0,,1,23
TCA,Turks and Caicos Islands,1983,,0.0,0,0,0,,1,24
TCA,Turks and Caicos Islands,1984,,0.0,0,0,0,,1,25
TCA,Turks and Caicos Islands,1985,,0.0,0,0,0,,1,26
TCA,Turks and Caicos Islands,1986,,0.0,0,0,0,,1,27
TCA,Turks and Caicos Islands,1987,,0.0,0,0,0,,1,28
TCA,Turks and Caicos Islands,1988,,0.0,0,0,0,,1,29
TCA,Turks and Caicos Islands,1989,,0.0,0,0,0,,1,30
TCA,Turks and Caicos Islands,1990,,0.0,0,0,0,,1,31
TCA,Turks and Caicos Islands,1991,,0.0,0,0,0,,1,32
TCA,Turks and Caicos Islands,1992,,0.0,0,0,0,,1,33
TCA,Turks and Caicos Islands,1993,,0.0,0,0,0,,1,34
TCA,Turks and Caicos Islands,1994,,0.0,0,0,0,,1,35
TCA,Turks and Caicos Islands,1995,,0.0,0,0,0,,1,36
TCA,Turks and Caicos Islands,1996,,0.0,0,0,0,,1,37
TCA,Turks and Caicos Islands,1997,,0.0,0,0,0,,1,38
TCA,Turks and Caicos Islands,1998,,0.0,0,0,0,,1,39
TCA,Turks and Caicos Islands,1999,,0.0,0,0,0,,1,40
TCA,Turks and Caicos Islands,2000,,0.0,0,0,0,,1,41
TCA,Turks and Caicos Islands,2001,,0.0,0,0,0,,1,42
TCA,Turks and Caicos Islands,2002,,0.0,0,0,0,,1,43
TCA,Turks and Caicos Islands,2003,,0.0,0,0,0,,1,44
TCA,Turks and Caicos Islands,2004,,0.0,0,0,0,,1,45
TCA,Turks and Caicos Islands,2005,,0.0,0,0,0,,1,46
TCA,Turks and Caicos Islands,2006,,0.0,0,0,0,,1,47
TCA,Turks and Caicos Islands,2007,,0.0,0,0,0,,1,48
TCA,Turks and Caicos Islands,2008,,0.0,0,0,0,,1,49
TCA,Turks and Caicos Islands,2009,,0.0,0,0,0,,1,50
TCA,Turks and Caicos Islands,2010,,0.0,0,0,0,,1,51
TCA,Turks and Caicos Islands,2011,,0.0,0,0,0,,1,52
TCA,Turks and Caicos Islands,2012,,0.0,0,0,0,,1,53
TCA,Turks and Caicos Islands,2013,,0.0,0,0,0,,1,54
TCA,Turks and Caicos Islands,2014,,0.0,0,0,0,,1,55
TCA,Turks and Caicos Islands,2015,,0.0,0,0,0,,1,56
TCA,Turks and Caicos Islands,2016,,0.0,0,0,0,,1,57
TCA,Turks and Caicos Islands,2017,,0.0,0,0,0,,1,58
TCA,Turks and Caicos Islands,2018,,0.0,0,0,0,,1,59
TCA,Turks and Caicos Islands,2019,,0.0,0,0,0,,1,60
TCA,Turks and Caicos Islands,2020,,0.0,0,0,0,,1,61
TCA,Turks and Caicos Islands,2021,,0.0,0,0,0,,1,62
TCA,Turks and Caicos Islands,2022,,0.0,0,0,0,,1,63
TCA,Turks and Caicos Islands,2023,,0.0,0,0,0,,1,64
TCA,Turks and Caicos Islands,2024,,0.0,0,0,0,,1,65
TCD,Chad,1960,Chad,0.0,0,0,0,,1,1
TCD,Chad,1961,Chad,0.0,0,0,0,,1,2
TCD,Chad,1962,Chad,0.0,0,0,0,,1,3
TCD,Chad,1963,Chad,0.0,0,0,0,,1,4
TCD,Chad,1964,Chad,0.0,0,0,0,,1,5
TCD,Chad,1965,Chad,0.0,0,0,0,,1,6
TCD,Chad,1966,Chad,0.0,0,0,0,,1,7
TCD,Chad,1967,Chad,0.0,0,0,0,,1,8
TCD,Chad,1968,Chad,0.0,0,0,0,,1,9
TCD,Chad,1969,Chad,0.0,0,0,0,,1,10
TCD,Chad,1970,Chad,1.84,1,0,0,1970.0,0,0
TCD,Chad,1971,Chad,2.14,1,1,1,1971.0,0,0
TCD,Chad,1972,Chad,3.26,1,1,1,1972.0,0,0
TCD,Chad,1973,Chad,5.64,1,1,1,1973.0,0,0
TCD,Chad,1974,Chad,7.53,1,1,1,1974.0,0,0
TCD,Chad,1975,Chad,9.33,1,1,1,1975.0,0,0
TCD,Chad,1976,Chad,12.04,1,1,1,1976.0,0,0
TCD,Chad,1977,Chad,15.68,1,1,1,1977.0,0,0
TCD,Chad,1978,Chad,22.53,1,1,1,1978.0,0,0
TCD,Chad,1979,Chad,32.28,1,1,1,1979.0,0,0
TCD,Chad,1980,Chad,37.69,1,1,1,1980.0,0,0
TCD,Chad,1981,Chad,35.87,1,1,1,1981.0,0,0
TCD,Chad,1982,Chad,29.91,1,1,1,1982.0,0,0
TCD,Chad,1983,Chad,30.45,1,1,1,1983.0,0,0
TCD,Chad,1984,Chad,42.77,1,1,1,1984.0,0,0
TCD,Chad,1985,Chad,59.65,1,1,1,1985.0,0,0
TCD,Chad,1986,Chad,74.89,1,1,1,1986.0,0,0
TCD,Chad,1987,Chad,93.92,1,1,1,1987.0,0,0
TCD,Chad,1988,Chad,86.27,1,1,1,1988.0,0,0
TCD,Chad,1989,Chad,113.43,1,1,1,1989.0,0,0
TCD,Chad,1990,Chad,39.26,1,1,1,1990.0,0,0
TCD,Chad,1991,Chad,30.53,1,1,1,1991.0,0,0
TCD,Chad,1992,Chad,39.4,1,1,1,1992.0,0,0
TCD,Chad,1993,Chad,43.52,1,1,1,1993.0,0,0
TCD,Chad,1994,Chad,52.05,1,1,1,1994.0,0,0
TCD,Chad,1995,Chad,115.14,1,1,1,1995.0,0,0
TCD,Chad,1996,Chad,60.28,1,1,1,1996.0,0,0
TCD,Chad,1997,Chad,49.12,1,1,1,1997.0,0,0
TCD,Chad,1998,Chad,54.52,1,1,1,1998.0,0,0
TCD,Chad,1999,Chad,55.11,1,1,1,1999.0,0,0
TCD,Chad,2000,Chad,62.43,1,1,1,2000.0,0,0
TCD,Chad,2001,Chad,78.35,1,1,1,2001.0,0,0
TCD,Chad,2002,Chad,75.28,1,1,1,2002.0,0,0
TCD,Chad,2003,Chad,73.09,1,1,1,2003.0,0,0
TCD,Chad,2004,Chad,46.56,1,1,1,2004.0,0,0
TCD,Chad,2005,Chad,49.78,1,1,1,2005.0,0,0
TCD,Chad,2006,Chad,53.78,1,1,1,2006.0,0,0
TCD,Chad,2007,Chad,31.94,1,1,1,2007.0,0,0
TCD,Chad,2008,Chad,35.27,1,1,1,2008.0,0,0
TCD,Chad,2009,Chad,37.21,1,1,1,2009.0,0,0
TCD,Chad,2010,Chad,51.11,1,1,1,2010.0,0,0
TCD,Chad,2011,Chad,48.91,1,1,1,2011.0,0,0
TCD,Chad,2012,Chad,39.66,1,1,1,2012.0,0,0
TCD,Chad,2013,Chad,39.62,1,1,1,2013.0,0,0
TCD,Chad,2014,Chad,1519.98,1,1,1,2014.0,0,0
TCD,Chad,2015,Chad,2544.74,1,1,1,2015.0,0,0
TCD,Chad,2016,Chad,96.72,1,1,1,2016.0,0,0
TCD,Chad,2017,Chad,141.91,1,1,1,2017.0,0,0
TCD,Chad,2018,Chad,1560.4,1,1,1,2018.0,0,0
TCD,Chad,2019,Chad,154.4,1,1,1,2019.0,0,0
TCD,Chad,2020,Chad,146.4,1,1,1,2020.0,0,0
TCD,Chad,2021,Chad,1273.0,1,1,1,2021.0,0,0
TCD,Chad,2022,Chad,1436.0,1,1,1,2022.0,0,0
TCD,Chad,2023,Chad,889.0,1,1,1,2023.0,0,0
TCD,Chad,2024,Chad,52.0,1,1,1,2024.0,0,0
TGO,Togo,1960,Togo,0.0,0,0,0,,1,1
TGO,Togo,1961,Togo,0.0,0,0,0,,1,2
TGO,Togo,1962,Togo,0.0,0,0,0,,1,3
TGO,Togo,1963,Togo,0.0,0,0,0,,1,4
TGO,Togo,1964,Togo,0.0,0,0,0,,1,5
TGO,Togo,1965,Togo,0.0,0,0,0,,1,6
TGO,Togo,1966,Togo,0.0,0,0,0,,1,7
TGO,Togo,1967,Togo,0.0,0,0,0,,1,8
TGO,Togo,1968,Togo,0.0,0,0,0,,1,9
TGO,Togo,1969,Togo,0.0,0,0,0,,1,10
TGO,Togo,1970,Togo,0.15,1,0,0,1970.0,0,0
TGO,Togo,1971,Togo,2.24,1,1,1,1971.0,0,0
TGO,Togo,1972,Togo,1.88,1,1,1,1972.0,0,0
TGO,Togo,1973,Togo,2.29,1,1,1,1973.0,0,0
TGO,Togo,1974,Togo,0.79,1,1,1,1974.0,0,0
TGO,Togo,1975,Togo,0.64,1,1,1,1975.0,0,0
TGO,Togo,1976,Togo,5.11,1,1,1,1976.0,0,0
TGO,Togo,1977,Togo,9.47,1,1,1,1977.0,0,0
TGO,Togo,1978,Togo,44.64,1,1,1,1978.0,0,0
TGO,Togo,1979,Togo,333.34,1,1,1,1979.0,0,0
TGO,Togo,1980,Togo,117.74,1,1,1,1980.0,0,0
TGO,Togo,1981,Togo,343.04,1,1,1,1981.0,0,0
TGO,Togo,1982,Togo,196.68,1,1,1,1982.0,0,0
TGO,Togo,1983,Togo,338.23,1,1,1,1983.0,0,0
TGO,Togo,1984,Togo,70.0,1,1,1,1984.0,0,0
TGO,Togo,1985,Togo,30.27,1,1,1,1985.0,0,0
TGO,Togo,1986,Togo,10.78,1,1,1,1986.0,0,0
TGO,Togo,1987,Togo,118.49,1,1,1,1987.0,0,0
TGO,Togo,1988,Togo,208.68,1,1,1,1988.0,0,0
TGO,Togo,1989,Togo,298.96,1,1,1,1989.0,0,0
TGO,Togo,1990,Togo,191.91,1,1,1,1990.0,0,0
TGO,Togo,1991,Togo,49.73,1,1,1,1991.0,0,0
TGO,Togo,1992,Togo,145.49,1,1,1,1992.0,0,0
TGO,Togo,1993,Togo,119.43,1,1,1,1993.0,0,0
TGO,Togo,1994,Togo,197.0,1,1,1,1994.0,0,0
TGO,Togo,1995,Togo,561.95,1,1,1,1995.0,0,0
TGO,Togo,1996,Togo,120.83,1,1,1,1996.0,0,0
TGO,Togo,1997,Togo,147.97,1,1,1,1997.0,0,0
TGO,Togo,1998,Togo,52.53,1,1,1,1998.0,0,0
TGO,Togo,1999,Togo,69.53,1,1,1,1999.0,0,0
TGO,Togo,2000,Togo,126.8,1,1,1,2000.0,0,0
TGO,Togo,2001,Togo,157.81,1,1,1,2001.0,0,0
TGO,Togo,2002,Togo,260.85,1,1,1,2002.0,0,0
TGO,Togo,2003,Togo,379.01,1,1,1,2003.0,0,0
TGO,Togo,2004,Togo,527.51,1,1,1,2004.0,0,0
TGO,Togo,2005,Togo,540.36,1,1,1,2005.0,0,0
TGO,Togo,2006,Togo,658.67,1,1,1,2006.0,0,0
TGO,Togo,2007,Togo,775.41,1,1,1,2007.0,0,0
TGO,Togo,2008,Togo,775.6,1,1,1,2008.0,0,0
TGO,Togo,2009,Togo,136.29,1,1,1,2009.0,0,0
TGO,Togo,2010,Togo,615.06,1,1,1,2010.0,0,0
TGO,Togo,2011,Togo,742.81,1,1,1,2011.0,0,0
TGO,Togo,2012,Togo,41.03,1,1,1,2012.0,0,0
TGO,Togo,2013,Togo,9.37,1,1,1,2013.0,0,0
TGO,Togo,2014,Togo,6.28,1,1,1,2014.0,0,0
TGO,Togo,2015,Togo,5.32,1,1,1,2015.0,0,0
TGO,Togo,2016,Togo,1.02,1,1,1,2016.0,0,0
TGO,Togo,2017,Togo,0.03,1,1,1,2017.0,0,0
TGO,Togo,2018,Togo,0.0,0,1,1,2017.0,0,1
TGO,Togo,2019,Togo,0.0,0,1,1,2017.0,0,2
TGO,Togo,2020,Togo,21.68,1,1,1,2020.0,0,0
TGO,Togo,2021,Togo,20.09,1,1,1,2021.0,0,0
TGO,Togo,2022,Togo,1.86,1,1,1,2022.0,0,0
TGO,Togo,2023,Togo,2.0,1,1,1,2023.0,0,0
TGO,Togo,2024,Togo,2.0,1,1,1,2024.0,0,0
THA,Thailand,1960,Thailand,0.0,0,0,0,,1,1
THA,Thailand,1961,Thailand,0.0,0,0,0,,1,2
THA,Thailand,1962,Thailand,0.0,0,0,0,,1,3
THA,Thailand,1963,Thailand,0.0,0,0,0,,1,4
THA,Thailand,1964,Thailand,0.0,0,0,0,,1,5
THA,Thailand,1965,Thailand,0.0,0,0,0,,1,6
THA,Thailand,1966,Thailand,0.0,0,0,0,,1,7
THA,Thailand,1967,Thailand,0.0,0,0,0,,1,8
THA,Thailand,1968,Thailand,0.0,0,0,0,,1,9
THA,Thailand,1969,Thailand,0.0,0,0,0,,1,10
THA,Thailand,1970,Thailand,0.0,0,0,0,,1,11
THA,Thailand,1971,Thailand,0.0,0,0,0,,1,12
THA,Thailand,1972,Thailand,0.0,0,0,0,,1,13
THA,Thailand,1973,Thailand,0.0,0,0,0,,1,14
THA,Thailand,1974,Thailand,0.0,0,0,0,,1,15
THA,Thailand,1975,Thailand,0.0,0,0,0,,1,16
THA,Thailand,1976,Thailand,0.0,0,0,0,,1,17
THA,Thailand,1977,Thailand,0.0,0,0,0,,1,18
THA,Thailand,1978,Thailand,0.0,0,0,0,,1,19
THA,Thailand,1979,Thailand,0.0,0,0,0,,1,20
THA,Thailand,1980,Thailand,0.0,0,0,0,,1,21
THA,Thailand,1981,Thailand,0.0,0,0,0,,1,22
THA,Thailand,1982,Thailand,0.0,0,0,0,,1,23
THA,Thailand,1983,Thailand,0.0,0,0,0,,1,24
THA,Thailand,1984,Thailand,0.0,0,0,0,,1,25
THA,Thailand,1985,Thailand,0.0,0,0,0,,1,26
THA,Thailand,1986,Thailand,0.0,0,0,0,,1,27
THA,Thailand,1987,Thailand,0.0,0,0,0,,1,28
THA,Thailand,1988,Thailand,0.0,0,0,0,,1,29
THA,Thailand,1989,Thailand,0.0,0,0,0,,1,30
THA,Thailand,1990,Thailand,0.0,0,0,0,,1,31
THA,Thailand,1991,Thailand,6.8,1,0,0,1991.0,0,0
THA,Thailand,1992,Thailand,0.0,0,1,1,1991.0,0,1
THA,Thailand,1993,Thailand,0.0,0,1,1,1991.0,0,2
THA,Thailand,1994,Thailand,0.0,0,1,1,1991.0,0,3
THA,Thailand,1995,Thailand,0.0,0,1,1,1991.0,0,4
THA,Thailand,1996,Thailand,0.0,0,1,1,1991.0,0,5
THA,Thailand,1997,Thailand,0.0,0,0,1,1991.0,0,6
THA,Thailand,1998,Thailand,5.69,1,0,1,1998.0,0,0
THA,Thailand,1999,Thailand,0.0,0,1,1,1998.0,0,1
THA,Thailand,2000,Thailand,0.0,0,1,1,1998.0,0,2
THA,Thailand,2001,Thailand,0.0,0,1,1,1998.0,0,3
THA,Thailand,2002,Thailand,0.0,0,1,1,1998.0,0,4
THA,Thailand,2003,Thailand,0.0,0,1,1,1998.0,0,5
THA,Thailand,2004,Thailand,0.0,0,0,1,1998.0,0,6
THA,Thailand,2005,Thailand,0.0,0,0,1,1998.0,0,7
THA,Thailand,2006,Thailand,0.01,1,0,1,2006.0,0,0
THA,Thailand,2007,Thailand,0.0,0,1,1,2006.0,0,1
THA,Thailand,2008,Thailand,4.39,1,1,1,2008.0,0,0
THA,Thailand,2009,Thailand,8.3,1,1,1,2009.0,0,0
THA,Thailand,2010,Thailand,2.16,1,1,1,2010.0,0,0
THA,Thailand,2011,Thailand,4.65,1,1,1,2011.0,0,0
THA,Thailand,2012,Thailand,1.91,1,1,1,2012.0,0,0
THA,Thailand,2013,Thailand,0.0,0,1,1,2012.0,0,1
THA,Thailand,2014,Thailand,0.0,0,1,1,2012.0,0,2
THA,Thailand,2015,Thailand,0.0,0,1,1,2012.0,0,3
THA,Thailand,2016,Thailand,0.0,0,1,1,2012.0,0,4
THA,Thailand,2017,Thailand,0.0,0,1,1,2012.0,0,5
THA,Thailand,2018,Thailand,0.0,0,0,1,2012.0,0,6
THA,Thailand,2019,Thailand,0.0,0,0,1,2012.0,0,7
THA,Thailand,2020,Thailand,0.0,0,0,1,2012.0,0,8
THA,Thailand,2021,Thailand,0.0,0,0,1,2012.0,0,9
THA,Thailand,2022,Thailand,0.0,0,0,1,2012.0,0,10
THA,Thailand,2023,Thailand,0.0,0,0,0,2012.0,0,11
THA,Thailand,2024,Thailand,0.0,0,0,0,2012.0,0,12
TJK,Tajikistan,1960,Tajikistan,0.0,0,0,0,,1,1
TJK,Tajikistan,1961,Tajikistan,0.0,0,0,0,,1,2
TJK,Tajikistan,1962,Tajikistan,0.0,0,0,0,,1,3
TJK,Tajikistan,1963,Tajikistan,0.0,0,0,0,,1,4
TJK,Tajikistan,1964,Tajikistan,0.0,0,0,0,,1,5
TJK,Tajikistan,1965,Tajikistan,0.0,0,0,0,,1,6
TJK,Tajikistan,1966,Tajikistan,0.0,0,0,0,,1,7
TJK,Tajikistan,1967,Tajikistan,0.0,0,0,0,,1,8
TJK,Tajikistan,1968,Tajikistan,0.0,0,0,0,,1,9
TJK,Tajikistan,1969,Tajikistan,0.0,0,0,0,,1,10
TJK,Tajikistan,1970,Tajikistan,0.0,0,0,0,,1,11
TJK,Tajikistan,1971,Tajikistan,0.0,0,0,0,,1,12
TJK,Tajikistan,1972,Tajikistan,0.0,0,0,0,,1,13
TJK,Tajikistan,1973,Tajikistan,0.0,0,0,0,,1,14
TJK,Tajikistan,1974,Tajikistan,0.0,0,0,0,,1,15
TJK,Tajikistan,1975,Tajikistan,0.0,0,0,0,,1,16
TJK,Tajikistan,1976,Tajikistan,0.0,0,0,0,,1,17
TJK,Tajikistan,1977,Tajikistan,0.0,0,0,0,,1,18
TJK,Tajikistan,1978,Tajikistan,0.0,0,0,0,,1,19
TJK,Tajikistan,1979,Tajikistan,0.0,0,0,0,,1,20
TJK,Tajikistan,1980,Tajikistan,0.0,0,0,0,,1,21
TJK,Tajikistan,1981,Tajikistan,0.0,0,0,0,,1,22
TJK,Tajikistan,1982,Tajikistan,0.0,0,0,0,,1,23
TJK,Tajikistan,1983,Tajikistan,0.0,0,0,0,,1,24
TJK,Tajikistan,1984,Tajikistan,0.0,0,0,0,,1,25
TJK,Tajikistan,1985,Tajikistan,0.0,0,0,0,,1,26
TJK,Tajikistan,1986,Tajikistan,0.0,0,0,0,,1,27
TJK,Tajikistan,1987,Tajikistan,0.0,0,0,0,,1,28
TJK,Tajikistan,1988,Tajikistan,0.0,0,0,0,,1,29
TJK,Tajikistan,1989,Tajikistan,0.0,0,0,0,,1,30
TJK,Tajikistan,1990,Tajikistan,0.0,0,0,0,,1,31
TJK,Tajikistan,1991,Tajikistan,0.0,0,0,0,,1,32
TJK,Tajikistan,1992,Tajikistan,0.0,0,0,0,,1,33
TJK,Tajikistan,1993,Tajikistan,0.31,1,0,0,1993.0,0,0
TJK,Tajikistan,1994,Tajikistan,78.56,1,1,1,1994.0,0,0
TJK,Tajikistan,1995,Tajikistan,185.08,1,1,1,1995.0,0,0
TJK,Tajikistan,1996,Tajikistan,601.02,1,1,1,1996.0,0,0
TJK,Tajikistan,1997,Tajikistan,154.53,1,1,1,1997.0,0,0
TJK,Tajikistan,1998,Tajikistan,306.86,1,1,1,1998.0,0,0
TJK,Tajikistan,1999,Tajikistan,136.89,1,1,1,1999.0,0,0
TJK,Tajikistan,2000,Tajikistan,166.33,1,1,1,2000.0,0,0
TJK,Tajikistan,2001,Tajikistan,189.24,1,1,1,2001.0,0,0
TJK,Tajikistan,2002,Tajikistan,96.24,1,1,1,2002.0,0,0
TJK,Tajikistan,2003,Tajikistan,108.63,1,1,1,2003.0,0,0
TJK,Tajikistan,2004,Tajikistan,106.98,1,1,1,2004.0,0,0
TJK,Tajikistan,2005,Tajikistan,106.17,1,1,1,2005.0,0,0
TJK,Tajikistan,2006,Tajikistan,102.91,1,1,1,2006.0,0,0
TJK,Tajikistan,2007,Tajikistan,0.0,0,1,1,2006.0,0,1
TJK,Tajikistan,2008,Tajikistan,0.0,0,1,1,2006.0,0,2
TJK,Tajikistan,2009,Tajikistan,0.0,0,1,1,2006.0,0,3
TJK,Tajikistan,2010,Tajikistan,363.79,1,1,1,2010.0,0,0
TJK,Tajikistan,2011,Tajikistan,299.32,1,1,1,2011.0,0,0
TJK,Tajikistan,2012,Tajikistan,18.39,1,1,1,2012.0,0,0
TJK,Tajikistan,2013,Tajikistan,0.79,1,1,1,2013.0,0,0
TJK,Tajikistan,2014,Tajikistan,0.59,1,1,1,2014.0,0,0
TJK,Tajikistan,2015,Tajikistan,0.12,1,1,1,2015.0,0,0
TJK,Tajikistan,2016,Tajikistan,0.12,1,1,1,2016.0,0,0
TJK,Tajikistan,2017,Tajikistan,0.75,1,1,1,2017.0,0,0
TJK,Tajikistan,2018,Tajikistan,0.1,1,1,1,2018.0,0,0
TJK,Tajikistan,2019,Tajikistan,0.0,0,1,1,2018.0,0,1
TJK,Tajikistan,2020,Tajikistan,42.27,1,1,1,2020.0,0,0
TJK,Tajikistan,2021,Tajikistan,40.0,1,1,1,2021.0,0,0
TJK,Tajikistan,2022,Tajikistan,0.0,0,1,1,2021.0,0,1
TJK,Tajikistan,2023,Tajikistan,0.0,0,1,1,2021.0,0,2
TJK,Tajikistan,2024,Tajikistan,0.0,0,1,1,2021.0,0,3
TKM,Turkmenistan,1960,Turkmenistan,0.0,0,0,0,,1,1
TKM,Turkmenistan,1961,Turkmenistan,0.0,0,0,0,,1,2
TKM,Turkmenistan,1962,Turkmenistan,0.0,0,0,0,,1,3
TKM,Turkmenistan,1963,Turkmenistan,0.0,0,0,0,,1,4
TKM,Turkmenistan,1964,Turkmenistan,0.0,0,0,0,,1,5
TKM,Turkmenistan,1965,Turkmenistan,0.0,0,0,0,,1,6
TKM,Turkmenistan,1966,Turkmenistan,0.0,0,0,0,,1,7
TKM,Turkmenistan,1967,Turkmenistan,0.0,0,0,0,,1,8
TKM,Turkmenistan,1968,Turkmenistan,0.0,0,0,0,,1,9
TKM,Turkmenistan,1969,Turkmenistan,0.0,0,0,0,,1,10
TKM,Turkmenistan,1970,Turkmenistan,0.0,0,0,0,,1,11
TKM,Turkmenistan,1971,Turkmenistan,0.0,0,0,0,,1,12
TKM,Turkmenistan,1972,Turkmenistan,0.0,0,0,0,,1,13
TKM,Turkmenistan,1973,Turkmenistan,0.0,0,0,0,,1,14
TKM,Turkmenistan,1974,Turkmenistan,0.0,0,0,0,,1,15
TKM,Turkmenistan,1975,Turkmenistan,0.0,0,0,0,,1,16
TKM,Turkmenistan,1976,Turkmenistan,0.0,0,0,0,,1,17
TKM,Turkmenistan,1977,Turkmenistan,0.0,0,0,0,,1,18
TKM,Turkmenistan,1978,Turkmenistan,0.0,0,0,0,,1,19
TKM,Turkmenistan,1979,Turkmenistan,0.0,0,0,0,,1,20
TKM,Turkmenistan,1980,Turkmenistan,0.0,0,0,0,,1,21
TKM,Turkmenistan,1981,Turkmenistan,0.0,0,0,0,,1,22
TKM,Turkmenistan,1982,Turkmenistan,0.0,0,0,0,,1,23
TKM,Turkmenistan,1983,Turkmenistan,0.0,0,0,0,,1,24
TKM,Turkmenistan,1984,Turkmenistan,0.0,0,0,0,,1,25
TKM,Turkmenistan,1985,Turkmenistan,0.0,0,0,0,,1,26
TKM,Turkmenistan,1986,Turkmenistan,0.0,0,0,0,,1,27
TKM,Turkmenistan,1987,Turkmenistan,0.0,0,0,0,,1,28
TKM,Turkmenistan,1988,Turkmenistan,0.0,0,0,0,,1,29
TKM,Turkmenistan,1989,Turkmenistan,0.0,0,0,0,,1,30
TKM,Turkmenistan,1990,Turkmenistan,0.0,0,0,0,,1,31
TKM,Turkmenistan,1991,Turkmenistan,0.0,0,0,0,,1,32
TKM,Turkmenistan,1992,Turkmenistan,0.0,0,0,0,,1,33
TKM,Turkmenistan,1993,Turkmenistan,0.0,0,0,0,,1,34
TKM,Turkmenistan,1994,Turkmenistan,38.4,1,0,0,1994.0,0,0
TKM,Turkmenistan,1995,Turkmenistan,139.64,1,1,1,1995.0,0,0
TKM,Turkmenistan,1996,Turkmenistan,64.61,1,1,1,1996.0,0,0
TKM,Turkmenistan,1997,Turkmenistan,68.38,1,1,1,1997.0,0,0
TKM,Turkmenistan,1998,Turkmenistan,89.49,1,1,1,1998.0,0,0
TKM,Turkmenistan,1999,Turkmenistan,90.29,1,1,1,1999.0,0,0
TKM,Turkmenistan,2000,Turkmenistan,200.83,1,1,1,2000.0,0,0
TKM,Turkmenistan,2001,Turkmenistan,123.8,1,1,1,2001.0,0,0
TKM,Turkmenistan,2002,Turkmenistan,56.31,1,1,1,2002.0,0,0
TKM,Turkmenistan,2003,Turkmenistan,25.95,1,1,1,2003.0,0,0
TKM,Turkmenistan,2004,Turkmenistan,29.09,1,1,1,2004.0,0,0
TKM,Turkmenistan,2005,Turkmenistan,22.38,1,1,1,2005.0,0,0
TKM,Turkmenistan,2006,Turkmenistan,5.06,1,1,1,2006.0,0,0
TKM,Turkmenistan,2007,Turkmenistan,5.14,1,1,1,2007.0,0,0
TKM,Turkmenistan,2008,Turkmenistan,1.42,1,1,1,2008.0,0,0
TKM,Turkmenistan,2009,Turkmenistan,1.42,1,1,1,2009.0,0,0
TKM,Turkmenistan,2010,Turkmenistan,0.94,1,1,1,2010.0,0,0
TKM,Turkmenistan,2011,Turkmenistan,0.0,0,1,1,2010.0,0,1
TKM,Turkmenistan,2012,Turkmenistan,0.01,1,1,1,2012.0,0,0
TKM,Turkmenistan,2013,Turkmenistan,0.0,0,1,1,2012.0,0,1
TKM,Turkmenistan,2014,Turkmenistan,0.0,0,1,1,2012.0,0,2
TKM,Turkmenistan,2015,Turkmenistan,0.0,0,1,1,2012.0,0,3
TKM,Turkmenistan,2016,Turkmenistan,0.0,0,1,1,2012.0,0,4
TKM,Turkmenistan,2017,Turkmenistan,0.0,0,1,1,2012.0,0,5
TKM,Turkmenistan,2018,Turkmenistan,0.0,0,0,1,2012.0,0,6
TKM,Turkmenistan,2019,Turkmenistan,0.0,0,0,1,2012.0,0,7
TKM,Turkmenistan,2020,Turkmenistan,0.0,0,0,1,2012.0,0,8
TKM,Turkmenistan,2021,Turkmenistan,0.0,0,0,1,2012.0,0,9
TKM,Turkmenistan,2022,Turkmenistan,0.0,0,0,1,2012.0,0,10
TKM,Turkmenistan,2023,Turkmenistan,0.0,0,0,0,2012.0,0,11
TKM,Turkmenistan,2024,Turkmenistan,0.0,0,0,0,2012.0,0,12
TLS,Timor-Leste,1960,,0.0,0,0,0,,1,1
TLS,Timor-Leste,1961,,0.0,0,0,0,,1,2
TLS,Timor-Leste,1962,,0.0,0,0,0,,1,3
TLS,Timor-Leste,1963,,0.0,0,0,0,,1,4
TLS,Timor-Leste,1964,,0.0,0,0,0,,1,5
TLS,Timor-Leste,1965,,0.0,0,0,0,,1,6
TLS,Timor-Leste,1966,,0.0,0,0,0,,1,7
TLS,Timor-Leste,1967,,0.0,0,0,0,,1,8
TLS,Timor-Leste,1968,,0.0,0,0,0,,1,9
TLS,Timor-Leste,1969,,0.0,0,0,0,,1,10
TLS,Timor-Leste,1970,,0.0,0,0,0,,1,11
TLS,Timor-Leste,1971,,0.0,0,0,0,,1,12
TLS,Timor-Leste,1972,,0.0,0,0,0,,1,13
TLS,Timor-Leste,1973,,0.0,0,0,0,,1,14
TLS,Timor-Leste,1974,,0.0,0,0,0,,1,15
TLS,Timor-Leste,1975,,0.0,0,0,0,,1,16
TLS,Timor-Leste,1976,,0.0,0,0,0,,1,17
TLS,Timor-Leste,1977,,0.0,0,0,0,,1,18
TLS,Timor-Leste,1978,,0.0,0,0,0,,1,19
TLS,Timor-Leste,1979,,0.0,0,0,0,,1,20
TLS,Timor-Leste,1980,,0.0,0,0,0,,1,21
TLS,Timor-Leste,1981,,0.0,0,0,0,,1,22
TLS,Timor-Leste,1982,,0.0,0,0,0,,1,23
TLS,Timor-Leste,1983,,0.0,0,0,0,,1,24
TLS,Timor-Leste,1984,,0.0,0,0,0,,1,25
TLS,Timor-Leste,1985,,0.0,0,0,0,,1,26
TLS,Timor-Leste,1986,,0.0,0,0,0,,1,27
TLS,Timor-Leste,1987,,0.0,0,0,0,,1,28
TLS,Timor-Leste,1988,,0.0,0,0,0,,1,29
TLS,Timor-Leste,1989,,0.0,0,0,0,,1,30
TLS,Timor-Leste,1990,,0.0,0,0,0,,1,31
TLS,Timor-Leste,1991,,0.0,0,0,0,,1,32
TLS,Timor-Leste,1992,,0.0,0,0,0,,1,33
TLS,Timor-Leste,1993,,0.0,0,0,0,,1,34
TLS,Timor-Leste,1994,,0.0,0,0,0,,1,35
TLS,Timor-Leste,1995,,0.0,0,0,0,,1,36
TLS,Timor-Leste,1996,,0.0,0,0,0,,1,37
TLS,Timor-Leste,1997,,0.0,0,0,0,,1,38
TLS,Timor-Leste,1998,,0.0,0,0,0,,1,39
TLS,Timor-Leste,1999,,0.0,0,0,0,,1,40
TLS,Timor-Leste,2000,,0.0,0,0,0,,1,41
TLS,Timor-Leste,2001,,0.0,0,0,0,,1,42
TLS,Timor-Leste,2002,,0.0,0,0,0,,1,43
TLS,Timor-Leste,2003,,0.0,0,0,0,,1,44
TLS,Timor-Leste,2004,,0.0,0,0,0,,1,45
TLS,Timor-Leste,2005,,0.0,0,0,0,,1,46
TLS,Timor-Leste,2006,,0.0,0,0,0,,1,47
TLS,Timor-Leste,2007,,0.0,0,0,0,,1,48
TLS,Timor-Leste,2008,,0.0,0,0,0,,1,49
TLS,Timor-Leste,2009,,0.0,0,0,0,,1,50
TLS,Timor-Leste,2010,,0.0,0,0,0,,1,51
TLS,Timor-Leste,2011,,0.0,0,0,0,,1,52
TLS,Timor-Leste,2012,,0.0,0,0,0,,1,53
TLS,Timor-Leste,2013,,0.0,0,0,0,,1,54
TLS,Timor-Leste,2014,,0.0,0,0,0,,1,55
TLS,Timor-Leste,2015,,0.0,0,0,0,,1,56
TLS,Timor-Leste,2016,,0.0,0,0,0,,1,57
TLS,Timor-Leste,2017,,0.0,0,0,0,,1,58
TLS,Timor-Leste,2018,,0.0,0,0,0,,1,59
TLS,Timor-Leste,2019,,0.0,0,0,0,,1,60
TLS,Timor-Leste,2020,,0.0,0,0,0,,1,61
TLS,Timor-Leste,2021,,0.0,0,0,0,,1,62
TLS,Timor-Leste,2022,,0.0,0,0,0,,1,63
TLS,Timor-Leste,2023,,0.0,0,0,0,,1,64
TLS,Timor-Leste,2024,,0.0,0,0,0,,1,65
TON,Tonga,1960,Tonga,0.0,0,0,0,,1,1
TON,Tonga,1961,Tonga,0.0,0,0,0,,1,2
TON,Tonga,1962,Tonga,0.0,0,0,0,,1,3
TON,Tonga,1963,Tonga,0.0,0,0,0,,1,4
TON,Tonga,1964,Tonga,0.0,0,0,0,,1,5
TON,Tonga,1965,Tonga,0.0,0,0,0,,1,6
TON,Tonga,1966,Tonga,0.0,0,0,0,,1,7
TON,Tonga,1967,Tonga,0.0,0,0,0,,1,8
TON,Tonga,1968,Tonga,0.0,0,0,0,,1,9
TON,Tonga,1969,Tonga,0.0,0,0,0,,1,10
TON,Tonga,1970,Tonga,0.0,0,0,0,,1,11
TON,Tonga,1971,Tonga,0.0,0,0,0,,1,12
TON,Tonga,1972,Tonga,0.0,0,0,0,,1,13
TON,Tonga,1973,Tonga,0.0,0,0,0,,1,14
TON,Tonga,1974,Tonga,0.0,0,0,0,,1,15
TON,Tonga,1975,Tonga,0.0,0,0,0,,1,16
TON,Tonga,1976,Tonga,0.0,0,0,0,,1,17
TON,Tonga,1977,Tonga,0.0,0,0,0,,1,18
TON,Tonga,1978,Tonga,0.0,0,0,0,,1,19
TON,Tonga,1979,Tonga,0.0,0,0,0,,1,20
TON,Tonga,1980,Tonga,0.0,0,0,0,,1,21
TON,Tonga,1981,Tonga,0.0,0,0,0,,1,22
TON,Tonga,1982,Tonga,0.0,0,0,0,,1,23
TON,Tonga,1983,Tonga,0.0,0,0,0,,1,24
TON,Tonga,1984,Tonga,0.0,0,0,0,,1,25
TON,Tonga,1985,Tonga,0.0,0,0,0,,1,26
TON,Tonga,1986,Tonga,0.0,0,0,0,,1,27
TON,Tonga,1987,Tonga,0.0,0,0,0,,1,28
TON,Tonga,1988,Tonga,0.0,0,0,0,,1,29
TON,Tonga,1989,Tonga,0.0,0,0,0,,1,30
TON,Tonga,1990,Tonga,0.0,0,0,0,,1,31
TON,Tonga,1991,Tonga,0.0,0,0,0,,1,32
TON,Tonga,1992,Tonga,0.0,0,0,0,,1,33
TON,Tonga,1993,Tonga,0.0,0,0,0,,1,34
TON,Tonga,1994,Tonga,0.0,0,0,0,,1,35
TON,Tonga,1995,Tonga,0.0,0,0,0,,1,36
TON,Tonga,1996,Tonga,0.0,0,0,0,,1,37
TON,Tonga,1997,Tonga,0.03,1,0,0,1997.0,0,0
TON,Tonga,1998,Tonga,0.06,1,1,1,1998.0,0,0
TON,Tonga,1999,Tonga,0.31,1,1,1,1999.0,0,0
TON,Tonga,2000,Tonga,0.67,1,1,1,2000.0,0,0
TON,Tonga,2001,Tonga,1.8,1,1,1,2001.0,0,0
TON,Tonga,2002,Tonga,2.02,1,1,1,2002.0,0,0
TON,Tonga,2003,Tonga,2.7,1,1,1,2003.0,0,0
TON,Tonga,2004,Tonga,2.9,1,1,1,2004.0,0,0
TON,Tonga,2005,Tonga,0.68,1,1,1,2005.0,0,0
TON,Tonga,2006,Tonga,1.43,1,1,1,2006.0,0,0
TON,Tonga,2007,Tonga,0.65,1,1,1,2007.0,0,0
TON,Tonga,2008,Tonga,2.41,1,1,1,2008.0,0,0
TON,Tonga,2009,Tonga,0.73,1,1,1,2009.0,0,0
TON,Tonga,2010,Tonga,0.02,1,1,1,2010.0,0,0
TON,Tonga,2011,Tonga,0.08,1,1,1,2011.0,0,0
TON,Tonga,2012,Tonga,0.1,1,1,1,2012.0,0,0
TON,Tonga,2013,Tonga,2.35,1,1,1,2013.0,0,0
TON,Tonga,2014,Tonga,0.82,1,1,1,2014.0,0,0
TON,Tonga,2015,Tonga,1.54,1,1,1,2015.0,0,0
TON,Tonga,2016,Tonga,4.0,1,1,1,2016.0,0,0
TON,Tonga,2017,Tonga,0.0,0,1,1,2016.0,0,1
TON,Tonga,2018,Tonga,0.0,0,1,1,2016.0,0,2
TON,Tonga,2019,Tonga,0.0,0,1,1,2016.0,0,3
TON,Tonga,2020,Tonga,3.04,1,1,1,2020.0,0,0
TON,Tonga,2021,Tonga,6.42,1,1,1,2021.0,0,0
TON,Tonga,2022,Tonga,0.0,0,1,1,2021.0,0,1
TON,Tonga,2023,Tonga,0.0,0,1,1,2021.0,0,2
TON,Tonga,2024,Tonga,0.0,0,1,1,2021.0,0,3
TTO,Trinidad and Tobago,1960,Trinidad & Tobago,0.0,0,0,0,,1,1
TTO,Trinidad and Tobago,1961,Trinidad & Tobago,0.0,0,0,0,,1,2
TTO,Trinidad and Tobago,1962,Trinidad & Tobago,0.0,0,0,0,,1,3
TTO,Trinidad and Tobago,1963,Trinidad & Tobago,0.0,0,0,0,,1,4
TTO,Trinidad and Tobago,1964,Trinidad & Tobago,0.0,0,0,0,,1,5
TTO,Trinidad and Tobago,1965,Trinidad & Tobago,0.0,0,0,0,,1,6
TTO,Trinidad and Tobago,1966,Trinidad & Tobago,0.0,0,0,0,,1,7
TTO,Trinidad and Tobago,1967,Trinidad & Tobago,0.0,0,0,0,,1,8
TTO,Trinidad and Tobago,1968,Trinidad & Tobago,0.0,0,0,0,,1,9
TTO,Trinidad and Tobago,1969,Trinidad & Tobago,0.0,0,0,0,,1,10
TTO,Trinidad and Tobago,1970,Trinidad & Tobago,0.0,0,0,0,,1,11
TTO,Trinidad and Tobago,1971,Trinidad & Tobago,0.0,0,0,0,,1,12
TTO,Trinidad and Tobago,1972,Trinidad & Tobago,0.0,0,0,0,,1,13
TTO,Trinidad and Tobago,1973,Trinidad & Tobago,0.0,0,0,0,,1,14
TTO,Trinidad and Tobago,1974,Trinidad & Tobago,0.0,0,0,0,,1,15
TTO,Trinidad and Tobago,1975,Trinidad & Tobago,0.0,0,0,0,,1,16
TTO,Trinidad and Tobago,1976,Trinidad & Tobago,0.0,0,0,0,,1,17
TTO,Trinidad and Tobago,1977,Trinidad & Tobago,0.0,0,0,0,,1,18
TTO,Trinidad and Tobago,1978,Trinidad & Tobago,0.0,0,0,0,,1,19
TTO,Trinidad and Tobago,1979,Trinidad & Tobago,0.0,0,0,0,,1,20
TTO,Trinidad and Tobago,1980,Trinidad & Tobago,0.0,0,0,0,,1,21
TTO,Trinidad and Tobago,1981,Trinidad & Tobago,0.0,0,0,0,,1,22
TTO,Trinidad and Tobago,1982,Trinidad & Tobago,0.0,0,0,0,,1,23
TTO,Trinidad and Tobago,1983,Trinidad & Tobago,0.0,0,0,0,,1,24
TTO,Trinidad and Tobago,1984,Trinidad & Tobago,0.0,0,0,0,,1,25
TTO,Trinidad and Tobago,1985,Trinidad & Tobago,0.0,0,0,0,,1,26
TTO,Trinidad and Tobago,1986,Trinidad & Tobago,0.0,0,0,0,,1,27
TTO,Trinidad and Tobago,1987,Trinidad & Tobago,0.0,0,0,0,,1,28
TTO,Trinidad and Tobago,1988,Trinidad & Tobago,401.51,1,0,0,1988.0,0,0
TTO,Trinidad and Tobago,1989,Trinidad & Tobago,655.0,1,1,1,1989.0,0,0
TTO,Trinidad and Tobago,1990,Trinidad & Tobago,110.0,1,1,1,1990.0,0,0
TTO,Trinidad and Tobago,1991,Trinidad & Tobago,0.0,0,1,1,1990.0,0,1
TTO,Trinidad and Tobago,1992,Trinidad & Tobago,0.0,0,1,1,1990.0,0,2
TTO,Trinidad and Tobago,1993,Trinidad & Tobago,0.0,0,1,1,1990.0,0,3
TTO,Trinidad and Tobago,1994,Trinidad & Tobago,0.0,0,1,1,1990.0,0,4
TTO,Trinidad and Tobago,1995,Trinidad & Tobago,0.0,0,1,1,1990.0,0,5
TTO,Trinidad and Tobago,1996,Trinidad & Tobago,0.0,0,0,1,1990.0,0,6
TTO,Trinidad and Tobago,1997,Trinidad & Tobago,0.0,0,0,1,1990.0,0,7
TTO,Trinidad and Tobago,1998,Trinidad & Tobago,0.0,0,0,1,1990.0,0,8
TTO,Trinidad and Tobago,1999,Trinidad & Tobago,0.0,0,0,1,1990.0,0,9
TTO,Trinidad and Tobago,2000,Trinidad & Tobago,0.0,0,0,1,1990.0,0,10
TTO,Trinidad and Tobago,2001,Trinidad & Tobago,0.0,0,0,0,1990.0,0,11
TTO,Trinidad and Tobago,2002,Trinidad & Tobago,0.0,0,0,0,1990.0,0,12
TTO,Trinidad and Tobago,2003,Trinidad & Tobago,0.0,0,0,0,1990.0,0,13
TTO,Trinidad and Tobago,2004,Trinidad & Tobago,0.0,0,0,0,1990.0,0,14
TTO,Trinidad and Tobago,2005,Trinidad & Tobago,0.0,0,0,0,1990.0,0,15
TTO,Trinidad and Tobago,2006,Trinidad & Tobago,0.0,0,0,0,1990.0,0,16
TTO,Trinidad and Tobago,2007,Trinidad & Tobago,0.0,0,0,0,1990.0,0,17
TTO,Trinidad and Tobago,2008,Trinidad & Tobago,0.0,0,0,0,1990.0,0,18
TTO,Trinidad and Tobago,2009,Trinidad & Tobago,0.0,0,0,0,1990.0,0,19
TTO,Trinidad and Tobago,2010,Trinidad & Tobago,0.0,0,0,0,1990.0,0,20
TTO,Trinidad and Tobago,2011,Trinidad & Tobago,0.0,0,0,0,1990.0,0,21
TTO,Trinidad and Tobago,2012,Trinidad & Tobago,0.0,0,0,0,1990.0,0,22
TTO,Trinidad and Tobago,2013,Trinidad & Tobago,0.0,0,0,0,1990.0,0,23
TTO,Trinidad and Tobago,2014,Trinidad & Tobago,0.0,0,0,0,1990.0,0,24
TTO,Trinidad and Tobago,2015,Trinidad & Tobago,0.0,0,0,0,1990.0,0,25
TTO,Trinidad and Tobago,2016,Trinidad & Tobago,0.0,0,0,0,1990.0,0,26
TTO,Trinidad and Tobago,2017,Trinidad & Tobago,0.0,0,0,0,1990.0,0,27
TTO,Trinidad and Tobago,2018,Trinidad & Tobago,0.0,0,0,0,1990.0,0,28
TTO,Trinidad and Tobago,2019,Trinidad & Tobago,0.0,0,0,0,1990.0,0,29
TTO,Trinidad and Tobago,2020,Trinidad & Tobago,0.0,0,0,0,1990.0,0,30
TTO,Trinidad and Tobago,2021,Trinidad & Tobago,0.0,0,0,0,1990.0,0,31
TTO,Trinidad and Tobago,2022,Trinidad & Tobago,0.0,0,0,0,1990.0,0,32
TTO,Trinidad and Tobago,2023,Trinidad & Tobago,0.0,0,0,0,1990.0,0,33
TTO,Trinidad and Tobago,2024,Trinidad & Tobago,0.0,0,0,0,1990.0,0,34
TUN,Tunisia,1960,Tunisia,0.0,0,0,0,,1,1
TUN,Tunisia,1961,Tunisia,0.0,0,0,0,,1,2
TUN,Tunisia,1962,Tunisia,0.0,0,0,0,,1,3
TUN,Tunisia,1963,Tunisia,0.0,0,0,0,,1,4
TUN,Tunisia,1964,Tunisia,0.0,0,0,0,,1,5
TUN,Tunisia,1965,Tunisia,0.0,0,0,0,,1,6
TUN,Tunisia,1966,Tunisia,0.0,0,0,0,,1,7
TUN,Tunisia,1967,Tunisia,0.0,0,0,0,,1,8
TUN,Tunisia,1968,Tunisia,0.0,0,0,0,,1,9
TUN,Tunisia,1969,Tunisia,0.0,0,0,0,,1,10
TUN,Tunisia,1970,Tunisia,2.83,1,0,0,1970.0,0,0
TUN,Tunisia,1971,Tunisia,4.53,1,1,1,1971.0,0,0
TUN,Tunisia,1972,Tunisia,4.75,1,1,1,1972.0,0,0
TUN,Tunisia,1973,Tunisia,5.34,1,1,1,1973.0,0,0
TUN,Tunisia,1974,Tunisia,5.73,1,1,1,1974.0,0,0
TUN,Tunisia,1975,Tunisia,5.78,1,1,1,1975.0,0,0
TUN,Tunisia,1976,Tunisia,5.22,1,1,1,1976.0,0,0
TUN,Tunisia,1977,Tunisia,5.7,1,1,1,1977.0,0,0
TUN,Tunisia,1978,Tunisia,6.87,1,1,1,1978.0,0,0
TUN,Tunisia,1979,Tunisia,6.71,1,1,1,1979.0,0,0
TUN,Tunisia,1980,Tunisia,6.13,1,1,1,1980.0,0,0
TUN,Tunisia,1981,Tunisia,4.6,1,1,1,1981.0,0,0
TUN,Tunisia,1982,Tunisia,4.06,1,1,1,1982.0,0,0
TUN,Tunisia,1983,Tunisia,6.61,1,1,1,1983.0,0,0
TUN,Tunisia,1984,Tunisia,3.19,1,1,1,1984.0,0,0
TUN,Tunisia,1985,Tunisia,16.92,1,1,1,1985.0,0,0
TUN,Tunisia,1986,Tunisia,21.35,1,1,1,1986.0,0,0
TUN,Tunisia,1987,Tunisia,5.28,1,1,1,1987.0,0,0
TUN,Tunisia,1988,Tunisia,0.0,0,1,1,1987.0,0,1
TUN,Tunisia,1989,Tunisia,6.31,1,1,1,1989.0,0,0
TUN,Tunisia,1990,Tunisia,22.09,1,1,1,1990.0,0,0
TUN,Tunisia,1991,Tunisia,82.26,1,1,1,1991.0,0,0
TUN,Tunisia,1992,Tunisia,13.63,1,1,1,1992.0,0,0
TUN,Tunisia,1993,Tunisia,3.2,1,1,1,1993.0,0,0
TUN,Tunisia,1994,Tunisia,16.44,1,1,1,1994.0,0,0
TUN,Tunisia,1995,Tunisia,0.74,1,1,1,1995.0,0,0
TUN,Tunisia,1996,Tunisia,0.19,1,1,1,1996.0,0,0
TUN,Tunisia,1997,Tunisia,0.0,0,1,1,1996.0,0,1
TUN,Tunisia,1998,Tunisia,0.0,0,1,1,1996.0,0,2
TUN,Tunisia,1999,Tunisia,0.0,0,1,1,1996.0,0,3
TUN,Tunisia,2000,Tunisia,0.0,0,1,1,1996.0,0,4
TUN,Tunisia,2001,Tunisia,0.0,0,1,1,1996.0,0,5
TUN,Tunisia,2002,Tunisia,0.0,0,0,1,1996.0,0,6
TUN,Tunisia,2003,Tunisia,0.0,0,0,1,1996.0,0,7
TUN,Tunisia,2004,Tunisia,0.0,0,0,1,1996.0,0,8
TUN,Tunisia,2005,Tunisia,0.0,0,0,1,1996.0,0,9
TUN,Tunisia,2006,Tunisia,0.0,0,0,1,1996.0,0,10
TUN,Tunisia,2007,Tunisia,0.0,0,0,0,1996.0,0,11
TUN,Tunisia,2008,Tunisia,0.0,0,0,0,1996.0,0,12
TUN,Tunisia,2009,Tunisia,0.0,0,0,0,1996.0,0,13
TUN,Tunisia,2010,Tunisia,0.0,0,0,0,1996.0,0,14
TUN,Tunisia,2011,Tunisia,0.0,0,0,0,1996.0,0,15
TUN,Tunisia,2012,Tunisia,0.0,0,0,0,1996.0,0,16
TUN,Tunisia,2013,Tunisia,5.5,1,0,0,2013.0,0,0
TUN,Tunisia,2014,Tunisia,2.42,1,1,1,2014.0,0,0
TUN,Tunisia,2015,Tunisia,0.27,1,1,1,2015.0,0,0
TUN,Tunisia,2016,Tunisia,0.0,0,1,1,2015.0,0,1
TUN,Tunisia,2017,Tunisia,0.0,0,1,1,2015.0,0,2
TUN,Tunisia,2018,Tunisia,0.0,0,1,1,2015.0,0,3
TUN,Tunisia,2019,Tunisia,0.0,0,1,1,2015.0,0,4
TUN,Tunisia,2020,Tunisia,0.0,0,1,1,2015.0,0,5
TUN,Tunisia,2021,Tunisia,0.0,0,0,1,2015.0,0,6
TUN,Tunisia,2022,Tunisia,0.0,0,0,1,2015.0,0,7
TUN,Tunisia,2023,Tunisia,0.0,0,0,1,2015.0,0,8
TUN,Tunisia,2024,Tunisia,0.0,0,0,1,2015.0,0,9
TUR,Turkiye,1960,Turkey,0.0,0,0,0,,1,1
TUR,Turkiye,1961,Turkey,0.0,0,0,0,,1,2
TUR,Turkiye,1962,Turkey,0.0,0,0,0,,1,3
TUR,Turkiye,1963,Turkey,0.0,0,0,0,,1,4
TUR,Turkiye,1964,Turkey,0.0,0,0,0,,1,5
TUR,Turkiye,1965,Turkey,220.0,1,0,0,1965.0,0,0
TUR,Turkiye,1966,Turkey,0.0,0,1,1,1965.0,0,1
TUR,Turkiye,1967,Turkey,0.0,0,1,1,1965.0,0,2
TUR,Turkiye,1968,Turkey,0.0,0,1,1,1965.0,0,3
TUR,Turkiye,1969,Turkey,0.0,0,1,1,1965.0,0,4
TUR,Turkiye,1970,Turkey,75.0,1,1,1,1970.0,0,0
TUR,Turkiye,1971,Turkey,0.52,1,1,1,1971.0,0,0
TUR,Turkiye,1972,Turkey,0.0,0,1,1,1971.0,0,1
TUR,Turkiye,1973,Turkey,0.0,0,1,1,1971.0,0,2
TUR,Turkiye,1974,Turkey,0.0,0,1,1,1971.0,0,3
TUR,Turkiye,1975,Turkey,0.0,0,1,1,1971.0,0,4
TUR,Turkiye,1976,Turkey,0.0,0,1,1,1971.0,0,5
TUR,Turkiye,1977,Turkey,0.21,1,0,1,1977.0,0,0
TUR,Turkiye,1978,Turkey,3300.37,1,1,1,1978.0,0,0
TUR,Turkiye,1979,Turkey,4064.45,1,1,1,1979.0,0,0
TUR,Turkiye,1980,Turkey,3033.95,1,1,1,1980.0,0,0
TUR,Turkiye,1981,Turkey,130.34,1,1,1,1981.0,0,0
TUR,Turkiye,1982,Turkey,2925.41,1,1,1,1982.0,0,0
TUR,Turkiye,1983,Turkey,23.54,1,1,1,1983.0,0,0
TUR,Turkiye,1984,Turkey,21.53,1,1,1,1984.0,0,0
TUR,Turkiye,1985,Turkey,0.0,0,1,1,1984.0,0,1
TUR,Turkiye,1986,Turkey,0.0,0,1,1,1984.0,0,2
TUR,Turkiye,1987,Turkey,0.0,0,1,1,1984.0,0,3
TUR,Turkiye,1988,Turkey,0.0,0,1,1,1984.0,0,4
TUR,Turkiye,1989,Turkey,0.0,0,1,1,1984.0,0,5
TUR,Turkiye,1990,Turkey,0.0,0,0,1,1984.0,0,6
TUR,Turkiye,1991,Turkey,0.0,0,0,1,1984.0,0,7
TUR,Turkiye,1992,Turkey,0.0,0,0,1,1984.0,0,8
TUR,Turkiye,1993,Turkey,0.0,0,0,1,1984.0,0,9
TUR,Turkiye,1994,Turkey,0.0,0,0,1,1984.0,0,10
TUR,Turkiye,1995,Turkey,0.0,0,0,0,1984.0,0,11
TUR,Turkiye,1996,Turkey,0.0,0,0,0,1984.0,0,12
TUR,Turkiye,1997,Turkey,0.0,0,0,0,1984.0,0,13
TUR,Turkiye,1998,Turkey,0.0,0,0,0,1984.0,0,14
TUR,Turkiye,1999,Turkey,48280.0,1,0,0,1999.0,0,0
TUR,Turkiye,2000,Turkey,0.0,0,1,1,1999.0,0,1
TUR,Turkiye,2001,Turkey,0.0,0,1,1,1999.0,0,2
TUR,Turkiye,2002,Turkey,0.0,0,1,1,1999.0,0,3
TUR,Turkiye,2003,Turkey,0.0,0,1,1,1999.0,0,4
TUR,Turkiye,2004,Turkey,0.0,0,1,1,1999.0,0,5
TUR,Turkiye,2005,Turkey,0.0,0,0,1,1999.0,0,6
TUR,Turkiye,2006,Turkey,0.0,0,0,1,1999.0,0,7
TUR,Turkiye,2007,Turkey,0.0,0,0,1,1999.0,0,8
TUR,Turkiye,2008,Turkey,0.0,0,0,1,1999.0,0,9
TUR,Turkiye,2009,Turkey,0.0,0,0,1,1999.0,0,10
TUR,Turkiye,2010,Turkey,0.0,0,0,0,1999.0,0,11
TUR,Turkiye,2011,Turkey,13.61,1,0,0,2011.0,0,0
TUR,Turkiye,2012,Turkey,0.0,0,1,1,2011.0,0,1
TUR,Turkiye,2013,Turkey,0.0,0,1,1,2011.0,0,2
TUR,Turkiye,2014,Turkey,0.0,0,1,1,2011.0,0,3
TUR,Turkiye,2015,Turkey,0.0,0,1,1,2011.0,0,4
TUR,Turkiye,2016,Turkey,0.0,0,1,1,2011.0,0,5
TUR,Turkiye,2017,Turkey,563.0,1,0,1,2017.0,0,0
TUR,Turkiye,2018,Turkey,0.0,0,1,1,2017.0,0,1
TUR,Turkiye,2019,Turkey,0.0,0,1,1,2017.0,0,2
TUR,Turkiye,2020,Turkey,0.14,1,1,1,2020.0,0,0
TUR,Turkiye,2021,Turkey,0.0,0,1,1,2020.0,0,1
TUR,Turkiye,2022,Turkey,0.0,0,1,1,2020.0,0,2
TUR,Turkiye,2023,Turkey,0.0,0,1,1,2020.0,0,3
TUR,Turkiye,2024,Turkey,0.0,0,1,1,2020.0,0,4
TUV,Tuvalu,1960,Tuvalu,0.0,0,0,0,,1,1
TUV,Tuvalu,1961,Tuvalu,0.0,0,0,0,,1,2
TUV,Tuvalu,1962,Tuvalu,0.0,0,0,0,,1,3
TUV,Tuvalu,1963,Tuvalu,0.0,0,0,0,,1,4
TUV,Tuvalu,1964,Tuvalu,0.0,0,0,0,,1,5
TUV,Tuvalu,1965,Tuvalu,0.0,0,0,0,,1,6
TUV,Tuvalu,1966,Tuvalu,0.0,0,0,0,,1,7
TUV,Tuvalu,1967,Tuvalu,0.0,0,0,0,,1,8
TUV,Tuvalu,1968,Tuvalu,0.0,0,0,0,,1,9
TUV,Tuvalu,1969,Tuvalu,0.0,0,0,0,,1,10
TUV,Tuvalu,1970,Tuvalu,0.0,0,0,0,,1,11
TUV,Tuvalu,1971,Tuvalu,0.0,0,0,0,,1,12
TUV,Tuvalu,1972,Tuvalu,0.0,0,0,0,,1,13
TUV,Tuvalu,1973,Tuvalu,0.0,0,0,0,,1,14
TUV,Tuvalu,1974,Tuvalu,0.0,0,0,0,,1,15
TUV,Tuvalu,1975,Tuvalu,0.0,0,0,0,,1,16
TUV,Tuvalu,1976,Tuvalu,0.0,0,0,0,,1,17
TUV,Tuvalu,1977,Tuvalu,0.0,0,0,0,,1,18
TUV,Tuvalu,1978,Tuvalu,0.0,0,0,0,,1,19
TUV,Tuvalu,1979,Tuvalu,0.0,0,0,0,,1,20
TUV,Tuvalu,1980,Tuvalu,0.0,0,0,0,,1,21
TUV,Tuvalu,1981,Tuvalu,0.0,0,0,0,,1,22
TUV,Tuvalu,1982,Tuvalu,0.0,0,0,0,,1,23
TUV,Tuvalu,1983,Tuvalu,0.0,0,0,0,,1,24
TUV,Tuvalu,1984,Tuvalu,0.0,0,0,0,,1,25
TUV,Tuvalu,1985,Tuvalu,0.0,0,0,0,,1,26
TUV,Tuvalu,1986,Tuvalu,0.0,0,0,0,,1,27
TUV,Tuvalu,1987,Tuvalu,0.0,0,0,0,,1,28
TUV,Tuvalu,1988,Tuvalu,0.0,0,0,0,,1,29
TUV,Tuvalu,1989,Tuvalu,0.0,0,0,0,,1,30
TUV,Tuvalu,1990,Tuvalu,0.0,0,0,0,,1,31
TUV,Tuvalu,1991,Tuvalu,0.0,0,0,0,,1,32
TUV,Tuvalu,1992,Tuvalu,0.0,0,0,0,,1,33
TUV,Tuvalu,1993,Tuvalu,0.0,0,0,0,,1,34
TUV,Tuvalu,1994,Tuvalu,0.0,0,0,0,,1,35
TUV,Tuvalu,1995,Tuvalu,0.0,0,0,0,,1,36
TUV,Tuvalu,1996,Tuvalu,0.0,0,0,0,,1,37
TUV,Tuvalu,1997,Tuvalu,0.0,0,0,0,,1,38
TUV,Tuvalu,1998,Tuvalu,0.0,0,0,0,,1,39
TUV,Tuvalu,1999,Tuvalu,0.0,0,0,0,,1,40
TUV,Tuvalu,2000,Tuvalu,0.0,0,0,0,,1,41
TUV,Tuvalu,2001,Tuvalu,0.0,0,0,0,,1,42
TUV,Tuvalu,2002,Tuvalu,0.0,0,0,0,,1,43
TUV,Tuvalu,2003,Tuvalu,0.0,0,0,0,,1,44
TUV,Tuvalu,2004,Tuvalu,0.0,0,0,0,,1,45
TUV,Tuvalu,2005,Tuvalu,0.0,0,0,0,,1,46
TUV,Tuvalu,2006,Tuvalu,0.0,0,0,0,,1,47
TUV,Tuvalu,2007,Tuvalu,0.0,0,0,0,,1,48
TUV,Tuvalu,2008,Tuvalu,0.0,0,0,0,,1,49
TUV,Tuvalu,2009,Tuvalu,0.0,0,0,0,,1,50
TUV,Tuvalu,2010,Tuvalu,0.0,0,0,0,,1,51
TUV,Tuvalu,2011,Tuvalu,0.0,0,0,0,,1,52
TUV,Tuvalu,2012,Tuvalu,0.0,0,0,0,,1,53
TUV,Tuvalu,2013,Tuvalu,0.0,0,0,0,,1,54
TUV,Tuvalu,2014,Tuvalu,0.0,0,0,0,,1,55
TUV,Tuvalu,2015,Tuvalu,0.0,0,0,0,,1,56
TUV,Tuvalu,2016,Tuvalu,0.0,0,0,0,,1,57
TUV,Tuvalu,2017,Tuvalu,0.0,0,0,0,,1,58
TUV,Tuvalu,2018,Tuvalu,0.0,0,0,0,,1,59
TUV,Tuvalu,2019,Tuvalu,0.0,0,0,0,,1,60
TUV,Tuvalu,2020,Tuvalu,0.0,0,0,0,,1,61
TUV,Tuvalu,2021,Tuvalu,0.0,0,0,0,,1,62
TUV,Tuvalu,2022,Tuvalu,0.0,0,0,0,,1,63
TUV,Tuvalu,2023,Tuvalu,0.0,0,0,0,,1,64
TUV,Tuvalu,2024,Tuvalu,0.0,0,0,0,,1,65
TZA,Tanzania,1960,Tanzania,0.0,0,0,0,,1,1
TZA,Tanzania,1961,Tanzania,0.0,0,0,0,,1,2
TZA,Tanzania,1962,Tanzania,0.0,0,0,0,,1,3
TZA,Tanzania,1963,Tanzania,0.0,0,0,0,,1,4
TZA,Tanzania,1964,Tanzania,0.0,0,0,0,,1,5
TZA,Tanzania,1965,Tanzania,0.0,0,0,0,,1,6
TZA,Tanzania,1966,Tanzania,0.0,0,0,0,,1,7
TZA,Tanzania,1967,Tanzania,0.0,0,0,0,,1,8
TZA,Tanzania,1968,Tanzania,0.0,0,0,0,,1,9
TZA,Tanzania,1969,Tanzania,0.0,0,0,0,,1,10
TZA,Tanzania,1970,Tanzania,0.0,0,0,0,,1,11
TZA,Tanzania,1971,Tanzania,2.26,1,0,0,1971.0,0,0
TZA,Tanzania,1972,Tanzania,72.71,1,1,1,1972.0,0,0
TZA,Tanzania,1973,Tanzania,151.96,1,1,1,1973.0,0,0
TZA,Tanzania,1974,Tanzania,219.88,1,1,1,1974.0,0,0
TZA,Tanzania,1975,Tanzania,305.0,1,1,1,1975.0,0,0
TZA,Tanzania,1976,Tanzania,495.2,1,1,1,1976.0,0,0
TZA,Tanzania,1977,Tanzania,842.79,1,1,1,1977.0,0,0
TZA,Tanzania,1978,Tanzania,1359.96,1,1,1,1978.0,0,0
TZA,Tanzania,1979,Tanzania,1413.08,1,1,1,1979.0,0,0
TZA,Tanzania,1980,Tanzania,2060.84,1,1,1,1980.0,0,0
TZA,Tanzania,1981,Tanzania,2322.98,1,1,1,1981.0,0,0
TZA,Tanzania,1982,Tanzania,2622.61,1,1,1,1982.0,0,0
TZA,Tanzania,1983,Tanzania,3172.8,1,1,1,1983.0,0,0
TZA,Tanzania,1984,Tanzania,3538.06,1,1,1,1984.0,0,0
TZA,Tanzania,1985,Tanzania,5334.93,1,1,1,1985.0,0,0
TZA,Tanzania,1986,Tanzania,1412.64,1,1,1,1986.0,0,0
TZA,Tanzania,1987,Tanzania,769.97,1,1,1,1987.0,0,0
TZA,Tanzania,1988,Tanzania,1189.88,1,1,1,1988.0,0,0
TZA,Tanzania,1989,Tanzania,1174.28,1,1,1,1989.0,0,0
TZA,Tanzania,1990,Tanzania,1696.15,1,1,1,1990.0,0,0
TZA,Tanzania,1991,Tanzania,1670.07,1,1,1,1991.0,0,0
TZA,Tanzania,1992,Tanzania,2647.43,1,1,1,1992.0,0,0
TZA,Tanzania,1993,Tanzania,2089.78,1,1,1,1993.0,0,0
TZA,Tanzania,1994,Tanzania,2179.76,1,1,1,1994.0,0,0
TZA,Tanzania,1995,Tanzania,2538.0,1,1,1,1995.0,0,0
TZA,Tanzania,1996,Tanzania,2372.65,1,1,1,1996.0,0,0
TZA,Tanzania,1997,Tanzania,4263.43,1,1,1,1997.0,0,0
TZA,Tanzania,1998,Tanzania,1946.26,1,1,1,1998.0,0,0
TZA,Tanzania,1999,Tanzania,2030.75,1,1,1,1999.0,0,0
TZA,Tanzania,2000,Tanzania,1996.36,1,1,1,2000.0,0,0
TZA,Tanzania,2001,Tanzania,1418.05,1,1,1,2001.0,0,0
TZA,Tanzania,2002,Tanzania,1966.63,1,1,1,2002.0,0,0
TZA,Tanzania,2003,Tanzania,1653.83,1,1,1,2003.0,0,0
TZA,Tanzania,2004,Tanzania,1737.89,1,1,1,2004.0,0,0
TZA,Tanzania,2005,Tanzania,1260.15,1,1,1,2005.0,0,0
TZA,Tanzania,2006,Tanzania,5950.41,1,1,1,2006.0,0,0
TZA,Tanzania,2007,Tanzania,907.56,1,1,1,2007.0,0,0
TZA,Tanzania,2008,Tanzania,1102.78,1,1,1,2008.0,0,0
TZA,Tanzania,2009,Tanzania,1165.5,1,1,1,2009.0,0,0
TZA,Tanzania,2010,Tanzania,1224.09,1,1,1,2010.0,0,0
TZA,Tanzania,2011,Tanzania,1246.49,1,1,1,2011.0,0,0
TZA,Tanzania,2012,Tanzania,1259.69,1,1,1,2012.0,0,0
TZA,Tanzania,2013,Tanzania,1080.14,1,1,1,2013.0,0,0
TZA,Tanzania,2014,Tanzania,993.78,1,1,1,2014.0,0,0
TZA,Tanzania,2015,Tanzania,1075.07,1,1,1,2015.0,0,0
TZA,Tanzania,2016,Tanzania,1145.78,1,1,1,2016.0,0,0
TZA,Tanzania,2017,Tanzania,1420.98,1,1,1,2017.0,0,0
TZA,Tanzania,2018,Tanzania,1250.0,1,1,1,2018.0,0,0
TZA,Tanzania,2019,Tanzania,1328.52,1,1,1,2019.0,0,0
TZA,Tanzania,2020,Tanzania,1486.85,1,1,1,2020.0,0,0
TZA,Tanzania,2021,Tanzania,1688.38,1,1,1,2021.0,0,0
TZA,Tanzania,2022,Tanzania,1492.41,1,1,1,2022.0,0,0
TZA,Tanzania,2023,Tanzania,1560.0,1,1,1,2023.0,0,0
TZA,Tanzania,2024,Tanzania,1450.0,1,1,1,2024.0,0,0
UGA,Uganda,1960,Uganda,0.0,0,0,0,,1,1
UGA,Uganda,1961,Uganda,0.0,0,0,0,,1,2
UGA,Uganda,1962,Uganda,0.0,0,0,0,,1,3
UGA,Uganda,1963,Uganda,0.0,0,0,0,,1,4
UGA,Uganda,1964,Uganda,0.0,0,0,0,,1,5
UGA,Uganda,1965,Uganda,0.0,0,0,0,,1,6
UGA,Uganda,1966,Uganda,0.0,0,0,0,,1,7
UGA,Uganda,1967,Uganda,0.0,0,0,0,,1,8
UGA,Uganda,1968,Uganda,0.0,0,0,0,,1,9
UGA,Uganda,1969,Uganda,0.0,0,0,0,,1,10
UGA,Uganda,1970,Uganda,0.06,1,0,0,1970.0,0,0
UGA,Uganda,1971,Uganda,0.07,1,1,1,1971.0,0,0
UGA,Uganda,1972,Uganda,0.43,1,1,1,1972.0,0,0
UGA,Uganda,1973,Uganda,0.57,1,1,1,1973.0,0,0
UGA,Uganda,1974,Uganda,1.0,1,1,1,1974.0,0,0
UGA,Uganda,1975,Uganda,4.32,1,1,1,1975.0,0,0
UGA,Uganda,1976,Uganda,12.81,1,1,1,1976.0,0,0
UGA,Uganda,1977,Uganda,15.74,1,1,1,1977.0,0,0
UGA,Uganda,1978,Uganda,40.1,1,1,1,1978.0,0,0
UGA,Uganda,1979,Uganda,66.78,1,1,1,1979.0,0,0
UGA,Uganda,1980,Uganda,100.61,1,1,1,1980.0,0,0
UGA,Uganda,1981,Uganda,74.47,1,1,1,1981.0,0,0
UGA,Uganda,1982,Uganda,56.22,1,1,1,1982.0,0,0
UGA,Uganda,1983,Uganda,39.04,1,1,1,1983.0,0,0
UGA,Uganda,1984,Uganda,47.96,1,1,1,1984.0,0,0
UGA,Uganda,1985,Uganda,68.18,1,1,1,1985.0,0,0
UGA,Uganda,1986,Uganda,107.24,1,1,1,1986.0,0,0
UGA,Uganda,1987,Uganda,368.2,1,1,1,1987.0,0,0
UGA,Uganda,1988,Uganda,185.91,1,1,1,1988.0,0,0
UGA,Uganda,1989,Uganda,232.33,1,1,1,1989.0,0,0
UGA,Uganda,1990,Uganda,399.99,1,1,1,1990.0,0,0
UGA,Uganda,1991,Uganda,464.26,1,1,1,1991.0,0,0
UGA,Uganda,1992,Uganda,419.15,1,1,1,1992.0,0,0
UGA,Uganda,1993,Uganda,425.12,1,1,1,1993.0,0,0
UGA,Uganda,1994,Uganda,465.28,1,1,1,1994.0,0,0
UGA,Uganda,1995,Uganda,511.97,1,1,1,1995.0,0,0
UGA,Uganda,1996,Uganda,282.4,1,1,1,1996.0,0,0
UGA,Uganda,1997,Uganda,340.64,1,1,1,1997.0,0,0
UGA,Uganda,1998,Uganda,397.11,1,1,1,1998.0,0,0
UGA,Uganda,1999,Uganda,260.4,1,1,1,1999.0,0,0
UGA,Uganda,2000,Uganda,309.38,1,1,1,2000.0,0,0
UGA,Uganda,2001,Uganda,323.43,1,1,1,2001.0,0,0
UGA,Uganda,2002,Uganda,352.21,1,1,1,2002.0,0,0
UGA,Uganda,2003,Uganda,345.96,1,1,1,2003.0,0,0
UGA,Uganda,2004,Uganda,305.28,1,1,1,2004.0,0,0
UGA,Uganda,2005,Uganda,113.43,1,1,1,2005.0,0,0
UGA,Uganda,2006,Uganda,3652.33,1,1,1,2006.0,0,0
UGA,Uganda,2007,Uganda,99.27,1,1,1,2007.0,0,0
UGA,Uganda,2008,Uganda,83.76,1,1,1,2008.0,0,0
UGA,Uganda,2009,Uganda,77.02,1,1,1,2009.0,0,0
UGA,Uganda,2010,Uganda,103.65,1,1,1,2010.0,0,0
UGA,Uganda,2011,Uganda,76.95,1,1,1,2011.0,0,0
UGA,Uganda,2012,Uganda,76.96,1,1,1,2012.0,0,0
UGA,Uganda,2013,Uganda,77.28,1,1,1,2013.0,0,0
UGA,Uganda,2014,Uganda,85.06,1,1,1,2014.0,0,0
UGA,Uganda,2015,Uganda,70.12,1,1,1,2015.0,0,0
UGA,Uganda,2016,Uganda,70.01,1,1,1,2016.0,0,0
UGA,Uganda,2017,Uganda,70.12,1,1,1,2017.0,0,0
UGA,Uganda,2018,Uganda,70.49,1,1,1,2018.0,0,0
UGA,Uganda,2019,Uganda,70.48,1,1,1,2019.0,0,0
UGA,Uganda,2020,Uganda,70.53,1,1,1,2020.0,0,0
UGA,Uganda,2021,Uganda,70.67,1,1,1,2021.0,0,0
UGA,Uganda,2022,Uganda,70.46,1,1,1,2022.0,0,0
UGA,Uganda,2023,Uganda,71.0,1,1,1,2023.0,0,0
UGA,Uganda,2024,Uganda,71.0,1,1,1,2024.0,0,0
UKR,Ukraine,1960,Ukraine,0.0,0,0,0,,1,1
UKR,Ukraine,1961,Ukraine,0.0,0,0,0,,1,2
UKR,Ukraine,1962,Ukraine,0.0,0,0,0,,1,3
UKR,Ukraine,1963,Ukraine,0.0,0,0,0,,1,4
UKR,Ukraine,1964,Ukraine,0.0,0,0,0,,1,5
UKR,Ukraine,1965,Ukraine,0.0,0,0,0,,1,6
UKR,Ukraine,1966,Ukraine,0.0,0,0,0,,1,7
UKR,Ukraine,1967,Ukraine,0.0,0,0,0,,1,8
UKR,Ukraine,1968,Ukraine,0.0,0,0,0,,1,9
UKR,Ukraine,1969,Ukraine,0.0,0,0,0,,1,10
UKR,Ukraine,1970,Ukraine,0.0,0,0,0,,1,11
UKR,Ukraine,1971,Ukraine,0.0,0,0,0,,1,12
UKR,Ukraine,1972,Ukraine,0.0,0,0,0,,1,13
UKR,Ukraine,1973,Ukraine,0.0,0,0,0,,1,14
UKR,Ukraine,1974,Ukraine,0.0,0,0,0,,1,15
UKR,Ukraine,1975,Ukraine,0.0,0,0,0,,1,16
UKR,Ukraine,1976,Ukraine,0.0,0,0,0,,1,17
UKR,Ukraine,1977,Ukraine,0.0,0,0,0,,1,18
UKR,Ukraine,1978,Ukraine,0.0,0,0,0,,1,19
UKR,Ukraine,1979,Ukraine,0.0,0,0,0,,1,20
UKR,Ukraine,1980,Ukraine,0.0,0,0,0,,1,21
UKR,Ukraine,1981,Ukraine,0.0,0,0,0,,1,22
UKR,Ukraine,1982,Ukraine,0.0,0,0,0,,1,23
UKR,Ukraine,1983,Ukraine,0.0,0,0,0,,1,24
UKR,Ukraine,1984,Ukraine,0.0,0,0,0,,1,25
UKR,Ukraine,1985,Ukraine,0.0,0,0,0,,1,26
UKR,Ukraine,1986,Ukraine,0.0,0,0,0,,1,27
UKR,Ukraine,1987,Ukraine,0.0,0,0,0,,1,28
UKR,Ukraine,1988,Ukraine,0.0,0,0,0,,1,29
UKR,Ukraine,1989,Ukraine,0.0,0,0,0,,1,30
UKR,Ukraine,1990,Ukraine,0.0,0,0,0,,1,31
UKR,Ukraine,1991,Ukraine,0.0,0,0,0,,1,32
UKR,Ukraine,1992,Ukraine,1.99,1,0,0,1992.0,0,0
UKR,Ukraine,1993,Ukraine,31.52,1,1,1,1993.0,0,0
UKR,Ukraine,1994,Ukraine,807.14,1,1,1,1994.0,0,0
UKR,Ukraine,1995,Ukraine,1257.24,1,1,1,1995.0,0,0
UKR,Ukraine,1996,Ukraine,106.47,1,1,1,1996.0,0,0
UKR,Ukraine,1997,Ukraine,278.4,1,1,1,1997.0,0,0
UKR,Ukraine,1998,Ukraine,958.19,1,1,1,1998.0,0,0
UKR,Ukraine,1999,Ukraine,4884.95,1,1,1,1999.0,0,0
UKR,Ukraine,2000,Ukraine,4634.26,1,1,1,2000.0,0,0
UKR,Ukraine,2001,Ukraine,580.0,1,1,1,2001.0,0,0
UKR,Ukraine,2002,Ukraine,309.11,1,1,1,2002.0,0,0
UKR,Ukraine,2003,Ukraine,281.71,1,1,1,2003.0,0,0
UKR,Ukraine,2004,Ukraine,0.0,0,1,1,2003.0,0,1
UKR,Ukraine,2005,Ukraine,0.0,0,1,1,2003.0,0,2
UKR,Ukraine,2006,Ukraine,0.0,0,1,1,2003.0,0,3
UKR,Ukraine,2007,Ukraine,0.0,0,1,1,2003.0,0,4
UKR,Ukraine,2008,Ukraine,0.0,0,1,1,2003.0,0,5
UKR,Ukraine,2009,Ukraine,0.0,0,0,1,2003.0,0,6
UKR,Ukraine,2010,Ukraine,0.0,0,0,1,2003.0,0,7
UKR,Ukraine,2011,Ukraine,0.0,0,0,1,2003.0,0,8
UKR,Ukraine,2012,Ukraine,0.0,0,0,1,2003.0,0,9
UKR,Ukraine,2013,Ukraine,0.0,0,0,1,2003.0,0,10
UKR,Ukraine,2014,Ukraine,1552.0,1,0,0,2014.0,0,0
UKR,Ukraine,2015,Ukraine,19186.55,1,1,1,2015.0,0,0
UKR,Ukraine,2016,Ukraine,22573.1,1,1,1,2016.0,0,0
UKR,Ukraine,2017,Ukraine,3259.65,1,1,1,2017.0,0,0
UKR,Ukraine,2018,Ukraine,0.0,0,1,1,2017.0,0,1
UKR,Ukraine,2019,Ukraine,0.0,0,1,1,2017.0,0,2
UKR,Ukraine,2020,Ukraine,0.0,0,1,1,2017.0,0,3
UKR,Ukraine,2021,Ukraine,0.0,0,1,1,2017.0,0,4
UKR,Ukraine,2022,Ukraine,36527.45,1,1,1,2022.0,0,0
UKR,Ukraine,2023,Ukraine,40328.45,1,1,1,2023.0,0,0
UKR,Ukraine,2024,Ukraine,28262.7,1,1,1,2024.0,0,0
URY,Uruguay,1960,Uruguay,0.0,0,0,0,,1,1
URY,Uruguay,1961,Uruguay,0.0,0,0,0,,1,2
URY,Uruguay,1962,Uruguay,0.0,0,0,0,,1,3
URY,Uruguay,1963,Uruguay,0.0,0,0,0,,1,4
URY,Uruguay,1964,Uruguay,0.0,0,0,0,,1,5
URY,Uruguay,1965,Uruguay,161.9,1,0,0,1965.0,0,0
URY,Uruguay,1966,Uruguay,0.0,0,1,1,1965.0,0,1
URY,Uruguay,1967,Uruguay,0.0,0,1,1,1965.0,0,2
URY,Uruguay,1968,Uruguay,0.0,0,1,1,1965.0,0,3
URY,Uruguay,1969,Uruguay,0.0,0,1,1,1965.0,0,4
URY,Uruguay,1970,Uruguay,0.0,0,1,1,1965.0,0,5
URY,Uruguay,1971,Uruguay,0.0,0,0,1,1965.0,0,6
URY,Uruguay,1972,Uruguay,0.0,0,0,1,1965.0,0,7
URY,Uruguay,1973,Uruguay,0.0,0,0,1,1965.0,0,8
URY,Uruguay,1974,Uruguay,0.0,0,0,1,1965.0,0,9
URY,Uruguay,1975,Uruguay,0.0,0,0,1,1965.0,0,10
URY,Uruguay,1976,Uruguay,0.0,0,0,0,1965.0,0,11
URY,Uruguay,1977,Uruguay,0.0,0,0,0,1965.0,0,12
URY,Uruguay,1978,Uruguay,0.0,0,0,0,1965.0,0,13
URY,Uruguay,1979,Uruguay,0.0,0,0,0,1965.0,0,14
URY,Uruguay,1980,Uruguay,0.0,0,0,0,1965.0,0,15
URY,Uruguay,1981,Uruguay,0.0,0,0,0,1965.0,0,16
URY,Uruguay,1982,Uruguay,0.0,0,0,0,1965.0,0,17
URY,Uruguay,1983,Uruguay,575.0,1,0,0,1983.0,0,0
URY,Uruguay,1984,Uruguay,111.0,1,1,1,1984.0,0,0
URY,Uruguay,1985,Uruguay,234.0,1,1,1,1985.0,0,0
URY,Uruguay,1986,Uruguay,1958.0,1,1,1,1986.0,0,0
URY,Uruguay,1987,Uruguay,0.0,0,1,1,1986.0,0,1
URY,Uruguay,1988,Uruguay,1770.0,1,1,1,1988.0,0,0
URY,Uruguay,1989,Uruguay,0.0,0,1,1,1988.0,0,1
URY,Uruguay,1990,Uruguay,1608.0,1,1,1,1990.0,0,0
URY,Uruguay,1991,Uruguay,1610.0,1,1,1,1991.0,0,0
URY,Uruguay,1992,Uruguay,0.0,0,1,1,1991.0,0,1
URY,Uruguay,1993,Uruguay,0.0,0,1,1,1991.0,0,2
URY,Uruguay,1994,Uruguay,0.0,0,1,1,1991.0,0,3
URY,Uruguay,1995,Uruguay,0.0,0,1,1,1991.0,0,4
URY,Uruguay,1996,Uruguay,0.0,0,1,1,1991.0,0,5
URY,Uruguay,1997,Uruguay,0.0,0,0,1,1991.0,0,6
URY,Uruguay,1998,Uruguay,0.0,0,0,1,1991.0,0,7
URY,Uruguay,1999,Uruguay,0.0,0,0,1,1991.0,0,8
URY,Uruguay,2000,Uruguay,0.0,0,0,1,1991.0,0,9
URY,Uruguay,2001,Uruguay,0.0,0,0,1,1991.0,0,10
URY,Uruguay,2002,Uruguay,0.0,0,0,0,1991.0,0,11
URY,Uruguay,2003,Uruguay,4900.0,1,0,0,2003.0,0,0
URY,Uruguay,2004,Uruguay,0.0,0,1,1,2003.0,0,1
URY,Uruguay,2005,Uruguay,0.0,0,1,1,2003.0,0,2
URY,Uruguay,2006,Uruguay,0.0,0,1,1,2003.0,0,3
URY,Uruguay,2007,Uruguay,0.0,0,1,1,2003.0,0,4
URY,Uruguay,2008,Uruguay,0.0,0,1,1,2003.0,0,5
URY,Uruguay,2009,Uruguay,0.0,0,0,1,2003.0,0,6
URY,Uruguay,2010,Uruguay,0.0,0,0,1,2003.0,0,7
URY,Uruguay,2011,Uruguay,0.0,0,0,1,2003.0,0,8
URY,Uruguay,2012,Uruguay,0.0,0,0,1,2003.0,0,9
URY,Uruguay,2013,Uruguay,0.0,0,0,1,2003.0,0,10
URY,Uruguay,2014,Uruguay,0.0,0,0,0,2003.0,0,11
URY,Uruguay,2015,Uruguay,0.0,0,0,0,2003.0,0,12
URY,Uruguay,2016,Uruguay,0.0,0,0,0,2003.0,0,13
URY,Uruguay,2017,Uruguay,0.0,0,0,0,2003.0,0,14
URY,Uruguay,2018,Uruguay,0.0,0,0,0,2003.0,0,15
URY,Uruguay,2019,Uruguay,0.0,0,0,0,2003.0,0,16
URY,Uruguay,2020,Uruguay,0.0,0,0,0,2003.0,0,17
URY,Uruguay,2021,Uruguay,0.0,0,0,0,2003.0,0,18
URY,Uruguay,2022,Uruguay,0.0,0,0,0,2003.0,0,19
URY,Uruguay,2023,Uruguay,0.0,0,0,0,2003.0,0,20
URY,Uruguay,2024,Uruguay,0.0,0,0,0,2003.0,0,21
USA,United States,1960,,0.0,0,0,0,,1,1
USA,United States,1961,,0.0,0,0,0,,1,2
USA,United States,1962,,0.0,0,0,0,,1,3
USA,United States,1963,,0.0,0,0,0,,1,4
USA,United States,1964,,0.0,0,0,0,,1,5
USA,United States,1965,,0.0,0,0,0,,1,6
USA,United States,1966,,0.0,0,0,0,,1,7
USA,United States,1967,,0.0,0,0,0,,1,8
USA,United States,1968,,0.0,0,0,0,,1,9
USA,United States,1969,,0.0,0,0,0,,1,10
USA,United States,1970,,0.0,0,0,0,,1,11
USA,United States,1971,,0.0,0,0,0,,1,12
USA,United States,1972,,0.0,0,0,0,,1,13
USA,United States,1973,,0.0,0,0,0,,1,14
USA,United States,1974,,0.0,0,0,0,,1,15
USA,United States,1975,,0.0,0,0,0,,1,16
USA,United States,1976,,0.0,0,0,0,,1,17
USA,United States,1977,,0.0,0,0,0,,1,18
USA,United States,1978,,0.0,0,0,0,,1,19
USA,United States,1979,,0.0,0,0,0,,1,20
USA,United States,1980,,0.0,0,0,0,,1,21
USA,United States,1981,,0.0,0,0,0,,1,22
USA,United States,1982,,0.0,0,0,0,,1,23
USA,United States,1983,,0.0,0,0,0,,1,24
USA,United States,1984,,0.0,0,0,0,,1,25
USA,United States,1985,,0.0,0,0,0,,1,26
USA,United States,1986,,0.0,0,0,0,,1,27
USA,United States,1987,,0.0,0,0,0,,1,28
USA,United States,1988,,0.0,0,0,0,,1,29
USA,United States,1989,,0.0,0,0,0,,1,30
USA,United States,1990,,0.0,0,0,0,,1,31
USA,United States,1991,,0.0,0,0,0,,1,32
USA,United States,1992,,0.0,0,0,0,,1,33
USA,United States,1993,,0.0,0,0,0,,1,34
USA,United States,1994,,0.0,0,0,0,,1,35
USA,United States,1995,,0.0,0,0,0,,1,36
USA,United States,1996,,0.0,0,0,0,,1,37
USA,United States,1997,,0.0,0,0,0,,1,38
USA,United States,1998,,0.0,0,0,0,,1,39
USA,United States,1999,,0.0,0,0,0,,1,40
USA,United States,2000,,0.0,0,0,0,,1,41
USA,United States,2001,,0.0,0,0,0,,1,42
USA,United States,2002,,0.0,0,0,0,,1,43
USA,United States,2003,,0.0,0,0,0,,1,44
USA,United States,2004,,0.0,0,0,0,,1,45
USA,United States,2005,,0.0,0,0,0,,1,46
USA,United States,2006,,0.0,0,0,0,,1,47
USA,United States,2007,,0.0,0,0,0,,1,48
USA,United States,2008,,0.0,0,0,0,,1,49
USA,United States,2009,,0.0,0,0,0,,1,50
USA,United States,2010,,0.0,0,0,0,,1,51
USA,United States,2011,,0.0,0,0,0,,1,52
USA,United States,2012,,0.0,0,0,0,,1,53
USA,United States,2013,,0.0,0,0,0,,1,54
USA,United States,2014,,0.0,0,0,0,,1,55
USA,United States,2015,,0.0,0,0,0,,1,56
USA,United States,2016,,0.0,0,0,0,,1,57
USA,United States,2017,,0.0,0,0,0,,1,58
USA,United States,2018,,0.0,0,0,0,,1,59
USA,United States,2019,,0.0,0,0,0,,1,60
USA,United States,2020,,0.0,0,0,0,,1,61
USA,United States,2021,,0.0,0,0,0,,1,62
USA,United States,2022,,0.0,0,0,0,,1,63
USA,United States,2023,,0.0,0,0,0,,1,64
USA,United States,2024,,0.0,0,0,0,,1,65
UZB,Uzbekistan,1960,Uzbekistan,0.0,0,0,0,,1,1
UZB,Uzbekistan,1961,Uzbekistan,0.0,0,0,0,,1,2
UZB,Uzbekistan,1962,Uzbekistan,0.0,0,0,0,,1,3
UZB,Uzbekistan,1963,Uzbekistan,0.0,0,0,0,,1,4
UZB,Uzbekistan,1964,Uzbekistan,0.0,0,0,0,,1,5
UZB,Uzbekistan,1965,Uzbekistan,0.0,0,0,0,,1,6
UZB,Uzbekistan,1966,Uzbekistan,0.0,0,0,0,,1,7
UZB,Uzbekistan,1967,Uzbekistan,0.0,0,0,0,,1,8
UZB,Uzbekistan,1968,Uzbekistan,0.0,0,0,0,,1,9
UZB,Uzbekistan,1969,Uzbekistan,0.0,0,0,0,,1,10
UZB,Uzbekistan,1970,Uzbekistan,0.0,0,0,0,,1,11
UZB,Uzbekistan,1971,Uzbekistan,0.0,0,0,0,,1,12
UZB,Uzbekistan,1972,Uzbekistan,0.0,0,0,0,,1,13
UZB,Uzbekistan,1973,Uzbekistan,0.0,0,0,0,,1,14
UZB,Uzbekistan,1974,Uzbekistan,0.0,0,0,0,,1,15
UZB,Uzbekistan,1975,Uzbekistan,0.0,0,0,0,,1,16
UZB,Uzbekistan,1976,Uzbekistan,0.0,0,0,0,,1,17
UZB,Uzbekistan,1977,Uzbekistan,0.0,0,0,0,,1,18
UZB,Uzbekistan,1978,Uzbekistan,0.0,0,0,0,,1,19
UZB,Uzbekistan,1979,Uzbekistan,0.0,0,0,0,,1,20
UZB,Uzbekistan,1980,Uzbekistan,0.0,0,0,0,,1,21
UZB,Uzbekistan,1981,Uzbekistan,0.0,0,0,0,,1,22
UZB,Uzbekistan,1982,Uzbekistan,0.0,0,0,0,,1,23
UZB,Uzbekistan,1983,Uzbekistan,0.0,0,0,0,,1,24
UZB,Uzbekistan,1984,Uzbekistan,0.0,0,0,0,,1,25
UZB,Uzbekistan,1985,Uzbekistan,0.0,0,0,0,,1,26
UZB,Uzbekistan,1986,Uzbekistan,0.0,0,0,0,,1,27
UZB,Uzbekistan,1987,Uzbekistan,0.0,0,0,0,,1,28
UZB,Uzbekistan,1988,Uzbekistan,0.0,0,0,0,,1,29
UZB,Uzbekistan,1989,Uzbekistan,0.0,0,0,0,,1,30
UZB,Uzbekistan,1990,Uzbekistan,0.0,0,0,0,,1,31
UZB,Uzbekistan,1991,Uzbekistan,0.0,0,0,0,,1,32
UZB,Uzbekistan,1992,Uzbekistan,0.0,0,0,0,,1,33
UZB,Uzbekistan,1993,Uzbekistan,0.0,0,0,0,,1,34
UZB,Uzbekistan,1994,Uzbekistan,0.0,0,0,0,,1,35
UZB,Uzbekistan,1995,Uzbekistan,0.0,0,0,0,,1,36
UZB,Uzbekistan,1996,Uzbekistan,0.0,0,0,0,,1,37
UZB,Uzbekistan,1997,Uzbekistan,500.61,1,0,0,1997.0,0,0
UZB,Uzbekistan,1998,Uzbekistan,6.7,1,1,1,1998.0,0,0
UZB,Uzbekistan,1999,Uzbekistan,22.8,1,1,1,1999.0,0,0
UZB,Uzbekistan,2000,Uzbekistan,20.4,1,1,1,2000.0,0,0
UZB,Uzbekistan,2001,Uzbekistan,19.49,1,1,1,2001.0,0,0
UZB,Uzbekistan,2002,Uzbekistan,132.33,1,1,1,2002.0,0,0
UZB,Uzbekistan,2003,Uzbekistan,40.84,1,1,1,2003.0,0,0
UZB,Uzbekistan,2004,Uzbekistan,47.38,1,1,1,2004.0,0,0
UZB,Uzbekistan,2005,Uzbekistan,43.16,1,1,1,2005.0,0,0
UZB,Uzbekistan,2006,Uzbekistan,0.0,0,1,1,2005.0,0,1
UZB,Uzbekistan,2007,Uzbekistan,88.16,1,1,1,2007.0,0,0
UZB,Uzbekistan,2008,Uzbekistan,113.21,1,1,1,2008.0,0,0
UZB,Uzbekistan,2009,Uzbekistan,80.88,1,1,1,2009.0,0,0
UZB,Uzbekistan,2010,Uzbekistan,192.12,1,1,1,2010.0,0,0
UZB,Uzbekistan,2011,Uzbekistan,161.46,1,1,1,2011.0,0,0
UZB,Uzbekistan,2012,Uzbekistan,1.34,1,1,1,2012.0,0,0
UZB,Uzbekistan,2013,Uzbekistan,0.0,0,1,1,2012.0,0,1
UZB,Uzbekistan,2014,Uzbekistan,0.0,0,1,1,2012.0,0,2
UZB,Uzbekistan,2015,Uzbekistan,0.16,1,1,1,2015.0,0,0
UZB,Uzbekistan,2016,Uzbekistan,19.46,1,1,1,2016.0,0,0
UZB,Uzbekistan,2017,Uzbekistan,1.88,1,1,1,2017.0,0,0
UZB,Uzbekistan,2018,Uzbekistan,2.63,1,1,1,2018.0,0,0
UZB,Uzbekistan,2019,Uzbekistan,3.43,1,1,1,2019.0,0,0
UZB,Uzbekistan,2020,Uzbekistan,4.83,1,1,1,2020.0,0,0
UZB,Uzbekistan,2021,Uzbekistan,6.6,1,1,1,2021.0,0,0
UZB,Uzbekistan,2022,Uzbekistan,21.0,1,1,1,2022.0,0,0
UZB,Uzbekistan,2023,Uzbekistan,12.0,1,1,1,2023.0,0,0
UZB,Uzbekistan,2024,Uzbekistan,22.0,1,1,1,2024.0,0,0
VCT,St. Vincent and the Grenadines,1960,St. Vincent and the Grenadines,0.0,0,0,0,,1,1
VCT,St. Vincent and the Grenadines,1961,St. Vincent and the Grenadines,0.0,0,0,0,,1,2
VCT,St. Vincent and the Grenadines,1962,St. Vincent and the Grenadines,0.0,0,0,0,,1,3
VCT,St. Vincent and the Grenadines,1963,St. Vincent and the Grenadines,0.0,0,0,0,,1,4
VCT,St. Vincent and the Grenadines,1964,St. Vincent and the Grenadines,0.0,0,0,0,,1,5
VCT,St. Vincent and the Grenadines,1965,St. Vincent and the Grenadines,0.0,0,0,0,,1,6
VCT,St. Vincent and the Grenadines,1966,St. Vincent and the Grenadines,0.0,0,0,0,,1,7
VCT,St. Vincent and the Grenadines,1967,St. Vincent and the Grenadines,0.0,0,0,0,,1,8
VCT,St. Vincent and the Grenadines,1968,St. Vincent and the Grenadines,0.0,0,0,0,,1,9
VCT,St. Vincent and the Grenadines,1969,St. Vincent and the Grenadines,0.0,0,0,0,,1,10
VCT,St. Vincent and the Grenadines,1970,St. Vincent and the Grenadines,0.0,0,0,0,,1,11
VCT,St. Vincent and the Grenadines,1971,St. Vincent and the Grenadines,0.0,0,0,0,,1,12
VCT,St. Vincent and the Grenadines,1972,St. Vincent and the Grenadines,0.0,0,0,0,,1,13
VCT,St. Vincent and the Grenadines,1973,St. Vincent and the Grenadines,0.0,0,0,0,,1,14
VCT,St. Vincent and the Grenadines,1974,St. Vincent and the Grenadines,0.0,0,0,0,,1,15
VCT,St. Vincent and the Grenadines,1975,St. Vincent and the Grenadines,0.0,0,0,0,,1,16
VCT,St. Vincent and the Grenadines,1976,St. Vincent and the Grenadines,0.0,0,0,0,,1,17
VCT,St. Vincent and the Grenadines,1977,St. Vincent and the Grenadines,0.0,0,0,0,,1,18
VCT,St. Vincent and the Grenadines,1978,St. Vincent and the Grenadines,0.0,0,0,0,,1,19
VCT,St. Vincent and the Grenadines,1979,St. Vincent and the Grenadines,0.0,0,0,0,,1,20
VCT,St. Vincent and the Grenadines,1980,St. Vincent and the Grenadines,0.0,0,0,0,,1,21
VCT,St. Vincent and the Grenadines,1981,St. Vincent and the Grenadines,0.0,0,0,0,,1,22
VCT,St. Vincent and the Grenadines,1982,St. Vincent and the Grenadines,0.0,0,0,0,,1,23
VCT,St. Vincent and the Grenadines,1983,St. Vincent and the Grenadines,0.5,1,0,0,1983.0,0,0
VCT,St. Vincent and the Grenadines,1984,St. Vincent and the Grenadines,0.36,1,1,1,1984.0,0,0
VCT,St. Vincent and the Grenadines,1985,St. Vincent and the Grenadines,0.17,1,1,1,1985.0,0,0
VCT,St. Vincent and the Grenadines,1986,St. Vincent and the Grenadines,0.13,1,1,1,1986.0,0,0
VCT,St. Vincent and the Grenadines,1987,St. Vincent and the Grenadines,0.21,1,1,1,1987.0,0,0
VCT,St. Vincent and the Grenadines,1988,St. Vincent and the Grenadines,0.09,1,1,1,1988.0,0,0
VCT,St. Vincent and the Grenadines,1989,St. Vincent and the Grenadines,0.18,1,1,1,1989.0,0,0
VCT,St. Vincent and the Grenadines,1990,St. Vincent and the Grenadines,1.04,1,1,1,1990.0,0,0
VCT,St. Vincent and the Grenadines,1991,St. Vincent and the Grenadines,0.23,1,1,1,1991.0,0,0
VCT,St. Vincent and the Grenadines,1992,St. Vincent and the Grenadines,0.08,1,1,1,1992.0,0,0
VCT,St. Vincent and the Grenadines,1993,St. Vincent and the Grenadines,0.06,1,1,1,1993.0,0,0
VCT,St. Vincent and the Grenadines,1994,St. Vincent and the Grenadines,0.1,1,1,1,1994.0,0,0
VCT,St. Vincent and the Grenadines,1995,St. Vincent and the Grenadines,0.62,1,1,1,1995.0,0,0
VCT,St. Vincent and the Grenadines,1996,St. Vincent and the Grenadines,1.74,1,1,1,1996.0,0,0
VCT,St. Vincent and the Grenadines,1997,St. Vincent and the Grenadines,1.8,1,1,1,1997.0,0,0
VCT,St. Vincent and the Grenadines,1998,St. Vincent and the Grenadines,0.19,1,1,1,1998.0,0,0
VCT,St. Vincent and the Grenadines,1999,St. Vincent and the Grenadines,0.45,1,1,1,1999.0,0,0
VCT,St. Vincent and the Grenadines,2000,St. Vincent and the Grenadines,1.71,1,1,1,2000.0,0,0
VCT,St. Vincent and the Grenadines,2001,St. Vincent and the Grenadines,64.03,1,1,1,2001.0,0,0
VCT,St. Vincent and the Grenadines,2002,St. Vincent and the Grenadines,68.35,1,1,1,2002.0,0,0
VCT,St. Vincent and the Grenadines,2003,St. Vincent and the Grenadines,67.53,1,1,1,2003.0,0,0
VCT,St. Vincent and the Grenadines,2004,St. Vincent and the Grenadines,68.39,1,1,1,2004.0,0,0
VCT,St. Vincent and the Grenadines,2005,St. Vincent and the Grenadines,69.18,1,1,1,2005.0,0,0
VCT,St. Vincent and the Grenadines,2006,St. Vincent and the Grenadines,62.64,1,1,1,2006.0,0,0
VCT,St. Vincent and the Grenadines,2007,St. Vincent and the Grenadines,61.86,1,1,1,2007.0,0,0
VCT,St. Vincent and the Grenadines,2008,St. Vincent and the Grenadines,0.45,1,1,1,2008.0,0,0
VCT,St. Vincent and the Grenadines,2009,St. Vincent and the Grenadines,1.33,1,1,1,2009.0,0,0
VCT,St. Vincent and the Grenadines,2010,St. Vincent and the Grenadines,0.18,1,1,1,2010.0,0,0
VCT,St. Vincent and the Grenadines,2011,St. Vincent and the Grenadines,0.18,1,1,1,2011.0,0,0
VCT,St. Vincent and the Grenadines,2012,St. Vincent and the Grenadines,0.18,1,1,1,2012.0,0,0
VCT,St. Vincent and the Grenadines,2013,St. Vincent and the Grenadines,0.03,1,1,1,2013.0,0,0
VCT,St. Vincent and the Grenadines,2014,St. Vincent and the Grenadines,0.02,1,1,1,2014.0,0,0
VCT,St. Vincent and the Grenadines,2015,St. Vincent and the Grenadines,0.02,1,1,1,2015.0,0,0
VCT,St. Vincent and the Grenadines,2016,St. Vincent and the Grenadines,4.61,1,1,1,2016.0,0,0
VCT,St. Vincent and the Grenadines,2017,St. Vincent and the Grenadines,4.3,1,1,1,2017.0,0,0
VCT,St. Vincent and the Grenadines,2018,St. Vincent and the Grenadines,3.75,1,1,1,2018.0,0,0
VCT,St. Vincent and the Grenadines,2019,St. Vincent and the Grenadines,3.75,1,1,1,2019.0,0,0
VCT,St. Vincent and the Grenadines,2020,St. Vincent and the Grenadines,3.75,1,1,1,2020.0,0,0
VCT,St. Vincent and the Grenadines,2021,St. Vincent and the Grenadines,5.12,1,1,1,2021.0,0,0
VCT,St. Vincent and the Grenadines,2022,St. Vincent and the Grenadines,73.75,1,1,1,2022.0,0,0
VCT,St. Vincent and the Grenadines,2023,St. Vincent and the Grenadines,4.0,1,1,1,2023.0,0,0
VCT,St. Vincent and the Grenadines,2024,St. Vincent and the Grenadines,4.0,1,1,1,2024.0,0,0
VEN,"Venezuela, RB",1960,Venezuela,0.0,0,0,0,,1,1
VEN,"Venezuela, RB",1961,Venezuela,0.0,0,0,0,,1,2
VEN,"Venezuela, RB",1962,Venezuela,0.0,0,0,0,,1,3
VEN,"Venezuela, RB",1963,Venezuela,0.0,0,0,0,,1,4
VEN,"Venezuela, RB",1964,Venezuela,0.0,0,0,0,,1,5
VEN,"Venezuela, RB",1965,Venezuela,0.0,0,0,0,,1,6
VEN,"Venezuela, RB",1966,Venezuela,0.0,0,0,0,,1,7
VEN,"Venezuela, RB",1967,Venezuela,0.0,0,0,0,,1,8
VEN,"Venezuela, RB",1968,Venezuela,0.0,0,0,0,,1,9
VEN,"Venezuela, RB",1969,Venezuela,0.0,0,0,0,,1,10
VEN,"Venezuela, RB",1970,Venezuela,0.0,0,0,0,,1,11
VEN,"Venezuela, RB",1971,Venezuela,0.0,0,0,0,,1,12
VEN,"Venezuela, RB",1972,Venezuela,0.0,0,0,0,,1,13
VEN,"Venezuela, RB",1973,Venezuela,0.0,0,0,0,,1,14
VEN,"Venezuela, RB",1974,Venezuela,0.0,0,0,0,,1,15
VEN,"Venezuela, RB",1975,Venezuela,0.0,0,0,0,,1,16
VEN,"Venezuela, RB",1976,Venezuela,0.0,0,0,0,,1,17
VEN,"Venezuela, RB",1977,Venezuela,0.0,0,0,0,,1,18
VEN,"Venezuela, RB",1978,Venezuela,52.9,1,0,0,1978.0,0,0
VEN,"Venezuela, RB",1979,Venezuela,160.2,1,1,1,1979.0,0,0
VEN,"Venezuela, RB",1980,Venezuela,51.4,1,1,1,1980.0,0,0
VEN,"Venezuela, RB",1981,Venezuela,5.8,1,1,1,1981.0,0,0
VEN,"Venezuela, RB",1982,Venezuela,5.4,1,1,1,1982.0,0,0
VEN,"Venezuela, RB",1983,Venezuela,14977.96,1,1,1,1983.0,0,0
VEN,"Venezuela, RB",1984,Venezuela,16988.81,1,1,1,1984.0,0,0
VEN,"Venezuela, RB",1985,Venezuela,18737.85,1,1,1,1985.0,0,0
VEN,"Venezuela, RB",1986,Venezuela,20329.6,1,1,1,1986.0,0,0
VEN,"Venezuela, RB",1987,Venezuela,20360.6,1,1,1,1987.0,0,0
VEN,"Venezuela, RB",1988,Venezuela,20338.8,1,1,1,1988.0,0,0
VEN,"Venezuela, RB",1989,Venezuela,20288.8,1,1,1,1989.0,0,0
VEN,"Venezuela, RB",1990,Venezuela,19585.0,1,1,1,1990.0,0,0
VEN,"Venezuela, RB",1991,Venezuela,0.0,0,1,1,1990.0,0,1
VEN,"Venezuela, RB",1992,Venezuela,618.5,1,1,1,1992.0,0,0
VEN,"Venezuela, RB",1993,Venezuela,2013.3,1,1,1,1993.0,0,0
VEN,"Venezuela, RB",1994,Venezuela,1540.1,1,1,1,1994.0,0,0
VEN,"Venezuela, RB",1995,Venezuela,1420.1,1,1,1,1995.0,0,0
VEN,"Venezuela, RB",1996,Venezuela,546.5,1,1,1,1996.0,0,0
VEN,"Venezuela, RB",1997,Venezuela,698.7,1,1,1,1997.0,0,0
VEN,"Venezuela, RB",1998,Venezuela,484.7,1,1,1,1998.0,0,0
VEN,"Venezuela, RB",1999,Venezuela,183.9,1,1,1,1999.0,0,0
VEN,"Venezuela, RB",2000,Venezuela,137.9,1,1,1,2000.0,0,0
VEN,"Venezuela, RB",2001,Venezuela,54.5,1,1,1,2001.0,0,0
VEN,"Venezuela, RB",2002,Venezuela,5186.2,1,1,1,2002.0,0,0
VEN,"Venezuela, RB",2003,Venezuela,1104.7,1,1,1,2003.0,0,0
VEN,"Venezuela, RB",2004,Venezuela,16.05,1,1,1,2004.0,0,0
VEN,"Venezuela, RB",2005,Venezuela,942.94,1,1,1,2005.0,0,0
VEN,"Venezuela, RB",2006,Venezuela,0.41,1,1,1,2006.0,0,0
VEN,"Venezuela, RB",2007,Venezuela,178.15,1,1,1,2007.0,0,0
VEN,"Venezuela, RB",2008,Venezuela,6.07,1,1,1,2008.0,0,0
VEN,"Venezuela, RB",2009,Venezuela,1.47,1,1,1,2009.0,0,0
VEN,"Venezuela, RB",2010,Venezuela,1490.18,1,1,1,2010.0,0,0
VEN,"Venezuela, RB",2011,Venezuela,0.11,1,1,1,2011.0,0,0
VEN,"Venezuela, RB",2012,Venezuela,0.06,1,1,1,2012.0,0,0
VEN,"Venezuela, RB",2013,Venezuela,0.16,1,1,1,2013.0,0,0
VEN,"Venezuela, RB",2014,Venezuela,0.56,1,1,1,2014.0,0,0
VEN,"Venezuela, RB",2015,Venezuela,2.67,1,1,1,2015.0,0,0
VEN,"Venezuela, RB",2016,Venezuela,14517.79,1,1,1,2016.0,0,0
VEN,"Venezuela, RB",2017,Venezuela,30669.37,1,1,1,2017.0,0,0
VEN,"Venezuela, RB",2018,Venezuela,75624.77,1,1,1,2018.0,0,0
VEN,"Venezuela, RB",2019,Venezuela,78264.24,1,1,1,2019.0,0,0
VEN,"Venezuela, RB",2020,Venezuela,87248.59,1,1,1,2020.0,0,0
VEN,"Venezuela, RB",2021,Venezuela,86701.91,1,1,1,2021.0,0,0
VEN,"Venezuela, RB",2022,Venezuela,90467.0,1,1,1,2022.0,0,0
VEN,"Venezuela, RB",2023,Venezuela,92474.0,1,1,1,2023.0,0,0
VEN,"Venezuela, RB",2024,Venezuela,96427.0,1,1,1,2024.0,0,0
VGB,British Virgin Islands,1960,,0.0,0,0,0,,1,1
VGB,British Virgin Islands,1961,,0.0,0,0,0,,1,2
VGB,British Virgin Islands,1962,,0.0,0,0,0,,1,3
VGB,British Virgin Islands,1963,,0.0,0,0,0,,1,4
VGB,British Virgin Islands,1964,,0.0,0,0,0,,1,5
VGB,British Virgin Islands,1965,,0.0,0,0,0,,1,6
VGB,British Virgin Islands,1966,,0.0,0,0,0,,1,7
VGB,British Virgin Islands,1967,,0.0,0,0,0,,1,8
VGB,British Virgin Islands,1968,,0.0,0,0,0,,1,9
VGB,British Virgin Islands,1969,,0.0,0,0,0,,1,10
VGB,British Virgin Islands,1970,,0.0,0,0,0,,1,11
VGB,British Virgin Islands,1971,,0.0,0,0,0,,1,12
VGB,British Virgin Islands,1972,,0.0,0,0,0,,1,13
VGB,British Virgin Islands,1973,,0.0,0,0,0,,1,14
VGB,British Virgin Islands,1974,,0.0,0,0,0,,1,15
VGB,British Virgin Islands,1975,,0.0,0,0,0,,1,16
VGB,British Virgin Islands,1976,,0.0,0,0,0,,1,17
VGB,British Virgin Islands,1977,,0.0,0,0,0,,1,18
VGB,British Virgin Islands,1978,,0.0,0,0,0,,1,19
VGB,British Virgin Islands,1979,,0.0,0,0,0,,1,20
VGB,British Virgin Islands,1980,,0.0,0,0,0,,1,21
VGB,British Virgin Islands,1981,,0.0,0,0,0,,1,22
VGB,British Virgin Islands,1982,,0.0,0,0,0,,1,23
VGB,British Virgin Islands,1983,,0.0,0,0,0,,1,24
VGB,British Virgin Islands,1984,,0.0,0,0,0,,1,25
VGB,British Virgin Islands,1985,,0.0,0,0,0,,1,26
VGB,British Virgin Islands,1986,,0.0,0,0,0,,1,27
VGB,British Virgin Islands,1987,,0.0,0,0,0,,1,28
VGB,British Virgin Islands,1988,,0.0,0,0,0,,1,29
VGB,British Virgin Islands,1989,,0.0,0,0,0,,1,30
VGB,British Virgin Islands,1990,,0.0,0,0,0,,1,31
VGB,British Virgin Islands,1991,,0.0,0,0,0,,1,32
VGB,British Virgin Islands,1992,,0.0,0,0,0,,1,33
VGB,British Virgin Islands,1993,,0.0,0,0,0,,1,34
VGB,British Virgin Islands,1994,,0.0,0,0,0,,1,35
VGB,British Virgin Islands,1995,,0.0,0,0,0,,1,36
VGB,British Virgin Islands,1996,,0.0,0,0,0,,1,37
VGB,British Virgin Islands,1997,,0.0,0,0,0,,1,38
VGB,British Virgin Islands,1998,,0.0,0,0,0,,1,39
VGB,British Virgin Islands,1999,,0.0,0,0,0,,1,40
VGB,British Virgin Islands,2000,,0.0,0,0,0,,1,41
VGB,British Virgin Islands,2001,,0.0,0,0,0,,1,42
VGB,British Virgin Islands,2002,,0.0,0,0,0,,1,43
VGB,British Virgin Islands,2003,,0.0,0,0,0,,1,44
VGB,British Virgin Islands,2004,,0.0,0,0,0,,1,45
VGB,British Virgin Islands,2005,,0.0,0,0,0,,1,46
VGB,British Virgin Islands,2006,,0.0,0,0,0,,1,47
VGB,British Virgin Islands,2007,,0.0,0,0,0,,1,48
VGB,British Virgin Islands,2008,,0.0,0,0,0,,1,49
VGB,British Virgin Islands,2009,,0.0,0,0,0,,1,50
VGB,British Virgin Islands,2010,,0.0,0,0,0,,1,51
VGB,British Virgin Islands,2011,,0.0,0,0,0,,1,52
VGB,British Virgin Islands,2012,,0.0,0,0,0,,1,53
VGB,British Virgin Islands,2013,,0.0,0,0,0,,1,54
VGB,British Virgin Islands,2014,,0.0,0,0,0,,1,55
VGB,British Virgin Islands,2015,,0.0,0,0,0,,1,56
VGB,British Virgin Islands,2016,,0.0,0,0,0,,1,57
VGB,British Virgin Islands,2017,,0.0,0,0,0,,1,58
VGB,British Virgin Islands,2018,,0.0,0,0,0,,1,59
VGB,British Virgin Islands,2019,,0.0,0,0,0,,1,60
VGB,British Virgin Islands,2020,,0.0,0,0,0,,1,61
VGB,British Virgin Islands,2021,,0.0,0,0,0,,1,62
VGB,British Virgin Islands,2022,,0.0,0,0,0,,1,63
VGB,British Virgin Islands,2023,,0.0,0,0,0,,1,64
VGB,British Virgin Islands,2024,,0.0,0,0,0,,1,65
VIR,Virgin Islands (U.S.),1960,,0.0,0,0,0,,1,1
VIR,Virgin Islands (U.S.),1961,,0.0,0,0,0,,1,2
VIR,Virgin Islands (U.S.),1962,,0.0,0,0,0,,1,3
VIR,Virgin Islands (U.S.),1963,,0.0,0,0,0,,1,4
VIR,Virgin Islands (U.S.),1964,,0.0,0,0,0,,1,5
VIR,Virgin Islands (U.S.),1965,,0.0,0,0,0,,1,6
VIR,Virgin Islands (U.S.),1966,,0.0,0,0,0,,1,7
VIR,Virgin Islands (U.S.),1967,,0.0,0,0,0,,1,8
VIR,Virgin Islands (U.S.),1968,,0.0,0,0,0,,1,9
VIR,Virgin Islands (U.S.),1969,,0.0,0,0,0,,1,10
VIR,Virgin Islands (U.S.),1970,,0.0,0,0,0,,1,11
VIR,Virgin Islands (U.S.),1971,,0.0,0,0,0,,1,12
VIR,Virgin Islands (U.S.),1972,,0.0,0,0,0,,1,13
VIR,Virgin Islands (U.S.),1973,,0.0,0,0,0,,1,14
VIR,Virgin Islands (U.S.),1974,,0.0,0,0,0,,1,15
VIR,Virgin Islands (U.S.),1975,,0.0,0,0,0,,1,16
VIR,Virgin Islands (U.S.),1976,,0.0,0,0,0,,1,17
VIR,Virgin Islands (U.S.),1977,,0.0,0,0,0,,1,18
VIR,Virgin Islands (U.S.),1978,,0.0,0,0,0,,1,19
VIR,Virgin Islands (U.S.),1979,,0.0,0,0,0,,1,20
VIR,Virgin Islands (U.S.),1980,,0.0,0,0,0,,1,21
VIR,Virgin Islands (U.S.),1981,,0.0,0,0,0,,1,22
VIR,Virgin Islands (U.S.),1982,,0.0,0,0,0,,1,23
VIR,Virgin Islands (U.S.),1983,,0.0,0,0,0,,1,24
VIR,Virgin Islands (U.S.),1984,,0.0,0,0,0,,1,25
VIR,Virgin Islands (U.S.),1985,,0.0,0,0,0,,1,26
VIR,Virgin Islands (U.S.),1986,,0.0,0,0,0,,1,27
VIR,Virgin Islands (U.S.),1987,,0.0,0,0,0,,1,28
VIR,Virgin Islands (U.S.),1988,,0.0,0,0,0,,1,29
VIR,Virgin Islands (U.S.),1989,,0.0,0,0,0,,1,30
VIR,Virgin Islands (U.S.),1990,,0.0,0,0,0,,1,31
VIR,Virgin Islands (U.S.),1991,,0.0,0,0,0,,1,32
VIR,Virgin Islands (U.S.),1992,,0.0,0,0,0,,1,33
VIR,Virgin Islands (U.S.),1993,,0.0,0,0,0,,1,34
VIR,Virgin Islands (U.S.),1994,,0.0,0,0,0,,1,35
VIR,Virgin Islands (U.S.),1995,,0.0,0,0,0,,1,36
VIR,Virgin Islands (U.S.),1996,,0.0,0,0,0,,1,37
VIR,Virgin Islands (U.S.),1997,,0.0,0,0,0,,1,38
VIR,Virgin Islands (U.S.),1998,,0.0,0,0,0,,1,39
VIR,Virgin Islands (U.S.),1999,,0.0,0,0,0,,1,40
VIR,Virgin Islands (U.S.),2000,,0.0,0,0,0,,1,41
VIR,Virgin Islands (U.S.),2001,,0.0,0,0,0,,1,42
VIR,Virgin Islands (U.S.),2002,,0.0,0,0,0,,1,43
VIR,Virgin Islands (U.S.),2003,,0.0,0,0,0,,1,44
VIR,Virgin Islands (U.S.),2004,,0.0,0,0,0,,1,45
VIR,Virgin Islands (U.S.),2005,,0.0,0,0,0,,1,46
VIR,Virgin Islands (U.S.),2006,,0.0,0,0,0,,1,47
VIR,Virgin Islands (U.S.),2007,,0.0,0,0,0,,1,48
VIR,Virgin Islands (U.S.),2008,,0.0,0,0,0,,1,49
VIR,Virgin Islands (U.S.),2009,,0.0,0,0,0,,1,50
VIR,Virgin Islands (U.S.),2010,,0.0,0,0,0,,1,51
VIR,Virgin Islands (U.S.),2011,,0.0,0,0,0,,1,52
VIR,Virgin Islands (U.S.),2012,,0.0,0,0,0,,1,53
VIR,Virgin Islands (U.S.),2013,,0.0,0,0,0,,1,54
VIR,Virgin Islands (U.S.),2014,,0.0,0,0,0,,1,55
VIR,Virgin Islands (U.S.),2015,,0.0,0,0,0,,1,56
VIR,Virgin Islands (U.S.),2016,,0.0,0,0,0,,1,57
VIR,Virgin Islands (U.S.),2017,,0.0,0,0,0,,1,58
VIR,Virgin Islands (U.S.),2018,,0.0,0,0,0,,1,59
VIR,Virgin Islands (U.S.),2019,,0.0,0,0,0,,1,60
VIR,Virgin Islands (U.S.),2020,,0.0,0,0,0,,1,61
VIR,Virgin Islands (U.S.),2021,,0.0,0,0,0,,1,62
VIR,Virgin Islands (U.S.),2022,,0.0,0,0,0,,1,63
VIR,Virgin Islands (U.S.),2023,,0.0,0,0,0,,1,64
VIR,Virgin Islands (U.S.),2024,,0.0,0,0,0,,1,65
VNM,Viet Nam,1960,Vietnam,0.0,0,0,0,,1,1
VNM,Viet Nam,1961,Vietnam,0.0,0,0,0,,1,2
VNM,Viet Nam,1962,Vietnam,0.0,0,0,0,,1,3
VNM,Viet Nam,1963,Vietnam,0.0,0,0,0,,1,4
VNM,Viet Nam,1964,Vietnam,0.0,0,0,0,,1,5
VNM,Viet Nam,1965,Vietnam,0.0,0,0,0,,1,6
VNM,Viet Nam,1966,Vietnam,0.0,0,0,0,,1,7
VNM,Viet Nam,1967,Vietnam,0.0,0,0,0,,1,8
VNM,Viet Nam,1968,Vietnam,0.0,0,0,0,,1,9
VNM,Viet Nam,1969,Vietnam,0.0,0,0,0,,1,10
VNM,Viet Nam,1970,Vietnam,0.0,0,0,0,,1,11
VNM,Viet Nam,1971,Vietnam,0.0,0,0,0,,1,12
VNM,Viet Nam,1972,Vietnam,0.0,0,0,0,,1,13
VNM,Viet Nam,1973,Vietnam,0.0,0,0,0,,1,14
VNM,Viet Nam,1974,Vietnam,0.0,0,0,0,,1,15
VNM,Viet Nam,1975,Vietnam,516.0,1,0,0,1975.0,0,0
VNM,Viet Nam,1976,Vietnam,0.0,0,1,1,1975.0,0,1
VNM,Viet Nam,1977,Vietnam,0.0,0,1,1,1975.0,0,2
VNM,Viet Nam,1978,Vietnam,467.0,1,1,1,1978.0,0,0
VNM,Viet Nam,1979,Vietnam,0.0,0,1,1,1978.0,0,1
VNM,Viet Nam,1980,Vietnam,33.0,1,1,1,1980.0,0,0
VNM,Viet Nam,1981,Vietnam,1389.0,1,1,1,1981.0,0,0
VNM,Viet Nam,1982,Vietnam,1406.8,1,1,1,1982.0,0,0
VNM,Viet Nam,1983,Vietnam,1604.0,1,1,1,1983.0,0,0
VNM,Viet Nam,1984,Vietnam,1593.11,1,1,1,1984.0,0,0
VNM,Viet Nam,1985,Vietnam,2720.33,1,1,1,1985.0,0,0
VNM,Viet Nam,1986,Vietnam,1976.36,1,1,1,1986.0,0,0
VNM,Viet Nam,1987,Vietnam,603.9,1,1,1,1987.0,0,0
VNM,Viet Nam,1988,Vietnam,1169.46,1,1,1,1988.0,0,0
VNM,Viet Nam,1989,Vietnam,1527.19,1,1,1,1989.0,0,0
VNM,Viet Nam,1990,Vietnam,2730.07,1,1,1,1990.0,0,0
VNM,Viet Nam,1991,Vietnam,4832.19,1,1,1,1991.0,0,0
VNM,Viet Nam,1992,Vietnam,7017.66,1,1,1,1992.0,0,0
VNM,Viet Nam,1993,Vietnam,7492.46,1,1,1,1993.0,0,0
VNM,Viet Nam,1994,Vietnam,9276.48,1,1,1,1994.0,0,0
VNM,Viet Nam,1995,Vietnam,11295.46,1,1,1,1995.0,0,0
VNM,Viet Nam,1996,Vietnam,13255.6,1,1,1,1996.0,0,0
VNM,Viet Nam,1997,Vietnam,9791.97,1,1,1,1997.0,0,0
VNM,Viet Nam,1998,Vietnam,10379.45,1,1,1,1998.0,0,0
VNM,Viet Nam,1999,Vietnam,10285.08,1,1,1,1999.0,0,0
VNM,Viet Nam,2000,Vietnam,10219.65,1,1,1,2000.0,0,0
VNM,Viet Nam,2001,Vietnam,1457.11,1,1,1,2001.0,0,0
VNM,Viet Nam,2002,Vietnam,1439.5,1,1,1,2002.0,0,0
VNM,Viet Nam,2003,Vietnam,1445.09,1,1,1,2003.0,0,0
VNM,Viet Nam,2004,Vietnam,1406.36,1,1,1,2004.0,0,0
VNM,Viet Nam,2005,Vietnam,1423.14,1,1,1,2005.0,0,0
VNM,Viet Nam,2006,Vietnam,14.33,1,1,1,2006.0,0,0
VNM,Viet Nam,2007,Vietnam,16.09,1,1,1,2007.0,0,0
VNM,Viet Nam,2008,Vietnam,13.79,1,1,1,2008.0,0,0
VNM,Viet Nam,2009,Vietnam,13.6,1,1,1,2009.0,0,0
VNM,Viet Nam,2010,Vietnam,18.37,1,1,1,2010.0,0,0
VNM,Viet Nam,2011,Vietnam,17.27,1,1,1,2011.0,0,0
VNM,Viet Nam,2012,Vietnam,12.98,1,1,1,2012.0,0,0
VNM,Viet Nam,2013,Vietnam,11.17,1,1,1,2013.0,0,0
VNM,Viet Nam,2014,Vietnam,33.47,1,1,1,2014.0,0,0
VNM,Viet Nam,2015,Vietnam,36.46,1,1,1,2015.0,0,0
VNM,Viet Nam,2016,Vietnam,50.04,1,1,1,2016.0,0,0
VNM,Viet Nam,2017,Vietnam,54.75,1,1,1,2017.0,0,0
VNM,Viet Nam,2018,Vietnam,56.66,1,1,1,2018.0,0,0
VNM,Viet Nam,2019,Vietnam,59.65,1,1,1,2019.0,0,0
VNM,Viet Nam,2020,Vietnam,63.58,1,1,1,2020.0,0,0
VNM,Viet Nam,2021,Vietnam,63.74,1,1,1,2021.0,0,0
VNM,Viet Nam,2022,Vietnam,61.74,1,1,1,2022.0,0,0
VNM,Viet Nam,2023,Vietnam,66.03,1,1,1,2023.0,0,0
VNM,Viet Nam,2024,Vietnam,65.03,1,1,1,2024.0,0,0
VUT,Vanuatu,1960,Vanuatu,0.0,0,0,0,,1,1
VUT,Vanuatu,1961,Vanuatu,0.0,0,0,0,,1,2
VUT,Vanuatu,1962,Vanuatu,0.0,0,0,0,,1,3
VUT,Vanuatu,1963,Vanuatu,0.0,0,0,0,,1,4
VUT,Vanuatu,1964,Vanuatu,0.0,0,0,0,,1,5
VUT,Vanuatu,1965,Vanuatu,0.0,0,0,0,,1,6
VUT,Vanuatu,1966,Vanuatu,0.0,0,0,0,,1,7
VUT,Vanuatu,1967,Vanuatu,0.0,0,0,0,,1,8
VUT,Vanuatu,1968,Vanuatu,0.0,0,0,0,,1,9
VUT,Vanuatu,1969,Vanuatu,0.0,0,0,0,,1,10
VUT,Vanuatu,1970,Vanuatu,0.0,0,0,0,,1,11
VUT,Vanuatu,1971,Vanuatu,0.0,0,0,0,,1,12
VUT,Vanuatu,1972,Vanuatu,0.0,0,0,0,,1,13
VUT,Vanuatu,1973,Vanuatu,0.0,0,0,0,,1,14
VUT,Vanuatu,1974,Vanuatu,0.0,0,0,0,,1,15
VUT,Vanuatu,1975,Vanuatu,0.0,0,0,0,,1,16
VUT,Vanuatu,1976,Vanuatu,0.0,0,0,0,,1,17
VUT,Vanuatu,1977,Vanuatu,0.0,0,0,0,,1,18
VUT,Vanuatu,1978,Vanuatu,0.0,0,0,0,,1,19
VUT,Vanuatu,1979,Vanuatu,0.0,0,0,0,,1,20
VUT,Vanuatu,1980,Vanuatu,0.0,0,0,0,,1,21
VUT,Vanuatu,1981,Vanuatu,0.0,0,0,0,,1,22
VUT,Vanuatu,1982,Vanuatu,0.0,0,0,0,,1,23
VUT,Vanuatu,1983,Vanuatu,0.0,0,0,0,,1,24
VUT,Vanuatu,1984,Vanuatu,0.0,0,0,0,,1,25
VUT,Vanuatu,1985,Vanuatu,0.0,0,0,0,,1,26
VUT,Vanuatu,1986,Vanuatu,0.0,0,0,0,,1,27
VUT,Vanuatu,1987,Vanuatu,0.0,0,0,0,,1,28
VUT,Vanuatu,1988,Vanuatu,0.0,0,0,0,,1,29
VUT,Vanuatu,1989,Vanuatu,0.0,0,0,0,,1,30
VUT,Vanuatu,1990,Vanuatu,0.0,0,0,0,,1,31
VUT,Vanuatu,1991,Vanuatu,5.58,1,0,0,1991.0,0,0
VUT,Vanuatu,1992,Vanuatu,0.0,0,1,1,1991.0,0,1
VUT,Vanuatu,1993,Vanuatu,0.0,0,1,1,1991.0,0,2
VUT,Vanuatu,1994,Vanuatu,0.0,0,1,1,1991.0,0,3
VUT,Vanuatu,1995,Vanuatu,0.0,0,1,1,1991.0,0,4
VUT,Vanuatu,1996,Vanuatu,0.0,0,1,1,1991.0,0,5
VUT,Vanuatu,1997,Vanuatu,0.0,0,0,1,1991.0,0,6
VUT,Vanuatu,1998,Vanuatu,0.0,0,0,1,1991.0,0,7
VUT,Vanuatu,1999,Vanuatu,0.0,0,0,1,1991.0,0,8
VUT,Vanuatu,2000,Vanuatu,0.0,0,0,1,1991.0,0,9
VUT,Vanuatu,2001,Vanuatu,0.0,0,0,1,1991.0,0,10
VUT,Vanuatu,2002,Vanuatu,0.0,0,0,0,1991.0,0,11
VUT,Vanuatu,2003,Vanuatu,10.0,1,0,0,2003.0,0,0
VUT,Vanuatu,2004,Vanuatu,0.52,1,1,1,2004.0,0,0
VUT,Vanuatu,2005,Vanuatu,4.85,1,1,1,2005.0,0,0
VUT,Vanuatu,2006,Vanuatu,0.63,1,1,1,2006.0,0,0
VUT,Vanuatu,2007,Vanuatu,0.7,1,1,1,2007.0,0,0
VUT,Vanuatu,2008,Vanuatu,0.66,1,1,1,2008.0,0,0
VUT,Vanuatu,2009,Vanuatu,0.0,0,1,1,2008.0,0,1
VUT,Vanuatu,2010,Vanuatu,0.0,0,1,1,2008.0,0,2
VUT,Vanuatu,2011,Vanuatu,0.0,0,1,1,2008.0,0,3
VUT,Vanuatu,2012,Vanuatu,0.0,0,1,1,2008.0,0,4
VUT,Vanuatu,2013,Vanuatu,10.0,1,1,1,2013.0,0,0
VUT,Vanuatu,2014,Vanuatu,0.0,0,1,1,2013.0,0,1
VUT,Vanuatu,2015,Vanuatu,3.0,1,1,1,2015.0,0,0
VUT,Vanuatu,2016,Vanuatu,3.0,1,1,1,2016.0,0,0
VUT,Vanuatu,2017,Vanuatu,3.0,1,1,1,2017.0,0,0
VUT,Vanuatu,2018,Vanuatu,2.8,1,1,1,2018.0,0,0
VUT,Vanuatu,2019,Vanuatu,0.0,0,1,1,2018.0,0,1
VUT,Vanuatu,2020,Vanuatu,0.0,0,1,1,2018.0,0,2
VUT,Vanuatu,2021,Vanuatu,0.0,0,1,1,2018.0,0,3
VUT,Vanuatu,2022,Vanuatu,0.0,0,1,1,2018.0,0,4
VUT,Vanuatu,2023,Vanuatu,0.0,0,1,1,2018.0,0,5
VUT,Vanuatu,2024,Vanuatu,0.0,0,0,1,2018.0,0,6
WSM,Samoa,1960,Samoa,0.0,0,0,0,,1,1
WSM,Samoa,1961,Samoa,0.0,0,0,0,,1,2
WSM,Samoa,1962,Samoa,0.0,0,0,0,,1,3
WSM,Samoa,1963,Samoa,0.0,0,0,0,,1,4
WSM,Samoa,1964,Samoa,0.0,0,0,0,,1,5
WSM,Samoa,1965,Samoa,0.0,0,0,0,,1,6
WSM,Samoa,1966,Samoa,0.0,0,0,0,,1,7
WSM,Samoa,1967,Samoa,0.0,0,0,0,,1,8
WSM,Samoa,1968,Samoa,0.0,0,0,0,,1,9
WSM,Samoa,1969,Samoa,0.0,0,0,0,,1,10
WSM,Samoa,1970,Samoa,0.0,0,0,0,,1,11
WSM,Samoa,1971,Samoa,0.0,0,0,0,,1,12
WSM,Samoa,1972,Samoa,0.0,0,0,0,,1,13
WSM,Samoa,1973,Samoa,0.0,0,0,0,,1,14
WSM,Samoa,1974,Samoa,0.35,1,0,0,1974.0,0,0
WSM,Samoa,1975,Samoa,0.0,0,1,1,1974.0,0,1
WSM,Samoa,1976,Samoa,0.0,0,1,1,1974.0,0,2
WSM,Samoa,1977,Samoa,0.0,0,1,1,1974.0,0,3
WSM,Samoa,1978,Samoa,0.0,0,1,1,1974.0,0,4
WSM,Samoa,1979,Samoa,0.0,0,1,1,1974.0,0,5
WSM,Samoa,1980,Samoa,0.0,0,0,1,1974.0,0,6
WSM,Samoa,1981,Samoa,0.66,1,0,1,1981.0,0,0
WSM,Samoa,1982,Samoa,2.17,1,1,1,1982.0,0,0
WSM,Samoa,1983,Samoa,2.76,1,1,1,1983.0,0,0
WSM,Samoa,1984,Samoa,1.56,1,1,1,1984.0,0,0
WSM,Samoa,1985,Samoa,1.69,1,1,1,1985.0,0,0
WSM,Samoa,1986,Samoa,0.0,0,1,1,1985.0,0,1
WSM,Samoa,1987,Samoa,0.0,0,1,1,1985.0,0,2
WSM,Samoa,1988,Samoa,0.05,1,1,1,1988.0,0,0
WSM,Samoa,1989,Samoa,0.15,1,1,1,1989.0,0,0
WSM,Samoa,1990,Samoa,0.0,0,1,1,1989.0,0,1
WSM,Samoa,1991,Samoa,0.01,1,1,1,1991.0,0,0
WSM,Samoa,1992,Samoa,0.0,0,1,1,1991.0,0,1
WSM,Samoa,1993,Samoa,0.3,1,1,1,1993.0,0,0
WSM,Samoa,1994,Samoa,0.0,0,1,1,1993.0,0,1
WSM,Samoa,1995,Samoa,0.0,0,1,1,1993.0,0,2
WSM,Samoa,1996,Samoa,0.0,0,1,1,1993.0,0,3
WSM,Samoa,1997,Samoa,0.02,1,1,1,1997.0,0,0
WSM,Samoa,1998,Samoa,0.0,0,1,1,1997.0,0,1
WSM,Samoa,1999,Samoa,0.0,0,1,1,1997.0,0,2
WSM,Samoa,2000,Samoa,0.0,0,1,1,1997.0,0,3
WSM,Samoa,2001,Samoa,0.02,1,1,1,2001.0,0,0
WSM,Samoa,2002,Samoa,0.06,1,1,1,2002.0,0,0
WSM,Samoa,2003,Samoa,0.0,0,1,1,2002.0,0,1
WSM,Samoa,2004,Samoa,0.0,0,1,1,2002.0,0,2
WSM,Samoa,2005,Samoa,0.0,0,1,1,2002.0,0,3
WSM,Samoa,2006,Samoa,12.15,1,1,1,2006.0,0,0
WSM,Samoa,2007,Samoa,19.0,1,1,1,2007.0,0,0
WSM,Samoa,2008,Samoa,0.0,0,1,1,2007.0,0,1
WSM,Samoa,2009,Samoa,0.01,1,1,1,2009.0,0,0
WSM,Samoa,2010,Samoa,0.0,0,1,1,2009.0,0,1
WSM,Samoa,2011,Samoa,0.0,0,1,1,2009.0,0,2
WSM,Samoa,2012,Samoa,0.0,0,1,1,2009.0,0,3
WSM,Samoa,2013,Samoa,0.0,0,1,1,2009.0,0,4
WSM,Samoa,2014,Samoa,0.0,0,1,1,2009.0,0,5
WSM,Samoa,2015,Samoa,0.0,0,0,1,2009.0,0,6
WSM,Samoa,2016,Samoa,0.0,0,0,1,2009.0,0,7
WSM,Samoa,2017,Samoa,0.0,0,0,1,2009.0,0,8
WSM,Samoa,2018,Samoa,0.0,0,0,1,2009.0,0,9
WSM,Samoa,2019,Samoa,0.0,0,0,1,2009.0,0,10
WSM,Samoa,2020,Samoa,9.71,1,0,0,2020.0,0,0
WSM,Samoa,2021,Samoa,18.44,1,1,1,2021.0,0,0
WSM,Samoa,2022,Samoa,0.0,0,1,1,2021.0,0,1
WSM,Samoa,2023,Samoa,0.0,0,1,1,2021.0,0,2
WSM,Samoa,2024,Samoa,0.0,0,1,1,2021.0,0,3
XKX,Kosovo,1960,Kosovo,0.0,0,0,0,,1,1
XKX,Kosovo,1961,Kosovo,0.0,0,0,0,,1,2
XKX,Kosovo,1962,Kosovo,0.0,0,0,0,,1,3
XKX,Kosovo,1963,Kosovo,0.0,0,0,0,,1,4
XKX,Kosovo,1964,Kosovo,0.0,0,0,0,,1,5
XKX,Kosovo,1965,Kosovo,0.0,0,0,0,,1,6
XKX,Kosovo,1966,Kosovo,0.0,0,0,0,,1,7
XKX,Kosovo,1967,Kosovo,0.0,0,0,0,,1,8
XKX,Kosovo,1968,Kosovo,0.0,0,0,0,,1,9
XKX,Kosovo,1969,Kosovo,0.0,0,0,0,,1,10
XKX,Kosovo,1970,Kosovo,0.0,0,0,0,,1,11
XKX,Kosovo,1971,Kosovo,0.0,0,0,0,,1,12
XKX,Kosovo,1972,Kosovo,0.0,0,0,0,,1,13
XKX,Kosovo,1973,Kosovo,0.0,0,0,0,,1,14
XKX,Kosovo,1974,Kosovo,0.0,0,0,0,,1,15
XKX,Kosovo,1975,Kosovo,0.0,0,0,0,,1,16
XKX,Kosovo,1976,Kosovo,0.0,0,0,0,,1,17
XKX,Kosovo,1977,Kosovo,0.0,0,0,0,,1,18
XKX,Kosovo,1978,Kosovo,0.0,0,0,0,,1,19
XKX,Kosovo,1979,Kosovo,0.0,0,0,0,,1,20
XKX,Kosovo,1980,Kosovo,0.0,0,0,0,,1,21
XKX,Kosovo,1981,Kosovo,0.0,0,0,0,,1,22
XKX,Kosovo,1982,Kosovo,0.0,0,0,0,,1,23
XKX,Kosovo,1983,Kosovo,0.0,0,0,0,,1,24
XKX,Kosovo,1984,Kosovo,0.0,0,0,0,,1,25
XKX,Kosovo,1985,Kosovo,0.0,0,0,0,,1,26
XKX,Kosovo,1986,Kosovo,0.0,0,0,0,,1,27
XKX,Kosovo,1987,Kosovo,0.0,0,0,0,,1,28
XKX,Kosovo,1988,Kosovo,0.0,0,0,0,,1,29
XKX,Kosovo,1989,Kosovo,0.0,0,0,0,,1,30
XKX,Kosovo,1990,Kosovo,0.0,0,0,0,,1,31
XKX,Kosovo,1991,Kosovo,0.0,0,0,0,,1,32
XKX,Kosovo,1992,Kosovo,0.0,0,0,0,,1,33
XKX,Kosovo,1993,Kosovo,0.0,0,0,0,,1,34
XKX,Kosovo,1994,Kosovo,0.0,0,0,0,,1,35
XKX,Kosovo,1995,Kosovo,0.0,0,0,0,,1,36
XKX,Kosovo,1996,Kosovo,0.0,0,0,0,,1,37
XKX,Kosovo,1997,Kosovo,0.0,0,0,0,,1,38
XKX,Kosovo,1998,Kosovo,0.0,0,0,0,,1,39
XKX,Kosovo,1999,Kosovo,0.0,0,0,0,,1,40
XKX,Kosovo,2000,Kosovo,0.0,0,0,0,,1,41
XKX,Kosovo,2001,Kosovo,0.0,0,0,0,,1,42
XKX,Kosovo,2002,Kosovo,0.0,0,0,0,,1,43
XKX,Kosovo,2003,Kosovo,0.0,0,0,0,,1,44
XKX,Kosovo,2004,Kosovo,0.0,0,0,0,,1,45
XKX,Kosovo,2005,Kosovo,0.0,0,0,0,,1,46
XKX,Kosovo,2006,Kosovo,0.0,0,0,0,,1,47
XKX,Kosovo,2007,Kosovo,0.0,0,0,0,,1,48
XKX,Kosovo,2008,Kosovo,0.0,0,0,0,,1,49
XKX,Kosovo,2009,Kosovo,0.0,0,0,0,,1,50
XKX,Kosovo,2010,Kosovo,0.0,0,0,0,,1,51
XKX,Kosovo,2011,Kosovo,0.0,0,0,0,,1,52
XKX,Kosovo,2012,Kosovo,0.0,0,0,0,,1,53
XKX,Kosovo,2013,Kosovo,0.0,0,0,0,,1,54
XKX,Kosovo,2014,Kosovo,0.0,0,0,0,,1,55
XKX,Kosovo,2015,Kosovo,0.0,0,0,0,,1,56
XKX,Kosovo,2016,Kosovo,0.0,0,0,0,,1,57
XKX,Kosovo,2017,Kosovo,0.0,0,0,0,,1,58
XKX,Kosovo,2018,Kosovo,0.0,0,0,0,,1,59
XKX,Kosovo,2019,Kosovo,0.0,0,0,0,,1,60
XKX,Kosovo,2020,Kosovo,0.0,0,0,0,,1,61
XKX,Kosovo,2021,Kosovo,0.0,0,0,0,,1,62
XKX,Kosovo,2022,Kosovo,0.0,0,0,0,,1,63
XKX,Kosovo,2023,Kosovo,1.0,1,0,0,2023.0,0,0
XKX,Kosovo,2024,Kosovo,0.0,0,1,1,2023.0,0,1
YEM,"Yemen, Rep.",1960,Yemen,0.0,0,0,0,,1,1
YEM,"Yemen, Rep.",1961,Yemen,0.0,0,0,0,,1,2
YEM,"Yemen, Rep.",1962,Yemen,0.0,0,0,0,,1,3
YEM,"Yemen, Rep.",1963,Yemen,0.0,0,0,0,,1,4
YEM,"Yemen, Rep.",1964,Yemen,0.0,0,0,0,,1,5
YEM,"Yemen, Rep.",1965,Yemen,0.0,0,0,0,,1,6
YEM,"Yemen, Rep.",1966,Yemen,0.0,0,0,0,,1,7
YEM,"Yemen, Rep.",1967,Yemen,0.0,0,0,0,,1,8
YEM,"Yemen, Rep.",1968,Yemen,0.0,0,0,0,,1,9
YEM,"Yemen, Rep.",1969,Yemen,0.0,0,0,0,,1,10
YEM,"Yemen, Rep.",1970,Yemen,0.0,0,0,0,,1,11
YEM,"Yemen, Rep.",1971,Yemen,0.0,0,0,0,,1,12
YEM,"Yemen, Rep.",1972,Yemen,0.0,0,0,0,,1,13
YEM,"Yemen, Rep.",1973,Yemen,14.92,1,0,0,1973.0,0,0
YEM,"Yemen, Rep.",1974,Yemen,22.59,1,1,1,1974.0,0,0
YEM,"Yemen, Rep.",1975,Yemen,32.8,1,1,1,1975.0,0,0
YEM,"Yemen, Rep.",1976,Yemen,46.1,1,1,1,1976.0,0,0
YEM,"Yemen, Rep.",1977,Yemen,104.13,1,1,1,1977.0,0,0
YEM,"Yemen, Rep.",1978,Yemen,48.8,1,1,1,1978.0,0,0
YEM,"Yemen, Rep.",1979,Yemen,49.44,1,1,1,1979.0,0,0
YEM,"Yemen, Rep.",1980,Yemen,7.65,1,1,1,1980.0,0,0
YEM,"Yemen, Rep.",1981,Yemen,22.36,1,1,1,1981.0,0,0
YEM,"Yemen, Rep.",1982,Yemen,40.99,1,1,1,1982.0,0,0
YEM,"Yemen, Rep.",1983,Yemen,81.03,1,1,1,1983.0,0,0
YEM,"Yemen, Rep.",1984,Yemen,131.77,1,1,1,1984.0,0,0
YEM,"Yemen, Rep.",1985,Yemen,194.87,1,1,1,1985.0,0,0
YEM,"Yemen, Rep.",1986,Yemen,278.41,1,1,1,1986.0,0,0
YEM,"Yemen, Rep.",1987,Yemen,383.65,1,1,1,1987.0,0,0
YEM,"Yemen, Rep.",1988,Yemen,497.51,1,1,1,1988.0,0,0
YEM,"Yemen, Rep.",1989,Yemen,605.77,1,1,1,1989.0,0,0
YEM,"Yemen, Rep.",1990,Yemen,1183.17,1,1,1,1990.0,0,0
YEM,"Yemen, Rep.",1991,Yemen,972.89,1,1,1,1991.0,0,0
YEM,"Yemen, Rep.",1992,Yemen,1134.27,1,1,1,1992.0,0,0
YEM,"Yemen, Rep.",1993,Yemen,1299.27,1,1,1,1993.0,0,0
YEM,"Yemen, Rep.",1994,Yemen,1300.96,1,1,1,1994.0,0,0
YEM,"Yemen, Rep.",1995,Yemen,1368.17,1,1,1,1995.0,0,0
YEM,"Yemen, Rep.",1996,Yemen,1709.67,1,1,1,1996.0,0,0
YEM,"Yemen, Rep.",1997,Yemen,2124.15,1,1,1,1997.0,0,0
YEM,"Yemen, Rep.",1998,Yemen,104.32,1,1,1,1998.0,0,0
YEM,"Yemen, Rep.",1999,Yemen,225.09,1,1,1,1999.0,0,0
YEM,"Yemen, Rep.",2000,Yemen,148.69,1,1,1,2000.0,0,0
YEM,"Yemen, Rep.",2001,Yemen,1211.99,1,1,1,2001.0,0,0
YEM,"Yemen, Rep.",2002,Yemen,220.77,1,1,1,2002.0,0,0
YEM,"Yemen, Rep.",2003,Yemen,189.46,1,1,1,2003.0,0,0
YEM,"Yemen, Rep.",2004,Yemen,359.51,1,1,1,2004.0,0,0
YEM,"Yemen, Rep.",2005,Yemen,365.07,1,1,1,2005.0,0,0
YEM,"Yemen, Rep.",2006,Yemen,365.44,1,1,1,2006.0,0,0
YEM,"Yemen, Rep.",2007,Yemen,273.24,1,1,1,2007.0,0,0
YEM,"Yemen, Rep.",2008,Yemen,292.48,1,1,1,2008.0,0,0
YEM,"Yemen, Rep.",2009,Yemen,282.58,1,1,1,2009.0,0,0
YEM,"Yemen, Rep.",2010,Yemen,390.01,1,1,1,2010.0,0,0
YEM,"Yemen, Rep.",2011,Yemen,226.87,1,1,1,2011.0,0,0
YEM,"Yemen, Rep.",2012,Yemen,334.95,1,1,1,2012.0,0,0
YEM,"Yemen, Rep.",2013,Yemen,355.93,1,1,1,2013.0,0,0
YEM,"Yemen, Rep.",2014,Yemen,371.98,1,1,1,2014.0,0,0
YEM,"Yemen, Rep.",2015,Yemen,397.96,1,1,1,2015.0,0,0
YEM,"Yemen, Rep.",2016,Yemen,629.73,1,1,1,2016.0,0,0
YEM,"Yemen, Rep.",2017,Yemen,1730.0,1,1,1,2017.0,0,0
YEM,"Yemen, Rep.",2018,Yemen,1730.0,1,1,1,2018.0,0,0
YEM,"Yemen, Rep.",2019,Yemen,1759.0,1,1,1,2019.0,0,0
YEM,"Yemen, Rep.",2020,Yemen,2152.81,1,1,1,2020.0,0,0
YEM,"Yemen, Rep.",2021,Yemen,2493.92,1,1,1,2021.0,0,0
YEM,"Yemen, Rep.",2022,Yemen,2803.38,1,1,1,2022.0,0,0
YEM,"Yemen, Rep.",2023,Yemen,3154.0,1,1,1,2023.0,0,0
YEM,"Yemen, Rep.",2024,Yemen,3265.0,1,1,1,2024.0,0,0
ZAF,South Africa,1960,South Africa,0.0,0,0,0,,1,1
ZAF,South Africa,1961,South Africa,0.0,0,0,0,,1,2
ZAF,South Africa,1962,South Africa,0.0,0,0,0,,1,3
ZAF,South Africa,1963,South Africa,0.0,0,0,0,,1,4
ZAF,South Africa,1964,South Africa,0.0,0,0,0,,1,5
ZAF,South Africa,1965,South Africa,0.0,0,0,0,,1,6
ZAF,South Africa,1966,South Africa,0.0,0,0,0,,1,7
ZAF,South Africa,1967,South Africa,0.0,0,0,0,,1,8
ZAF,South Africa,1968,South Africa,0.0,0,0,0,,1,9
ZAF,South Africa,1969,South Africa,0.0,0,0,0,,1,10
ZAF,South Africa,1970,South Africa,0.0,0,0,0,,1,11
ZAF,South Africa,1971,South Africa,0.0,0,0,0,,1,12
ZAF,South Africa,1972,South Africa,0.0,0,0,0,,1,13
ZAF,South Africa,1973,South Africa,0.0,0,0,0,,1,14
ZAF,South Africa,1974,South Africa,0.0,0,0,0,,1,15
ZAF,South Africa,1975,South Africa,0.0,0,0,0,,1,16
ZAF,South Africa,1976,South Africa,0.0,0,0,0,,1,17
ZAF,South Africa,1977,South Africa,0.0,0,0,0,,1,18
ZAF,South Africa,1978,South Africa,0.0,0,0,0,,1,19
ZAF,South Africa,1979,South Africa,0.0,0,0,0,,1,20
ZAF,South Africa,1980,South Africa,0.0,0,0,0,,1,21
ZAF,South Africa,1981,South Africa,0.0,0,0,0,,1,22
ZAF,South Africa,1982,South Africa,0.0,0,0,0,,1,23
ZAF,South Africa,1983,South Africa,0.0,0,0,0,,1,24
ZAF,South Africa,1984,South Africa,0.0,0,0,0,,1,25
ZAF,South Africa,1985,South Africa,13628.0,1,0,0,1985.0,0,0
ZAF,South Africa,1986,South Africa,16900.0,1,1,1,1986.0,0,0
ZAF,South Africa,1987,South Africa,16900.0,1,1,1,1987.0,0,0
ZAF,South Africa,1988,South Africa,0.0,0,1,1,1987.0,0,1
ZAF,South Africa,1989,South Africa,7500.0,1,1,1,1989.0,0,0
ZAF,South Africa,1990,South Africa,0.0,0,1,1,1989.0,0,1
ZAF,South Africa,1991,South Africa,0.0,0,1,1,1989.0,0,2
ZAF,South Africa,1992,South Africa,0.0,0,1,1,1989.0,0,3
ZAF,South Africa,1993,South Africa,5000.0,1,1,1,1993.0,0,0
ZAF,South Africa,1994,South Africa,0.0,0,1,1,1993.0,0,1
ZAF,South Africa,1995,South Africa,0.0,0,1,1,1993.0,0,2
ZAF,South Africa,1996,South Africa,0.0,0,1,1,1993.0,0,3
ZAF,South Africa,1997,South Africa,0.0,0,1,1,1993.0,0,4
ZAF,South Africa,1998,South Africa,0.0,0,1,1,1993.0,0,5
ZAF,South Africa,1999,South Africa,0.0,0,0,1,1993.0,0,6
ZAF,South Africa,2000,South Africa,0.0,0,0,1,1993.0,0,7
ZAF,South Africa,2001,South Africa,0.0,0,0,1,1993.0,0,8
ZAF,South Africa,2002,South Africa,0.0,0,0,1,1993.0,0,9
ZAF,South Africa,2003,South Africa,0.0,0,0,1,1993.0,0,10
ZAF,South Africa,2004,South Africa,0.05,1,0,0,2004.0,0,0
ZAF,South Africa,2005,South Africa,0.07,1,1,1,2005.0,0,0
ZAF,South Africa,2006,South Africa,0.0,0,1,1,2005.0,0,1
ZAF,South Africa,2007,South Africa,1222.44,1,1,1,2007.0,0,0
ZAF,South Africa,2008,South Africa,0.0,0,1,1,2007.0,0,1
ZAF,South Africa,2009,South Africa,0.0,0,1,1,2007.0,0,2
ZAF,South Africa,2010,South Africa,0.0,0,1,1,2007.0,0,3
ZAF,South Africa,2011,South Africa,0.0,0,1,1,2007.0,0,4
ZAF,South Africa,2012,South Africa,0.0,0,1,1,2007.0,0,5
ZAF,South Africa,2013,South Africa,0.0,0,0,1,2007.0,0,6
ZAF,South Africa,2014,South Africa,0.0,0,0,1,2007.0,0,7
ZAF,South Africa,2015,South Africa,0.0,0,0,1,2007.0,0,8
ZAF,South Africa,2016,South Africa,0.0,0,0,1,2007.0,0,9
ZAF,South Africa,2017,South Africa,0.0,0,0,1,2007.0,0,10
ZAF,South Africa,2018,South Africa,0.0,0,0,0,2007.0,0,11
ZAF,South Africa,2019,South Africa,0.0,0,0,0,2007.0,0,12
ZAF,South Africa,2020,South Africa,0.0,0,0,0,2007.0,0,13
ZAF,South Africa,2021,South Africa,0.0,0,0,0,2007.0,0,14
ZAF,South Africa,2022,South Africa,0.0,0,0,0,2007.0,0,15
ZAF,South Africa,2023,South Africa,0.0,0,0,0,2007.0,0,16
ZAF,South Africa,2024,South Africa,0.0,0,0,0,2007.0,0,17
ZMB,Zambia,1960,Zambia,0.0,0,0,0,,1,1
ZMB,Zambia,1961,Zambia,0.0,0,0,0,,1,2
ZMB,Zambia,1962,Zambia,0.0,0,0,0,,1,3
ZMB,Zambia,1963,Zambia,0.0,0,0,0,,1,4
ZMB,Zambia,1964,Zambia,0.0,0,0,0,,1,5
ZMB,Zambia,1965,Zambia,0.0,0,0,0,,1,6
ZMB,Zambia,1966,Zambia,0.0,0,0,0,,1,7
ZMB,Zambia,1967,Zambia,0.0,0,0,0,,1,8
ZMB,Zambia,1968,Zambia,0.0,0,0,0,,1,9
ZMB,Zambia,1969,Zambia,0.0,0,0,0,,1,10
ZMB,Zambia,1970,Zambia,0.0,0,0,0,,1,11
ZMB,Zambia,1971,Zambia,0.0,0,0,0,,1,12
ZMB,Zambia,1972,Zambia,0.0,0,0,0,,1,13
ZMB,Zambia,1973,Zambia,0.0,0,0,0,,1,14
ZMB,Zambia,1974,Zambia,0.0,0,0,0,,1,15
ZMB,Zambia,1975,Zambia,1.85,1,0,0,1975.0,0,0
ZMB,Zambia,1976,Zambia,2.0,1,1,1,1976.0,0,0
ZMB,Zambia,1977,Zambia,3.36,1,1,1,1977.0,0,0
ZMB,Zambia,1978,Zambia,15.32,1,1,1,1978.0,0,0
ZMB,Zambia,1979,Zambia,38.38,1,1,1,1979.0,0,0
ZMB,Zambia,1980,Zambia,39.28,1,1,1,1980.0,0,0
ZMB,Zambia,1981,Zambia,75.45,1,1,1,1981.0,0,0
ZMB,Zambia,1982,Zambia,233.23,1,1,1,1982.0,0,0
ZMB,Zambia,1983,Zambia,503.96,1,1,1,1983.0,0,0
ZMB,Zambia,1984,Zambia,382.02,1,1,1,1984.0,0,0
ZMB,Zambia,1985,Zambia,1484.57,1,1,1,1985.0,0,0
ZMB,Zambia,1986,Zambia,1771.43,1,1,1,1986.0,0,0
ZMB,Zambia,1987,Zambia,2410.12,1,1,1,1987.0,0,0
ZMB,Zambia,1988,Zambia,3077.37,1,1,1,1988.0,0,0
ZMB,Zambia,1989,Zambia,3803.38,1,1,1,1989.0,0,0
ZMB,Zambia,1990,Zambia,3784.6,1,1,1,1990.0,0,0
ZMB,Zambia,1991,Zambia,4025.53,1,1,1,1991.0,0,0
ZMB,Zambia,1992,Zambia,3306.93,1,1,1,1992.0,0,0
ZMB,Zambia,1993,Zambia,4245.61,1,1,1,1993.0,0,0
ZMB,Zambia,1994,Zambia,4257.21,1,1,1,1994.0,0,0
ZMB,Zambia,1995,Zambia,3048.5,1,1,1,1995.0,0,0
ZMB,Zambia,1996,Zambia,736.27,1,1,1,1996.0,0,0
ZMB,Zambia,1997,Zambia,1012.03,1,1,1,1997.0,0,0
ZMB,Zambia,1998,Zambia,968.45,1,1,1,1998.0,0,0
ZMB,Zambia,1999,Zambia,1174.72,1,1,1,1999.0,0,0
ZMB,Zambia,2000,Zambia,377.26,1,1,1,2000.0,0,0
ZMB,Zambia,2001,Zambia,591.46,1,1,1,2001.0,0,0
ZMB,Zambia,2002,Zambia,832.44,1,1,1,2002.0,0,0
ZMB,Zambia,2003,Zambia,807.82,1,1,1,2003.0,0,0
ZMB,Zambia,2004,Zambia,855.66,1,1,1,2004.0,0,0
ZMB,Zambia,2005,Zambia,2184.37,1,1,1,2005.0,0,0
ZMB,Zambia,2006,Zambia,4014.01,1,1,1,2006.0,0,0
ZMB,Zambia,2007,Zambia,476.75,1,1,1,2007.0,0,0
ZMB,Zambia,2008,Zambia,442.05,1,1,1,2008.0,0,0
ZMB,Zambia,2009,Zambia,683.89,1,1,1,2009.0,0,0
ZMB,Zambia,2010,Zambia,607.7,1,1,1,2010.0,0,0
ZMB,Zambia,2011,Zambia,618.81,1,1,1,2011.0,0,0
ZMB,Zambia,2012,Zambia,594.82,1,1,1,2012.0,0,0
ZMB,Zambia,2013,Zambia,602.46,1,1,1,2013.0,0,0
ZMB,Zambia,2014,Zambia,561.3,1,1,1,2014.0,0,0
ZMB,Zambia,2015,Zambia,594.94,1,1,1,2015.0,0,0
ZMB,Zambia,2016,Zambia,520.43,1,1,1,2016.0,0,0
ZMB,Zambia,2017,Zambia,556.91,1,1,1,2017.0,0,0
ZMB,Zambia,2018,Zambia,547.18,1,1,1,2018.0,0,0
ZMB,Zambia,2019,Zambia,568.89,1,1,1,2019.0,0,0
ZMB,Zambia,2020,Zambia,4122.39,1,1,1,2020.0,0,0
ZMB,Zambia,2021,Zambia,11282.93,1,1,1,2021.0,0,0
ZMB,Zambia,2022,Zambia,10069.0,1,1,1,2022.0,0,0
ZMB,Zambia,2023,Zambia,11149.0,1,1,1,2023.0,0,0
ZMB,Zambia,2024,Zambia,10441.0,1,1,1,2024.0,0,0
ZWE,Zimbabwe,1960,Zimbabwe,0.0,0,0,0,,1,1
ZWE,Zimbabwe,1961,Zimbabwe,0.0,0,0,0,,1,2
ZWE,Zimbabwe,1962,Zimbabwe,0.0,0,0,0,,1,3
ZWE,Zimbabwe,1963,Zimbabwe,0.0,0,0,0,,1,4
ZWE,Zimbabwe,1964,Zimbabwe,0.0,0,0,0,,1,5
ZWE,Zimbabwe,1965,Zimbabwe,184.27,1,0,0,1965.0,0,0
ZWE,Zimbabwe,1966,Zimbabwe,191.35,1,1,1,1966.0,0,0
ZWE,Zimbabwe,1967,Zimbabwe,170.09,1,1,1,1967.0,0,0
ZWE,Zimbabwe,1968,Zimbabwe,176.17,1,1,1,1968.0,0,0
ZWE,Zimbabwe,1969,Zimbabwe,182.24,1,1,1,1969.0,0,0
ZWE,Zimbabwe,1970,Zimbabwe,257.35,1,1,1,1970.0,0,0
ZWE,Zimbabwe,1971,Zimbabwe,215.69,1,1,1,1971.0,0,0
ZWE,Zimbabwe,1972,Zimbabwe,206.75,1,1,1,1972.0,0,0
ZWE,Zimbabwe,1973,Zimbabwe,199.65,1,1,1,1973.0,0,0
ZWE,Zimbabwe,1974,Zimbabwe,206.41,1,1,1,1974.0,0,0
ZWE,Zimbabwe,1975,Zimbabwe,184.06,1,1,1,1975.0,0,0
ZWE,Zimbabwe,1976,Zimbabwe,157.33,1,1,1,1976.0,0,0
ZWE,Zimbabwe,1977,Zimbabwe,177.93,1,1,1,1977.0,0,0
ZWE,Zimbabwe,1978,Zimbabwe,247.43,1,1,1,1978.0,0,0
ZWE,Zimbabwe,1979,Zimbabwe,222.73,1,1,1,1979.0,0,0
ZWE,Zimbabwe,1980,Zimbabwe,243.87,1,1,1,1980.0,0,0
ZWE,Zimbabwe,1981,Zimbabwe,63.0,1,1,1,1981.0,0,0
ZWE,Zimbabwe,1982,Zimbabwe,0.0,0,1,1,1981.0,0,1
ZWE,Zimbabwe,1983,Zimbabwe,0.0,0,1,1,1981.0,0,2
ZWE,Zimbabwe,1984,Zimbabwe,0.0,0,1,1,1981.0,0,3
ZWE,Zimbabwe,1985,Zimbabwe,0.12,1,1,1,1985.0,0,0
ZWE,Zimbabwe,1986,Zimbabwe,0.39,1,1,1,1986.0,0,0
ZWE,Zimbabwe,1987,Zimbabwe,11.59,1,1,1,1987.0,0,0
ZWE,Zimbabwe,1988,Zimbabwe,0.57,1,1,1,1988.0,0,0
ZWE,Zimbabwe,1989,Zimbabwe,1.87,1,1,1,1989.0,0,0
ZWE,Zimbabwe,1990,Zimbabwe,23.77,1,1,1,1990.0,0,0
ZWE,Zimbabwe,1991,Zimbabwe,0.01,1,1,1,1991.0,0,0
ZWE,Zimbabwe,1992,Zimbabwe,4.15,1,1,1,1992.0,0,0
ZWE,Zimbabwe,1993,Zimbabwe,5.13,1,1,1,1993.0,0,0
ZWE,Zimbabwe,1994,Zimbabwe,17.16,1,1,1,1994.0,0,0
ZWE,Zimbabwe,1995,Zimbabwe,89.43,1,1,1,1995.0,0,0
ZWE,Zimbabwe,1996,Zimbabwe,1.38,1,1,1,1996.0,0,0
ZWE,Zimbabwe,1997,Zimbabwe,6.98,1,1,1,1997.0,0,0
ZWE,Zimbabwe,1998,Zimbabwe,20.01,1,1,1,1998.0,0,0
ZWE,Zimbabwe,1999,Zimbabwe,26.74,1,1,1,1999.0,0,0
ZWE,Zimbabwe,2000,Zimbabwe,252.31,1,1,1,2000.0,0,0
ZWE,Zimbabwe,2001,Zimbabwe,2651.85,1,1,1,2001.0,0,0
ZWE,Zimbabwe,2002,Zimbabwe,1532.37,1,1,1,2002.0,0,0
ZWE,Zimbabwe,2003,Zimbabwe,2096.81,1,1,1,2003.0,0,0
ZWE,Zimbabwe,2004,Zimbabwe,2465.96,1,1,1,2004.0,0,0
ZWE,Zimbabwe,2005,Zimbabwe,2252.7,1,1,1,2005.0,0,0
ZWE,Zimbabwe,2006,Zimbabwe,2944.71,1,1,1,2006.0,0,0
ZWE,Zimbabwe,2007,Zimbabwe,3137.97,1,1,1,2007.0,0,0
ZWE,Zimbabwe,2008,Zimbabwe,3568.74,1,1,1,2008.0,0,0
ZWE,Zimbabwe,2009,Zimbabwe,3711.64,1,1,1,2009.0,0,0
ZWE,Zimbabwe,2010,Zimbabwe,3720.59,1,1,1,2010.0,0,0
ZWE,Zimbabwe,2011,Zimbabwe,3935.34,1,1,1,2011.0,0,0
ZWE,Zimbabwe,2012,Zimbabwe,4119.74,1,1,1,2012.0,0,0
ZWE,Zimbabwe,2013,Zimbabwe,4359.2,1,1,1,2013.0,0,0
ZWE,Zimbabwe,2014,Zimbabwe,4163.54,1,1,1,2014.0,0,0
ZWE,Zimbabwe,2015,Zimbabwe,4762.62,1,1,1,2015.0,0,0
ZWE,Zimbabwe,2016,Zimbabwe,5034.29,1,1,1,2016.0,0,0
ZWE,Zimbabwe,2017,Zimbabwe,4571.0,1,1,1,2017.0,0,0
ZWE,Zimbabwe,2018,Zimbabwe,4413.0,1,1,1,2018.0,0,0
ZWE,Zimbabwe,2019,Zimbabwe,4570.0,1,1,1,2019.0,0,0
ZWE,Zimbabwe,2020,Zimbabwe,8349.0,1,1,1,2020.0,0,0
ZWE,Zimbabwe,2021,Zimbabwe,8377.0,1,1,1,2021.0,0,0
ZWE,Zimbabwe,2022,Zimbabwe,8332.0,1,1,1,2022.0,0,0
ZWE,Zimbabwe,2023,Zimbabwe,8485.0,1,1,1,2023.0,0,0
ZWE,Zimbabwe,2024,Zimbabwe,8600.0,1,1,1,2024.0,0,0
