country_fsi,fragile_states_index,year,country_fsi_clean,iso3
Afghanistan,99.8,2006,Afghanistan,AFG
Afghanistan,102.3,2007,Afghanistan,AFG
Afghanistan,105.4,2008,Afghanistan,AFG
Afghanistan,108.2,2009,Afghanistan,AFG
Afghanistan,109.3,2010,Afghanistan,AFG
Afghanistan,107.5,2011,Afghanistan,AFG
Afghanistan,106.0,2012,Afghanistan,AFG
Afghanistan,106.7,2013,Afghanistan,AFG
Afghanistan,106.5,2014,Afghanistan,AFG
Afghanistan,107.9,2015,Afghanistan,AFG
Afghanistan,107.9,2016,Afghanistan,AFG
Afghanistan,107.3,2017,Afghanistan,AFG
Afghanistan,106.62076809859943,2018,Afghanistan,AFG
Afghanistan,105.0,2019,Afghanistan,AFG
Afghanistan,102.90118710068992,2020,Afghanistan,AFG
Afghanistan,102.1,2021,Afghanistan,AFG
Afghanistan,105.90000000000002,2022,Afghanistan,AFG
Afghanistan,106.60000000000001,2023,Afghanistan,AFG
Angola,88.3,2006,Angola,AGO
Angola,84.9,2007,Angola,AGO
Angola,83.8,2008,Angola,AGO
Angola,85.0,2009,Angola,AGO
Angola,83.7,2010,Angola,AGO
Angola,84.6,2011,Angola,AGO
Angola,85.1,2012,Angola,AGO
Angola,87.1,2013,Angola,AGO
Angola,87.4,2014,Angola,AGO
Angola,87.9,2015,Angola,AGO
Angola,90.5,2016,Angola,AGO
Angola,91.1,2017,Angola,AGO
Angola,89.44029612068627,2018,Angola,AGO
Angola,87.8,2019,Angola,AGO
Angola,87.32003902658735,2020,Angola,AGO
Angola,89.0,2021,Angola,AGO
Angola,88.10000000000001,2022,Angola,AGO
Angola,86.9,2023,Angola,AGO
Albania,68.6,2006,Albania,ALB
Albania,70.5,2007,Albania,ALB
Albania,69.7,2008,Albania,ALB
Albania,70.0,2009,Albania,ALB
Albania,67.1,2010,Albania,ALB
Albania,66.1,2011,Albania,ALB
Albania,66.1,2012,Albania,ALB
Albania,65.2,2013,Albania,ALB
Albania,63.6,2014,Albania,ALB
Albania,61.9,2015,Albania,ALB
Albania,61.2,2016,Albania,ALB
Albania,60.5,2017,Albania,ALB
Albania,60.07930843597633,2018,Albania,ALB
Albania,58.9,2019,Albania,ALB
Albania,58.75381081040027,2020,Albania,ALB
Albania,59.00000000000001,2021,Albania,ALB
Albania,56.7,2022,Albania,ALB
Albania,56.8,2023,Albania,ALB
United Arab Emirates,51.6,2007,United Arab Emirates,ARE
United Arab Emirates,51.2,2008,United Arab Emirates,ARE
United Arab Emirates,51.8,2009,United Arab Emirates,ARE
United Arab Emirates,52.4,2010,United Arab Emirates,ARE
United Arab Emirates,50.4,2011,United Arab Emirates,ARE
United Arab Emirates,48.9,2012,United Arab Emirates,ARE
United Arab Emirates,47.3,2013,United Arab Emirates,ARE
United Arab Emirates,47.6,2014,United Arab Emirates,ARE
United Arab Emirates,46.2,2015,United Arab Emirates,ARE
United Arab Emirates,44.5,2016,United Arab Emirates,ARE
United Arab Emirates,43.7,2017,United Arab Emirates,ARE
United Arab Emirates,42.8292445126518,2018,United Arab Emirates,ARE
United Arab Emirates,40.1,2019,United Arab Emirates,ARE
United Arab Emirates,38.099225116036195,2020,United Arab Emirates,ARE
United Arab Emirates,40.29999999999999,2021,United Arab Emirates,ARE
United Arab Emirates,39.1,2022,United Arab Emirates,ARE
United Arab Emirates,37.0,2023,United Arab Emirates,ARE
Argentina,40.8,2006,Argentina,ARG
Argentina,41.4,2007,Argentina,ARG
Argentina,41.4,2008,Argentina,ARG
Argentina,44.7,2009,Argentina,ARG
Argentina,45.8,2010,Argentina,ARG
Argentina,46.8,2011,Argentina,ARG
Argentina,46.5,2012,Argentina,ARG
Argentina,46.1,2013,Argentina,ARG
Argentina,47.3,2014,Argentina,ARG
Argentina,47.6,2015,Argentina,ARG
Argentina,48.4,2016,Argentina,ARG
Argentina,48.2,2017,Argentina,ARG
Argentina,46.06992256962885,2018,Argentina,ARG
Argentina,46.0,2019,Argentina,ARG
Argentina,46.087950434265025,2020,Argentina,ARG
Argentina,50.09999999999999,2021,Argentina,ARG
Argentina,47.9,2022,Argentina,ARG
Argentina,46.4,2023,Argentina,ARG
Armenia,71.5,2006,Armenia,ARM
Armenia,70.3,2007,Armenia,ARM
Armenia,70.7,2008,Armenia,ARM
Armenia,74.3,2009,Armenia,ARM
Armenia,74.1,2010,Armenia,ARM
Armenia,72.3,2011,Armenia,ARM
Armenia,72.2,2012,Armenia,ARM
Armenia,71.3,2013,Armenia,ARM
Armenia,71.3,2014,Armenia,ARM
Armenia,69.7,2015,Armenia,ARM
Armenia,69.6,2016,Armenia,ARM
Armenia,71.0,2017,Armenia,ARM
Armenia,69.5452238194412,2018,Armenia,ARM
Armenia,66.7,2019,Armenia,ARM
Armenia,64.2,2020,Armenia,ARM
Armenia,69.8,2021,Armenia,ARM
Armenia,67.00000000000001,2022,Armenia,ARM
Armenia,67.5,2023,Armenia,ARM
Antigua and Barbuda,65.7,2007,Antigua and Barbuda,ATG
Antigua and Barbuda,64.1,2008,Antigua and Barbuda,ATG
Antigua and Barbuda,62.8,2009,Antigua and Barbuda,ATG
Antigua and Barbuda,60.9,2010,Antigua and Barbuda,ATG
Antigua and Barbuda,59.9,2011,Antigua and Barbuda,ATG
Antigua and Barbuda,58.9,2012,Antigua and Barbuda,ATG
Antigua and Barbuda,58.0,2013,Antigua and Barbuda,ATG
Antigua and Barbuda,59.0,2014,Antigua and Barbuda,ATG
Antigua and Barbuda,57.8,2015,Antigua and Barbuda,ATG
Antigua and Barbuda,56.2,2016,Antigua and Barbuda,ATG
Antigua and Barbuda,54.8,2017,Antigua and Barbuda,ATG
Antigua and Barbuda,55.6110407346696,2018,Antigua and Barbuda,ATG
Antigua and Barbuda,54.4,2019,Antigua and Barbuda,ATG
Antigua and Barbuda,52.06235185360498,2020,Antigua and Barbuda,ATG
Antigua and Barbuda,54.9,2021,Antigua and Barbuda,ATG
Antigua and Barbuda,54.2,2022,Antigua and Barbuda,ATG
Antigua and Barbuda,53.8,2023,Antigua and Barbuda,ATG
Australia,22.0,2006,Australia,AUS
Australia,23.2,2007,Australia,AUS
Australia,24.6,2008,Australia,AUS
Australia,25.9,2009,Australia,AUS
Australia,27.3,2010,Australia,AUS
Australia,28.1,2011,Australia,AUS
Australia,29.2,2012,Australia,AUS
Australia,25.4,2013,Australia,AUS
Australia,26.3,2014,Australia,AUS
Australia,24.3,2015,Australia,AUS
Australia,22.5,2016,Australia,AUS
Australia,22.3,2017,Australia,AUS
Australia,20.77076600209908,2018,Australia,AUS
Australia,19.7,2019,Australia,AUS
Australia,19.746408857575208,2020,Australia,AUS
Australia,21.799999999999997,2021,Australia,AUS
Australia,22.7,2022,Australia,AUS
Australia,22.0,2023,Australia,AUS
Austria,26.1,2006,Austria,AUT
Austria,26.0,2007,Austria,AUT
Austria,25.9,2008,Austria,AUT
Austria,27.6,2009,Austria,AUT
Austria,27.2,2010,Austria,AUT
Austria,27.3,2011,Austria,AUT
Austria,27.5,2012,Austria,AUT
Austria,26.9,2013,Austria,AUT
Austria,28.5,2014,Austria,AUT
Austria,25.8,2015,Austria,AUT
Austria,27.5,2016,Austria,AUT
Austria,27.7,2017,Austria,AUT
Austria,26.181880301496445,2018,Austria,AUT
Austria,25.0,2019,Austria,AUT
Austria,24.108703082430992,2020,Austria,AUT
Austria,26.1,2021,Austria,AUT
Austria,25.4,2022,Austria,AUT
Austria,24.399999999999995,2023,Austria,AUT
Azerbaijan,81.9,2006,Azerbaijan,AZE
Azerbaijan,81.2,2007,Azerbaijan,AZE
Azerbaijan,81.0,2008,Azerbaijan,AZE
Azerbaijan,84.6,2009,Azerbaijan,AZE
Azerbaijan,84.4,2010,Azerbaijan,AZE
Azerbaijan,81.9,2011,Azerbaijan,AZE
Azerbaijan,79.8,2012,Azerbaijan,AZE
Azerbaijan,78.2,2013,Azerbaijan,AZE
Azerbaijan,77.8,2014,Azerbaijan,AZE
Azerbaijan,77.3,2015,Azerbaijan,AZE
Azerbaijan,76.3,2016,Azerbaijan,AZE
Azerbaijan,76.3,2017,Azerbaijan,AZE
Azerbaijan,74.63031997786744,2018,Azerbaijan,AZE
Azerbaijan,73.2,2019,Azerbaijan,AZE
Azerbaijan,71.28215920806875,2020,Azerbaijan,AZE
Azerbaijan,75.10000000000001,2021,Azerbaijan,AZE
Azerbaijan,73.10000000000001,2022,Azerbaijan,AZE
Azerbaijan,72.69999999999999,2023,Azerbaijan,AZE
Burundi,96.7,2006,Burundi,BDI
Burundi,95.2,2007,Burundi,BDI
Burundi,94.1,2008,Burundi,BDI
Burundi,95.7,2009,Burundi,BDI
Burundi,96.7,2010,Burundi,BDI
Burundi,98.6,2011,Burundi,BDI
Burundi,97.5,2012,Burundi,BDI
Burundi,97.6,2013,Burundi,BDI
Burundi,97.1,2014,Burundi,BDI
Burundi,98.0,2015,Burundi,BDI
Burundi,100.7,2016,Burundi,BDI
Burundi,98.9,2017,Burundi,BDI
Burundi,97.36424028418537,2018,Burundi,BDI
Burundi,98.2,2019,Burundi,BDI
Burundi,97.87602964557674,2020,Burundi,BDI
Burundi,97.10000000000001,2021,Burundi,BDI
Burundi,95.40000000000002,2022,Burundi,BDI
Burundi,94.19999999999999,2023,Burundi,BDI
Belgium,24.0,2006,Belgium,BEL
Belgium,25.5,2007,Belgium,BEL
Belgium,29.0,2008,Belgium,BEL
Belgium,33.5,2009,Belgium,BEL
Belgium,32.0,2010,Belgium,BEL
Belgium,34.1,2011,Belgium,BEL
Belgium,33.5,2012,Belgium,BEL
Belgium,30.9,2013,Belgium,BEL
Belgium,32.0,2014,Belgium,BEL
Belgium,30.5,2015,Belgium,BEL
Belgium,29.0,2016,Belgium,BEL
Belgium,30.8,2017,Belgium,BEL
Belgium,29.653650451578354,2018,Belgium,BEL
Belgium,28.6,2019,Belgium,BEL
Belgium,27.098144674784415,2020,Belgium,BEL
Belgium,31.000000000000004,2021,Belgium,BEL
Belgium,31.9,2022,Belgium,BEL
Belgium,31.4,2023,Belgium,BEL
Benin,70.9,2006,Benin,BEN
Benin,72.0,2007,Benin,BEN
Benin,72.8,2008,Benin,BEN
Benin,75.5,2009,Benin,BEN
Benin,76.8,2010,Benin,BEN
Benin,80.0,2011,Benin,BEN
Benin,78.6,2012,Benin,BEN
Benin,77.9,2013,Benin,BEN
Benin,78.2,2014,Benin,BEN
Benin,78.8,2015,Benin,BEN
Benin,78.9,2016,Benin,BEN
Benin,77.6,2017,Benin,BEN
Benin,75.69009689938682,2018,Benin,BEN
Benin,73.6,2019,Benin,BEN
Benin,72.54479808532312,2020,Benin,BEN
Benin,72.8,2021,Benin,BEN
Benin,72.5,2022,Benin,BEN
Benin,73.30000000000001,2023,Benin,BEN
Burkina Faso,89.7,2006,Burkina Faso,BFA
Burkina Faso,89.7,2007,Burkina Faso,BFA
Burkina Faso,89.9,2008,Burkina Faso,BFA
Burkina Faso,91.3,2009,Burkina Faso,BFA
Burkina Faso,90.7,2010,Burkina Faso,BFA
Burkina Faso,88.6,2011,Burkina Faso,BFA
Burkina Faso,87.4,2012,Burkina Faso,BFA
Burkina Faso,90.2,2013,Burkina Faso,BFA
Burkina Faso,89.0,2014,Burkina Faso,BFA
Burkina Faso,89.2,2015,Burkina Faso,BFA
Burkina Faso,89.4,2016,Burkina Faso,BFA
Burkina Faso,88.0,2017,Burkina Faso,BFA
Burkina Faso,86.5236375122382,2018,Burkina Faso,BFA
Burkina Faso,83.9,2019,Burkina Faso,BFA
Burkina Faso,85.92852306050814,2020,Burkina Faso,BFA
Burkina Faso,87.1,2021,Burkina Faso,BFA
Burkina Faso,90.5,2022,Burkina Faso,BFA
Burkina Faso,94.00000000000001,2023,Burkina Faso,BFA
Bangladesh,96.3,2006,Bangladesh,BGD
Bangladesh,95.9,2007,Bangladesh,BGD
Bangladesh,100.3,2008,Bangladesh,BGD
Bangladesh,98.1,2009,Bangladesh,BGD
Bangladesh,96.1,2010,Bangladesh,BGD
Bangladesh,94.4,2011,Bangladesh,BGD
Bangladesh,92.2,2012,Bangladesh,BGD
Bangladesh,92.5,2013,Bangladesh,BGD
Bangladesh,92.8,2014,Bangladesh,BGD
Bangladesh,91.8,2015,Bangladesh,BGD
Bangladesh,90.7,2016,Bangladesh,BGD
Bangladesh,89.1,2017,Bangladesh,BGD
Bangladesh,90.31281723205385,2018,Bangladesh,BGD
Bangladesh,87.7,2019,Bangladesh,BGD
Bangladesh,85.69999999999999,2020,Bangladesh,BGD
Bangladesh,85.0,2021,Bangladesh,BGD
Bangladesh,84.5,2022,Bangladesh,BGD
Bangladesh,85.19999999999999,2023,Bangladesh,BGD
Bulgaria,62.1,2006,Bulgaria,BGR
Bulgaria,60.3,2007,Bulgaria,BGR
Bulgaria,58.5,2008,Bulgaria,BGR
Bulgaria,61.5,2009,Bulgaria,BGR
Bulgaria,61.2,2010,Bulgaria,BGR
Bulgaria,59.0,2011,Bulgaria,BGR
Bulgaria,56.3,2012,Bulgaria,BGR
Bulgaria,55.0,2013,Bulgaria,BGR
Bulgaria,54.4,2014,Bulgaria,BGR
Bulgaria,55.4,2015,Bulgaria,BGR
Bulgaria,53.7,2016,Bulgaria,BGR
Bulgaria,53.7,2017,Bulgaria,BGR
Bulgaria,51.65420796469111,2018,Bulgaria,BGR
Bulgaria,50.6,2019,Bulgaria,BGR
Bulgaria,49.17165481543572,2020,Bulgaria,BGR
Bulgaria,51.6,2021,Bulgaria,BGR
Bulgaria,51.6,2022,Bulgaria,BGR
Bulgaria,51.800000000000004,2023,Bulgaria,BGR
Bahrain,57.0,2007,Bahrain,BHR
Bahrain,56.8,2008,Bahrain,BHR
Bahrain,59.0,2009,Bahrain,BHR
Bahrain,58.8,2010,Bahrain,BHR
Bahrain,59.0,2011,Bahrain,BHR
Bahrain,62.2,2012,Bahrain,BHR
Bahrain,62.9,2013,Bahrain,BHR
Bahrain,64.7,2014,Bahrain,BHR
Bahrain,64.4,2015,Bahrain,BHR
Bahrain,63.4,2016,Bahrain,BHR
Bahrain,64.9,2017,Bahrain,BHR
Bahrain,64.38675794712286,2018,Bahrain,BHR
Bahrain,63.8,2019,Bahrain,BHR
Bahrain,63.88791153504606,2020,Bahrain,BHR
Bahrain,66.7,2021,Bahrain,BHR
Bahrain,66.60000000000001,2022,Bahrain,BHR
Bahrain,65.1,2023,Bahrain,BHR
Bahamas,60.1,2007,Bahamas,BHS
Bahamas,60.5,2008,Bahamas,BHS
Bahamas,60.9,2009,Bahamas,BHS
Bahamas,58.9,2010,Bahamas,BHS
Bahamas,56.5,2011,Bahamas,BHS
Bahamas,55.1,2012,Bahamas,BHS
Bahamas,54.7,2013,Bahamas,BHS
Bahamas,54.1,2014,Bahamas,BHS
Bahamas,51.5,2015,Bahamas,BHS
Bahamas,51.6,2016,Bahamas,BHS
Bahamas,52.4,2017,Bahamas,BHS
Bahamas,49.99124184605109,2018,Bahamas,BHS
Bahamas,48.8,2019,Bahamas,BHS
Bahamas,49.86859355975667,2020,Bahamas,BHS
Bahamas,52.400000000000006,2021,Bahamas,BHS
Bahamas,50.6,2022,Bahamas,BHS
Bahamas,49.2,2023,Bahamas,BHS
Bosnia and Herzegovina,88.5,2006,Bosnia and Herzegovina,BIH
Bosnia and Herzegovina,84.5,2007,Bosnia and Herzegovina,BIH
Bosnia and Herzegovina,84.3,2008,Bosnia and Herzegovina,BIH
Bosnia and Herzegovina,83.3,2009,Bosnia and Herzegovina,BIH
Bosnia and Herzegovina,83.5,2010,Bosnia and Herzegovina,BIH
Bosnia and Herzegovina,80.9,2011,Bosnia and Herzegovina,BIH
Bosnia and Herzegovina,77.9,2012,Bosnia and Herzegovina,BIH
Bosnia and Herzegovina,76.5,2013,Bosnia and Herzegovina,BIH
Bosnia and Herzegovina,75.9,2014,Bosnia and Herzegovina,BIH
Bosnia and Herzegovina,77.4,2015,Bosnia and Herzegovina,BIH
Bosnia and Herzegovina,74.6,2016,Bosnia and Herzegovina,BIH
Bosnia and Herzegovina,73.0,2017,Bosnia and Herzegovina,BIH
Bosnia and Herzegovina,71.33654613766848,2018,Bosnia and Herzegovina,BIH
Bosnia and Herzegovina,71.3,2019,Bosnia and Herzegovina,BIH
Bosnia and Herzegovina,70.22040622293711,2020,Bosnia and Herzegovina,BIH
Bosnia and Herzegovina,72.89999999999999,2021,Bosnia and Herzegovina,BIH
Bosnia and Herzegovina,73.0,2022,Bosnia and Herzegovina,BIH
Bosnia and Herzegovina,72.3,2023,Bosnia and Herzegovina,BIH
Belarus,84.5,2006,Belarus,BLR
Belarus,85.2,2007,Belarus,BLR
Belarus,84.4,2008,Belarus,BLR
Belarus,82.3,2009,Belarus,BLR
Belarus,78.7,2010,Belarus,BLR
Belarus,77.6,2011,Belarus,BLR
Belarus,76.6,2012,Belarus,BLR
Belarus,76.7,2013,Belarus,BLR
Belarus,75.0,2014,Belarus,BLR
Belarus,75.6,2015,Belarus,BLR
Belarus,73.9,2016,Belarus,BLR
Belarus,72.4,2017,Belarus,BLR
Belarus,70.54071433248335,2018,Belarus,BLR
Belarus,68.2,2019,Belarus,BLR
Belarus,65.75186010132514,2020,Belarus,BLR
Belarus,67.99999999999999,2021,Belarus,BLR
Belarus,68.69999999999999,2022,Belarus,BLR
Belarus,69.9,2023,Belarus,BLR
Belize,69.8,2007,Belize,BLZ
Belize,70.2,2008,Belize,BLZ
Belize,69.5,2009,Belize,BLZ
Belize,68.7,2010,Belize,BLZ
Belize,67.7,2011,Belize,BLZ
Belize,67.2,2012,Belize,BLZ
Belize,67.2,2013,Belize,BLZ
Belize,67.0,2014,Belize,BLZ
Belize,65.3,2015,Belize,BLZ
Belize,66.0,2016,Belize,BLZ
Belize,65.5,2017,Belize,BLZ
Belize,63.71214888532026,2018,Belize,BLZ
Belize,62.5,2019,Belize,BLZ
Belize,60.79466738189765,2020,Belize,BLZ
Belize,64.2,2021,Belize,BLZ
Belize,62.099999999999994,2022,Belize,BLZ
Belize,59.8,2023,Belize,BLZ
Bolivia,82.9,2006,"Bolivia, Plurinational State of",BOL
Bolivia,82.0,2007,"Bolivia, Plurinational State of",BOL
Bolivia,84.2,2008,"Bolivia, Plurinational State of",BOL
Bolivia,86.3,2009,"Bolivia, Plurinational State of",BOL
Bolivia,84.9,2010,"Bolivia, Plurinational State of",BOL
Bolivia,82.9,2011,"Bolivia, Plurinational State of",BOL
Bolivia,82.1,2012,"Bolivia, Plurinational State of",BOL
Bolivia,80.8,2013,"Bolivia, Plurinational State of",BOL
Bolivia,78.9,2014,"Bolivia, Plurinational State of",BOL
Bolivia,78.1,2015,"Bolivia, Plurinational State of",BOL
Bolivia,78.5,2016,"Bolivia, Plurinational State of",BOL
Bolivia,76.8,2017,"Bolivia, Plurinational State of",BOL
Bolivia,75.22337886150169,2018,"Bolivia, Plurinational State of",BOL
Bolivia,72.9,2019,"Bolivia, Plurinational State of",BOL
Bolivia,74.96686955912168,2020,"Bolivia, Plurinational State of",BOL
Bolivia,74.89999999999998,2021,"Bolivia, Plurinational State of",BOL
Bolivia,73.4,2022,"Bolivia, Plurinational State of",BOL
Bolivia,70.7,2023,"Bolivia, Plurinational State of",BOL
Brazil,63.1,2006,Brazil,BRA
Brazil,66.9,2007,Brazil,BRA
Brazil,67.6,2008,Brazil,BRA
Brazil,69.1,2009,Brazil,BRA
Brazil,67.4,2010,Brazil,BRA
Brazil,65.1,2011,Brazil,BRA
Brazil,64.1,2012,Brazil,BRA
Brazil,62.1,2013,Brazil,BRA
Brazil,61.4,2014,Brazil,BRA
Brazil,62.7,2015,Brazil,BRA
Brazil,65.3,2016,Brazil,BRA
Brazil,68.2,2017,Brazil,BRA
Brazil,68.7131308082741,2018,Brazil,BRA
Brazil,71.8,2019,Brazil,BRA
Brazil,72.99411372588226,2020,Brazil,BRA
Brazil,75.79999999999998,2021,Brazil,BRA
Brazil,73.9,2022,Brazil,BRA
Brazil,74.5,2023,Brazil,BRA
Barbados,59.9,2007,Barbados,BRB
Barbados,58.5,2008,Barbados,BRB
Barbados,57.2,2009,Barbados,BRB
Barbados,55.4,2010,Barbados,BRB
Barbados,52.8,2011,Barbados,BRB
Barbados,52.0,2012,Barbados,BRB
Barbados,50.8,2013,Barbados,BRB
Barbados,51.4,2014,Barbados,BRB
Barbados,49.3,2015,Barbados,BRB
Barbados,49.0,2016,Barbados,BRB
Barbados,49.6,2017,Barbados,BRB
Barbados,48.18332936752863,2018,Barbados,BRB
Barbados,48.0,2019,Barbados,BRB
Barbados,46.40725753500914,2020,Barbados,BRB
Barbados,46.99999999999999,2021,Barbados,BRB
Barbados,45.9,2022,Barbados,BRB
Barbados,45.400000000000006,2023,Barbados,BRB
Brunei Darussalam,71.2,2007,Brunei Darussalam,BRN
Brunei Darussalam,68.5,2008,Brunei Darussalam,BRN
Brunei Darussalam,68.1,2009,Brunei Darussalam,BRN
Brunei Darussalam,67.6,2010,Brunei Darussalam,BRN
Brunei Darussalam,65.8,2011,Brunei Darussalam,BRN
Brunei Darussalam,64.1,2012,Brunei Darussalam,BRN
Brunei Darussalam,63.2,2013,Brunei Darussalam,BRN
Brunei Darussalam,63.6,2014,Brunei Darussalam,BRN
Brunei Darussalam,63.0,2015,Brunei Darussalam,BRN
Brunei Darussalam,62.0,2016,Brunei Darussalam,BRN
Brunei Darussalam,61.6,2017,Brunei Darussalam,BRN
Brunei Darussalam,59.80623958429162,2018,Brunei Darussalam,BRN
Brunei Darussalam,57.5,2019,Brunei Darussalam,BRN
Brunei Darussalam,56.60002751710281,2020,Brunei Darussalam,BRN
Brunei Darussalam,56.3,2021,Brunei Darussalam,BRN
Brunei Darussalam,55.099999999999994,2022,Brunei Darussalam,BRN
Brunei Darussalam,54.699999999999996,2023,Brunei Darussalam,BRN
Bhutan,87.9,2006,Bhutan,BTN
Bhutan,86.4,2007,Bhutan,BTN
Bhutan,85.4,2008,Bhutan,BTN
Bhutan,87.3,2009,Bhutan,BTN
Bhutan,87.3,2010,Bhutan,BTN
Bhutan,85.0,2011,Bhutan,BTN
Bhutan,82.4,2012,Bhutan,BTN
Bhutan,81.8,2013,Bhutan,BTN
Bhutan,80.9,2014,Bhutan,BTN
Bhutan,78.7,2015,Bhutan,BTN
Bhutan,77.6,2016,Bhutan,BTN
Bhutan,76.0,2017,Bhutan,BTN
Bhutan,74.27398470769302,2018,Bhutan,BTN
Bhutan,72.0,2019,Bhutan,BTN
Bhutan,69.50902262964706,2020,Bhutan,BTN
Bhutan,68.3,2021,Bhutan,BTN
Bhutan,67.39999999999999,2022,Bhutan,BTN
Bhutan,66.4,2023,Bhutan,BTN
Botswana,66.9,2006,Botswana,BWA
Botswana,66.4,2007,Botswana,BWA
Botswana,65.9,2008,Botswana,BWA
Botswana,68.8,2009,Botswana,BWA
Botswana,68.6,2010,Botswana,BWA
Botswana,67.9,2011,Botswana,BWA
Botswana,66.5,2012,Botswana,BWA
Botswana,64.0,2013,Botswana,BWA
Botswana,64.5,2014,Botswana,BWA
Botswana,62.8,2015,Botswana,BWA
Botswana,63.5,2016,Botswana,BWA
Botswana,63.8,2017,Botswana,BWA
Botswana,61.98745014345976,2018,Botswana,BWA
Botswana,59.5,2019,Botswana,BWA
Botswana,57.07123296987986,2020,Botswana,BWA
Botswana,56.99999999999999,2021,Botswana,BWA
Botswana,56.1,2022,Botswana,BWA
Botswana,55.29999999999999,2023,Botswana,BWA
Central African Republic,97.5,2006,Central African Republic,CAF
Central African Republic,101.0,2007,Central African Republic,CAF
Central African Republic,103.7,2008,Central African Republic,CAF
Central African Republic,105.4,2009,Central African Republic,CAF
Central African Republic,106.4,2010,Central African Republic,CAF
Central African Republic,105.0,2011,Central African Republic,CAF
Central African Republic,103.8,2012,Central African Republic,CAF
Central African Republic,105.3,2013,Central African Republic,CAF
Central African Republic,110.6,2014,Central African Republic,CAF
Central African Republic,111.9,2015,Central African Republic,CAF
Central African Republic,112.1,2016,Central African Republic,CAF
Central African Republic,112.6,2017,Central African Republic,CAF
Central African Republic,111.12634461231347,2018,Central African Republic,CAF
Central African Republic,108.9,2019,Central African Republic,CAF
Central African Republic,107.48660467238278,2020,Central African Republic,CAF
Central African Republic,107.0,2021,Central African Republic,CAF
Central African Republic,108.10000000000001,2022,Central African Republic,CAF
Central African Republic,105.70000000000002,2023,Central African Republic,CAF
Canada,23.1,2006,Canada,CAN
Canada,25.1,2007,Canada,CAN
Canada,26.3,2008,Canada,CAN
Canada,27.7,2009,Canada,CAN
Canada,27.9,2010,Canada,CAN
Canada,27.7,2011,Canada,CAN
Canada,26.8,2012,Canada,CAN
Canada,26.0,2013,Canada,CAN
Canada,27.4,2014,Canada,CAN
Canada,25.6,2015,Canada,CAN
Canada,23.8,2016,Canada,CAN
Canada,22.6,2017,Canada,CAN
Canada,21.505583938323312,2018,Canada,CAN
Canada,20.0,2019,Canada,CAN
Canada,18.668898507980952,2020,Canada,CAN
Canada,21.7,2021,Canada,CAN
Canada,20.099999999999998,2022,Canada,CAN
Canada,18.9,2023,Canada,CAN
Switzerland,18.7,2006,Switzerland,CHE
Switzerland,20.2,2007,Switzerland,CHE
Switzerland,20.3,2008,Switzerland,CHE
Switzerland,21.2,2009,Switzerland,CHE
Switzerland,21.8,2010,Switzerland,CHE
Switzerland,23.2,2011,Switzerland,CHE
Switzerland,23.3,2012,Switzerland,CHE
Switzerland,21.5,2013,Switzerland,CHE
Switzerland,23.3,2014,Switzerland,CHE
Switzerland,22.3,2015,Switzerland,CHE
Switzerland,21.8,2016,Switzerland,CHE
Switzerland,21.1,2017,Switzerland,CHE
Switzerland,19.20952631375106,2018,Switzerland,CHE
Switzerland,18.7,2019,Switzerland,CHE
Switzerland,17.094085702623488,2020,Switzerland,CHE
Switzerland,19.900000000000002,2021,Switzerland,CHE
Switzerland,18.900000000000002,2022,Switzerland,CHE
Switzerland,17.799999999999997,2023,Switzerland,CHE
Chile,32.0,2006,Chile,CHL
Chile,33.8,2007,Chile,CHL
Chile,36.3,2008,Chile,CHL
Chile,37.5,2009,Chile,CHL
Chile,38.0,2010,Chile,CHL
Chile,40.7,2011,Chile,CHL
Chile,43.5,2012,Chile,CHL
Chile,42.3,2013,Chile,CHL
Chile,42.0,2014,Chile,CHL
Chile,41.5,2015,Chile,CHL
Chile,41.9,2016,Chile,CHL
Chile,41.1,2017,Chile,CHL
Chile,40.69103612258534,2018,Chile,CHL
Chile,38.9,2019,Chile,CHL
Chile,42.51352691171396,2020,Chile,CHL
Chile,44.099999999999994,2021,Chile,CHL
Chile,43.199999999999996,2022,Chile,CHL
Chile,42.2,2023,Chile,CHL
China,82.5,2006,China,CHN
China,81.2,2007,China,CHN
China,80.3,2008,China,CHN
China,84.6,2009,China,CHN
China,83.0,2010,China,CHN
China,80.1,2011,China,CHN
China,78.3,2012,China,CHN
China,80.9,2013,China,CHN
China,79.0,2014,China,CHN
China,76.5,2015,China,CHN
China,74.9,2016,China,CHN
China,74.7,2017,China,CHN
China,72.39504122741063,2018,China,CHN
China,71.1,2019,China,CHN
China,69.85878789983346,2020,China,CHN
China,68.89999999999999,2021,China,CHN
China,66.9,2022,China,CHN
China,65.1,2023,China,CHN
Cote d'Ivoire,109.2,2006,Côte d'Ivoire,CIV
Cote d'Ivoire,107.3,2007,Côte d'Ivoire,CIV
Cote d'Ivoire,104.6,2008,Côte d'Ivoire,CIV
Cote d'Ivoire,102.5,2009,Côte d'Ivoire,CIV
Cote d'Ivoire,101.2,2010,Côte d'Ivoire,CIV
Cote d'Ivoire,102.8,2011,Côte d'Ivoire,CIV
Cote d'Ivoire,103.6,2012,Côte d'Ivoire,CIV
Cote d'Ivoire,103.5,2013,Côte d'Ivoire,CIV
Cote d'Ivoire,101.7,2014,Côte d'Ivoire,CIV
Cote d'Ivoire,100.1,2015,Côte d'Ivoire,CIV
Cote d'Ivoire,97.9,2016,Côte d'Ivoire,CIV
Cote d'Ivoire,96.5,2017,Côte d'Ivoire,CIV
Cote d'Ivoire,94.56151916975632,2018,Côte d'Ivoire,CIV
Cote d'Ivoire,92.1,2019,Côte d'Ivoire,CIV
Cote d'Ivoire,89.72267369142226,2020,Côte d'Ivoire,CIV
Cote d'Ivoire,90.69999999999999,2021,Côte d'Ivoire,CIV
Côte d'Ivoire,89.60000000000001,2022,Côte d'Ivoire,CIV
Cote d'Ivoire,87.10000000000001,2023,Côte d'Ivoire,CIV
Cameroon,88.4,2006,Cameroon,CMR
Cameroon,89.4,2007,Cameroon,CMR
Cameroon,91.2,2008,Cameroon,CMR
Cameroon,95.3,2009,Cameroon,CMR
Cameroon,95.4,2010,Cameroon,CMR
Cameroon,94.6,2011,Cameroon,CMR
Cameroon,93.1,2012,Cameroon,CMR
Cameroon,93.5,2013,Cameroon,CMR
Cameroon,93.1,2014,Cameroon,CMR
Cameroon,94.3,2015,Cameroon,CMR
Cameroon,97.8,2016,Cameroon,CMR
Cameroon,95.6,2017,Cameroon,CMR
Cameroon,95.31218119378651,2018,Cameroon,CMR
Cameroon,97.0,2019,Cameroon,CMR
Cameroon,97.85508160571896,2020,Cameroon,CMR
Cameroon,97.19999999999999,2021,Cameroon,CMR
Cameroon,96.0,2022,Cameroon,CMR
Cameroon,93.99999999999999,2023,Cameroon,CMR
Congo Democratic Republic,110.1,2006,Democratic Republic of the Congo,COD
Congo Democratic Republic,105.5,2007,Democratic Republic of the Congo,COD
Congo Democratic Republic,106.7,2008,Democratic Republic of the Congo,COD
Congo Democratic Republic,108.7,2009,Democratic Republic of the Congo,COD
Congo Democratic Republic,109.9,2010,Democratic Republic of the Congo,COD
Congo Democratic Republic,108.2,2011,Democratic Republic of the Congo,COD
Congo Democratic Republic,111.2,2012,Democratic Republic of the Congo,COD
Congo Democratic Republic,111.9,2013,Democratic Republic of the Congo,COD
Congo Democratic Republic,110.2,2014,Democratic Republic of the Congo,COD
Congo Democratic Republic,109.7,2015,Democratic Republic of the Congo,COD
Congo Democratic Republic,110.0,2016,Democratic Republic of the Congo,COD
Congo Democratic Republic,110.0,2017,Democratic Republic of the Congo,COD
Congo Democratic Republic,110.67036484651267,2018,Democratic Republic of the Congo,COD
Congo Democratic Republic,110.2,2019,Democratic Republic of the Congo,COD
Congo Democratic Republic,109.39462095485345,2020,Democratic Republic of the Congo,COD
Congo Democratic Republic,108.39999999999999,2021,Democratic Republic of the Congo,COD
Congo Democratic Republic,107.29999999999998,2022,Democratic Republic of the Congo,COD
Congo Democratic Republic,107.19999999999997,2023,Democratic Republic of the Congo,COD
Congo Republic,93.0,2007,Republic of the Congo,COG
Congo Republic,93.4,2008,Republic of the Congo,COG
Congo Republic,93.1,2009,Republic of the Congo,COG
Congo Republic,92.5,2010,Republic of the Congo,COG
Congo Republic,91.4,2011,Republic of the Congo,COG
Congo Republic,90.1,2012,Republic of the Congo,COG
Congo Republic,90.0,2013,Republic of the Congo,COG
Congo Republic,89.6,2014,Republic of the Congo,COG
Congo Republic,90.8,2015,Republic of the Congo,COG
Congo Republic,92.2,2016,Republic of the Congo,COG
Congo Republic,93.4,2017,Republic of the Congo,COG
Congo Republic,93.12762985550377,2018,Republic of the Congo,COG
Congo Republic,92.5,2019,Republic of the Congo,COG
Congo Republic,92.06819972980338,2020,Republic of the Congo,COG
Congo Republic,92.39999999999999,2021,Republic of the Congo,COG
Congo Republic,92.2,2022,Republic of the Congo,COG
Congo Republic,90.7,2023,Republic of the Congo,COG
Colombia,91.8,2006,Colombia,COL
Colombia,89.7,2007,Colombia,COL
Colombia,89.0,2008,Colombia,COL
Colombia,89.2,2009,Colombia,COL
Colombia,88.2,2010,Colombia,COL
Colombia,87.0,2011,Colombia,COL
Colombia,84.4,2012,Colombia,COL
Colombia,83.8,2013,Colombia,COL
Colombia,83.1,2014,Colombia,COL
Colombia,82.5,2015,Colombia,COL
Colombia,80.2,2016,Colombia,COL
Colombia,78.9,2017,Colombia,COL
Colombia,76.62792958051614,2018,Colombia,COL
Colombia,75.7,2019,Colombia,COL
Colombia,76.61419215568088,2020,Colombia,COL
Colombia,79.3,2021,Colombia,COL
Colombia,78.39999999999999,2022,Colombia,COL
Colombia,78.1,2023,Colombia,COL
Comoros,77.8,2007,Comoros,COM
Comoros,79.6,2008,Comoros,COM
Comoros,86.3,2009,Comoros,COM
Comoros,85.1,2010,Comoros,COM
Comoros,83.8,2011,Comoros,COM
Comoros,83.0,2012,Comoros,COM
Comoros,84.0,2013,Comoros,COM
Comoros,85.1,2014,Comoros,COM
Comoros,83.3,2015,Comoros,COM
Comoros,83.8,2016,Comoros,COM
Comoros,84.8,2017,Comoros,COM
Comoros,82.62279134247851,2018,Comoros,COM
Comoros,81.7,2019,Comoros,COM
Comoros,81.24901232562686,2020,Comoros,COM
Comoros,82.49999999999999,2021,Comoros,COM
Comoros,82.3,2022,Comoros,COM
Comoros,82.2,2023,Comoros,COM
Cape Verde,81.1,2007,Cape Verde,CPV
Cape Verde,80.7,2008,Cape Verde,CPV
Cape Verde,78.5,2009,Cape Verde,CPV
Cape Verde,77.2,2010,Cape Verde,CPV
Cape Verde,75.8,2011,Cape Verde,CPV
Cape Verde,74.7,2012,Cape Verde,CPV
Cape Verde,73.7,2013,Cape Verde,CPV
Cape Verde,74.1,2014,Cape Verde,CPV
Cape Verde,73.5,2015,Cape Verde,CPV
Cape Verde,71.5,2016,Cape Verde,CPV
Cape Verde,70.1,2017,Cape Verde,CPV
Cape Verde,68.00000000000001,2018,Cape Verde,CPV
Cape Verde,66.6,2019,Cape Verde,CPV
Cape Verde,64.7781708998417,2020,Cape Verde,CPV
Cabo Verde,64.2,2021,Cabo Verde,CPV
Cabo Verde,61.4,2022,Cabo Verde,CPV
Cape Verde,60.1,2023,Cape Verde,CPV
Costa Rica,49.6,2006,Costa Rica,CRI
Costa Rica,50.5,2007,Costa Rica,CRI
Costa Rica,50.9,2008,Costa Rica,CRI
Costa Rica,52.5,2009,Costa Rica,CRI
Costa Rica,52.0,2010,Costa Rica,CRI
Costa Rica,50.6,2011,Costa Rica,CRI
Costa Rica,49.7,2012,Costa Rica,CRI
Costa Rica,48.7,2013,Costa Rica,CRI
Costa Rica,48.5,2014,Costa Rica,CRI
Costa Rica,46.8,2015,Costa Rica,CRI
Costa Rica,45.1,2016,Costa Rica,CRI
Costa Rica,44.1,2017,Costa Rica,CRI
Costa Rica,43.236723940075855,2018,Costa Rica,CRI
Costa Rica,42.0,2019,Costa Rica,CRI
Costa Rica,40.184017849675776,2020,Costa Rica,CRI
Costa Rica,42.49999999999999,2021,Costa Rica,CRI
Costa Rica,41.0,2022,Costa Rica,CRI
Costa Rica,40.4,2023,Costa Rica,CRI
Cuba,81.9,2006,Cuba,CUB
Cuba,78.6,2007,Cuba,CUB
Cuba,78.6,2008,Cuba,CUB
Cuba,80.6,2009,Cuba,CUB
Cuba,79.4,2010,Cuba,CUB
Cuba,76.6,2011,Cuba,CUB
Cuba,73.1,2012,Cuba,CUB
Cuba,72.8,2013,Cuba,CUB
Cuba,70.8,2014,Cuba,CUB
Cuba,67.4,2015,Cuba,CUB
Cuba,66.3,2016,Cuba,CUB
Cuba,64.6,2017,Cuba,CUB
Cuba,62.89031679299263,2018,Cuba,CUB
Cuba,60.8,2019,Cuba,CUB
Cuba,59.227756982641615,2020,Cuba,CUB
Cuba,59.5,2021,Cuba,CUB
Cuba,60.10000000000001,2022,Cuba,CUB
Cuba,59.49999999999999,2023,Cuba,CUB
Cyprus,70.5,2006,Cyprus,CYP
Cyprus,70.2,2007,Cyprus,CYP
Cyprus,69.7,2008,Cyprus,CYP
Cyprus,68.9,2009,Cyprus,CYP
Cyprus,68.0,2010,Cyprus,CYP
Cyprus,67.6,2011,Cyprus,CYP
Cyprus,66.8,2012,Cyprus,CYP
Cyprus,67.0,2013,Cyprus,CYP
Cyprus,67.9,2014,Cyprus,CYP
Cyprus,66.2,2015,Cyprus,CYP
Cyprus,64.0,2016,Cyprus,CYP
Cyprus,62.6,2017,Cyprus,CYP
Cyprus,60.286306956278125,2018,Cyprus,CYP
Cyprus,57.8,2019,Cyprus,CYP
Cyprus,56.05796495249495,2020,Cyprus,CYP
Cyprus,57.39999999999999,2021,Cyprus,CYP
Cyprus,56.900000000000006,2022,Cyprus,CYP
Cyprus,57.0,2023,Cyprus,CYP
Czech Republic,41.8,2006,Czech Republic,CZE
Czech Republic,42.1,2007,Czech Republic,CZE
Czech Republic,42.1,2008,Czech Republic,CZE
Czech Republic,42.6,2009,Czech Republic,CZE
Czech Republic,41.5,2010,Czech Republic,CZE
Czech Republic,42.4,2011,Czech Republic,CZE
Czech Republic,39.5,2012,Czech Republic,CZE
Czech Republic,39.9,2013,Czech Republic,CZE
Czech Republic,39.4,2014,Czech Republic,CZE
Czech Republic,37.4,2015,Czech Republic,CZE
Czech Republic,40.8,2016,Czech Republic,CZE
Czech Republic,40.1,2017,Czech Republic,CZE
Czech Republic,39.047601456270876,2018,Czech Republic,CZE
Czechia,37.6,2019,Czechia,CZE
Czech Republic,35.74161611006048,2020,Czech Republic,CZE
Czechia,39.300000000000004,2021,Czechia,CZE
Czechia,39.89999999999999,2022,Czechia,CZE
Czech Republic,40.199999999999996,2023,Czech Republic,CZE
Germany,39.7,2006,Germany,DEU
Germany,38.4,2007,Germany,DEU
Germany,37.3,2008,Germany,DEU
Germany,36.2,2009,Germany,DEU
Germany,35.4,2010,Germany,DEU
Germany,33.9,2011,Germany,DEU
Germany,31.7,2012,Germany,DEU
Germany,29.7,2013,Germany,DEU
Germany,30.6,2014,Germany,DEU
Germany,28.1,2015,Germany,DEU
Germany,28.6,2016,Germany,DEU
Germany,28.1,2017,Germany,DEU
Germany,25.83337235566515,2018,Germany,DEU
Germany,24.7,2019,Germany,DEU
Germany,23.188488518886743,2020,Germany,DEU
Germany,24.8,2021,Germany,DEU
Germany,23.6,2022,Germany,DEU
Germany,24.6,2023,Germany,DEU
Djibouti,80.3,2007,Djibouti,DJI
Djibouti,80.0,2008,Djibouti,DJI
Djibouti,80.6,2009,Djibouti,DJI
Djibouti,81.9,2010,Djibouti,DJI
Djibouti,82.6,2011,Djibouti,DJI
Djibouti,83.8,2012,Djibouti,DJI
Djibouti,85.5,2013,Djibouti,DJI
Djibouti,87.1,2014,Djibouti,DJI
Djibouti,88.0,2015,Djibouti,DJI
Djibouti,89.7,2016,Djibouti,DJI
Djibouti,88.9,2017,Djibouti,DJI
Djibouti,87.11477754799978,2018,Djibouti,DJI
Djibouti,85.1,2019,Djibouti,DJI
Djibouti,82.72548312161723,2020,Djibouti,DJI
Djibouti,82.39999999999999,2021,Djibouti,DJI
Djibouti,81.3,2022,Djibouti,DJI
Djibouti,82.19999999999999,2023,Djibouti,DJI
Denmark,24.8,2006,Denmark,DNK
Denmark,22.2,2007,Denmark,DNK
Denmark,21.5,2008,Denmark,DNK
Denmark,23.2,2009,Denmark,DNK
Denmark,22.9,2010,Denmark,DNK
Denmark,23.8,2011,Denmark,DNK
Denmark,23.0,2012,Denmark,DNK
Denmark,21.9,2013,Denmark,DNK
Denmark,22.8,2014,Denmark,DNK
Denmark,21.4,2015,Denmark,DNK
Denmark,21.5,2016,Denmark,DNK
Denmark,21.5,2017,Denmark,DNK
Denmark,19.785177227543933,2018,Denmark,DNK
Denmark,19.5,2019,Denmark,DNK
Denmark,17.213586679528063,2020,Denmark,DNK
Denmark,18.8,2021,Denmark,DNK
Denmark,18.099999999999998,2022,Denmark,DNK
Denmark,17.900000000000002,2023,Denmark,DNK
Dominican Republic,85.0,2006,Dominican Republic,DOM
Dominican Republic,80.6,2007,Dominican Republic,DOM
Dominican Republic,78.4,2008,Dominican Republic,DOM
Dominican Republic,77.7,2009,Dominican Republic,DOM
Dominican Republic,76.8,2010,Dominican Republic,DOM
Dominican Republic,76.9,2011,Dominican Republic,DOM
Dominican Republic,74.1,2012,Dominican Republic,DOM
Dominican Republic,73.2,2013,Dominican Republic,DOM
Dominican Republic,73.4,2014,Dominican Republic,DOM
Dominican Republic,71.2,2015,Dominican Republic,DOM
Dominican Republic,70.8,2016,Dominican Republic,DOM
Dominican Republic,69.0,2017,Dominican Republic,DOM
Dominican Republic,69.19632518627424,2018,Dominican Republic,DOM
Dominican Republic,66.2,2019,Dominican Republic,DOM
Dominican Republic,64.35620204936144,2020,Dominican Republic,DOM
Dominican Republic,64.7,2021,Dominican Republic,DOM
Dominican Republic,62.800000000000004,2022,Dominican Republic,DOM
Dominican Republic,60.800000000000004,2023,Dominican Republic,DOM
Algeria,77.8,2006,Algeria,DZA
Algeria,75.9,2007,Algeria,DZA
Algeria,77.8,2008,Algeria,DZA
Algeria,80.6,2009,Algeria,DZA
Algeria,81.3,2010,Algeria,DZA
Algeria,78.0,2011,Algeria,DZA
Algeria,78.1,2012,Algeria,DZA
Algeria,78.7,2013,Algeria,DZA
Algeria,78.8,2014,Algeria,DZA
Algeria,79.6,2015,Algeria,DZA
Algeria,78.3,2016,Algeria,DZA
Algeria,76.8,2017,Algeria,DZA
Algeria,75.78505154191771,2018,Algeria,DZA
Algeria,75.4,2019,Algeria,DZA
Algeria,74.57518290066574,2020,Algeria,DZA
Algeria,73.6,2021,Algeria,DZA
Algeria,72.2,2022,Algeria,DZA
Algeria,69.99999999999999,2023,Algeria,DZA
Ecuador,81.2,2006,Ecuador,ECU
Ecuador,79.9,2007,Ecuador,ECU
Ecuador,80.3,2008,Ecuador,ECU
Ecuador,81.2,2009,Ecuador,ECU
Ecuador,81.7,2010,Ecuador,ECU
Ecuador,82.2,2011,Ecuador,ECU
Ecuador,80.1,2012,Ecuador,ECU
Ecuador,78.6,2013,Ecuador,ECU
Ecuador,77.3,2014,Ecuador,ECU
Ecuador,75.9,2015,Ecuador,ECU
Ecuador,75.6,2016,Ecuador,ECU
Ecuador,77.3,2017,Ecuador,ECU
Ecuador,74.23122556430408,2018,Ecuador,ECU
Ecuador,71.2,2019,Ecuador,ECU
Ecuador,69.40303455188986,2020,Ecuador,ECU
Ecuador,71.2,2021,Ecuador,ECU
Ecuador,69.1,2022,Ecuador,ECU
Ecuador,69.39999999999999,2023,Ecuador,ECU
Egypt,89.5,2006,Egypt,EGY
Egypt,89.2,2007,Egypt,EGY
Egypt,88.7,2008,Egypt,EGY
Egypt,89.0,2009,Egypt,EGY
Egypt,87.6,2010,Egypt,EGY
Egypt,86.8,2011,Egypt,EGY
Egypt,90.4,2012,Egypt,EGY
Egypt,90.6,2013,Egypt,EGY
Egypt,91.0,2014,Egypt,EGY
Egypt,89.9,2015,Egypt,EGY
Egypt,90.2,2016,Egypt,EGY
Egypt,89.8,2017,Egypt,EGY
Egypt,88.73736287679192,2018,Egypt,EGY
Egypt,88.4,2019,Egypt,EGY
Egypt,86.00613825029183,2020,Egypt,EGY
Egypt,85.0,2021,Egypt,EGY
Egypt,83.60000000000001,2022,Egypt,EGY
Egypt,81.6,2023,Egypt,EGY
Eritrea,83.9,2006,Eritrea,ERI
Eritrea,85.5,2007,Eritrea,ERI
Eritrea,87.4,2008,Eritrea,ERI
Eritrea,90.3,2009,Eritrea,ERI
Eritrea,93.3,2010,Eritrea,ERI
Eritrea,93.6,2011,Eritrea,ERI
Eritrea,94.5,2012,Eritrea,ERI
Eritrea,95.0,2013,Eritrea,ERI
Eritrea,95.5,2014,Eritrea,ERI
Eritrea,96.9,2015,Eritrea,ERI
Eritrea,98.6,2016,Eritrea,ERI
Eritrea,98.1,2017,Eritrea,ERI
Eritrea,97.20823903623204,2018,Eritrea,ERI
Eritrea,96.4,2019,Eritrea,ERI
Eritrea,95.8442307280238,2020,Eritrea,ERI
Eritrea,97.00000000000001,2021,Eritrea,ERI
Eritrea,95.90000000000002,2022,Eritrea,ERI
Eritrea,94.49999999999999,2023,Eritrea,ERI
Spain,37.4,2006,Spain,ESP
Spain,39.2,2007,Spain,ESP
Spain,41.6,2008,Spain,ESP
Spain,43.3,2009,Spain,ESP
Spain,43.5,2010,Spain,ESP
Spain,43.1,2011,Spain,ESP
Spain,42.8,2012,Spain,ESP
Spain,44.4,2013,Spain,ESP
Spain,43.1,2014,Spain,ESP
Spain,40.9,2015,Spain,ESP
Spain,39.8,2016,Spain,ESP
Spain,37.9,2017,Spain,ESP
Spain,41.38298112031969,2018,Spain,ESP
Spain,40.7,2019,Spain,ESP
Spain,40.35163335620069,2020,Spain,ESP
Spain,44.800000000000004,2021,Spain,ESP
Spain,44.4,2022,Spain,ESP
Spain,43.49999999999999,2023,Spain,ESP
Estonia,51.0,2006,Estonia,EST
Estonia,50.5,2007,Estonia,EST
Estonia,51.0,2008,Estonia,EST
Estonia,51.2,2009,Estonia,EST
Estonia,50.7,2010,Estonia,EST
Estonia,49.3,2011,Estonia,EST
Estonia,47.5,2012,Estonia,EST
Estonia,45.3,2013,Estonia,EST
Estonia,45.2,2014,Estonia,EST
Estonia,43.7,2015,Estonia,EST
Estonia,43.4,2016,Estonia,EST
Estonia,44.7,2017,Estonia,EST
Estonia,42.990053644081904,2018,Estonia,EST
Estonia,40.8,2019,Estonia,EST
Estonia,38.52345451018706,2020,Estonia,EST
Estonia,39.50000000000001,2021,Estonia,EST
Estonia,37.699999999999996,2022,Estonia,EST
Estonia,38.6,2023,Estonia,EST
Ethiopia,91.9,2006,Ethiopia,ETH
Ethiopia,95.3,2007,Ethiopia,ETH
Ethiopia,96.1,2008,Ethiopia,ETH
Ethiopia,98.9,2009,Ethiopia,ETH
Ethiopia,98.8,2010,Ethiopia,ETH
Ethiopia,98.2,2011,Ethiopia,ETH
Ethiopia,97.9,2012,Ethiopia,ETH
Ethiopia,98.9,2013,Ethiopia,ETH
Ethiopia,97.9,2014,Ethiopia,ETH
Ethiopia,97.5,2015,Ethiopia,ETH
Ethiopia,97.2,2016,Ethiopia,ETH
Ethiopia,101.1,2017,Ethiopia,ETH
Ethiopia,99.56909778499838,2018,Ethiopia,ETH
Ethiopia,94.2,2019,Ethiopia,ETH
Ethiopia,94.59577634557802,2020,Ethiopia,ETH
Ethiopia,99.00000000000001,2021,Ethiopia,ETH
Ethiopia,99.30000000000001,2022,Ethiopia,ETH
Ethiopia,100.39999999999999,2023,Ethiopia,ETH
Finland,18.2,2006,Finland,FIN
Finland,18.5,2007,Finland,FIN
Finland,18.4,2008,Finland,FIN
Finland,19.2,2009,Finland,FIN
Finland,19.3,2010,Finland,FIN
Finland,19.7,2011,Finland,FIN
Finland,20.0,2012,Finland,FIN
Finland,18.0,2013,Finland,FIN
Finland,18.7,2014,Finland,FIN
Finland,17.7,2015,Finland,FIN
Finland,18.8,2016,Finland,FIN
Finland,18.7,2017,Finland,FIN
Finland,17.934251926521828,2018,Finland,FIN
Finland,16.9,2019,Finland,FIN
Finland,14.626666190916625,2020,Finland,FIN
Finland,16.2,2021,Finland,FIN
Finland,15.100000000000003,2022,Finland,FIN
Finland,16.0,2023,Finland,FIN
Fiji,75.7,2007,Fiji,FJI
Fiji,76.6,2008,Fiji,FJI
Fiji,78.8,2009,Fiji,FJI
Fiji,80.5,2010,Fiji,FJI
Fiji,81.1,2011,Fiji,FJI
Fiji,80.5,2012,Fiji,FJI
Fiji,80.8,2013,Fiji,FJI
Fiji,79.0,2014,Fiji,FJI
Fiji,76.7,2015,Fiji,FJI
Fiji,76.2,2016,Fiji,FJI
Fiji,76.9,2017,Fiji,FJI
Fiji,74.51822129476686,2018,Fiji,FJI
Fiji,71.7,2019,Fiji,FJI
Fiji,69.85212211648623,2020,Fiji,FJI
Fiji,70.4,2021,Fiji,FJI
Fiji,68.9,2022,Fiji,FJI
Fiji,70.19999999999999,2023,Fiji,FJI
France,34.3,2006,France,FRA
France,34.1,2007,France,FRA
France,34.8,2008,France,FRA
France,35.3,2009,France,FRA
France,34.9,2010,France,FRA
France,34.0,2011,France,FRA
France,33.6,2012,France,FRA
France,32.6,2013,France,FRA
France,34.8,2014,France,FRA
France,33.7,2015,France,FRA
France,34.5,2016,France,FRA
France,33.5,2017,France,FRA
France,32.22701109659329,2018,France,FRA
France,32.0,2019,France,FRA
France,30.481111070323838,2020,France,FRA
France,32.5,2021,France,FRA
France,30.900000000000002,2022,France,FRA
France,28.799999999999997,2023,France,FRA
Micronesia,73.5,2007,Micronesia,FSM
Micronesia,74.0,2008,Micronesia,FSM
Micronesia,71.9,2009,Micronesia,FSM
Micronesia,70.6,2010,Micronesia,FSM
Micronesia,71.9,2011,Micronesia,FSM
Micronesia,71.9,2012,Micronesia,FSM
Micronesia,72.9,2013,Micronesia,FSM
Micronesia,74.6,2014,Micronesia,FSM
Micronesia,73.5,2015,Micronesia,FSM
Micronesia,77.1,2016,Micronesia,FSM
Micronesia,76.4,2017,Micronesia,FSM
Micronesia,74.4370879237946,2018,Micronesia,FSM
Micronesia,73.0,2019,Micronesia,FSM
Micronesia,71.23563007855653,2020,Micronesia,FSM
Micronesia,71.7,2021,Micronesia,FSM
Micronesia,71.0,2022,Micronesia,FSM
Micronesia,69.30000000000001,2023,Micronesia,FSM
Gabon,73.6,2006,Gabon,GAB
Gabon,73.3,2007,Gabon,GAB
Gabon,75.0,2008,Gabon,GAB
Gabon,74.4,2009,Gabon,GAB
Gabon,75.3,2010,Gabon,GAB
Gabon,75.3,2011,Gabon,GAB
Gabon,74.6,2012,Gabon,GAB
Gabon,72.9,2013,Gabon,GAB
Gabon,72.2,2014,Gabon,GAB
Gabon,71.2,2015,Gabon,GAB
Gabon,72.0,2016,Gabon,GAB
Gabon,73.8,2017,Gabon,GAB
Gabon,72.47628284232633,2018,Gabon,GAB
Gabon,70.5,2019,Gabon,GAB
Gabon,69.08700133545015,2020,Gabon,GAB
Gabon,67.4,2021,Gabon,GAB
Gabon,66.7,2022,Gabon,GAB
Gabon,65.50000000000001,2023,Gabon,GAB
United Kingdom,34.2,2006,United Kingdom,GBR
United Kingdom,34.1,2007,United Kingdom,GBR
United Kingdom,32.9,2008,United Kingdom,GBR
United Kingdom,33.6,2009,United Kingdom,GBR
United Kingdom,33.9,2010,United Kingdom,GBR
United Kingdom,34.1,2011,United Kingdom,GBR
United Kingdom,35.3,2012,United Kingdom,GBR
United Kingdom,33.2,2013,United Kingdom,GBR
United Kingdom,34.3,2014,United Kingdom,GBR
United Kingdom,33.4,2015,United Kingdom,GBR
United Kingdom,32.4,2016,United Kingdom,GBR
United Kingdom,33.2,2017,United Kingdom,GBR
United Kingdom,34.29882224337588,2018,United Kingdom,GBR
United Kingdom,36.7,2019,United Kingdom,GBR
United Kingdom,38.260475361020404,2020,United Kingdom,GBR
United Kingdom,41.50000000000001,2021,United Kingdom,GBR
United Kingdom,40.599999999999994,2022,United Kingdom,GBR
United Kingdom,41.9,2023,United Kingdom,GBR
Georgia,82.2,2006,Georgia,GEO
Georgia,82.3,2007,Georgia,GEO
Georgia,83.8,2008,Georgia,GEO
Georgia,91.8,2009,Georgia,GEO
Georgia,90.4,2010,Georgia,GEO
Georgia,86.4,2011,Georgia,GEO
Georgia,84.8,2012,Georgia,GEO
Georgia,84.2,2013,Georgia,GEO
Georgia,82.7,2014,Georgia,GEO
Georgia,79.2,2015,Georgia,GEO
Georgia,78.9,2016,Georgia,GEO
Georgia,76.5,2017,Georgia,GEO
Georgia,74.00003923403446,2018,Georgia,GEO
Georgia,72.0,2019,Georgia,GEO
Georgia,71.15229518395927,2020,Georgia,GEO
Georgia,72.6,2021,Georgia,GEO
Georgia,71.8,2022,Georgia,GEO
Georgia,71.89999999999999,2023,Georgia,GEO
Ghana,60.5,2006,Ghana,GHA
Ghana,61.9,2007,Ghana,GHA
Ghana,64.6,2008,Ghana,GHA
Ghana,66.2,2009,Ghana,GHA
Ghana,67.1,2010,Ghana,GHA
Ghana,67.7,2011,Ghana,GHA
Ghana,67.5,2012,Ghana,GHA
Ghana,69.1,2013,Ghana,GHA
Ghana,70.7,2014,Ghana,GHA
Ghana,71.8,2015,Ghana,GHA
Ghana,71.2,2016,Ghana,GHA
Ghana,69.7,2017,Ghana,GHA
Ghana,68.1221863165064,2018,Ghana,GHA
Ghana,65.9,2019,Ghana,GHA
Ghana,64.15816913182405,2020,Ghana,GHA
Ghana,63.900000000000006,2021,Ghana,GHA
Ghana,63.0,2022,Ghana,GHA
Ghana,62.29999999999999,2023,Ghana,GHA
Guinea,99.0,2006,Guinea,GIN
Guinea,101.3,2007,Guinea,GIN
Guinea,101.8,2008,Guinea,GIN
Guinea,104.6,2009,Guinea,GIN
Guinea,105.0,2010,Guinea,GIN
Guinea,102.5,2011,Guinea,GIN
Guinea,101.9,2012,Guinea,GIN
Guinea,101.3,2013,Guinea,GIN
Guinea,102.7,2014,Guinea,GIN
Guinea,104.9,2015,Guinea,GIN
Guinea,103.8,2016,Guinea,GIN
Guinea,102.4,2017,Guinea,GIN
Guinea,101.6167424753827,2018,Guinea,GIN
Guinea,99.4,2019,Guinea,GIN
Guinea,97.16761117146424,2020,Guinea,GIN
Guinea,97.39999999999999,2021,Guinea,GIN
Guinea,99.6,2022,Guinea,GIN
Guinea,98.50000000000001,2023,Guinea,GIN
Gambia,74.0,2006,Gambia,GMB
Gambia,76.0,2007,Gambia,GMB
Gambia,76.9,2008,Gambia,GMB
Gambia,79.0,2009,Gambia,GMB
Gambia,80.2,2010,Gambia,GMB
Gambia,80.9,2011,Gambia,GMB
Gambia,80.6,2012,Gambia,GMB
Gambia,81.8,2013,Gambia,GMB
Gambia,83.1,2014,Gambia,GMB
Gambia,85.4,2015,Gambia,GMB
Gambia,86.8,2016,Gambia,GMB
Gambia,89.4,2017,Gambia,GMB
Gambia,87.06418531960836,2018,Gambia,GMB
Gambia,83.9,2019,Gambia,GMB
Gambia,82.21463956781182,2020,Gambia,GMB
Gambia,80.5,2021,Gambia,GMB
Gambia,78.6,2022,Gambia,GMB
Gambia,76.10000000000001,2023,Gambia,GMB
Guinea Bissau,85.4,2006,Guinea Bissau,GNB
Guinea Bissau,88.8,2007,Guinea Bissau,GNB
Guinea Bissau,91.3,2008,Guinea Bissau,GNB
Guinea Bissau,94.8,2009,Guinea Bissau,GNB
Guinea Bissau,97.2,2010,Guinea Bissau,GNB
Guinea Bissau,98.3,2011,Guinea Bissau,GNB
Guinea Bissau,99.2,2012,Guinea Bissau,GNB
Guinea Bissau,101.1,2013,Guinea Bissau,GNB
Guinea Bissau,100.6,2014,Guinea Bissau,GNB
Guinea Bissau,99.9,2015,Guinea Bissau,GNB
Guinea Bissau,99.8,2016,Guinea Bissau,GNB
Guinea Bissau,99.5,2017,Guinea Bissau,GNB
Guinea Bissau,98.09458991085195,2018,Guinea Bissau,GNB
Guinea Bissau,95.5,2019,Guinea Bissau,GNB
Guinea Bissau,92.90207550854626,2020,Guinea Bissau,GNB
Guinea Bissau,91.99999999999999,2021,Guinea Bissau,GNB
Guinea Bissau,91.3,2022,Guinea Bissau,GNB
Guinea Bissau,89.90000000000002,2023,Guinea Bissau,GNB
Equatorial Guinea,84.0,2006,Equatorial Guinea,GNQ
Equatorial Guinea,88.2,2007,Equatorial Guinea,GNQ
Equatorial Guinea,88.0,2008,Equatorial Guinea,GNQ
Equatorial Guinea,88.3,2009,Equatorial Guinea,GNQ
Equatorial Guinea,88.5,2010,Equatorial Guinea,GNQ
Equatorial Guinea,88.1,2011,Equatorial Guinea,GNQ
Equatorial Guinea,86.3,2012,Equatorial Guinea,GNQ
Equatorial Guinea,86.1,2013,Equatorial Guinea,GNQ
Equatorial Guinea,85.3,2014,Equatorial Guinea,GNQ
Equatorial Guinea,84.8,2015,Equatorial Guinea,GNQ
Equatorial Guinea,85.2,2016,Equatorial Guinea,GNQ
Equatorial Guinea,85.0,2017,Equatorial Guinea,GNQ
Equatorial Guinea,83.39889583816712,2018,Equatorial Guinea,GNQ
Equatorial Guinea,82.6,2019,Equatorial Guinea,GNQ
Equatorial Guinea,83.01620385538543,2020,Equatorial Guinea,GNQ
Equatorial Guinea,84.10000000000001,2021,Equatorial Guinea,GNQ
Equatorial Guinea,84.1,2022,Equatorial Guinea,GNQ
Equatorial Guinea,84.4,2023,Equatorial Guinea,GNQ
Greece,41.1,2006,Greece,GRC
Greece,43.5,2007,Greece,GRC
Greece,45.4,2008,Greece,GRC
Greece,46.1,2009,Greece,GRC
Greece,45.9,2010,Greece,GRC
Greece,47.4,2011,Greece,GRC
Greece,50.4,2012,Greece,GRC
Greece,50.6,2013,Greece,GRC
Greece,52.1,2014,Greece,GRC
Greece,52.6,2015,Greece,GRC
Greece,55.9,2016,Greece,GRC
Greece,57.5,2017,Greece,GRC
Greece,55.28241010073139,2018,Greece,GRC
Greece,53.9,2019,Greece,GRC
Greece,52.14869722028766,2020,Greece,GRC
Greece,54.49999999999999,2021,Greece,GRC
Greece,55.8,2022,Greece,GRC
Greece,55.099999999999994,2023,Greece,GRC
Grenada,71.6,2007,Grenada,GRD
Grenada,69.0,2008,Grenada,GRD
Grenada,67.9,2009,Grenada,GRD
Grenada,67.0,2010,Grenada,GRD
Grenada,66.4,2011,Grenada,GRD
Grenada,65.0,2012,Grenada,GRD
Grenada,64.6,2013,Grenada,GRD
Grenada,65.2,2014,Grenada,GRD
Grenada,63.5,2015,Grenada,GRD
Grenada,63.0,2016,Grenada,GRD
Grenada,61.5,2017,Grenada,GRD
Grenada,59.9,2018,Grenada,GRD
Grenada,57.6,2019,Grenada,GRD
Grenada,55.24684546356435,2020,Grenada,GRD
Grenada,56.099999999999994,2021,Grenada,GRD
Grenada,54.3,2022,Grenada,GRD
Grenada,53.699999999999996,2023,Grenada,GRD
Guatemala,84.3,2006,Guatemala,GTM
Guatemala,81.4,2007,Guatemala,GTM
Guatemala,80.6,2008,Guatemala,GTM
Guatemala,80.6,2009,Guatemala,GTM
Guatemala,81.2,2010,Guatemala,GTM
Guatemala,80.1,2011,Guatemala,GTM
Guatemala,79.4,2012,Guatemala,GTM
Guatemala,80.7,2013,Guatemala,GTM
Guatemala,80.3,2014,Guatemala,GTM
Guatemala,80.4,2015,Guatemala,GTM
Guatemala,83.2,2016,Guatemala,GTM
Guatemala,83.1,2017,Guatemala,GTM
Guatemala,81.83670919240136,2018,Guatemala,GTM
Guatemala,81.4,2019,Guatemala,GTM
Guatemala,79.17634843834767,2020,Guatemala,GTM
Guatemala,79.4,2021,Guatemala,GTM
Guatemala,77.5,2022,Guatemala,GTM
Guatemala,77.3,2023,Guatemala,GTM
Guyana,73.3,2007,Guyana,GUY
Guyana,72.2,2008,Guyana,GUY
Guyana,73.0,2009,Guyana,GUY
Guyana,73.0,2010,Guyana,GUY
Guyana,72.6,2011,Guyana,GUY
Guyana,71.4,2012,Guyana,GUY
Guyana,70.8,2013,Guyana,GUY
Guyana,71.0,2014,Guyana,GUY
Guyana,70.5,2015,Guyana,GUY
Guyana,70.9,2016,Guyana,GUY
Guyana,71.3,2017,Guyana,GUY
Guyana,70.35847016331266,2018,Guyana,GUY
Guyana,68.2,2019,Guyana,GUY
Guyana,65.95105985340093,2020,Guyana,GUY
Guyana,66.1,2021,Guyana,GUY
Guyana,64.19999999999999,2022,Guyana,GUY
Guyana,61.599999999999994,2023,Guyana,GUY
Honduras,76.7,2006,Honduras,HND
Honduras,74.8,2007,Honduras,HND
Honduras,74.9,2008,Honduras,HND
Honduras,77.2,2009,Honduras,HND
Honduras,80.0,2010,Honduras,HND
Honduras,78.3,2011,Honduras,HND
Honduras,78.5,2012,Honduras,HND
Honduras,78.3,2013,Honduras,HND
Honduras,77.9,2014,Honduras,HND
Honduras,78.1,2015,Honduras,HND
Honduras,79.8,2016,Honduras,HND
Honduras,79.1,2017,Honduras,HND
Honduras,77.2624416679196,2018,Honduras,HND
Honduras,77.8,2019,Honduras,HND
Honduras,76.78897699605234,2020,Honduras,HND
Honduras,79.4,2021,Honduras,HND
Honduras,78.69999999999999,2022,Honduras,HND
Honduras,79.6,2023,Honduras,HND
Croatia,61.9,2006,Croatia,HRV
Croatia,60.5,2007,Croatia,HRV
Croatia,59.4,2008,Croatia,HRV
Croatia,60.1,2009,Croatia,HRV
Croatia,59.0,2010,Croatia,HRV
Croatia,57.3,2011,Croatia,HRV
Croatia,56.3,2012,Croatia,HRV
Croatia,54.1,2013,Croatia,HRV
Croatia,52.9,2014,Croatia,HRV
Croatia,51.0,2015,Croatia,HRV
Croatia,52.4,2016,Croatia,HRV
Croatia,50.6,2017,Croatia,HRV
Croatia,48.71641829811867,2018,Croatia,HRV
Croatia,47.5,2019,Croatia,HRV
Croatia,46.094521183346394,2020,Croatia,HRV
Croatia,49.800000000000004,2021,Croatia,HRV
Croatia,49.29999999999999,2022,Croatia,HRV
Croatia,48.699999999999996,2023,Croatia,HRV
Haiti,104.6,2006,Haiti,HTI
Haiti,100.9,2007,Haiti,HTI
Haiti,99.3,2008,Haiti,HTI
Haiti,101.8,2009,Haiti,HTI
Haiti,101.6,2010,Haiti,HTI
Haiti,108.0,2011,Haiti,HTI
Haiti,104.9,2012,Haiti,HTI
Haiti,105.8,2013,Haiti,HTI
Haiti,104.3,2014,Haiti,HTI
Haiti,104.5,2015,Haiti,HTI
Haiti,105.1,2016,Haiti,HTI
Haiti,105.3,2017,Haiti,HTI
Haiti,101.96955214756449,2018,Haiti,HTI
Haiti,99.3,2019,Haiti,HTI
Haiti,97.67900000000002,2020,Haiti,HTI
Haiti,97.49999999999999,2021,Haiti,HTI
Haiti,99.7,2022,Haiti,HTI
Haiti,102.89999999999999,2023,Haiti,HTI
Hungary,46.7,2006,Hungary,HUN
Hungary,51.2,2007,Hungary,HUN
Hungary,50.9,2008,Hungary,HUN
Hungary,50.7,2009,Hungary,HUN
Hungary,50.1,2010,Hungary,HUN
Hungary,48.7,2011,Hungary,HUN
Hungary,48.3,2012,Hungary,HUN
Hungary,47.6,2013,Hungary,HUN
Hungary,48.3,2014,Hungary,HUN
Hungary,49.1,2015,Hungary,HUN
Hungary,52.7,2016,Hungary,HUN
Hungary,52.0,2017,Hungary,HUN
Hungary,50.20431326900252,2018,Hungary,HUN
Hungary,49.6,2019,Hungary,HUN
Hungary,47.62085657690617,2020,Hungary,HUN
Hungary,51.09999999999999,2021,Hungary,HUN
Hungary,50.8,2022,Hungary,HUN
Hungary,48.8,2023,Hungary,HUN
Indonesia,89.2,2006,Indonesia,IDN
Indonesia,84.4,2007,Indonesia,IDN
Indonesia,83.3,2008,Indonesia,IDN
Indonesia,84.1,2009,Indonesia,IDN
Indonesia,83.1,2010,Indonesia,IDN
Indonesia,81.6,2011,Indonesia,IDN
Indonesia,80.6,2012,Indonesia,IDN
Indonesia,78.2,2013,Indonesia,IDN
Indonesia,76.8,2014,Indonesia,IDN
Indonesia,75.0,2015,Indonesia,IDN
Indonesia,74.9,2016,Indonesia,IDN
Indonesia,72.9,2017,Indonesia,IDN
Indonesia,72.29772813709069,2018,Indonesia,IDN
Indonesia,70.4,2019,Indonesia,IDN
Indonesia,67.84550475118697,2020,Indonesia,IDN
Indonesia,67.6,2021,Indonesia,IDN
Indonesia,66.60000000000001,2022,Indonesia,IDN
Indonesia,65.60000000000001,2023,Indonesia,IDN
India,70.4,2006,India,IND
India,70.8,2007,India,IND
India,72.9,2008,India,IND
India,77.8,2009,India,IND
India,79.2,2010,India,IND
India,79.3,2011,India,IND
India,78.0,2012,India,IND
India,77.5,2013,India,IND
India,76.9,2014,India,IND
India,79.3,2015,India,IND
India,79.6,2016,India,IND
India,77.9,2017,India,IND
India,76.30850993941235,2018,India,IND
India,74.4,2019,India,IND
India,75.30743258442217,2020,India,IND
India,76.99999999999999,2021,India,IND
India,75.3,2022,India,IND
India,74.10000000000001,2023,India,IND
Ireland,18.6,2006,Ireland,IRL
Ireland,19.5,2007,Ireland,IRL
Ireland,19.9,2008,Ireland,IRL
Ireland,21.6,2009,Ireland,IRL
Ireland,22.4,2010,Ireland,IRL
Ireland,25.3,2011,Ireland,IRL
Ireland,26.5,2012,Ireland,IRL
Ireland,24.8,2013,Ireland,IRL
Ireland,26.1,2014,Ireland,IRL
Ireland,24.6,2015,Ireland,IRL
Ireland,22.5,2016,Ireland,IRL
Ireland,22.3,2017,Ireland,IRL
Ireland,20.7393047786885,2018,Ireland,IRL
Ireland,20.6,2019,Ireland,IRL
Ireland,19.93941688089731,2020,Ireland,IRL
Ireland,22.200000000000003,2021,Ireland,IRL
Ireland,20.799999999999997,2022,Ireland,IRL
Ireland,19.5,2023,Ireland,IRL
Iran,84.0,2006,"Iran, Islamic Republic of",IRN
Iran,82.8,2007,"Iran, Islamic Republic of",IRN
Iran,85.7,2008,"Iran, Islamic Republic of",IRN
Iran,90.0,2009,"Iran, Islamic Republic of",IRN
Iran,92.2,2010,"Iran, Islamic Republic of",IRN
Iran,90.2,2011,"Iran, Islamic Republic of",IRN
Iran,89.6,2012,"Iran, Islamic Republic of",IRN
Iran,89.7,2013,"Iran, Islamic Republic of",IRN
Iran,87.2,2014,"Iran, Islamic Republic of",IRN
Iran,87.1,2015,"Iran, Islamic Republic of",IRN
Iran,86.9,2016,"Iran, Islamic Republic of",IRN
Iran,85.8,2017,"Iran, Islamic Republic of",IRN
Iran,84.27111516741917,2018,"Iran, Islamic Republic of",IRN
Iran,83.0,2019,"Iran, Islamic Republic of",IRN
Iran,83.3866086520676,2020,"Iran, Islamic Republic of",IRN
Iran,84.5,2021,"Iran, Islamic Republic of",IRN
Iran,84.1,2022,"Iran, Islamic Republic of",IRN
Iran,85.39999999999999,2023,"Iran, Islamic Republic of",IRN
Iraq,109.0,2006,Iraq,IRQ
Iraq,111.4,2007,Iraq,IRQ
Iraq,110.6,2008,Iraq,IRQ
Iraq,108.6,2009,Iraq,IRQ
Iraq,107.3,2010,Iraq,IRQ
Iraq,104.8,2011,Iraq,IRQ
Iraq,104.3,2012,Iraq,IRQ
Iraq,103.9,2013,Iraq,IRQ
Iraq,102.2,2014,Iraq,IRQ
Iraq,104.4,2015,Iraq,IRQ
Iraq,104.7,2016,Iraq,IRQ
Iraq,105.4,2017,Iraq,IRQ
Iraq,102.20568542153825,2018,Iraq,IRQ
Iraq,99.1,2019,Iraq,IRQ
Iraq,95.94116979347217,2020,Iraq,IRQ
Iraq,96.2,2021,Iraq,IRQ
Iraq,93.8,2022,Iraq,IRQ
Iraq,91.39999999999999,2023,Iraq,IRQ
Iceland,21.1,2007,Iceland,ISL
Iceland,20.9,2008,Iceland,ISL
Iceland,29.0,2009,Iceland,ISL
Iceland,29.8,2010,Iceland,ISL
Iceland,30.1,2011,Iceland,ISL
Iceland,29.1,2012,Iceland,ISL
Iceland,24.7,2013,Iceland,ISL
Iceland,25.9,2014,Iceland,ISL
Iceland,23.4,2015,Iceland,ISL
Iceland,22.8,2016,Iceland,ISL
Iceland,22.5,2017,Iceland,ISL
Iceland,20.3,2018,Iceland,ISL
Iceland,19.8,2019,Iceland,ISL
Iceland,17.799999999999997,2020,Iceland,ISL
Iceland,18.0,2021,Iceland,ISL
Iceland,17.1,2022,Iceland,ISL
Iceland,15.700000000000001,2023,Iceland,ISL
Israel,43.0,2021,Israel,ISR
Israel,42.599999999999994,2022,Israel,ISR
Israel,44.1,2023,Israel,ISR
Italy,35.1,2006,Italy,ITA
Italy,37.1,2007,Italy,ITA
Italy,39.9,2008,Italy,ITA
Italy,43.9,2009,Italy,ITA
Italy,45.7,2010,Italy,ITA
Italy,45.8,2011,Italy,ITA
Italy,45.8,2012,Italy,ITA
Italy,44.6,2013,Italy,ITA
Italy,43.4,2014,Italy,ITA
Italy,43.2,2015,Italy,ITA
Italy,43.1,2016,Italy,ITA
Italy,45.2,2017,Italy,ITA
Italy,43.8,2018,Italy,ITA
Italy,43.8,2019,Italy,ITA
Italy,42.35313024887805,2020,Italy,ITA
Italy,45.2,2021,Italy,ITA
Italy,43.4,2022,Italy,ITA
Italy,42.6,2023,Italy,ITA
Jamaica,66.8,2006,Jamaica,JAM
Jamaica,65.1,2007,Jamaica,JAM
Jamaica,65.7,2008,Jamaica,JAM
Jamaica,68.6,2009,Jamaica,JAM
Jamaica,67.4,2010,Jamaica,JAM
Jamaica,67.1,2011,Jamaica,JAM
Jamaica,65.8,2012,Jamaica,JAM
Jamaica,65.6,2013,Jamaica,JAM
Jamaica,64.9,2014,Jamaica,JAM
Jamaica,64.6,2015,Jamaica,JAM
Jamaica,65.0,2016,Jamaica,JAM
Jamaica,65.2,2017,Jamaica,JAM
Jamaica,63.11945865018858,2018,Jamaica,JAM
Jamaica,61.2,2019,Jamaica,JAM
Jamaica,60.02494703870308,2020,Jamaica,JAM
Jamaica,61.2,2021,Jamaica,JAM
Jamaica,62.1,2022,Jamaica,JAM
Jamaica,61.90000000000001,2023,Jamaica,JAM
Jordan,77.0,2006,Jordan,JOR
Jordan,76.6,2007,Jordan,JOR
Jordan,77.3,2008,Jordan,JOR
Jordan,77.9,2009,Jordan,JOR
Jordan,77.0,2010,Jordan,JOR
Jordan,74.5,2011,Jordan,JOR
Jordan,74.8,2012,Jordan,JOR
Jordan,75.7,2013,Jordan,JOR
Jordan,76.7,2014,Jordan,JOR
Jordan,76.9,2015,Jordan,JOR
Jordan,78.0,2016,Jordan,JOR
Jordan,78.7,2017,Jordan,JOR
Jordan,76.75207113512026,2018,Jordan,JOR
Jordan,75.9,2019,Jordan,JOR
Jordan,75.42853052941282,2020,Jordan,JOR
Jordan,76.8,2021,Jordan,JOR
Jordan,76.60000000000001,2022,Jordan,JOR
Jordan,75.7,2023,Jordan,JOR
Japan,28.0,2006,Japan,JPN
Japan,28.5,2007,Japan,JPN
Japan,29.7,2008,Japan,JPN
Japan,31.2,2009,Japan,JPN
Japan,31.3,2010,Japan,JPN
Japan,31.0,2011,Japan,JPN
Japan,43.5,2012,Japan,JPN
Japan,36.1,2013,Japan,JPN
Japan,36.3,2014,Japan,JPN
Japan,36.0,2015,Japan,JPN
Japan,35.1,2016,Japan,JPN
Japan,37.4,2017,Japan,JPN
Japan,34.47489966723306,2018,Japan,JPN
Japan,34.3,2019,Japan,JPN
Japan,32.332289117028274,2020,Japan,JPN
Japan,32.2,2021,Japan,JPN
Japan,31.0,2022,Japan,JPN
Japan,30.500000000000004,2023,Japan,JPN
Kazakhstan,71.9,2006,Kazakhstan,KAZ
Kazakhstan,72.3,2007,Kazakhstan,KAZ
Kazakhstan,72.4,2008,Kazakhstan,KAZ
Kazakhstan,72.5,2009,Kazakhstan,KAZ
Kazakhstan,72.7,2010,Kazakhstan,KAZ
Kazakhstan,70.2,2011,Kazakhstan,KAZ
Kazakhstan,70.9,2012,Kazakhstan,KAZ
Kazakhstan,69.8,2013,Kazakhstan,KAZ
Kazakhstan,68.5,2014,Kazakhstan,KAZ
Kazakhstan,68.3,2015,Kazakhstan,KAZ
Kazakhstan,66.5,2016,Kazakhstan,KAZ
Kazakhstan,65.9,2017,Kazakhstan,KAZ
Kazakhstan,63.43851484252681,2018,Kazakhstan,KAZ
Kazakhstan,61.6,2019,Kazakhstan,KAZ
Kazakhstan,59.770101356315976,2020,Kazakhstan,KAZ
Kazakhstan,61.20000000000001,2021,Kazakhstan,KAZ
Kazakhstan,59.5,2022,Kazakhstan,KAZ
Kazakhstan,60.6,2023,Kazakhstan,KAZ
Kenya,88.6,2006,Kenya,KEN
Kenya,91.3,2007,Kenya,KEN
Kenya,93.4,2008,Kenya,KEN
Kenya,101.4,2009,Kenya,KEN
Kenya,100.7,2010,Kenya,KEN
Kenya,98.7,2011,Kenya,KEN
Kenya,98.4,2012,Kenya,KEN
Kenya,99.6,2013,Kenya,KEN
Kenya,99.0,2014,Kenya,KEN
Kenya,97.3,2015,Kenya,KEN
Kenya,98.3,2016,Kenya,KEN
Kenya,96.4,2017,Kenya,KEN
Kenya,97.38051499327098,2018,Kenya,KEN
Kenya,93.5,2019,Kenya,KEN
Kenya,90.31586992597771,2020,Kenya,KEN
Kenya,89.2,2021,Kenya,KEN
Kenya,88.19999999999997,2022,Kenya,KEN
Kenya,87.8,2023,Kenya,KEN
Kyrgyz Republic,90.3,2006,Kyrgyz Republic,KGZ
Kyrgyz Republic,88.2,2007,Kyrgyz Republic,KGZ
Kyrgyz Republic,88.8,2008,Kyrgyz Republic,KGZ
Kyrgyz Republic,89.1,2009,Kyrgyz Republic,KGZ
Kyrgyz Republic,88.4,2010,Kyrgyz Republic,KGZ
Kyrgyz Republic,91.8,2011,Kyrgyz Republic,KGZ
Kyrgyz Republic,87.4,2012,Kyrgyz Republic,KGZ
Kyrgyz Republic,85.7,2013,Kyrgyz Republic,KGZ
Kyrgyz Republic,83.9,2014,Kyrgyz Republic,KGZ
Kyrgyz Republic,82.2,2015,Kyrgyz Republic,KGZ
Kyrgyz Republic,81.1,2016,Kyrgyz Republic,KGZ
Kyrgyz Republic,80.3,2017,Kyrgyz Republic,KGZ
Kyrgyz Republic,78.6341219093271,2018,Kyrgyz Republic,KGZ
Kyrgyz Republic,76.2,2019,Kyrgyz Republic,KGZ
Kyrgyz Republic,73.92936357080953,2020,Kyrgyz Republic,KGZ
Kyrgyzstan,76.4,2021,Kyrgyzstan,KGZ
Kyrgyzstan,77.1,2022,Kyrgyzstan,KGZ
Kyrgyz Republic,75.60000000000001,2023,Kyrgyz Republic,KGZ
Cambodia,85.0,2006,Cambodia,KHM
Cambodia,85.7,2007,Cambodia,KHM
Cambodia,85.8,2008,Cambodia,KHM
Cambodia,87.3,2009,Cambodia,KHM
Cambodia,88.7,2010,Cambodia,KHM
Cambodia,88.5,2011,Cambodia,KHM
Cambodia,88.7,2012,Cambodia,KHM
Cambodia,88.0,2013,Cambodia,KHM
Cambodia,88.5,2014,Cambodia,KHM
Cambodia,87.9,2015,Cambodia,KHM
Cambodia,87.4,2016,Cambodia,KHM
Cambodia,85.7,2017,Cambodia,KHM
Cambodia,84.04889218927363,2018,Cambodia,KHM
Cambodia,82.5,2019,Cambodia,KHM
Cambodia,80.30838110384798,2020,Cambodia,KHM
Cambodia,80.60000000000001,2021,Cambodia,KHM
Cambodia,80.5,2022,Cambodia,KHM
Cambodia,80.30000000000001,2023,Cambodia,KHM
South Korea,39.9,2006,"Korea, Republic of",KOR
South Korea,39.7,2007,"Korea, Republic of",KOR
South Korea,40.6,2008,"Korea, Republic of",KOR
South Korea,41.6,2009,"Korea, Republic of",KOR
South Korea,41.3,2010,"Korea, Republic of",KOR
South Korea,38.8,2011,"Korea, Republic of",KOR
South Korea,37.6,2012,"Korea, Republic of",KOR
South Korea,35.4,2013,"Korea, Republic of",KOR
South Korea,36.4,2014,"Korea, Republic of",KOR
South Korea,36.3,2015,"Korea, Republic of",KOR
South Korea,36.1,2016,"Korea, Republic of",KOR
South Korea,38.1,2017,"Korea, Republic of",KOR
South Korea,35.73391458947191,2018,"Korea, Republic of",KOR
South Korea,33.7,2019,"Korea, Republic of",KOR
South Korea,32.01527342958986,2020,"Korea, Republic of",KOR
South Korea,32.50000000000001,2021,"Korea, Republic of",KOR
South Korea,32.699999999999996,2022,"Korea, Republic of",KOR
South Korea,31.5,2023,"Korea, Republic of",KOR
Kuwait,60.8,2006,Kuwait,KWT
Kuwait,62.1,2007,Kuwait,KWT
Kuwait,62.0,2008,Kuwait,KWT
Kuwait,63.4,2009,Kuwait,KWT
Kuwait,61.5,2010,Kuwait,KWT
Kuwait,59.5,2011,Kuwait,KWT
Kuwait,58.8,2012,Kuwait,KWT
Kuwait,59.6,2013,Kuwait,KWT
Kuwait,59.0,2014,Kuwait,KWT
Kuwait,57.5,2015,Kuwait,KWT
Kuwait,58.5,2016,Kuwait,KWT
Kuwait,58.5,2017,Kuwait,KWT
Kuwait,55.8914871882463,2018,Kuwait,KWT
Kuwait,53.2,2019,Kuwait,KWT
Kuwait,50.899274182096256,2020,Kuwait,KWT
Kuwait,52.900000000000006,2021,Kuwait,KWT
Kuwait,52.2,2022,Kuwait,KWT
Kuwait,51.2,2023,Kuwait,KWT
Laos,87.9,2006,Laos,LAO
Laos,87.2,2007,Laos,LAO
Laos,88.7,2008,Laos,LAO
Laos,89.0,2009,Laos,LAO
Laos,88.7,2010,Laos,LAO
Laos,86.7,2011,Laos,LAO
Laos,85.5,2012,Laos,LAO
Laos,83.7,2013,Laos,LAO
Laos,84.3,2014,Laos,LAO
Laos,84.4,2015,Laos,LAO
Laos,84.4,2016,Laos,LAO
Laos,82.4,2017,Laos,LAO
Laos,80.72431003670523,2018,Laos,LAO
Laos,78.7,2019,Laos,LAO
Laos,76.86018745028443,2020,Laos,LAO
Laos,76.0,2021,Laos,LAO
Laos,75.5,2022,Laos,LAO
Laos,74.69999999999999,2023,Laos,LAO
Lebanon,80.5,2006,Lebanon,LBN
Lebanon,92.4,2007,Lebanon,LBN
Lebanon,95.7,2008,Lebanon,LBN
Lebanon,93.5,2009,Lebanon,LBN
Lebanon,90.9,2010,Lebanon,LBN
Lebanon,87.7,2011,Lebanon,LBN
Lebanon,85.8,2012,Lebanon,LBN
Lebanon,86.3,2013,Lebanon,LBN
Lebanon,86.9,2014,Lebanon,LBN
Lebanon,88.1,2015,Lebanon,LBN
Lebanon,89.6,2016,Lebanon,LBN
Lebanon,88.2,2017,Lebanon,LBN
Lebanon,86.81328586730942,2018,Lebanon,LBN
Lebanon,85.0,2019,Lebanon,LBN
Lebanon,84.72043333917239,2020,Lebanon,LBN
Lebanon,89.0,2021,Lebanon,LBN
Lebanon,91.29999999999998,2022,Lebanon,LBN
Lebanon,91.79999999999998,2023,Lebanon,LBN
Liberia,99.0,2006,Liberia,LBR
Liberia,92.9,2007,Liberia,LBR
Liberia,91.0,2008,Liberia,LBR
Liberia,91.8,2009,Liberia,LBR
Liberia,91.7,2010,Liberia,LBR
Liberia,94.0,2011,Liberia,LBR
Liberia,93.3,2012,Liberia,LBR
Liberia,95.1,2013,Liberia,LBR
Liberia,94.3,2014,Liberia,LBR
Liberia,97.3,2015,Liberia,LBR
Liberia,95.5,2016,Liberia,LBR
Liberia,93.8,2017,Liberia,LBR
Liberia,92.560250792477,2018,Liberia,LBR
Liberia,90.2,2019,Liberia,LBR
Liberia,90.04390059160053,2020,Liberia,LBR
Liberia,89.49999999999999,2021,Liberia,LBR
Liberia,88.2,2022,Liberia,LBR
Liberia,88.89999999999999,2023,Liberia,LBR
Libya,68.5,2006,Libya,LBY
Libya,69.3,2007,Libya,LBY
Libya,70.0,2008,Libya,LBY
Libya,69.4,2009,Libya,LBY
Libya,69.1,2010,Libya,LBY
Libya,68.7,2011,Libya,LBY
Libya,84.9,2012,Libya,LBY
Libya,84.5,2013,Libya,LBY
Libya,87.8,2014,Libya,LBY
Libya,95.3,2015,Libya,LBY
Libya,96.4,2016,Libya,LBY
Libya,96.3,2017,Libya,LBY
Libya,94.60000000000001,2018,Libya,LBY
Libya,92.2,2019,Libya,LBY
Libya,95.19371849236182,2020,Libya,LBY
Libya,97.00000000000001,2021,Libya,LBY
Libya,94.29999999999998,2022,Libya,LBY
Libya,96.1,2023,Libya,LBY
Sri Lanka,92.4,2006,Sri Lanka,LKA
Sri Lanka,93.1,2007,Sri Lanka,LKA
Sri Lanka,95.6,2008,Sri Lanka,LKA
Sri Lanka,96.7,2009,Sri Lanka,LKA
Sri Lanka,95.7,2010,Sri Lanka,LKA
Sri Lanka,93.1,2011,Sri Lanka,LKA
Sri Lanka,92.2,2012,Sri Lanka,LKA
Sri Lanka,92.9,2013,Sri Lanka,LKA
Sri Lanka,92.6,2014,Sri Lanka,LKA
Sri Lanka,90.7,2015,Sri Lanka,LKA
Sri Lanka,87.7,2016,Sri Lanka,LKA
Sri Lanka,86.6,2017,Sri Lanka,LKA
Sri Lanka,84.89668808927048,2018,Sri Lanka,LKA
Sri Lanka,84.0,2019,Sri Lanka,LKA
Sri Lanka,81.8,2020,Sri Lanka,LKA
Sri Lanka,80.50000000000001,2021,Sri Lanka,LKA
Sri Lanka,79.30000000000001,2022,Sri Lanka,LKA
Sri Lanka,90.30000000000001,2023,Sri Lanka,LKA
Lesotho,81.2,2007,Lesotho,LSO
Lesotho,81.7,2008,Lesotho,LSO
Lesotho,81.8,2009,Lesotho,LSO
Lesotho,82.2,2010,Lesotho,LSO
Lesotho,80.4,2011,Lesotho,LSO
Lesotho,79.0,2012,Lesotho,LSO
Lesotho,79.4,2013,Lesotho,LSO
Lesotho,78.6,2014,Lesotho,LSO
Lesotho,79.9,2015,Lesotho,LSO
Lesotho,80.9,2016,Lesotho,LSO
Lesotho,81.7,2017,Lesotho,LSO
Lesotho,80.13336187638737,2018,Lesotho,LSO
Lesotho,79.7,2019,Lesotho,LSO
Lesotho,78.29011539823739,2020,Lesotho,LSO
Lesotho,77.9,2021,Lesotho,LSO
Lesotho,77.4,2022,Lesotho,LSO
Lesotho,76.3,2023,Lesotho,LSO
Lithuania,49.7,2006,Lithuania,LTU
Lithuania,49.0,2007,Lithuania,LTU
Lithuania,48.7,2008,Lithuania,LTU
Lithuania,48.0,2009,Lithuania,LTU
Lithuania,47.8,2010,Lithuania,LTU
Lithuania,45.3,2011,Lithuania,LTU
Lithuania,44.2,2012,Lithuania,LTU
Lithuania,43.0,2013,Lithuania,LTU
Lithuania,43.2,2014,Lithuania,LTU
Lithuania,43.0,2015,Lithuania,LTU
Lithuania,42.4,2016,Lithuania,LTU
Lithuania,41.7,2017,Lithuania,LTU
Lithuania,39.40955428935555,2018,Lithuania,LTU
Lithuania,38.1,2019,Lithuania,LTU
Lithuania,36.47089084336904,2020,Lithuania,LTU
Lithuania,38.699999999999996,2021,Lithuania,LTU
Lithuania,38.6,2022,Lithuania,LTU
Lithuania,39.39999999999999,2023,Lithuania,LTU
Luxembourg,28.1,2007,Luxembourg,LUX
Luxembourg,27.9,2008,Luxembourg,LUX
Luxembourg,27.6,2009,Luxembourg,LUX
Luxembourg,27.3,2010,Luxembourg,LUX
Luxembourg,26.1,2011,Luxembourg,LUX
Luxembourg,25.5,2012,Luxembourg,LUX
Luxembourg,23.3,2013,Luxembourg,LUX
Luxembourg,24.6,2014,Luxembourg,LUX
Luxembourg,22.1,2015,Luxembourg,LUX
Luxembourg,24.1,2016,Luxembourg,LUX
Luxembourg,23.4,2017,Luxembourg,LUX
Luxembourg,20.757276455472248,2018,Luxembourg,LUX
Luxembourg,20.4,2019,Luxembourg,LUX
Luxembourg,18.84924040750671,2020,Luxembourg,LUX
Luxembourg,21.099999999999998,2021,Luxembourg,LUX
Luxembourg,19.999999999999996,2022,Luxembourg,LUX
Luxembourg,19.5,2023,Luxembourg,LUX
Latvia,56.2,2006,Latvia,LVA
Latvia,56.7,2007,Latvia,LVA
Latvia,54.5,2008,Latvia,LVA
Latvia,54.6,2009,Latvia,LVA
Latvia,55.4,2010,Latvia,LVA
Latvia,54.2,2011,Latvia,LVA
Latvia,51.9,2012,Latvia,LVA
Latvia,47.9,2013,Latvia,LVA
Latvia,48.0,2014,Latvia,LVA
Latvia,48.5,2015,Latvia,LVA
Latvia,47.4,2016,Latvia,LVA
Latvia,46.4,2017,Latvia,LVA
Latvia,44.899921744994565,2018,Latvia,LVA
Latvia,43.9,2019,Latvia,LVA
Latvia,42.31122746144478,2020,Latvia,LVA
Latvia,44.0,2021,Latvia,LVA
Latvia,42.8,2022,Latvia,LVA
Latvia,43.3,2023,Latvia,LVA
Morocco,76.5,2006,Morocco,MAR
Morocco,76.0,2007,Morocco,MAR
Morocco,75.8,2008,Morocco,MAR
Morocco,77.1,2009,Morocco,MAR
Morocco,77.0,2010,Morocco,MAR
Morocco,76.3,2011,Morocco,MAR
Morocco,76.1,2012,Morocco,MAR
Morocco,74.3,2013,Morocco,MAR
Morocco,74.4,2014,Morocco,MAR
Morocco,74.6,2015,Morocco,MAR
Morocco,74.2,2016,Morocco,MAR
Morocco,74.9,2017,Morocco,MAR
Morocco,74.00415254787698,2018,Morocco,MAR
Morocco,73.0,2019,Morocco,MAR
Morocco,71.22105197870692,2020,Morocco,MAR
Morocco,71.5,2021,Morocco,MAR
Morocco,70.1,2022,Morocco,MAR
Morocco,68.19999999999999,2023,Morocco,MAR
Moldova,82.5,2006,Moldova,MDA
Moldova,85.7,2007,Moldova,MDA
Moldova,85.7,2008,Moldova,MDA
Moldova,85.1,2009,Moldova,MDA
Moldova,83.8,2010,Moldova,MDA
Moldova,81.2,2011,Moldova,MDA
Moldova,78.7,2012,Moldova,MDA
Moldova,76.5,2013,Moldova,MDA
Moldova,75.1,2014,Moldova,MDA
Moldova,73.0,2015,Moldova,MDA
Moldova,73.2,2016,Moldova,MDA
Moldova,72.0,2017,Moldova,MDA
Moldova,69.54603613998039,2018,Moldova,MDA
Moldova,67.1,2019,Moldova,MDA
Moldova,65.97954327737929,2020,Moldova,MDA
Moldova,67.0,2021,Moldova,MDA
Moldova,64.5,2022,Moldova,MDA
Moldova,67.39999999999999,2023,Moldova,MDA
Madagascar,76.5,2007,Madagascar,MDG
Madagascar,76.7,2008,Madagascar,MDG
Madagascar,81.6,2009,Madagascar,MDG
Madagascar,82.6,2010,Madagascar,MDG
Madagascar,83.2,2011,Madagascar,MDG
Madagascar,82.5,2012,Madagascar,MDG
Madagascar,82.7,2013,Madagascar,MDG
Madagascar,83.1,2014,Madagascar,MDG
Madagascar,83.6,2015,Madagascar,MDG
Madagascar,84.2,2016,Madagascar,MDG
Madagascar,84.0,2017,Madagascar,MDG
Madagascar,83.57162962089447,2018,Madagascar,MDG
Madagascar,80.9,2019,Madagascar,MDG
Madagascar,79.53029880171496,2020,Madagascar,MDG
Madagascar,79.49999999999999,2021,Madagascar,MDG
Madagascar,80.4,2022,Madagascar,MDG
Madagascar,81.7,2023,Madagascar,MDG
Maldives,81.1,2007,Maldives,MDV
Maldives,80.4,2008,Maldives,MDV
Maldives,78.8,2009,Maldives,MDV
Maldives,78.3,2010,Maldives,MDV
Maldives,75.6,2011,Maldives,MDV
Maldives,75.1,2012,Maldives,MDV
Maldives,75.4,2013,Maldives,MDV
Maldives,75.4,2014,Maldives,MDV
Maldives,74.3,2015,Maldives,MDV
Maldives,74.0,2016,Maldives,MDV
Maldives,74.4,2017,Maldives,MDV
Maldives,72.4,2018,Maldives,MDV
Maldives,69.8,2019,Maldives,MDV
Maldives,66.2,2020,Maldives,MDV
Maldives,67.6,2021,Maldives,MDV
Maldives,64.50000000000001,2022,Maldives,MDV
Maldives,62.9,2023,Maldives,MDV
Mexico,73.1,2006,Mexico,MEX
Mexico,72.6,2007,Mexico,MEX
Mexico,72.2,2008,Mexico,MEX
Mexico,75.4,2009,Mexico,MEX
Mexico,76.1,2010,Mexico,MEX
Mexico,75.1,2011,Mexico,MEX
Mexico,73.6,2012,Mexico,MEX
Mexico,73.1,2013,Mexico,MEX
Mexico,71.1,2014,Mexico,MEX
Mexico,71.9,2015,Mexico,MEX
Mexico,70.4,2016,Mexico,MEX
Mexico,74.3,2017,Mexico,MEX
Mexico,71.5181435915789,2018,Mexico,MEX
Mexico,69.7,2019,Mexico,MEX
Mexico,67.19999999999999,2020,Mexico,MEX
Mexico,69.89999999999999,2021,Mexico,MEX
Mexico,70.3,2022,Mexico,MEX
Mexico,69.8,2023,Mexico,MEX
Macedonia,75.1,2006,Macedonia,MKD
Macedonia,74.1,2007,Macedonia,MKD
Macedonia,74.6,2008,Macedonia,MKD
Macedonia,74.4,2009,Macedonia,MKD
Macedonia,72.7,2010,Macedonia,MKD
Macedonia,71.0,2011,Macedonia,MKD
Macedonia,69.1,2012,Macedonia,MKD
Macedonia,68.0,2013,Macedonia,MKD
Macedonia,66.4,2014,Macedonia,MKD
Macedonia,64.5,2015,Macedonia,MKD
Macedonia,67.0,2016,Macedonia,MKD
Macedonia,66.1,2017,Macedonia,MKD
Macedonia,64.79715789270658,2018,Macedonia,MKD
Macedonia,64.6,2019,Macedonia,MKD
Macedonia,62.13086384675053,2020,Macedonia,MKD
North Macedonia,64.5,2021,North Macedonia,MKD
North Macedonia,62.6,2022,North Macedonia,MKD
Macedonia,60.3,2023,Macedonia,MKD
Mali,74.6,2006,Mali,MLI
Mali,75.5,2007,Mali,MLI
Mali,75.6,2008,Mali,MLI
Mali,78.7,2009,Mali,MLI
Mali,79.3,2010,Mali,MLI
Mali,79.3,2011,Mali,MLI
Mali,77.9,2012,Mali,MLI
Mali,89.3,2013,Mali,MLI
Mali,89.8,2014,Mali,MLI
Mali,92.9,2015,Mali,MLI
Mali,95.2,2016,Mali,MLI
Mali,92.9,2017,Mali,MLI
Mali,93.58132105894025,2018,Mali,MLI
Mali,94.5,2019,Mali,MLI
Mali,96.04331296449108,2020,Mali,MLI
Mali,96.6,2021,Mali,MLI
Mali,98.60000000000002,2022,Mali,MLI
Mali,99.5,2023,Mali,MLI
Malta,48.5,2007,Malta,MLT
Malta,48.3,2008,Malta,MLT
Malta,48.8,2009,Malta,MLT
Malta,48.2,2010,Malta,MLT
Malta,45.4,2011,Malta,MLT
Malta,43.8,2012,Malta,MLT
Malta,42.4,2013,Malta,MLT
Malta,43.0,2014,Malta,MLT
Malta,40.9,2015,Malta,MLT
Malta,39.6,2016,Malta,MLT
Malta,38.6,2017,Malta,MLT
Malta,36.2062447804085,2018,Malta,MLT
Malta,34.5,2019,Malta,MLT
Malta,33.593645802064856,2020,Malta,MLT
Malta,36.2,2021,Malta,MLT
Malta,34.7,2022,Malta,MLT
Malta,33.0,2023,Malta,MLT
Myanmar,96.5,2006,Myanmar,MMR
Myanmar,97.0,2007,Myanmar,MMR
Myanmar,100.3,2008,Myanmar,MMR
Myanmar,101.5,2009,Myanmar,MMR
Myanmar,99.4,2010,Myanmar,MMR
Myanmar,98.3,2011,Myanmar,MMR
Myanmar,96.2,2012,Myanmar,MMR
Myanmar,94.6,2013,Myanmar,MMR
Myanmar,94.3,2014,Myanmar,MMR
Myanmar,94.7,2015,Myanmar,MMR
Myanmar,96.3,2016,Myanmar,MMR
Myanmar,95.7,2017,Myanmar,MMR
Myanmar,96.09231014136056,2018,Myanmar,MMR
Myanmar,94.3,2019,Myanmar,MMR
Myanmar,94.0,2020,Myanmar,MMR
Myanmar,93.79999999999998,2021,Myanmar,MMR
Myanmar,100.0,2022,Myanmar,MMR
Myanmar,100.19999999999997,2023,Myanmar,MMR
Montenegro,55.6,2007,Montenegro,MNE
Montenegro,55.8,2008,Montenegro,MNE
Montenegro,58.0,2009,Montenegro,MNE
Montenegro,57.3,2010,Montenegro,MNE
Montenegro,56.3,2011,Montenegro,MNE
Montenegro,55.5,2012,Montenegro,MNE
Montenegro,54.4,2013,Montenegro,MNE
Montenegro,55.7,2014,Montenegro,MNE
Montenegro,54.2,2015,Montenegro,MNE
Montenegro,55.2,2016,Montenegro,MNE
Montenegro,55.7,2017,Montenegro,MNE
Montenegro,55.338419760815825,2018,Montenegro,MNE
Montenegro,55.3,2019,Montenegro,MNE
Montenegro,55.46679468409825,2020,Montenegro,MNE
Montenegro,58.49999999999999,2021,Montenegro,MNE
Montenegro,57.900000000000006,2022,Montenegro,MNE
Montenegro,57.99999999999999,2023,Montenegro,MNE
Mongolia,58.4,2006,Mongolia,MNG
Mongolia,58.4,2007,Mongolia,MNG
Mongolia,57.8,2008,Mongolia,MNG
Mongolia,61.9,2009,Mongolia,MNG
Mongolia,60.1,2010,Mongolia,MNG
Mongolia,59.6,2011,Mongolia,MNG
Mongolia,58.7,2012,Mongolia,MNG
Mongolia,57.8,2013,Mongolia,MNG
Mongolia,58.1,2014,Mongolia,MNG
Mongolia,57.0,2015,Mongolia,MNG
Mongolia,56.6,2016,Mongolia,MNG
Mongolia,56.7,2017,Mongolia,MNG
Mongolia,54.87347128912537,2018,Mongolia,MNG
Mongolia,54.1,2019,Mongolia,MNG
Mongolia,51.93521252189043,2020,Mongolia,MNG
Mongolia,52.300000000000004,2021,Mongolia,MNG
Mongolia,51.6,2022,Mongolia,MNG
Mongolia,51.3,2023,Mongolia,MNG
Mozambique,74.8,2006,Mozambique,MOZ
Mozambique,76.9,2007,Mozambique,MOZ
Mozambique,76.8,2008,Mozambique,MOZ
Mozambique,80.7,2009,Mozambique,MOZ
Mozambique,81.7,2010,Mozambique,MOZ
Mozambique,83.6,2011,Mozambique,MOZ
Mozambique,82.4,2012,Mozambique,MOZ
Mozambique,82.8,2013,Mozambique,MOZ
Mozambique,85.9,2014,Mozambique,MOZ
Mozambique,86.9,2015,Mozambique,MOZ
Mozambique,87.8,2016,Mozambique,MOZ
Mozambique,89.0,2017,Mozambique,MOZ
Mozambique,88.65413449837652,2018,Mozambique,MOZ
Mozambique,88.7,2019,Mozambique,MOZ
Mozambique,91.69371296150742,2020,Mozambique,MOZ
Mozambique,93.89999999999999,2021,Mozambique,MOZ
Mozambique,94.29999999999998,2022,Mozambique,MOZ
Mozambique,94.0,2023,Mozambique,MOZ
Mauritania,87.8,2006,Mauritania,MRT
Mauritania,86.7,2007,Mauritania,MRT
Mauritania,86.1,2008,Mauritania,MRT
Mauritania,88.7,2009,Mauritania,MRT
Mauritania,89.1,2010,Mauritania,MRT
Mauritania,88.0,2011,Mauritania,MRT
Mauritania,87.6,2012,Mauritania,MRT
Mauritania,91.7,2013,Mauritania,MRT
Mauritania,93.0,2014,Mauritania,MRT
Mauritania,94.9,2015,Mauritania,MRT
Mauritania,95.4,2016,Mauritania,MRT
Mauritania,93.7,2017,Mauritania,MRT
Mauritania,92.15282858350263,2018,Mauritania,MRT
Mauritania,90.1,2019,Mauritania,MRT
Mauritania,88.74246859603146,2020,Mauritania,MRT
Mauritania,89.10000000000001,2021,Mauritania,MRT
Mauritania,87.89999999999999,2022,Mauritania,MRT
Mauritania,87.0,2023,Mauritania,MRT
Mauritius,41.9,2006,Mauritius,MUS
Mauritius,42.7,2007,Mauritius,MUS
Mauritius,42.4,2008,Mauritius,MUS
Mauritius,44.7,2009,Mauritius,MUS
Mauritius,44.4,2010,Mauritius,MUS
Mauritius,44.2,2011,Mauritius,MUS
Mauritius,44.7,2012,Mauritius,MUS
Mauritius,44.5,2013,Mauritius,MUS
Mauritius,46.1,2014,Mauritius,MUS
Mauritius,45.2,2015,Mauritius,MUS
Mauritius,43.2,2016,Mauritius,MUS
Mauritius,41.7,2017,Mauritius,MUS
Mauritius,40.49020053885572,2018,Mauritius,MUS
Mauritius,38.9,2019,Mauritius,MUS
Mauritius,37.18472003299283,2020,Mauritius,MUS
Mauritius,38.10000000000001,2021,Mauritius,MUS
Mauritius,37.900000000000006,2022,Mauritius,MUS
Mauritius,38.0,2023,Mauritius,MUS
Malawi,89.8,2006,Malawi,MWI
Malawi,92.2,2007,Malawi,MWI
Malawi,92.9,2008,Malawi,MWI
Malawi,93.8,2009,Malawi,MWI
Malawi,93.6,2010,Malawi,MWI
Malawi,91.2,2011,Malawi,MWI
Malawi,88.8,2012,Malawi,MWI
Malawi,89.2,2013,Malawi,MWI
Malawi,89.1,2014,Malawi,MWI
Malawi,86.9,2015,Malawi,MWI
Malawi,87.6,2016,Malawi,MWI
Malawi,88.0,2017,Malawi,MWI
Malawi,85.48762156104438,2018,Malawi,MWI
Malawi,83.3,2019,Malawi,MWI
Malawi,84.01636088313059,2020,Malawi,MWI
Malawi,83.2,2021,Malawi,MWI
Malawi,82.99999999999999,2022,Malawi,MWI
Malawi,83.2,2023,Malawi,MWI
Malaysia,66.1,2006,Malaysia,MYS
Malaysia,65.9,2007,Malaysia,MYS
Malaysia,67.2,2008,Malaysia,MYS
Malaysia,68.9,2009,Malaysia,MYS
Malaysia,69.2,2010,Malaysia,MYS
Malaysia,68.7,2011,Malaysia,MYS
Malaysia,68.5,2012,Malaysia,MYS
Malaysia,66.1,2013,Malaysia,MYS
Malaysia,66.2,2014,Malaysia,MYS
Malaysia,65.9,2015,Malaysia,MYS
Malaysia,66.1,2016,Malaysia,MYS
Malaysia,65.4,2017,Malaysia,MYS
Malaysia,63.59483707832034,2018,Malaysia,MYS
Malaysia,60.5,2019,Malaysia,MYS
Malaysia,57.561895525091394,2020,Malaysia,MYS
Malaysia,56.89999999999999,2021,Malaysia,MYS
Malaysia,56.4,2022,Malaysia,MYS
Malaysia,55.0,2023,Malaysia,MYS
Namibia,70.7,2006,Namibia,NAM
Namibia,71.3,2007,Namibia,NAM
Namibia,72.9,2008,Namibia,NAM
Namibia,75.6,2009,Namibia,NAM
Namibia,74.5,2010,Namibia,NAM
Namibia,71.7,2011,Namibia,NAM
Namibia,71.0,2012,Namibia,NAM
Namibia,70.4,2013,Namibia,NAM
Namibia,71.5,2014,Namibia,NAM
Namibia,70.8,2015,Namibia,NAM
Namibia,71.1,2016,Namibia,NAM
Namibia,70.4,2017,Namibia,NAM
Namibia,68.81558956891207,2018,Namibia,NAM
Namibia,66.4,2019,Namibia,NAM
Namibia,65.09591525499161,2020,Namibia,NAM
Namibia,64.30000000000001,2021,Namibia,NAM
Namibia,62.9,2022,Namibia,NAM
Namibia,60.300000000000004,2023,Namibia,NAM
Niger,87.0,2006,Niger,NER
Niger,91.2,2007,Niger,NER
Niger,94.5,2008,Niger,NER
Niger,96.5,2009,Niger,NER
Niger,97.8,2010,Niger,NER
Niger,99.1,2011,Niger,NER
Niger,96.9,2012,Niger,NER
Niger,99.0,2013,Niger,NER
Niger,97.9,2014,Niger,NER
Niger,97.8,2015,Niger,NER
Niger,98.4,2016,Niger,NER
Niger,97.4,2017,Niger,NER
Niger,96.1529034434838,2018,Niger,NER
Niger,96.2,2019,Niger,NER
Niger,95.31488303494451,2020,Niger,NER
Niger,95.99999999999999,2021,Niger,NER
Niger,95.19999999999999,2022,Niger,NER
Niger,93.39999999999999,2023,Niger,NER
Nigeria,94.4,2006,Nigeria,NGA
Nigeria,95.6,2007,Nigeria,NGA
Nigeria,95.7,2008,Nigeria,NGA
Nigeria,99.8,2009,Nigeria,NGA
Nigeria,100.2,2010,Nigeria,NGA
Nigeria,99.9,2011,Nigeria,NGA
Nigeria,101.1,2012,Nigeria,NGA
Nigeria,100.7,2013,Nigeria,NGA
Nigeria,99.7,2014,Nigeria,NGA
Nigeria,102.5,2015,Nigeria,NGA
Nigeria,103.5,2016,Nigeria,NGA
Nigeria,101.6,2017,Nigeria,NGA
Nigeria,99.90823160615737,2018,Nigeria,NGA
Nigeria,98.5,2019,Nigeria,NGA
Nigeria,97.2675111298435,2020,Nigeria,NGA
Nigeria,98.0,2021,Nigeria,NGA
Nigeria,97.20000000000002,2022,Nigeria,NGA
Nigeria,97.99999999999999,2023,Nigeria,NGA
Nicaragua,82.4,2006,Nicaragua,NIC
Nicaragua,80.0,2007,Nicaragua,NIC
Nicaragua,81.7,2008,Nicaragua,NIC
Nicaragua,82.6,2009,Nicaragua,NIC
Nicaragua,82.5,2010,Nicaragua,NIC
Nicaragua,81.2,2011,Nicaragua,NIC
Nicaragua,79.6,2012,Nicaragua,NIC
Nicaragua,79.2,2013,Nicaragua,NIC
Nicaragua,78.4,2014,Nicaragua,NIC
Nicaragua,79.0,2015,Nicaragua,NIC
Nicaragua,79.0,2016,Nicaragua,NIC
Nicaragua,77.4,2017,Nicaragua,NIC
Nicaragua,75.32932129736191,2018,Nicaragua,NIC
Nicaragua,78.1,2019,Nicaragua,NIC
Nicaragua,77.07751153310853,2020,Nicaragua,NIC
Nicaragua,77.1,2021,Nicaragua,NIC
Nicaragua,77.69999999999999,2022,Nicaragua,NIC
Nicaragua,77.7,2023,Nicaragua,NIC
Netherlands,28.1,2006,Netherlands,NLD
Netherlands,28.6,2007,Netherlands,NLD
Netherlands,27.3,2008,Netherlands,NLD
Netherlands,27.0,2009,Netherlands,NLD
Netherlands,27.9,2010,Netherlands,NLD
Netherlands,28.3,2011,Netherlands,NLD
Netherlands,28.1,2012,Netherlands,NLD
Netherlands,26.9,2013,Netherlands,NLD
Netherlands,28.6,2014,Netherlands,NLD
Netherlands,26.9,2015,Netherlands,NLD
Netherlands,28.2,2016,Netherlands,NLD
Netherlands,27.4,2017,Netherlands,NLD
Netherlands,26.16998872873363,2018,Netherlands,NLD
Netherlands,24.8,2019,Netherlands,NLD
Netherlands,22.859835187501513,2020,Netherlands,NLD
Netherlands,24.1,2021,Netherlands,NLD
Netherlands,22.1,2022,Netherlands,NLD
Netherlands,20.999999999999996,2023,Netherlands,NLD
Norway,16.8,2006,Norway,NOR
Norway,17.1,2007,Norway,NOR
Norway,16.8,2008,Norway,NOR
Norway,18.3,2009,Norway,NOR
Norway,18.7,2010,Norway,NOR
Norway,20.4,2011,Norway,NOR
Norway,23.9,2012,Norway,NOR
Norway,21.5,2013,Norway,NOR
Norway,23.0,2014,Norway,NOR
Norway,20.9,2015,Norway,NOR
Norway,21.2,2016,Norway,NOR
Norway,20.5,2017,Norway,NOR
Norway,18.25872156828166,2018,Norway,NOR
Norway,18.0,2019,Norway,NOR
Norway,16.19121048702654,2020,Norway,NOR
Norway,16.6,2021,Norway,NOR
Norway,15.600000000000001,2022,Norway,NOR
Norway,14.5,2023,Norway,NOR
Nepal,95.4,2006,Nepal,NPL
Nepal,93.6,2007,Nepal,NPL
Nepal,94.2,2008,Nepal,NPL
Nepal,95.4,2009,Nepal,NPL
Nepal,95.4,2010,Nepal,NPL
Nepal,93.7,2011,Nepal,NPL
Nepal,93.0,2012,Nepal,NPL
Nepal,91.8,2013,Nepal,NPL
Nepal,91.0,2014,Nepal,NPL
Nepal,90.5,2015,Nepal,NPL
Nepal,91.2,2016,Nepal,NPL
Nepal,91.0,2017,Nepal,NPL
Nepal,87.87642693759165,2018,Nepal,NPL
Nepal,84.7,2019,Nepal,NPL
Nepal,82.56660214637142,2020,Nepal,NPL
Nepal,82.2,2021,Nepal,NPL
Nepal,80.6,2022,Nepal,NPL
Nepal,80.2,2023,Nepal,NPL
New Zealand,19.4,2006,New Zealand,NZL
New Zealand,20.5,2007,New Zealand,NZL
New Zealand,21.4,2008,New Zealand,NZL
New Zealand,23.3,2009,New Zealand,NZL
New Zealand,23.9,2010,New Zealand,NZL
New Zealand,24.8,2011,New Zealand,NZL
New Zealand,25.6,2012,New Zealand,NZL
New Zealand,22.7,2013,New Zealand,NZL
New Zealand,24.1,2014,New Zealand,NZL
New Zealand,22.6,2015,New Zealand,NZL
New Zealand,21.3,2016,New Zealand,NZL
New Zealand,22.6,2017,New Zealand,NZL
New Zealand,20.888699780987427,2018,New Zealand,NZL
New Zealand,20.1,2019,New Zealand,NZL
New Zealand,17.879896291384675,2020,New Zealand,NZL
New Zealand,18.400000000000002,2021,New Zealand,NZL
New Zealand,17.5,2022,New Zealand,NZL
New Zealand,16.7,2023,New Zealand,NZL
Oman,43.8,2006,Oman,OMN
Oman,45.5,2007,Oman,OMN
Oman,47.4,2008,Oman,OMN
Oman,47.2,2009,Oman,OMN
Oman,48.7,2010,Oman,OMN
Oman,49.3,2011,Oman,OMN
Oman,51.7,2012,Oman,OMN
Oman,52.0,2013,Oman,OMN
Oman,53.1,2014,Oman,OMN
Oman,52.0,2015,Oman,OMN
Oman,51.6,2016,Oman,OMN
Oman,52.5,2017,Oman,OMN
Oman,52.64980160350626,2018,Oman,OMN
Oman,50.0,2019,Oman,OMN
Oman,47.99116056937856,2020,Oman,OMN
Oman,50.4,2021,Oman,OMN
Oman,49.5,2022,Oman,OMN
Oman,48.7,2023,Oman,OMN
Pakistan,103.1,2006,Pakistan,PAK
Pakistan,100.1,2007,Pakistan,PAK
Pakistan,103.8,2008,Pakistan,PAK
Pakistan,104.1,2009,Pakistan,PAK
Pakistan,102.5,2010,Pakistan,PAK
Pakistan,102.3,2011,Pakistan,PAK
Pakistan,101.6,2012,Pakistan,PAK
Pakistan,102.9,2013,Pakistan,PAK
Pakistan,103.0,2014,Pakistan,PAK
Pakistan,103.0,2015,Pakistan,PAK
Pakistan,101.7,2016,Pakistan,PAK
Pakistan,98.9,2017,Pakistan,PAK
Pakistan,96.33806005544712,2018,Pakistan,PAK
Pakistan,94.2,2019,Pakistan,PAK
Pakistan,92.07809303255931,2020,Pakistan,PAK
Pakistan,90.5,2021,Pakistan,PAK
Pakistan,89.70000000000002,2022,Pakistan,PAK
Pakistan,89.89999999999999,2023,Pakistan,PAK
Panama,59.6,2006,Panama,PAN
Panama,59.4,2007,Panama,PAN
Panama,58.6,2008,Panama,PAN
Panama,59.7,2009,Panama,PAN
Panama,59.3,2010,Panama,PAN
Panama,57.8,2011,Panama,PAN
Panama,56.1,2012,Panama,PAN
Panama,55.8,2013,Panama,PAN
Panama,55.7,2014,Panama,PAN
Panama,54.6,2015,Panama,PAN
Panama,53.2,2016,Panama,PAN
Panama,50.7,2017,Panama,PAN
Panama,49.48072267554133,2018,Panama,PAN
Panama,47.0,2019,Panama,PAN
Panama,45.98191488845223,2020,Panama,PAN
Panama,48.699999999999996,2021,Panama,PAN
Panama,47.5,2022,Panama,PAN
Panama,48.7,2023,Panama,PAN
Peru,79.2,2006,Peru,PER
Peru,76.4,2007,Peru,PER
Peru,77.5,2008,Peru,PER
Peru,77.1,2009,Peru,PER
Peru,76.9,2010,Peru,PER
Peru,73.6,2011,Peru,PER
Peru,73.5,2012,Peru,PER
Peru,72.3,2013,Peru,PER
Peru,72.9,2014,Peru,PER
Peru,72.0,2015,Peru,PER
Peru,72.0,2016,Peru,PER
Peru,70.3,2017,Peru,PER
Peru,70.0729820656276,2018,Peru,PER
Peru,68.2,2019,Peru,PER
Peru,67.62810848276709,2020,Peru,PER
Peru,71.4,2021,Peru,PER
Peru,69.8,2022,Peru,PER
Peru,73.10000000000001,2023,Peru,PER
Philippines,79.2,2006,Philippines,PHL
Philippines,83.2,2007,Philippines,PHL
Philippines,83.4,2008,Philippines,PHL
Philippines,85.8,2009,Philippines,PHL
Philippines,87.1,2010,Philippines,PHL
Philippines,85.0,2011,Philippines,PHL
Philippines,83.2,2012,Philippines,PHL
Philippines,82.8,2013,Philippines,PHL
Philippines,85.3,2014,Philippines,PHL
Philippines,86.2,2015,Philippines,PHL
Philippines,84.7,2016,Philippines,PHL
Philippines,84.4,2017,Philippines,PHL
Philippines,85.49988187329669,2018,Philippines,PHL
Philippines,83.1,2019,Philippines,PHL
Philippines,80.99999999999999,2020,Philippines,PHL
Philippines,82.39999999999999,2021,Philippines,PHL
Philippines,80.5,2022,Philippines,PHL
Philippines,77.8,2023,Philippines,PHL
Papua New Guinea,84.6,2006,Papua New Guinea,PNG
Papua New Guinea,85.1,2007,Papua New Guinea,PNG
Papua New Guinea,84.6,2008,Papua New Guinea,PNG
Papua New Guinea,84.1,2009,Papua New Guinea,PNG
Papua New Guinea,83.9,2010,Papua New Guinea,PNG
Papua New Guinea,84.2,2011,Papua New Guinea,PNG
Papua New Guinea,83.7,2012,Papua New Guinea,PNG
Papua New Guinea,84.9,2013,Papua New Guinea,PNG
Papua New Guinea,84.1,2014,Papua New Guinea,PNG
Papua New Guinea,83.4,2015,Papua New Guinea,PNG
Papua New Guinea,86.2,2016,Papua New Guinea,PNG
Papua New Guinea,86.4,2017,Papua New Guinea,PNG
Papua New Guinea,84.77026579816999,2018,Papua New Guinea,PNG
Papua New Guinea,83.1,2019,Papua New Guinea,PNG
Papua New Guinea,82.29729048388526,2020,Papua New Guinea,PNG
Papua New Guinea,80.89999999999999,2021,Papua New Guinea,PNG
Papua New Guinea,79.49999999999999,2022,Papua New Guinea,PNG
Papua New Guinea,78.1,2023,Papua New Guinea,PNG
Poland,47.9,2006,Poland,POL
Poland,47.6,2007,Poland,POL
Poland,47.6,2008,Poland,POL
Poland,49.6,2009,Poland,POL
Poland,49.0,2010,Poland,POL
Poland,46.8,2011,Poland,POL
Poland,44.3,2012,Poland,POL
Poland,40.9,2013,Poland,POL
Poland,42.1,2014,Poland,POL
Poland,39.8,2015,Poland,POL
Poland,40.7,2016,Poland,POL
Poland,40.8,2017,Poland,POL
Poland,41.46116976149038,2018,Poland,POL
Poland,42.8,2019,Poland,POL
Poland,41.028733918699864,2020,Poland,POL
Poland,43.099999999999994,2021,Poland,POL
Poland,42.2,2022,Poland,POL
Poland,45.199999999999996,2023,Poland,POL
North Korea,97.3,2006,"Korea, Democratic People's Republic of",PRK
North Korea,97.7,2007,"Korea, Democratic People's Republic of",PRK
North Korea,97.7,2008,"Korea, Democratic People's Republic of",PRK
North Korea,98.3,2009,"Korea, Democratic People's Republic of",PRK
North Korea,97.8,2010,"Korea, Democratic People's Republic of",PRK
North Korea,95.6,2011,"Korea, Democratic People's Republic of",PRK
North Korea,95.5,2012,"Korea, Democratic People's Republic of",PRK
North Korea,95.1,2013,"Korea, Democratic People's Republic of",PRK
North Korea,94.0,2014,"Korea, Democratic People's Republic of",PRK
North Korea,93.8,2015,"Korea, Democratic People's Republic of",PRK
North Korea,93.9,2016,"Korea, Democratic People's Republic of",PRK
North Korea,93.3,2017,"Korea, Democratic People's Republic of",PRK
North Korea,93.2,2018,"Korea, Democratic People's Republic of",PRK
North Korea,92.7,2019,"Korea, Democratic People's Republic of",PRK
North Korea,90.21129784524969,2020,"Korea, Democratic People's Republic of",PRK
North Korea,89.99999999999999,2021,"Korea, Democratic People's Republic of",PRK
North Korea,89.10000000000001,2022,"Korea, Democratic People's Republic of",PRK
North Korea,87.0,2023,"Korea, Democratic People's Republic of",PRK
Portugal,32.7,2006,Portugal,PRT
Portugal,32.4,2007,Portugal,PRT
Portugal,31.8,2008,Portugal,PRT
Portugal,32.7,2009,Portugal,PRT
Portugal,33.1,2010,Portugal,PRT
Portugal,32.3,2011,Portugal,PRT
Portugal,34.2,2012,Portugal,PRT
Portugal,32.6,2013,Portugal,PRT
Portugal,33.1,2014,Portugal,PRT
Portugal,29.7,2015,Portugal,PRT
Portugal,29.2,2016,Portugal,PRT
Portugal,29.0,2017,Portugal,PRT
Portugal,27.273450536625276,2018,Portugal,PRT
Portugal,25.3,2019,Portugal,PRT
Portugal,23.51466331089092,2020,Portugal,PRT
Portugal,26.8,2021,Portugal,PRT
Portugal,27.500000000000004,2022,Portugal,PRT
Portugal,25.7,2023,Portugal,PRT
Paraguay,72.0,2006,Paraguay,PRY
Paraguay,72.9,2007,Paraguay,PRY
Paraguay,72.3,2008,Paraguay,PRY
Paraguay,72.0,2009,Paraguay,PRY
Paraguay,72.1,2010,Paraguay,PRY
Paraguay,72.4,2011,Paraguay,PRY
Paraguay,70.9,2012,Paraguay,PRY
Paraguay,71.8,2013,Paraguay,PRY
Paraguay,71.6,2014,Paraguay,PRY
Paraguay,71.3,2015,Paraguay,PRY
Paraguay,72.6,2016,Paraguay,PRY
Paraguay,71.6,2017,Paraguay,PRY
Paraguay,69.75151701076081,2018,Paraguay,PRY
Paraguay,67.0,2019,Paraguay,PRY
Paraguay,65.17819421791758,2020,Paraguay,PRY
Paraguay,66.4,2021,Paraguay,PRY
Paraguay,65.4,2022,Paraguay,PRY
Paraguay,63.7,2023,Paraguay,PRY
Palestine,86.0,2021,Palestine,PSE
Palestine,85.60000000000001,2022,Palestine,PSE
Palestine,87.9,2023,Palestine,PSE
Qatar,53.6,2007,Qatar,QAT
Qatar,52.7,2008,Qatar,QAT
Qatar,51.9,2009,Qatar,QAT
Qatar,51.8,2010,Qatar,QAT
Qatar,49.5,2011,Qatar,QAT
Qatar,48.0,2012,Qatar,QAT
Qatar,47.1,2013,Qatar,QAT
Qatar,48.9,2014,Qatar,QAT
Qatar,46.3,2015,Qatar,QAT
Qatar,45.1,2016,Qatar,QAT
Qatar,44.0,2017,Qatar,QAT
Qatar,48.06415433835673,2018,Qatar,QAT
Qatar,45.4,2019,Qatar,QAT
Qatar,43.73987834909789,2020,Qatar,QAT
Qatar,44.099999999999994,2021,Qatar,QAT
Qatar,42.300000000000004,2022,Qatar,QAT
Qatar,40.5,2023,Qatar,QAT
Romania,62.6,2006,Romania,ROU
Romania,60.9,2007,Romania,ROU
Romania,59.9,2008,Romania,ROU
Romania,61.3,2009,Romania,ROU
Romania,60.2,2010,Romania,ROU
Romania,59.8,2011,Romania,ROU
Romania,59.5,2012,Romania,ROU
Romania,57.4,2013,Romania,ROU
Romania,56.9,2014,Romania,ROU
Romania,54.2,2015,Romania,ROU
Romania,52.9,2016,Romania,ROU
Romania,50.9,2017,Romania,ROU
Romania,49.36140868153144,2018,Romania,ROU
Romania,47.8,2019,Romania,ROU
Romania,46.65460149468231,2020,Romania,ROU
Romania,51.0,2021,Romania,ROU
Romania,50.8,2022,Romania,ROU
Romania,53.0,2023,Romania,ROU
Russia,87.1,2006,Russian Federation,RUS
Russia,81.2,2007,Russian Federation,RUS
Russia,79.7,2008,Russian Federation,RUS
Russia,80.8,2009,Russian Federation,RUS
Russia,79.0,2010,Russian Federation,RUS
Russia,77.7,2011,Russian Federation,RUS
Russia,77.1,2012,Russian Federation,RUS
Russia,77.1,2013,Russian Federation,RUS
Russia,76.5,2014,Russian Federation,RUS
Russia,80.0,2015,Russian Federation,RUS
Russia,81.0,2016,Russian Federation,RUS
Russia,79.2,2017,Russian Federation,RUS
Russia,77.16545659420007,2018,Russian Federation,RUS
Russia,74.7,2019,Russian Federation,RUS
Russia,72.55858319621083,2020,Russian Federation,RUS
Russia,73.59999999999998,2021,Russian Federation,RUS
Russia,72.6,2022,Russian Federation,RUS
Russia,80.7,2023,Russian Federation,RUS
Rwanda,92.9,2006,Rwanda,RWA
Rwanda,89.2,2007,Rwanda,RWA
Rwanda,88.0,2008,Rwanda,RWA
Rwanda,89.0,2009,Rwanda,RWA
Rwanda,88.7,2010,Rwanda,RWA
Rwanda,91.0,2011,Rwanda,RWA
Rwanda,89.3,2012,Rwanda,RWA
Rwanda,89.3,2013,Rwanda,RWA
Rwanda,90.5,2014,Rwanda,RWA
Rwanda,90.2,2015,Rwanda,RWA
Rwanda,91.3,2016,Rwanda,RWA
Rwanda,90.8,2017,Rwanda,RWA
Rwanda,89.28772432240727,2018,Rwanda,RWA
Rwanda,87.5,2019,Rwanda,RWA
Rwanda,86.02952230051775,2020,Rwanda,RWA
Rwanda,84.99999999999999,2021,Rwanda,RWA
Rwanda,83.7,2022,Rwanda,RWA
Rwanda,82.30000000000001,2023,Rwanda,RWA
Saudi Arabia,77.2,2006,Saudi Arabia,SAU
Saudi Arabia,76.5,2007,Saudi Arabia,SAU
Saudi Arabia,76.9,2008,Saudi Arabia,SAU
Saudi Arabia,77.5,2009,Saudi Arabia,SAU
Saudi Arabia,77.5,2010,Saudi Arabia,SAU
Saudi Arabia,75.2,2011,Saudi Arabia,SAU
Saudi Arabia,73.4,2012,Saudi Arabia,SAU
Saudi Arabia,72.7,2013,Saudi Arabia,SAU
Saudi Arabia,73.1,2014,Saudi Arabia,SAU
Saudi Arabia,71.6,2015,Saudi Arabia,SAU
Saudi Arabia,72.2,2016,Saudi Arabia,SAU
Saudi Arabia,71.2,2017,Saudi Arabia,SAU
Saudi Arabia,70.23498732317032,2018,Saudi Arabia,SAU
Saudi Arabia,70.4,2019,Saudi Arabia,SAU
Saudi Arabia,68.80000000000001,2020,Saudi Arabia,SAU
Saudi Arabia,69.7,2021,Saudi Arabia,SAU
Saudi Arabia,67.5,2022,Saudi Arabia,SAU
Saudi Arabia,65.3,2023,Saudi Arabia,SAU
Sudan,112.3,2006,Sudan,SDN
Sudan,113.7,2007,Sudan,SDN
Sudan,113.0,2008,Sudan,SDN
Sudan,112.4,2009,Sudan,SDN
Sudan,111.8,2010,Sudan,SDN
Sudan,108.7,2011,Sudan,SDN
Sudan,109.4,2012,Sudan,SDN
Sudan,111.0,2013,Sudan,SDN
Sudan,110.1,2014,Sudan,SDN
Sudan,110.8,2015,Sudan,SDN
Sudan,111.5,2016,Sudan,SDN
Sudan,110.6,2017,Sudan,SDN
Sudan,108.66319439644046,2018,Sudan,SDN
Sudan,108.0,2019,Sudan,SDN
Sudan,104.76588517295875,2020,Sudan,SDN
Sudan,105.19999999999999,2021,Sudan,SDN
Sudan,107.1,2022,Sudan,SDN
Sudan,106.19999999999999,2023,Sudan,SDN
Senegal,66.1,2006,Senegal,SEN
Senegal,66.9,2007,Senegal,SEN
Senegal,70.9,2008,Senegal,SEN
Senegal,74.2,2009,Senegal,SEN
Senegal,74.6,2010,Senegal,SEN
Senegal,76.8,2011,Senegal,SEN
Senegal,79.3,2012,Senegal,SEN
Senegal,81.4,2013,Senegal,SEN
Senegal,82.8,2014,Senegal,SEN
Senegal,82.9,2015,Senegal,SEN
Senegal,83.6,2016,Senegal,SEN
Senegal,82.3,2017,Senegal,SEN
Senegal,79.62828847155544,2018,Senegal,SEN
Senegal,77.2,2019,Senegal,SEN
Senegal,74.5646477541905,2020,Senegal,SEN
Senegal,73.39999999999999,2021,Senegal,SEN
Senegal,72.10000000000001,2022,Senegal,SEN
Senegal,71.50000000000001,2023,Senegal,SEN
Singapore,30.8,2006,Singapore,SGP
Singapore,33.0,2007,Singapore,SGP
Singapore,33.3,2008,Singapore,SGP
Singapore,33.8,2009,Singapore,SGP
Singapore,34.8,2010,Singapore,SGP
Singapore,35.1,2011,Singapore,SGP
Singapore,35.6,2012,Singapore,SGP
Singapore,34.0,2013,Singapore,SGP
Singapore,35.9,2014,Singapore,SGP
Singapore,34.4,2015,Singapore,SGP
Singapore,32.9,2016,Singapore,SGP
Singapore,32.5,2017,Singapore,SGP
Singapore,30.421202731235,2018,Singapore,SGP
Singapore,28.1,2019,Singapore,SGP
Singapore,26.3261946557654,2020,Singapore,SGP
Singapore,26.6,2021,Singapore,SGP
Singapore,25.799999999999997,2022,Singapore,SGP
Singapore,25.499999999999996,2023,Singapore,SGP
Solomon Islands,92.0,2007,Solomon Islands,SLB
Solomon Islands,92.4,2008,Solomon Islands,SLB
Solomon Islands,89.6,2009,Solomon Islands,SLB
Solomon Islands,88.6,2010,Solomon Islands,SLB
Solomon Islands,85.9,2011,Solomon Islands,SLB
Solomon Islands,85.6,2012,Solomon Islands,SLB
Solomon Islands,85.2,2013,Solomon Islands,SLB
Solomon Islands,86.4,2014,Solomon Islands,SLB
Solomon Islands,85.9,2015,Solomon Islands,SLB
Solomon Islands,85.3,2016,Solomon Islands,SLB
Solomon Islands,84.8,2017,Solomon Islands,SLB
Solomon Islands,83.10491831793692,2018,Solomon Islands,SLB
Solomon Islands,81.9,2019,Solomon Islands,SLB
Solomon Islands,79.74524648137532,2020,Solomon Islands,SLB
Solomon Islands,79.30000000000001,2021,Solomon Islands,SLB
Solomon Islands,80.39999999999999,2022,Solomon Islands,SLB
Solomon Islands,79.60000000000001,2023,Solomon Islands,SLB
Sierra Leone,96.6,2006,Sierra Leone,SLE
Sierra Leone,93.4,2007,Sierra Leone,SLE
Sierra Leone,92.3,2008,Sierra Leone,SLE
Sierra Leone,92.1,2009,Sierra Leone,SLE
Sierra Leone,93.6,2010,Sierra Leone,SLE
Sierra Leone,92.1,2011,Sierra Leone,SLE
Sierra Leone,90.4,2012,Sierra Leone,SLE
Sierra Leone,91.2,2013,Sierra Leone,SLE
Sierra Leone,89.9,2014,Sierra Leone,SLE
Sierra Leone,91.9,2015,Sierra Leone,SLE
Sierra Leone,91.0,2016,Sierra Leone,SLE
Sierra Leone,89.3,2017,Sierra Leone,SLE
Sierra Leone,89.08699644672271,2018,Sierra Leone,SLE
Sierra Leone,86.8,2019,Sierra Leone,SLE
Sierra Leone,84.35580251344358,2020,Sierra Leone,SLE
Sierra Leone,83.4,2021,Sierra Leone,SLE
Sierra Leone,82.39999999999999,2022,Sierra Leone,SLE
Sierra Leone,81.39999999999999,2023,Sierra Leone,SLE
El Salvador,76.1,2006,El Salvador,SLV
El Salvador,74.9,2007,El Salvador,SLV
El Salvador,75.5,2008,El Salvador,SLV
El Salvador,77.2,2009,El Salvador,SLV
El Salvador,78.1,2010,El Salvador,SLV
El Salvador,76.0,2011,El Salvador,SLV
El Salvador,74.4,2012,El Salvador,SLV
El Salvador,73.2,2013,El Salvador,SLV
El Salvador,72.0,2014,El Salvador,SLV
El Salvador,71.4,2015,El Salvador,SLV
El Salvador,72.5,2016,El Salvador,SLV
El Salvador,73.1,2017,El Salvador,SLV
El Salvador,71.16006105064231,2018,El Salvador,SLV
El Salvador,69.8,2019,El Salvador,SLV
El Salvador,68.89464371164277,2020,El Salvador,SLV
El Salvador,71.6,2021,El Salvador,SLV
El Salvador,70.8,2022,El Salvador,SLV
El Salvador,69.3,2023,El Salvador,SLV
Somalia,105.9,2006,Somalia,SOM
Somalia,111.1,2007,Somalia,SOM
Somalia,114.2,2008,Somalia,SOM
Somalia,114.7,2009,Somalia,SOM
Somalia,114.3,2010,Somalia,SOM
Somalia,113.4,2011,Somalia,SOM
Somalia,114.9,2012,Somalia,SOM
Somalia,113.9,2013,Somalia,SOM
Somalia,112.6,2014,Somalia,SOM
Somalia,114.0,2015,Somalia,SOM
Somalia,114.0,2016,Somalia,SOM
Somalia,113.4,2017,Somalia,SOM
Somalia,113.20079608219345,2018,Somalia,SOM
Somalia,112.3,2019,Somalia,SOM
Somalia,110.88895932474605,2020,Somalia,SOM
Somalia,110.9,2021,Somalia,SOM
Somalia,110.5,2022,Somalia,SOM
Somalia,111.89999999999999,2023,Somalia,SOM
Serbia,83.8,2006,Serbia,SRB
Serbia,81.1,2007,Serbia,SRB
Serbia,80.1,2008,Serbia,SRB
Serbia,79.2,2009,Serbia,SRB
Serbia,77.8,2010,Serbia,SRB
Serbia,74.4,2011,Serbia,SRB
Serbia,75.0,2012,Serbia,SRB
Serbia,74.4,2013,Serbia,SRB
Serbia,72.0,2014,Serbia,SRB
Serbia,73.8,2015,Serbia,SRB
Serbia,72.0,2016,Serbia,SRB
Serbia,70.0,2017,Serbia,SRB
Serbia,68.0600623653456,2018,Serbia,SRB
Serbia,68.0,2019,Serbia,SRB
Serbia,66.11626143786188,2020,Serbia,SRB
Serbia,67.4,2021,Serbia,SRB
Serbia,67.8,2022,Serbia,SRB
Serbia,67.9,2023,Serbia,SRB
South Sudan,108.4,2012,South Sudan,SSD
South Sudan,110.6,2013,South Sudan,SSD
South Sudan,112.9,2014,South Sudan,SSD
South Sudan,114.5,2015,South Sudan,SSD
South Sudan,113.8,2016,South Sudan,SSD
South Sudan,113.9,2017,South Sudan,SSD
South Sudan,113.35731518994112,2018,South Sudan,SSD
South Sudan,112.2,2019,South Sudan,SSD
South Sudan,110.75219038198196,2020,South Sudan,SSD
South Sudan,109.4,2021,South Sudan,SSD
South Sudan,108.39999999999999,2022,South Sudan,SSD
South Sudan,108.50000000000001,2023,South Sudan,SSD
Sao Tome and Principe,78.6,2007,Sao Tome and Principe,STP
Sao Tome and Principe,78.3,2008,Sao Tome and Principe,STP
Sao Tome and Principe,76.7,2009,Sao Tome and Principe,STP
Sao Tome and Principe,75.8,2010,Sao Tome and Principe,STP
Sao Tome and Principe,74.5,2011,Sao Tome and Principe,STP
Sao Tome and Principe,73.9,2012,Sao Tome and Principe,STP
Sao Tome and Principe,74.6,2013,Sao Tome and Principe,STP
Sao Tome and Principe,75.8,2014,Sao Tome and Principe,STP
Sao Tome and Principe,73.7,2015,Sao Tome and Principe,STP
Sao Tome and Principe,72.9,2016,Sao Tome and Principe,STP
Sao Tome and Principe,72.1,2017,Sao Tome and Principe,STP
Sao Tome and Principe,72.1307816493097,2018,Sao Tome and Principe,STP
Sao Tome and Principe,71.1,2019,Sao Tome and Principe,STP
Sao Tome and Principe,70.28190046461518,2020,Sao Tome and Principe,STP
Sao Tome and Principe,71.5,2021,Sao Tome and Principe,STP
Sao Tome and Principe,70.4,2022,Sao Tome and Principe,STP
Sao Tome and Principe,69.7,2023,Sao Tome and Principe,STP
Suriname,73.9,2007,Suriname,SUR
Suriname,72.4,2008,Suriname,SUR
Suriname,73.2,2009,Suriname,SUR
Suriname,72.5,2010,Suriname,SUR
Suriname,71.1,2011,Suriname,SUR
Suriname,71.2,2012,Suriname,SUR
Suriname,71.2,2013,Suriname,SUR
Suriname,70.6,2014,Suriname,SUR
Suriname,68.4,2015,Suriname,SUR
Suriname,66.7,2016,Suriname,SUR
Suriname,65.9,2017,Suriname,SUR
Suriname,64.01235952203785,2018,Suriname,SUR
Suriname,61.9,2019,Suriname,SUR
Suriname,60.12230683109472,2020,Suriname,SUR
Suriname,61.50000000000001,2021,Suriname,SUR
Suriname,60.800000000000004,2022,Suriname,SUR
Suriname,59.699999999999996,2023,Suriname,SUR
Slovak Republic,49.9,2006,Slovak Republic,SVK
Slovak Republic,49.3,2007,Slovak Republic,SVK
Slovak Republic,48.8,2008,Slovak Republic,SVK
Slovak Republic,48.6,2009,Slovak Republic,SVK
Slovak Republic,48.8,2010,Slovak Republic,SVK
Slovak Republic,47.1,2011,Slovak Republic,SVK
Slovak Republic,47.4,2012,Slovak Republic,SVK
Slovak Republic,45.3,2013,Slovak Republic,SVK
Slovak Republic,45.3,2014,Slovak Republic,SVK
Slovak Republic,42.6,2015,Slovak Republic,SVK
Slovak Republic,44.9,2016,Slovak Republic,SVK
Slovak Republic,44.3,2017,Slovak Republic,SVK
Slovak Republic,42.47488888000861,2018,Slovak Republic,SVK
Slovak Republic,40.5,2019,Slovak Republic,SVK
Slovak Republic,38.22181460375541,2020,Slovak Republic,SVK
Slovakia,39.00000000000001,2021,Slovakia,SVK
Slovakia,37.099999999999994,2022,Slovakia,SVK
Slovak Republic,37.800000000000004,2023,Slovak Republic,SVK
Slovenia,36.8,2006,Slovenia,SVN
Slovenia,37.5,2007,Slovenia,SVN
Slovenia,37.1,2008,Slovenia,SVN
Slovenia,36.3,2009,Slovenia,SVN
Slovenia,36.0,2010,Slovenia,SVN
Slovenia,35.5,2011,Slovenia,SVN
Slovenia,34.0,2012,Slovenia,SVN
Slovenia,32.3,2013,Slovenia,SVN
Slovenia,32.6,2014,Slovenia,SVN
Slovenia,31.5,2015,Slovenia,SVN
Slovenia,33.9,2016,Slovenia,SVN
Slovenia,32.4,2017,Slovenia,SVN
Slovenia,30.33350186495465,2018,Slovenia,SVN
Slovenia,28.0,2019,Slovenia,SVN
Slovenia,25.84648022438141,2020,Slovenia,SVN
Slovenia,28.2,2021,Slovenia,SVN
Slovenia,27.7,2022,Slovenia,SVN
Slovenia,27.299999999999997,2023,Slovenia,SVN
Sweden,18.2,2006,Sweden,SWE
Sweden,19.3,2007,Sweden,SWE
Sweden,19.8,2008,Sweden,SWE
Sweden,20.6,2009,Sweden,SWE
Sweden,20.9,2010,Sweden,SWE
Sweden,22.8,2011,Sweden,SWE
Sweden,21.3,2012,Sweden,SWE
Sweden,19.7,2013,Sweden,SWE
Sweden,21.4,2014,Sweden,SWE
Sweden,20.2,2015,Sweden,SWE
Sweden,22.6,2016,Sweden,SWE
Sweden,22.1,2017,Sweden,SWE
Sweden,20.818812325589526,2018,Sweden,SWE
Sweden,20.3,2019,Sweden,SWE
Sweden,18.209201949895153,2020,Sweden,SWE
Sweden,21.4,2021,Sweden,SWE
Sweden,20.9,2022,Sweden,SWE
Sweden,20.6,2023,Sweden,SWE
Swaziland,81.3,2007,Swaziland,SWZ
Swaziland,80.0,2008,Swaziland,SWZ
Swaziland,82.4,2009,Swaziland,SWZ
Swaziland,82.8,2010,Swaziland,SWZ
Swaziland,82.5,2011,Swaziland,SWZ
Swaziland,83.5,2012,Swaziland,SWZ
Swaziland,85.6,2013,Swaziland,SWZ
Swaziland,85.8,2014,Swaziland,SWZ
Swaziland,86.2,2015,Swaziland,SWZ
Swaziland,87.6,2016,Swaziland,SWZ
Swaziland,88.8,2017,Swaziland,SWZ
Swaziland,87.54065035971811,2018,Swaziland,SWZ
Eswatini,85.3,2019,Eswatini,SWZ
Swaziland,83.0,2020,Swaziland,SWZ
Eswatini,82.5,2021,Eswatini,SWZ
Swaziland,80.4,2022,Swaziland,SWZ
Swaziland,79.1,2023,Swaziland,SWZ
Seychelles,71.3,2007,Seychelles,SYC
Seychelles,69.5,2008,Seychelles,SYC
Seychelles,67.7,2009,Seychelles,SYC
Seychelles,67.9,2010,Seychelles,SYC
Seychelles,67.0,2011,Seychelles,SYC
Seychelles,65.1,2012,Seychelles,SYC
Seychelles,64.0,2013,Seychelles,SYC
Seychelles,63.7,2014,Seychelles,SYC
Seychelles,62.1,2015,Seychelles,SYC
Seychelles,60.2,2016,Seychelles,SYC
Seychelles,59.4,2017,Seychelles,SYC
Seychelles,56.754155689071474,2018,Seychelles,SYC
Seychelles,55.2,2019,Seychelles,SYC
Seychelles,54.6754977355289,2020,Seychelles,SYC
Seychelles,56.300000000000004,2021,Seychelles,SYC
Seychelles,54.199999999999996,2022,Seychelles,SYC
Seychelles,53.3,2023,Seychelles,SYC
Syria,88.6,2006,Syrian Arab Republic,SYR
Syria,88.6,2007,Syrian Arab Republic,SYR
Syria,90.1,2008,Syrian Arab Republic,SYR
Syria,89.8,2009,Syrian Arab Republic,SYR
Syria,87.9,2010,Syrian Arab Republic,SYR
Syria,85.9,2011,Syrian Arab Republic,SYR
Syria,94.5,2012,Syrian Arab Republic,SYR
Syria,97.4,2013,Syrian Arab Republic,SYR
Syria,101.6,2014,Syrian Arab Republic,SYR
Syria,107.8,2015,Syrian Arab Republic,SYR
Syria,110.8,2016,Syrian Arab Republic,SYR
Syria,110.6,2017,Syrian Arab Republic,SYR
Syria,111.39303110352296,2018,Syrian Arab Republic,SYR
Syria,111.5,2019,Syrian Arab Republic,SYR
Syria,110.74969653593257,2020,Syrian Arab Republic,SYR
Syria,110.69999999999999,2021,Syrian Arab Republic,SYR
Syria,108.4,2022,Syrian Arab Republic,SYR
Syria,107.10000000000001,2023,Syrian Arab Republic,SYR
Chad,105.9,2006,Chad,TCD
Chad,108.8,2007,Chad,TCD
Chad,110.9,2008,Chad,TCD
Chad,112.2,2009,Chad,TCD
Chad,113.3,2010,Chad,TCD
Chad,110.3,2011,Chad,TCD
Chad,107.6,2012,Chad,TCD
Chad,109.0,2013,Chad,TCD
Chad,108.7,2014,Chad,TCD
Chad,108.4,2015,Chad,TCD
Chad,110.1,2016,Chad,TCD
Chad,109.4,2017,Chad,TCD
Chad,108.31187045747872,2018,Chad,TCD
Chad,108.5,2019,Chad,TCD
Chad,106.43382055499453,2020,Chad,TCD
Chad,105.8,2021,Chad,TCD
Chad,105.69999999999999,2022,Chad,TCD
Chad,104.60000000000001,2023,Chad,TCD
Togo,88.3,2006,Togo,TGO
Togo,86.6,2007,Togo,TGO
Togo,86.8,2008,Togo,TGO
Togo,87.2,2009,Togo,TGO
Togo,88.1,2010,Togo,TGO
Togo,89.4,2011,Togo,TGO
Togo,87.5,2012,Togo,TGO
Togo,87.8,2013,Togo,TGO
Togo,87.8,2014,Togo,TGO
Togo,86.8,2015,Togo,TGO
Togo,85.8,2016,Togo,TGO
Togo,83.9,2017,Togo,TGO
Togo,85.15884542590535,2018,Togo,TGO
Togo,87.4,2019,Togo,TGO
Togo,85.84143116430509,2020,Togo,TGO
Togo,85.1,2021,Togo,TGO
Togo,83.59999999999998,2022,Togo,TGO
Togo,82.1,2023,Togo,TGO
Thailand,74.9,2006,Thailand,THA
Thailand,76.0,2007,Thailand,THA
Thailand,75.6,2008,Thailand,THA
Thailand,79.2,2009,Thailand,THA
Thailand,78.8,2010,Thailand,THA
Thailand,78.3,2011,Thailand,THA
Thailand,77.0,2012,Thailand,THA
Thailand,75.1,2013,Thailand,THA
Thailand,77.0,2014,Thailand,THA
Thailand,79.1,2015,Thailand,THA
Thailand,78.8,2016,Thailand,THA
Thailand,76.2,2017,Thailand,THA
Thailand,74.98003133114115,2018,Thailand,THA
Thailand,73.1,2019,Thailand,THA
Thailand,70.81357974524154,2020,Thailand,THA
Thailand,70.89999999999999,2021,Thailand,THA
Thailand,70.0,2022,Thailand,THA
Thailand,68.0,2023,Thailand,THA
Tajikistan,87.7,2006,Tajikistan,TJK
Tajikistan,88.7,2007,Tajikistan,TJK
Tajikistan,88.9,2008,Tajikistan,TJK
Tajikistan,90.3,2009,Tajikistan,TJK
Tajikistan,89.2,2010,Tajikistan,TJK
Tajikistan,88.3,2011,Tajikistan,TJK
Tajikistan,85.7,2012,Tajikistan,TJK
Tajikistan,85.2,2013,Tajikistan,TJK
Tajikistan,84.6,2014,Tajikistan,TJK
Tajikistan,83.4,2015,Tajikistan,TJK
Tajikistan,83.8,2016,Tajikistan,TJK
Tajikistan,81.8,2017,Tajikistan,TJK
Tajikistan,79.5020376295363,2018,Tajikistan,TJK
Tajikistan,77.7,2019,Tajikistan,TJK
Tajikistan,75.50515391672525,2020,Tajikistan,TJK
Tajikistan,75.1,2021,Tajikistan,TJK
Tajikistan,75.0,2022,Tajikistan,TJK
Tajikistan,74.2,2023,Tajikistan,TJK
Turkmenistan,86.1,2006,Turkmenistan,TKM
Turkmenistan,87.5,2007,Turkmenistan,TKM
Turkmenistan,86.2,2008,Turkmenistan,TKM
Turkmenistan,84.3,2009,Turkmenistan,TKM
Turkmenistan,82.5,2010,Turkmenistan,TKM
Turkmenistan,79.7,2011,Turkmenistan,TKM
Turkmenistan,77.4,2012,Turkmenistan,TKM
Turkmenistan,76.7,2013,Turkmenistan,TKM
Turkmenistan,78.2,2014,Turkmenistan,TKM
Turkmenistan,77.4,2015,Turkmenistan,TKM
Turkmenistan,76.0,2016,Turkmenistan,TKM
Turkmenistan,74.4,2017,Turkmenistan,TKM
Turkmenistan,72.62111503765558,2018,Turkmenistan,TKM
Turkmenistan,71.4,2019,Turkmenistan,TKM
Turkmenistan,69.05814193586684,2020,Turkmenistan,TKM
Turkmenistan,68.20000000000002,2021,Turkmenistan,TKM
Turkmenistan,66.5,2022,Turkmenistan,TKM
Turkmenistan,64.5,2023,Turkmenistan,TKM
Timor-Leste,94.9,2007,Timor-Leste,TLS
Timor-Leste,93.8,2008,Timor-Leste,TLS
Timor-Leste,97.2,2009,Timor-Leste,TLS
Timor-Leste,98.2,2010,Timor-Leste,TLS
Timor-Leste,94.9,2011,Timor-Leste,TLS
Timor-Leste,92.7,2012,Timor-Leste,TLS
Timor-Leste,91.5,2013,Timor-Leste,TLS
Timor-Leste,91.0,2014,Timor-Leste,TLS
Timor-Leste,90.5,2015,Timor-Leste,TLS
Timor-Leste,90.8,2016,Timor-Leste,TLS
Timor-Leste,90.5,2017,Timor-Leste,TLS
Timor-Leste,88.25683064064846,2018,Timor-Leste,TLS
Timor-Leste,85.5,2019,Timor-Leste,TLS
Timor-Leste,82.66311377505994,2020,Timor-Leste,TLS
Timor-Leste,80.9,2021,Timor-Leste,TLS
Timor-Leste,79.3,2022,Timor-Leste,TLS
Timor-Leste,77.5,2023,Timor-Leste,TLS
Trinidad and Tobago,67.6,2007,Trinidad and Tobago,TTO
Trinidad and Tobago,67.0,2008,Trinidad and Tobago,TTO
Trinidad and Tobago,66.7,2009,Trinidad and Tobago,TTO
Trinidad and Tobago,66.1,2010,Trinidad and Tobago,TTO
Trinidad and Tobago,63.7,2011,Trinidad and Tobago,TTO
Trinidad and Tobago,64.4,2012,Trinidad and Tobago,TTO
Trinidad and Tobago,62.6,2013,Trinidad and Tobago,TTO
Trinidad and Tobago,61.3,2014,Trinidad and Tobago,TTO
Trinidad and Tobago,58.7,2015,Trinidad and Tobago,TTO
Trinidad and Tobago,57.8,2016,Trinidad and Tobago,TTO
Trinidad and Tobago,56.7,2017,Trinidad and Tobago,TTO
Trinidad and Tobago,54.605739840210504,2018,Trinidad and Tobago,TTO
Trinidad and Tobago,53.0,2019,Trinidad and Tobago,TTO
Trinidad and Tobago,51.9451410707907,2020,Trinidad and Tobago,TTO
Trinidad and Tobago,52.9,2021,Trinidad and Tobago,TTO
Trinidad and Tobago,52.4,2022,Trinidad and Tobago,TTO
Trinidad and Tobago,52.89999999999999,2023,Trinidad and Tobago,TTO
Tunisia,65.4,2006,Tunisia,TUN
Tunisia,65.6,2007,Tunisia,TUN
Tunisia,65.6,2008,Tunisia,TUN
Tunisia,67.6,2009,Tunisia,TUN
Tunisia,67.5,2010,Tunisia,TUN
Tunisia,70.1,2011,Tunisia,TUN
Tunisia,74.2,2012,Tunisia,TUN
Tunisia,76.5,2013,Tunisia,TUN
Tunisia,77.5,2014,Tunisia,TUN
Tunisia,75.7,2015,Tunisia,TUN
Tunisia,74.6,2016,Tunisia,TUN
Tunisia,74.2,2017,Tunisia,TUN
Tunisia,72.0706745688338,2018,Tunisia,TUN
Tunisia,70.1,2019,Tunisia,TUN
Tunisia,68.12591302617336,2020,Tunisia,TUN
Tunisia,69.19999999999999,2021,Tunisia,TUN
Tunisia,68.2,2022,Tunisia,TUN
Tunisia,66.39999999999999,2023,Tunisia,TUN
Turkey,74.4,2006,Turkey,TUR
Turkey,74.9,2007,Turkey,TUR
Turkey,75.4,2008,Turkey,TUR
Turkey,78.2,2009,Turkey,TUR
Turkey,77.1,2010,Turkey,TUR
Turkey,74.9,2011,Turkey,TUR
Turkey,76.6,2012,Turkey,TUR
Turkey,75.9,2013,Turkey,TUR
Turkey,74.1,2014,Turkey,TUR
Turkey,74.6,2015,Turkey,TUR
Turkey,77.3,2016,Turkey,TUR
Turkey,80.8,2017,Turkey,TUR
Turkey,82.21903599918711,2018,Turkey,TUR
Turkey,80.3,2019,Turkey,TUR
Turkey,79.14739400388918,2020,Turkey,TUR
Turkey,79.7,2021,Turkey,TUR
Turkey,78.1,2022,Turkey,TUR
Turkey,81.19999999999999,2023,Turkey,TUR
Tanzania,78.3,2006,"Tanzania, United Republic of",TZA
Tanzania,79.3,2007,"Tanzania, United Republic of",TZA
Tanzania,79.1,2008,"Tanzania, United Republic of",TZA
Tanzania,81.1,2009,"Tanzania, United Republic of",TZA
Tanzania,81.2,2010,"Tanzania, United Republic of",TZA
Tanzania,81.3,2011,"Tanzania, United Republic of",TZA
Tanzania,80.4,2012,"Tanzania, United Republic of",TZA
Tanzania,81.1,2013,"Tanzania, United Republic of",TZA
Tanzania,80.8,2014,"Tanzania, United Republic of",TZA
Tanzania,80.8,2015,"Tanzania, United Republic of",TZA
Tanzania,81.8,2016,"Tanzania, United Republic of",TZA
Tanzania,80.3,2017,"Tanzania, United Republic of",TZA
Tanzania,79.38569084972285,2018,"Tanzania, United Republic of",TZA
Tanzania,80.1,2019,"Tanzania, United Republic of",TZA
Tanzania,78.14413662466475,2020,"Tanzania, United Republic of",TZA
Tanzania,79.3,2021,"Tanzania, United Republic of",TZA
Tanzania,78.2,2022,"Tanzania, United Republic of",TZA
Tanzania,76.6,2023,"Tanzania, United Republic of",TZA
Uganda,94.5,2006,Uganda,UGA
Uganda,96.4,2007,Uganda,UGA
Uganda,96.1,2008,Uganda,UGA
Uganda,96.9,2009,Uganda,UGA
Uganda,97.5,2010,Uganda,UGA
Uganda,96.3,2011,Uganda,UGA
Uganda,96.5,2012,Uganda,UGA
Uganda,96.6,2013,Uganda,UGA
Uganda,96.0,2014,Uganda,UGA
Uganda,97.0,2015,Uganda,UGA
Uganda,97.7,2016,Uganda,UGA
Uganda,96.0,2017,Uganda,UGA
Uganda,95.14379555232746,2018,Uganda,UGA
Uganda,95.3,2019,Uganda,UGA
Uganda,92.7703684743757,2020,Uganda,UGA
Uganda,92.89999999999999,2021,Uganda,UGA
Uganda,92.1,2022,Uganda,UGA
Uganda,91.5,2023,Uganda,UGA
Ukraine,72.9,2006,Ukraine,UKR
Ukraine,71.4,2007,Ukraine,UKR
Ukraine,70.8,2008,Ukraine,UKR
Ukraine,69.7,2009,Ukraine,UKR
Ukraine,69.5,2010,Ukraine,UKR
Ukraine,69.0,2011,Ukraine,UKR
Ukraine,67.2,2012,Ukraine,UKR
Ukraine,65.9,2013,Ukraine,UKR
Ukraine,67.2,2014,Ukraine,UKR
Ukraine,76.3,2015,Ukraine,UKR
Ukraine,75.5,2016,Ukraine,UKR
Ukraine,74.0,2017,Ukraine,UKR
Ukraine,72.56161244731106,2018,Ukraine,UKR
Ukraine,71.0,2019,Ukraine,UKR
Ukraine,69.00704175599185,2020,Ukraine,UKR
Ukraine,69.8,2021,Ukraine,UKR
Ukraine,68.6,2022,Ukraine,UKR
Ukraine,95.89999999999999,2023,Ukraine,UKR
Uruguay,41.2,2006,Uruguay,URY
Uruguay,40.9,2007,Uruguay,URY
Uruguay,41.4,2008,Uruguay,URY
Uruguay,41.2,2009,Uruguay,URY
Uruguay,41.3,2010,Uruguay,URY
Uruguay,40.4,2011,Uruguay,URY
Uruguay,40.5,2012,Uruguay,URY
Uruguay,38.4,2013,Uruguay,URY
Uruguay,37.9,2014,Uruguay,URY
Uruguay,36.4,2015,Uruguay,URY
Uruguay,36.2,2016,Uruguay,URY
Uruguay,36.8,2017,Uruguay,URY
Uruguay,35.444748420198586,2018,Uruguay,URY
Uruguay,34.0,2019,Uruguay,URY
Uruguay,33.405777354578404,2020,Uruguay,URY
Uruguay,35.900000000000006,2021,Uruguay,URY
Uruguay,35.2,2022,Uruguay,URY
Uruguay,34.4,2023,Uruguay,URY
United States,34.5,2006,United States,USA
United States,33.6,2007,United States,USA
United States,32.8,2008,United States,USA
United States,34.0,2009,United States,USA
United States,35.3,2010,United States,USA
United States,34.8,2011,United States,USA
United States,34.8,2012,United States,USA
United States,33.5,2013,United States,USA
United States,35.4,2014,United States,USA
United States,35.4,2015,United States,USA
United States,34.0,2016,United States,USA
United States,35.6,2017,United States,USA
United States,37.7,2018,United States,USA
United States,38.0,2019,United States,USA
United States,38.27275827818653,2020,United States,USA
United States,44.6,2021,United States,USA
United States,46.6,2022,United States,USA
United States,45.300000000000004,2023,United States,USA
Uzbekistan,94.4,2006,Uzbekistan,UZB
Uzbekistan,93.5,2007,Uzbekistan,UZB
Uzbekistan,93.4,2008,Uzbekistan,UZB
Uzbekistan,92.8,2009,Uzbekistan,UZB
Uzbekistan,90.5,2010,Uzbekistan,UZB
Uzbekistan,88.3,2011,Uzbekistan,UZB
Uzbekistan,87.5,2012,Uzbekistan,UZB
Uzbekistan,86.9,2013,Uzbekistan,UZB
Uzbekistan,86.3,2014,Uzbekistan,UZB
Uzbekistan,85.3,2015,Uzbekistan,UZB
Uzbekistan,83.5,2016,Uzbekistan,UZB
Uzbekistan,81.5,2017,Uzbekistan,UZB
Uzbekistan,79.1,2018,Uzbekistan,UZB
Uzbekistan,75.7,2019,Uzbekistan,UZB
Uzbekistan,73.10388718030978,2020,Uzbekistan,UZB
Uzbekistan,72.00000000000001,2021,Uzbekistan,UZB
Uzbekistan,69.6,2022,Uzbekistan,UZB
Uzbekistan,66.80000000000001,2023,Uzbekistan,UZB
Venezuela,81.2,2006,"Venezuela, Bolivarian Republic of",VEN
Venezuela,79.8,2007,"Venezuela, Bolivarian Republic of",VEN
Venezuela,77.9,2008,"Venezuela, Bolivarian Republic of",VEN
Venezuela,79.5,2009,"Venezuela, Bolivarian Republic of",VEN
Venezuela,78.7,2010,"Venezuela, Bolivarian Republic of",VEN
Venezuela,78.2,2011,"Venezuela, Bolivarian Republic of",VEN
Venezuela,77.3,2012,"Venezuela, Bolivarian Republic of",VEN
Venezuela,75.3,2013,"Venezuela, Bolivarian Republic of",VEN
Venezuela,76.7,2014,"Venezuela, Bolivarian Republic of",VEN
Venezuela,78.7,2015,"Venezuela, Bolivarian Republic of",VEN
Venezuela,81.6,2016,"Venezuela, Bolivarian Republic of",VEN
Venezuela,82.9,2017,"Venezuela, Bolivarian Republic of",VEN
Venezuela,86.20692501836953,2018,"Venezuela, Bolivarian Republic of",VEN
Venezuela,89.3,2019,"Venezuela, Bolivarian Republic of",VEN
Venezuela,91.15759122974585,2020,"Venezuela, Bolivarian Republic of",VEN
Venezuela,92.60000000000001,2021,"Venezuela, Bolivarian Republic of",VEN
Venezuela,91.60000000000001,2022,"Venezuela, Bolivarian Republic of",VEN
Venezuela,90.5,2023,"Venezuela, Bolivarian Republic of",VEN
Vietnam,78.6,2006,Vietnam,VNM
Vietnam,77.8,2007,Vietnam,VNM
Vietnam,74.6,2008,Vietnam,VNM
Vietnam,76.9,2009,Vietnam,VNM
Vietnam,76.6,2010,Vietnam,VNM
Vietnam,76.1,2011,Vietnam,VNM
Vietnam,74.0,2012,Vietnam,VNM
Vietnam,73.1,2013,Vietnam,VNM
Vietnam,72.7,2014,Vietnam,VNM
Vietnam,72.4,2015,Vietnam,VNM
Vietnam,70.7,2016,Vietnam,VNM
Vietnam,70.2,2017,Vietnam,VNM
Vietnam,68.39565234056963,2018,Vietnam,VNM
Vietnam,66.1,2019,Vietnam,VNM
Vietnam,63.885397212926094,2020,Vietnam,VNM
Vietnam,63.29999999999999,2021,Vietnam,VNM
Vietnam,60.9,2022,Vietnam,VNM
Vietnam,58.300000000000004,2023,Vietnam,VNM
Samoa,73.8,2007,Samoa,WSM
Samoa,72.4,2008,Samoa,WSM
Samoa,71.4,2009,Samoa,WSM
Samoa,71.1,2010,Samoa,WSM
Samoa,69.5,2011,Samoa,WSM
Samoa,68.5,2012,Samoa,WSM
Samoa,68.7,2013,Samoa,WSM
Samoa,69.3,2014,Samoa,WSM
Samoa,68.2,2015,Samoa,WSM
Samoa,67.6,2016,Samoa,WSM
Samoa,67.1,2017,Samoa,WSM
Samoa,65.53086971578227,2018,Samoa,WSM
Samoa,64.2,2019,Samoa,WSM
Samoa,63.296648558996196,2020,Samoa,WSM
Samoa,64.2,2021,Samoa,WSM
Samoa,64.8,2022,Samoa,WSM
Samoa,65.1,2023,Samoa,WSM
Yemen,96.6,2006,Yemen,YEM
Yemen,93.2,2007,Yemen,YEM
Yemen,95.4,2008,Yemen,YEM
Yemen,98.1,2009,Yemen,YEM
Yemen,100.0,2010,Yemen,YEM
Yemen,100.3,2011,Yemen,YEM
Yemen,104.8,2012,Yemen,YEM
Yemen,107.0,2013,Yemen,YEM
Yemen,105.4,2014,Yemen,YEM
Yemen,108.2,2015,Yemen,YEM
Yemen,111.5,2016,Yemen,YEM
Yemen,111.1,2017,Yemen,YEM
Yemen,112.6715037597987,2018,Yemen,YEM
Yemen,113.5,2019,Yemen,YEM
Yemen,112.43869382016283,2020,Yemen,YEM
Yemen,111.7,2021,Yemen,YEM
Yemen,111.7,2022,Yemen,YEM
Yemen,108.89999999999999,2023,Yemen,YEM
South Africa,55.7,2006,South Africa,ZAF
South Africa,57.4,2007,South Africa,ZAF
South Africa,62.7,2008,South Africa,ZAF
South Africa,67.4,2009,South Africa,ZAF
South Africa,67.9,2010,South Africa,ZAF
South Africa,67.6,2011,South Africa,ZAF
South Africa,66.8,2012,South Africa,ZAF
South Africa,67.6,2013,South Africa,ZAF
South Africa,66.6,2014,South Africa,ZAF
South Africa,67.0,2015,South Africa,ZAF
South Africa,69.9,2016,South Africa,ZAF
South Africa,72.3,2017,South Africa,ZAF
South Africa,72.89999999999999,2018,South Africa,ZAF
South Africa,71.1,2019,South Africa,ZAF
South Africa,70.1072430706828,2020,South Africa,ZAF
South Africa,70.0,2021,South Africa,ZAF
South Africa,72.0,2022,South Africa,ZAF
South Africa,72.0,2023,South Africa,ZAF
Zambia,79.6,2006,Zambia,ZMB
Zambia,80.6,2007,Zambia,ZMB
Zambia,81.6,2008,Zambia,ZMB
Zambia,84.2,2009,Zambia,ZMB
Zambia,83.9,2010,Zambia,ZMB
Zambia,83.8,2011,Zambia,ZMB
Zambia,85.9,2012,Zambia,ZMB
Zambia,86.6,2013,Zambia,ZMB
Zambia,86.2,2014,Zambia,ZMB
Zambia,85.1,2015,Zambia,ZMB
Zambia,86.3,2016,Zambia,ZMB
Zambia,87.8,2017,Zambia,ZMB
Zambia,87.22404970609999,2018,Zambia,ZMB
Zambia,85.7,2019,Zambia,ZMB
Zambia,84.47412891194057,2020,Zambia,ZMB
Zambia,84.89999999999999,2021,Zambia,ZMB
Zambia,83.60000000000001,2022,Zambia,ZMB
Zambia,81.8,2023,Zambia,ZMB
Zimbabwe,108.9,2006,Zimbabwe,ZWE
Zimbabwe,110.1,2007,Zimbabwe,ZWE
Zimbabwe,112.5,2008,Zimbabwe,ZWE
Zimbabwe,114.0,2009,Zimbabwe,ZWE
Zimbabwe,110.2,2010,Zimbabwe,ZWE
Zimbabwe,107.9,2011,Zimbabwe,ZWE
Zimbabwe,106.3,2012,Zimbabwe,ZWE
Zimbabwe,105.2,2013,Zimbabwe,ZWE
Zimbabwe,102.8,2014,Zimbabwe,ZWE
Zimbabwe,100.0,2015,Zimbabwe,ZWE
Zimbabwe,100.5,2016,Zimbabwe,ZWE
Zimbabwe,101.6,2017,Zimbabwe,ZWE
Zimbabwe,102.29375253209211,2018,Zimbabwe,ZWE
Zimbabwe,99.5,2019,Zimbabwe,ZWE
Zimbabwe,99.22085680550748,2020,Zimbabwe,ZWE
Zimbabwe,99.10000000000001,2021,Zimbabwe,ZWE
Zimbabwe,97.8,2022,Zimbabwe,ZWE
Zimbabwe,96.9,2023,Zimbabwe,ZWE
