iso3,year,entity_name,iso2,region,income_level,number_of_ratings,rating_score_mean,rating_score_min,rating_score_max,rating_score_std,has_at_least_one_rating,rating_score_range,fitch_score,moodys_score,sp_score,rating_score_mean_check,number_of_ratings_check
ABW,2000,Aruba,AW,Latin America & Caribbean,High income,0,,,,,0,,,,,,0
ABW,2001,Aruba,AW,Latin America & Caribbean,High income,0,,,,,0,,,,,,0
ABW,2002,Aruba,AW,Latin America & Caribbean,High income,0,,,,,0,,,,,,0
ABW,2003,Aruba,AW,Latin America & Caribbean,High income,0,,,,,0,,,,,,0
ABW,2004,Aruba,AW,Latin America & Caribbean,High income,0,,,,,0,,,,,,0
ABW,2005,Aruba,AW,Latin America & Caribbean,High income,0,,,,,0,,,,,,0
ABW,2006,Aruba,AW,Latin America & Caribbean,High income,0,,,,,0,,,,,,0
ABW,2007,Aruba,AW,Latin America & Caribbean,High income,0,,,,,0,,,,,,0
ABW,2008,Aruba,AW,Latin America & Caribbean,High income,0,,,,,0,,,,,,0
ABW,2009,Aruba,AW,Latin America & Caribbean,High income,0,,,,,0,,,,,,0
ABW,2010,Aruba,AW,Latin America & Caribbean,High income,1,70.0,70.0,70.0,0.0,1,0.0,,,70.0,70.0,1
ABW,2011,Aruba,AW,Latin America & Caribbean,High income,1,70.0,70.0,70.0,0.0,1,0.0,,,70.0,70.0,1
ABW,2012,Aruba,AW,Latin America & Caribbean,High income,1,70.0,70.0,70.0,0.0,1,0.0,,,70.0,70.0,1
ABW,2013,Aruba,AW,Latin America & Caribbean,High income,1,65.0,65.0,65.0,0.0,1,0.0,,,65.0,65.0,1
ABW,2014,Aruba,AW,Latin America & Caribbean,High income,1,65.0,65.0,65.0,0.0,1,0.0,,,65.0,65.0,1
ABW,2015,Aruba,AW,Latin America & Caribbean,High income,1,65.0,65.0,65.0,0.0,1,0.0,,,65.0,65.0,1
ABW,2016,Aruba,AW,Latin America & Caribbean,High income,1,65.0,65.0,65.0,0.0,1,0.0,,,65.0,65.0,1
ABW,2017,Aruba,AW,Latin America & Caribbean,High income,1,65.0,65.0,65.0,0.0,1,0.0,,,65.0,65.0,1
ABW,2018,Aruba,AW,Latin America & Caribbean,High income,1,65.0,65.0,65.0,0.0,1,0.0,,,65.0,65.0,1
ABW,2019,Aruba,AW,Latin America & Caribbean,High income,1,65.0,65.0,65.0,0.0,1,0.0,,,65.0,65.0,1
ABW,2020,Aruba,AW,Latin America & Caribbean,High income,1,65.0,65.0,65.0,0.0,1,0.0,,,65.0,65.0,1
ABW,2021,Aruba,AW,Latin America & Caribbean,High income,1,60.0,60.0,60.0,0.0,1,0.0,,,60.0,60.0,1
ABW,2022,Aruba,AW,Latin America & Caribbean,High income,1,60.0,60.0,60.0,0.0,1,0.0,,,60.0,60.0,1
ABW,2023,Aruba,AW,Latin America & Caribbean,High income,1,60.0,60.0,60.0,0.0,1,0.0,,,60.0,60.0,1
ABW,2024,Aruba,AW,Latin America & Caribbean,High income,2,57.5,55.0,60.0,3.5355339059327378,1,5.0,,55.0,60.0,57.5,2
ABW,2025,Aruba,AW,Latin America & Caribbean,High income,2,60.0,55.0,65.0,7.0710678118654755,1,10.0,,55.0,65.0,60.0,2
AGO,2000,Angola,AO,Sub-Saharan Africa,Lower middle income,0,,,,,0,,,,,,0
AGO,2001,Angola,AO,Sub-Saharan Africa,Lower middle income,0,,,,,0,,,,,,0
AGO,2002,Angola,AO,Sub-Saharan Africa,Lower middle income,0,,,,,0,,,,,,0
AGO,2003,Angola,AO,Sub-Saharan Africa,Lower middle income,0,,,,,0,,,,,,0
AGO,2004,Angola,AO,Sub-Saharan Africa,Lower middle income,0,,,,,0,,,,,,0
AGO,2005,Angola,AO,Sub-Saharan Africa,Lower middle income,0,,,,,0,,,,,,0
AGO,2006,Angola,AO,Sub-Saharan Africa,Lower middle income,0,,,,,0,,,,,,0
AGO,2007,Angola,AO,Sub-Saharan Africa,Lower middle income,0,,,,,0,,,,,,0
AGO,2008,Angola,AO,Sub-Saharan Africa,Lower middle income,0,,,,,0,,,,,,0
AGO,2009,Angola,AO,Sub-Saharan Africa,Lower middle income,0,,,,,0,,,,,,0
AGO,2010,Angola,AO,Sub-Saharan Africa,Lower middle income,2,35.0,35.0,35.0,0.0,1,0.0,35.0,35.0,,35.0,2
AGO,2011,Angola,AO,Sub-Saharan Africa,Lower middle income,3,40.0,40.0,40.0,0.0,1,0.0,40.0,40.0,40.0,40.0,3
AGO,2012,Angola,AO,Sub-Saharan Africa,Lower middle income,3,40.0,40.0,40.0,0.0,1,0.0,40.0,40.0,40.0,40.0,3
AGO,2013,Angola,AO,Sub-Saharan Africa,Lower middle income,3,40.0,40.0,40.0,0.0,1,0.0,40.0,40.0,40.0,40.0,3
AGO,2014,Angola,AO,Sub-Saharan Africa,Lower middle income,3,41.666666666666664,40.0,45.0,2.886751345948128,1,5.0,40.0,45.0,40.0,41.666666666666664,3
AGO,2015,Angola,AO,Sub-Saharan Africa,Lower middle income,3,38.333333333333336,35.0,45.0,5.773502691896258,1,10.0,35.0,45.0,35.0,38.333333333333336,3
AGO,2016,Angola,AO,Sub-Saharan Africa,Lower middle income,3,31.666666666666668,30.0,35.0,2.886751345948129,1,5.0,30.0,35.0,30.0,31.666666666666668,3
AGO,2017,Angola,AO,Sub-Saharan Africa,Lower middle income,3,28.333333333333332,25.0,30.0,2.886751345948128,1,5.0,30.0,30.0,25.0,28.333333333333332,3
AGO,2018,Angola,AO,Sub-Saharan Africa,Lower middle income,3,26.666666666666668,25.0,30.0,2.886751345948129,1,5.0,30.0,25.0,25.0,26.666666666666668,3
AGO,2019,Angola,AO,Sub-Saharan Africa,Lower middle income,3,26.666666666666668,25.0,30.0,2.886751345948129,1,5.0,30.0,25.0,25.0,26.666666666666668,3
AGO,2020,Angola,AO,Sub-Saharan Africa,Lower middle income,3,18.333333333333332,15.0,20.0,2.886751345948129,1,5.0,15.0,20.0,20.0,18.333333333333332,3
AGO,2021,Angola,AO,Sub-Saharan Africa,Lower middle income,3,20.0,15.0,25.0,5.0,1,10.0,15.0,25.0,20.0,20.0,3
AGO,2022,Angola,AO,Sub-Saharan Africa,Lower middle income,3,25.0,25.0,25.0,0.0,1,0.0,25.0,25.0,25.0,25.0,3
AGO,2023,Angola,AO,Sub-Saharan Africa,Lower middle income,3,25.0,25.0,25.0,0.0,1,0.0,25.0,25.0,25.0,25.0,3
AGO,2024,Angola,AO,Sub-Saharan Africa,Lower middle income,3,25.0,25.0,25.0,0.0,1,0.0,25.0,25.0,25.0,25.0,3
AGO,2025,Angola,AO,Sub-Saharan Africa,Lower middle income,3,25.0,25.0,25.0,0.0,1,0.0,25.0,25.0,25.0,25.0,3
ALB,2000,Albania,AL,Europe & Central Asia,Upper middle income,0,,,,,0,,,,,,0
ALB,2001,Albania,AL,Europe & Central Asia,Upper middle income,0,,,,,0,,,,,,0
ALB,2002,Albania,AL,Europe & Central Asia,Upper middle income,0,,,,,0,,,,,,0
ALB,2003,Albania,AL,Europe & Central Asia,Upper middle income,0,,,,,0,,,,,,0
ALB,2004,Albania,AL,Europe & Central Asia,Upper middle income,0,,,,,0,,,,,,0
ALB,2005,Albania,AL,Europe & Central Asia,Upper middle income,0,,,,,0,,,,,,0
ALB,2006,Albania,AL,Europe & Central Asia,Upper middle income,0,,,,,0,,,,,,0
ALB,2007,Albania,AL,Europe & Central Asia,Upper middle income,1,35.0,35.0,35.0,0.0,1,0.0,,35.0,,35.0,1
ALB,2008,Albania,AL,Europe & Central Asia,Upper middle income,1,35.0,35.0,35.0,0.0,1,0.0,,35.0,,35.0,1
ALB,2009,Albania,AL,Europe & Central Asia,Upper middle income,1,35.0,35.0,35.0,0.0,1,0.0,,35.0,,35.0,1
ALB,2010,Albania,AL,Europe & Central Asia,Upper middle income,2,35.0,35.0,35.0,0.0,1,0.0,,35.0,35.0,35.0,2
ALB,2011,Albania,AL,Europe & Central Asia,Upper middle income,2,35.0,35.0,35.0,0.0,1,0.0,,35.0,35.0,35.0,2
ALB,2012,Albania,AL,Europe & Central Asia,Upper middle income,2,35.0,35.0,35.0,0.0,1,0.0,,35.0,35.0,35.0,2
ALB,2013,Albania,AL,Europe & Central Asia,Upper middle income,2,32.5,30.0,35.0,3.5355339059327378,1,5.0,,35.0,30.0,32.5,2
ALB,2014,Albania,AL,Europe & Central Asia,Upper middle income,2,32.5,30.0,35.0,3.5355339059327378,1,5.0,,35.0,30.0,32.5,2
ALB,2015,Albania,AL,Europe & Central Asia,Upper middle income,2,32.5,30.0,35.0,3.5355339059327378,1,5.0,,35.0,30.0,32.5,2
ALB,2016,Albania,AL,Europe & Central Asia,Upper middle income,2,35.0,35.0,35.0,0.0,1,0.0,,35.0,35.0,35.0,2
ALB,2017,Albania,AL,Europe & Central Asia,Upper middle income,2,35.0,35.0,35.0,0.0,1,0.0,,35.0,35.0,35.0,2
ALB,2018,Albania,AL,Europe & Central Asia,Upper middle income,2,35.0,35.0,35.0,0.0,1,0.0,,35.0,35.0,35.0,2
ALB,2019,Albania,AL,Europe & Central Asia,Upper middle income,2,35.0,35.0,35.0,0.0,1,0.0,,35.0,35.0,35.0,2
ALB,2020,Albania,AL,Europe & Central Asia,Upper middle income,2,35.0,35.0,35.0,0.0,1,0.0,,35.0,35.0,35.0,2
ALB,2021,Albania,AL,Europe & Central Asia,Upper middle income,2,35.0,35.0,35.0,0.0,1,0.0,,35.0,35.0,35.0,2
ALB,2022,Albania,AL,Europe & Central Asia,Upper middle income,2,35.0,35.0,35.0,0.0,1,0.0,,35.0,35.0,35.0,2
ALB,2023,Albania,AL,Europe & Central Asia,Upper middle income,2,35.0,35.0,35.0,0.0,1,0.0,,35.0,35.0,35.0,2
ALB,2024,Albania,AL,Europe & Central Asia,Upper middle income,2,40.0,40.0,40.0,0.0,1,0.0,,40.0,40.0,40.0,2
ALB,2025,Albania,AL,Europe & Central Asia,Upper middle income,2,42.5,40.0,45.0,3.5355339059327378,1,5.0,,40.0,45.0,42.5,2
AND,2000,Andorra,AD,Europe & Central Asia,High income,0,,,,,0,,,,,,0
AND,2001,Andorra,AD,Europe & Central Asia,High income,0,,,,,0,,,,,,0
AND,2002,Andorra,AD,Europe & Central Asia,High income,0,,,,,0,,,,,,0
AND,2003,Andorra,AD,Europe & Central Asia,High income,0,,,,,0,,,,,,0
AND,2004,Andorra,AD,Europe & Central Asia,High income,0,,,,,0,,,,,,0
AND,2005,Andorra,AD,Europe & Central Asia,High income,0,,,,,0,,,,,,0
AND,2006,Andorra,AD,Europe & Central Asia,High income,0,,,,,0,,,,,,0
AND,2007,Andorra,AD,Europe & Central Asia,High income,0,,,,,0,,,,,,0
AND,2008,Andorra,AD,Europe & Central Asia,High income,0,,,,,0,,,,,,0
AND,2009,Andorra,AD,Europe & Central Asia,High income,0,,,,,0,,,,,,0
AND,2010,Andorra,AD,Europe & Central Asia,High income,1,75.0,75.0,75.0,0.0,1,0.0,,,75.0,75.0,1
AND,2011,Andorra,AD,Europe & Central Asia,High income,1,75.0,75.0,75.0,0.0,1,0.0,,,75.0,75.0,1
AND,2012,Andorra,AD,Europe & Central Asia,High income,1,70.0,70.0,70.0,0.0,1,0.0,,,70.0,70.0,1
AND,2013,Andorra,AD,Europe & Central Asia,High income,1,70.0,70.0,70.0,0.0,1,0.0,,,70.0,70.0,1
AND,2014,Andorra,AD,Europe & Central Asia,High income,1,65.0,65.0,65.0,0.0,1,0.0,,,65.0,65.0,1
AND,2015,Andorra,AD,Europe & Central Asia,High income,2,57.5,55.0,60.0,3.5355339059327378,1,5.0,60.0,,55.0,57.5,2
AND,2016,Andorra,AD,Europe & Central Asia,High income,2,57.5,55.0,60.0,3.5355339059327378,1,5.0,60.0,,55.0,57.5,2
AND,2017,Andorra,AD,Europe & Central Asia,High income,2,60.0,60.0,60.0,0.0,1,0.0,60.0,,60.0,60.0,2
AND,2018,Andorra,AD,Europe & Central Asia,High income,2,62.5,60.0,65.0,3.5355339059327378,1,5.0,65.0,,60.0,62.5,2
AND,2019,Andorra,AD,Europe & Central Asia,High income,2,62.5,60.0,65.0,3.5355339059327378,1,5.0,65.0,,60.0,62.5,2
AND,2020,Andorra,AD,Europe & Central Asia,High income,2,62.5,60.0,65.0,3.5355339059327378,1,5.0,65.0,,60.0,62.5,2
AND,2021,Andorra,AD,Europe & Central Asia,High income,2,62.5,60.0,65.0,3.5355339059327378,1,5.0,65.0,,60.0,62.5,2
AND,2022,Andorra,AD,Europe & Central Asia,High income,2,67.5,65.0,70.0,3.5355339059327378,1,5.0,70.0,,65.0,67.5,2
AND,2023,Andorra,AD,Europe & Central Asia,High income,2,67.5,65.0,70.0,3.5355339059327378,1,5.0,70.0,,65.0,67.5,2
AND,2024,Andorra,AD,Europe & Central Asia,High income,2,70.0,70.0,70.0,0.0,1,0.0,70.0,,70.0,70.0,2
AND,2025,Andorra,AD,Europe & Central Asia,High income,2,70.0,70.0,70.0,0.0,1,0.0,70.0,,70.0,70.0,2
ARE,2000,United Arab Emirates,AE,"Middle East, North Africa, Afghanistan & Pakistan",High income,1,75.0,75.0,75.0,0.0,1,0.0,,75.0,,75.0,1
ARE,2001,United Arab Emirates,AE,"Middle East, North Africa, Afghanistan & Pakistan",High income,1,75.0,75.0,75.0,0.0,1,0.0,,75.0,,75.0,1
ARE,2002,United Arab Emirates,AE,"Middle East, North Africa, Afghanistan & Pakistan",High income,1,75.0,75.0,75.0,0.0,1,0.0,,75.0,,75.0,1
ARE,2003,United Arab Emirates,AE,"Middle East, North Africa, Afghanistan & Pakistan",High income,1,75.0,75.0,75.0,0.0,1,0.0,,75.0,,75.0,1
ARE,2004,United Arab Emirates,AE,"Middle East, North Africa, Afghanistan & Pakistan",High income,1,80.0,80.0,80.0,0.0,1,0.0,,80.0,,80.0,1
ARE,2005,United Arab Emirates,AE,"Middle East, North Africa, Afghanistan & Pakistan",High income,1,80.0,80.0,80.0,0.0,1,0.0,,80.0,,80.0,1
ARE,2006,United Arab Emirates,AE,"Middle East, North Africa, Afghanistan & Pakistan",High income,1,85.0,85.0,85.0,0.0,1,0.0,,85.0,,85.0,1
ARE,2007,United Arab Emirates,AE,"Middle East, North Africa, Afghanistan & Pakistan",High income,3,90.0,90.0,90.0,0.0,1,0.0,90.0,90.0,90.0,90.0,3
ARE,2008,United Arab Emirates,AE,"Middle East, North Africa, Afghanistan & Pakistan",High income,3,90.0,90.0,90.0,0.0,1,0.0,90.0,90.0,90.0,90.0,3
ARE,2009,United Arab Emirates,AE,"Middle East, North Africa, Afghanistan & Pakistan",High income,3,90.0,90.0,90.0,0.0,1,0.0,90.0,90.0,90.0,90.0,3
ARE,2010,United Arab Emirates,AE,"Middle East, North Africa, Afghanistan & Pakistan",High income,3,90.0,90.0,90.0,0.0,1,0.0,90.0,90.0,90.0,90.0,3
ARE,2011,United Arab Emirates,AE,"Middle East, North Africa, Afghanistan & Pakistan",High income,3,90.0,90.0,90.0,0.0,1,0.0,90.0,90.0,90.0,90.0,3
ARE,2012,United Arab Emirates,AE,"Middle East, North Africa, Afghanistan & Pakistan",High income,3,90.0,90.0,90.0,0.0,1,0.0,90.0,90.0,90.0,90.0,3
ARE,2013,United Arab Emirates,AE,"Middle East, North Africa, Afghanistan & Pakistan",High income,3,90.0,90.0,90.0,0.0,1,0.0,90.0,90.0,90.0,90.0,3
ARE,2014,United Arab Emirates,AE,"Middle East, North Africa, Afghanistan & Pakistan",High income,3,90.0,90.0,90.0,0.0,1,0.0,90.0,90.0,90.0,90.0,3
ARE,2015,United Arab Emirates,AE,"Middle East, North Africa, Afghanistan & Pakistan",High income,3,90.0,90.0,90.0,0.0,1,0.0,90.0,90.0,90.0,90.0,3
ARE,2016,United Arab Emirates,AE,"Middle East, North Africa, Afghanistan & Pakistan",High income,3,90.0,90.0,90.0,0.0,1,0.0,90.0,90.0,90.0,90.0,3
ARE,2017,United Arab Emirates,AE,"Middle East, North Africa, Afghanistan & Pakistan",High income,3,90.0,90.0,90.0,0.0,1,0.0,90.0,90.0,90.0,90.0,3
ARE,2018,United Arab Emirates,AE,"Middle East, North Africa, Afghanistan & Pakistan",High income,3,90.0,90.0,90.0,0.0,1,0.0,90.0,90.0,90.0,90.0,3
ARE,2019,United Arab Emirates,AE,"Middle East, North Africa, Afghanistan & Pakistan",High income,3,90.0,90.0,90.0,0.0,1,0.0,90.0,90.0,90.0,90.0,3
ARE,2020,United Arab Emirates,AE,"Middle East, North Africa, Afghanistan & Pakistan",High income,3,88.33333333333333,85.0,90.0,2.88675134594813,1,5.0,85.0,90.0,90.0,88.33333333333333,3
ARE,2021,United Arab Emirates,AE,"Middle East, North Africa, Afghanistan & Pakistan",High income,3,88.33333333333333,85.0,90.0,2.88675134594813,1,5.0,85.0,90.0,90.0,88.33333333333333,3
ARE,2022,United Arab Emirates,AE,"Middle East, North Africa, Afghanistan & Pakistan",High income,3,88.33333333333333,85.0,90.0,2.88675134594813,1,5.0,85.0,90.0,90.0,88.33333333333333,3
ARE,2023,United Arab Emirates,AE,"Middle East, North Africa, Afghanistan & Pakistan",High income,3,88.33333333333333,85.0,90.0,2.88675134594813,1,5.0,85.0,90.0,90.0,88.33333333333333,3
ARE,2024,United Arab Emirates,AE,"Middle East, North Africa, Afghanistan & Pakistan",High income,3,88.33333333333333,85.0,90.0,2.88675134594813,1,5.0,85.0,90.0,90.0,88.33333333333333,3
ARE,2025,United Arab Emirates,AE,"Middle East, North Africa, Afghanistan & Pakistan",High income,3,88.33333333333333,85.0,90.0,2.88675134594813,1,5.0,85.0,90.0,90.0,88.33333333333333,3
ARG,2000,Argentina,AR,Latin America & Caribbean,Upper middle income,2,40.0,35.0,45.0,7.0710678118654755,1,10.0,45.0,35.0,,40.0,2
ARG,2001,Argentina,AR,Latin America & Caribbean,Upper middle income,2,5.0,5.0,5.0,0.0,1,0.0,5.0,5.0,,5.0,2
ARG,2002,Argentina,AR,Latin America & Caribbean,Upper middle income,2,5.0,5.0,5.0,0.0,1,0.0,5.0,5.0,,5.0,2
ARG,2003,Argentina,AR,Latin America & Caribbean,Upper middle income,2,12.5,5.0,20.0,10.606601717798213,1,15.0,5.0,20.0,,12.5,2
ARG,2004,Argentina,AR,Latin America & Caribbean,Upper middle income,2,12.5,5.0,20.0,10.606601717798213,1,15.0,5.0,20.0,,12.5,2
ARG,2005,Argentina,AR,Latin America & Caribbean,Upper middle income,2,12.5,0.0,25.0,17.67766952966369,1,25.0,0.0,25.0,,12.5,2
ARG,2006,Argentina,AR,Latin America & Caribbean,Upper middle income,2,12.5,0.0,25.0,17.67766952966369,1,25.0,0.0,25.0,,12.5,2
ARG,2007,Argentina,AR,Latin America & Caribbean,Upper middle income,2,32.5,25.0,40.0,10.606601717798213,1,15.0,40.0,25.0,,32.5,2
ARG,2008,Argentina,AR,Latin America & Caribbean,Upper middle income,2,12.5,0.0,25.0,17.67766952966369,1,25.0,0.0,25.0,,12.5,2
ARG,2009,Argentina,AR,Latin America & Caribbean,Upper middle income,2,32.5,25.0,40.0,10.606601717798213,1,15.0,40.0,25.0,,32.5,2
ARG,2010,Argentina,AR,Latin America & Caribbean,Upper middle income,3,28.333333333333332,25.0,30.0,2.886751345948129,1,5.0,30.0,25.0,30.0,28.333333333333332,3
ARG,2011,Argentina,AR,Latin America & Caribbean,Upper middle income,3,31.666666666666668,25.0,40.0,7.637626158259733,1,15.0,40.0,25.0,30.0,31.666666666666668,3
ARG,2012,Argentina,AR,Latin America & Caribbean,Upper middle income,3,18.333333333333332,5.0,25.0,11.547005383792516,1,20.0,5.0,25.0,25.0,18.333333333333332,3
ARG,2013,Argentina,AR,Latin America & Caribbean,Upper middle income,3,16.666666666666668,5.0,25.0,10.408329997330663,1,20.0,5.0,25.0,20.0,16.666666666666668,3
ARG,2014,Argentina,AR,Latin America & Caribbean,Upper middle income,3,6.666666666666667,0.0,20.0,11.547005383792515,1,20.0,0.0,20.0,0.0,6.666666666666667,3
ARG,2015,Argentina,AR,Latin America & Caribbean,Upper middle income,3,6.666666666666667,0.0,20.0,11.547005383792515,1,20.0,0.0,20.0,0.0,6.666666666666667,3
ARG,2016,Argentina,AR,Latin America & Caribbean,Upper middle income,3,26.666666666666668,25.0,30.0,2.886751345948129,1,5.0,30.0,25.0,25.0,26.666666666666668,3
ARG,2017,Argentina,AR,Latin America & Caribbean,Upper middle income,3,31.666666666666668,30.0,35.0,2.886751345948128,1,5.0,30.0,30.0,35.0,31.666666666666668,3
ARG,2018,Argentina,AR,Latin America & Caribbean,Upper middle income,3,30.0,30.0,30.0,0.0,1,0.0,30.0,30.0,30.0,30.0,3
ARG,2019,Argentina,AR,Latin America & Caribbean,Upper middle income,3,8.333333333333334,5.0,15.0,5.773502691896258,1,10.0,5.0,15.0,5.0,8.333333333333334,3
ARG,2020,Argentina,AR,Latin America & Caribbean,Upper middle income,3,13.333333333333334,5.0,20.0,7.637626158259733,1,15.0,15.0,5.0,20.0,13.333333333333334,3
ARG,2021,Argentina,AR,Latin America & Caribbean,Upper middle income,3,13.333333333333334,5.0,20.0,7.637626158259733,1,15.0,15.0,5.0,20.0,13.333333333333334,3
ARG,2022,Argentina,AR,Latin America & Caribbean,Upper middle income,3,11.666666666666666,5.0,20.0,7.637626158259733,1,15.0,10.0,5.0,20.0,11.666666666666666,3
ARG,2023,Argentina,AR,Latin America & Caribbean,Upper middle income,3,8.333333333333334,5.0,10.0,2.8867513459481287,1,5.0,10.0,5.0,10.0,8.333333333333334,3
ARG,2024,Argentina,AR,Latin America & Caribbean,Upper middle income,3,10.0,5.0,15.0,5.0,1,10.0,10.0,5.0,15.0,10.0,3
ARG,2025,Argentina,AR,Latin America & Caribbean,Upper middle income,3,16.666666666666668,10.0,20.0,5.773502691896257,1,10.0,10.0,20.0,20.0,16.666666666666668,3
ARM,2000,Armenia,AM,Europe & Central Asia,Upper middle income,0,,,,,0,,,,,,0
ARM,2001,Armenia,AM,Europe & Central Asia,Upper middle income,0,,,,,0,,,,,,0
ARM,2002,Armenia,AM,Europe & Central Asia,Upper middle income,0,,,,,0,,,,,,0
ARM,2003,Armenia,AM,Europe & Central Asia,Upper middle income,0,,,,,0,,,,,,0
ARM,2004,Armenia,AM,Europe & Central Asia,Upper middle income,0,,,,,0,,,,,,0
ARM,2005,Armenia,AM,Europe & Central Asia,Upper middle income,0,,,,,0,,,,,,0
ARM,2006,Armenia,AM,Europe & Central Asia,Upper middle income,1,45.0,45.0,45.0,0.0,1,0.0,,45.0,,45.0,1
ARM,2007,Armenia,AM,Europe & Central Asia,Upper middle income,1,45.0,45.0,45.0,0.0,1,0.0,,45.0,,45.0,1
ARM,2008,Armenia,AM,Europe & Central Asia,Upper middle income,1,45.0,45.0,45.0,0.0,1,0.0,,45.0,,45.0,1
ARM,2009,Armenia,AM,Europe & Central Asia,Upper middle income,1,45.0,45.0,45.0,0.0,1,0.0,,45.0,,45.0,1
ARM,2010,Armenia,AM,Europe & Central Asia,Upper middle income,1,45.0,45.0,45.0,0.0,1,0.0,,45.0,,45.0,1
ARM,2011,Armenia,AM,Europe & Central Asia,Upper middle income,1,45.0,45.0,45.0,0.0,1,0.0,,45.0,,45.0,1
ARM,2012,Armenia,AM,Europe & Central Asia,Upper middle income,1,45.0,45.0,45.0,0.0,1,0.0,,45.0,,45.0,1
ARM,2013,Armenia,AM,Europe & Central Asia,Upper middle income,1,45.0,45.0,45.0,0.0,1,0.0,,45.0,,45.0,1
ARM,2014,Armenia,AM,Europe & Central Asia,Upper middle income,2,42.5,40.0,45.0,3.5355339059327378,1,5.0,40.0,45.0,,42.5,2
ARM,2015,Armenia,AM,Europe & Central Asia,Upper middle income,2,37.5,35.0,40.0,3.5355339059327378,1,5.0,35.0,40.0,,37.5,2
ARM,2016,Armenia,AM,Europe & Central Asia,Upper middle income,2,35.0,35.0,35.0,0.0,1,0.0,35.0,35.0,,35.0,2
ARM,2017,Armenia,AM,Europe & Central Asia,Upper middle income,2,35.0,35.0,35.0,0.0,1,0.0,35.0,35.0,,35.0,2
ARM,2018,Armenia,AM,Europe & Central Asia,Upper middle income,2,35.0,35.0,35.0,0.0,1,0.0,35.0,35.0,,35.0,2
ARM,2019,Armenia,AM,Europe & Central Asia,Upper middle income,2,40.0,40.0,40.0,0.0,1,0.0,40.0,40.0,,40.0,2
ARM,2020,Armenia,AM,Europe & Central Asia,Upper middle income,2,37.5,35.0,40.0,3.5355339059327378,1,5.0,35.0,40.0,,37.5,2
ARM,2021,Armenia,AM,Europe & Central Asia,Upper middle income,3,36.666666666666664,35.0,40.0,2.886751345948128,1,5.0,35.0,40.0,35.0,36.666666666666664,3
ARM,2022,Armenia,AM,Europe & Central Asia,Upper middle income,3,36.666666666666664,35.0,40.0,2.886751345948128,1,5.0,35.0,40.0,35.0,36.666666666666664,3
ARM,2023,Armenia,AM,Europe & Central Asia,Upper middle income,3,38.333333333333336,35.0,40.0,2.886751345948128,1,5.0,35.0,40.0,40.0,38.333333333333336,3
ARM,2024,Armenia,AM,Europe & Central Asia,Upper middle income,3,38.333333333333336,35.0,40.0,2.886751345948128,1,5.0,35.0,40.0,40.0,38.333333333333336,3
ARM,2025,Armenia,AM,Europe & Central Asia,Upper middle income,3,38.333333333333336,35.0,40.0,2.886751345948128,1,5.0,35.0,40.0,40.0,38.333333333333336,3
AUS,2000,Australia,AU,East Asia & Pacific,High income,2,90.0,90.0,90.0,0.0,1,0.0,90.0,90.0,,90.0,2
AUS,2001,Australia,AU,East Asia & Pacific,High income,2,90.0,90.0,90.0,0.0,1,0.0,90.0,90.0,,90.0,2
AUS,2002,Australia,AU,East Asia & Pacific,High income,2,95.0,90.0,100.0,7.0710678118654755,1,10.0,90.0,100.0,,95.0,2
AUS,2003,Australia,AU,East Asia & Pacific,High income,3,98.33333333333333,95.0,100.0,2.88675134594813,1,5.0,95.0,100.0,100.0,98.33333333333333,3
AUS,2004,Australia,AU,East Asia & Pacific,High income,3,98.33333333333333,95.0,100.0,2.88675134594813,1,5.0,95.0,100.0,100.0,98.33333333333333,3
AUS,2005,Australia,AU,East Asia & Pacific,High income,3,98.33333333333333,95.0,100.0,2.88675134594813,1,5.0,95.0,100.0,100.0,98.33333333333333,3
AUS,2006,Australia,AU,East Asia & Pacific,High income,3,98.33333333333333,95.0,100.0,2.88675134594813,1,5.0,95.0,100.0,100.0,98.33333333333333,3
AUS,2007,Australia,AU,East Asia & Pacific,High income,3,98.33333333333333,95.0,100.0,2.88675134594813,1,5.0,95.0,100.0,100.0,98.33333333333333,3
AUS,2008,Australia,AU,East Asia & Pacific,High income,3,98.33333333333333,95.0,100.0,2.88675134594813,1,5.0,95.0,100.0,100.0,98.33333333333333,3
AUS,2009,Australia,AU,East Asia & Pacific,High income,3,98.33333333333333,95.0,100.0,2.88675134594813,1,5.0,95.0,100.0,100.0,98.33333333333333,3
AUS,2010,Australia,AU,East Asia & Pacific,High income,3,98.33333333333333,95.0,100.0,2.88675134594813,1,5.0,95.0,100.0,100.0,98.33333333333333,3
AUS,2011,Australia,AU,East Asia & Pacific,High income,3,100.0,100.0,100.0,0.0,1,0.0,100.0,100.0,100.0,100.0,3
AUS,2012,Australia,AU,East Asia & Pacific,High income,3,100.0,100.0,100.0,0.0,1,0.0,100.0,100.0,100.0,100.0,3
AUS,2013,Australia,AU,East Asia & Pacific,High income,3,100.0,100.0,100.0,0.0,1,0.0,100.0,100.0,100.0,100.0,3
AUS,2014,Australia,AU,East Asia & Pacific,High income,3,100.0,100.0,100.0,0.0,1,0.0,100.0,100.0,100.0,100.0,3
AUS,2015,Australia,AU,East Asia & Pacific,High income,3,100.0,100.0,100.0,0.0,1,0.0,100.0,100.0,100.0,100.0,3
AUS,2016,Australia,AU,East Asia & Pacific,High income,3,100.0,100.0,100.0,0.0,1,0.0,100.0,100.0,100.0,100.0,3
AUS,2017,Australia,AU,East Asia & Pacific,High income,3,100.0,100.0,100.0,0.0,1,0.0,100.0,100.0,100.0,100.0,3
AUS,2018,Australia,AU,East Asia & Pacific,High income,3,100.0,100.0,100.0,0.0,1,0.0,100.0,100.0,100.0,100.0,3
AUS,2019,Australia,AU,East Asia & Pacific,High income,3,100.0,100.0,100.0,0.0,1,0.0,100.0,100.0,100.0,100.0,3
AUS,2020,Australia,AU,East Asia & Pacific,High income,3,100.0,100.0,100.0,0.0,1,0.0,100.0,100.0,100.0,100.0,3
AUS,2021,Australia,AU,East Asia & Pacific,High income,3,100.0,100.0,100.0,0.0,1,0.0,100.0,100.0,100.0,100.0,3
AUS,2022,Australia,AU,East Asia & Pacific,High income,3,100.0,100.0,100.0,0.0,1,0.0,100.0,100.0,100.0,100.0,3
AUS,2023,Australia,AU,East Asia & Pacific,High income,3,100.0,100.0,100.0,0.0,1,0.0,100.0,100.0,100.0,100.0,3
AUS,2024,Australia,AU,East Asia & Pacific,High income,3,100.0,100.0,100.0,0.0,1,0.0,100.0,100.0,100.0,100.0,3
AUS,2025,Australia,AU,East Asia & Pacific,High income,3,100.0,100.0,100.0,0.0,1,0.0,100.0,100.0,100.0,100.0,3
AUT,2000,Austria,AT,Europe & Central Asia,High income,3,100.0,100.0,100.0,0.0,1,0.0,100.0,100.0,100.0,100.0,3
AUT,2001,Austria,AT,Europe & Central Asia,High income,3,100.0,100.0,100.0,0.0,1,0.0,100.0,100.0,100.0,100.0,3
AUT,2002,Austria,AT,Europe & Central Asia,High income,3,100.0,100.0,100.0,0.0,1,0.0,100.0,100.0,100.0,100.0,3
AUT,2003,Austria,AT,Europe & Central Asia,High income,3,100.0,100.0,100.0,0.0,1,0.0,100.0,100.0,100.0,100.0,3
AUT,2004,Austria,AT,Europe & Central Asia,High income,3,100.0,100.0,100.0,0.0,1,0.0,100.0,100.0,100.0,100.0,3
AUT,2005,Austria,AT,Europe & Central Asia,High income,3,100.0,100.0,100.0,0.0,1,0.0,100.0,100.0,100.0,100.0,3
AUT,2006,Austria,AT,Europe & Central Asia,High income,3,100.0,100.0,100.0,0.0,1,0.0,100.0,100.0,100.0,100.0,3
AUT,2007,Austria,AT,Europe & Central Asia,High income,3,100.0,100.0,100.0,0.0,1,0.0,100.0,100.0,100.0,100.0,3
AUT,2008,Austria,AT,Europe & Central Asia,High income,3,100.0,100.0,100.0,0.0,1,0.0,100.0,100.0,100.0,100.0,3
AUT,2009,Austria,AT,Europe & Central Asia,High income,3,100.0,100.0,100.0,0.0,1,0.0,100.0,100.0,100.0,100.0,3
AUT,2010,Austria,AT,Europe & Central Asia,High income,3,100.0,100.0,100.0,0.0,1,0.0,100.0,100.0,100.0,100.0,3
AUT,2011,Austria,AT,Europe & Central Asia,High income,3,100.0,100.0,100.0,0.0,1,0.0,100.0,100.0,100.0,100.0,3
AUT,2012,Austria,AT,Europe & Central Asia,High income,3,98.33333333333333,95.0,100.0,2.886751345948127,1,5.0,100.0,100.0,95.0,98.33333333333333,3
AUT,2013,Austria,AT,Europe & Central Asia,High income,3,98.33333333333333,95.0,100.0,2.886751345948127,1,5.0,100.0,100.0,95.0,98.33333333333333,3
AUT,2014,Austria,AT,Europe & Central Asia,High income,3,98.33333333333333,95.0,100.0,2.886751345948127,1,5.0,100.0,100.0,95.0,98.33333333333333,3
AUT,2015,Austria,AT,Europe & Central Asia,High income,3,96.66666666666667,95.0,100.0,2.88675134594813,1,5.0,95.0,100.0,95.0,96.66666666666667,3
AUT,2016,Austria,AT,Europe & Central Asia,High income,3,95.0,95.0,95.0,0.0,1,0.0,95.0,95.0,95.0,95.0,3
AUT,2017,Austria,AT,Europe & Central Asia,High income,3,95.0,95.0,95.0,0.0,1,0.0,95.0,95.0,95.0,95.0,3
AUT,2018,Austria,AT,Europe & Central Asia,High income,3,95.0,95.0,95.0,0.0,1,0.0,95.0,95.0,95.0,95.0,3
AUT,2019,Austria,AT,Europe & Central Asia,High income,3,95.0,95.0,95.0,0.0,1,0.0,95.0,95.0,95.0,95.0,3
AUT,2020,Austria,AT,Europe & Central Asia,High income,3,95.0,95.0,95.0,0.0,1,0.0,95.0,95.0,95.0,95.0,3
AUT,2021,Austria,AT,Europe & Central Asia,High income,3,95.0,95.0,95.0,0.0,1,0.0,95.0,95.0,95.0,95.0,3
AUT,2022,Austria,AT,Europe & Central Asia,High income,3,95.0,95.0,95.0,0.0,1,0.0,95.0,95.0,95.0,95.0,3
AUT,2023,Austria,AT,Europe & Central Asia,High income,3,95.0,95.0,95.0,0.0,1,0.0,95.0,95.0,95.0,95.0,3
AUT,2024,Austria,AT,Europe & Central Asia,High income,3,95.0,95.0,95.0,0.0,1,0.0,95.0,95.0,95.0,95.0,3
AUT,2025,Austria,AT,Europe & Central Asia,High income,3,95.0,95.0,95.0,0.0,1,0.0,95.0,95.0,95.0,95.0,3
AZE,2000,Azerbaijan,AZ,Europe & Central Asia,Upper middle income,1,35.0,35.0,35.0,0.0,1,0.0,35.0,,,35.0,1
AZE,2001,Azerbaijan,AZ,Europe & Central Asia,Upper middle income,1,40.0,40.0,40.0,0.0,1,0.0,40.0,,,40.0,1
AZE,2002,Azerbaijan,AZ,Europe & Central Asia,Upper middle income,1,40.0,40.0,40.0,0.0,1,0.0,40.0,,,40.0,1
AZE,2003,Azerbaijan,AZ,Europe & Central Asia,Upper middle income,1,40.0,40.0,40.0,0.0,1,0.0,40.0,,,40.0,1
AZE,2004,Azerbaijan,AZ,Europe & Central Asia,Upper middle income,1,45.0,45.0,45.0,0.0,1,0.0,45.0,,,45.0,1
AZE,2005,Azerbaijan,AZ,Europe & Central Asia,Upper middle income,1,45.0,45.0,45.0,0.0,1,0.0,45.0,,,45.0,1
AZE,2006,Azerbaijan,AZ,Europe & Central Asia,Upper middle income,2,47.5,45.0,50.0,3.5355339059327378,1,5.0,45.0,50.0,,47.5,2
AZE,2007,Azerbaijan,AZ,Europe & Central Asia,Upper middle income,2,50.0,50.0,50.0,0.0,1,0.0,50.0,50.0,,50.0,2
AZE,2008,Azerbaijan,AZ,Europe & Central Asia,Upper middle income,3,50.0,50.0,50.0,0.0,1,0.0,50.0,50.0,50.0,50.0,3
AZE,2009,Azerbaijan,AZ,Europe & Central Asia,Upper middle income,3,50.0,50.0,50.0,0.0,1,0.0,50.0,50.0,50.0,50.0,3
AZE,2010,Azerbaijan,AZ,Europe & Central Asia,Upper middle income,3,51.666666666666664,50.0,55.0,2.886751345948128,1,5.0,55.0,50.0,50.0,51.666666666666664,3
AZE,2011,Azerbaijan,AZ,Europe & Central Asia,Upper middle income,3,53.333333333333336,50.0,55.0,2.886751345948128,1,5.0,55.0,50.0,55.0,53.333333333333336,3
AZE,2012,Azerbaijan,AZ,Europe & Central Asia,Upper middle income,3,55.0,55.0,55.0,0.0,1,0.0,55.0,55.0,55.0,55.0,3
AZE,2013,Azerbaijan,AZ,Europe & Central Asia,Upper middle income,3,55.0,55.0,55.0,0.0,1,0.0,55.0,55.0,55.0,55.0,3
AZE,2014,Azerbaijan,AZ,Europe & Central Asia,Upper middle income,3,55.0,55.0,55.0,0.0,1,0.0,55.0,55.0,55.0,55.0,3
AZE,2015,Azerbaijan,AZ,Europe & Central Asia,Upper middle income,3,55.0,55.0,55.0,0.0,1,0.0,55.0,55.0,55.0,55.0,3
AZE,2016,Azerbaijan,AZ,Europe & Central Asia,Upper middle income,3,50.0,50.0,50.0,0.0,1,0.0,50.0,50.0,50.0,50.0,3
AZE,2017,Azerbaijan,AZ,Europe & Central Asia,Upper middle income,3,48.333333333333336,45.0,50.0,2.886751345948128,1,5.0,50.0,45.0,50.0,48.333333333333336,3
AZE,2018,Azerbaijan,AZ,Europe & Central Asia,Upper middle income,3,48.333333333333336,45.0,50.0,2.886751345948128,1,5.0,50.0,45.0,50.0,48.333333333333336,3
AZE,2019,Azerbaijan,AZ,Europe & Central Asia,Upper middle income,3,48.333333333333336,45.0,50.0,2.886751345948128,1,5.0,50.0,45.0,50.0,48.333333333333336,3
AZE,2020,Azerbaijan,AZ,Europe & Central Asia,Upper middle income,3,48.333333333333336,45.0,50.0,2.886751345948128,1,5.0,50.0,45.0,50.0,48.333333333333336,3
AZE,2021,Azerbaijan,AZ,Europe & Central Asia,Upper middle income,3,48.333333333333336,45.0,50.0,2.886751345948128,1,5.0,50.0,45.0,50.0,48.333333333333336,3
AZE,2022,Azerbaijan,AZ,Europe & Central Asia,Upper middle income,3,50.0,50.0,50.0,0.0,1,0.0,50.0,50.0,50.0,50.0,3
AZE,2023,Azerbaijan,AZ,Europe & Central Asia,Upper middle income,3,50.0,50.0,50.0,0.0,1,0.0,50.0,50.0,50.0,50.0,3
AZE,2024,Azerbaijan,AZ,Europe & Central Asia,Upper middle income,3,50.0,50.0,50.0,0.0,1,0.0,50.0,50.0,50.0,50.0,3
AZE,2025,Azerbaijan,AZ,Europe & Central Asia,Upper middle income,3,51.666666666666664,50.0,55.0,2.886751345948128,1,5.0,50.0,55.0,50.0,51.666666666666664,3
BEL,2000,Belgium,BE,Europe & Central Asia,High income,3,91.66666666666667,85.0,95.0,5.773502691896256,1,10.0,85.0,95.0,95.0,91.66666666666667,3
BEL,2001,Belgium,BE,Europe & Central Asia,High income,3,91.66666666666667,85.0,95.0,5.773502691896256,1,10.0,85.0,95.0,95.0,91.66666666666667,3
BEL,2002,Belgium,BE,Europe & Central Asia,High income,3,93.33333333333333,90.0,95.0,2.88675134594813,1,5.0,90.0,95.0,95.0,93.33333333333333,3
BEL,2003,Belgium,BE,Europe & Central Asia,High income,3,93.33333333333333,90.0,95.0,2.88675134594813,1,5.0,90.0,95.0,95.0,93.33333333333333,3
BEL,2004,Belgium,BE,Europe & Central Asia,High income,3,93.33333333333333,90.0,95.0,2.88675134594813,1,5.0,90.0,95.0,95.0,93.33333333333333,3
BEL,2005,Belgium,BE,Europe & Central Asia,High income,3,93.33333333333333,90.0,95.0,2.88675134594813,1,5.0,90.0,95.0,95.0,93.33333333333333,3
BEL,2006,Belgium,BE,Europe & Central Asia,High income,3,95.0,95.0,95.0,0.0,1,0.0,95.0,95.0,95.0,95.0,3
BEL,2007,Belgium,BE,Europe & Central Asia,High income,3,95.0,95.0,95.0,0.0,1,0.0,95.0,95.0,95.0,95.0,3
BEL,2008,Belgium,BE,Europe & Central Asia,High income,3,95.0,95.0,95.0,0.0,1,0.0,95.0,95.0,95.0,95.0,3
BEL,2009,Belgium,BE,Europe & Central Asia,High income,3,95.0,95.0,95.0,0.0,1,0.0,95.0,95.0,95.0,95.0,3
BEL,2010,Belgium,BE,Europe & Central Asia,High income,3,95.0,95.0,95.0,0.0,1,0.0,95.0,95.0,95.0,95.0,3
BEL,2011,Belgium,BE,Europe & Central Asia,High income,3,90.0,85.0,95.0,5.0,1,10.0,95.0,85.0,90.0,90.0,3
BEL,2012,Belgium,BE,Europe & Central Asia,High income,3,88.33333333333333,85.0,90.0,2.88675134594813,1,5.0,90.0,85.0,90.0,88.33333333333333,3
BEL,2013,Belgium,BE,Europe & Central Asia,High income,3,88.33333333333333,85.0,90.0,2.88675134594813,1,5.0,90.0,85.0,90.0,88.33333333333333,3
BEL,2014,Belgium,BE,Europe & Central Asia,High income,3,88.33333333333333,85.0,90.0,2.88675134594813,1,5.0,90.0,85.0,90.0,88.33333333333333,3
BEL,2015,Belgium,BE,Europe & Central Asia,High income,3,88.33333333333333,85.0,90.0,2.88675134594813,1,5.0,90.0,85.0,90.0,88.33333333333333,3
BEL,2016,Belgium,BE,Europe & Central Asia,High income,3,86.66666666666667,85.0,90.0,2.886751345948127,1,5.0,85.0,85.0,90.0,86.66666666666667,3
BEL,2017,Belgium,BE,Europe & Central Asia,High income,3,86.66666666666667,85.0,90.0,2.886751345948127,1,5.0,85.0,85.0,90.0,86.66666666666667,3
BEL,2018,Belgium,BE,Europe & Central Asia,High income,3,86.66666666666667,85.0,90.0,2.886751345948127,1,5.0,85.0,85.0,90.0,86.66666666666667,3
BEL,2019,Belgium,BE,Europe & Central Asia,High income,3,86.66666666666667,85.0,90.0,2.886751345948127,1,5.0,85.0,85.0,90.0,86.66666666666667,3
BEL,2020,Belgium,BE,Europe & Central Asia,High income,3,86.66666666666667,85.0,90.0,2.886751345948127,1,5.0,85.0,85.0,90.0,86.66666666666667,3
BEL,2021,Belgium,BE,Europe & Central Asia,High income,3,86.66666666666667,85.0,90.0,2.886751345948127,1,5.0,85.0,85.0,90.0,86.66666666666667,3
BEL,2022,Belgium,BE,Europe & Central Asia,High income,3,86.66666666666667,85.0,90.0,2.886751345948127,1,5.0,85.0,85.0,90.0,86.66666666666667,3
BEL,2023,Belgium,BE,Europe & Central Asia,High income,3,86.66666666666667,85.0,90.0,2.886751345948127,1,5.0,85.0,85.0,90.0,86.66666666666667,3
BEL,2024,Belgium,BE,Europe & Central Asia,High income,3,86.66666666666667,85.0,90.0,2.886751345948127,1,5.0,85.0,85.0,90.0,86.66666666666667,3
BEL,2025,Belgium,BE,Europe & Central Asia,High income,3,86.66666666666667,85.0,90.0,2.886751345948127,1,5.0,85.0,85.0,90.0,86.66666666666667,3
BEN,2000,Benin,BJ,Sub-Saharan Africa,Lower middle income,0,,,,,0,,,,,,0
BEN,2001,Benin,BJ,Sub-Saharan Africa,Lower middle income,0,,,,,0,,,,,,0
BEN,2002,Benin,BJ,Sub-Saharan Africa,Lower middle income,0,,,,,0,,,,,,0
BEN,2003,Benin,BJ,Sub-Saharan Africa,Lower middle income,0,,,,,0,,,,,,0
BEN,2004,Benin,BJ,Sub-Saharan Africa,Lower middle income,1,30.0,30.0,30.0,0.0,1,0.0,30.0,,,30.0,1
BEN,2005,Benin,BJ,Sub-Saharan Africa,Lower middle income,1,30.0,30.0,30.0,0.0,1,0.0,30.0,,,30.0,1
BEN,2006,Benin,BJ,Sub-Saharan Africa,Lower middle income,2,30.0,30.0,30.0,0.0,1,0.0,30.0,,30.0,30.0,2
BEN,2007,Benin,BJ,Sub-Saharan Africa,Lower middle income,2,30.0,30.0,30.0,0.0,1,0.0,30.0,,30.0,30.0,2
BEN,2008,Benin,BJ,Sub-Saharan Africa,Lower middle income,2,30.0,30.0,30.0,0.0,1,0.0,30.0,,30.0,30.0,2
BEN,2009,Benin,BJ,Sub-Saharan Africa,Lower middle income,2,30.0,30.0,30.0,0.0,1,0.0,30.0,,30.0,30.0,2
BEN,2010,Benin,BJ,Sub-Saharan Africa,Lower middle income,2,30.0,30.0,30.0,0.0,1,0.0,30.0,,30.0,30.0,2
BEN,2011,Benin,BJ,Sub-Saharan Africa,Lower middle income,2,30.0,30.0,30.0,0.0,1,0.0,30.0,,30.0,30.0,2
BEN,2012,Benin,BJ,Sub-Saharan Africa,Lower middle income,2,30.0,30.0,30.0,0.0,1,0.0,30.0,,30.0,30.0,2
BEN,2013,Benin,BJ,Sub-Saharan Africa,Lower middle income,1,30.0,30.0,30.0,0.0,1,0.0,30.0,,,30.0,1
BEN,2014,Benin,BJ,Sub-Saharan Africa,Lower middle income,1,30.0,30.0,30.0,0.0,1,0.0,30.0,,,30.0,1
BEN,2015,Benin,BJ,Sub-Saharan Africa,Lower middle income,1,30.0,30.0,30.0,0.0,1,0.0,30.0,,,30.0,1
BEN,2016,Benin,BJ,Sub-Saharan Africa,Lower middle income,1,30.0,30.0,30.0,0.0,1,0.0,30.0,,,30.0,1
BEN,2017,Benin,BJ,Sub-Saharan Africa,Lower middle income,1,30.0,30.0,30.0,0.0,1,0.0,30.0,,,30.0,1
BEN,2018,Benin,BJ,Sub-Saharan Africa,Lower middle income,1,30.0,30.0,30.0,0.0,1,0.0,30.0,,,30.0,1
BEN,2019,Benin,BJ,Sub-Saharan Africa,Lower middle income,1,30.0,30.0,30.0,0.0,1,0.0,30.0,,,30.0,1
BEN,2020,Benin,BJ,Sub-Saharan Africa,Lower middle income,1,30.0,30.0,30.0,0.0,1,0.0,30.0,,,30.0,1
BEN,2021,Benin,BJ,Sub-Saharan Africa,Lower middle income,1,35.0,35.0,35.0,0.0,1,0.0,35.0,,,35.0,1
BEN,2022,Benin,BJ,Sub-Saharan Africa,Lower middle income,1,35.0,35.0,35.0,0.0,1,0.0,35.0,,,35.0,1
BEN,2023,Benin,BJ,Sub-Saharan Africa,Lower middle income,1,35.0,35.0,35.0,0.0,1,0.0,35.0,,,35.0,1
BEN,2024,Benin,BJ,Sub-Saharan Africa,Lower middle income,1,35.0,35.0,35.0,0.0,1,0.0,35.0,,,35.0,1
BEN,2025,Benin,BJ,Sub-Saharan Africa,Lower middle income,1,35.0,35.0,35.0,0.0,1,0.0,35.0,,,35.0,1
BFA,2000,Burkina Faso,BF,Sub-Saharan Africa,Low income,0,,,,,0,,,,,,0
BFA,2001,Burkina Faso,BF,Sub-Saharan Africa,Low income,0,,,,,0,,,,,,0
BFA,2002,Burkina Faso,BF,Sub-Saharan Africa,Low income,0,,,,,0,,,,,,0
BFA,2003,Burkina Faso,BF,Sub-Saharan Africa,Low income,0,,,,,0,,,,,,0
BFA,2004,Burkina Faso,BF,Sub-Saharan Africa,Low income,1,30.0,30.0,30.0,0.0,1,0.0,,,30.0,30.0,1
BFA,2005,Burkina Faso,BF,Sub-Saharan Africa,Low income,1,30.0,30.0,30.0,0.0,1,0.0,,,30.0,30.0,1
BFA,2006,Burkina Faso,BF,Sub-Saharan Africa,Low income,1,30.0,30.0,30.0,0.0,1,0.0,,,30.0,30.0,1
BFA,2007,Burkina Faso,BF,Sub-Saharan Africa,Low income,1,30.0,30.0,30.0,0.0,1,0.0,,,30.0,30.0,1
BFA,2008,Burkina Faso,BF,Sub-Saharan Africa,Low income,1,30.0,30.0,30.0,0.0,1,0.0,,,30.0,30.0,1
BFA,2009,Burkina Faso,BF,Sub-Saharan Africa,Low income,1,30.0,30.0,30.0,0.0,1,0.0,,,30.0,30.0,1
BFA,2010,Burkina Faso,BF,Sub-Saharan Africa,Low income,1,30.0,30.0,30.0,0.0,1,0.0,,,30.0,30.0,1
BFA,2011,Burkina Faso,BF,Sub-Saharan Africa,Low income,1,30.0,30.0,30.0,0.0,1,0.0,,,30.0,30.0,1
BFA,2012,Burkina Faso,BF,Sub-Saharan Africa,Low income,1,30.0,30.0,30.0,0.0,1,0.0,,,30.0,30.0,1
BFA,2013,Burkina Faso,BF,Sub-Saharan Africa,Low income,1,30.0,30.0,30.0,0.0,1,0.0,,,30.0,30.0,1
BFA,2014,Burkina Faso,BF,Sub-Saharan Africa,Low income,1,25.0,25.0,25.0,0.0,1,0.0,,,25.0,25.0,1
BFA,2015,Burkina Faso,BF,Sub-Saharan Africa,Low income,1,25.0,25.0,25.0,0.0,1,0.0,,,25.0,25.0,1
BFA,2016,Burkina Faso,BF,Sub-Saharan Africa,Low income,1,25.0,25.0,25.0,0.0,1,0.0,,,25.0,25.0,1
BFA,2017,Burkina Faso,BF,Sub-Saharan Africa,Low income,1,30.0,30.0,30.0,0.0,1,0.0,,,30.0,30.0,1
BFA,2018,Burkina Faso,BF,Sub-Saharan Africa,Low income,1,30.0,30.0,30.0,0.0,1,0.0,,,30.0,30.0,1
BFA,2019,Burkina Faso,BF,Sub-Saharan Africa,Low income,1,30.0,30.0,30.0,0.0,1,0.0,,,30.0,30.0,1
BFA,2020,Burkina Faso,BF,Sub-Saharan Africa,Low income,1,30.0,30.0,30.0,0.0,1,0.0,,,30.0,30.0,1
BFA,2021,Burkina Faso,BF,Sub-Saharan Africa,Low income,1,30.0,30.0,30.0,0.0,1,0.0,,,30.0,30.0,1
BFA,2022,Burkina Faso,BF,Sub-Saharan Africa,Low income,1,20.0,20.0,20.0,0.0,1,0.0,,,20.0,20.0,1
BFA,2023,Burkina Faso,BF,Sub-Saharan Africa,Low income,1,20.0,20.0,20.0,0.0,1,0.0,,,20.0,20.0,1
BFA,2024,Burkina Faso,BF,Sub-Saharan Africa,Low income,1,20.0,20.0,20.0,0.0,1,0.0,,,20.0,20.0,1
BFA,2025,Burkina Faso,BF,Sub-Saharan Africa,Low income,1,20.0,20.0,20.0,0.0,1,0.0,,,20.0,20.0,1
BGD,2000,Bangladesh,BD,South Asia,Lower middle income,0,,,,,0,,,,,,0
BGD,2001,Bangladesh,BD,South Asia,Lower middle income,0,,,,,0,,,,,,0
BGD,2002,Bangladesh,BD,South Asia,Lower middle income,0,,,,,0,,,,,,0
BGD,2003,Bangladesh,BD,South Asia,Lower middle income,0,,,,,0,,,,,,0
BGD,2004,Bangladesh,BD,South Asia,Lower middle income,0,,,,,0,,,,,,0
BGD,2005,Bangladesh,BD,South Asia,Lower middle income,0,,,,,0,,,,,,0
BGD,2006,Bangladesh,BD,South Asia,Lower middle income,0,,,,,0,,,,,,0
BGD,2007,Bangladesh,BD,South Asia,Lower middle income,0,,,,,0,,,,,,0
BGD,2008,Bangladesh,BD,South Asia,Lower middle income,0,,,,,0,,,,,,0
BGD,2009,Bangladesh,BD,South Asia,Lower middle income,0,,,,,0,,,,,,0
BGD,2010,Bangladesh,BD,South Asia,Lower middle income,2,40.0,40.0,40.0,0.0,1,0.0,,40.0,40.0,40.0,2
BGD,2011,Bangladesh,BD,South Asia,Lower middle income,2,40.0,40.0,40.0,0.0,1,0.0,,40.0,40.0,40.0,2
BGD,2012,Bangladesh,BD,South Asia,Lower middle income,2,40.0,40.0,40.0,0.0,1,0.0,,40.0,40.0,40.0,2
BGD,2013,Bangladesh,BD,South Asia,Lower middle income,2,40.0,40.0,40.0,0.0,1,0.0,,40.0,40.0,40.0,2
BGD,2014,Bangladesh,BD,South Asia,Lower middle income,3,40.0,40.0,40.0,0.0,1,0.0,40.0,40.0,40.0,40.0,3
BGD,2015,Bangladesh,BD,South Asia,Lower middle income,3,40.0,40.0,40.0,0.0,1,0.0,40.0,40.0,40.0,40.0,3
BGD,2016,Bangladesh,BD,South Asia,Lower middle income,3,40.0,40.0,40.0,0.0,1,0.0,40.0,40.0,40.0,40.0,3
BGD,2017,Bangladesh,BD,South Asia,Lower middle income,3,40.0,40.0,40.0,0.0,1,0.0,40.0,40.0,40.0,40.0,3
BGD,2018,Bangladesh,BD,South Asia,Lower middle income,3,40.0,40.0,40.0,0.0,1,0.0,40.0,40.0,40.0,40.0,3
BGD,2019,Bangladesh,BD,South Asia,Lower middle income,3,40.0,40.0,40.0,0.0,1,0.0,40.0,40.0,40.0,40.0,3
BGD,2020,Bangladesh,BD,South Asia,Lower middle income,3,40.0,40.0,40.0,0.0,1,0.0,40.0,40.0,40.0,40.0,3
BGD,2021,Bangladesh,BD,South Asia,Lower middle income,3,40.0,40.0,40.0,0.0,1,0.0,40.0,40.0,40.0,40.0,3
BGD,2022,Bangladesh,BD,South Asia,Lower middle income,3,40.0,40.0,40.0,0.0,1,0.0,40.0,40.0,40.0,40.0,3
BGD,2023,Bangladesh,BD,South Asia,Lower middle income,3,38.333333333333336,35.0,40.0,2.886751345948128,1,5.0,40.0,35.0,40.0,38.333333333333336,3
BGD,2024,Bangladesh,BD,South Asia,Lower middle income,3,35.0,30.0,40.0,5.0,1,10.0,40.0,30.0,35.0,35.0,3
BGD,2025,Bangladesh,BD,South Asia,Lower middle income,3,35.0,30.0,40.0,5.0,1,10.0,40.0,30.0,35.0,35.0,3
BGR,2000,Bulgaria,BG,Europe & Central Asia,High income,2,32.5,30.0,35.0,3.5355339059327378,1,5.0,35.0,30.0,,32.5,2
BGR,2001,Bulgaria,BG,Europe & Central Asia,High income,2,35.0,35.0,35.0,0.0,1,0.0,35.0,35.0,,35.0,2
BGR,2002,Bulgaria,BG,Europe & Central Asia,High income,2,40.0,35.0,45.0,7.0710678118654755,1,10.0,45.0,35.0,,40.0,2
BGR,2003,Bulgaria,BG,Europe & Central Asia,High income,2,47.5,45.0,50.0,3.5355339059327378,1,5.0,50.0,45.0,,47.5,2
BGR,2004,Bulgaria,BG,Europe & Central Asia,High income,2,52.5,50.0,55.0,3.5355339059327378,1,5.0,55.0,50.0,,52.5,2
BGR,2005,Bulgaria,BG,Europe & Central Asia,High income,2,55.0,50.0,60.0,7.0710678118654755,1,10.0,60.0,50.0,,55.0,2
BGR,2006,Bulgaria,BG,Europe & Central Asia,High income,2,57.5,55.0,60.0,3.5355339059327378,1,5.0,60.0,55.0,,57.5,2
BGR,2007,Bulgaria,BG,Europe & Central Asia,High income,2,57.5,55.0,60.0,3.5355339059327378,1,5.0,60.0,55.0,,57.5,2
BGR,2008,Bulgaria,BG,Europe & Central Asia,High income,3,56.666666666666664,55.0,60.0,2.88675134594813,1,5.0,55.0,55.0,60.0,56.666666666666664,3
BGR,2009,Bulgaria,BG,Europe & Central Asia,High income,3,56.666666666666664,55.0,60.0,2.88675134594813,1,5.0,55.0,55.0,60.0,56.666666666666664,3
BGR,2010,Bulgaria,BG,Europe & Central Asia,High income,3,56.666666666666664,55.0,60.0,2.88675134594813,1,5.0,55.0,55.0,60.0,56.666666666666664,3
BGR,2011,Bulgaria,BG,Europe & Central Asia,High income,3,58.333333333333336,55.0,60.0,2.886751345948128,1,5.0,55.0,60.0,60.0,58.333333333333336,3
BGR,2012,Bulgaria,BG,Europe & Central Asia,High income,3,58.333333333333336,55.0,60.0,2.886751345948128,1,5.0,55.0,60.0,60.0,58.333333333333336,3
BGR,2013,Bulgaria,BG,Europe & Central Asia,High income,3,58.333333333333336,55.0,60.0,2.886751345948128,1,5.0,55.0,60.0,60.0,58.333333333333336,3
BGR,2014,Bulgaria,BG,Europe & Central Asia,High income,3,55.0,50.0,60.0,5.0,1,10.0,55.0,60.0,50.0,55.0,3
BGR,2015,Bulgaria,BG,Europe & Central Asia,High income,3,55.0,50.0,60.0,5.0,1,10.0,55.0,60.0,50.0,55.0,3
BGR,2016,Bulgaria,BG,Europe & Central Asia,High income,3,55.0,50.0,60.0,5.0,1,10.0,55.0,60.0,50.0,55.0,3
BGR,2017,Bulgaria,BG,Europe & Central Asia,High income,3,58.333333333333336,55.0,60.0,2.88675134594813,1,5.0,60.0,60.0,55.0,58.333333333333336,3
BGR,2018,Bulgaria,BG,Europe & Central Asia,High income,3,58.333333333333336,55.0,60.0,2.88675134594813,1,5.0,60.0,60.0,55.0,58.333333333333336,3
BGR,2019,Bulgaria,BG,Europe & Central Asia,High income,3,60.0,60.0,60.0,0.0,1,0.0,60.0,60.0,60.0,60.0,3
BGR,2020,Bulgaria,BG,Europe & Central Asia,High income,3,61.666666666666664,60.0,65.0,2.886751345948128,1,5.0,60.0,65.0,60.0,61.666666666666664,3
BGR,2021,Bulgaria,BG,Europe & Central Asia,High income,3,61.666666666666664,60.0,65.0,2.886751345948128,1,5.0,60.0,65.0,60.0,61.666666666666664,3
BGR,2022,Bulgaria,BG,Europe & Central Asia,High income,3,61.666666666666664,60.0,65.0,2.886751345948128,1,5.0,60.0,65.0,60.0,61.666666666666664,3
BGR,2023,Bulgaria,BG,Europe & Central Asia,High income,3,61.666666666666664,60.0,65.0,2.886751345948128,1,5.0,60.0,65.0,60.0,61.666666666666664,3
BGR,2024,Bulgaria,BG,Europe & Central Asia,High income,3,61.666666666666664,60.0,65.0,2.886751345948128,1,5.0,60.0,65.0,60.0,61.666666666666664,3
BGR,2025,Bulgaria,BG,Europe & Central Asia,High income,3,63.333333333333336,60.0,65.0,2.886751345948128,1,5.0,60.0,65.0,65.0,63.333333333333336,3
BHR,2000,Bahrain,BH,"Middle East, North Africa, Afghanistan & Pakistan",High income,2,52.5,50.0,55.0,3.5355339059327378,1,5.0,55.0,50.0,,52.5,2
BHR,2001,Bahrain,BH,"Middle East, North Africa, Afghanistan & Pakistan",High income,2,55.0,50.0,60.0,7.0710678118654755,1,10.0,60.0,50.0,,55.0,2
BHR,2002,Bahrain,BH,"Middle East, North Africa, Afghanistan & Pakistan",High income,2,57.5,55.0,60.0,3.5355339059327378,1,5.0,60.0,55.0,,57.5,2
BHR,2003,Bahrain,BH,"Middle East, North Africa, Afghanistan & Pakistan",High income,2,67.5,65.0,70.0,3.5355339059327378,1,5.0,70.0,65.0,,67.5,2
BHR,2004,Bahrain,BH,"Middle East, North Africa, Afghanistan & Pakistan",High income,2,67.5,65.0,70.0,3.5355339059327378,1,5.0,70.0,65.0,,67.5,2
BHR,2005,Bahrain,BH,"Middle East, North Africa, Afghanistan & Pakistan",High income,2,67.5,65.0,70.0,3.5355339059327378,1,5.0,70.0,65.0,,67.5,2
BHR,2006,Bahrain,BH,"Middle East, North Africa, Afghanistan & Pakistan",High income,2,70.0,70.0,70.0,0.0,1,0.0,70.0,70.0,,70.0,2
BHR,2007,Bahrain,BH,"Middle East, North Africa, Afghanistan & Pakistan",High income,2,75.0,75.0,75.0,0.0,1,0.0,75.0,75.0,,75.0,2
BHR,2008,Bahrain,BH,"Middle East, North Africa, Afghanistan & Pakistan",High income,2,75.0,75.0,75.0,0.0,1,0.0,75.0,75.0,,75.0,2
BHR,2009,Bahrain,BH,"Middle East, North Africa, Afghanistan & Pakistan",High income,2,75.0,75.0,75.0,0.0,1,0.0,75.0,75.0,,75.0,2
BHR,2010,Bahrain,BH,"Middle East, North Africa, Afghanistan & Pakistan",High income,2,72.5,70.0,75.0,3.5355339059327378,1,5.0,75.0,70.0,,72.5,2
BHR,2011,Bahrain,BH,"Middle East, North Africa, Afghanistan & Pakistan",High income,3,61.666666666666664,60.0,65.0,2.886751345948128,1,5.0,60.0,65.0,60.0,61.666666666666664,3
BHR,2012,Bahrain,BH,"Middle East, North Africa, Afghanistan & Pakistan",High income,3,61.666666666666664,60.0,65.0,2.886751345948128,1,5.0,60.0,65.0,60.0,61.666666666666664,3
BHR,2013,Bahrain,BH,"Middle East, North Africa, Afghanistan & Pakistan",High income,3,60.0,60.0,60.0,0.0,1,0.0,60.0,60.0,60.0,60.0,3
BHR,2014,Bahrain,BH,"Middle East, North Africa, Afghanistan & Pakistan",High income,3,60.0,60.0,60.0,0.0,1,0.0,60.0,60.0,60.0,60.0,3
BHR,2015,Bahrain,BH,"Middle East, North Africa, Afghanistan & Pakistan",High income,3,55.0,55.0,55.0,0.0,1,0.0,55.0,55.0,55.0,55.0,3
BHR,2016,Bahrain,BH,"Middle East, North Africa, Afghanistan & Pakistan",High income,3,45.0,40.0,50.0,5.0,1,10.0,50.0,45.0,40.0,45.0,3
BHR,2017,Bahrain,BH,"Middle East, North Africa, Afghanistan & Pakistan",High income,3,40.0,35.0,50.0,8.660254037844387,1,15.0,50.0,35.0,35.0,40.0,3
BHR,2018,Bahrain,BH,"Middle East, North Africa, Afghanistan & Pakistan",High income,3,35.0,30.0,40.0,5.0,1,10.0,40.0,30.0,35.0,35.0,3
BHR,2019,Bahrain,BH,"Middle East, North Africa, Afghanistan & Pakistan",High income,3,35.0,30.0,40.0,5.0,1,10.0,40.0,30.0,35.0,35.0,3
BHR,2020,Bahrain,BH,"Middle East, North Africa, Afghanistan & Pakistan",High income,3,33.333333333333336,30.0,35.0,2.886751345948128,1,5.0,35.0,30.0,35.0,33.333333333333336,3
BHR,2021,Bahrain,BH,"Middle East, North Africa, Afghanistan & Pakistan",High income,3,33.333333333333336,30.0,35.0,2.886751345948128,1,5.0,35.0,30.0,35.0,33.333333333333336,3
BHR,2022,Bahrain,BH,"Middle East, North Africa, Afghanistan & Pakistan",High income,3,33.333333333333336,30.0,35.0,2.886751345948128,1,5.0,35.0,30.0,35.0,33.333333333333336,3
BHR,2023,Bahrain,BH,"Middle East, North Africa, Afghanistan & Pakistan",High income,3,33.333333333333336,30.0,35.0,2.886751345948128,1,5.0,35.0,30.0,35.0,33.333333333333336,3
BHR,2024,Bahrain,BH,"Middle East, North Africa, Afghanistan & Pakistan",High income,3,33.333333333333336,30.0,35.0,2.886751345948128,1,5.0,35.0,30.0,35.0,33.333333333333336,3
BHR,2025,Bahrain,BH,"Middle East, North Africa, Afghanistan & Pakistan",High income,3,31.666666666666668,30.0,35.0,2.886751345948129,1,5.0,35.0,30.0,30.0,31.666666666666668,3
BHS,2000,"Bahamas, The",BS,Latin America & Caribbean,High income,1,70.0,70.0,70.0,0.0,1,0.0,,70.0,,70.0,1
BHS,2001,"Bahamas, The",BS,Latin America & Caribbean,High income,1,70.0,70.0,70.0,0.0,1,0.0,,70.0,,70.0,1
BHS,2002,"Bahamas, The",BS,Latin America & Caribbean,High income,1,70.0,70.0,70.0,0.0,1,0.0,,70.0,,70.0,1
BHS,2003,"Bahamas, The",BS,Latin America & Caribbean,High income,1,70.0,70.0,70.0,0.0,1,0.0,,70.0,,70.0,1
BHS,2004,"Bahamas, The",BS,Latin America & Caribbean,High income,1,70.0,70.0,70.0,0.0,1,0.0,,70.0,,70.0,1
BHS,2005,"Bahamas, The",BS,Latin America & Caribbean,High income,1,70.0,70.0,70.0,0.0,1,0.0,,70.0,,70.0,1
BHS,2006,"Bahamas, The",BS,Latin America & Caribbean,High income,1,70.0,70.0,70.0,0.0,1,0.0,,70.0,,70.0,1
BHS,2007,"Bahamas, The",BS,Latin America & Caribbean,High income,1,70.0,70.0,70.0,0.0,1,0.0,,70.0,,70.0,1
BHS,2008,"Bahamas, The",BS,Latin America & Caribbean,High income,1,70.0,70.0,70.0,0.0,1,0.0,,70.0,,70.0,1
BHS,2009,"Bahamas, The",BS,Latin America & Caribbean,High income,2,67.5,65.0,70.0,3.5355339059327378,1,5.0,,70.0,65.0,67.5,2
BHS,2010,"Bahamas, The",BS,Latin America & Caribbean,High income,2,67.5,65.0,70.0,3.5355339059327378,1,5.0,,70.0,65.0,67.5,2
BHS,2011,"Bahamas, The",BS,Latin America & Caribbean,High income,2,65.0,60.0,70.0,7.0710678118654755,1,10.0,,70.0,60.0,65.0,2
BHS,2012,"Bahamas, The",BS,Latin America & Caribbean,High income,2,62.5,60.0,65.0,3.5355339059327378,1,5.0,,65.0,60.0,62.5,2
BHS,2013,"Bahamas, The",BS,Latin America & Caribbean,High income,2,62.5,60.0,65.0,3.5355339059327378,1,5.0,,65.0,60.0,62.5,2
BHS,2014,"Bahamas, The",BS,Latin America & Caribbean,High income,2,60.0,60.0,60.0,0.0,1,0.0,,60.0,60.0,60.0,2
BHS,2015,"Bahamas, The",BS,Latin America & Caribbean,High income,2,57.5,55.0,60.0,3.5355339059327378,1,5.0,,60.0,55.0,57.5,2
BHS,2016,"Bahamas, The",BS,Latin America & Caribbean,High income,2,52.5,50.0,55.0,3.5355339059327378,1,5.0,,55.0,50.0,52.5,2
BHS,2017,"Bahamas, The",BS,Latin America & Caribbean,High income,2,52.5,50.0,55.0,3.5355339059327378,1,5.0,,55.0,50.0,52.5,2
BHS,2018,"Bahamas, The",BS,Latin America & Caribbean,High income,2,52.5,50.0,55.0,3.5355339059327378,1,5.0,,55.0,50.0,52.5,2
BHS,2019,"Bahamas, The",BS,Latin America & Caribbean,High income,2,52.5,50.0,55.0,3.5355339059327378,1,5.0,,55.0,50.0,52.5,2
BHS,2020,"Bahamas, The",BS,Latin America & Caribbean,High income,2,42.5,40.0,45.0,3.5355339059327378,1,5.0,,45.0,40.0,42.5,2
BHS,2021,"Bahamas, The",BS,Latin America & Caribbean,High income,2,37.5,35.0,40.0,3.5355339059327378,1,5.0,,40.0,35.0,37.5,2
BHS,2022,"Bahamas, The",BS,Latin America & Caribbean,High income,2,35.0,35.0,35.0,0.0,1,0.0,,35.0,35.0,35.0,2
BHS,2023,"Bahamas, The",BS,Latin America & Caribbean,High income,2,35.0,35.0,35.0,0.0,1,0.0,,35.0,35.0,35.0,2
BHS,2024,"Bahamas, The",BS,Latin America & Caribbean,High income,2,35.0,35.0,35.0,0.0,1,0.0,,35.0,35.0,35.0,2
BHS,2025,"Bahamas, The",BS,Latin America & Caribbean,High income,2,35.0,35.0,35.0,0.0,1,0.0,,35.0,35.0,35.0,2
BIH,2000,Bosnia and Herzegovina,BA,Europe & Central Asia,Upper middle income,0,,,,,0,,,,,,0
BIH,2001,Bosnia and Herzegovina,BA,Europe & Central Asia,Upper middle income,0,,,,,0,,,,,,0
BIH,2002,Bosnia and Herzegovina,BA,Europe & Central Asia,Upper middle income,0,,,,,0,,,,,,0
BIH,2003,Bosnia and Herzegovina,BA,Europe & Central Asia,Upper middle income,0,,,,,0,,,,,,0
BIH,2004,Bosnia and Herzegovina,BA,Europe & Central Asia,Upper middle income,1,25.0,25.0,25.0,0.0,1,0.0,,25.0,,25.0,1
BIH,2005,Bosnia and Herzegovina,BA,Europe & Central Asia,Upper middle income,1,25.0,25.0,25.0,0.0,1,0.0,,25.0,,25.0,1
BIH,2006,Bosnia and Herzegovina,BA,Europe & Central Asia,Upper middle income,1,30.0,30.0,30.0,0.0,1,0.0,,30.0,,30.0,1
BIH,2007,Bosnia and Herzegovina,BA,Europe & Central Asia,Upper middle income,1,30.0,30.0,30.0,0.0,1,0.0,,30.0,,30.0,1
BIH,2008,Bosnia and Herzegovina,BA,Europe & Central Asia,Upper middle income,2,32.5,30.0,35.0,3.5355339059327378,1,5.0,,30.0,35.0,32.5,2
BIH,2009,Bosnia and Herzegovina,BA,Europe & Central Asia,Upper middle income,2,32.5,30.0,35.0,3.5355339059327378,1,5.0,,30.0,35.0,32.5,2
BIH,2010,Bosnia and Herzegovina,BA,Europe & Central Asia,Upper middle income,2,32.5,30.0,35.0,3.5355339059327378,1,5.0,,30.0,35.0,32.5,2
BIH,2011,Bosnia and Herzegovina,BA,Europe & Central Asia,Upper middle income,2,30.0,30.0,30.0,0.0,1,0.0,,30.0,30.0,30.0,2
BIH,2012,Bosnia and Herzegovina,BA,Europe & Central Asia,Upper middle income,2,27.5,25.0,30.0,3.5355339059327378,1,5.0,,25.0,30.0,27.5,2
BIH,2013,Bosnia and Herzegovina,BA,Europe & Central Asia,Upper middle income,2,27.5,25.0,30.0,3.5355339059327378,1,5.0,,25.0,30.0,27.5,2
BIH,2014,Bosnia and Herzegovina,BA,Europe & Central Asia,Upper middle income,2,27.5,25.0,30.0,3.5355339059327378,1,5.0,,25.0,30.0,27.5,2
BIH,2015,Bosnia and Herzegovina,BA,Europe & Central Asia,Upper middle income,2,27.5,25.0,30.0,3.5355339059327378,1,5.0,,25.0,30.0,27.5,2
BIH,2016,Bosnia and Herzegovina,BA,Europe & Central Asia,Upper middle income,2,27.5,25.0,30.0,3.5355339059327378,1,5.0,,25.0,30.0,27.5,2
BIH,2017,Bosnia and Herzegovina,BA,Europe & Central Asia,Upper middle income,2,27.5,25.0,30.0,3.5355339059327378,1,5.0,,25.0,30.0,27.5,2
BIH,2018,Bosnia and Herzegovina,BA,Europe & Central Asia,Upper middle income,2,27.5,25.0,30.0,3.5355339059327378,1,5.0,,25.0,30.0,27.5,2
BIH,2019,Bosnia and Herzegovina,BA,Europe & Central Asia,Upper middle income,2,27.5,25.0,30.0,3.5355339059327378,1,5.0,,25.0,30.0,27.5,2
BIH,2020,Bosnia and Herzegovina,BA,Europe & Central Asia,Upper middle income,2,27.5,25.0,30.0,3.5355339059327378,1,5.0,,25.0,30.0,27.5,2
BIH,2021,Bosnia and Herzegovina,BA,Europe & Central Asia,Upper middle income,2,27.5,25.0,30.0,3.5355339059327378,1,5.0,,25.0,30.0,27.5,2
BIH,2022,Bosnia and Herzegovina,BA,Europe & Central Asia,Upper middle income,2,27.5,25.0,30.0,3.5355339059327378,1,5.0,,25.0,30.0,27.5,2
BIH,2023,Bosnia and Herzegovina,BA,Europe & Central Asia,Upper middle income,2,30.0,25.0,35.0,7.0710678118654755,1,10.0,,25.0,35.0,30.0,2
BIH,2024,Bosnia and Herzegovina,BA,Europe & Central Asia,Upper middle income,2,30.0,25.0,35.0,7.0710678118654755,1,10.0,,25.0,35.0,30.0,2
BIH,2025,Bosnia and Herzegovina,BA,Europe & Central Asia,Upper middle income,2,30.0,25.0,35.0,7.0710678118654755,1,10.0,,25.0,35.0,30.0,2
BLR,2000,Belarus,BY,Europe & Central Asia,Upper middle income,0,,,,,0,,,,,,0
BLR,2001,Belarus,BY,Europe & Central Asia,Upper middle income,0,,,,,0,,,,,,0
BLR,2002,Belarus,BY,Europe & Central Asia,Upper middle income,0,,,,,0,,,,,,0
BLR,2003,Belarus,BY,Europe & Central Asia,Upper middle income,0,,,,,0,,,,,,0
BLR,2004,Belarus,BY,Europe & Central Asia,Upper middle income,0,,,,,0,,,,,,0
BLR,2005,Belarus,BY,Europe & Central Asia,Upper middle income,0,,,,,0,,,,,,0
BLR,2006,Belarus,BY,Europe & Central Asia,Upper middle income,0,,,,,0,,,,,,0
BLR,2007,Belarus,BY,Europe & Central Asia,Upper middle income,1,35.0,35.0,35.0,0.0,1,0.0,,35.0,,35.0,1
BLR,2008,Belarus,BY,Europe & Central Asia,Upper middle income,1,35.0,35.0,35.0,0.0,1,0.0,,35.0,,35.0,1
BLR,2009,Belarus,BY,Europe & Central Asia,Upper middle income,1,35.0,35.0,35.0,0.0,1,0.0,,35.0,,35.0,1
BLR,2010,Belarus,BY,Europe & Central Asia,Upper middle income,1,35.0,35.0,35.0,0.0,1,0.0,,35.0,,35.0,1
BLR,2011,Belarus,BY,Europe & Central Asia,Upper middle income,2,25.0,25.0,25.0,0.0,1,0.0,,25.0,25.0,25.0,2
BLR,2012,Belarus,BY,Europe & Central Asia,Upper middle income,2,25.0,25.0,25.0,0.0,1,0.0,,25.0,25.0,25.0,2
BLR,2013,Belarus,BY,Europe & Central Asia,Upper middle income,2,25.0,25.0,25.0,0.0,1,0.0,,25.0,25.0,25.0,2
BLR,2014,Belarus,BY,Europe & Central Asia,Upper middle income,2,25.0,25.0,25.0,0.0,1,0.0,,25.0,25.0,25.0,2
BLR,2015,Belarus,BY,Europe & Central Asia,Upper middle income,2,22.5,20.0,25.0,3.5355339059327378,1,5.0,,20.0,25.0,22.5,2
BLR,2016,Belarus,BY,Europe & Central Asia,Upper middle income,3,23.333333333333332,20.0,25.0,2.886751345948129,1,5.0,25.0,20.0,25.0,23.333333333333332,3
BLR,2017,Belarus,BY,Europe & Central Asia,Upper middle income,3,25.0,20.0,30.0,5.0,1,10.0,25.0,20.0,30.0,25.0,3
BLR,2018,Belarus,BY,Europe & Central Asia,Upper middle income,3,28.333333333333332,25.0,30.0,2.886751345948129,1,5.0,30.0,25.0,30.0,28.333333333333332,3
BLR,2019,Belarus,BY,Europe & Central Asia,Upper middle income,3,28.333333333333332,25.0,30.0,2.886751345948129,1,5.0,30.0,25.0,30.0,28.333333333333332,3
BLR,2020,Belarus,BY,Europe & Central Asia,Upper middle income,3,28.333333333333332,25.0,30.0,2.886751345948129,1,5.0,30.0,25.0,30.0,28.333333333333332,3
BLR,2021,Belarus,BY,Europe & Central Asia,Upper middle income,3,28.333333333333332,25.0,30.0,2.886751345948129,1,5.0,30.0,25.0,30.0,28.333333333333332,3
BLR,2022,Belarus,BY,Europe & Central Asia,Upper middle income,3,1.6666666666666667,0.0,5.0,2.8867513459481287,1,5.0,0.0,5.0,0.0,1.6666666666666667,3
BLR,2023,Belarus,BY,Europe & Central Asia,Upper middle income,2,0.0,0.0,0.0,0.0,1,0.0,0.0,0.0,,0.0,2
BLR,2024,Belarus,BY,Europe & Central Asia,Upper middle income,2,0.0,0.0,0.0,0.0,1,0.0,0.0,0.0,,0.0,2
BLR,2025,Belarus,BY,Europe & Central Asia,Upper middle income,2,0.0,0.0,0.0,0.0,1,0.0,0.0,0.0,,0.0,2
BLZ,2000,Belize,BZ,Latin America & Caribbean,Upper middle income,1,45.0,45.0,45.0,0.0,1,0.0,,45.0,,45.0,1
BLZ,2001,Belize,BZ,Latin America & Caribbean,Upper middle income,1,45.0,45.0,45.0,0.0,1,0.0,,45.0,,45.0,1
BLZ,2002,Belize,BZ,Latin America & Caribbean,Upper middle income,1,45.0,45.0,45.0,0.0,1,0.0,,45.0,,45.0,1
BLZ,2003,Belize,BZ,Latin America & Caribbean,Upper middle income,1,40.0,40.0,40.0,0.0,1,0.0,,40.0,,40.0,1
BLZ,2004,Belize,BZ,Latin America & Caribbean,Upper middle income,1,30.0,30.0,30.0,0.0,1,0.0,,30.0,,30.0,1
BLZ,2005,Belize,BZ,Latin America & Caribbean,Upper middle income,1,10.0,10.0,10.0,0.0,1,0.0,,10.0,,10.0,1
BLZ,2006,Belize,BZ,Latin America & Caribbean,Upper middle income,1,10.0,10.0,10.0,0.0,1,0.0,,10.0,,10.0,1
BLZ,2007,Belize,BZ,Latin America & Caribbean,Upper middle income,1,20.0,20.0,20.0,0.0,1,0.0,,20.0,,20.0,1
BLZ,2008,Belize,BZ,Latin America & Caribbean,Upper middle income,1,20.0,20.0,20.0,0.0,1,0.0,,20.0,,20.0,1
BLZ,2009,Belize,BZ,Latin America & Caribbean,Upper middle income,1,25.0,25.0,25.0,0.0,1,0.0,,25.0,,25.0,1
BLZ,2010,Belize,BZ,Latin America & Caribbean,Upper middle income,1,25.0,25.0,25.0,0.0,1,0.0,,25.0,,25.0,1
BLZ,2011,Belize,BZ,Latin America & Caribbean,Upper middle income,2,25.0,25.0,25.0,0.0,1,0.0,,25.0,25.0,25.0,2
BLZ,2012,Belize,BZ,Latin America & Caribbean,Upper middle income,2,2.5,0.0,5.0,3.5355339059327378,1,5.0,,5.0,0.0,2.5,2
BLZ,2013,Belize,BZ,Latin America & Caribbean,Upper middle income,2,20.0,15.0,25.0,7.0710678118654755,1,10.0,,15.0,25.0,20.0,2
BLZ,2014,Belize,BZ,Latin America & Caribbean,Upper middle income,2,20.0,15.0,25.0,7.0710678118654755,1,10.0,,15.0,25.0,20.0,2
BLZ,2015,Belize,BZ,Latin America & Caribbean,Upper middle income,2,20.0,15.0,25.0,7.0710678118654755,1,10.0,,15.0,25.0,20.0,2
BLZ,2016,Belize,BZ,Latin America & Caribbean,Upper middle income,2,10.0,5.0,15.0,7.0710678118654755,1,10.0,,15.0,5.0,10.0,2
BLZ,2017,Belize,BZ,Latin America & Caribbean,Upper middle income,2,25.0,25.0,25.0,0.0,1,0.0,,25.0,25.0,25.0,2
BLZ,2018,Belize,BZ,Latin America & Caribbean,Upper middle income,2,25.0,25.0,25.0,0.0,1,0.0,,25.0,25.0,25.0,2
BLZ,2019,Belize,BZ,Latin America & Caribbean,Upper middle income,2,25.0,25.0,25.0,0.0,1,0.0,,25.0,25.0,25.0,2
BLZ,2020,Belize,BZ,Latin America & Caribbean,Upper middle income,2,15.0,10.0,20.0,7.0710678118654755,1,10.0,,10.0,20.0,15.0,2
BLZ,2021,Belize,BZ,Latin America & Caribbean,Upper middle income,2,17.5,10.0,25.0,10.606601717798213,1,15.0,,10.0,25.0,17.5,2
BLZ,2022,Belize,BZ,Latin America & Caribbean,Upper middle income,2,20.0,15.0,25.0,7.0710678118654755,1,10.0,,15.0,25.0,20.0,2
BLZ,2023,Belize,BZ,Latin America & Caribbean,Upper middle income,2,20.0,15.0,25.0,7.0710678118654755,1,10.0,,15.0,25.0,20.0,2
BLZ,2024,Belize,BZ,Latin America & Caribbean,Upper middle income,2,22.5,20.0,25.0,3.5355339059327378,1,5.0,,20.0,25.0,22.5,2
BLZ,2025,Belize,BZ,Latin America & Caribbean,Upper middle income,2,22.5,20.0,25.0,3.5355339059327378,1,5.0,,20.0,25.0,22.5,2
BMU,2000,Bermuda,BM,North America,High income,0,,,,,0,,,,,,0
BMU,2001,Bermuda,BM,North America,High income,0,,,,,0,,,,,,0
BMU,2002,Bermuda,BM,North America,High income,0,,,,,0,,,,,,0
BMU,2003,Bermuda,BM,North America,High income,0,,,,,0,,,,,,0
BMU,2004,Bermuda,BM,North America,High income,0,,,,,0,,,,,,0
BMU,2005,Bermuda,BM,North America,High income,0,,,,,0,,,,,,0
BMU,2006,Bermuda,BM,North America,High income,0,,,,,0,,,,,,0
BMU,2007,Bermuda,BM,North America,High income,0,,,,,0,,,,,,0
BMU,2008,Bermuda,BM,North America,High income,0,,,,,0,,,,,,0
BMU,2009,Bermuda,BM,North America,High income,0,,,,,0,,,,,,0
BMU,2010,Bermuda,BM,North America,High income,0,,,,,0,,,,,,0
BMU,2011,Bermuda,BM,North America,High income,0,,,,,0,,,,,,0
BMU,2012,Bermuda,BM,North America,High income,0,,,,,0,,,,,,0
BMU,2013,Bermuda,BM,North America,High income,1,85.0,85.0,85.0,0.0,1,0.0,,85.0,,85.0,1
BMU,2014,Bermuda,BM,North America,High income,1,80.0,80.0,80.0,0.0,1,0.0,,80.0,,80.0,1
BMU,2015,Bermuda,BM,North America,High income,1,80.0,80.0,80.0,0.0,1,0.0,,80.0,,80.0,1
BMU,2016,Bermuda,BM,North America,High income,1,80.0,80.0,80.0,0.0,1,0.0,,80.0,,80.0,1
BMU,2017,Bermuda,BM,North America,High income,1,80.0,80.0,80.0,0.0,1,0.0,,80.0,,80.0,1
BMU,2018,Bermuda,BM,North America,High income,1,80.0,80.0,80.0,0.0,1,0.0,,80.0,,80.0,1
BMU,2019,Bermuda,BM,North America,High income,1,80.0,80.0,80.0,0.0,1,0.0,,80.0,,80.0,1
BMU,2020,Bermuda,BM,North America,High income,1,80.0,80.0,80.0,0.0,1,0.0,,80.0,,80.0,1
BMU,2021,Bermuda,BM,North America,High income,1,80.0,80.0,80.0,0.0,1,0.0,,80.0,,80.0,1
BMU,2022,Bermuda,BM,North America,High income,1,80.0,80.0,80.0,0.0,1,0.0,,80.0,,80.0,1
BMU,2023,Bermuda,BM,North America,High income,1,80.0,80.0,80.0,0.0,1,0.0,,80.0,,80.0,1
BMU,2024,Bermuda,BM,North America,High income,1,80.0,80.0,80.0,0.0,1,0.0,,80.0,,80.0,1
BMU,2025,Bermuda,BM,North America,High income,1,80.0,80.0,80.0,0.0,1,0.0,,80.0,,80.0,1
BOL,2000,Bolivia,BO,Latin America & Caribbean,Lower middle income,1,35.0,35.0,35.0,0.0,1,0.0,,35.0,,35.0,1
BOL,2001,Bolivia,BO,Latin America & Caribbean,Lower middle income,1,35.0,35.0,35.0,0.0,1,0.0,,35.0,,35.0,1
BOL,2002,Bolivia,BO,Latin America & Caribbean,Lower middle income,1,35.0,35.0,35.0,0.0,1,0.0,,35.0,,35.0,1
BOL,2003,Bolivia,BO,Latin America & Caribbean,Lower middle income,1,25.0,25.0,25.0,0.0,1,0.0,,25.0,,25.0,1
BOL,2004,Bolivia,BO,Latin America & Caribbean,Lower middle income,2,25.0,25.0,25.0,0.0,1,0.0,25.0,25.0,,25.0,2
BOL,2005,Bolivia,BO,Latin America & Caribbean,Lower middle income,2,25.0,25.0,25.0,0.0,1,0.0,25.0,25.0,,25.0,2
BOL,2006,Bolivia,BO,Latin America & Caribbean,Lower middle income,2,25.0,25.0,25.0,0.0,1,0.0,25.0,25.0,,25.0,2
BOL,2007,Bolivia,BO,Latin America & Caribbean,Lower middle income,2,25.0,25.0,25.0,0.0,1,0.0,25.0,25.0,,25.0,2
BOL,2008,Bolivia,BO,Latin America & Caribbean,Lower middle income,2,25.0,25.0,25.0,0.0,1,0.0,25.0,25.0,,25.0,2
BOL,2009,Bolivia,BO,Latin America & Caribbean,Lower middle income,2,30.0,30.0,30.0,0.0,1,0.0,30.0,30.0,,30.0,2
BOL,2010,Bolivia,BO,Latin America & Caribbean,Lower middle income,2,35.0,35.0,35.0,0.0,1,0.0,35.0,35.0,,35.0,2
BOL,2011,Bolivia,BO,Latin America & Caribbean,Lower middle income,3,35.0,35.0,35.0,0.0,1,0.0,35.0,35.0,35.0,35.0,3
BOL,2012,Bolivia,BO,Latin America & Caribbean,Lower middle income,3,40.0,40.0,40.0,0.0,1,0.0,40.0,40.0,40.0,40.0,3
BOL,2013,Bolivia,BO,Latin America & Caribbean,Lower middle income,3,35.0,25.0,40.0,8.660254037844387,1,15.0,40.0,40.0,25.0,35.0,3
BOL,2014,Bolivia,BO,Latin America & Caribbean,Lower middle income,3,33.333333333333336,20.0,40.0,11.547005383792516,1,20.0,40.0,40.0,20.0,33.333333333333336,3
BOL,2015,Bolivia,BO,Latin America & Caribbean,Lower middle income,3,33.333333333333336,15.0,45.0,16.072751268321593,1,30.0,45.0,40.0,15.0,33.333333333333336,3
BOL,2016,Bolivia,BO,Latin America & Caribbean,Lower middle income,3,31.666666666666668,15.0,40.0,14.433756729740644,1,25.0,40.0,40.0,15.0,31.666666666666668,3
BOL,2017,Bolivia,BO,Latin America & Caribbean,Lower middle income,3,26.666666666666668,0.0,40.0,23.09401076758503,1,40.0,40.0,40.0,0.0,26.666666666666668,3
BOL,2018,Bolivia,BO,Latin America & Caribbean,Lower middle income,3,40.0,40.0,40.0,0.0,1,0.0,40.0,40.0,40.0,40.0,3
BOL,2019,Bolivia,BO,Latin America & Caribbean,Lower middle income,3,38.333333333333336,35.0,40.0,2.886751345948128,1,5.0,35.0,40.0,40.0,38.333333333333336,3
BOL,2020,Bolivia,BO,Latin America & Caribbean,Lower middle income,3,31.666666666666668,30.0,35.0,2.886751345948128,1,5.0,30.0,30.0,35.0,31.666666666666668,3
BOL,2021,Bolivia,BO,Latin America & Caribbean,Lower middle income,2,30.0,30.0,30.0,0.0,1,0.0,30.0,30.0,,30.0,2
BOL,2022,Bolivia,BO,Latin America & Caribbean,Lower middle income,3,30.0,30.0,30.0,0.0,1,0.0,30.0,30.0,30.0,30.0,3
BOL,2023,Bolivia,BO,Latin America & Caribbean,Lower middle income,3,21.666666666666668,20.0,25.0,2.886751345948129,1,5.0,25.0,20.0,20.0,21.666666666666668,3
BOL,2024,Bolivia,BO,Latin America & Caribbean,Lower middle income,3,18.333333333333332,10.0,25.0,7.637626158259733,1,15.0,25.0,10.0,20.0,18.333333333333332,3
BOL,2025,Bolivia,BO,Latin America & Caribbean,Lower middle income,3,13.333333333333334,5.0,25.0,10.408329997330664,1,20.0,25.0,5.0,10.0,13.333333333333334,3
BRA,2000,Brazil,BR,Latin America & Caribbean,Upper middle income,2,37.5,35.0,40.0,3.5355339059327378,1,5.0,40.0,35.0,,37.5,2
BRA,2001,Brazil,BR,Latin America & Caribbean,Upper middle income,2,37.5,35.0,40.0,3.5355339059327378,1,5.0,40.0,35.0,,37.5,2
BRA,2002,Brazil,BR,Latin America & Caribbean,Upper middle income,2,30.0,30.0,30.0,0.0,1,0.0,30.0,30.0,,30.0,2
BRA,2003,Brazil,BR,Latin America & Caribbean,Upper middle income,2,32.5,30.0,35.0,3.5355339059327378,1,5.0,35.0,30.0,,32.5,2
BRA,2004,Brazil,BR,Latin America & Caribbean,Upper middle income,2,37.5,35.0,40.0,3.5355339059327378,1,5.0,40.0,35.0,,37.5,2
BRA,2005,Brazil,BR,Latin America & Caribbean,Upper middle income,2,40.0,40.0,40.0,0.0,1,0.0,40.0,40.0,,40.0,2
BRA,2006,Brazil,BR,Latin America & Caribbean,Upper middle income,2,45.0,45.0,45.0,0.0,1,0.0,45.0,45.0,,45.0,2
BRA,2007,Brazil,BR,Latin America & Caribbean,Upper middle income,2,50.0,50.0,50.0,0.0,1,0.0,50.0,50.0,,50.0,2
BRA,2008,Brazil,BR,Latin America & Caribbean,Upper middle income,3,53.333333333333336,50.0,55.0,2.886751345948128,1,5.0,55.0,50.0,55.0,53.333333333333336,3
BRA,2009,Brazil,BR,Latin America & Caribbean,Upper middle income,3,55.0,55.0,55.0,0.0,1,0.0,55.0,55.0,55.0,55.0,3
BRA,2010,Brazil,BR,Latin America & Caribbean,Upper middle income,3,55.0,55.0,55.0,0.0,1,0.0,55.0,55.0,55.0,55.0,3
BRA,2011,Brazil,BR,Latin America & Caribbean,Upper middle income,3,60.0,60.0,60.0,0.0,1,0.0,60.0,60.0,60.0,60.0,3
BRA,2012,Brazil,BR,Latin America & Caribbean,Upper middle income,3,60.0,60.0,60.0,0.0,1,0.0,60.0,60.0,60.0,60.0,3
BRA,2013,Brazil,BR,Latin America & Caribbean,Upper middle income,3,60.0,60.0,60.0,0.0,1,0.0,60.0,60.0,60.0,60.0,3
BRA,2014,Brazil,BR,Latin America & Caribbean,Upper middle income,3,58.333333333333336,55.0,60.0,2.88675134594813,1,5.0,60.0,60.0,55.0,58.333333333333336,3
BRA,2015,Brazil,BR,Latin America & Caribbean,Upper middle income,3,51.666666666666664,50.0,55.0,2.886751345948128,1,5.0,50.0,55.0,50.0,51.666666666666664,3
BRA,2016,Brazil,BR,Latin America & Caribbean,Upper middle income,3,45.0,45.0,45.0,0.0,1,0.0,45.0,45.0,45.0,45.0,3
BRA,2017,Brazil,BR,Latin America & Caribbean,Upper middle income,3,45.0,45.0,45.0,0.0,1,0.0,45.0,45.0,45.0,45.0,3
BRA,2018,Brazil,BR,Latin America & Caribbean,Upper middle income,3,41.666666666666664,40.0,45.0,2.886751345948128,1,5.0,40.0,45.0,40.0,41.666666666666664,3
BRA,2019,Brazil,BR,Latin America & Caribbean,Upper middle income,3,41.666666666666664,40.0,45.0,2.886751345948128,1,5.0,40.0,45.0,40.0,41.666666666666664,3
BRA,2020,Brazil,BR,Latin America & Caribbean,Upper middle income,3,41.666666666666664,40.0,45.0,2.886751345948128,1,5.0,40.0,45.0,40.0,41.666666666666664,3
BRA,2021,Brazil,BR,Latin America & Caribbean,Upper middle income,3,41.666666666666664,40.0,45.0,2.886751345948128,1,5.0,40.0,45.0,40.0,41.666666666666664,3
BRA,2022,Brazil,BR,Latin America & Caribbean,Upper middle income,3,41.666666666666664,40.0,45.0,2.886751345948128,1,5.0,40.0,45.0,40.0,41.666666666666664,3
BRA,2023,Brazil,BR,Latin America & Caribbean,Upper middle income,3,43.333333333333336,40.0,45.0,2.886751345948128,1,5.0,40.0,45.0,45.0,43.333333333333336,3
BRA,2024,Brazil,BR,Latin America & Caribbean,Upper middle income,3,45.0,40.0,50.0,5.0,1,10.0,40.0,50.0,45.0,45.0,3
BRA,2025,Brazil,BR,Latin America & Caribbean,Upper middle income,3,45.0,40.0,50.0,5.0,1,10.0,40.0,50.0,45.0,45.0,3
BRB,2000,Barbados,BB,Latin America & Caribbean,High income,1,60.0,60.0,60.0,0.0,1,0.0,,60.0,,60.0,1
BRB,2001,Barbados,BB,Latin America & Caribbean,High income,1,60.0,60.0,60.0,0.0,1,0.0,,60.0,,60.0,1
BRB,2002,Barbados,BB,Latin America & Caribbean,High income,1,60.0,60.0,60.0,0.0,1,0.0,,60.0,,60.0,1
BRB,2003,Barbados,BB,Latin America & Caribbean,High income,1,60.0,60.0,60.0,0.0,1,0.0,,60.0,,60.0,1
BRB,2004,Barbados,BB,Latin America & Caribbean,High income,1,60.0,60.0,60.0,0.0,1,0.0,,60.0,,60.0,1
BRB,2005,Barbados,BB,Latin America & Caribbean,High income,1,60.0,60.0,60.0,0.0,1,0.0,,60.0,,60.0,1
BRB,2006,Barbados,BB,Latin America & Caribbean,High income,1,60.0,60.0,60.0,0.0,1,0.0,,60.0,,60.0,1
BRB,2007,Barbados,BB,Latin America & Caribbean,High income,1,60.0,60.0,60.0,0.0,1,0.0,,60.0,,60.0,1
BRB,2008,Barbados,BB,Latin America & Caribbean,High income,1,60.0,60.0,60.0,0.0,1,0.0,,60.0,,60.0,1
BRB,2009,Barbados,BB,Latin America & Caribbean,High income,1,55.0,55.0,55.0,0.0,1,0.0,,55.0,,55.0,1
BRB,2010,Barbados,BB,Latin America & Caribbean,High income,2,55.0,55.0,55.0,0.0,1,0.0,,55.0,55.0,55.0,2
BRB,2011,Barbados,BB,Latin America & Caribbean,High income,2,55.0,55.0,55.0,0.0,1,0.0,,55.0,55.0,55.0,2
BRB,2012,Barbados,BB,Latin America & Caribbean,High income,2,50.0,50.0,50.0,0.0,1,0.0,,50.0,50.0,50.0,2
BRB,2013,Barbados,BB,Latin America & Caribbean,High income,2,40.0,40.0,40.0,0.0,1,0.0,,40.0,40.0,40.0,2
BRB,2014,Barbados,BB,Latin America & Caribbean,High income,2,27.5,25.0,30.0,3.5355339059327378,1,5.0,,25.0,30.0,27.5,2
BRB,2015,Barbados,BB,Latin America & Caribbean,High income,2,27.5,25.0,30.0,3.5355339059327378,1,5.0,,25.0,30.0,27.5,2
BRB,2016,Barbados,BB,Latin America & Caribbean,High income,2,22.5,20.0,25.0,3.5355339059327378,1,5.0,,20.0,25.0,22.5,2
BRB,2017,Barbados,BB,Latin America & Caribbean,High income,2,15.0,10.0,20.0,7.0710678118654755,1,10.0,,10.0,20.0,15.0,2
BRB,2018,Barbados,BB,Latin America & Caribbean,High income,2,5.0,0.0,10.0,7.0710678118654755,1,10.0,,10.0,0.0,5.0,2
BRB,2019,Barbados,BB,Latin America & Caribbean,High income,2,22.5,20.0,25.0,3.5355339059327378,1,5.0,,20.0,25.0,22.5,2
BRB,2020,Barbados,BB,Latin America & Caribbean,High income,2,22.5,20.0,25.0,3.5355339059327378,1,5.0,,20.0,25.0,22.5,2
BRB,2021,Barbados,BB,Latin America & Caribbean,High income,2,22.5,20.0,25.0,3.5355339059327378,1,5.0,,20.0,25.0,22.5,2
BRB,2022,Barbados,BB,Latin America & Caribbean,High income,2,22.5,20.0,25.0,3.5355339059327378,1,5.0,,20.0,25.0,22.5,2
BRB,2023,Barbados,BB,Latin America & Caribbean,High income,2,25.0,25.0,25.0,0.0,1,0.0,,25.0,25.0,25.0,2
BRB,2024,Barbados,BB,Latin America & Caribbean,High income,2,27.5,25.0,30.0,3.5355339059327378,1,5.0,,25.0,30.0,27.5,2
BRB,2025,Barbados,BB,Latin America & Caribbean,High income,2,32.5,30.0,35.0,3.5355339059327378,1,5.0,,30.0,35.0,32.5,2
BWA,2000,Botswana,BW,Sub-Saharan Africa,Upper middle income,0,,,,,0,,,,,,0
BWA,2001,Botswana,BW,Sub-Saharan Africa,Upper middle income,1,75.0,75.0,75.0,0.0,1,0.0,,75.0,,75.0,1
BWA,2002,Botswana,BW,Sub-Saharan Africa,Upper middle income,1,75.0,75.0,75.0,0.0,1,0.0,,75.0,,75.0,1
BWA,2003,Botswana,BW,Sub-Saharan Africa,Upper middle income,1,75.0,75.0,75.0,0.0,1,0.0,,75.0,,75.0,1
BWA,2004,Botswana,BW,Sub-Saharan Africa,Upper middle income,1,75.0,75.0,75.0,0.0,1,0.0,,75.0,,75.0,1
BWA,2005,Botswana,BW,Sub-Saharan Africa,Upper middle income,1,75.0,75.0,75.0,0.0,1,0.0,,75.0,,75.0,1
BWA,2006,Botswana,BW,Sub-Saharan Africa,Upper middle income,1,75.0,75.0,75.0,0.0,1,0.0,,75.0,,75.0,1
BWA,2007,Botswana,BW,Sub-Saharan Africa,Upper middle income,1,75.0,75.0,75.0,0.0,1,0.0,,75.0,,75.0,1
BWA,2008,Botswana,BW,Sub-Saharan Africa,Upper middle income,1,75.0,75.0,75.0,0.0,1,0.0,,75.0,,75.0,1
BWA,2009,Botswana,BW,Sub-Saharan Africa,Upper middle income,1,75.0,75.0,75.0,0.0,1,0.0,,75.0,,75.0,1
BWA,2010,Botswana,BW,Sub-Saharan Africa,Upper middle income,2,72.5,70.0,75.0,3.5355339059327378,1,5.0,,75.0,70.0,72.5,2
BWA,2011,Botswana,BW,Sub-Saharan Africa,Upper middle income,2,72.5,70.0,75.0,3.5355339059327378,1,5.0,,75.0,70.0,72.5,2
BWA,2012,Botswana,BW,Sub-Saharan Africa,Upper middle income,2,72.5,70.0,75.0,3.5355339059327378,1,5.0,,75.0,70.0,72.5,2
BWA,2013,Botswana,BW,Sub-Saharan Africa,Upper middle income,2,72.5,70.0,75.0,3.5355339059327378,1,5.0,,75.0,70.0,72.5,2
BWA,2014,Botswana,BW,Sub-Saharan Africa,Upper middle income,2,72.5,70.0,75.0,3.5355339059327378,1,5.0,,75.0,70.0,72.5,2
BWA,2015,Botswana,BW,Sub-Saharan Africa,Upper middle income,2,72.5,70.0,75.0,3.5355339059327378,1,5.0,,75.0,70.0,72.5,2
BWA,2016,Botswana,BW,Sub-Saharan Africa,Upper middle income,2,72.5,70.0,75.0,3.5355339059327378,1,5.0,,75.0,70.0,72.5,2
BWA,2017,Botswana,BW,Sub-Saharan Africa,Upper middle income,2,72.5,70.0,75.0,3.5355339059327378,1,5.0,,75.0,70.0,72.5,2
BWA,2018,Botswana,BW,Sub-Saharan Africa,Upper middle income,2,72.5,70.0,75.0,3.5355339059327378,1,5.0,,75.0,70.0,72.5,2
BWA,2019,Botswana,BW,Sub-Saharan Africa,Upper middle income,2,72.5,70.0,75.0,3.5355339059327378,1,5.0,,75.0,70.0,72.5,2
BWA,2020,Botswana,BW,Sub-Saharan Africa,Upper middle income,2,70.0,65.0,75.0,7.0710678118654755,1,10.0,,75.0,65.0,70.0,2
BWA,2021,Botswana,BW,Sub-Saharan Africa,Upper middle income,2,67.5,65.0,70.0,3.5355339059327378,1,5.0,,70.0,65.0,67.5,2
BWA,2022,Botswana,BW,Sub-Saharan Africa,Upper middle income,2,67.5,65.0,70.0,3.5355339059327378,1,5.0,,70.0,65.0,67.5,2
BWA,2023,Botswana,BW,Sub-Saharan Africa,Upper middle income,2,67.5,65.0,70.0,3.5355339059327378,1,5.0,,70.0,65.0,67.5,2
BWA,2024,Botswana,BW,Sub-Saharan Africa,Upper middle income,2,67.5,65.0,70.0,3.5355339059327378,1,5.0,,70.0,65.0,67.5,2
BWA,2025,Botswana,BW,Sub-Saharan Africa,Upper middle income,2,62.5,60.0,65.0,3.5355339059327378,1,5.0,,65.0,60.0,62.5,2
CAN,2000,Canada,CA,North America,High income,2,92.5,90.0,95.0,3.5355339059327378,1,5.0,90.0,95.0,,92.5,2
CAN,2001,Canada,CA,North America,High income,2,95.0,95.0,95.0,0.0,1,0.0,95.0,95.0,,95.0,2
CAN,2002,Canada,CA,North America,High income,3,98.33333333333333,95.0,100.0,2.88675134594813,1,5.0,95.0,100.0,100.0,98.33333333333333,3
CAN,2003,Canada,CA,North America,High income,3,98.33333333333333,95.0,100.0,2.88675134594813,1,5.0,95.0,100.0,100.0,98.33333333333333,3
CAN,2004,Canada,CA,North America,High income,3,100.0,100.0,100.0,0.0,1,0.0,100.0,100.0,100.0,100.0,3
CAN,2005,Canada,CA,North America,High income,3,100.0,100.0,100.0,0.0,1,0.0,100.0,100.0,100.0,100.0,3
CAN,2006,Canada,CA,North America,High income,3,100.0,100.0,100.0,0.0,1,0.0,100.0,100.0,100.0,100.0,3
CAN,2007,Canada,CA,North America,High income,3,100.0,100.0,100.0,0.0,1,0.0,100.0,100.0,100.0,100.0,3
CAN,2008,Canada,CA,North America,High income,3,100.0,100.0,100.0,0.0,1,0.0,100.0,100.0,100.0,100.0,3
CAN,2009,Canada,CA,North America,High income,3,100.0,100.0,100.0,0.0,1,0.0,100.0,100.0,100.0,100.0,3
CAN,2010,Canada,CA,North America,High income,3,100.0,100.0,100.0,0.0,1,0.0,100.0,100.0,100.0,100.0,3
CAN,2011,Canada,CA,North America,High income,3,100.0,100.0,100.0,0.0,1,0.0,100.0,100.0,100.0,100.0,3
CAN,2012,Canada,CA,North America,High income,3,100.0,100.0,100.0,0.0,1,0.0,100.0,100.0,100.0,100.0,3
CAN,2013,Canada,CA,North America,High income,3,100.0,100.0,100.0,0.0,1,0.0,100.0,100.0,100.0,100.0,3
CAN,2014,Canada,CA,North America,High income,3,100.0,100.0,100.0,0.0,1,0.0,100.0,100.0,100.0,100.0,3
CAN,2015,Canada,CA,North America,High income,3,100.0,100.0,100.0,0.0,1,0.0,100.0,100.0,100.0,100.0,3
CAN,2016,Canada,CA,North America,High income,3,100.0,100.0,100.0,0.0,1,0.0,100.0,100.0,100.0,100.0,3
CAN,2017,Canada,CA,North America,High income,3,100.0,100.0,100.0,0.0,1,0.0,100.0,100.0,100.0,100.0,3
CAN,2018,Canada,CA,North America,High income,3,100.0,100.0,100.0,0.0,1,0.0,100.0,100.0,100.0,100.0,3
CAN,2019,Canada,CA,North America,High income,3,100.0,100.0,100.0,0.0,1,0.0,100.0,100.0,100.0,100.0,3
CAN,2020,Canada,CA,North America,High income,3,98.33333333333333,95.0,100.0,2.88675134594813,1,5.0,95.0,100.0,100.0,98.33333333333333,3
CAN,2021,Canada,CA,North America,High income,3,98.33333333333333,95.0,100.0,2.88675134594813,1,5.0,95.0,100.0,100.0,98.33333333333333,3
CAN,2022,Canada,CA,North America,High income,3,98.33333333333333,95.0,100.0,2.88675134594813,1,5.0,95.0,100.0,100.0,98.33333333333333,3
CAN,2023,Canada,CA,North America,High income,3,98.33333333333333,95.0,100.0,2.88675134594813,1,5.0,95.0,100.0,100.0,98.33333333333333,3
CAN,2024,Canada,CA,North America,High income,3,98.33333333333333,95.0,100.0,2.88675134594813,1,5.0,95.0,100.0,100.0,98.33333333333333,3
CAN,2025,Canada,CA,North America,High income,3,98.33333333333333,95.0,100.0,2.88675134594813,1,5.0,95.0,100.0,100.0,98.33333333333333,3
CHE,2000,Switzerland,CH,Europe & Central Asia,High income,3,100.0,100.0,100.0,0.0,1,0.0,100.0,100.0,100.0,100.0,3
CHE,2001,Switzerland,CH,Europe & Central Asia,High income,3,100.0,100.0,100.0,0.0,1,0.0,100.0,100.0,100.0,100.0,3
CHE,2002,Switzerland,CH,Europe & Central Asia,High income,3,100.0,100.0,100.0,0.0,1,0.0,100.0,100.0,100.0,100.0,3
CHE,2003,Switzerland,CH,Europe & Central Asia,High income,3,100.0,100.0,100.0,0.0,1,0.0,100.0,100.0,100.0,100.0,3
CHE,2004,Switzerland,CH,Europe & Central Asia,High income,3,100.0,100.0,100.0,0.0,1,0.0,100.0,100.0,100.0,100.0,3
CHE,2005,Switzerland,CH,Europe & Central Asia,High income,3,100.0,100.0,100.0,0.0,1,0.0,100.0,100.0,100.0,100.0,3
CHE,2006,Switzerland,CH,Europe & Central Asia,High income,3,100.0,100.0,100.0,0.0,1,0.0,100.0,100.0,100.0,100.0,3
CHE,2007,Switzerland,CH,Europe & Central Asia,High income,3,100.0,100.0,100.0,0.0,1,0.0,100.0,100.0,100.0,100.0,3
CHE,2008,Switzerland,CH,Europe & Central Asia,High income,3,100.0,100.0,100.0,0.0,1,0.0,100.0,100.0,100.0,100.0,3
CHE,2009,Switzerland,CH,Europe & Central Asia,High income,3,100.0,100.0,100.0,0.0,1,0.0,100.0,100.0,100.0,100.0,3
CHE,2010,Switzerland,CH,Europe & Central Asia,High income,3,100.0,100.0,100.0,0.0,1,0.0,100.0,100.0,100.0,100.0,3
CHE,2011,Switzerland,CH,Europe & Central Asia,High income,3,100.0,100.0,100.0,0.0,1,0.0,100.0,100.0,100.0,100.0,3
CHE,2012,Switzerland,CH,Europe & Central Asia,High income,3,100.0,100.0,100.0,0.0,1,0.0,100.0,100.0,100.0,100.0,3
CHE,2013,Switzerland,CH,Europe & Central Asia,High income,3,100.0,100.0,100.0,0.0,1,0.0,100.0,100.0,100.0,100.0,3
CHE,2014,Switzerland,CH,Europe & Central Asia,High income,3,100.0,100.0,100.0,0.0,1,0.0,100.0,100.0,100.0,100.0,3
CHE,2015,Switzerland,CH,Europe & Central Asia,High income,3,100.0,100.0,100.0,0.0,1,0.0,100.0,100.0,100.0,100.0,3
CHE,2016,Switzerland,CH,Europe & Central Asia,High income,3,100.0,100.0,100.0,0.0,1,0.0,100.0,100.0,100.0,100.0,3
CHE,2017,Switzerland,CH,Europe & Central Asia,High income,3,100.0,100.0,100.0,0.0,1,0.0,100.0,100.0,100.0,100.0,3
CHE,2018,Switzerland,CH,Europe & Central Asia,High income,3,100.0,100.0,100.0,0.0,1,0.0,100.0,100.0,100.0,100.0,3
CHE,2019,Switzerland,CH,Europe & Central Asia,High income,3,100.0,100.0,100.0,0.0,1,0.0,100.0,100.0,100.0,100.0,3
CHE,2020,Switzerland,CH,Europe & Central Asia,High income,3,100.0,100.0,100.0,0.0,1,0.0,100.0,100.0,100.0,100.0,3
CHE,2021,Switzerland,CH,Europe & Central Asia,High income,3,100.0,100.0,100.0,0.0,1,0.0,100.0,100.0,100.0,100.0,3
CHE,2022,Switzerland,CH,Europe & Central Asia,High income,3,100.0,100.0,100.0,0.0,1,0.0,100.0,100.0,100.0,100.0,3
CHE,2023,Switzerland,CH,Europe & Central Asia,High income,3,100.0,100.0,100.0,0.0,1,0.0,100.0,100.0,100.0,100.0,3
CHE,2024,Switzerland,CH,Europe & Central Asia,High income,3,100.0,100.0,100.0,0.0,1,0.0,100.0,100.0,100.0,100.0,3
CHE,2025,Switzerland,CH,Europe & Central Asia,High income,3,100.0,100.0,100.0,0.0,1,0.0,100.0,100.0,100.0,100.0,3
CHL,2000,Chile,CL,Latin America & Caribbean,High income,2,67.5,65.0,70.0,3.5355339059327378,1,5.0,70.0,65.0,,67.5,2
CHL,2001,Chile,CL,Latin America & Caribbean,High income,2,67.5,65.0,70.0,3.5355339059327378,1,5.0,70.0,65.0,,67.5,2
CHL,2002,Chile,CL,Latin America & Caribbean,High income,2,67.5,65.0,70.0,3.5355339059327378,1,5.0,70.0,65.0,,67.5,2
CHL,2003,Chile,CL,Latin America & Caribbean,High income,2,67.5,65.0,70.0,3.5355339059327378,1,5.0,70.0,65.0,,67.5,2
CHL,2004,Chile,CL,Latin America & Caribbean,High income,2,67.5,65.0,70.0,3.5355339059327378,1,5.0,70.0,65.0,,67.5,2
CHL,2005,Chile,CL,Latin America & Caribbean,High income,2,70.0,65.0,75.0,7.0710678118654755,1,10.0,75.0,65.0,,70.0,2
CHL,2006,Chile,CL,Latin America & Caribbean,High income,2,75.0,75.0,75.0,0.0,1,0.0,75.0,75.0,,75.0,2
CHL,2007,Chile,CL,Latin America & Caribbean,High income,3,76.66666666666667,75.0,80.0,2.886751345948127,1,5.0,75.0,75.0,80.0,76.66666666666667,3
CHL,2008,Chile,CL,Latin America & Caribbean,High income,3,76.66666666666667,75.0,80.0,2.886751345948127,1,5.0,75.0,75.0,80.0,76.66666666666667,3
CHL,2009,Chile,CL,Latin America & Caribbean,High income,3,78.33333333333333,75.0,80.0,2.88675134594813,1,5.0,75.0,80.0,80.0,78.33333333333333,3
CHL,2010,Chile,CL,Latin America & Caribbean,High income,3,80.0,75.0,85.0,5.0,1,10.0,75.0,85.0,80.0,80.0,3
CHL,2011,Chile,CL,Latin America & Caribbean,High income,3,81.66666666666667,80.0,85.0,2.88675134594813,1,5.0,80.0,85.0,80.0,81.66666666666667,3
CHL,2012,Chile,CL,Latin America & Caribbean,High income,3,83.33333333333333,80.0,85.0,2.88675134594813,1,5.0,80.0,85.0,85.0,83.33333333333333,3
CHL,2013,Chile,CL,Latin America & Caribbean,High income,3,83.33333333333333,80.0,85.0,2.88675134594813,1,5.0,80.0,85.0,85.0,83.33333333333333,3
CHL,2014,Chile,CL,Latin America & Caribbean,High income,3,83.33333333333333,80.0,85.0,2.88675134594813,1,5.0,80.0,85.0,85.0,83.33333333333333,3
CHL,2015,Chile,CL,Latin America & Caribbean,High income,3,83.33333333333333,80.0,85.0,2.88675134594813,1,5.0,80.0,85.0,85.0,83.33333333333333,3
CHL,2016,Chile,CL,Latin America & Caribbean,High income,3,83.33333333333333,80.0,85.0,2.88675134594813,1,5.0,80.0,85.0,85.0,83.33333333333333,3
CHL,2017,Chile,CL,Latin America & Caribbean,High income,3,80.0,75.0,85.0,5.0,1,10.0,75.0,85.0,80.0,80.0,3
CHL,2018,Chile,CL,Latin America & Caribbean,High income,3,78.33333333333333,75.0,80.0,2.88675134594813,1,5.0,75.0,80.0,80.0,78.33333333333333,3
CHL,2019,Chile,CL,Latin America & Caribbean,High income,3,78.33333333333333,75.0,80.0,2.88675134594813,1,5.0,75.0,80.0,80.0,78.33333333333333,3
CHL,2020,Chile,CL,Latin America & Caribbean,High income,3,76.66666666666667,70.0,80.0,5.773502691896256,1,10.0,70.0,80.0,80.0,76.66666666666667,3
CHL,2021,Chile,CL,Latin America & Caribbean,High income,3,75.0,70.0,80.0,5.0,1,10.0,70.0,80.0,75.0,75.0,3
CHL,2022,Chile,CL,Latin America & Caribbean,High income,3,73.33333333333333,70.0,75.0,2.88675134594813,1,5.0,70.0,75.0,75.0,73.33333333333333,3
CHL,2023,Chile,CL,Latin America & Caribbean,High income,3,73.33333333333333,70.0,75.0,2.88675134594813,1,5.0,70.0,75.0,75.0,73.33333333333333,3
CHL,2024,Chile,CL,Latin America & Caribbean,High income,3,73.33333333333333,70.0,75.0,2.88675134594813,1,5.0,70.0,75.0,75.0,73.33333333333333,3
CHL,2025,Chile,CL,Latin America & Caribbean,High income,3,73.33333333333333,70.0,75.0,2.88675134594813,1,5.0,70.0,75.0,75.0,73.33333333333333,3
CHN,2000,China,CN,East Asia & Pacific,Upper middle income,2,70.0,70.0,70.0,0.0,1,0.0,70.0,70.0,,70.0,2
CHN,2001,China,CN,East Asia & Pacific,Upper middle income,2,70.0,70.0,70.0,0.0,1,0.0,70.0,70.0,,70.0,2
CHN,2002,China,CN,East Asia & Pacific,Upper middle income,2,70.0,70.0,70.0,0.0,1,0.0,70.0,70.0,,70.0,2
CHN,2003,China,CN,East Asia & Pacific,Upper middle income,2,72.5,70.0,75.0,3.5355339059327378,1,5.0,70.0,75.0,,72.5,2
CHN,2004,China,CN,East Asia & Pacific,Upper middle income,2,72.5,70.0,75.0,3.5355339059327378,1,5.0,70.0,75.0,,72.5,2
CHN,2005,China,CN,East Asia & Pacific,Upper middle income,2,75.0,75.0,75.0,0.0,1,0.0,75.0,75.0,,75.0,2
CHN,2006,China,CN,East Asia & Pacific,Upper middle income,2,75.0,75.0,75.0,0.0,1,0.0,75.0,75.0,,75.0,2
CHN,2007,China,CN,East Asia & Pacific,Upper middle income,2,80.0,80.0,80.0,0.0,1,0.0,80.0,80.0,,80.0,2
CHN,2008,China,CN,East Asia & Pacific,Upper middle income,2,80.0,80.0,80.0,0.0,1,0.0,80.0,80.0,,80.0,2
CHN,2009,China,CN,East Asia & Pacific,Upper middle income,2,80.0,80.0,80.0,0.0,1,0.0,80.0,80.0,,80.0,2
CHN,2010,China,CN,East Asia & Pacific,Upper middle income,3,83.33333333333333,80.0,85.0,2.88675134594813,1,5.0,80.0,85.0,85.0,83.33333333333333,3
CHN,2011,China,CN,East Asia & Pacific,Upper middle income,3,83.33333333333333,80.0,85.0,2.88675134594813,1,5.0,80.0,85.0,85.0,83.33333333333333,3
CHN,2012,China,CN,East Asia & Pacific,Upper middle income,3,83.33333333333333,80.0,85.0,2.88675134594813,1,5.0,80.0,85.0,85.0,83.33333333333333,3
CHN,2013,China,CN,East Asia & Pacific,Upper middle income,3,83.33333333333333,80.0,85.0,2.88675134594813,1,5.0,80.0,85.0,85.0,83.33333333333333,3
CHN,2014,China,CN,East Asia & Pacific,Upper middle income,3,83.33333333333333,80.0,85.0,2.88675134594813,1,5.0,80.0,85.0,85.0,83.33333333333333,3
CHN,2015,China,CN,East Asia & Pacific,Upper middle income,3,83.33333333333333,80.0,85.0,2.88675134594813,1,5.0,80.0,85.0,85.0,83.33333333333333,3
CHN,2016,China,CN,East Asia & Pacific,Upper middle income,3,83.33333333333333,80.0,85.0,2.88675134594813,1,5.0,80.0,85.0,85.0,83.33333333333333,3
CHN,2017,China,CN,East Asia & Pacific,Upper middle income,3,80.0,80.0,80.0,0.0,1,0.0,80.0,80.0,80.0,80.0,3
CHN,2018,China,CN,East Asia & Pacific,Upper middle income,3,80.0,80.0,80.0,0.0,1,0.0,80.0,80.0,80.0,80.0,3
CHN,2019,China,CN,East Asia & Pacific,Upper middle income,3,80.0,80.0,80.0,0.0,1,0.0,80.0,80.0,80.0,80.0,3
CHN,2020,China,CN,East Asia & Pacific,Upper middle income,3,80.0,80.0,80.0,0.0,1,0.0,80.0,80.0,80.0,80.0,3
CHN,2021,China,CN,East Asia & Pacific,Upper middle income,3,80.0,80.0,80.0,0.0,1,0.0,80.0,80.0,80.0,80.0,3
CHN,2022,China,CN,East Asia & Pacific,Upper middle income,3,80.0,80.0,80.0,0.0,1,0.0,80.0,80.0,80.0,80.0,3
CHN,2023,China,CN,East Asia & Pacific,Upper middle income,3,80.0,80.0,80.0,0.0,1,0.0,80.0,80.0,80.0,80.0,3
CHN,2024,China,CN,East Asia & Pacific,Upper middle income,3,80.0,80.0,80.0,0.0,1,0.0,80.0,80.0,80.0,80.0,3
CHN,2025,China,CN,East Asia & Pacific,Upper middle income,3,80.0,80.0,80.0,0.0,1,0.0,80.0,80.0,80.0,80.0,3
CIV,2000,Cote d'Ivoire,CI,Sub-Saharan Africa,Lower middle income,0,,,,,0,,,,,,0
CIV,2001,Cote d'Ivoire,CI,Sub-Saharan Africa,Lower middle income,0,,,,,0,,,,,,0
CIV,2002,Cote d'Ivoire,CI,Sub-Saharan Africa,Lower middle income,0,,,,,0,,,,,,0
CIV,2003,Cote d'Ivoire,CI,Sub-Saharan Africa,Lower middle income,0,,,,,0,,,,,,0
CIV,2004,Cote d'Ivoire,CI,Sub-Saharan Africa,Lower middle income,0,,,,,0,,,,,,0
CIV,2005,Cote d'Ivoire,CI,Sub-Saharan Africa,Lower middle income,0,,,,,0,,,,,,0
CIV,2006,Cote d'Ivoire,CI,Sub-Saharan Africa,Lower middle income,0,,,,,0,,,,,,0
CIV,2007,Cote d'Ivoire,CI,Sub-Saharan Africa,Lower middle income,0,,,,,0,,,,,,0
CIV,2008,Cote d'Ivoire,CI,Sub-Saharan Africa,Lower middle income,0,,,,,0,,,,,,0
CIV,2009,Cote d'Ivoire,CI,Sub-Saharan Africa,Lower middle income,0,,,,,0,,,,,,0
CIV,2010,Cote d'Ivoire,CI,Sub-Saharan Africa,Lower middle income,0,,,,,0,,,,,,0
CIV,2011,Cote d'Ivoire,CI,Sub-Saharan Africa,Lower middle income,0,,,,,0,,,,,,0
CIV,2012,Cote d'Ivoire,CI,Sub-Saharan Africa,Lower middle income,0,,,,,0,,,,,,0
CIV,2013,Cote d'Ivoire,CI,Sub-Saharan Africa,Lower middle income,0,,,,,0,,,,,,0
CIV,2014,Cote d'Ivoire,CI,Sub-Saharan Africa,Lower middle income,1,30.0,30.0,30.0,0.0,1,0.0,30.0,,,30.0,1
CIV,2015,Cote d'Ivoire,CI,Sub-Saharan Africa,Lower middle income,1,35.0,35.0,35.0,0.0,1,0.0,35.0,,,35.0,1
CIV,2016,Cote d'Ivoire,CI,Sub-Saharan Africa,Lower middle income,1,35.0,35.0,35.0,0.0,1,0.0,35.0,,,35.0,1
CIV,2017,Cote d'Ivoire,CI,Sub-Saharan Africa,Lower middle income,1,35.0,35.0,35.0,0.0,1,0.0,35.0,,,35.0,1
CIV,2018,Cote d'Ivoire,CI,Sub-Saharan Africa,Lower middle income,1,35.0,35.0,35.0,0.0,1,0.0,35.0,,,35.0,1
CIV,2019,Cote d'Ivoire,CI,Sub-Saharan Africa,Lower middle income,1,35.0,35.0,35.0,0.0,1,0.0,35.0,,,35.0,1
CIV,2020,Cote d'Ivoire,CI,Sub-Saharan Africa,Lower middle income,1,35.0,35.0,35.0,0.0,1,0.0,35.0,,,35.0,1
CIV,2021,Cote d'Ivoire,CI,Sub-Saharan Africa,Lower middle income,2,40.0,40.0,40.0,0.0,1,0.0,40.0,,40.0,40.0,2
CIV,2022,Cote d'Ivoire,CI,Sub-Saharan Africa,Lower middle income,2,40.0,40.0,40.0,0.0,1,0.0,40.0,,40.0,40.0,2
CIV,2023,Cote d'Ivoire,CI,Sub-Saharan Africa,Lower middle income,2,40.0,40.0,40.0,0.0,1,0.0,40.0,,40.0,40.0,2
CIV,2024,Cote d'Ivoire,CI,Sub-Saharan Africa,Lower middle income,2,40.0,40.0,40.0,0.0,1,0.0,40.0,,40.0,40.0,2
CIV,2025,Cote d'Ivoire,CI,Sub-Saharan Africa,Lower middle income,2,40.0,40.0,40.0,0.0,1,0.0,40.0,,40.0,40.0,2
CMR,2000,Cameroon,CM,Sub-Saharan Africa,Lower middle income,0,,,,,0,,,,,,0
CMR,2001,Cameroon,CM,Sub-Saharan Africa,Lower middle income,0,,,,,0,,,,,,0
CMR,2002,Cameroon,CM,Sub-Saharan Africa,Lower middle income,0,,,,,0,,,,,,0
CMR,2003,Cameroon,CM,Sub-Saharan Africa,Lower middle income,1,30.0,30.0,30.0,0.0,1,0.0,30.0,,,30.0,1
CMR,2004,Cameroon,CM,Sub-Saharan Africa,Lower middle income,1,30.0,30.0,30.0,0.0,1,0.0,30.0,,,30.0,1
CMR,2005,Cameroon,CM,Sub-Saharan Africa,Lower middle income,1,25.0,25.0,25.0,0.0,1,0.0,25.0,,,25.0,1
CMR,2006,Cameroon,CM,Sub-Saharan Africa,Lower middle income,1,30.0,30.0,30.0,0.0,1,0.0,30.0,,,30.0,1
CMR,2007,Cameroon,CM,Sub-Saharan Africa,Lower middle income,2,30.0,30.0,30.0,0.0,1,0.0,30.0,,30.0,30.0,2
CMR,2008,Cameroon,CM,Sub-Saharan Africa,Lower middle income,2,30.0,30.0,30.0,0.0,1,0.0,30.0,,30.0,30.0,2
CMR,2009,Cameroon,CM,Sub-Saharan Africa,Lower middle income,2,30.0,30.0,30.0,0.0,1,0.0,30.0,,30.0,30.0,2
CMR,2010,Cameroon,CM,Sub-Saharan Africa,Lower middle income,2,30.0,30.0,30.0,0.0,1,0.0,30.0,,30.0,30.0,2
CMR,2011,Cameroon,CM,Sub-Saharan Africa,Lower middle income,2,30.0,30.0,30.0,0.0,1,0.0,30.0,,30.0,30.0,2
CMR,2012,Cameroon,CM,Sub-Saharan Africa,Lower middle income,2,30.0,30.0,30.0,0.0,1,0.0,30.0,,30.0,30.0,2
CMR,2013,Cameroon,CM,Sub-Saharan Africa,Lower middle income,2,30.0,30.0,30.0,0.0,1,0.0,30.0,,30.0,30.0,2
CMR,2014,Cameroon,CM,Sub-Saharan Africa,Lower middle income,2,30.0,30.0,30.0,0.0,1,0.0,30.0,,30.0,30.0,2
CMR,2015,Cameroon,CM,Sub-Saharan Africa,Lower middle income,2,30.0,30.0,30.0,0.0,1,0.0,30.0,,30.0,30.0,2
CMR,2016,Cameroon,CM,Sub-Saharan Africa,Lower middle income,2,30.0,30.0,30.0,0.0,1,0.0,30.0,,30.0,30.0,2
CMR,2017,Cameroon,CM,Sub-Saharan Africa,Lower middle income,2,30.0,30.0,30.0,0.0,1,0.0,30.0,,30.0,30.0,2
CMR,2018,Cameroon,CM,Sub-Saharan Africa,Lower middle income,2,30.0,30.0,30.0,0.0,1,0.0,30.0,,30.0,30.0,2
CMR,2019,Cameroon,CM,Sub-Saharan Africa,Lower middle income,2,30.0,30.0,30.0,0.0,1,0.0,30.0,,30.0,30.0,2
CMR,2020,Cameroon,CM,Sub-Saharan Africa,Lower middle income,2,27.5,25.0,30.0,3.5355339059327378,1,5.0,30.0,,25.0,27.5,2
CMR,2021,Cameroon,CM,Sub-Saharan Africa,Lower middle income,2,27.5,25.0,30.0,3.5355339059327378,1,5.0,30.0,,25.0,27.5,2
CMR,2022,Cameroon,CM,Sub-Saharan Africa,Lower middle income,2,27.5,25.0,30.0,3.5355339059327378,1,5.0,30.0,,25.0,27.5,2
CMR,2023,Cameroon,CM,Sub-Saharan Africa,Lower middle income,2,25.0,20.0,30.0,7.0710678118654755,1,10.0,30.0,,20.0,25.0,2
CMR,2024,Cameroon,CM,Sub-Saharan Africa,Lower middle income,2,27.5,25.0,30.0,3.5355339059327378,1,5.0,30.0,,25.0,27.5,2
CMR,2025,Cameroon,CM,Sub-Saharan Africa,Lower middle income,2,27.5,25.0,30.0,3.5355339059327378,1,5.0,30.0,,25.0,27.5,2
COD,2000,"Congo, Dem. Rep.",CD,Sub-Saharan Africa,Low income,0,,,,,0,,,,,,0
COD,2001,"Congo, Dem. Rep.",CD,Sub-Saharan Africa,Low income,0,,,,,0,,,,,,0
COD,2002,"Congo, Dem. Rep.",CD,Sub-Saharan Africa,Low income,0,,,,,0,,,,,,0
COD,2003,"Congo, Dem. Rep.",CD,Sub-Saharan Africa,Low income,0,,,,,0,,,,,,0
COD,2004,"Congo, Dem. Rep.",CD,Sub-Saharan Africa,Low income,0,,,,,0,,,,,,0
COD,2005,"Congo, Dem. Rep.",CD,Sub-Saharan Africa,Low income,0,,,,,0,,,,,,0
COD,2006,"Congo, Dem. Rep.",CD,Sub-Saharan Africa,Low income,0,,,,,0,,,,,,0
COD,2007,"Congo, Dem. Rep.",CD,Sub-Saharan Africa,Low income,0,,,,,0,,,,,,0
COD,2008,"Congo, Dem. Rep.",CD,Sub-Saharan Africa,Low income,0,,,,,0,,,,,,0
COD,2009,"Congo, Dem. Rep.",CD,Sub-Saharan Africa,Low income,0,,,,,0,,,,,,0
COD,2010,"Congo, Dem. Rep.",CD,Sub-Saharan Africa,Low income,0,,,,,0,,,,,,0
COD,2011,"Congo, Dem. Rep.",CD,Sub-Saharan Africa,Low income,0,,,,,0,,,,,,0
COD,2012,"Congo, Dem. Rep.",CD,Sub-Saharan Africa,Low income,0,,,,,0,,,,,,0
COD,2013,"Congo, Dem. Rep.",CD,Sub-Saharan Africa,Low income,1,25.0,25.0,25.0,0.0,1,0.0,,,25.0,25.0,1
COD,2014,"Congo, Dem. Rep.",CD,Sub-Saharan Africa,Low income,1,25.0,25.0,25.0,0.0,1,0.0,,,25.0,25.0,1
COD,2015,"Congo, Dem. Rep.",CD,Sub-Saharan Africa,Low income,1,25.0,25.0,25.0,0.0,1,0.0,,,25.0,25.0,1
COD,2016,"Congo, Dem. Rep.",CD,Sub-Saharan Africa,Low income,1,25.0,25.0,25.0,0.0,1,0.0,,,25.0,25.0,1
COD,2017,"Congo, Dem. Rep.",CD,Sub-Saharan Africa,Low income,1,20.0,20.0,20.0,0.0,1,0.0,,,20.0,20.0,1
COD,2018,"Congo, Dem. Rep.",CD,Sub-Saharan Africa,Low income,1,20.0,20.0,20.0,0.0,1,0.0,,,20.0,20.0,1
COD,2019,"Congo, Dem. Rep.",CD,Sub-Saharan Africa,Low income,1,20.0,20.0,20.0,0.0,1,0.0,,,20.0,20.0,1
COD,2020,"Congo, Dem. Rep.",CD,Sub-Saharan Africa,Low income,1,20.0,20.0,20.0,0.0,1,0.0,,,20.0,20.0,1
COD,2021,"Congo, Dem. Rep.",CD,Sub-Saharan Africa,Low income,1,20.0,20.0,20.0,0.0,1,0.0,,,20.0,20.0,1
COD,2022,"Congo, Dem. Rep.",CD,Sub-Saharan Africa,Low income,1,25.0,25.0,25.0,0.0,1,0.0,,,25.0,25.0,1
COD,2023,"Congo, Dem. Rep.",CD,Sub-Saharan Africa,Low income,1,25.0,25.0,25.0,0.0,1,0.0,,,25.0,25.0,1
COD,2024,"Congo, Dem. Rep.",CD,Sub-Saharan Africa,Low income,1,25.0,25.0,25.0,0.0,1,0.0,,,25.0,25.0,1
COD,2025,"Congo, Dem. Rep.",CD,Sub-Saharan Africa,Low income,1,25.0,25.0,25.0,0.0,1,0.0,,,25.0,25.0,1
COG,2000,"Congo, Rep.",CG,Sub-Saharan Africa,Lower middle income,0,,,,,0,,,,,,0
COG,2001,"Congo, Rep.",CG,Sub-Saharan Africa,Lower middle income,0,,,,,0,,,,,,0
COG,2002,"Congo, Rep.",CG,Sub-Saharan Africa,Lower middle income,0,,,,,0,,,,,,0
COG,2003,"Congo, Rep.",CG,Sub-Saharan Africa,Lower middle income,0,,,,,0,,,,,,0
COG,2004,"Congo, Rep.",CG,Sub-Saharan Africa,Lower middle income,0,,,,,0,,,,,,0
COG,2005,"Congo, Rep.",CG,Sub-Saharan Africa,Lower middle income,0,,,,,0,,,,,,0
COG,2006,"Congo, Rep.",CG,Sub-Saharan Africa,Lower middle income,0,,,,,0,,,,,,0
COG,2007,"Congo, Rep.",CG,Sub-Saharan Africa,Lower middle income,0,,,,,0,,,,,,0
COG,2008,"Congo, Rep.",CG,Sub-Saharan Africa,Lower middle income,0,,,,,0,,,,,,0
COG,2009,"Congo, Rep.",CG,Sub-Saharan Africa,Lower middle income,0,,,,,0,,,,,,0
COG,2010,"Congo, Rep.",CG,Sub-Saharan Africa,Lower middle income,0,,,,,0,,,,,,0
COG,2011,"Congo, Rep.",CG,Sub-Saharan Africa,Lower middle income,0,,,,,0,,,,,,0
COG,2012,"Congo, Rep.",CG,Sub-Saharan Africa,Lower middle income,0,,,,,0,,,,,,0
COG,2013,"Congo, Rep.",CG,Sub-Saharan Africa,Lower middle income,2,30.0,25.0,35.0,7.0710678118654755,1,10.0,35.0,,25.0,30.0,2
COG,2014,"Congo, Rep.",CG,Sub-Saharan Africa,Lower middle income,2,30.0,25.0,35.0,7.0710678118654755,1,10.0,35.0,,25.0,30.0,2
COG,2015,"Congo, Rep.",CG,Sub-Saharan Africa,Lower middle income,2,32.5,30.0,35.0,3.5355339059327378,1,5.0,35.0,,30.0,32.5,2
COG,2016,"Congo, Rep.",CG,Sub-Saharan Africa,Lower middle income,2,20.0,15.0,25.0,7.0710678118654755,1,10.0,15.0,,25.0,20.0,2
COG,2017,"Congo, Rep.",CG,Sub-Saharan Africa,Lower middle income,2,12.5,5.0,20.0,10.606601717798213,1,15.0,5.0,,20.0,12.5,2
COG,2018,"Congo, Rep.",CG,Sub-Saharan Africa,Lower middle income,2,15.0,5.0,25.0,14.142135623730951,1,20.0,5.0,,25.0,15.0,2
COG,2019,"Congo, Rep.",CG,Sub-Saharan Africa,Lower middle income,2,20.0,15.0,25.0,7.0710678118654755,1,10.0,15.0,,25.0,20.0,2
COG,2020,"Congo, Rep.",CG,Sub-Saharan Africa,Lower middle income,2,17.5,15.0,20.0,3.5355339059327378,1,5.0,15.0,,20.0,17.5,2
COG,2021,"Congo, Rep.",CG,Sub-Saharan Africa,Lower middle income,2,17.5,15.0,20.0,3.5355339059327378,1,5.0,15.0,,20.0,17.5,2
COG,2022,"Congo, Rep.",CG,Sub-Saharan Africa,Lower middle income,2,20.0,20.0,20.0,0.0,1,0.0,20.0,,20.0,20.0,2
COG,2023,"Congo, Rep.",CG,Sub-Saharan Africa,Lower middle income,2,22.5,20.0,25.0,3.5355339059327378,1,5.0,20.0,,25.0,22.5,2
COG,2024,"Congo, Rep.",CG,Sub-Saharan Africa,Lower middle income,2,20.0,20.0,20.0,0.0,1,0.0,20.0,,20.0,20.0,2
COG,2025,"Congo, Rep.",CG,Sub-Saharan Africa,Lower middle income,2,20.0,20.0,20.0,0.0,1,0.0,20.0,,20.0,20.0,2
COL,2000,Colombia,CO,Latin America & Caribbean,Upper middle income,2,47.5,45.0,50.0,3.5355339059327378,1,5.0,50.0,45.0,,47.5,2
COL,2001,Colombia,CO,Latin America & Caribbean,Upper middle income,2,47.5,45.0,50.0,3.5355339059327378,1,5.0,50.0,45.0,,47.5,2
COL,2002,Colombia,CO,Latin America & Caribbean,Upper middle income,2,45.0,45.0,45.0,0.0,1,0.0,45.0,45.0,,45.0,2
COL,2003,Colombia,CO,Latin America & Caribbean,Upper middle income,2,45.0,45.0,45.0,0.0,1,0.0,45.0,45.0,,45.0,2
COL,2004,Colombia,CO,Latin America & Caribbean,Upper middle income,2,45.0,45.0,45.0,0.0,1,0.0,45.0,45.0,,45.0,2
COL,2005,Colombia,CO,Latin America & Caribbean,Upper middle income,2,45.0,45.0,45.0,0.0,1,0.0,45.0,45.0,,45.0,2
COL,2006,Colombia,CO,Latin America & Caribbean,Upper middle income,2,45.0,45.0,45.0,0.0,1,0.0,45.0,45.0,,45.0,2
COL,2007,Colombia,CO,Latin America & Caribbean,Upper middle income,2,47.5,45.0,50.0,3.5355339059327378,1,5.0,50.0,45.0,,47.5,2
COL,2008,Colombia,CO,Latin America & Caribbean,Upper middle income,2,50.0,50.0,50.0,0.0,1,0.0,50.0,50.0,,50.0,2
COL,2009,Colombia,CO,Latin America & Caribbean,Upper middle income,2,50.0,50.0,50.0,0.0,1,0.0,50.0,50.0,,50.0,2
COL,2010,Colombia,CO,Latin America & Caribbean,Upper middle income,2,50.0,50.0,50.0,0.0,1,0.0,50.0,50.0,,50.0,2
COL,2011,Colombia,CO,Latin America & Caribbean,Upper middle income,3,55.0,55.0,55.0,0.0,1,0.0,55.0,55.0,55.0,55.0,3
COL,2012,Colombia,CO,Latin America & Caribbean,Upper middle income,3,55.0,55.0,55.0,0.0,1,0.0,55.0,55.0,55.0,55.0,3
COL,2013,Colombia,CO,Latin America & Caribbean,Upper middle income,3,58.333333333333336,55.0,60.0,2.886751345948128,1,5.0,60.0,55.0,60.0,58.333333333333336,3
COL,2014,Colombia,CO,Latin America & Caribbean,Upper middle income,3,60.0,60.0,60.0,0.0,1,0.0,60.0,60.0,60.0,60.0,3
COL,2015,Colombia,CO,Latin America & Caribbean,Upper middle income,3,60.0,60.0,60.0,0.0,1,0.0,60.0,60.0,60.0,60.0,3
COL,2016,Colombia,CO,Latin America & Caribbean,Upper middle income,3,60.0,60.0,60.0,0.0,1,0.0,60.0,60.0,60.0,60.0,3
COL,2017,Colombia,CO,Latin America & Caribbean,Upper middle income,3,58.333333333333336,55.0,60.0,2.88675134594813,1,5.0,60.0,60.0,55.0,58.333333333333336,3
COL,2018,Colombia,CO,Latin America & Caribbean,Upper middle income,3,58.333333333333336,55.0,60.0,2.88675134594813,1,5.0,60.0,60.0,55.0,58.333333333333336,3
COL,2019,Colombia,CO,Latin America & Caribbean,Upper middle income,3,58.333333333333336,55.0,60.0,2.88675134594813,1,5.0,60.0,60.0,55.0,58.333333333333336,3
COL,2020,Colombia,CO,Latin America & Caribbean,Upper middle income,3,56.666666666666664,55.0,60.0,2.886751345948128,1,5.0,55.0,60.0,55.0,56.666666666666664,3
COL,2021,Colombia,CO,Latin America & Caribbean,Upper middle income,3,53.333333333333336,50.0,60.0,5.773502691896258,1,10.0,50.0,60.0,50.0,53.333333333333336,3
COL,2022,Colombia,CO,Latin America & Caribbean,Upper middle income,3,53.333333333333336,50.0,60.0,5.773502691896258,1,10.0,50.0,60.0,50.0,53.333333333333336,3
COL,2023,Colombia,CO,Latin America & Caribbean,Upper middle income,3,53.333333333333336,50.0,60.0,5.773502691896258,1,10.0,50.0,60.0,50.0,53.333333333333336,3
COL,2024,Colombia,CO,Latin America & Caribbean,Upper middle income,3,53.333333333333336,50.0,60.0,5.773502691896258,1,10.0,50.0,60.0,50.0,53.333333333333336,3
COL,2025,Colombia,CO,Latin America & Caribbean,Upper middle income,3,50.0,45.0,55.0,5.0,1,10.0,50.0,55.0,45.0,50.0,3
CPV,2000,Cabo Verde,CV,Sub-Saharan Africa,Upper middle income,0,,,,,0,,,,,,0
CPV,2001,Cabo Verde,CV,Sub-Saharan Africa,Upper middle income,0,,,,,0,,,,,,0
CPV,2002,Cabo Verde,CV,Sub-Saharan Africa,Upper middle income,0,,,,,0,,,,,,0
CPV,2003,Cabo Verde,CV,Sub-Saharan Africa,Upper middle income,1,35.0,35.0,35.0,0.0,1,0.0,35.0,,,35.0,1
CPV,2004,Cabo Verde,CV,Sub-Saharan Africa,Upper middle income,1,35.0,35.0,35.0,0.0,1,0.0,35.0,,,35.0,1
CPV,2005,Cabo Verde,CV,Sub-Saharan Africa,Upper middle income,1,35.0,35.0,35.0,0.0,1,0.0,35.0,,,35.0,1
CPV,2006,Cabo Verde,CV,Sub-Saharan Africa,Upper middle income,1,35.0,35.0,35.0,0.0,1,0.0,35.0,,,35.0,1
CPV,2007,Cabo Verde,CV,Sub-Saharan Africa,Upper middle income,1,35.0,35.0,35.0,0.0,1,0.0,35.0,,,35.0,1
CPV,2008,Cabo Verde,CV,Sub-Saharan Africa,Upper middle income,2,35.0,35.0,35.0,0.0,1,0.0,35.0,,35.0,35.0,2
CPV,2009,Cabo Verde,CV,Sub-Saharan Africa,Upper middle income,2,35.0,35.0,35.0,0.0,1,0.0,35.0,,35.0,35.0,2
CPV,2010,Cabo Verde,CV,Sub-Saharan Africa,Upper middle income,2,35.0,35.0,35.0,0.0,1,0.0,35.0,,35.0,35.0,2
CPV,2011,Cabo Verde,CV,Sub-Saharan Africa,Upper middle income,2,35.0,35.0,35.0,0.0,1,0.0,35.0,,35.0,35.0,2
CPV,2012,Cabo Verde,CV,Sub-Saharan Africa,Upper middle income,2,35.0,35.0,35.0,0.0,1,0.0,35.0,,35.0,35.0,2
CPV,2013,Cabo Verde,CV,Sub-Saharan Africa,Upper middle income,2,32.5,30.0,35.0,3.5355339059327378,1,5.0,35.0,,30.0,32.5,2
CPV,2014,Cabo Verde,CV,Sub-Saharan Africa,Upper middle income,2,30.0,30.0,30.0,0.0,1,0.0,30.0,,30.0,30.0,2
CPV,2015,Cabo Verde,CV,Sub-Saharan Africa,Upper middle income,2,30.0,30.0,30.0,0.0,1,0.0,30.0,,30.0,30.0,2
CPV,2016,Cabo Verde,CV,Sub-Saharan Africa,Upper middle income,2,30.0,30.0,30.0,0.0,1,0.0,30.0,,30.0,30.0,2
CPV,2017,Cabo Verde,CV,Sub-Saharan Africa,Upper middle income,2,30.0,30.0,30.0,0.0,1,0.0,30.0,,30.0,30.0,2
CPV,2018,Cabo Verde,CV,Sub-Saharan Africa,Upper middle income,2,30.0,30.0,30.0,0.0,1,0.0,30.0,,30.0,30.0,2
CPV,2019,Cabo Verde,CV,Sub-Saharan Africa,Upper middle income,2,30.0,30.0,30.0,0.0,1,0.0,30.0,,30.0,30.0,2
CPV,2020,Cabo Verde,CV,Sub-Saharan Africa,Upper middle income,2,27.5,25.0,30.0,3.5355339059327378,1,5.0,25.0,,30.0,27.5,2
CPV,2021,Cabo Verde,CV,Sub-Saharan Africa,Upper middle income,2,25.0,25.0,25.0,0.0,1,0.0,25.0,,25.0,25.0,2
CPV,2022,Cabo Verde,CV,Sub-Saharan Africa,Upper middle income,2,25.0,25.0,25.0,0.0,1,0.0,25.0,,25.0,25.0,2
CPV,2023,Cabo Verde,CV,Sub-Saharan Africa,Upper middle income,2,25.0,25.0,25.0,0.0,1,0.0,25.0,,25.0,25.0,2
CPV,2024,Cabo Verde,CV,Sub-Saharan Africa,Upper middle income,2,27.5,25.0,30.0,3.5355339059327378,1,5.0,25.0,,30.0,27.5,2
CPV,2025,Cabo Verde,CV,Sub-Saharan Africa,Upper middle income,2,27.5,25.0,30.0,3.5355339059327378,1,5.0,25.0,,30.0,27.5,2
CRI,2000,Costa Rica,CR,Latin America & Caribbean,High income,3,46.666666666666664,45.0,50.0,2.886751345948128,1,5.0,45.0,50.0,45.0,46.666666666666664,3
CRI,2001,Costa Rica,CR,Latin America & Caribbean,High income,3,46.666666666666664,45.0,50.0,2.886751345948128,1,5.0,45.0,50.0,45.0,46.666666666666664,3
CRI,2002,Costa Rica,CR,Latin America & Caribbean,High income,3,46.666666666666664,45.0,50.0,2.886751345948128,1,5.0,45.0,50.0,45.0,46.666666666666664,3
CRI,2003,Costa Rica,CR,Latin America & Caribbean,High income,3,46.666666666666664,45.0,50.0,2.886751345948128,1,5.0,45.0,50.0,45.0,46.666666666666664,3
CRI,2004,Costa Rica,CR,Latin America & Caribbean,High income,3,46.666666666666664,45.0,50.0,2.886751345948128,1,5.0,45.0,50.0,45.0,46.666666666666664,3
CRI,2005,Costa Rica,CR,Latin America & Caribbean,High income,3,46.666666666666664,45.0,50.0,2.886751345948128,1,5.0,45.0,50.0,45.0,46.666666666666664,3
CRI,2006,Costa Rica,CR,Latin America & Caribbean,High income,3,46.666666666666664,45.0,50.0,2.886751345948128,1,5.0,45.0,50.0,45.0,46.666666666666664,3
CRI,2007,Costa Rica,CR,Latin America & Caribbean,High income,3,46.666666666666664,45.0,50.0,2.886751345948128,1,5.0,45.0,50.0,45.0,46.666666666666664,3
CRI,2008,Costa Rica,CR,Latin America & Caribbean,High income,3,46.666666666666664,45.0,50.0,2.886751345948128,1,5.0,45.0,50.0,45.0,46.666666666666664,3
CRI,2009,Costa Rica,CR,Latin America & Caribbean,High income,3,46.666666666666664,45.0,50.0,2.886751345948128,1,5.0,45.0,50.0,45.0,46.666666666666664,3
CRI,2010,Costa Rica,CR,Latin America & Caribbean,High income,3,48.333333333333336,45.0,55.0,5.773502691896258,1,10.0,45.0,55.0,45.0,48.333333333333336,3
CRI,2011,Costa Rica,CR,Latin America & Caribbean,High income,3,50.0,45.0,55.0,5.0,1,10.0,50.0,55.0,45.0,50.0,3
CRI,2012,Costa Rica,CR,Latin America & Caribbean,High income,3,50.0,45.0,55.0,5.0,1,10.0,50.0,55.0,45.0,50.0,3
CRI,2013,Costa Rica,CR,Latin America & Caribbean,High income,3,50.0,45.0,55.0,5.0,1,10.0,50.0,55.0,45.0,50.0,3
CRI,2014,Costa Rica,CR,Latin America & Caribbean,High income,3,48.333333333333336,45.0,50.0,2.88675134594813,1,5.0,50.0,50.0,45.0,48.333333333333336,3
CRI,2015,Costa Rica,CR,Latin America & Caribbean,High income,3,48.333333333333336,45.0,50.0,2.88675134594813,1,5.0,50.0,50.0,45.0,48.333333333333336,3
CRI,2016,Costa Rica,CR,Latin America & Caribbean,High income,3,46.666666666666664,40.0,50.0,5.773502691896256,1,10.0,50.0,50.0,40.0,46.666666666666664,3
CRI,2017,Costa Rica,CR,Latin America & Caribbean,High income,3,43.333333333333336,40.0,45.0,2.88675134594813,1,5.0,45.0,45.0,40.0,43.333333333333336,3
CRI,2018,Costa Rica,CR,Latin America & Caribbean,High income,3,38.333333333333336,35.0,45.0,5.773502691896258,1,10.0,45.0,35.0,35.0,38.333333333333336,3
CRI,2019,Costa Rica,CR,Latin America & Caribbean,High income,3,35.0,35.0,35.0,0.0,1,0.0,35.0,35.0,35.0,35.0,3
CRI,2020,Costa Rica,CR,Latin America & Caribbean,High income,3,30.0,30.0,30.0,0.0,1,0.0,30.0,30.0,30.0,30.0,3
CRI,2021,Costa Rica,CR,Latin America & Caribbean,High income,3,30.0,30.0,30.0,0.0,1,0.0,30.0,30.0,30.0,30.0,3
CRI,2022,Costa Rica,CR,Latin America & Caribbean,High income,3,30.0,30.0,30.0,0.0,1,0.0,30.0,30.0,30.0,30.0,3
CRI,2023,Costa Rica,CR,Latin America & Caribbean,High income,3,38.333333333333336,35.0,40.0,2.886751345948128,1,5.0,40.0,35.0,40.0,38.333333333333336,3
CRI,2024,Costa Rica,CR,Latin America & Caribbean,High income,3,40.0,40.0,40.0,0.0,1,0.0,40.0,40.0,40.0,40.0,3
CRI,2025,Costa Rica,CR,Latin America & Caribbean,High income,3,43.333333333333336,40.0,45.0,2.886751345948128,1,5.0,40.0,45.0,45.0,43.333333333333336,3
CUB,2000,Cuba,CU,Latin America & Caribbean,Upper middle income,1,20.0,20.0,20.0,0.0,1,0.0,,20.0,,20.0,1
CUB,2001,Cuba,CU,Latin America & Caribbean,Upper middle income,1,20.0,20.0,20.0,0.0,1,0.0,,20.0,,20.0,1
CUB,2002,Cuba,CU,Latin America & Caribbean,Upper middle income,1,20.0,20.0,20.0,0.0,1,0.0,,20.0,,20.0,1
CUB,2003,Cuba,CU,Latin America & Caribbean,Upper middle income,1,20.0,20.0,20.0,0.0,1,0.0,,20.0,,20.0,1
CUB,2004,Cuba,CU,Latin America & Caribbean,Upper middle income,1,20.0,20.0,20.0,0.0,1,0.0,,20.0,,20.0,1
CUB,2005,Cuba,CU,Latin America & Caribbean,Upper middle income,1,20.0,20.0,20.0,0.0,1,0.0,,20.0,,20.0,1
CUB,2006,Cuba,CU,Latin America & Caribbean,Upper middle income,1,20.0,20.0,20.0,0.0,1,0.0,,20.0,,20.0,1
CUB,2007,Cuba,CU,Latin America & Caribbean,Upper middle income,1,20.0,20.0,20.0,0.0,1,0.0,,20.0,,20.0,1
CUB,2008,Cuba,CU,Latin America & Caribbean,Upper middle income,1,20.0,20.0,20.0,0.0,1,0.0,,20.0,,20.0,1
CUB,2009,Cuba,CU,Latin America & Caribbean,Upper middle income,1,20.0,20.0,20.0,0.0,1,0.0,,20.0,,20.0,1
CUB,2010,Cuba,CU,Latin America & Caribbean,Upper middle income,1,20.0,20.0,20.0,0.0,1,0.0,,20.0,,20.0,1
CUB,2011,Cuba,CU,Latin America & Caribbean,Upper middle income,1,20.0,20.0,20.0,0.0,1,0.0,,20.0,,20.0,1
CUB,2012,Cuba,CU,Latin America & Caribbean,Upper middle income,1,20.0,20.0,20.0,0.0,1,0.0,,20.0,,20.0,1
CUB,2013,Cuba,CU,Latin America & Caribbean,Upper middle income,1,20.0,20.0,20.0,0.0,1,0.0,,20.0,,20.0,1
CUB,2014,Cuba,CU,Latin America & Caribbean,Upper middle income,1,15.0,15.0,15.0,0.0,1,0.0,,15.0,,15.0,1
CUB,2015,Cuba,CU,Latin America & Caribbean,Upper middle income,1,15.0,15.0,15.0,0.0,1,0.0,,15.0,,15.0,1
CUB,2016,Cuba,CU,Latin America & Caribbean,Upper middle income,1,15.0,15.0,15.0,0.0,1,0.0,,15.0,,15.0,1
CUB,2017,Cuba,CU,Latin America & Caribbean,Upper middle income,1,15.0,15.0,15.0,0.0,1,0.0,,15.0,,15.0,1
CUB,2018,Cuba,CU,Latin America & Caribbean,Upper middle income,1,15.0,15.0,15.0,0.0,1,0.0,,15.0,,15.0,1
CUB,2019,Cuba,CU,Latin America & Caribbean,Upper middle income,1,15.0,15.0,15.0,0.0,1,0.0,,15.0,,15.0,1
CUB,2020,Cuba,CU,Latin America & Caribbean,Upper middle income,1,15.0,15.0,15.0,0.0,1,0.0,,15.0,,15.0,1
CUB,2021,Cuba,CU,Latin America & Caribbean,Upper middle income,1,5.0,5.0,5.0,0.0,1,0.0,,5.0,,5.0,1
CUB,2022,Cuba,CU,Latin America & Caribbean,Upper middle income,1,5.0,5.0,5.0,0.0,1,0.0,,5.0,,5.0,1
CUB,2023,Cuba,CU,Latin America & Caribbean,Upper middle income,1,5.0,5.0,5.0,0.0,1,0.0,,5.0,,5.0,1
CUB,2024,Cuba,CU,Latin America & Caribbean,Upper middle income,1,5.0,5.0,5.0,0.0,1,0.0,,5.0,,5.0,1
CUB,2025,Cuba,CU,Latin America & Caribbean,Upper middle income,1,5.0,5.0,5.0,0.0,1,0.0,,5.0,,5.0,1
CYM,2000,Cayman Islands,KY,Latin America & Caribbean,High income,1,85.0,85.0,85.0,0.0,1,0.0,,85.0,,85.0,1
CYM,2001,Cayman Islands,KY,Latin America & Caribbean,High income,1,85.0,85.0,85.0,0.0,1,0.0,,85.0,,85.0,1
CYM,2002,Cayman Islands,KY,Latin America & Caribbean,High income,1,85.0,85.0,85.0,0.0,1,0.0,,85.0,,85.0,1
CYM,2003,Cayman Islands,KY,Latin America & Caribbean,High income,1,85.0,85.0,85.0,0.0,1,0.0,,85.0,,85.0,1
CYM,2004,Cayman Islands,KY,Latin America & Caribbean,High income,1,85.0,85.0,85.0,0.0,1,0.0,,85.0,,85.0,1
CYM,2005,Cayman Islands,KY,Latin America & Caribbean,High income,1,85.0,85.0,85.0,0.0,1,0.0,,85.0,,85.0,1
CYM,2006,Cayman Islands,KY,Latin America & Caribbean,High income,1,85.0,85.0,85.0,0.0,1,0.0,,85.0,,85.0,1
CYM,2007,Cayman Islands,KY,Latin America & Caribbean,High income,1,85.0,85.0,85.0,0.0,1,0.0,,85.0,,85.0,1
CYM,2008,Cayman Islands,KY,Latin America & Caribbean,High income,1,85.0,85.0,85.0,0.0,1,0.0,,85.0,,85.0,1
CYM,2009,Cayman Islands,KY,Latin America & Caribbean,High income,1,85.0,85.0,85.0,0.0,1,0.0,,85.0,,85.0,1
CYM,2010,Cayman Islands,KY,Latin America & Caribbean,High income,1,85.0,85.0,85.0,0.0,1,0.0,,85.0,,85.0,1
CYM,2011,Cayman Islands,KY,Latin America & Caribbean,High income,1,85.0,85.0,85.0,0.0,1,0.0,,85.0,,85.0,1
CYM,2012,Cayman Islands,KY,Latin America & Caribbean,High income,1,85.0,85.0,85.0,0.0,1,0.0,,85.0,,85.0,1
CYM,2013,Cayman Islands,KY,Latin America & Caribbean,High income,1,85.0,85.0,85.0,0.0,1,0.0,,85.0,,85.0,1
CYM,2014,Cayman Islands,KY,Latin America & Caribbean,High income,1,85.0,85.0,85.0,0.0,1,0.0,,85.0,,85.0,1
CYM,2015,Cayman Islands,KY,Latin America & Caribbean,High income,1,85.0,85.0,85.0,0.0,1,0.0,,85.0,,85.0,1
CYM,2016,Cayman Islands,KY,Latin America & Caribbean,High income,1,85.0,85.0,85.0,0.0,1,0.0,,85.0,,85.0,1
CYM,2017,Cayman Islands,KY,Latin America & Caribbean,High income,1,85.0,85.0,85.0,0.0,1,0.0,,85.0,,85.0,1
CYM,2018,Cayman Islands,KY,Latin America & Caribbean,High income,1,85.0,85.0,85.0,0.0,1,0.0,,85.0,,85.0,1
CYM,2019,Cayman Islands,KY,Latin America & Caribbean,High income,1,85.0,85.0,85.0,0.0,1,0.0,,85.0,,85.0,1
CYM,2020,Cayman Islands,KY,Latin America & Caribbean,High income,1,85.0,85.0,85.0,0.0,1,0.0,,85.0,,85.0,1
CYM,2021,Cayman Islands,KY,Latin America & Caribbean,High income,1,85.0,85.0,85.0,0.0,1,0.0,,85.0,,85.0,1
CYM,2022,Cayman Islands,KY,Latin America & Caribbean,High income,1,85.0,85.0,85.0,0.0,1,0.0,,85.0,,85.0,1
CYM,2023,Cayman Islands,KY,Latin America & Caribbean,High income,1,85.0,85.0,85.0,0.0,1,0.0,,85.0,,85.0,1
CYM,2024,Cayman Islands,KY,Latin America & Caribbean,High income,1,85.0,85.0,85.0,0.0,1,0.0,,85.0,,85.0,1
CYM,2025,Cayman Islands,KY,Latin America & Caribbean,High income,1,85.0,85.0,85.0,0.0,1,0.0,,85.0,,85.0,1
CYP,2000,Cyprus,CY,Europe & Central Asia,High income,1,75.0,75.0,75.0,0.0,1,0.0,,75.0,,75.0,1
CYP,2001,Cyprus,CY,Europe & Central Asia,High income,1,75.0,75.0,75.0,0.0,1,0.0,,75.0,,75.0,1
CYP,2002,Cyprus,CY,Europe & Central Asia,High income,2,77.5,75.0,80.0,3.5355339059327378,1,5.0,80.0,75.0,,77.5,2
CYP,2003,Cyprus,CY,Europe & Central Asia,High income,2,77.5,75.0,80.0,3.5355339059327378,1,5.0,80.0,75.0,,77.5,2
CYP,2004,Cyprus,CY,Europe & Central Asia,High income,2,77.5,75.0,80.0,3.5355339059327378,1,5.0,80.0,75.0,,77.5,2
CYP,2005,Cyprus,CY,Europe & Central Asia,High income,2,77.5,75.0,80.0,3.5355339059327378,1,5.0,80.0,75.0,,77.5,2
CYP,2006,Cyprus,CY,Europe & Central Asia,High income,2,77.5,75.0,80.0,3.5355339059327378,1,5.0,80.0,75.0,,77.5,2
CYP,2007,Cyprus,CY,Europe & Central Asia,High income,2,82.5,80.0,85.0,3.5355339059327378,1,5.0,85.0,80.0,,82.5,2
CYP,2008,Cyprus,CY,Europe & Central Asia,High income,2,85.0,85.0,85.0,0.0,1,0.0,85.0,85.0,,85.0,2
CYP,2009,Cyprus,CY,Europe & Central Asia,High income,2,85.0,85.0,85.0,0.0,1,0.0,85.0,85.0,,85.0,2
CYP,2010,Cyprus,CY,Europe & Central Asia,High income,2,85.0,85.0,85.0,0.0,1,0.0,85.0,85.0,,85.0,2
CYP,2011,Cyprus,CY,Europe & Central Asia,High income,3,58.333333333333336,55.0,60.0,2.886751345948128,1,5.0,60.0,55.0,60.0,58.333333333333336,3
CYP,2012,Cyprus,CY,Europe & Central Asia,High income,3,31.666666666666668,20.0,50.0,16.072751268321593,1,30.0,50.0,25.0,20.0,31.666666666666668,3
CYP,2013,Cyprus,CY,Europe & Central Asia,High income,3,20.0,10.0,25.0,8.660254037844387,1,15.0,25.0,10.0,25.0,20.0,3
CYP,2014,Cyprus,CY,Europe & Central Asia,High income,3,28.333333333333332,25.0,35.0,5.773502691896258,1,10.0,25.0,25.0,35.0,28.333333333333332,3
CYP,2015,Cyprus,CY,Europe & Central Asia,High income,3,36.666666666666664,35.0,40.0,2.88675134594813,1,5.0,35.0,35.0,40.0,36.666666666666664,3
CYP,2016,Cyprus,CY,Europe & Central Asia,High income,3,40.0,35.0,45.0,5.0,1,10.0,40.0,35.0,45.0,40.0,3
CYP,2017,Cyprus,CY,Europe & Central Asia,High income,3,45.0,40.0,50.0,5.0,1,10.0,45.0,40.0,50.0,45.0,3
CYP,2018,Cyprus,CY,Europe & Central Asia,High income,3,51.666666666666664,45.0,55.0,5.773502691896258,1,10.0,55.0,45.0,55.0,51.666666666666664,3
CYP,2019,Cyprus,CY,Europe & Central Asia,High income,3,51.666666666666664,45.0,55.0,5.773502691896258,1,10.0,55.0,45.0,55.0,51.666666666666664,3
CYP,2020,Cyprus,CY,Europe & Central Asia,High income,3,51.666666666666664,45.0,55.0,5.773502691896258,1,10.0,55.0,45.0,55.0,51.666666666666664,3
CYP,2021,Cyprus,CY,Europe & Central Asia,High income,3,53.333333333333336,50.0,55.0,2.886751345948128,1,5.0,55.0,50.0,55.0,53.333333333333336,3
CYP,2022,Cyprus,CY,Europe & Central Asia,High income,3,55.0,50.0,60.0,5.0,1,10.0,55.0,50.0,60.0,55.0,3
CYP,2023,Cyprus,CY,Europe & Central Asia,High income,3,60.0,60.0,60.0,0.0,1,0.0,60.0,60.0,60.0,60.0,3
CYP,2024,Cyprus,CY,Europe & Central Asia,High income,3,65.0,60.0,70.0,5.0,1,10.0,60.0,70.0,65.0,65.0,3
CYP,2025,Cyprus,CY,Europe & Central Asia,High income,3,66.66666666666667,60.0,70.0,5.773502691896256,1,10.0,60.0,70.0,70.0,66.66666666666667,3
CZE,2000,Czechia,CZ,Europe & Central Asia,High income,2,65.0,65.0,65.0,0.0,1,0.0,65.0,65.0,,65.0,2
CZE,2001,Czechia,CZ,Europe & Central Asia,High income,2,65.0,65.0,65.0,0.0,1,0.0,65.0,65.0,,65.0,2
CZE,2002,Czechia,CZ,Europe & Central Asia,High income,2,72.5,65.0,80.0,10.606601717798213,1,15.0,65.0,80.0,,72.5,2
CZE,2003,Czechia,CZ,Europe & Central Asia,High income,2,75.0,70.0,80.0,7.0710678118654755,1,10.0,70.0,80.0,,75.0,2
CZE,2004,Czechia,CZ,Europe & Central Asia,High income,2,75.0,70.0,80.0,7.0710678118654755,1,10.0,70.0,80.0,,75.0,2
CZE,2005,Czechia,CZ,Europe & Central Asia,High income,2,77.5,75.0,80.0,3.5355339059327378,1,5.0,75.0,80.0,,77.5,2
CZE,2006,Czechia,CZ,Europe & Central Asia,High income,2,77.5,75.0,80.0,3.5355339059327378,1,5.0,75.0,80.0,,77.5,2
CZE,2007,Czechia,CZ,Europe & Central Asia,High income,2,77.5,75.0,80.0,3.5355339059327378,1,5.0,75.0,80.0,,77.5,2
CZE,2008,Czechia,CZ,Europe & Central Asia,High income,2,80.0,80.0,80.0,0.0,1,0.0,80.0,80.0,,80.0,2
CZE,2009,Czechia,CZ,Europe & Central Asia,High income,2,80.0,80.0,80.0,0.0,1,0.0,80.0,80.0,,80.0,2
CZE,2010,Czechia,CZ,Europe & Central Asia,High income,2,80.0,80.0,80.0,0.0,1,0.0,80.0,80.0,,80.0,2
CZE,2011,Czechia,CZ,Europe & Central Asia,High income,3,81.66666666666667,80.0,85.0,2.886751345948127,1,5.0,80.0,80.0,85.0,81.66666666666667,3
CZE,2012,Czechia,CZ,Europe & Central Asia,High income,3,81.66666666666667,80.0,85.0,2.886751345948127,1,5.0,80.0,80.0,85.0,81.66666666666667,3
CZE,2013,Czechia,CZ,Europe & Central Asia,High income,3,81.66666666666667,80.0,85.0,2.886751345948127,1,5.0,80.0,80.0,85.0,81.66666666666667,3
CZE,2014,Czechia,CZ,Europe & Central Asia,High income,3,81.66666666666667,80.0,85.0,2.886751345948127,1,5.0,80.0,80.0,85.0,81.66666666666667,3
CZE,2015,Czechia,CZ,Europe & Central Asia,High income,3,81.66666666666667,80.0,85.0,2.886751345948127,1,5.0,80.0,80.0,85.0,81.66666666666667,3
CZE,2016,Czechia,CZ,Europe & Central Asia,High income,3,81.66666666666667,80.0,85.0,2.886751345948127,1,5.0,80.0,80.0,85.0,81.66666666666667,3
CZE,2017,Czechia,CZ,Europe & Central Asia,High income,3,81.66666666666667,80.0,85.0,2.886751345948127,1,5.0,80.0,80.0,85.0,81.66666666666667,3
CZE,2018,Czechia,CZ,Europe & Central Asia,High income,3,83.33333333333333,80.0,85.0,2.88675134594813,1,5.0,85.0,80.0,85.0,83.33333333333333,3
CZE,2019,Czechia,CZ,Europe & Central Asia,High income,3,85.0,85.0,85.0,0.0,1,0.0,85.0,85.0,85.0,85.0,3
CZE,2020,Czechia,CZ,Europe & Central Asia,High income,3,85.0,85.0,85.0,0.0,1,0.0,85.0,85.0,85.0,85.0,3
CZE,2021,Czechia,CZ,Europe & Central Asia,High income,3,85.0,85.0,85.0,0.0,1,0.0,85.0,85.0,85.0,85.0,3
CZE,2022,Czechia,CZ,Europe & Central Asia,High income,3,85.0,85.0,85.0,0.0,1,0.0,85.0,85.0,85.0,85.0,3
CZE,2023,Czechia,CZ,Europe & Central Asia,High income,3,85.0,85.0,85.0,0.0,1,0.0,85.0,85.0,85.0,85.0,3
CZE,2024,Czechia,CZ,Europe & Central Asia,High income,3,85.0,85.0,85.0,0.0,1,0.0,85.0,85.0,85.0,85.0,3
CZE,2025,Czechia,CZ,Europe & Central Asia,High income,3,85.0,85.0,85.0,0.0,1,0.0,85.0,85.0,85.0,85.0,3
DEU,2000,Germany,DE,Europe & Central Asia,High income,3,100.0,100.0,100.0,0.0,1,0.0,100.0,100.0,100.0,100.0,3
DEU,2001,Germany,DE,Europe & Central Asia,High income,3,100.0,100.0,100.0,0.0,1,0.0,100.0,100.0,100.0,100.0,3
DEU,2002,Germany,DE,Europe & Central Asia,High income,3,100.0,100.0,100.0,0.0,1,0.0,100.0,100.0,100.0,100.0,3
DEU,2003,Germany,DE,Europe & Central Asia,High income,3,100.0,100.0,100.0,0.0,1,0.0,100.0,100.0,100.0,100.0,3
DEU,2004,Germany,DE,Europe & Central Asia,High income,3,100.0,100.0,100.0,0.0,1,0.0,100.0,100.0,100.0,100.0,3
DEU,2005,Germany,DE,Europe & Central Asia,High income,3,100.0,100.0,100.0,0.0,1,0.0,100.0,100.0,100.0,100.0,3
DEU,2006,Germany,DE,Europe & Central Asia,High income,3,100.0,100.0,100.0,0.0,1,0.0,100.0,100.0,100.0,100.0,3
DEU,2007,Germany,DE,Europe & Central Asia,High income,3,100.0,100.0,100.0,0.0,1,0.0,100.0,100.0,100.0,100.0,3
DEU,2008,Germany,DE,Europe & Central Asia,High income,3,100.0,100.0,100.0,0.0,1,0.0,100.0,100.0,100.0,100.0,3
DEU,2009,Germany,DE,Europe & Central Asia,High income,3,100.0,100.0,100.0,0.0,1,0.0,100.0,100.0,100.0,100.0,3
DEU,2010,Germany,DE,Europe & Central Asia,High income,3,100.0,100.0,100.0,0.0,1,0.0,100.0,100.0,100.0,100.0,3
DEU,2011,Germany,DE,Europe & Central Asia,High income,3,100.0,100.0,100.0,0.0,1,0.0,100.0,100.0,100.0,100.0,3
DEU,2012,Germany,DE,Europe & Central Asia,High income,3,100.0,100.0,100.0,0.0,1,0.0,100.0,100.0,100.0,100.0,3
DEU,2013,Germany,DE,Europe & Central Asia,High income,3,100.0,100.0,100.0,0.0,1,0.0,100.0,100.0,100.0,100.0,3
DEU,2014,Germany,DE,Europe & Central Asia,High income,3,100.0,100.0,100.0,0.0,1,0.0,100.0,100.0,100.0,100.0,3
DEU,2015,Germany,DE,Europe & Central Asia,High income,3,100.0,100.0,100.0,0.0,1,0.0,100.0,100.0,100.0,100.0,3
DEU,2016,Germany,DE,Europe & Central Asia,High income,3,100.0,100.0,100.0,0.0,1,0.0,100.0,100.0,100.0,100.0,3
DEU,2017,Germany,DE,Europe & Central Asia,High income,3,100.0,100.0,100.0,0.0,1,0.0,100.0,100.0,100.0,100.0,3
DEU,2018,Germany,DE,Europe & Central Asia,High income,3,100.0,100.0,100.0,0.0,1,0.0,100.0,100.0,100.0,100.0,3
DEU,2019,Germany,DE,Europe & Central Asia,High income,3,100.0,100.0,100.0,0.0,1,0.0,100.0,100.0,100.0,100.0,3
DEU,2020,Germany,DE,Europe & Central Asia,High income,3,100.0,100.0,100.0,0.0,1,0.0,100.0,100.0,100.0,100.0,3
DEU,2021,Germany,DE,Europe & Central Asia,High income,3,100.0,100.0,100.0,0.0,1,0.0,100.0,100.0,100.0,100.0,3
DEU,2022,Germany,DE,Europe & Central Asia,High income,3,100.0,100.0,100.0,0.0,1,0.0,100.0,100.0,100.0,100.0,3
DEU,2023,Germany,DE,Europe & Central Asia,High income,3,100.0,100.0,100.0,0.0,1,0.0,100.0,100.0,100.0,100.0,3
DEU,2024,Germany,DE,Europe & Central Asia,High income,3,100.0,100.0,100.0,0.0,1,0.0,100.0,100.0,100.0,100.0,3
DEU,2025,Germany,DE,Europe & Central Asia,High income,3,100.0,100.0,100.0,0.0,1,0.0,100.0,100.0,100.0,100.0,3
DNK,2000,Denmark,DK,Europe & Central Asia,High income,2,97.5,95.0,100.0,3.5355339059327378,1,5.0,95.0,100.0,,97.5,2
DNK,2001,Denmark,DK,Europe & Central Asia,High income,3,98.33333333333333,95.0,100.0,2.88675134594813,1,5.0,95.0,100.0,100.0,98.33333333333333,3
DNK,2002,Denmark,DK,Europe & Central Asia,High income,3,98.33333333333333,95.0,100.0,2.88675134594813,1,5.0,95.0,100.0,100.0,98.33333333333333,3
DNK,2003,Denmark,DK,Europe & Central Asia,High income,3,100.0,100.0,100.0,0.0,1,0.0,100.0,100.0,100.0,100.0,3
DNK,2004,Denmark,DK,Europe & Central Asia,High income,3,100.0,100.0,100.0,0.0,1,0.0,100.0,100.0,100.0,100.0,3
DNK,2005,Denmark,DK,Europe & Central Asia,High income,3,100.0,100.0,100.0,0.0,1,0.0,100.0,100.0,100.0,100.0,3
DNK,2006,Denmark,DK,Europe & Central Asia,High income,3,100.0,100.0,100.0,0.0,1,0.0,100.0,100.0,100.0,100.0,3
DNK,2007,Denmark,DK,Europe & Central Asia,High income,3,100.0,100.0,100.0,0.0,1,0.0,100.0,100.0,100.0,100.0,3
DNK,2008,Denmark,DK,Europe & Central Asia,High income,3,100.0,100.0,100.0,0.0,1,0.0,100.0,100.0,100.0,100.0,3
DNK,2009,Denmark,DK,Europe & Central Asia,High income,3,100.0,100.0,100.0,0.0,1,0.0,100.0,100.0,100.0,100.0,3
DNK,2010,Denmark,DK,Europe & Central Asia,High income,3,100.0,100.0,100.0,0.0,1,0.0,100.0,100.0,100.0,100.0,3
DNK,2011,Denmark,DK,Europe & Central Asia,High income,3,100.0,100.0,100.0,0.0,1,0.0,100.0,100.0,100.0,100.0,3
DNK,2012,Denmark,DK,Europe & Central Asia,High income,3,100.0,100.0,100.0,0.0,1,0.0,100.0,100.0,100.0,100.0,3
DNK,2013,Denmark,DK,Europe & Central Asia,High income,3,100.0,100.0,100.0,0.0,1,0.0,100.0,100.0,100.0,100.0,3
DNK,2014,Denmark,DK,Europe & Central Asia,High income,3,100.0,100.0,100.0,0.0,1,0.0,100.0,100.0,100.0,100.0,3
DNK,2015,Denmark,DK,Europe & Central Asia,High income,3,100.0,100.0,100.0,0.0,1,0.0,100.0,100.0,100.0,100.0,3
DNK,2016,Denmark,DK,Europe & Central Asia,High income,3,100.0,100.0,100.0,0.0,1,0.0,100.0,100.0,100.0,100.0,3
DNK,2017,Denmark,DK,Europe & Central Asia,High income,3,100.0,100.0,100.0,0.0,1,0.0,100.0,100.0,100.0,100.0,3
DNK,2018,Denmark,DK,Europe & Central Asia,High income,3,100.0,100.0,100.0,0.0,1,0.0,100.0,100.0,100.0,100.0,3
DNK,2019,Denmark,DK,Europe & Central Asia,High income,3,100.0,100.0,100.0,0.0,1,0.0,100.0,100.0,100.0,100.0,3
DNK,2020,Denmark,DK,Europe & Central Asia,High income,3,100.0,100.0,100.0,0.0,1,0.0,100.0,100.0,100.0,100.0,3
DNK,2021,Denmark,DK,Europe & Central Asia,High income,3,100.0,100.0,100.0,0.0,1,0.0,100.0,100.0,100.0,100.0,3
DNK,2022,Denmark,DK,Europe & Central Asia,High income,3,100.0,100.0,100.0,0.0,1,0.0,100.0,100.0,100.0,100.0,3
DNK,2023,Denmark,DK,Europe & Central Asia,High income,3,100.0,100.0,100.0,0.0,1,0.0,100.0,100.0,100.0,100.0,3
DNK,2024,Denmark,DK,Europe & Central Asia,High income,3,100.0,100.0,100.0,0.0,1,0.0,100.0,100.0,100.0,100.0,3
DNK,2025,Denmark,DK,Europe & Central Asia,High income,3,100.0,100.0,100.0,0.0,1,0.0,100.0,100.0,100.0,100.0,3
DOM,2000,Dominican Republic,DO,Latin America & Caribbean,Upper middle income,1,35.0,35.0,35.0,0.0,1,0.0,,35.0,,35.0,1
DOM,2001,Dominican Republic,DO,Latin America & Caribbean,Upper middle income,1,45.0,45.0,45.0,0.0,1,0.0,,45.0,,45.0,1
DOM,2002,Dominican Republic,DO,Latin America & Caribbean,Upper middle income,1,45.0,45.0,45.0,0.0,1,0.0,,45.0,,45.0,1
DOM,2003,Dominican Republic,DO,Latin America & Caribbean,Upper middle income,2,30.0,30.0,30.0,0.0,1,0.0,30.0,30.0,,30.0,2
DOM,2004,Dominican Republic,DO,Latin America & Caribbean,Upper middle income,2,22.5,20.0,25.0,3.5355339059327378,1,5.0,20.0,25.0,,22.5,2
DOM,2005,Dominican Republic,DO,Latin America & Caribbean,Upper middle income,2,25.0,25.0,25.0,0.0,1,0.0,25.0,25.0,,25.0,2
DOM,2006,Dominican Republic,DO,Latin America & Caribbean,Upper middle income,2,27.5,25.0,30.0,3.5355339059327378,1,5.0,30.0,25.0,,27.5,2
DOM,2007,Dominican Republic,DO,Latin America & Caribbean,Upper middle income,2,30.0,30.0,30.0,0.0,1,0.0,30.0,30.0,,30.0,2
DOM,2008,Dominican Republic,DO,Latin America & Caribbean,Upper middle income,2,30.0,30.0,30.0,0.0,1,0.0,30.0,30.0,,30.0,2
DOM,2009,Dominican Republic,DO,Latin America & Caribbean,Upper middle income,2,30.0,30.0,30.0,0.0,1,0.0,30.0,30.0,,30.0,2
DOM,2010,Dominican Republic,DO,Latin America & Caribbean,Upper middle income,2,32.5,30.0,35.0,3.5355339059327378,1,5.0,30.0,35.0,,32.5,2
DOM,2011,Dominican Republic,DO,Latin America & Caribbean,Upper middle income,3,33.333333333333336,30.0,35.0,2.886751345948128,1,5.0,30.0,35.0,35.0,33.333333333333336,3
DOM,2012,Dominican Republic,DO,Latin America & Caribbean,Upper middle income,3,33.333333333333336,30.0,35.0,2.886751345948128,1,5.0,30.0,35.0,35.0,33.333333333333336,3
DOM,2013,Dominican Republic,DO,Latin America & Caribbean,Upper middle income,3,33.333333333333336,30.0,35.0,2.886751345948128,1,5.0,30.0,35.0,35.0,33.333333333333336,3
DOM,2014,Dominican Republic,DO,Latin America & Caribbean,Upper middle income,3,35.0,35.0,35.0,0.0,1,0.0,35.0,35.0,35.0,35.0,3
DOM,2015,Dominican Republic,DO,Latin America & Caribbean,Upper middle income,3,36.666666666666664,35.0,40.0,2.88675134594813,1,5.0,35.0,35.0,40.0,36.666666666666664,3
DOM,2016,Dominican Republic,DO,Latin America & Caribbean,Upper middle income,3,38.333333333333336,35.0,40.0,2.886751345948128,1,5.0,40.0,35.0,40.0,38.333333333333336,3
DOM,2017,Dominican Republic,DO,Latin America & Caribbean,Upper middle income,3,40.0,40.0,40.0,0.0,1,0.0,40.0,40.0,40.0,40.0,3
DOM,2018,Dominican Republic,DO,Latin America & Caribbean,Upper middle income,3,40.0,40.0,40.0,0.0,1,0.0,40.0,40.0,40.0,40.0,3
DOM,2019,Dominican Republic,DO,Latin America & Caribbean,Upper middle income,3,40.0,40.0,40.0,0.0,1,0.0,40.0,40.0,40.0,40.0,3
DOM,2020,Dominican Republic,DO,Latin America & Caribbean,Upper middle income,3,40.0,40.0,40.0,0.0,1,0.0,40.0,40.0,40.0,40.0,3
DOM,2021,Dominican Republic,DO,Latin America & Caribbean,Upper middle income,3,40.0,40.0,40.0,0.0,1,0.0,40.0,40.0,40.0,40.0,3
DOM,2022,Dominican Republic,DO,Latin America & Caribbean,Upper middle income,3,41.666666666666664,40.0,45.0,2.88675134594813,1,5.0,40.0,40.0,45.0,41.666666666666664,3
DOM,2023,Dominican Republic,DO,Latin America & Caribbean,Upper middle income,3,41.666666666666664,40.0,45.0,2.88675134594813,1,5.0,40.0,40.0,45.0,41.666666666666664,3
DOM,2024,Dominican Republic,DO,Latin America & Caribbean,Upper middle income,3,41.666666666666664,40.0,45.0,2.88675134594813,1,5.0,40.0,40.0,45.0,41.666666666666664,3
DOM,2025,Dominican Republic,DO,Latin America & Caribbean,Upper middle income,3,43.333333333333336,40.0,45.0,2.886751345948128,1,5.0,40.0,45.0,45.0,43.333333333333336,3
ECU,2000,Ecuador,EC,Latin America & Caribbean,Upper middle income,1,15.0,15.0,15.0,0.0,1,0.0,,15.0,,15.0,1
ECU,2001,Ecuador,EC,Latin America & Caribbean,Upper middle income,1,15.0,15.0,15.0,0.0,1,0.0,,15.0,,15.0,1
ECU,2002,Ecuador,EC,Latin America & Caribbean,Upper middle income,2,17.5,15.0,20.0,3.5355339059327378,1,5.0,20.0,15.0,,17.5,2
ECU,2003,Ecuador,EC,Latin America & Caribbean,Upper middle income,2,17.5,15.0,20.0,3.5355339059327378,1,5.0,20.0,15.0,,17.5,2
ECU,2004,Ecuador,EC,Latin America & Caribbean,Upper middle income,2,22.5,20.0,25.0,3.5355339059327378,1,5.0,25.0,20.0,,22.5,2
ECU,2005,Ecuador,EC,Latin America & Caribbean,Upper middle income,2,22.5,20.0,25.0,3.5355339059327378,1,5.0,25.0,20.0,,22.5,2
ECU,2006,Ecuador,EC,Latin America & Caribbean,Upper middle income,2,22.5,20.0,25.0,3.5355339059327378,1,5.0,25.0,20.0,,22.5,2
ECU,2007,Ecuador,EC,Latin America & Caribbean,Upper middle income,2,15.0,15.0,15.0,0.0,1,0.0,15.0,15.0,,15.0,2
ECU,2008,Ecuador,EC,Latin America & Caribbean,Upper middle income,2,2.5,0.0,5.0,3.5355339059327378,1,5.0,0.0,5.0,,2.5,2
ECU,2009,Ecuador,EC,Latin America & Caribbean,Upper middle income,2,12.5,10.0,15.0,3.5355339059327378,1,5.0,15.0,10.0,,12.5,2
ECU,2010,Ecuador,EC,Latin America & Caribbean,Upper middle income,3,20.0,10.0,25.0,8.660254037844387,1,15.0,25.0,10.0,25.0,20.0,3
ECU,2011,Ecuador,EC,Latin America & Caribbean,Upper middle income,3,21.666666666666668,15.0,25.0,5.773502691896257,1,10.0,25.0,15.0,25.0,21.666666666666668,3
ECU,2012,Ecuador,EC,Latin America & Caribbean,Upper middle income,3,25.0,20.0,30.0,5.0,1,10.0,25.0,20.0,30.0,25.0,3
ECU,2013,Ecuador,EC,Latin America & Caribbean,Upper middle income,3,26.666666666666668,20.0,30.0,5.773502691896257,1,10.0,30.0,20.0,30.0,26.666666666666668,3
ECU,2014,Ecuador,EC,Latin America & Caribbean,Upper middle income,3,30.0,25.0,35.0,5.0,1,10.0,30.0,25.0,35.0,30.0,3
ECU,2015,Ecuador,EC,Latin America & Caribbean,Upper middle income,3,28.333333333333332,25.0,30.0,2.886751345948129,1,5.0,30.0,25.0,30.0,28.333333333333332,3
ECU,2016,Ecuador,EC,Latin America & Caribbean,Upper middle income,3,28.333333333333332,25.0,30.0,2.886751345948129,1,5.0,30.0,25.0,30.0,28.333333333333332,3
ECU,2017,Ecuador,EC,Latin America & Caribbean,Upper middle income,3,26.666666666666668,25.0,30.0,2.886751345948129,1,5.0,30.0,25.0,25.0,26.666666666666668,3
ECU,2018,Ecuador,EC,Latin America & Caribbean,Upper middle income,3,25.0,25.0,25.0,0.0,1,0.0,25.0,25.0,25.0,25.0,3
ECU,2019,Ecuador,EC,Latin America & Caribbean,Upper middle income,3,25.0,25.0,25.0,0.0,1,0.0,25.0,25.0,25.0,25.0,3
ECU,2020,Ecuador,EC,Latin America & Caribbean,Upper middle income,3,20.0,10.0,25.0,8.660254037844387,1,15.0,25.0,10.0,25.0,20.0,3
ECU,2021,Ecuador,EC,Latin America & Caribbean,Upper middle income,3,20.0,10.0,25.0,8.660254037844387,1,15.0,25.0,10.0,25.0,20.0,3
ECU,2022,Ecuador,EC,Latin America & Caribbean,Upper middle income,3,20.0,10.0,25.0,8.660254037844387,1,15.0,25.0,10.0,25.0,20.0,3
ECU,2023,Ecuador,EC,Latin America & Caribbean,Upper middle income,3,20.0,10.0,25.0,8.660254037844387,1,15.0,25.0,10.0,25.0,20.0,3
ECU,2024,Ecuador,EC,Latin America & Caribbean,Upper middle income,3,20.0,10.0,25.0,8.660254037844387,1,15.0,25.0,10.0,25.0,20.0,3
ECU,2025,Ecuador,EC,Latin America & Caribbean,Upper middle income,3,20.0,10.0,25.0,8.660254037844387,1,15.0,25.0,10.0,25.0,20.0,3
EGY,2000,"Egypt, Arab Rep.",EG,"Middle East, North Africa, Afghanistan & Pakistan",Lower middle income,2,52.5,50.0,55.0,3.5355339059327378,1,5.0,55.0,50.0,,52.5,2
EGY,2001,"Egypt, Arab Rep.",EG,"Middle East, North Africa, Afghanistan & Pakistan",Lower middle income,2,52.5,50.0,55.0,3.5355339059327378,1,5.0,55.0,50.0,,52.5,2
EGY,2002,"Egypt, Arab Rep.",EG,"Middle East, North Africa, Afghanistan & Pakistan",Lower middle income,2,50.0,50.0,50.0,0.0,1,0.0,50.0,50.0,,50.0,2
EGY,2003,"Egypt, Arab Rep.",EG,"Middle East, North Africa, Afghanistan & Pakistan",Lower middle income,2,50.0,50.0,50.0,0.0,1,0.0,50.0,50.0,,50.0,2
EGY,2004,"Egypt, Arab Rep.",EG,"Middle East, North Africa, Afghanistan & Pakistan",Lower middle income,2,50.0,50.0,50.0,0.0,1,0.0,50.0,50.0,,50.0,2
EGY,2005,"Egypt, Arab Rep.",EG,"Middle East, North Africa, Afghanistan & Pakistan",Lower middle income,2,50.0,50.0,50.0,0.0,1,0.0,50.0,50.0,,50.0,2
EGY,2006,"Egypt, Arab Rep.",EG,"Middle East, North Africa, Afghanistan & Pakistan",Lower middle income,2,50.0,50.0,50.0,0.0,1,0.0,50.0,50.0,,50.0,2
EGY,2007,"Egypt, Arab Rep.",EG,"Middle East, North Africa, Afghanistan & Pakistan",Lower middle income,2,50.0,50.0,50.0,0.0,1,0.0,50.0,50.0,,50.0,2
EGY,2008,"Egypt, Arab Rep.",EG,"Middle East, North Africa, Afghanistan & Pakistan",Lower middle income,2,50.0,50.0,50.0,0.0,1,0.0,50.0,50.0,,50.0,2
EGY,2009,"Egypt, Arab Rep.",EG,"Middle East, North Africa, Afghanistan & Pakistan",Lower middle income,2,50.0,50.0,50.0,0.0,1,0.0,50.0,50.0,,50.0,2
EGY,2010,"Egypt, Arab Rep.",EG,"Middle East, North Africa, Afghanistan & Pakistan",Lower middle income,2,50.0,50.0,50.0,0.0,1,0.0,50.0,50.0,,50.0,2
EGY,2011,"Egypt, Arab Rep.",EG,"Middle East, North Africa, Afghanistan & Pakistan",Lower middle income,3,35.0,30.0,40.0,5.0,1,10.0,40.0,30.0,35.0,35.0,3
EGY,2012,"Egypt, Arab Rep.",EG,"Middle East, North Africa, Afghanistan & Pakistan",Lower middle income,3,30.0,25.0,35.0,5.0,1,10.0,35.0,30.0,25.0,30.0,3
EGY,2013,"Egypt, Arab Rep.",EG,"Middle East, North Africa, Afghanistan & Pakistan",Lower middle income,3,23.333333333333332,20.0,25.0,2.886751345948129,1,5.0,25.0,20.0,25.0,23.333333333333332,3
EGY,2014,"Egypt, Arab Rep.",EG,"Middle East, North Africa, Afghanistan & Pakistan",Lower middle income,3,25.0,20.0,30.0,5.0,1,10.0,30.0,20.0,25.0,25.0,3
EGY,2015,"Egypt, Arab Rep.",EG,"Middle East, North Africa, Afghanistan & Pakistan",Lower middle income,3,26.666666666666668,25.0,30.0,2.886751345948129,1,5.0,30.0,25.0,25.0,26.666666666666668,3
EGY,2016,"Egypt, Arab Rep.",EG,"Middle East, North Africa, Afghanistan & Pakistan",Lower middle income,3,26.666666666666668,25.0,30.0,2.886751345948129,1,5.0,30.0,25.0,25.0,26.666666666666668,3
EGY,2017,"Egypt, Arab Rep.",EG,"Middle East, North Africa, Afghanistan & Pakistan",Lower middle income,3,26.666666666666668,25.0,30.0,2.886751345948129,1,5.0,30.0,25.0,25.0,26.666666666666668,3
EGY,2018,"Egypt, Arab Rep.",EG,"Middle East, North Africa, Afghanistan & Pakistan",Lower middle income,3,28.333333333333332,25.0,30.0,2.886751345948129,1,5.0,30.0,25.0,30.0,28.333333333333332,3
EGY,2019,"Egypt, Arab Rep.",EG,"Middle East, North Africa, Afghanistan & Pakistan",Lower middle income,3,31.666666666666668,30.0,35.0,2.886751345948129,1,5.0,35.0,30.0,30.0,31.666666666666668,3
EGY,2020,"Egypt, Arab Rep.",EG,"Middle East, North Africa, Afghanistan & Pakistan",Lower middle income,3,31.666666666666668,30.0,35.0,2.886751345948129,1,5.0,35.0,30.0,30.0,31.666666666666668,3
EGY,2021,"Egypt, Arab Rep.",EG,"Middle East, North Africa, Afghanistan & Pakistan",Lower middle income,3,31.666666666666668,30.0,35.0,2.886751345948129,1,5.0,35.0,30.0,30.0,31.666666666666668,3
EGY,2022,"Egypt, Arab Rep.",EG,"Middle East, North Africa, Afghanistan & Pakistan",Lower middle income,3,31.666666666666668,30.0,35.0,2.886751345948129,1,5.0,35.0,30.0,30.0,31.666666666666668,3
EGY,2023,"Egypt, Arab Rep.",EG,"Middle East, North Africa, Afghanistan & Pakistan",Lower middle income,3,25.0,20.0,30.0,5.0,1,10.0,30.0,20.0,25.0,25.0,3
EGY,2024,"Egypt, Arab Rep.",EG,"Middle East, North Africa, Afghanistan & Pakistan",Lower middle income,3,25.0,20.0,30.0,5.0,1,10.0,30.0,20.0,25.0,25.0,3
EGY,2025,"Egypt, Arab Rep.",EG,"Middle East, North Africa, Afghanistan & Pakistan",Lower middle income,3,26.666666666666668,20.0,30.0,5.773502691896257,1,10.0,30.0,20.0,30.0,26.666666666666668,3
ESP,2000,Spain,ES,Europe & Central Asia,High income,2,92.5,90.0,95.0,3.5355339059327378,1,5.0,95.0,90.0,,92.5,2
ESP,2001,Spain,ES,Europe & Central Asia,High income,2,97.5,95.0,100.0,3.5355339059327378,1,5.0,95.0,100.0,,97.5,2
ESP,2002,Spain,ES,Europe & Central Asia,High income,2,97.5,95.0,100.0,3.5355339059327378,1,5.0,95.0,100.0,,97.5,2
ESP,2003,Spain,ES,Europe & Central Asia,High income,2,100.0,100.0,100.0,0.0,1,0.0,100.0,100.0,,100.0,2
ESP,2004,Spain,ES,Europe & Central Asia,High income,2,100.0,100.0,100.0,0.0,1,0.0,100.0,100.0,,100.0,2
ESP,2005,Spain,ES,Europe & Central Asia,High income,2,100.0,100.0,100.0,0.0,1,0.0,100.0,100.0,,100.0,2
ESP,2006,Spain,ES,Europe & Central Asia,High income,2,100.0,100.0,100.0,0.0,1,0.0,100.0,100.0,,100.0,2
ESP,2007,Spain,ES,Europe & Central Asia,High income,2,100.0,100.0,100.0,0.0,1,0.0,100.0,100.0,,100.0,2
ESP,2008,Spain,ES,Europe & Central Asia,High income,2,100.0,100.0,100.0,0.0,1,0.0,100.0,100.0,,100.0,2
ESP,2009,Spain,ES,Europe & Central Asia,High income,2,100.0,100.0,100.0,0.0,1,0.0,100.0,100.0,,100.0,2
ESP,2010,Spain,ES,Europe & Central Asia,High income,3,93.33333333333333,90.0,95.0,2.886751345948127,1,5.0,95.0,95.0,90.0,93.33333333333333,3
ESP,2011,Spain,ES,Europe & Central Asia,High income,3,83.33333333333333,80.0,85.0,2.88675134594813,1,5.0,85.0,80.0,85.0,83.33333333333333,3
ESP,2012,Spain,ES,Europe & Central Asia,High income,3,56.666666666666664,55.0,60.0,2.886751345948128,1,5.0,60.0,55.0,55.0,56.666666666666664,3
ESP,2013,Spain,ES,Europe & Central Asia,High income,3,56.666666666666664,55.0,60.0,2.886751345948128,1,5.0,60.0,55.0,55.0,56.666666666666664,3
ESP,2014,Spain,ES,Europe & Central Asia,High income,3,61.666666666666664,60.0,65.0,2.886751345948128,1,5.0,65.0,60.0,60.0,61.666666666666664,3
ESP,2015,Spain,ES,Europe & Central Asia,High income,3,63.333333333333336,60.0,65.0,2.886751345948128,1,5.0,65.0,60.0,65.0,63.333333333333336,3
ESP,2016,Spain,ES,Europe & Central Asia,High income,3,63.333333333333336,60.0,65.0,2.886751345948128,1,5.0,65.0,60.0,65.0,63.333333333333336,3
ESP,2017,Spain,ES,Europe & Central Asia,High income,3,63.333333333333336,60.0,65.0,2.886751345948128,1,5.0,65.0,60.0,65.0,63.333333333333336,3
ESP,2018,Spain,ES,Europe & Central Asia,High income,3,68.33333333333333,65.0,70.0,2.88675134594813,1,5.0,70.0,65.0,70.0,68.33333333333333,3
ESP,2019,Spain,ES,Europe & Central Asia,High income,3,70.0,65.0,75.0,5.0,1,10.0,70.0,65.0,75.0,70.0,3
ESP,2020,Spain,ES,Europe & Central Asia,High income,3,70.0,65.0,75.0,5.0,1,10.0,70.0,65.0,75.0,70.0,3
ESP,2021,Spain,ES,Europe & Central Asia,High income,3,70.0,65.0,75.0,5.0,1,10.0,70.0,65.0,75.0,70.0,3
ESP,2022,Spain,ES,Europe & Central Asia,High income,3,70.0,65.0,75.0,5.0,1,10.0,70.0,65.0,75.0,70.0,3
ESP,2023,Spain,ES,Europe & Central Asia,High income,3,70.0,65.0,75.0,5.0,1,10.0,70.0,65.0,75.0,70.0,3
ESP,2024,Spain,ES,Europe & Central Asia,High income,3,70.0,65.0,75.0,5.0,1,10.0,70.0,65.0,75.0,70.0,3
ESP,2025,Spain,ES,Europe & Central Asia,High income,3,73.33333333333333,70.0,80.0,5.77350269189626,1,10.0,70.0,70.0,80.0,73.33333333333333,3
EST,2000,Estonia,EE,Europe & Central Asia,High income,2,65.0,65.0,65.0,0.0,1,0.0,65.0,65.0,,65.0,2
EST,2001,Estonia,EE,Europe & Central Asia,High income,2,67.5,65.0,70.0,3.5355339059327378,1,5.0,70.0,65.0,,67.5,2
EST,2002,Estonia,EE,Europe & Central Asia,High income,2,75.0,70.0,80.0,7.0710678118654755,1,10.0,70.0,80.0,,75.0,2
EST,2003,Estonia,EE,Europe & Central Asia,High income,2,75.0,70.0,80.0,7.0710678118654755,1,10.0,70.0,80.0,,75.0,2
EST,2004,Estonia,EE,Europe & Central Asia,High income,2,77.5,75.0,80.0,3.5355339059327378,1,5.0,75.0,80.0,,77.5,2
EST,2005,Estonia,EE,Europe & Central Asia,High income,2,77.5,75.0,80.0,3.5355339059327378,1,5.0,75.0,80.0,,77.5,2
EST,2006,Estonia,EE,Europe & Central Asia,High income,2,77.5,75.0,80.0,3.5355339059327378,1,5.0,75.0,80.0,,77.5,2
EST,2007,Estonia,EE,Europe & Central Asia,High income,2,77.5,75.0,80.0,3.5355339059327378,1,5.0,75.0,80.0,,77.5,2
EST,2008,Estonia,EE,Europe & Central Asia,High income,2,75.0,70.0,80.0,7.0710678118654755,1,10.0,70.0,80.0,,75.0,2
EST,2009,Estonia,EE,Europe & Central Asia,High income,2,72.5,65.0,80.0,10.606601717798213,1,15.0,65.0,80.0,,72.5,2
EST,2010,Estonia,EE,Europe & Central Asia,High income,2,77.5,75.0,80.0,3.5355339059327378,1,5.0,75.0,80.0,,77.5,2
EST,2011,Estonia,EE,Europe & Central Asia,High income,3,81.66666666666667,80.0,85.0,2.886751345948127,1,5.0,80.0,80.0,85.0,81.66666666666667,3
EST,2012,Estonia,EE,Europe & Central Asia,High income,3,81.66666666666667,80.0,85.0,2.886751345948127,1,5.0,80.0,80.0,85.0,81.66666666666667,3
EST,2013,Estonia,EE,Europe & Central Asia,High income,3,81.66666666666667,80.0,85.0,2.886751345948127,1,5.0,80.0,80.0,85.0,81.66666666666667,3
EST,2014,Estonia,EE,Europe & Central Asia,High income,3,81.66666666666667,80.0,85.0,2.886751345948127,1,5.0,80.0,80.0,85.0,81.66666666666667,3
EST,2015,Estonia,EE,Europe & Central Asia,High income,3,81.66666666666667,80.0,85.0,2.886751345948127,1,5.0,80.0,80.0,85.0,81.66666666666667,3
EST,2016,Estonia,EE,Europe & Central Asia,High income,3,81.66666666666667,80.0,85.0,2.886751345948127,1,5.0,80.0,80.0,85.0,81.66666666666667,3
EST,2017,Estonia,EE,Europe & Central Asia,High income,3,81.66666666666667,80.0,85.0,2.886751345948127,1,5.0,80.0,80.0,85.0,81.66666666666667,3
EST,2018,Estonia,EE,Europe & Central Asia,High income,3,83.33333333333333,80.0,85.0,2.88675134594813,1,5.0,85.0,80.0,85.0,83.33333333333333,3
EST,2019,Estonia,EE,Europe & Central Asia,High income,3,83.33333333333333,80.0,85.0,2.88675134594813,1,5.0,85.0,80.0,85.0,83.33333333333333,3
EST,2020,Estonia,EE,Europe & Central Asia,High income,3,83.33333333333333,80.0,85.0,2.88675134594813,1,5.0,85.0,80.0,85.0,83.33333333333333,3
EST,2021,Estonia,EE,Europe & Central Asia,High income,3,83.33333333333333,80.0,85.0,2.88675134594813,1,5.0,85.0,80.0,85.0,83.33333333333333,3
EST,2022,Estonia,EE,Europe & Central Asia,High income,3,83.33333333333333,80.0,85.0,2.88675134594813,1,5.0,85.0,80.0,85.0,83.33333333333333,3
EST,2023,Estonia,EE,Europe & Central Asia,High income,3,83.33333333333333,80.0,85.0,2.88675134594813,1,5.0,85.0,80.0,85.0,83.33333333333333,3
EST,2024,Estonia,EE,Europe & Central Asia,High income,3,81.66666666666667,80.0,85.0,2.88675134594813,1,5.0,85.0,80.0,80.0,81.66666666666667,3
EST,2025,Estonia,EE,Europe & Central Asia,High income,3,81.66666666666667,80.0,85.0,2.88675134594813,1,5.0,85.0,80.0,80.0,81.66666666666667,3
ETH,2000,Ethiopia,ET,Sub-Saharan Africa,Low income,0,,,,,0,,,,,,0
ETH,2001,Ethiopia,ET,Sub-Saharan Africa,Low income,0,,,,,0,,,,,,0
ETH,2002,Ethiopia,ET,Sub-Saharan Africa,Low income,0,,,,,0,,,,,,0
ETH,2003,Ethiopia,ET,Sub-Saharan Africa,Low income,0,,,,,0,,,,,,0
ETH,2004,Ethiopia,ET,Sub-Saharan Africa,Low income,0,,,,,0,,,,,,0
ETH,2005,Ethiopia,ET,Sub-Saharan Africa,Low income,0,,,,,0,,,,,,0
ETH,2006,Ethiopia,ET,Sub-Saharan Africa,Low income,0,,,,,0,,,,,,0
ETH,2007,Ethiopia,ET,Sub-Saharan Africa,Low income,0,,,,,0,,,,,,0
ETH,2008,Ethiopia,ET,Sub-Saharan Africa,Low income,0,,,,,0,,,,,,0
ETH,2009,Ethiopia,ET,Sub-Saharan Africa,Low income,0,,,,,0,,,,,,0
ETH,2010,Ethiopia,ET,Sub-Saharan Africa,Low income,0,,,,,0,,,,,,0
ETH,2011,Ethiopia,ET,Sub-Saharan Africa,Low income,0,,,,,0,,,,,,0
ETH,2012,Ethiopia,ET,Sub-Saharan Africa,Low income,0,,,,,0,,,,,,0
ETH,2013,Ethiopia,ET,Sub-Saharan Africa,Low income,0,,,,,0,,,,,,0
ETH,2014,Ethiopia,ET,Sub-Saharan Africa,Low income,1,30.0,30.0,30.0,0.0,1,0.0,30.0,,,30.0,1
ETH,2015,Ethiopia,ET,Sub-Saharan Africa,Low income,1,30.0,30.0,30.0,0.0,1,0.0,30.0,,,30.0,1
ETH,2016,Ethiopia,ET,Sub-Saharan Africa,Low income,1,30.0,30.0,30.0,0.0,1,0.0,30.0,,,30.0,1
ETH,2017,Ethiopia,ET,Sub-Saharan Africa,Low income,1,30.0,30.0,30.0,0.0,1,0.0,30.0,,,30.0,1
ETH,2018,Ethiopia,ET,Sub-Saharan Africa,Low income,1,30.0,30.0,30.0,0.0,1,0.0,30.0,,,30.0,1
ETH,2019,Ethiopia,ET,Sub-Saharan Africa,Low income,1,30.0,30.0,30.0,0.0,1,0.0,30.0,,,30.0,1
ETH,2020,Ethiopia,ET,Sub-Saharan Africa,Low income,1,30.0,30.0,30.0,0.0,1,0.0,30.0,,,30.0,1
ETH,2021,Ethiopia,ET,Sub-Saharan Africa,Low income,1,15.0,15.0,15.0,0.0,1,0.0,15.0,,,15.0,1
ETH,2022,Ethiopia,ET,Sub-Saharan Africa,Low income,1,10.0,10.0,10.0,0.0,1,0.0,10.0,,,10.0,1
ETH,2023,Ethiopia,ET,Sub-Saharan Africa,Low income,1,10.0,10.0,10.0,0.0,1,0.0,10.0,,,10.0,1
ETH,2024,Ethiopia,ET,Sub-Saharan Africa,Low income,1,10.0,10.0,10.0,0.0,1,0.0,10.0,,,10.0,1
ETH,2025,Ethiopia,ET,Sub-Saharan Africa,Low income,1,10.0,10.0,10.0,0.0,1,0.0,10.0,,,10.0,1
FIN,2000,Finland,FI,Europe & Central Asia,High income,2,100.0,100.0,100.0,0.0,1,0.0,100.0,100.0,,100.0,2
FIN,2001,Finland,FI,Europe & Central Asia,High income,2,100.0,100.0,100.0,0.0,1,0.0,100.0,100.0,,100.0,2
FIN,2002,Finland,FI,Europe & Central Asia,High income,3,100.0,100.0,100.0,0.0,1,0.0,100.0,100.0,100.0,100.0,3
FIN,2003,Finland,FI,Europe & Central Asia,High income,3,100.0,100.0,100.0,0.0,1,0.0,100.0,100.0,100.0,100.0,3
FIN,2004,Finland,FI,Europe & Central Asia,High income,3,100.0,100.0,100.0,0.0,1,0.0,100.0,100.0,100.0,100.0,3
FIN,2005,Finland,FI,Europe & Central Asia,High income,3,100.0,100.0,100.0,0.0,1,0.0,100.0,100.0,100.0,100.0,3
FIN,2006,Finland,FI,Europe & Central Asia,High income,3,100.0,100.0,100.0,0.0,1,0.0,100.0,100.0,100.0,100.0,3
FIN,2007,Finland,FI,Europe & Central Asia,High income,3,100.0,100.0,100.0,0.0,1,0.0,100.0,100.0,100.0,100.0,3
FIN,2008,Finland,FI,Europe & Central Asia,High income,3,100.0,100.0,100.0,0.0,1,0.0,100.0,100.0,100.0,100.0,3
FIN,2009,Finland,FI,Europe & Central Asia,High income,3,100.0,100.0,100.0,0.0,1,0.0,100.0,100.0,100.0,100.0,3
FIN,2010,Finland,FI,Europe & Central Asia,High income,3,100.0,100.0,100.0,0.0,1,0.0,100.0,100.0,100.0,100.0,3
FIN,2011,Finland,FI,Europe & Central Asia,High income,3,100.0,100.0,100.0,0.0,1,0.0,100.0,100.0,100.0,100.0,3
FIN,2012,Finland,FI,Europe & Central Asia,High income,3,100.0,100.0,100.0,0.0,1,0.0,100.0,100.0,100.0,100.0,3
FIN,2013,Finland,FI,Europe & Central Asia,High income,3,100.0,100.0,100.0,0.0,1,0.0,100.0,100.0,100.0,100.0,3
FIN,2014,Finland,FI,Europe & Central Asia,High income,3,98.33333333333333,95.0,100.0,2.886751345948127,1,5.0,100.0,100.0,95.0,98.33333333333333,3
FIN,2015,Finland,FI,Europe & Central Asia,High income,3,98.33333333333333,95.0,100.0,2.886751345948127,1,5.0,100.0,100.0,95.0,98.33333333333333,3
FIN,2016,Finland,FI,Europe & Central Asia,High income,3,95.0,95.0,95.0,0.0,1,0.0,95.0,95.0,95.0,95.0,3
FIN,2017,Finland,FI,Europe & Central Asia,High income,3,95.0,95.0,95.0,0.0,1,0.0,95.0,95.0,95.0,95.0,3
FIN,2018,Finland,FI,Europe & Central Asia,High income,3,95.0,95.0,95.0,0.0,1,0.0,95.0,95.0,95.0,95.0,3
FIN,2019,Finland,FI,Europe & Central Asia,High income,3,95.0,95.0,95.0,0.0,1,0.0,95.0,95.0,95.0,95.0,3
FIN,2020,Finland,FI,Europe & Central Asia,High income,3,95.0,95.0,95.0,0.0,1,0.0,95.0,95.0,95.0,95.0,3
FIN,2021,Finland,FI,Europe & Central Asia,High income,3,95.0,95.0,95.0,0.0,1,0.0,95.0,95.0,95.0,95.0,3
FIN,2022,Finland,FI,Europe & Central Asia,High income,3,95.0,95.0,95.0,0.0,1,0.0,95.0,95.0,95.0,95.0,3
FIN,2023,Finland,FI,Europe & Central Asia,High income,3,95.0,95.0,95.0,0.0,1,0.0,95.0,95.0,95.0,95.0,3
FIN,2024,Finland,FI,Europe & Central Asia,High income,3,95.0,95.0,95.0,0.0,1,0.0,95.0,95.0,95.0,95.0,3
FIN,2025,Finland,FI,Europe & Central Asia,High income,3,95.0,95.0,95.0,0.0,1,0.0,95.0,95.0,95.0,95.0,3
FJI,2000,Fiji,FJ,East Asia & Pacific,Upper middle income,1,45.0,45.0,45.0,0.0,1,0.0,,45.0,,45.0,1
FJI,2001,Fiji,FJ,East Asia & Pacific,Upper middle income,1,45.0,45.0,45.0,0.0,1,0.0,,45.0,,45.0,1
FJI,2002,Fiji,FJ,East Asia & Pacific,Upper middle income,1,45.0,45.0,45.0,0.0,1,0.0,,45.0,,45.0,1
FJI,2003,Fiji,FJ,East Asia & Pacific,Upper middle income,1,45.0,45.0,45.0,0.0,1,0.0,,45.0,,45.0,1
FJI,2004,Fiji,FJ,East Asia & Pacific,Upper middle income,1,45.0,45.0,45.0,0.0,1,0.0,,45.0,,45.0,1
FJI,2005,Fiji,FJ,East Asia & Pacific,Upper middle income,1,45.0,45.0,45.0,0.0,1,0.0,,45.0,,45.0,1
FJI,2006,Fiji,FJ,East Asia & Pacific,Upper middle income,1,45.0,45.0,45.0,0.0,1,0.0,,45.0,,45.0,1
FJI,2007,Fiji,FJ,East Asia & Pacific,Upper middle income,1,45.0,45.0,45.0,0.0,1,0.0,,45.0,,45.0,1
FJI,2008,Fiji,FJ,East Asia & Pacific,Upper middle income,1,45.0,45.0,45.0,0.0,1,0.0,,45.0,,45.0,1
FJI,2009,Fiji,FJ,East Asia & Pacific,Upper middle income,1,35.0,35.0,35.0,0.0,1,0.0,,35.0,,35.0,1
FJI,2010,Fiji,FJ,East Asia & Pacific,Upper middle income,1,35.0,35.0,35.0,0.0,1,0.0,,35.0,,35.0,1
FJI,2011,Fiji,FJ,East Asia & Pacific,Upper middle income,2,32.5,30.0,35.0,3.5355339059327378,1,5.0,,35.0,30.0,32.5,2
FJI,2012,Fiji,FJ,East Asia & Pacific,Upper middle income,2,32.5,30.0,35.0,3.5355339059327378,1,5.0,,35.0,30.0,32.5,2
FJI,2013,Fiji,FJ,East Asia & Pacific,Upper middle income,2,32.5,30.0,35.0,3.5355339059327378,1,5.0,,35.0,30.0,32.5,2
FJI,2014,Fiji,FJ,East Asia & Pacific,Upper middle income,2,32.5,30.0,35.0,3.5355339059327378,1,5.0,,35.0,30.0,32.5,2
FJI,2015,Fiji,FJ,East Asia & Pacific,Upper middle income,2,35.0,35.0,35.0,0.0,1,0.0,,35.0,35.0,35.0,2
FJI,2016,Fiji,FJ,East Asia & Pacific,Upper middle income,2,35.0,35.0,35.0,0.0,1,0.0,,35.0,35.0,35.0,2
FJI,2017,Fiji,FJ,East Asia & Pacific,Upper middle income,2,37.5,35.0,40.0,3.5355339059327378,1,5.0,,40.0,35.0,37.5,2
FJI,2018,Fiji,FJ,East Asia & Pacific,Upper middle income,2,37.5,35.0,40.0,3.5355339059327378,1,5.0,,40.0,35.0,37.5,2
FJI,2019,Fiji,FJ,East Asia & Pacific,Upper middle income,2,40.0,40.0,40.0,0.0,1,0.0,,40.0,40.0,40.0,2
FJI,2020,Fiji,FJ,East Asia & Pacific,Upper middle income,2,40.0,40.0,40.0,0.0,1,0.0,,40.0,40.0,40.0,2
FJI,2021,Fiji,FJ,East Asia & Pacific,Upper middle income,2,35.0,35.0,35.0,0.0,1,0.0,,35.0,35.0,35.0,2
FJI,2022,Fiji,FJ,East Asia & Pacific,Upper middle income,2,35.0,35.0,35.0,0.0,1,0.0,,35.0,35.0,35.0,2
FJI,2023,Fiji,FJ,East Asia & Pacific,Upper middle income,2,35.0,35.0,35.0,0.0,1,0.0,,35.0,35.0,35.0,2
FJI,2024,Fiji,FJ,East Asia & Pacific,Upper middle income,2,35.0,35.0,35.0,0.0,1,0.0,,35.0,35.0,35.0,2
FJI,2025,Fiji,FJ,East Asia & Pacific,Upper middle income,2,35.0,35.0,35.0,0.0,1,0.0,,35.0,35.0,35.0,2
FRA,2000,France,FR,Europe & Central Asia,High income,3,100.0,100.0,100.0,0.0,1,0.0,100.0,100.0,100.0,100.0,3
FRA,2001,France,FR,Europe & Central Asia,High income,3,100.0,100.0,100.0,0.0,1,0.0,100.0,100.0,100.0,100.0,3
FRA,2002,France,FR,Europe & Central Asia,High income,3,100.0,100.0,100.0,0.0,1,0.0,100.0,100.0,100.0,100.0,3
FRA,2003,France,FR,Europe & Central Asia,High income,3,100.0,100.0,100.0,0.0,1,0.0,100.0,100.0,100.0,100.0,3
FRA,2004,France,FR,Europe & Central Asia,High income,3,100.0,100.0,100.0,0.0,1,0.0,100.0,100.0,100.0,100.0,3
FRA,2005,France,FR,Europe & Central Asia,High income,3,100.0,100.0,100.0,0.0,1,0.0,100.0,100.0,100.0,100.0,3
FRA,2006,France,FR,Europe & Central Asia,High income,3,100.0,100.0,100.0,0.0,1,0.0,100.0,100.0,100.0,100.0,3
FRA,2007,France,FR,Europe & Central Asia,High income,3,100.0,100.0,100.0,0.0,1,0.0,100.0,100.0,100.0,100.0,3
FRA,2008,France,FR,Europe & Central Asia,High income,3,100.0,100.0,100.0,0.0,1,0.0,100.0,100.0,100.0,100.0,3
FRA,2009,France,FR,Europe & Central Asia,High income,3,100.0,100.0,100.0,0.0,1,0.0,100.0,100.0,100.0,100.0,3
FRA,2010,France,FR,Europe & Central Asia,High income,3,100.0,100.0,100.0,0.0,1,0.0,100.0,100.0,100.0,100.0,3
FRA,2011,France,FR,Europe & Central Asia,High income,3,100.0,100.0,100.0,0.0,1,0.0,100.0,100.0,100.0,100.0,3
FRA,2012,France,FR,Europe & Central Asia,High income,3,96.66666666666667,95.0,100.0,2.88675134594813,1,5.0,100.0,95.0,95.0,96.66666666666667,3
FRA,2013,France,FR,Europe & Central Asia,High income,3,93.33333333333333,90.0,95.0,2.886751345948127,1,5.0,95.0,95.0,90.0,93.33333333333333,3
FRA,2014,France,FR,Europe & Central Asia,High income,3,91.66666666666667,90.0,95.0,2.88675134594813,1,5.0,90.0,95.0,90.0,91.66666666666667,3
FRA,2015,France,FR,Europe & Central Asia,High income,3,90.0,90.0,90.0,0.0,1,0.0,90.0,90.0,90.0,90.0,3
FRA,2016,France,FR,Europe & Central Asia,High income,3,90.0,90.0,90.0,0.0,1,0.0,90.0,90.0,90.0,90.0,3
FRA,2017,France,FR,Europe & Central Asia,High income,3,90.0,90.0,90.0,0.0,1,0.0,90.0,90.0,90.0,90.0,3
FRA,2018,France,FR,Europe & Central Asia,High income,3,90.0,90.0,90.0,0.0,1,0.0,90.0,90.0,90.0,90.0,3
FRA,2019,France,FR,Europe & Central Asia,High income,3,90.0,90.0,90.0,0.0,1,0.0,90.0,90.0,90.0,90.0,3
FRA,2020,France,FR,Europe & Central Asia,High income,3,90.0,90.0,90.0,0.0,1,0.0,90.0,90.0,90.0,90.0,3
FRA,2021,France,FR,Europe & Central Asia,High income,3,90.0,90.0,90.0,0.0,1,0.0,90.0,90.0,90.0,90.0,3
FRA,2022,France,FR,Europe & Central Asia,High income,3,90.0,90.0,90.0,0.0,1,0.0,90.0,90.0,90.0,90.0,3
FRA,2023,France,FR,Europe & Central Asia,High income,3,88.33333333333333,85.0,90.0,2.88675134594813,1,5.0,85.0,90.0,90.0,88.33333333333333,3
FRA,2024,France,FR,Europe & Central Asia,High income,3,85.0,85.0,85.0,0.0,1,0.0,85.0,85.0,85.0,85.0,3
FRA,2025,France,FR,Europe & Central Asia,High income,3,83.33333333333333,80.0,85.0,2.886751345948127,1,5.0,85.0,85.0,80.0,83.33333333333333,3
GAB,2000,Gabon,GA,Sub-Saharan Africa,Upper middle income,0,,,,,0,,,,,,0
GAB,2001,Gabon,GA,Sub-Saharan Africa,Upper middle income,0,,,,,0,,,,,,0
GAB,2002,Gabon,GA,Sub-Saharan Africa,Upper middle income,0,,,,,0,,,,,,0
GAB,2003,Gabon,GA,Sub-Saharan Africa,Upper middle income,0,,,,,0,,,,,,0
GAB,2004,Gabon,GA,Sub-Saharan Africa,Upper middle income,0,,,,,0,,,,,,0
GAB,2005,Gabon,GA,Sub-Saharan Africa,Upper middle income,0,,,,,0,,,,,,0
GAB,2006,Gabon,GA,Sub-Saharan Africa,Upper middle income,0,,,,,0,,,,,,0
GAB,2007,Gabon,GA,Sub-Saharan Africa,Upper middle income,2,40.0,40.0,40.0,0.0,1,0.0,40.0,,40.0,40.0,2
GAB,2008,Gabon,GA,Sub-Saharan Africa,Upper middle income,2,40.0,40.0,40.0,0.0,1,0.0,40.0,,40.0,40.0,2
GAB,2009,Gabon,GA,Sub-Saharan Africa,Upper middle income,2,40.0,40.0,40.0,0.0,1,0.0,40.0,,40.0,40.0,2
GAB,2010,Gabon,GA,Sub-Saharan Africa,Upper middle income,2,40.0,40.0,40.0,0.0,1,0.0,40.0,,40.0,40.0,2
GAB,2011,Gabon,GA,Sub-Saharan Africa,Upper middle income,2,40.0,40.0,40.0,0.0,1,0.0,40.0,,40.0,40.0,2
GAB,2012,Gabon,GA,Sub-Saharan Africa,Upper middle income,2,40.0,40.0,40.0,0.0,1,0.0,40.0,,40.0,40.0,2
GAB,2013,Gabon,GA,Sub-Saharan Africa,Upper middle income,2,40.0,40.0,40.0,0.0,1,0.0,40.0,,40.0,40.0,2
GAB,2014,Gabon,GA,Sub-Saharan Africa,Upper middle income,2,40.0,40.0,40.0,0.0,1,0.0,40.0,,40.0,40.0,2
GAB,2015,Gabon,GA,Sub-Saharan Africa,Upper middle income,2,35.0,35.0,35.0,0.0,1,0.0,35.0,,35.0,35.0,2
GAB,2016,Gabon,GA,Sub-Saharan Africa,Upper middle income,1,35.0,35.0,35.0,0.0,1,0.0,35.0,,,35.0,1
GAB,2017,Gabon,GA,Sub-Saharan Africa,Upper middle income,1,30.0,30.0,30.0,0.0,1,0.0,30.0,,,30.0,1
GAB,2018,Gabon,GA,Sub-Saharan Africa,Upper middle income,1,30.0,30.0,30.0,0.0,1,0.0,30.0,,,30.0,1
GAB,2019,Gabon,GA,Sub-Saharan Africa,Upper middle income,1,30.0,30.0,30.0,0.0,1,0.0,30.0,,,30.0,1
GAB,2020,Gabon,GA,Sub-Saharan Africa,Upper middle income,1,15.0,15.0,15.0,0.0,1,0.0,15.0,,,15.0,1
GAB,2021,Gabon,GA,Sub-Saharan Africa,Upper middle income,1,25.0,25.0,25.0,0.0,1,0.0,25.0,,,25.0,1
GAB,2022,Gabon,GA,Sub-Saharan Africa,Upper middle income,1,25.0,25.0,25.0,0.0,1,0.0,25.0,,,25.0,1
GAB,2023,Gabon,GA,Sub-Saharan Africa,Upper middle income,1,25.0,25.0,25.0,0.0,1,0.0,25.0,,,25.0,1
GAB,2024,Gabon,GA,Sub-Saharan Africa,Upper middle income,1,25.0,25.0,25.0,0.0,1,0.0,25.0,,,25.0,1
GAB,2025,Gabon,GA,Sub-Saharan Africa,Upper middle income,1,25.0,25.0,25.0,0.0,1,0.0,25.0,,,25.0,1
GBR,2000,United Kingdom,GB,Europe & Central Asia,High income,3,100.0,100.0,100.0,0.0,1,0.0,100.0,100.0,100.0,100.0,3
GBR,2001,United Kingdom,GB,Europe & Central Asia,High income,3,100.0,100.0,100.0,0.0,1,0.0,100.0,100.0,100.0,100.0,3
GBR,2002,United Kingdom,GB,Europe & Central Asia,High income,3,100.0,100.0,100.0,0.0,1,0.0,100.0,100.0,100.0,100.0,3
GBR,2003,United Kingdom,GB,Europe & Central Asia,High income,3,100.0,100.0,100.0,0.0,1,0.0,100.0,100.0,100.0,100.0,3
GBR,2004,United Kingdom,GB,Europe & Central Asia,High income,3,100.0,100.0,100.0,0.0,1,0.0,100.0,100.0,100.0,100.0,3
GBR,2005,United Kingdom,GB,Europe & Central Asia,High income,3,100.0,100.0,100.0,0.0,1,0.0,100.0,100.0,100.0,100.0,3
GBR,2006,United Kingdom,GB,Europe & Central Asia,High income,3,100.0,100.0,100.0,0.0,1,0.0,100.0,100.0,100.0,100.0,3
GBR,2007,United Kingdom,GB,Europe & Central Asia,High income,3,100.0,100.0,100.0,0.0,1,0.0,100.0,100.0,100.0,100.0,3
GBR,2008,United Kingdom,GB,Europe & Central Asia,High income,3,100.0,100.0,100.0,0.0,1,0.0,100.0,100.0,100.0,100.0,3
GBR,2009,United Kingdom,GB,Europe & Central Asia,High income,3,100.0,100.0,100.0,0.0,1,0.0,100.0,100.0,100.0,100.0,3
GBR,2010,United Kingdom,GB,Europe & Central Asia,High income,3,100.0,100.0,100.0,0.0,1,0.0,100.0,100.0,100.0,100.0,3
GBR,2011,United Kingdom,GB,Europe & Central Asia,High income,3,100.0,100.0,100.0,0.0,1,0.0,100.0,100.0,100.0,100.0,3
GBR,2012,United Kingdom,GB,Europe & Central Asia,High income,3,100.0,100.0,100.0,0.0,1,0.0,100.0,100.0,100.0,100.0,3
GBR,2013,United Kingdom,GB,Europe & Central Asia,High income,3,96.66666666666667,95.0,100.0,2.886751345948127,1,5.0,95.0,95.0,100.0,96.66666666666667,3
GBR,2014,United Kingdom,GB,Europe & Central Asia,High income,3,96.66666666666667,95.0,100.0,2.886751345948127,1,5.0,95.0,95.0,100.0,96.66666666666667,3
GBR,2015,United Kingdom,GB,Europe & Central Asia,High income,3,96.66666666666667,95.0,100.0,2.886751345948127,1,5.0,95.0,95.0,100.0,96.66666666666667,3
GBR,2016,United Kingdom,GB,Europe & Central Asia,High income,3,91.66666666666667,90.0,95.0,2.88675134594813,1,5.0,90.0,95.0,90.0,91.66666666666667,3
GBR,2017,United Kingdom,GB,Europe & Central Asia,High income,3,90.0,90.0,90.0,0.0,1,0.0,90.0,90.0,90.0,90.0,3
GBR,2018,United Kingdom,GB,Europe & Central Asia,High income,3,90.0,90.0,90.0,0.0,1,0.0,90.0,90.0,90.0,90.0,3
GBR,2019,United Kingdom,GB,Europe & Central Asia,High income,3,90.0,90.0,90.0,0.0,1,0.0,90.0,90.0,90.0,90.0,3
GBR,2020,United Kingdom,GB,Europe & Central Asia,High income,3,86.66666666666667,85.0,90.0,2.886751345948127,1,5.0,85.0,85.0,90.0,86.66666666666667,3
GBR,2021,United Kingdom,GB,Europe & Central Asia,High income,3,86.66666666666667,85.0,90.0,2.886751345948127,1,5.0,85.0,85.0,90.0,86.66666666666667,3
GBR,2022,United Kingdom,GB,Europe & Central Asia,High income,3,86.66666666666667,85.0,90.0,2.886751345948127,1,5.0,85.0,85.0,90.0,86.66666666666667,3
GBR,2023,United Kingdom,GB,Europe & Central Asia,High income,3,86.66666666666667,85.0,90.0,2.886751345948127,1,5.0,85.0,85.0,90.0,86.66666666666667,3
GBR,2024,United Kingdom,GB,Europe & Central Asia,High income,3,86.66666666666667,85.0,90.0,2.886751345948127,1,5.0,85.0,85.0,90.0,86.66666666666667,3
GBR,2025,United Kingdom,GB,Europe & Central Asia,High income,3,86.66666666666667,85.0,90.0,2.886751345948127,1,5.0,85.0,85.0,90.0,86.66666666666667,3
GEO,2000,Georgia,GE,Europe & Central Asia,Upper middle income,0,,,,,0,,,,,,0
GEO,2001,Georgia,GE,Europe & Central Asia,Upper middle income,0,,,,,0,,,,,,0
GEO,2002,Georgia,GE,Europe & Central Asia,Upper middle income,0,,,,,0,,,,,,0
GEO,2003,Georgia,GE,Europe & Central Asia,Upper middle income,0,,,,,0,,,,,,0
GEO,2004,Georgia,GE,Europe & Central Asia,Upper middle income,0,,,,,0,,,,,,0
GEO,2005,Georgia,GE,Europe & Central Asia,Upper middle income,0,,,,,0,,,,,,0
GEO,2006,Georgia,GE,Europe & Central Asia,Upper middle income,0,,,,,0,,,,,,0
GEO,2007,Georgia,GE,Europe & Central Asia,Upper middle income,1,40.0,40.0,40.0,0.0,1,0.0,40.0,,,40.0,1
GEO,2008,Georgia,GE,Europe & Central Asia,Upper middle income,1,35.0,35.0,35.0,0.0,1,0.0,35.0,,,35.0,1
GEO,2009,Georgia,GE,Europe & Central Asia,Upper middle income,1,35.0,35.0,35.0,0.0,1,0.0,35.0,,,35.0,1
GEO,2010,Georgia,GE,Europe & Central Asia,Upper middle income,3,36.666666666666664,35.0,40.0,2.886751345948128,1,5.0,35.0,40.0,35.0,36.666666666666664,3
GEO,2011,Georgia,GE,Europe & Central Asia,Upper middle income,3,40.0,40.0,40.0,0.0,1,0.0,40.0,40.0,40.0,40.0,3
GEO,2012,Georgia,GE,Europe & Central Asia,Upper middle income,3,40.0,40.0,40.0,0.0,1,0.0,40.0,40.0,40.0,40.0,3
GEO,2013,Georgia,GE,Europe & Central Asia,Upper middle income,3,40.0,40.0,40.0,0.0,1,0.0,40.0,40.0,40.0,40.0,3
GEO,2014,Georgia,GE,Europe & Central Asia,Upper middle income,3,40.0,40.0,40.0,0.0,1,0.0,40.0,40.0,40.0,40.0,3
GEO,2015,Georgia,GE,Europe & Central Asia,Upper middle income,3,40.0,40.0,40.0,0.0,1,0.0,40.0,40.0,40.0,40.0,3
GEO,2016,Georgia,GE,Europe & Central Asia,Upper middle income,3,40.0,40.0,40.0,0.0,1,0.0,40.0,40.0,40.0,40.0,3
GEO,2017,Georgia,GE,Europe & Central Asia,Upper middle income,3,41.666666666666664,40.0,45.0,2.886751345948128,1,5.0,40.0,45.0,40.0,41.666666666666664,3
GEO,2018,Georgia,GE,Europe & Central Asia,Upper middle income,3,41.666666666666664,40.0,45.0,2.886751345948128,1,5.0,40.0,45.0,40.0,41.666666666666664,3
GEO,2019,Georgia,GE,Europe & Central Asia,Upper middle income,3,45.0,45.0,45.0,0.0,1,0.0,45.0,45.0,45.0,45.0,3
GEO,2020,Georgia,GE,Europe & Central Asia,Upper middle income,3,45.0,45.0,45.0,0.0,1,0.0,45.0,45.0,45.0,45.0,3
GEO,2021,Georgia,GE,Europe & Central Asia,Upper middle income,3,45.0,45.0,45.0,0.0,1,0.0,45.0,45.0,45.0,45.0,3
GEO,2022,Georgia,GE,Europe & Central Asia,Upper middle income,3,45.0,45.0,45.0,0.0,1,0.0,45.0,45.0,45.0,45.0,3
GEO,2023,Georgia,GE,Europe & Central Asia,Upper middle income,3,45.0,45.0,45.0,0.0,1,0.0,45.0,45.0,45.0,45.0,3
GEO,2024,Georgia,GE,Europe & Central Asia,Upper middle income,3,45.0,45.0,45.0,0.0,1,0.0,45.0,45.0,45.0,45.0,3
GEO,2025,Georgia,GE,Europe & Central Asia,Upper middle income,3,45.0,45.0,45.0,0.0,1,0.0,45.0,45.0,45.0,45.0,3
GHA,2000,Ghana,GH,Sub-Saharan Africa,Lower middle income,0,,,,,0,,,,,,0
GHA,2001,Ghana,GH,Sub-Saharan Africa,Lower middle income,0,,,,,0,,,,,,0
GHA,2002,Ghana,GH,Sub-Saharan Africa,Lower middle income,0,,,,,0,,,,,,0
GHA,2003,Ghana,GH,Sub-Saharan Africa,Lower middle income,1,30.0,30.0,30.0,0.0,1,0.0,30.0,,,30.0,1
GHA,2004,Ghana,GH,Sub-Saharan Africa,Lower middle income,1,30.0,30.0,30.0,0.0,1,0.0,30.0,,,30.0,1
GHA,2005,Ghana,GH,Sub-Saharan Africa,Lower middle income,1,35.0,35.0,35.0,0.0,1,0.0,35.0,,,35.0,1
GHA,2006,Ghana,GH,Sub-Saharan Africa,Lower middle income,1,35.0,35.0,35.0,0.0,1,0.0,35.0,,,35.0,1
GHA,2007,Ghana,GH,Sub-Saharan Africa,Lower middle income,1,35.0,35.0,35.0,0.0,1,0.0,35.0,,,35.0,1
GHA,2008,Ghana,GH,Sub-Saharan Africa,Lower middle income,1,35.0,35.0,35.0,0.0,1,0.0,35.0,,,35.0,1
GHA,2009,Ghana,GH,Sub-Saharan Africa,Lower middle income,1,35.0,35.0,35.0,0.0,1,0.0,35.0,,,35.0,1
GHA,2010,Ghana,GH,Sub-Saharan Africa,Lower middle income,2,32.5,30.0,35.0,3.5355339059327378,1,5.0,35.0,,30.0,32.5,2
GHA,2011,Ghana,GH,Sub-Saharan Africa,Lower middle income,2,32.5,30.0,35.0,3.5355339059327378,1,5.0,35.0,,30.0,32.5,2
GHA,2012,Ghana,GH,Sub-Saharan Africa,Lower middle income,2,32.5,30.0,35.0,3.5355339059327378,1,5.0,35.0,,30.0,32.5,2
GHA,2013,Ghana,GH,Sub-Saharan Africa,Lower middle income,2,30.0,30.0,30.0,0.0,1,0.0,30.0,,30.0,30.0,2
GHA,2014,Ghana,GH,Sub-Saharan Africa,Lower middle income,2,27.5,25.0,30.0,3.5355339059327378,1,5.0,30.0,,25.0,27.5,2
GHA,2015,Ghana,GH,Sub-Saharan Africa,Lower middle income,2,27.5,25.0,30.0,3.5355339059327378,1,5.0,30.0,,25.0,27.5,2
GHA,2016,Ghana,GH,Sub-Saharan Africa,Lower middle income,2,27.5,25.0,30.0,3.5355339059327378,1,5.0,30.0,,25.0,27.5,2
GHA,2017,Ghana,GH,Sub-Saharan Africa,Lower middle income,2,27.5,25.0,30.0,3.5355339059327378,1,5.0,30.0,,25.0,27.5,2
GHA,2018,Ghana,GH,Sub-Saharan Africa,Lower middle income,2,30.0,30.0,30.0,0.0,1,0.0,30.0,,30.0,30.0,2
GHA,2019,Ghana,GH,Sub-Saharan Africa,Lower middle income,2,30.0,30.0,30.0,0.0,1,0.0,30.0,,30.0,30.0,2
GHA,2020,Ghana,GH,Sub-Saharan Africa,Lower middle income,2,27.5,25.0,30.0,3.5355339059327378,1,5.0,30.0,,25.0,27.5,2
GHA,2021,Ghana,GH,Sub-Saharan Africa,Lower middle income,2,27.5,25.0,30.0,3.5355339059327378,1,5.0,30.0,,25.0,27.5,2
GHA,2022,Ghana,GH,Sub-Saharan Africa,Lower middle income,2,2.5,0.0,5.0,3.5355339059327378,1,5.0,5.0,,0.0,2.5,2
GHA,2023,Ghana,GH,Sub-Saharan Africa,Lower middle income,2,0.0,0.0,0.0,0.0,1,0.0,0.0,,0.0,0.0,2
GHA,2024,Ghana,GH,Sub-Saharan Africa,Lower middle income,2,0.0,0.0,0.0,0.0,1,0.0,0.0,,0.0,0.0,2
GHA,2025,Ghana,GH,Sub-Saharan Africa,Lower middle income,2,12.5,0.0,25.0,17.67766952966369,1,25.0,0.0,,25.0,12.5,2
GIN,2000,Guinea,GN,Sub-Saharan Africa,Lower middle income,0,,,,,0,,,,,,0
GIN,2001,Guinea,GN,Sub-Saharan Africa,Lower middle income,0,,,,,0,,,,,,0
GIN,2002,Guinea,GN,Sub-Saharan Africa,Lower middle income,0,,,,,0,,,,,,0
GIN,2003,Guinea,GN,Sub-Saharan Africa,Lower middle income,0,,,,,0,,,,,,0
GIN,2004,Guinea,GN,Sub-Saharan Africa,Lower middle income,0,,,,,0,,,,,,0
GIN,2005,Guinea,GN,Sub-Saharan Africa,Lower middle income,0,,,,,0,,,,,,0
GIN,2006,Guinea,GN,Sub-Saharan Africa,Lower middle income,0,,,,,0,,,,,,0
GIN,2007,Guinea,GN,Sub-Saharan Africa,Lower middle income,0,,,,,0,,,,,,0
GIN,2008,Guinea,GN,Sub-Saharan Africa,Lower middle income,0,,,,,0,,,,,,0
GIN,2009,Guinea,GN,Sub-Saharan Africa,Lower middle income,0,,,,,0,,,,,,0
GIN,2010,Guinea,GN,Sub-Saharan Africa,Lower middle income,0,,,,,0,,,,,,0
GIN,2011,Guinea,GN,Sub-Saharan Africa,Lower middle income,0,,,,,0,,,,,,0
GIN,2012,Guinea,GN,Sub-Saharan Africa,Lower middle income,0,,,,,0,,,,,,0
GIN,2013,Guinea,GN,Sub-Saharan Africa,Lower middle income,0,,,,,0,,,,,,0
GIN,2014,Guinea,GN,Sub-Saharan Africa,Lower middle income,0,,,,,0,,,,,,0
GIN,2015,Guinea,GN,Sub-Saharan Africa,Lower middle income,0,,,,,0,,,,,,0
GIN,2016,Guinea,GN,Sub-Saharan Africa,Lower middle income,0,,,,,0,,,,,,0
GIN,2017,Guinea,GN,Sub-Saharan Africa,Lower middle income,0,,,,,0,,,,,,0
GIN,2018,Guinea,GN,Sub-Saharan Africa,Lower middle income,0,,,,,0,,,,,,0
GIN,2019,Guinea,GN,Sub-Saharan Africa,Lower middle income,0,,,,,0,,,,,,0
GIN,2020,Guinea,GN,Sub-Saharan Africa,Lower middle income,0,,,,,0,,,,,,0
GIN,2021,Guinea,GN,Sub-Saharan Africa,Lower middle income,0,,,,,0,,,,,,0
GIN,2022,Guinea,GN,Sub-Saharan Africa,Lower middle income,0,,,,,0,,,,,,0
GIN,2023,Guinea,GN,Sub-Saharan Africa,Lower middle income,0,,,,,0,,,,,,0
GIN,2024,Guinea,GN,Sub-Saharan Africa,Lower middle income,0,,,,,0,,,,,,0
GIN,2025,Guinea,GN,Sub-Saharan Africa,Lower middle income,1,35.0,35.0,35.0,0.0,1,0.0,,,35.0,35.0,1
GMB,2000,"Gambia, The",GM,Sub-Saharan Africa,Low income,0,,,,,0,,,,,,0
GMB,2001,"Gambia, The",GM,Sub-Saharan Africa,Low income,0,,,,,0,,,,,,0
GMB,2002,"Gambia, The",GM,Sub-Saharan Africa,Low income,1,25.0,25.0,25.0,0.0,1,0.0,25.0,,,25.0,1
GMB,2003,"Gambia, The",GM,Sub-Saharan Africa,Low income,1,25.0,25.0,25.0,0.0,1,0.0,25.0,,,25.0,1
GMB,2004,"Gambia, The",GM,Sub-Saharan Africa,Low income,1,25.0,25.0,25.0,0.0,1,0.0,25.0,,,25.0,1
GMB,2005,"Gambia, The",GM,Sub-Saharan Africa,Low income,1,15.0,15.0,15.0,0.0,1,0.0,15.0,,,15.0,1
GMB,2006,"Gambia, The",GM,Sub-Saharan Africa,Low income,1,15.0,15.0,15.0,0.0,1,0.0,15.0,,,15.0,1
GMB,2007,"Gambia, The",GM,Sub-Saharan Africa,Low income,1,15.0,15.0,15.0,0.0,1,0.0,15.0,,,15.0,1
GMB,2008,"Gambia, The",GM,Sub-Saharan Africa,Low income,1,15.0,15.0,15.0,0.0,1,0.0,15.0,,,15.0,1
GMB,2009,"Gambia, The",GM,Sub-Saharan Africa,Low income,1,15.0,15.0,15.0,0.0,1,0.0,15.0,,,15.0,1
GMB,2010,"Gambia, The",GM,Sub-Saharan Africa,Low income,1,15.0,15.0,15.0,0.0,1,0.0,15.0,,,15.0,1
GMB,2011,"Gambia, The",GM,Sub-Saharan Africa,Low income,1,15.0,15.0,15.0,0.0,1,0.0,15.0,,,15.0,1
GMB,2012,"Gambia, The",GM,Sub-Saharan Africa,Low income,1,15.0,15.0,15.0,0.0,1,0.0,15.0,,,15.0,1
GMB,2013,"Gambia, The",GM,Sub-Saharan Africa,Low income,1,15.0,15.0,15.0,0.0,1,0.0,15.0,,,15.0,1
GMB,2014,"Gambia, The",GM,Sub-Saharan Africa,Low income,1,15.0,15.0,15.0,0.0,1,0.0,15.0,,,15.0,1
GMB,2015,"Gambia, The",GM,Sub-Saharan Africa,Low income,1,15.0,15.0,15.0,0.0,1,0.0,15.0,,,15.0,1
GMB,2016,"Gambia, The",GM,Sub-Saharan Africa,Low income,1,15.0,15.0,15.0,0.0,1,0.0,15.0,,,15.0,1
GMB,2017,"Gambia, The",GM,Sub-Saharan Africa,Low income,1,15.0,15.0,15.0,0.0,1,0.0,15.0,,,15.0,1
GMB,2018,"Gambia, The",GM,Sub-Saharan Africa,Low income,1,15.0,15.0,15.0,0.0,1,0.0,15.0,,,15.0,1
GMB,2019,"Gambia, The",GM,Sub-Saharan Africa,Low income,1,15.0,15.0,15.0,0.0,1,0.0,15.0,,,15.0,1
GMB,2020,"Gambia, The",GM,Sub-Saharan Africa,Low income,1,15.0,15.0,15.0,0.0,1,0.0,15.0,,,15.0,1
GMB,2021,"Gambia, The",GM,Sub-Saharan Africa,Low income,1,15.0,15.0,15.0,0.0,1,0.0,15.0,,,15.0,1
GMB,2022,"Gambia, The",GM,Sub-Saharan Africa,Low income,1,15.0,15.0,15.0,0.0,1,0.0,15.0,,,15.0,1
GMB,2023,"Gambia, The",GM,Sub-Saharan Africa,Low income,1,15.0,15.0,15.0,0.0,1,0.0,15.0,,,15.0,1
GMB,2024,"Gambia, The",GM,Sub-Saharan Africa,Low income,1,15.0,15.0,15.0,0.0,1,0.0,15.0,,,15.0,1
GMB,2025,"Gambia, The",GM,Sub-Saharan Africa,Low income,1,15.0,15.0,15.0,0.0,1,0.0,15.0,,,15.0,1
GRC,2000,Greece,GR,Europe & Central Asia,High income,2,72.5,70.0,75.0,3.5355339059327378,1,5.0,70.0,75.0,,72.5,2
GRC,2001,Greece,GR,Europe & Central Asia,High income,2,75.0,75.0,75.0,0.0,1,0.0,75.0,75.0,,75.0,2
GRC,2002,Greece,GR,Europe & Central Asia,High income,2,77.5,75.0,80.0,3.5355339059327378,1,5.0,75.0,80.0,,77.5,2
GRC,2003,Greece,GR,Europe & Central Asia,High income,2,80.0,80.0,80.0,0.0,1,0.0,80.0,80.0,,80.0,2
GRC,2004,Greece,GR,Europe & Central Asia,High income,2,77.5,75.0,80.0,3.5355339059327378,1,5.0,75.0,80.0,,77.5,2
GRC,2005,Greece,GR,Europe & Central Asia,High income,2,77.5,75.0,80.0,3.5355339059327378,1,5.0,75.0,80.0,,77.5,2
GRC,2006,Greece,GR,Europe & Central Asia,High income,2,77.5,75.0,80.0,3.5355339059327378,1,5.0,75.0,80.0,,77.5,2
GRC,2007,Greece,GR,Europe & Central Asia,High income,2,77.5,75.0,80.0,3.5355339059327378,1,5.0,75.0,80.0,,77.5,2
GRC,2008,Greece,GR,Europe & Central Asia,High income,2,77.5,75.0,80.0,3.5355339059327378,1,5.0,75.0,80.0,,77.5,2
GRC,2009,Greece,GR,Europe & Central Asia,High income,2,70.0,65.0,75.0,7.0710678118654755,1,10.0,65.0,75.0,,70.0,2
GRC,2010,Greece,GR,Europe & Central Asia,High income,2,52.5,50.0,55.0,3.5355339059327378,1,5.0,55.0,50.0,,52.5,2
GRC,2011,Greece,GR,Europe & Central Asia,High income,3,8.333333333333334,5.0,15.0,5.773502691896258,1,10.0,15.0,5.0,5.0,8.333333333333334,3
GRC,2012,Greece,GR,Europe & Central Asia,High income,3,13.333333333333334,0.0,25.0,12.583057392117917,1,25.0,15.0,0.0,25.0,13.333333333333334,3
GRC,2013,Greece,GR,Europe & Central Asia,High income,3,20.0,10.0,25.0,8.660254037844387,1,15.0,25.0,10.0,25.0,20.0,3
GRC,2014,Greece,GR,Europe & Central Asia,High income,3,26.666666666666668,20.0,30.0,5.773502691896257,1,10.0,30.0,20.0,30.0,26.666666666666668,3
GRC,2015,Greece,GR,Europe & Central Asia,High income,3,15.0,10.0,20.0,5.0,1,10.0,15.0,10.0,20.0,15.0,3
GRC,2016,Greece,GR,Europe & Central Asia,High income,3,16.666666666666668,10.0,25.0,7.637626158259733,1,15.0,15.0,10.0,25.0,16.666666666666668,3
GRC,2017,Greece,GR,Europe & Central Asia,High income,3,21.666666666666668,15.0,25.0,5.773502691896257,1,10.0,25.0,15.0,25.0,21.666666666666668,3
GRC,2018,Greece,GR,Europe & Central Asia,High income,3,33.333333333333336,25.0,40.0,7.637626158259733,1,15.0,40.0,25.0,35.0,33.333333333333336,3
GRC,2019,Greece,GR,Europe & Central Asia,High income,3,38.333333333333336,35.0,40.0,2.886751345948128,1,5.0,40.0,35.0,40.0,38.333333333333336,3
GRC,2020,Greece,GR,Europe & Central Asia,High income,3,41.666666666666664,40.0,45.0,2.886751345948128,1,5.0,45.0,40.0,40.0,41.666666666666664,3
GRC,2021,Greece,GR,Europe & Central Asia,High income,3,43.333333333333336,40.0,45.0,2.886751345948128,1,5.0,45.0,40.0,45.0,43.333333333333336,3
GRC,2022,Greece,GR,Europe & Central Asia,High income,3,45.0,40.0,50.0,5.0,1,10.0,45.0,40.0,50.0,45.0,3
GRC,2023,Greece,GR,Europe & Central Asia,High income,3,51.666666666666664,50.0,55.0,2.88675134594813,1,5.0,50.0,50.0,55.0,51.666666666666664,3
GRC,2024,Greece,GR,Europe & Central Asia,High income,3,51.666666666666664,50.0,55.0,2.88675134594813,1,5.0,50.0,50.0,55.0,51.666666666666664,3
GRC,2025,Greece,GR,Europe & Central Asia,High income,3,55.0,50.0,60.0,5.0,1,10.0,50.0,55.0,60.0,55.0,3
GRD,2000,Grenada,GD,Latin America & Caribbean,Upper middle income,0,,,,,0,,,,,,0
GRD,2001,Grenada,GD,Latin America & Caribbean,Upper middle income,0,,,,,0,,,,,,0
GRD,2002,Grenada,GD,Latin America & Caribbean,Upper middle income,0,,,,,0,,,,,,0
GRD,2003,Grenada,GD,Latin America & Caribbean,Upper middle income,0,,,,,0,,,,,,0
GRD,2004,Grenada,GD,Latin America & Caribbean,Upper middle income,0,,,,,0,,,,,,0
GRD,2005,Grenada,GD,Latin America & Caribbean,Upper middle income,0,,,,,0,,,,,,0
GRD,2006,Grenada,GD,Latin America & Caribbean,Upper middle income,0,,,,,0,,,,,,0
GRD,2007,Grenada,GD,Latin America & Caribbean,Upper middle income,0,,,,,0,,,,,,0
GRD,2008,Grenada,GD,Latin America & Caribbean,Upper middle income,0,,,,,0,,,,,,0
GRD,2009,Grenada,GD,Latin America & Caribbean,Upper middle income,0,,,,,0,,,,,,0
GRD,2010,Grenada,GD,Latin America & Caribbean,Upper middle income,0,,,,,0,,,,,,0
GRD,2011,Grenada,GD,Latin America & Caribbean,Upper middle income,0,,,,,0,,,,,,0
GRD,2012,Grenada,GD,Latin America & Caribbean,Upper middle income,0,,,,,0,,,,,,0
GRD,2013,Grenada,GD,Latin America & Caribbean,Upper middle income,1,0.0,0.0,0.0,0.0,1,0.0,,,0.0,0.0,1
GRD,2014,Grenada,GD,Latin America & Caribbean,Upper middle income,0,,,,,0,,,,,,0
GRD,2015,Grenada,GD,Latin America & Caribbean,Upper middle income,0,,,,,0,,,,,,0
GRD,2016,Grenada,GD,Latin America & Caribbean,Upper middle income,0,,,,,0,,,,,,0
GRD,2017,Grenada,GD,Latin America & Caribbean,Upper middle income,0,,,,,0,,,,,,0
GRD,2018,Grenada,GD,Latin America & Caribbean,Upper middle income,0,,,,,0,,,,,,0
GRD,2019,Grenada,GD,Latin America & Caribbean,Upper middle income,0,,,,,0,,,,,,0
GRD,2020,Grenada,GD,Latin America & Caribbean,Upper middle income,0,,,,,0,,,,,,0
GRD,2021,Grenada,GD,Latin America & Caribbean,Upper middle income,0,,,,,0,,,,,,0
GRD,2022,Grenada,GD,Latin America & Caribbean,Upper middle income,0,,,,,0,,,,,,0
GRD,2023,Grenada,GD,Latin America & Caribbean,Upper middle income,0,,,,,0,,,,,,0
GRD,2024,Grenada,GD,Latin America & Caribbean,Upper middle income,0,,,,,0,,,,,,0
GRD,2025,Grenada,GD,Latin America & Caribbean,Upper middle income,0,,,,,0,,,,,,0
GTM,2000,Guatemala,GT,Latin America & Caribbean,Upper middle income,1,45.0,45.0,45.0,0.0,1,0.0,,45.0,,45.0,1
GTM,2001,Guatemala,GT,Latin America & Caribbean,Upper middle income,1,45.0,45.0,45.0,0.0,1,0.0,,45.0,,45.0,1
GTM,2002,Guatemala,GT,Latin America & Caribbean,Upper middle income,1,45.0,45.0,45.0,0.0,1,0.0,,45.0,,45.0,1
GTM,2003,Guatemala,GT,Latin America & Caribbean,Upper middle income,1,45.0,45.0,45.0,0.0,1,0.0,,45.0,,45.0,1
GTM,2004,Guatemala,GT,Latin America & Caribbean,Upper middle income,1,45.0,45.0,45.0,0.0,1,0.0,,45.0,,45.0,1
GTM,2005,Guatemala,GT,Latin America & Caribbean,Upper middle income,1,45.0,45.0,45.0,0.0,1,0.0,,45.0,,45.0,1
GTM,2006,Guatemala,GT,Latin America & Caribbean,Upper middle income,3,46.666666666666664,45.0,50.0,2.886751345948128,1,5.0,50.0,45.0,45.0,46.666666666666664,3
GTM,2007,Guatemala,GT,Latin America & Caribbean,Upper middle income,3,46.666666666666664,45.0,50.0,2.886751345948128,1,5.0,50.0,45.0,45.0,46.666666666666664,3
GTM,2008,Guatemala,GT,Latin America & Caribbean,Upper middle income,3,46.666666666666664,45.0,50.0,2.886751345948128,1,5.0,50.0,45.0,45.0,46.666666666666664,3
GTM,2009,Guatemala,GT,Latin America & Caribbean,Upper middle income,3,46.666666666666664,45.0,50.0,2.886751345948128,1,5.0,50.0,45.0,45.0,46.666666666666664,3
GTM,2010,Guatemala,GT,Latin America & Caribbean,Upper middle income,3,48.333333333333336,45.0,50.0,2.88675134594813,1,5.0,50.0,50.0,45.0,48.333333333333336,3
GTM,2011,Guatemala,GT,Latin America & Caribbean,Upper middle income,3,48.333333333333336,45.0,50.0,2.88675134594813,1,5.0,50.0,50.0,45.0,48.333333333333336,3
GTM,2012,Guatemala,GT,Latin America & Caribbean,Upper middle income,3,48.333333333333336,45.0,50.0,2.88675134594813,1,5.0,50.0,50.0,45.0,48.333333333333336,3
GTM,2013,Guatemala,GT,Latin America & Caribbean,Upper middle income,3,48.333333333333336,45.0,50.0,2.88675134594813,1,5.0,50.0,50.0,45.0,48.333333333333336,3
GTM,2014,Guatemala,GT,Latin America & Caribbean,Upper middle income,3,46.666666666666664,45.0,50.0,2.886751345948128,1,5.0,45.0,50.0,45.0,46.666666666666664,3
GTM,2015,Guatemala,GT,Latin America & Caribbean,Upper middle income,3,46.666666666666664,45.0,50.0,2.886751345948128,1,5.0,45.0,50.0,45.0,46.666666666666664,3
GTM,2016,Guatemala,GT,Latin America & Caribbean,Upper middle income,3,46.666666666666664,45.0,50.0,2.886751345948128,1,5.0,45.0,50.0,45.0,46.666666666666664,3
GTM,2017,Guatemala,GT,Latin America & Caribbean,Upper middle income,3,45.0,40.0,50.0,5.0,1,10.0,45.0,50.0,40.0,45.0,3
GTM,2018,Guatemala,GT,Latin America & Caribbean,Upper middle income,3,45.0,40.0,50.0,5.0,1,10.0,45.0,50.0,40.0,45.0,3
GTM,2019,Guatemala,GT,Latin America & Caribbean,Upper middle income,3,45.0,40.0,50.0,5.0,1,10.0,45.0,50.0,40.0,45.0,3
GTM,2020,Guatemala,GT,Latin America & Caribbean,Upper middle income,3,43.333333333333336,40.0,50.0,5.773502691896258,1,10.0,40.0,50.0,40.0,43.333333333333336,3
GTM,2021,Guatemala,GT,Latin America & Caribbean,Upper middle income,3,43.333333333333336,40.0,50.0,5.773502691896258,1,10.0,40.0,50.0,40.0,43.333333333333336,3
GTM,2022,Guatemala,GT,Latin America & Caribbean,Upper middle income,3,43.333333333333336,40.0,50.0,5.773502691896258,1,10.0,40.0,50.0,40.0,43.333333333333336,3
GTM,2023,Guatemala,GT,Latin America & Caribbean,Upper middle income,3,46.666666666666664,45.0,50.0,2.886751345948128,1,5.0,45.0,50.0,45.0,46.666666666666664,3
GTM,2024,Guatemala,GT,Latin America & Caribbean,Upper middle income,3,46.666666666666664,45.0,50.0,2.886751345948128,1,5.0,45.0,50.0,45.0,46.666666666666664,3
GTM,2025,Guatemala,GT,Latin America & Caribbean,Upper middle income,3,48.333333333333336,45.0,50.0,2.886751345948128,1,5.0,45.0,50.0,50.0,48.333333333333336,3
HKG,2000,"Hong Kong SAR, China",HK,East Asia & Pacific,High income,2,75.0,70.0,80.0,7.0710678118654755,1,10.0,80.0,70.0,,75.0,2
HKG,2001,"Hong Kong SAR, China",HK,East Asia & Pacific,High income,2,77.5,70.0,85.0,10.606601717798213,1,15.0,85.0,70.0,,77.5,2
HKG,2002,"Hong Kong SAR, China",HK,East Asia & Pacific,High income,2,77.5,70.0,85.0,10.606601717798213,1,15.0,85.0,70.0,,77.5,2
HKG,2003,"Hong Kong SAR, China",HK,East Asia & Pacific,High income,2,82.5,80.0,85.0,3.5355339059327378,1,5.0,85.0,80.0,,82.5,2
HKG,2004,"Hong Kong SAR, China",HK,East Asia & Pacific,High income,2,82.5,80.0,85.0,3.5355339059327378,1,5.0,85.0,80.0,,82.5,2
HKG,2005,"Hong Kong SAR, China",HK,East Asia & Pacific,High income,2,82.5,80.0,85.0,3.5355339059327378,1,5.0,85.0,80.0,,82.5,2
HKG,2006,"Hong Kong SAR, China",HK,East Asia & Pacific,High income,2,85.0,85.0,85.0,0.0,1,0.0,85.0,85.0,,85.0,2
HKG,2007,"Hong Kong SAR, China",HK,East Asia & Pacific,High income,2,90.0,90.0,90.0,0.0,1,0.0,90.0,90.0,,90.0,2
HKG,2008,"Hong Kong SAR, China",HK,East Asia & Pacific,High income,2,90.0,90.0,90.0,0.0,1,0.0,90.0,90.0,,90.0,2
HKG,2009,"Hong Kong SAR, China",HK,East Asia & Pacific,High income,2,90.0,90.0,90.0,0.0,1,0.0,90.0,90.0,,90.0,2
HKG,2010,"Hong Kong SAR, China",HK,East Asia & Pacific,High income,3,96.66666666666667,95.0,100.0,2.886751345948127,1,5.0,95.0,95.0,100.0,96.66666666666667,3
HKG,2011,"Hong Kong SAR, China",HK,East Asia & Pacific,High income,3,96.66666666666667,95.0,100.0,2.886751345948127,1,5.0,95.0,95.0,100.0,96.66666666666667,3
HKG,2012,"Hong Kong SAR, China",HK,East Asia & Pacific,High income,3,96.66666666666667,95.0,100.0,2.886751345948127,1,5.0,95.0,95.0,100.0,96.66666666666667,3
HKG,2013,"Hong Kong SAR, China",HK,East Asia & Pacific,High income,3,96.66666666666667,95.0,100.0,2.886751345948127,1,5.0,95.0,95.0,100.0,96.66666666666667,3
HKG,2014,"Hong Kong SAR, China",HK,East Asia & Pacific,High income,3,96.66666666666667,95.0,100.0,2.886751345948127,1,5.0,95.0,95.0,100.0,96.66666666666667,3
HKG,2015,"Hong Kong SAR, China",HK,East Asia & Pacific,High income,3,96.66666666666667,95.0,100.0,2.886751345948127,1,5.0,95.0,95.0,100.0,96.66666666666667,3
HKG,2016,"Hong Kong SAR, China",HK,East Asia & Pacific,High income,3,96.66666666666667,95.0,100.0,2.886751345948127,1,5.0,95.0,95.0,100.0,96.66666666666667,3
HKG,2017,"Hong Kong SAR, China",HK,East Asia & Pacific,High income,3,93.33333333333333,90.0,95.0,2.88675134594813,1,5.0,95.0,90.0,95.0,93.33333333333333,3
HKG,2018,"Hong Kong SAR, China",HK,East Asia & Pacific,High income,3,93.33333333333333,90.0,95.0,2.88675134594813,1,5.0,95.0,90.0,95.0,93.33333333333333,3
HKG,2019,"Hong Kong SAR, China",HK,East Asia & Pacific,High income,3,91.66666666666667,90.0,95.0,2.886751345948127,1,5.0,90.0,90.0,95.0,91.66666666666667,3
HKG,2020,"Hong Kong SAR, China",HK,East Asia & Pacific,High income,3,88.33333333333333,85.0,95.0,5.77350269189626,1,10.0,85.0,85.0,95.0,88.33333333333333,3
HKG,2021,"Hong Kong SAR, China",HK,East Asia & Pacific,High income,3,88.33333333333333,85.0,95.0,5.77350269189626,1,10.0,85.0,85.0,95.0,88.33333333333333,3
HKG,2022,"Hong Kong SAR, China",HK,East Asia & Pacific,High income,3,88.33333333333333,85.0,95.0,5.77350269189626,1,10.0,85.0,85.0,95.0,88.33333333333333,3
HKG,2023,"Hong Kong SAR, China",HK,East Asia & Pacific,High income,3,88.33333333333333,85.0,95.0,5.77350269189626,1,10.0,85.0,85.0,95.0,88.33333333333333,3
HKG,2024,"Hong Kong SAR, China",HK,East Asia & Pacific,High income,3,88.33333333333333,85.0,95.0,5.77350269189626,1,10.0,85.0,85.0,95.0,88.33333333333333,3
HKG,2025,"Hong Kong SAR, China",HK,East Asia & Pacific,High income,3,88.33333333333333,85.0,95.0,5.77350269189626,1,10.0,85.0,85.0,95.0,88.33333333333333,3
HND,2000,Honduras,HN,Latin America & Caribbean,Lower middle income,1,30.0,30.0,30.0,0.0,1,0.0,,30.0,,30.0,1
HND,2001,Honduras,HN,Latin America & Caribbean,Lower middle income,1,30.0,30.0,30.0,0.0,1,0.0,,30.0,,30.0,1
HND,2002,Honduras,HN,Latin America & Caribbean,Lower middle income,1,30.0,30.0,30.0,0.0,1,0.0,,30.0,,30.0,1
HND,2003,Honduras,HN,Latin America & Caribbean,Lower middle income,1,30.0,30.0,30.0,0.0,1,0.0,,30.0,,30.0,1
HND,2004,Honduras,HN,Latin America & Caribbean,Lower middle income,1,30.0,30.0,30.0,0.0,1,0.0,,30.0,,30.0,1
HND,2005,Honduras,HN,Latin America & Caribbean,Lower middle income,1,30.0,30.0,30.0,0.0,1,0.0,,30.0,,30.0,1
HND,2006,Honduras,HN,Latin America & Caribbean,Lower middle income,1,30.0,30.0,30.0,0.0,1,0.0,,30.0,,30.0,1
HND,2007,Honduras,HN,Latin America & Caribbean,Lower middle income,1,30.0,30.0,30.0,0.0,1,0.0,,30.0,,30.0,1
HND,2008,Honduras,HN,Latin America & Caribbean,Lower middle income,1,30.0,30.0,30.0,0.0,1,0.0,,30.0,,30.0,1
HND,2009,Honduras,HN,Latin America & Caribbean,Lower middle income,2,30.0,30.0,30.0,0.0,1,0.0,,30.0,30.0,30.0,2
HND,2010,Honduras,HN,Latin America & Caribbean,Lower middle income,2,30.0,30.0,30.0,0.0,1,0.0,,30.0,30.0,30.0,2
HND,2011,Honduras,HN,Latin America & Caribbean,Lower middle income,2,30.0,30.0,30.0,0.0,1,0.0,,30.0,30.0,30.0,2
HND,2012,Honduras,HN,Latin America & Caribbean,Lower middle income,2,32.5,30.0,35.0,3.5355339059327378,1,5.0,,30.0,35.0,32.5,2
HND,2013,Honduras,HN,Latin America & Caribbean,Lower middle income,2,30.0,30.0,30.0,0.0,1,0.0,,30.0,30.0,30.0,2
HND,2014,Honduras,HN,Latin America & Caribbean,Lower middle income,2,27.5,25.0,30.0,3.5355339059327378,1,5.0,,25.0,30.0,27.5,2
HND,2015,Honduras,HN,Latin America & Caribbean,Lower middle income,2,30.0,25.0,35.0,7.0710678118654755,1,10.0,,25.0,35.0,30.0,2
HND,2016,Honduras,HN,Latin America & Caribbean,Lower middle income,2,32.5,30.0,35.0,3.5355339059327378,1,5.0,,30.0,35.0,32.5,2
HND,2017,Honduras,HN,Latin America & Caribbean,Lower middle income,2,37.5,35.0,40.0,3.5355339059327378,1,5.0,,35.0,40.0,37.5,2
HND,2018,Honduras,HN,Latin America & Caribbean,Lower middle income,2,37.5,35.0,40.0,3.5355339059327378,1,5.0,,35.0,40.0,37.5,2
HND,2019,Honduras,HN,Latin America & Caribbean,Lower middle income,2,37.5,35.0,40.0,3.5355339059327378,1,5.0,,35.0,40.0,37.5,2
HND,2020,Honduras,HN,Latin America & Caribbean,Lower middle income,2,37.5,35.0,40.0,3.5355339059327378,1,5.0,,35.0,40.0,37.5,2
HND,2021,Honduras,HN,Latin America & Caribbean,Lower middle income,2,37.5,35.0,40.0,3.5355339059327378,1,5.0,,35.0,40.0,37.5,2
HND,2022,Honduras,HN,Latin America & Caribbean,Lower middle income,2,37.5,35.0,40.0,3.5355339059327378,1,5.0,,35.0,40.0,37.5,2
HND,2023,Honduras,HN,Latin America & Caribbean,Lower middle income,2,37.5,35.0,40.0,3.5355339059327378,1,5.0,,35.0,40.0,37.5,2
HND,2024,Honduras,HN,Latin America & Caribbean,Lower middle income,2,37.5,35.0,40.0,3.5355339059327378,1,5.0,,35.0,40.0,37.5,2
HND,2025,Honduras,HN,Latin America & Caribbean,Lower middle income,2,37.5,35.0,40.0,3.5355339059327378,1,5.0,,35.0,40.0,37.5,2
HRV,2000,Croatia,HR,Europe & Central Asia,High income,2,52.5,50.0,55.0,3.5355339059327378,1,5.0,50.0,55.0,,52.5,2
HRV,2001,Croatia,HR,Europe & Central Asia,High income,2,55.0,55.0,55.0,0.0,1,0.0,55.0,55.0,,55.0,2
HRV,2002,Croatia,HR,Europe & Central Asia,High income,2,55.0,55.0,55.0,0.0,1,0.0,55.0,55.0,,55.0,2
HRV,2003,Croatia,HR,Europe & Central Asia,High income,2,55.0,55.0,55.0,0.0,1,0.0,55.0,55.0,,55.0,2
HRV,2004,Croatia,HR,Europe & Central Asia,High income,2,55.0,55.0,55.0,0.0,1,0.0,55.0,55.0,,55.0,2
HRV,2005,Croatia,HR,Europe & Central Asia,High income,2,55.0,55.0,55.0,0.0,1,0.0,55.0,55.0,,55.0,2
HRV,2006,Croatia,HR,Europe & Central Asia,High income,2,55.0,55.0,55.0,0.0,1,0.0,55.0,55.0,,55.0,2
HRV,2007,Croatia,HR,Europe & Central Asia,High income,2,55.0,55.0,55.0,0.0,1,0.0,55.0,55.0,,55.0,2
HRV,2008,Croatia,HR,Europe & Central Asia,High income,2,55.0,55.0,55.0,0.0,1,0.0,55.0,55.0,,55.0,2
HRV,2009,Croatia,HR,Europe & Central Asia,High income,2,55.0,55.0,55.0,0.0,1,0.0,55.0,55.0,,55.0,2
HRV,2010,Croatia,HR,Europe & Central Asia,High income,3,55.0,55.0,55.0,0.0,1,0.0,55.0,55.0,55.0,55.0,3
HRV,2011,Croatia,HR,Europe & Central Asia,High income,3,55.0,55.0,55.0,0.0,1,0.0,55.0,55.0,55.0,55.0,3
HRV,2012,Croatia,HR,Europe & Central Asia,High income,3,53.333333333333336,50.0,55.0,2.88675134594813,1,5.0,55.0,55.0,50.0,53.333333333333336,3
HRV,2013,Croatia,HR,Europe & Central Asia,High income,3,50.0,50.0,50.0,0.0,1,0.0,50.0,50.0,50.0,50.0,3
HRV,2014,Croatia,HR,Europe & Central Asia,High income,3,46.666666666666664,45.0,50.0,2.886751345948128,1,5.0,45.0,50.0,45.0,46.666666666666664,3
HRV,2015,Croatia,HR,Europe & Central Asia,High income,3,46.666666666666664,45.0,50.0,2.886751345948128,1,5.0,45.0,50.0,45.0,46.666666666666664,3
HRV,2016,Croatia,HR,Europe & Central Asia,High income,3,45.0,45.0,45.0,0.0,1,0.0,45.0,45.0,45.0,45.0,3
HRV,2017,Croatia,HR,Europe & Central Asia,High income,3,45.0,45.0,45.0,0.0,1,0.0,45.0,45.0,45.0,45.0,3
HRV,2018,Croatia,HR,Europe & Central Asia,High income,3,48.333333333333336,45.0,50.0,2.886751345948128,1,5.0,50.0,45.0,50.0,48.333333333333336,3
HRV,2019,Croatia,HR,Europe & Central Asia,High income,3,51.666666666666664,45.0,55.0,5.773502691896258,1,10.0,55.0,45.0,55.0,51.666666666666664,3
HRV,2020,Croatia,HR,Europe & Central Asia,High income,3,53.333333333333336,50.0,55.0,2.886751345948128,1,5.0,55.0,50.0,55.0,53.333333333333336,3
HRV,2021,Croatia,HR,Europe & Central Asia,High income,3,55.0,50.0,60.0,5.0,1,10.0,60.0,50.0,55.0,55.0,3
HRV,2022,Croatia,HR,Europe & Central Asia,High income,3,63.333333333333336,60.0,65.0,2.886751345948128,1,5.0,65.0,60.0,65.0,63.333333333333336,3
HRV,2023,Croatia,HR,Europe & Central Asia,High income,3,63.333333333333336,60.0,65.0,2.886751345948128,1,5.0,65.0,60.0,65.0,63.333333333333336,3
HRV,2024,Croatia,HR,Europe & Central Asia,High income,3,68.33333333333333,65.0,70.0,2.88675134594813,1,5.0,65.0,70.0,70.0,68.33333333333333,3
HRV,2025,Croatia,HR,Europe & Central Asia,High income,3,68.33333333333333,65.0,70.0,2.88675134594813,1,5.0,65.0,70.0,70.0,68.33333333333333,3
HUN,2000,Hungary,HU,Europe & Central Asia,High income,2,70.0,70.0,70.0,0.0,1,0.0,70.0,70.0,,70.0,2
HUN,2001,Hungary,HU,Europe & Central Asia,High income,2,75.0,70.0,80.0,7.0710678118654755,1,10.0,70.0,80.0,,75.0,2
HUN,2002,Hungary,HU,Europe & Central Asia,High income,2,75.0,70.0,80.0,7.0710678118654755,1,10.0,70.0,80.0,,75.0,2
HUN,2003,Hungary,HU,Europe & Central Asia,High income,2,75.0,70.0,80.0,7.0710678118654755,1,10.0,70.0,80.0,,75.0,2
HUN,2004,Hungary,HU,Europe & Central Asia,High income,2,75.0,70.0,80.0,7.0710678118654755,1,10.0,70.0,80.0,,75.0,2
HUN,2005,Hungary,HU,Europe & Central Asia,High income,2,72.5,65.0,80.0,10.606601717798213,1,15.0,65.0,80.0,,72.5,2
HUN,2006,Hungary,HU,Europe & Central Asia,High income,2,70.0,65.0,75.0,7.0710678118654755,1,10.0,65.0,75.0,,70.0,2
HUN,2007,Hungary,HU,Europe & Central Asia,High income,2,70.0,65.0,75.0,7.0710678118654755,1,10.0,65.0,75.0,,70.0,2
HUN,2008,Hungary,HU,Europe & Central Asia,High income,2,65.0,60.0,70.0,7.0710678118654755,1,10.0,60.0,70.0,,65.0,2
HUN,2009,Hungary,HU,Europe & Central Asia,High income,3,60.0,55.0,65.0,5.0,1,10.0,60.0,65.0,55.0,60.0,3
HUN,2010,Hungary,HU,Europe & Central Asia,High income,3,55.0,55.0,55.0,0.0,1,0.0,55.0,55.0,55.0,55.0,3
HUN,2011,Hungary,HU,Europe & Central Asia,High income,3,51.666666666666664,50.0,55.0,2.886751345948128,1,5.0,55.0,50.0,50.0,51.666666666666664,3
HUN,2012,Hungary,HU,Europe & Central Asia,High income,3,48.333333333333336,45.0,50.0,2.88675134594813,1,5.0,50.0,50.0,45.0,48.333333333333336,3
HUN,2013,Hungary,HU,Europe & Central Asia,High income,3,48.333333333333336,45.0,50.0,2.88675134594813,1,5.0,50.0,50.0,45.0,48.333333333333336,3
HUN,2014,Hungary,HU,Europe & Central Asia,High income,3,48.333333333333336,45.0,50.0,2.88675134594813,1,5.0,50.0,50.0,45.0,48.333333333333336,3
HUN,2015,Hungary,HU,Europe & Central Asia,High income,3,50.0,50.0,50.0,0.0,1,0.0,50.0,50.0,50.0,50.0,3
HUN,2016,Hungary,HU,Europe & Central Asia,High income,3,55.0,55.0,55.0,0.0,1,0.0,55.0,55.0,55.0,55.0,3
HUN,2017,Hungary,HU,Europe & Central Asia,High income,3,55.0,55.0,55.0,0.0,1,0.0,55.0,55.0,55.0,55.0,3
HUN,2018,Hungary,HU,Europe & Central Asia,High income,3,55.0,55.0,55.0,0.0,1,0.0,55.0,55.0,55.0,55.0,3
HUN,2019,Hungary,HU,Europe & Central Asia,High income,3,58.333333333333336,55.0,60.0,2.886751345948128,1,5.0,60.0,55.0,60.0,58.333333333333336,3
HUN,2020,Hungary,HU,Europe & Central Asia,High income,3,58.333333333333336,55.0,60.0,2.886751345948128,1,5.0,60.0,55.0,60.0,58.333333333333336,3
HUN,2021,Hungary,HU,Europe & Central Asia,High income,3,60.0,60.0,60.0,0.0,1,0.0,60.0,60.0,60.0,60.0,3
HUN,2022,Hungary,HU,Europe & Central Asia,High income,3,60.0,60.0,60.0,0.0,1,0.0,60.0,60.0,60.0,60.0,3
HUN,2023,Hungary,HU,Europe & Central Asia,High income,3,58.333333333333336,55.0,60.0,2.88675134594813,1,5.0,60.0,60.0,55.0,58.333333333333336,3
HUN,2024,Hungary,HU,Europe & Central Asia,High income,3,58.333333333333336,55.0,60.0,2.88675134594813,1,5.0,60.0,60.0,55.0,58.333333333333336,3
HUN,2025,Hungary,HU,Europe & Central Asia,High income,3,58.333333333333336,55.0,60.0,2.88675134594813,1,5.0,60.0,60.0,55.0,58.333333333333336,3
IDN,2000,Indonesia,ID,East Asia & Pacific,Upper middle income,2,25.0,25.0,25.0,0.0,1,0.0,25.0,25.0,,25.0,2
IDN,2001,Indonesia,ID,East Asia & Pacific,Upper middle income,2,25.0,25.0,25.0,0.0,1,0.0,25.0,25.0,,25.0,2
IDN,2002,Indonesia,ID,East Asia & Pacific,Upper middle income,2,27.5,25.0,30.0,3.5355339059327378,1,5.0,30.0,25.0,,27.5,2
IDN,2003,Indonesia,ID,East Asia & Pacific,Upper middle income,2,32.5,30.0,35.0,3.5355339059327378,1,5.0,35.0,30.0,,32.5,2
IDN,2004,Indonesia,ID,East Asia & Pacific,Upper middle income,2,32.5,30.0,35.0,3.5355339059327378,1,5.0,35.0,30.0,,32.5,2
IDN,2005,Indonesia,ID,East Asia & Pacific,Upper middle income,2,35.0,30.0,40.0,7.0710678118654755,1,10.0,40.0,30.0,,35.0,2
IDN,2006,Indonesia,ID,East Asia & Pacific,Upper middle income,2,37.5,35.0,40.0,3.5355339059327378,1,5.0,40.0,35.0,,37.5,2
IDN,2007,Indonesia,ID,East Asia & Pacific,Upper middle income,2,40.0,40.0,40.0,0.0,1,0.0,40.0,40.0,,40.0,2
IDN,2008,Indonesia,ID,East Asia & Pacific,Upper middle income,2,42.5,40.0,45.0,3.5355339059327378,1,5.0,45.0,40.0,,42.5,2
IDN,2009,Indonesia,ID,East Asia & Pacific,Upper middle income,2,45.0,45.0,45.0,0.0,1,0.0,45.0,45.0,,45.0,2
IDN,2010,Indonesia,ID,East Asia & Pacific,Upper middle income,2,47.5,45.0,50.0,3.5355339059327378,1,5.0,50.0,45.0,,47.5,2
IDN,2011,Indonesia,ID,East Asia & Pacific,Upper middle income,3,51.666666666666664,50.0,55.0,2.886751345948128,1,5.0,55.0,50.0,50.0,51.666666666666664,3
IDN,2012,Indonesia,ID,East Asia & Pacific,Upper middle income,3,53.333333333333336,50.0,55.0,2.88675134594813,1,5.0,55.0,55.0,50.0,53.333333333333336,3
IDN,2013,Indonesia,ID,East Asia & Pacific,Upper middle income,3,53.333333333333336,50.0,55.0,2.88675134594813,1,5.0,55.0,55.0,50.0,53.333333333333336,3
IDN,2014,Indonesia,ID,East Asia & Pacific,Upper middle income,3,53.333333333333336,50.0,55.0,2.88675134594813,1,5.0,55.0,55.0,50.0,53.333333333333336,3
IDN,2015,Indonesia,ID,East Asia & Pacific,Upper middle income,3,53.333333333333336,50.0,55.0,2.88675134594813,1,5.0,55.0,55.0,50.0,53.333333333333336,3
IDN,2016,Indonesia,ID,East Asia & Pacific,Upper middle income,3,53.333333333333336,50.0,55.0,2.88675134594813,1,5.0,55.0,55.0,50.0,53.333333333333336,3
IDN,2017,Indonesia,ID,East Asia & Pacific,Upper middle income,3,56.666666666666664,55.0,60.0,2.886751345948128,1,5.0,60.0,55.0,55.0,56.666666666666664,3
IDN,2018,Indonesia,ID,East Asia & Pacific,Upper middle income,3,58.333333333333336,55.0,60.0,2.88675134594813,1,5.0,60.0,60.0,55.0,58.333333333333336,3
IDN,2019,Indonesia,ID,East Asia & Pacific,Upper middle income,3,60.0,60.0,60.0,0.0,1,0.0,60.0,60.0,60.0,60.0,3
IDN,2020,Indonesia,ID,East Asia & Pacific,Upper middle income,3,60.0,60.0,60.0,0.0,1,0.0,60.0,60.0,60.0,60.0,3
IDN,2021,Indonesia,ID,East Asia & Pacific,Upper middle income,3,60.0,60.0,60.0,0.0,1,0.0,60.0,60.0,60.0,60.0,3
IDN,2022,Indonesia,ID,East Asia & Pacific,Upper middle income,3,60.0,60.0,60.0,0.0,1,0.0,60.0,60.0,60.0,60.0,3
IDN,2023,Indonesia,ID,East Asia & Pacific,Upper middle income,3,60.0,60.0,60.0,0.0,1,0.0,60.0,60.0,60.0,60.0,3
IDN,2024,Indonesia,ID,East Asia & Pacific,Upper middle income,3,60.0,60.0,60.0,0.0,1,0.0,60.0,60.0,60.0,60.0,3
IDN,2025,Indonesia,ID,East Asia & Pacific,Upper middle income,3,60.0,60.0,60.0,0.0,1,0.0,60.0,60.0,60.0,60.0,3
IMN,2000,Isle of Man,IM,Europe & Central Asia,High income,1,100.0,100.0,100.0,0.0,1,0.0,,100.0,,100.0,1
IMN,2001,Isle of Man,IM,Europe & Central Asia,High income,1,100.0,100.0,100.0,0.0,1,0.0,,100.0,,100.0,1
IMN,2002,Isle of Man,IM,Europe & Central Asia,High income,1,100.0,100.0,100.0,0.0,1,0.0,,100.0,,100.0,1
IMN,2003,Isle of Man,IM,Europe & Central Asia,High income,1,100.0,100.0,100.0,0.0,1,0.0,,100.0,,100.0,1
IMN,2004,Isle of Man,IM,Europe & Central Asia,High income,1,100.0,100.0,100.0,0.0,1,0.0,,100.0,,100.0,1
IMN,2005,Isle of Man,IM,Europe & Central Asia,High income,1,100.0,100.0,100.0,0.0,1,0.0,,100.0,,100.0,1
IMN,2006,Isle of Man,IM,Europe & Central Asia,High income,1,100.0,100.0,100.0,0.0,1,0.0,,100.0,,100.0,1
IMN,2007,Isle of Man,IM,Europe & Central Asia,High income,1,100.0,100.0,100.0,0.0,1,0.0,,100.0,,100.0,1
IMN,2008,Isle of Man,IM,Europe & Central Asia,High income,1,100.0,100.0,100.0,0.0,1,0.0,,100.0,,100.0,1
IMN,2009,Isle of Man,IM,Europe & Central Asia,High income,1,100.0,100.0,100.0,0.0,1,0.0,,100.0,,100.0,1
IMN,2010,Isle of Man,IM,Europe & Central Asia,High income,1,100.0,100.0,100.0,0.0,1,0.0,,100.0,,100.0,1
IMN,2011,Isle of Man,IM,Europe & Central Asia,High income,2,97.5,95.0,100.0,3.5355339059327378,1,5.0,,100.0,95.0,97.5,2
IMN,2012,Isle of Man,IM,Europe & Central Asia,High income,2,97.5,95.0,100.0,3.5355339059327378,1,5.0,,100.0,95.0,97.5,2
IMN,2013,Isle of Man,IM,Europe & Central Asia,High income,2,95.0,95.0,95.0,0.0,1,0.0,,95.0,95.0,95.0,2
IMN,2014,Isle of Man,IM,Europe & Central Asia,High income,2,92.5,90.0,95.0,3.5355339059327378,1,5.0,,95.0,90.0,92.5,2
IMN,2015,Isle of Man,IM,Europe & Central Asia,High income,2,92.5,90.0,95.0,3.5355339059327378,1,5.0,,95.0,90.0,92.5,2
IMN,2016,Isle of Man,IM,Europe & Central Asia,High income,2,92.5,90.0,95.0,3.5355339059327378,1,5.0,,95.0,90.0,92.5,2
IMN,2017,Isle of Man,IM,Europe & Central Asia,High income,2,90.0,90.0,90.0,0.0,1,0.0,,90.0,90.0,90.0,2
IMN,2018,Isle of Man,IM,Europe & Central Asia,High income,2,90.0,90.0,90.0,0.0,1,0.0,,90.0,90.0,90.0,2
IMN,2019,Isle of Man,IM,Europe & Central Asia,High income,2,90.0,90.0,90.0,0.0,1,0.0,,90.0,90.0,90.0,2
IMN,2020,Isle of Man,IM,Europe & Central Asia,High income,2,87.5,85.0,90.0,3.5355339059327378,1,5.0,,85.0,90.0,87.5,2
IMN,2021,Isle of Man,IM,Europe & Central Asia,High income,2,87.5,85.0,90.0,3.5355339059327378,1,5.0,,85.0,90.0,87.5,2
IMN,2022,Isle of Man,IM,Europe & Central Asia,High income,2,87.5,85.0,90.0,3.5355339059327378,1,5.0,,85.0,90.0,87.5,2
IMN,2023,Isle of Man,IM,Europe & Central Asia,High income,2,87.5,85.0,90.0,3.5355339059327378,1,5.0,,85.0,90.0,87.5,2
IMN,2024,Isle of Man,IM,Europe & Central Asia,High income,2,87.5,85.0,90.0,3.5355339059327378,1,5.0,,85.0,90.0,87.5,2
IMN,2025,Isle of Man,IM,Europe & Central Asia,High income,2,87.5,85.0,90.0,3.5355339059327378,1,5.0,,85.0,90.0,87.5,2
IND,2000,India,IN,South Asia,Lower middle income,2,47.5,45.0,50.0,3.5355339059327378,1,5.0,50.0,45.0,,47.5,2
IND,2001,India,IN,South Asia,Lower middle income,2,45.0,45.0,45.0,0.0,1,0.0,45.0,45.0,,45.0,2
IND,2002,India,IN,South Asia,Lower middle income,2,45.0,45.0,45.0,0.0,1,0.0,45.0,45.0,,45.0,2
IND,2003,India,IN,South Asia,Lower middle income,2,47.5,45.0,50.0,3.5355339059327378,1,5.0,45.0,50.0,,47.5,2
IND,2004,India,IN,South Asia,Lower middle income,2,52.5,50.0,55.0,3.5355339059327378,1,5.0,50.0,55.0,,52.5,2
IND,2005,India,IN,South Asia,Lower middle income,2,52.5,50.0,55.0,3.5355339059327378,1,5.0,50.0,55.0,,52.5,2
IND,2006,India,IN,South Asia,Lower middle income,2,55.0,55.0,55.0,0.0,1,0.0,55.0,55.0,,55.0,2
IND,2007,India,IN,South Asia,Lower middle income,3,55.0,55.0,55.0,0.0,1,0.0,55.0,55.0,55.0,55.0,3
IND,2008,India,IN,South Asia,Lower middle income,3,55.0,55.0,55.0,0.0,1,0.0,55.0,55.0,55.0,55.0,3
IND,2009,India,IN,South Asia,Lower middle income,3,55.0,55.0,55.0,0.0,1,0.0,55.0,55.0,55.0,55.0,3
IND,2010,India,IN,South Asia,Lower middle income,3,55.0,55.0,55.0,0.0,1,0.0,55.0,55.0,55.0,55.0,3
IND,2011,India,IN,South Asia,Lower middle income,3,55.0,55.0,55.0,0.0,1,0.0,55.0,55.0,55.0,55.0,3
IND,2012,India,IN,South Asia,Lower middle income,3,55.0,55.0,55.0,0.0,1,0.0,55.0,55.0,55.0,55.0,3
IND,2013,India,IN,South Asia,Lower middle income,3,55.0,55.0,55.0,0.0,1,0.0,55.0,55.0,55.0,55.0,3
IND,2014,India,IN,South Asia,Lower middle income,3,55.0,55.0,55.0,0.0,1,0.0,55.0,55.0,55.0,55.0,3
IND,2015,India,IN,South Asia,Lower middle income,3,55.0,55.0,55.0,0.0,1,0.0,55.0,55.0,55.0,55.0,3
IND,2016,India,IN,South Asia,Lower middle income,3,55.0,55.0,55.0,0.0,1,0.0,55.0,55.0,55.0,55.0,3
IND,2017,India,IN,South Asia,Lower middle income,3,56.666666666666664,55.0,60.0,2.886751345948128,1,5.0,55.0,60.0,55.0,56.666666666666664,3
IND,2018,India,IN,South Asia,Lower middle income,3,56.666666666666664,55.0,60.0,2.886751345948128,1,5.0,55.0,60.0,55.0,56.666666666666664,3
IND,2019,India,IN,South Asia,Lower middle income,3,56.666666666666664,55.0,60.0,2.886751345948128,1,5.0,55.0,60.0,55.0,56.666666666666664,3
IND,2020,India,IN,South Asia,Lower middle income,3,55.0,55.0,55.0,0.0,1,0.0,55.0,55.0,55.0,55.0,3
IND,2021,India,IN,South Asia,Lower middle income,3,55.0,55.0,55.0,0.0,1,0.0,55.0,55.0,55.0,55.0,3
IND,2022,India,IN,South Asia,Lower middle income,3,55.0,55.0,55.0,0.0,1,0.0,55.0,55.0,55.0,55.0,3
IND,2023,India,IN,South Asia,Lower middle income,3,55.0,55.0,55.0,0.0,1,0.0,55.0,55.0,55.0,55.0,3
IND,2024,India,IN,South Asia,Lower middle income,3,55.0,55.0,55.0,0.0,1,0.0,55.0,55.0,55.0,55.0,3
IND,2025,India,IN,South Asia,Lower middle income,3,56.666666666666664,55.0,60.0,2.88675134594813,1,5.0,55.0,55.0,60.0,56.666666666666664,3
IRL,2000,Ireland,IE,Europe & Central Asia,High income,2,100.0,100.0,100.0,0.0,1,0.0,100.0,100.0,,100.0,2
IRL,2001,Ireland,IE,Europe & Central Asia,High income,2,100.0,100.0,100.0,0.0,1,0.0,100.0,100.0,,100.0,2
IRL,2002,Ireland,IE,Europe & Central Asia,High income,2,100.0,100.0,100.0,0.0,1,0.0,100.0,100.0,,100.0,2
IRL,2003,Ireland,IE,Europe & Central Asia,High income,2,100.0,100.0,100.0,0.0,1,0.0,100.0,100.0,,100.0,2
IRL,2004,Ireland,IE,Europe & Central Asia,High income,2,100.0,100.0,100.0,0.0,1,0.0,100.0,100.0,,100.0,2
IRL,2005,Ireland,IE,Europe & Central Asia,High income,2,100.0,100.0,100.0,0.0,1,0.0,100.0,100.0,,100.0,2
IRL,2006,Ireland,IE,Europe & Central Asia,High income,2,100.0,100.0,100.0,0.0,1,0.0,100.0,100.0,,100.0,2
IRL,2007,Ireland,IE,Europe & Central Asia,High income,2,100.0,100.0,100.0,0.0,1,0.0,100.0,100.0,,100.0,2
IRL,2008,Ireland,IE,Europe & Central Asia,High income,2,100.0,100.0,100.0,0.0,1,0.0,100.0,100.0,,100.0,2
IRL,2009,Ireland,IE,Europe & Central Asia,High income,2,90.0,85.0,95.0,7.0710678118654755,1,10.0,85.0,95.0,,90.0,2
IRL,2010,Ireland,IE,Europe & Central Asia,High income,2,65.0,65.0,65.0,0.0,1,0.0,65.0,65.0,,65.0,2
IRL,2011,Ireland,IE,Europe & Central Asia,High income,3,60.0,50.0,65.0,8.660254037844387,1,15.0,65.0,50.0,65.0,60.0,3
IRL,2012,Ireland,IE,Europe & Central Asia,High income,3,60.0,50.0,65.0,8.660254037844387,1,15.0,65.0,50.0,65.0,60.0,3
IRL,2013,Ireland,IE,Europe & Central Asia,High income,3,60.0,50.0,65.0,8.660254037844387,1,15.0,65.0,50.0,65.0,60.0,3
IRL,2014,Ireland,IE,Europe & Central Asia,High income,3,70.0,65.0,75.0,5.0,1,10.0,70.0,65.0,75.0,70.0,3
IRL,2015,Ireland,IE,Europe & Central Asia,High income,3,71.66666666666667,65.0,80.0,7.637626158259732,1,15.0,70.0,65.0,80.0,71.66666666666667,3
IRL,2016,Ireland,IE,Europe & Central Asia,High income,3,75.0,70.0,80.0,5.0,1,10.0,75.0,70.0,80.0,75.0,3
IRL,2017,Ireland,IE,Europe & Central Asia,High income,3,78.33333333333333,75.0,80.0,2.88675134594813,1,5.0,80.0,75.0,80.0,78.33333333333333,3
IRL,2018,Ireland,IE,Europe & Central Asia,High income,3,78.33333333333333,75.0,80.0,2.88675134594813,1,5.0,80.0,75.0,80.0,78.33333333333333,3
IRL,2019,Ireland,IE,Europe & Central Asia,High income,3,80.0,75.0,85.0,5.0,1,10.0,80.0,75.0,85.0,80.0,3
IRL,2020,Ireland,IE,Europe & Central Asia,High income,3,80.0,75.0,85.0,5.0,1,10.0,80.0,75.0,85.0,80.0,3
IRL,2021,Ireland,IE,Europe & Central Asia,High income,3,80.0,75.0,85.0,5.0,1,10.0,80.0,75.0,85.0,80.0,3
IRL,2022,Ireland,IE,Europe & Central Asia,High income,3,83.33333333333333,80.0,85.0,2.88675134594813,1,5.0,85.0,80.0,85.0,83.33333333333333,3
IRL,2023,Ireland,IE,Europe & Central Asia,High income,3,86.66666666666667,85.0,90.0,2.886751345948127,1,5.0,85.0,85.0,90.0,86.66666666666667,3
IRL,2024,Ireland,IE,Europe & Central Asia,High income,3,86.66666666666667,85.0,90.0,2.886751345948127,1,5.0,85.0,85.0,90.0,86.66666666666667,3
IRL,2025,Ireland,IE,Europe & Central Asia,High income,3,86.66666666666667,85.0,90.0,2.886751345948127,1,5.0,85.0,85.0,90.0,86.66666666666667,3
IRN,2000,"Iran, Islamic Rep.",IR,"Middle East, North Africa, Afghanistan & Pakistan",Upper middle income,0,,,,,0,,,,,,0
IRN,2001,"Iran, Islamic Rep.",IR,"Middle East, North Africa, Afghanistan & Pakistan",Upper middle income,0,,,,,0,,,,,,0
IRN,2002,"Iran, Islamic Rep.",IR,"Middle East, North Africa, Afghanistan & Pakistan",Upper middle income,1,35.0,35.0,35.0,0.0,1,0.0,35.0,,,35.0,1
IRN,2003,"Iran, Islamic Rep.",IR,"Middle East, North Africa, Afghanistan & Pakistan",Upper middle income,1,35.0,35.0,35.0,0.0,1,0.0,35.0,,,35.0,1
IRN,2004,"Iran, Islamic Rep.",IR,"Middle East, North Africa, Afghanistan & Pakistan",Upper middle income,1,40.0,40.0,40.0,0.0,1,0.0,40.0,,,40.0,1
IRN,2005,"Iran, Islamic Rep.",IR,"Middle East, North Africa, Afghanistan & Pakistan",Upper middle income,1,40.0,40.0,40.0,0.0,1,0.0,40.0,,,40.0,1
IRN,2006,"Iran, Islamic Rep.",IR,"Middle East, North Africa, Afghanistan & Pakistan",Upper middle income,1,35.0,35.0,35.0,0.0,1,0.0,35.0,,,35.0,1
IRN,2007,"Iran, Islamic Rep.",IR,"Middle East, North Africa, Afghanistan & Pakistan",Upper middle income,1,35.0,35.0,35.0,0.0,1,0.0,35.0,,,35.0,1
IRN,2008,"Iran, Islamic Rep.",IR,"Middle East, North Africa, Afghanistan & Pakistan",Upper middle income,1,35.0,35.0,35.0,0.0,1,0.0,35.0,,,35.0,1
IRN,2009,"Iran, Islamic Rep.",IR,"Middle East, North Africa, Afghanistan & Pakistan",Upper middle income,1,35.0,35.0,35.0,0.0,1,0.0,35.0,,,35.0,1
IRN,2010,"Iran, Islamic Rep.",IR,"Middle East, North Africa, Afghanistan & Pakistan",Upper middle income,1,35.0,35.0,35.0,0.0,1,0.0,35.0,,,35.0,1
IRN,2011,"Iran, Islamic Rep.",IR,"Middle East, North Africa, Afghanistan & Pakistan",Upper middle income,1,35.0,35.0,35.0,0.0,1,0.0,35.0,,,35.0,1
IRN,2012,"Iran, Islamic Rep.",IR,"Middle East, North Africa, Afghanistan & Pakistan",Upper middle income,1,35.0,35.0,35.0,0.0,1,0.0,35.0,,,35.0,1
IRN,2013,"Iran, Islamic Rep.",IR,"Middle East, North Africa, Afghanistan & Pakistan",Upper middle income,1,35.0,35.0,35.0,0.0,1,0.0,35.0,,,35.0,1
IRN,2014,"Iran, Islamic Rep.",IR,"Middle East, North Africa, Afghanistan & Pakistan",Upper middle income,1,35.0,35.0,35.0,0.0,1,0.0,35.0,,,35.0,1
IRN,2015,"Iran, Islamic Rep.",IR,"Middle East, North Africa, Afghanistan & Pakistan",Upper middle income,1,35.0,35.0,35.0,0.0,1,0.0,35.0,,,35.0,1
IRN,2016,"Iran, Islamic Rep.",IR,"Middle East, North Africa, Afghanistan & Pakistan",Upper middle income,1,35.0,35.0,35.0,0.0,1,0.0,35.0,,,35.0,1
IRN,2017,"Iran, Islamic Rep.",IR,"Middle East, North Africa, Afghanistan & Pakistan",Upper middle income,1,35.0,35.0,35.0,0.0,1,0.0,35.0,,,35.0,1
IRN,2018,"Iran, Islamic Rep.",IR,"Middle East, North Africa, Afghanistan & Pakistan",Upper middle income,1,35.0,35.0,35.0,0.0,1,0.0,35.0,,,35.0,1
IRN,2019,"Iran, Islamic Rep.",IR,"Middle East, North Africa, Afghanistan & Pakistan",Upper middle income,1,35.0,35.0,35.0,0.0,1,0.0,35.0,,,35.0,1
IRN,2020,"Iran, Islamic Rep.",IR,"Middle East, North Africa, Afghanistan & Pakistan",Upper middle income,1,35.0,35.0,35.0,0.0,1,0.0,35.0,,,35.0,1
IRN,2021,"Iran, Islamic Rep.",IR,"Middle East, North Africa, Afghanistan & Pakistan",Upper middle income,1,35.0,35.0,35.0,0.0,1,0.0,35.0,,,35.0,1
IRN,2022,"Iran, Islamic Rep.",IR,"Middle East, North Africa, Afghanistan & Pakistan",Upper middle income,1,35.0,35.0,35.0,0.0,1,0.0,35.0,,,35.0,1
IRN,2023,"Iran, Islamic Rep.",IR,"Middle East, North Africa, Afghanistan & Pakistan",Upper middle income,1,35.0,35.0,35.0,0.0,1,0.0,35.0,,,35.0,1
IRN,2024,"Iran, Islamic Rep.",IR,"Middle East, North Africa, Afghanistan & Pakistan",Upper middle income,1,35.0,35.0,35.0,0.0,1,0.0,35.0,,,35.0,1
IRN,2025,"Iran, Islamic Rep.",IR,"Middle East, North Africa, Afghanistan & Pakistan",Upper middle income,1,35.0,35.0,35.0,0.0,1,0.0,35.0,,,35.0,1
IRQ,2000,Iraq,IQ,"Middle East, North Africa, Afghanistan & Pakistan",Upper middle income,0,,,,,0,,,,,,0
IRQ,2001,Iraq,IQ,"Middle East, North Africa, Afghanistan & Pakistan",Upper middle income,0,,,,,0,,,,,,0
IRQ,2002,Iraq,IQ,"Middle East, North Africa, Afghanistan & Pakistan",Upper middle income,0,,,,,0,,,,,,0
IRQ,2003,Iraq,IQ,"Middle East, North Africa, Afghanistan & Pakistan",Upper middle income,0,,,,,0,,,,,,0
IRQ,2004,Iraq,IQ,"Middle East, North Africa, Afghanistan & Pakistan",Upper middle income,0,,,,,0,,,,,,0
IRQ,2005,Iraq,IQ,"Middle East, North Africa, Afghanistan & Pakistan",Upper middle income,0,,,,,0,,,,,,0
IRQ,2006,Iraq,IQ,"Middle East, North Africa, Afghanistan & Pakistan",Upper middle income,0,,,,,0,,,,,,0
IRQ,2007,Iraq,IQ,"Middle East, North Africa, Afghanistan & Pakistan",Upper middle income,0,,,,,0,,,,,,0
IRQ,2008,Iraq,IQ,"Middle East, North Africa, Afghanistan & Pakistan",Upper middle income,0,,,,,0,,,,,,0
IRQ,2009,Iraq,IQ,"Middle East, North Africa, Afghanistan & Pakistan",Upper middle income,0,,,,,0,,,,,,0
IRQ,2010,Iraq,IQ,"Middle East, North Africa, Afghanistan & Pakistan",Upper middle income,0,,,,,0,,,,,,0
IRQ,2011,Iraq,IQ,"Middle East, North Africa, Afghanistan & Pakistan",Upper middle income,0,,,,,0,,,,,,0
IRQ,2012,Iraq,IQ,"Middle East, North Africa, Afghanistan & Pakistan",Upper middle income,0,,,,,0,,,,,,0
IRQ,2013,Iraq,IQ,"Middle East, North Africa, Afghanistan & Pakistan",Upper middle income,0,,,,,0,,,,,,0
IRQ,2014,Iraq,IQ,"Middle East, North Africa, Afghanistan & Pakistan",Upper middle income,0,,,,,0,,,,,,0
IRQ,2015,Iraq,IQ,"Middle East, North Africa, Afghanistan & Pakistan",Upper middle income,1,25.0,25.0,25.0,0.0,1,0.0,25.0,,,25.0,1
IRQ,2016,Iraq,IQ,"Middle East, North Africa, Afghanistan & Pakistan",Upper middle income,1,25.0,25.0,25.0,0.0,1,0.0,25.0,,,25.0,1
IRQ,2017,Iraq,IQ,"Middle East, North Africa, Afghanistan & Pakistan",Upper middle income,1,25.0,25.0,25.0,0.0,1,0.0,25.0,,,25.0,1
IRQ,2018,Iraq,IQ,"Middle East, North Africa, Afghanistan & Pakistan",Upper middle income,1,25.0,25.0,25.0,0.0,1,0.0,25.0,,,25.0,1
IRQ,2019,Iraq,IQ,"Middle East, North Africa, Afghanistan & Pakistan",Upper middle income,1,25.0,25.0,25.0,0.0,1,0.0,25.0,,,25.0,1
IRQ,2020,Iraq,IQ,"Middle East, North Africa, Afghanistan & Pakistan",Upper middle income,1,25.0,25.0,25.0,0.0,1,0.0,25.0,,,25.0,1
IRQ,2021,Iraq,IQ,"Middle East, North Africa, Afghanistan & Pakistan",Upper middle income,1,25.0,25.0,25.0,0.0,1,0.0,25.0,,,25.0,1
IRQ,2022,Iraq,IQ,"Middle East, North Africa, Afghanistan & Pakistan",Upper middle income,1,25.0,25.0,25.0,0.0,1,0.0,25.0,,,25.0,1
IRQ,2023,Iraq,IQ,"Middle East, North Africa, Afghanistan & Pakistan",Upper middle income,1,25.0,25.0,25.0,0.0,1,0.0,25.0,,,25.0,1
IRQ,2024,Iraq,IQ,"Middle East, North Africa, Afghanistan & Pakistan",Upper middle income,1,25.0,25.0,25.0,0.0,1,0.0,25.0,,,25.0,1
IRQ,2025,Iraq,IQ,"Middle East, North Africa, Afghanistan & Pakistan",Upper middle income,1,25.0,25.0,25.0,0.0,1,0.0,25.0,,,25.0,1
ISL,2000,Iceland,IS,Europe & Central Asia,High income,2,85.0,85.0,85.0,0.0,1,0.0,85.0,85.0,,85.0,2
ISL,2001,Iceland,IS,Europe & Central Asia,High income,2,85.0,85.0,85.0,0.0,1,0.0,85.0,85.0,,85.0,2
ISL,2002,Iceland,IS,Europe & Central Asia,High income,2,92.5,85.0,100.0,10.606601717798213,1,15.0,85.0,100.0,,92.5,2
ISL,2003,Iceland,IS,Europe & Central Asia,High income,2,92.5,85.0,100.0,10.606601717798213,1,15.0,85.0,100.0,,92.5,2
ISL,2004,Iceland,IS,Europe & Central Asia,High income,2,92.5,85.0,100.0,10.606601717798213,1,15.0,85.0,100.0,,92.5,2
ISL,2005,Iceland,IS,Europe & Central Asia,High income,2,92.5,85.0,100.0,10.606601717798213,1,15.0,85.0,100.0,,92.5,2
ISL,2006,Iceland,IS,Europe & Central Asia,High income,2,92.5,85.0,100.0,10.606601717798213,1,15.0,85.0,100.0,,92.5,2
ISL,2007,Iceland,IS,Europe & Central Asia,High income,2,90.0,80.0,100.0,14.142135623730951,1,20.0,80.0,100.0,,90.0,2
ISL,2008,Iceland,IS,Europe & Central Asia,High income,3,58.333333333333336,55.0,65.0,5.773502691896258,1,10.0,55.0,65.0,55.0,58.333333333333336,3
ISL,2009,Iceland,IS,Europe & Central Asia,High income,3,55.0,55.0,55.0,0.0,1,0.0,55.0,55.0,55.0,55.0,3
ISL,2010,Iceland,IS,Europe & Central Asia,High income,3,53.333333333333336,50.0,55.0,2.886751345948128,1,5.0,50.0,55.0,55.0,53.333333333333336,3
ISL,2011,Iceland,IS,Europe & Central Asia,High income,3,53.333333333333336,50.0,55.0,2.886751345948128,1,5.0,50.0,55.0,55.0,53.333333333333336,3
ISL,2012,Iceland,IS,Europe & Central Asia,High income,3,55.0,55.0,55.0,0.0,1,0.0,55.0,55.0,55.0,55.0,3
ISL,2013,Iceland,IS,Europe & Central Asia,High income,3,56.666666666666664,55.0,60.0,2.886751345948128,1,5.0,60.0,55.0,55.0,56.666666666666664,3
ISL,2014,Iceland,IS,Europe & Central Asia,High income,3,56.666666666666664,55.0,60.0,2.886751345948128,1,5.0,60.0,55.0,55.0,56.666666666666664,3
ISL,2015,Iceland,IS,Europe & Central Asia,High income,3,61.666666666666664,60.0,65.0,2.886751345948128,1,5.0,65.0,60.0,60.0,61.666666666666664,3
ISL,2016,Iceland,IS,Europe & Central Asia,High income,3,66.66666666666667,65.0,70.0,2.88675134594813,1,5.0,65.0,70.0,65.0,66.66666666666667,3
ISL,2017,Iceland,IS,Europe & Central Asia,High income,3,73.33333333333333,70.0,75.0,2.88675134594813,1,5.0,75.0,70.0,75.0,73.33333333333333,3
ISL,2018,Iceland,IS,Europe & Central Asia,High income,3,73.33333333333333,70.0,75.0,2.88675134594813,1,5.0,75.0,70.0,75.0,73.33333333333333,3
ISL,2019,Iceland,IS,Europe & Central Asia,High income,3,75.0,75.0,75.0,0.0,1,0.0,75.0,75.0,75.0,75.0,3
ISL,2020,Iceland,IS,Europe & Central Asia,High income,3,75.0,75.0,75.0,0.0,1,0.0,75.0,75.0,75.0,75.0,3
ISL,2021,Iceland,IS,Europe & Central Asia,High income,3,75.0,75.0,75.0,0.0,1,0.0,75.0,75.0,75.0,75.0,3
ISL,2022,Iceland,IS,Europe & Central Asia,High income,3,75.0,75.0,75.0,0.0,1,0.0,75.0,75.0,75.0,75.0,3
ISL,2023,Iceland,IS,Europe & Central Asia,High income,3,76.66666666666667,75.0,80.0,2.886751345948127,1,5.0,75.0,75.0,80.0,76.66666666666667,3
ISL,2024,Iceland,IS,Europe & Central Asia,High income,3,78.33333333333333,75.0,80.0,2.88675134594813,1,5.0,75.0,80.0,80.0,78.33333333333333,3
ISL,2025,Iceland,IS,Europe & Central Asia,High income,3,78.33333333333333,75.0,80.0,2.88675134594813,1,5.0,75.0,80.0,80.0,78.33333333333333,3
ISR,2000,Israel,IL,"Middle East, North Africa, Afghanistan & Pakistan",High income,2,72.5,70.0,75.0,3.5355339059327378,1,5.0,70.0,75.0,,72.5,2
ISR,2001,Israel,IL,"Middle East, North Africa, Afghanistan & Pakistan",High income,2,72.5,70.0,75.0,3.5355339059327378,1,5.0,70.0,75.0,,72.5,2
ISR,2002,Israel,IL,"Middle East, North Africa, Afghanistan & Pakistan",High income,2,72.5,70.0,75.0,3.5355339059327378,1,5.0,70.0,75.0,,72.5,2
ISR,2003,Israel,IL,"Middle East, North Africa, Afghanistan & Pakistan",High income,2,72.5,70.0,75.0,3.5355339059327378,1,5.0,70.0,75.0,,72.5,2
ISR,2004,Israel,IL,"Middle East, North Africa, Afghanistan & Pakistan",High income,2,72.5,70.0,75.0,3.5355339059327378,1,5.0,70.0,75.0,,72.5,2
ISR,2005,Israel,IL,"Middle East, North Africa, Afghanistan & Pakistan",High income,2,72.5,70.0,75.0,3.5355339059327378,1,5.0,70.0,75.0,,72.5,2
ISR,2006,Israel,IL,"Middle East, North Africa, Afghanistan & Pakistan",High income,2,72.5,70.0,75.0,3.5355339059327378,1,5.0,70.0,75.0,,72.5,2
ISR,2007,Israel,IL,"Middle East, North Africa, Afghanistan & Pakistan",High income,2,72.5,70.0,75.0,3.5355339059327378,1,5.0,70.0,75.0,,72.5,2
ISR,2008,Israel,IL,"Middle East, North Africa, Afghanistan & Pakistan",High income,2,77.5,75.0,80.0,3.5355339059327378,1,5.0,75.0,80.0,,77.5,2
ISR,2009,Israel,IL,"Middle East, North Africa, Afghanistan & Pakistan",High income,2,77.5,75.0,80.0,3.5355339059327378,1,5.0,75.0,80.0,,77.5,2
ISR,2010,Israel,IL,"Middle East, North Africa, Afghanistan & Pakistan",High income,2,77.5,75.0,80.0,3.5355339059327378,1,5.0,75.0,80.0,,77.5,2
ISR,2011,Israel,IL,"Middle East, North Africa, Afghanistan & Pakistan",High income,3,78.33333333333333,75.0,80.0,2.88675134594813,1,5.0,75.0,80.0,80.0,78.33333333333333,3
ISR,2012,Israel,IL,"Middle East, North Africa, Afghanistan & Pakistan",High income,3,78.33333333333333,75.0,80.0,2.88675134594813,1,5.0,75.0,80.0,80.0,78.33333333333333,3
ISR,2013,Israel,IL,"Middle East, North Africa, Afghanistan & Pakistan",High income,3,78.33333333333333,75.0,80.0,2.88675134594813,1,5.0,75.0,80.0,80.0,78.33333333333333,3
ISR,2014,Israel,IL,"Middle East, North Africa, Afghanistan & Pakistan",High income,3,78.33333333333333,75.0,80.0,2.88675134594813,1,5.0,75.0,80.0,80.0,78.33333333333333,3
ISR,2015,Israel,IL,"Middle East, North Africa, Afghanistan & Pakistan",High income,3,78.33333333333333,75.0,80.0,2.88675134594813,1,5.0,75.0,80.0,80.0,78.33333333333333,3
ISR,2016,Israel,IL,"Middle East, North Africa, Afghanistan & Pakistan",High income,3,80.0,80.0,80.0,0.0,1,0.0,80.0,80.0,80.0,80.0,3
ISR,2017,Israel,IL,"Middle East, North Africa, Afghanistan & Pakistan",High income,3,80.0,80.0,80.0,0.0,1,0.0,80.0,80.0,80.0,80.0,3
ISR,2018,Israel,IL,"Middle East, North Africa, Afghanistan & Pakistan",High income,3,81.66666666666667,80.0,85.0,2.886751345948127,1,5.0,80.0,80.0,85.0,81.66666666666667,3
ISR,2019,Israel,IL,"Middle East, North Africa, Afghanistan & Pakistan",High income,3,81.66666666666667,80.0,85.0,2.886751345948127,1,5.0,80.0,80.0,85.0,81.66666666666667,3
ISR,2020,Israel,IL,"Middle East, North Africa, Afghanistan & Pakistan",High income,3,81.66666666666667,80.0,85.0,2.886751345948127,1,5.0,80.0,80.0,85.0,81.66666666666667,3
ISR,2021,Israel,IL,"Middle East, North Africa, Afghanistan & Pakistan",High income,3,81.66666666666667,80.0,85.0,2.886751345948127,1,5.0,80.0,80.0,85.0,81.66666666666667,3
ISR,2022,Israel,IL,"Middle East, North Africa, Afghanistan & Pakistan",High income,3,81.66666666666667,80.0,85.0,2.886751345948127,1,5.0,80.0,80.0,85.0,81.66666666666667,3
ISR,2023,Israel,IL,"Middle East, North Africa, Afghanistan & Pakistan",High income,3,81.66666666666667,80.0,85.0,2.886751345948127,1,5.0,80.0,80.0,85.0,81.66666666666667,3
ISR,2024,Israel,IL,"Middle East, North Africa, Afghanistan & Pakistan",High income,3,73.33333333333333,65.0,80.0,7.637626158259734,1,15.0,80.0,65.0,75.0,73.33333333333333,3
ISR,2025,Israel,IL,"Middle East, North Africa, Afghanistan & Pakistan",High income,3,73.33333333333333,65.0,80.0,7.637626158259734,1,15.0,80.0,65.0,75.0,73.33333333333333,3
ITA,2000,Italy,IT,Europe & Central Asia,High income,2,85.0,85.0,85.0,0.0,1,0.0,85.0,85.0,,85.0,2
ITA,2001,Italy,IT,Europe & Central Asia,High income,2,85.0,85.0,85.0,0.0,1,0.0,85.0,85.0,,85.0,2
ITA,2002,Italy,IT,Europe & Central Asia,High income,2,90.0,90.0,90.0,0.0,1,0.0,90.0,90.0,,90.0,2
ITA,2003,Italy,IT,Europe & Central Asia,High income,2,90.0,90.0,90.0,0.0,1,0.0,90.0,90.0,,90.0,2
ITA,2004,Italy,IT,Europe & Central Asia,High income,2,90.0,90.0,90.0,0.0,1,0.0,90.0,90.0,,90.0,2
ITA,2005,Italy,IT,Europe & Central Asia,High income,2,90.0,90.0,90.0,0.0,1,0.0,90.0,90.0,,90.0,2
ITA,2006,Italy,IT,Europe & Central Asia,High income,2,87.5,85.0,90.0,3.5355339059327378,1,5.0,85.0,90.0,,87.5,2
ITA,2007,Italy,IT,Europe & Central Asia,High income,2,87.5,85.0,90.0,3.5355339059327378,1,5.0,85.0,90.0,,87.5,2
ITA,2008,Italy,IT,Europe & Central Asia,High income,2,87.5,85.0,90.0,3.5355339059327378,1,5.0,85.0,90.0,,87.5,2
ITA,2009,Italy,IT,Europe & Central Asia,High income,2,87.5,85.0,90.0,3.5355339059327378,1,5.0,85.0,90.0,,87.5,2
ITA,2010,Italy,IT,Europe & Central Asia,High income,2,87.5,85.0,90.0,3.5355339059327378,1,5.0,85.0,90.0,,87.5,2
ITA,2011,Italy,IT,Europe & Central Asia,High income,3,76.66666666666667,75.0,80.0,2.88675134594813,1,5.0,80.0,75.0,75.0,76.66666666666667,3
ITA,2012,Italy,IT,Europe & Central Asia,High income,3,65.0,60.0,70.0,5.0,1,10.0,70.0,60.0,65.0,65.0,3
ITA,2013,Italy,IT,Europe & Central Asia,High income,3,61.666666666666664,60.0,65.0,2.886751345948128,1,5.0,65.0,60.0,60.0,61.666666666666664,3
ITA,2014,Italy,IT,Europe & Central Asia,High income,3,60.0,55.0,65.0,5.0,1,10.0,65.0,60.0,55.0,60.0,3
ITA,2015,Italy,IT,Europe & Central Asia,High income,3,60.0,55.0,65.0,5.0,1,10.0,65.0,60.0,55.0,60.0,3
ITA,2016,Italy,IT,Europe & Central Asia,High income,3,60.0,55.0,65.0,5.0,1,10.0,65.0,60.0,55.0,60.0,3
ITA,2017,Italy,IT,Europe & Central Asia,High income,3,60.0,60.0,60.0,0.0,1,0.0,60.0,60.0,60.0,60.0,3
ITA,2018,Italy,IT,Europe & Central Asia,High income,3,58.333333333333336,55.0,60.0,2.886751345948128,1,5.0,60.0,55.0,60.0,58.333333333333336,3
ITA,2019,Italy,IT,Europe & Central Asia,High income,3,58.333333333333336,55.0,60.0,2.886751345948128,1,5.0,60.0,55.0,60.0,58.333333333333336,3
ITA,2020,Italy,IT,Europe & Central Asia,High income,3,56.666666666666664,55.0,60.0,2.88675134594813,1,5.0,55.0,55.0,60.0,56.666666666666664,3
ITA,2021,Italy,IT,Europe & Central Asia,High income,3,58.333333333333336,55.0,60.0,2.886751345948128,1,5.0,60.0,55.0,60.0,58.333333333333336,3
ITA,2022,Italy,IT,Europe & Central Asia,High income,3,58.333333333333336,55.0,60.0,2.886751345948128,1,5.0,60.0,55.0,60.0,58.333333333333336,3
ITA,2023,Italy,IT,Europe & Central Asia,High income,3,58.333333333333336,55.0,60.0,2.886751345948128,1,5.0,60.0,55.0,60.0,58.333333333333336,3
ITA,2024,Italy,IT,Europe & Central Asia,High income,3,58.333333333333336,55.0,60.0,2.886751345948128,1,5.0,60.0,55.0,60.0,58.333333333333336,3
ITA,2025,Italy,IT,Europe & Central Asia,High income,3,61.666666666666664,60.0,65.0,2.88675134594813,1,5.0,60.0,60.0,65.0,61.666666666666664,3
JAM,2000,Jamaica,JM,Latin America & Caribbean,Upper middle income,1,40.0,40.0,40.0,0.0,1,0.0,,40.0,,40.0,1
JAM,2001,Jamaica,JM,Latin America & Caribbean,Upper middle income,1,40.0,40.0,40.0,0.0,1,0.0,,40.0,,40.0,1
JAM,2002,Jamaica,JM,Latin America & Caribbean,Upper middle income,1,40.0,40.0,40.0,0.0,1,0.0,,40.0,,40.0,1
JAM,2003,Jamaica,JM,Latin America & Caribbean,Upper middle income,1,35.0,35.0,35.0,0.0,1,0.0,,35.0,,35.0,1
JAM,2004,Jamaica,JM,Latin America & Caribbean,Upper middle income,1,35.0,35.0,35.0,0.0,1,0.0,,35.0,,35.0,1
JAM,2005,Jamaica,JM,Latin America & Caribbean,Upper middle income,1,35.0,35.0,35.0,0.0,1,0.0,,35.0,,35.0,1
JAM,2006,Jamaica,JM,Latin America & Caribbean,Upper middle income,2,35.0,35.0,35.0,0.0,1,0.0,35.0,35.0,,35.0,2
JAM,2007,Jamaica,JM,Latin America & Caribbean,Upper middle income,2,35.0,35.0,35.0,0.0,1,0.0,35.0,35.0,,35.0,2
JAM,2008,Jamaica,JM,Latin America & Caribbean,Upper middle income,2,32.5,30.0,35.0,3.5355339059327378,1,5.0,30.0,35.0,,32.5,2
JAM,2009,Jamaica,JM,Latin America & Caribbean,Upper middle income,2,17.5,15.0,20.0,3.5355339059327378,1,5.0,15.0,20.0,,17.5,2
JAM,2010,Jamaica,JM,Latin America & Caribbean,Upper middle income,3,25.0,25.0,25.0,0.0,1,0.0,25.0,25.0,25.0,25.0,3
JAM,2011,Jamaica,JM,Latin America & Caribbean,Upper middle income,3,25.0,25.0,25.0,0.0,1,0.0,25.0,25.0,25.0,25.0,3
JAM,2012,Jamaica,JM,Latin America & Caribbean,Upper middle income,3,25.0,25.0,25.0,0.0,1,0.0,25.0,25.0,25.0,25.0,3
JAM,2013,Jamaica,JM,Latin America & Caribbean,Upper middle income,3,16.666666666666668,10.0,25.0,7.637626158259733,1,15.0,15.0,10.0,25.0,16.666666666666668,3
JAM,2014,Jamaica,JM,Latin America & Caribbean,Upper middle income,3,20.0,10.0,25.0,8.660254037844387,1,15.0,25.0,10.0,25.0,20.0,3
JAM,2015,Jamaica,JM,Latin America & Caribbean,Upper middle income,3,23.333333333333332,15.0,30.0,7.637626158259734,1,15.0,25.0,15.0,30.0,23.333333333333332,3
JAM,2016,Jamaica,JM,Latin America & Caribbean,Upper middle income,3,28.333333333333332,25.0,30.0,2.886751345948129,1,5.0,30.0,25.0,30.0,28.333333333333332,3
JAM,2017,Jamaica,JM,Latin America & Caribbean,Upper middle income,3,28.333333333333332,25.0,30.0,2.886751345948129,1,5.0,30.0,25.0,30.0,28.333333333333332,3
JAM,2018,Jamaica,JM,Latin America & Caribbean,Upper middle income,3,28.333333333333332,25.0,30.0,2.886751345948129,1,5.0,30.0,25.0,30.0,28.333333333333332,3
JAM,2019,Jamaica,JM,Latin America & Caribbean,Upper middle income,3,33.333333333333336,30.0,35.0,2.886751345948128,1,5.0,35.0,30.0,35.0,33.333333333333336,3
JAM,2020,Jamaica,JM,Latin America & Caribbean,Upper middle income,3,33.333333333333336,30.0,35.0,2.886751345948128,1,5.0,35.0,30.0,35.0,33.333333333333336,3
JAM,2021,Jamaica,JM,Latin America & Caribbean,Upper middle income,3,33.333333333333336,30.0,35.0,2.886751345948128,1,5.0,35.0,30.0,35.0,33.333333333333336,3
JAM,2022,Jamaica,JM,Latin America & Caribbean,Upper middle income,3,33.333333333333336,30.0,35.0,2.886751345948128,1,5.0,35.0,30.0,35.0,33.333333333333336,3
JAM,2023,Jamaica,JM,Latin America & Caribbean,Upper middle income,3,36.666666666666664,35.0,40.0,2.88675134594813,1,5.0,35.0,35.0,40.0,36.666666666666664,3
JAM,2024,Jamaica,JM,Latin America & Caribbean,Upper middle income,3,36.666666666666664,35.0,40.0,2.88675134594813,1,5.0,35.0,35.0,40.0,36.666666666666664,3
JAM,2025,Jamaica,JM,Latin America & Caribbean,Upper middle income,3,40.0,35.0,45.0,5.0,1,10.0,35.0,40.0,45.0,40.0,3
JOR,2000,Jordan,JO,"Middle East, North Africa, Afghanistan & Pakistan",Upper middle income,1,40.0,40.0,40.0,0.0,1,0.0,,40.0,,40.0,1
JOR,2001,Jordan,JO,"Middle East, North Africa, Afghanistan & Pakistan",Upper middle income,1,40.0,40.0,40.0,0.0,1,0.0,,40.0,,40.0,1
JOR,2002,Jordan,JO,"Middle East, North Africa, Afghanistan & Pakistan",Upper middle income,1,40.0,40.0,40.0,0.0,1,0.0,,40.0,,40.0,1
JOR,2003,Jordan,JO,"Middle East, North Africa, Afghanistan & Pakistan",Upper middle income,2,45.0,45.0,45.0,0.0,1,0.0,,45.0,45.0,45.0,2
JOR,2004,Jordan,JO,"Middle East, North Africa, Afghanistan & Pakistan",Upper middle income,2,45.0,45.0,45.0,0.0,1,0.0,,45.0,45.0,45.0,2
JOR,2005,Jordan,JO,"Middle East, North Africa, Afghanistan & Pakistan",Upper middle income,2,45.0,45.0,45.0,0.0,1,0.0,,45.0,45.0,45.0,2
JOR,2006,Jordan,JO,"Middle East, North Africa, Afghanistan & Pakistan",Upper middle income,2,45.0,45.0,45.0,0.0,1,0.0,,45.0,45.0,45.0,2
JOR,2007,Jordan,JO,"Middle East, North Africa, Afghanistan & Pakistan",Upper middle income,2,45.0,45.0,45.0,0.0,1,0.0,,45.0,45.0,45.0,2
JOR,2008,Jordan,JO,"Middle East, North Africa, Afghanistan & Pakistan",Upper middle income,2,45.0,45.0,45.0,0.0,1,0.0,,45.0,45.0,45.0,2
JOR,2009,Jordan,JO,"Middle East, North Africa, Afghanistan & Pakistan",Upper middle income,2,45.0,45.0,45.0,0.0,1,0.0,,45.0,45.0,45.0,2
JOR,2010,Jordan,JO,"Middle East, North Africa, Afghanistan & Pakistan",Upper middle income,2,45.0,45.0,45.0,0.0,1,0.0,,45.0,45.0,45.0,2
JOR,2011,Jordan,JO,"Middle East, North Africa, Afghanistan & Pakistan",Upper middle income,2,45.0,45.0,45.0,0.0,1,0.0,,45.0,45.0,45.0,2
JOR,2012,Jordan,JO,"Middle East, North Africa, Afghanistan & Pakistan",Upper middle income,2,45.0,45.0,45.0,0.0,1,0.0,,45.0,45.0,45.0,2
JOR,2013,Jordan,JO,"Middle East, North Africa, Afghanistan & Pakistan",Upper middle income,2,37.5,35.0,40.0,3.5355339059327378,1,5.0,,35.0,40.0,37.5,2
JOR,2014,Jordan,JO,"Middle East, North Africa, Afghanistan & Pakistan",Upper middle income,2,37.5,35.0,40.0,3.5355339059327378,1,5.0,,35.0,40.0,37.5,2
JOR,2015,Jordan,JO,"Middle East, North Africa, Afghanistan & Pakistan",Upper middle income,2,37.5,35.0,40.0,3.5355339059327378,1,5.0,,35.0,40.0,37.5,2
JOR,2016,Jordan,JO,"Middle East, North Africa, Afghanistan & Pakistan",Upper middle income,2,37.5,35.0,40.0,3.5355339059327378,1,5.0,,35.0,40.0,37.5,2
JOR,2017,Jordan,JO,"Middle East, North Africa, Afghanistan & Pakistan",Upper middle income,2,35.0,35.0,35.0,0.0,1,0.0,,35.0,35.0,35.0,2
JOR,2018,Jordan,JO,"Middle East, North Africa, Afghanistan & Pakistan",Upper middle income,2,35.0,35.0,35.0,0.0,1,0.0,,35.0,35.0,35.0,2
JOR,2019,Jordan,JO,"Middle East, North Africa, Afghanistan & Pakistan",Upper middle income,3,36.666666666666664,35.0,40.0,2.886751345948128,1,5.0,40.0,35.0,35.0,36.666666666666664,3
JOR,2020,Jordan,JO,"Middle East, North Africa, Afghanistan & Pakistan",Upper middle income,3,36.666666666666664,35.0,40.0,2.886751345948128,1,5.0,40.0,35.0,35.0,36.666666666666664,3
JOR,2021,Jordan,JO,"Middle East, North Africa, Afghanistan & Pakistan",Upper middle income,3,36.666666666666664,35.0,40.0,2.886751345948128,1,5.0,40.0,35.0,35.0,36.666666666666664,3
JOR,2022,Jordan,JO,"Middle East, North Africa, Afghanistan & Pakistan",Upper middle income,3,36.666666666666664,35.0,40.0,2.886751345948128,1,5.0,40.0,35.0,35.0,36.666666666666664,3
JOR,2023,Jordan,JO,"Middle East, North Africa, Afghanistan & Pakistan",Upper middle income,3,36.666666666666664,35.0,40.0,2.886751345948128,1,5.0,40.0,35.0,35.0,36.666666666666664,3
JOR,2024,Jordan,JO,"Middle East, North Africa, Afghanistan & Pakistan",Upper middle income,3,40.0,40.0,40.0,0.0,1,0.0,40.0,40.0,40.0,40.0,3
JOR,2025,Jordan,JO,"Middle East, North Africa, Afghanistan & Pakistan",Upper middle income,3,40.0,40.0,40.0,0.0,1,0.0,40.0,40.0,40.0,40.0,3
JPN,2000,Japan,JP,East Asia & Pacific,High income,2,95.0,95.0,95.0,0.0,1,0.0,95.0,95.0,,95.0,2
JPN,2001,Japan,JP,East Asia & Pacific,High income,2,92.5,90.0,95.0,3.5355339059327378,1,5.0,90.0,95.0,,92.5,2
JPN,2002,Japan,JP,East Asia & Pacific,High income,2,92.5,90.0,95.0,3.5355339059327378,1,5.0,90.0,95.0,,92.5,2
JPN,2003,Japan,JP,East Asia & Pacific,High income,2,92.5,90.0,95.0,3.5355339059327378,1,5.0,90.0,95.0,,92.5,2
JPN,2004,Japan,JP,East Asia & Pacific,High income,2,95.0,90.0,100.0,7.0710678118654755,1,10.0,90.0,100.0,,95.0,2
JPN,2005,Japan,JP,East Asia & Pacific,High income,2,95.0,90.0,100.0,7.0710678118654755,1,10.0,90.0,100.0,,95.0,2
JPN,2006,Japan,JP,East Asia & Pacific,High income,2,95.0,90.0,100.0,7.0710678118654755,1,10.0,90.0,100.0,,95.0,2
JPN,2007,Japan,JP,East Asia & Pacific,High income,2,95.0,90.0,100.0,7.0710678118654755,1,10.0,90.0,100.0,,95.0,2
JPN,2008,Japan,JP,East Asia & Pacific,High income,2,95.0,90.0,100.0,7.0710678118654755,1,10.0,90.0,100.0,,95.0,2
JPN,2009,Japan,JP,East Asia & Pacific,High income,2,90.0,90.0,90.0,0.0,1,0.0,90.0,90.0,,90.0,2
JPN,2010,Japan,JP,East Asia & Pacific,High income,2,90.0,90.0,90.0,0.0,1,0.0,90.0,90.0,,90.0,2
JPN,2011,Japan,JP,East Asia & Pacific,High income,3,86.66666666666667,85.0,90.0,2.88675134594813,1,5.0,90.0,85.0,85.0,86.66666666666667,3
JPN,2012,Japan,JP,East Asia & Pacific,High income,3,83.33333333333333,80.0,85.0,2.88675134594813,1,5.0,80.0,85.0,85.0,83.33333333333333,3
JPN,2013,Japan,JP,East Asia & Pacific,High income,3,83.33333333333333,80.0,85.0,2.88675134594813,1,5.0,80.0,85.0,85.0,83.33333333333333,3
JPN,2014,Japan,JP,East Asia & Pacific,High income,3,81.66666666666667,80.0,85.0,2.886751345948127,1,5.0,80.0,80.0,85.0,81.66666666666667,3
JPN,2015,Japan,JP,East Asia & Pacific,High income,3,78.33333333333333,75.0,80.0,2.88675134594813,1,5.0,75.0,80.0,80.0,78.33333333333333,3
JPN,2016,Japan,JP,East Asia & Pacific,High income,3,78.33333333333333,75.0,80.0,2.88675134594813,1,5.0,75.0,80.0,80.0,78.33333333333333,3
JPN,2017,Japan,JP,East Asia & Pacific,High income,3,78.33333333333333,75.0,80.0,2.88675134594813,1,5.0,75.0,80.0,80.0,78.33333333333333,3
JPN,2018,Japan,JP,East Asia & Pacific,High income,3,78.33333333333333,75.0,80.0,2.88675134594813,1,5.0,75.0,80.0,80.0,78.33333333333333,3
JPN,2019,Japan,JP,East Asia & Pacific,High income,3,78.33333333333333,75.0,80.0,2.88675134594813,1,5.0,75.0,80.0,80.0,78.33333333333333,3
JPN,2020,Japan,JP,East Asia & Pacific,High income,3,78.33333333333333,75.0,80.0,2.88675134594813,1,5.0,75.0,80.0,80.0,78.33333333333333,3
JPN,2021,Japan,JP,East Asia & Pacific,High income,3,78.33333333333333,75.0,80.0,2.88675134594813,1,5.0,75.0,80.0,80.0,78.33333333333333,3
JPN,2022,Japan,JP,East Asia & Pacific,High income,3,78.33333333333333,75.0,80.0,2.88675134594813,1,5.0,75.0,80.0,80.0,78.33333333333333,3
JPN,2023,Japan,JP,East Asia & Pacific,High income,3,78.33333333333333,75.0,80.0,2.88675134594813,1,5.0,75.0,80.0,80.0,78.33333333333333,3
JPN,2024,Japan,JP,East Asia & Pacific,High income,3,78.33333333333333,75.0,80.0,2.88675134594813,1,5.0,75.0,80.0,80.0,78.33333333333333,3
JPN,2025,Japan,JP,East Asia & Pacific,High income,3,78.33333333333333,75.0,80.0,2.88675134594813,1,5.0,75.0,80.0,80.0,78.33333333333333,3
KAZ,2000,Kazakhstan,KZ,Europe & Central Asia,Upper middle income,2,37.5,35.0,40.0,3.5355339059327378,1,5.0,40.0,35.0,,37.5,2
KAZ,2001,Kazakhstan,KZ,Europe & Central Asia,Upper middle income,2,45.0,45.0,45.0,0.0,1,0.0,45.0,45.0,,45.0,2
KAZ,2002,Kazakhstan,KZ,Europe & Central Asia,Upper middle income,2,52.5,50.0,55.0,3.5355339059327378,1,5.0,50.0,55.0,,52.5,2
KAZ,2003,Kazakhstan,KZ,Europe & Central Asia,Upper middle income,2,52.5,50.0,55.0,3.5355339059327378,1,5.0,50.0,55.0,,52.5,2
KAZ,2004,Kazakhstan,KZ,Europe & Central Asia,Upper middle income,2,55.0,55.0,55.0,0.0,1,0.0,55.0,55.0,,55.0,2
KAZ,2005,Kazakhstan,KZ,Europe & Central Asia,Upper middle income,2,57.5,55.0,60.0,3.5355339059327378,1,5.0,60.0,55.0,,57.5,2
KAZ,2006,Kazakhstan,KZ,Europe & Central Asia,Upper middle income,2,60.0,60.0,60.0,0.0,1,0.0,60.0,60.0,,60.0,2
KAZ,2007,Kazakhstan,KZ,Europe & Central Asia,Upper middle income,2,60.0,60.0,60.0,0.0,1,0.0,60.0,60.0,,60.0,2
KAZ,2008,Kazakhstan,KZ,Europe & Central Asia,Upper middle income,2,57.5,55.0,60.0,3.5355339059327378,1,5.0,55.0,60.0,,57.5,2
KAZ,2009,Kazakhstan,KZ,Europe & Central Asia,Upper middle income,2,57.5,55.0,60.0,3.5355339059327378,1,5.0,55.0,60.0,,57.5,2
KAZ,2010,Kazakhstan,KZ,Europe & Central Asia,Upper middle income,3,58.333333333333336,55.0,60.0,2.886751345948128,1,5.0,55.0,60.0,60.0,58.333333333333336,3
KAZ,2011,Kazakhstan,KZ,Europe & Central Asia,Upper middle income,3,61.666666666666664,60.0,65.0,2.88675134594813,1,5.0,60.0,60.0,65.0,61.666666666666664,3
KAZ,2012,Kazakhstan,KZ,Europe & Central Asia,Upper middle income,3,63.333333333333336,60.0,65.0,2.886751345948128,1,5.0,65.0,60.0,65.0,63.333333333333336,3
KAZ,2013,Kazakhstan,KZ,Europe & Central Asia,Upper middle income,3,63.333333333333336,60.0,65.0,2.886751345948128,1,5.0,65.0,60.0,65.0,63.333333333333336,3
KAZ,2014,Kazakhstan,KZ,Europe & Central Asia,Upper middle income,3,63.333333333333336,60.0,65.0,2.886751345948128,1,5.0,65.0,60.0,65.0,63.333333333333336,3
KAZ,2015,Kazakhstan,KZ,Europe & Central Asia,Upper middle income,3,61.666666666666664,60.0,65.0,2.886751345948128,1,5.0,65.0,60.0,60.0,61.666666666666664,3
KAZ,2016,Kazakhstan,KZ,Europe & Central Asia,Upper middle income,3,56.666666666666664,55.0,60.0,2.886751345948128,1,5.0,60.0,55.0,55.0,56.666666666666664,3
KAZ,2017,Kazakhstan,KZ,Europe & Central Asia,Upper middle income,3,56.666666666666664,55.0,60.0,2.886751345948128,1,5.0,60.0,55.0,55.0,56.666666666666664,3
KAZ,2018,Kazakhstan,KZ,Europe & Central Asia,Upper middle income,3,56.666666666666664,55.0,60.0,2.886751345948128,1,5.0,60.0,55.0,55.0,56.666666666666664,3
KAZ,2019,Kazakhstan,KZ,Europe & Central Asia,Upper middle income,3,56.666666666666664,55.0,60.0,2.886751345948128,1,5.0,60.0,55.0,55.0,56.666666666666664,3
KAZ,2020,Kazakhstan,KZ,Europe & Central Asia,Upper middle income,3,56.666666666666664,55.0,60.0,2.886751345948128,1,5.0,60.0,55.0,55.0,56.666666666666664,3
KAZ,2021,Kazakhstan,KZ,Europe & Central Asia,Upper middle income,3,58.333333333333336,55.0,60.0,2.88675134594813,1,5.0,60.0,60.0,55.0,58.333333333333336,3
KAZ,2022,Kazakhstan,KZ,Europe & Central Asia,Upper middle income,3,58.333333333333336,55.0,60.0,2.88675134594813,1,5.0,60.0,60.0,55.0,58.333333333333336,3
KAZ,2023,Kazakhstan,KZ,Europe & Central Asia,Upper middle income,3,58.333333333333336,55.0,60.0,2.88675134594813,1,5.0,60.0,60.0,55.0,58.333333333333336,3
KAZ,2024,Kazakhstan,KZ,Europe & Central Asia,Upper middle income,3,60.0,55.0,65.0,5.0,1,10.0,60.0,65.0,55.0,60.0,3
KAZ,2025,Kazakhstan,KZ,Europe & Central Asia,Upper middle income,3,60.0,55.0,65.0,5.0,1,10.0,60.0,65.0,55.0,60.0,3
KEN,2000,Kenya,KE,Sub-Saharan Africa,Lower middle income,0,,,,,0,,,,,,0
KEN,2001,Kenya,KE,Sub-Saharan Africa,Lower middle income,0,,,,,0,,,,,,0
KEN,2002,Kenya,KE,Sub-Saharan Africa,Lower middle income,0,,,,,0,,,,,,0
KEN,2003,Kenya,KE,Sub-Saharan Africa,Lower middle income,0,,,,,0,,,,,,0
KEN,2004,Kenya,KE,Sub-Saharan Africa,Lower middle income,0,,,,,0,,,,,,0
KEN,2005,Kenya,KE,Sub-Saharan Africa,Lower middle income,0,,,,,0,,,,,,0
KEN,2006,Kenya,KE,Sub-Saharan Africa,Lower middle income,0,,,,,0,,,,,,0
KEN,2007,Kenya,KE,Sub-Saharan Africa,Lower middle income,1,35.0,35.0,35.0,0.0,1,0.0,35.0,,,35.0,1
KEN,2008,Kenya,KE,Sub-Saharan Africa,Lower middle income,1,35.0,35.0,35.0,0.0,1,0.0,35.0,,,35.0,1
KEN,2009,Kenya,KE,Sub-Saharan Africa,Lower middle income,1,35.0,35.0,35.0,0.0,1,0.0,35.0,,,35.0,1
KEN,2010,Kenya,KE,Sub-Saharan Africa,Lower middle income,2,35.0,35.0,35.0,0.0,1,0.0,35.0,,35.0,35.0,2
KEN,2011,Kenya,KE,Sub-Saharan Africa,Lower middle income,2,35.0,35.0,35.0,0.0,1,0.0,35.0,,35.0,35.0,2
KEN,2012,Kenya,KE,Sub-Saharan Africa,Lower middle income,2,35.0,35.0,35.0,0.0,1,0.0,35.0,,35.0,35.0,2
KEN,2013,Kenya,KE,Sub-Saharan Africa,Lower middle income,2,35.0,35.0,35.0,0.0,1,0.0,35.0,,35.0,35.0,2
KEN,2014,Kenya,KE,Sub-Saharan Africa,Lower middle income,2,35.0,35.0,35.0,0.0,1,0.0,35.0,,35.0,35.0,2
KEN,2015,Kenya,KE,Sub-Saharan Africa,Lower middle income,2,35.0,35.0,35.0,0.0,1,0.0,35.0,,35.0,35.0,2
KEN,2016,Kenya,KE,Sub-Saharan Africa,Lower middle income,2,35.0,35.0,35.0,0.0,1,0.0,35.0,,35.0,35.0,2
KEN,2017,Kenya,KE,Sub-Saharan Africa,Lower middle income,2,35.0,35.0,35.0,0.0,1,0.0,35.0,,35.0,35.0,2
KEN,2018,Kenya,KE,Sub-Saharan Africa,Lower middle income,2,35.0,35.0,35.0,0.0,1,0.0,35.0,,35.0,35.0,2
KEN,2019,Kenya,KE,Sub-Saharan Africa,Lower middle income,2,35.0,35.0,35.0,0.0,1,0.0,35.0,,35.0,35.0,2
KEN,2020,Kenya,KE,Sub-Saharan Africa,Lower middle income,2,35.0,35.0,35.0,0.0,1,0.0,35.0,,35.0,35.0,2
KEN,2021,Kenya,KE,Sub-Saharan Africa,Lower middle income,2,32.5,30.0,35.0,3.5355339059327378,1,5.0,35.0,,30.0,32.5,2
KEN,2022,Kenya,KE,Sub-Saharan Africa,Lower middle income,2,30.0,30.0,30.0,0.0,1,0.0,30.0,,30.0,30.0,2
KEN,2023,Kenya,KE,Sub-Saharan Africa,Lower middle income,2,30.0,30.0,30.0,0.0,1,0.0,30.0,,30.0,30.0,2
KEN,2024,Kenya,KE,Sub-Saharan Africa,Lower middle income,2,27.5,25.0,30.0,3.5355339059327378,1,5.0,30.0,,25.0,27.5,2
KEN,2025,Kenya,KE,Sub-Saharan Africa,Lower middle income,2,30.0,30.0,30.0,0.0,1,0.0,30.0,,30.0,30.0,2
KGZ,2000,Kyrgyz Republic,KG,Europe & Central Asia,Lower middle income,0,,,,,0,,,,,,0
KGZ,2001,Kyrgyz Republic,KG,Europe & Central Asia,Lower middle income,0,,,,,0,,,,,,0
KGZ,2002,Kyrgyz Republic,KG,Europe & Central Asia,Lower middle income,0,,,,,0,,,,,,0
KGZ,2003,Kyrgyz Republic,KG,Europe & Central Asia,Lower middle income,0,,,,,0,,,,,,0
KGZ,2004,Kyrgyz Republic,KG,Europe & Central Asia,Lower middle income,0,,,,,0,,,,,,0
KGZ,2005,Kyrgyz Republic,KG,Europe & Central Asia,Lower middle income,0,,,,,0,,,,,,0
KGZ,2006,Kyrgyz Republic,KG,Europe & Central Asia,Lower middle income,0,,,,,0,,,,,,0
KGZ,2007,Kyrgyz Republic,KG,Europe & Central Asia,Lower middle income,0,,,,,0,,,,,,0
KGZ,2008,Kyrgyz Republic,KG,Europe & Central Asia,Lower middle income,0,,,,,0,,,,,,0
KGZ,2009,Kyrgyz Republic,KG,Europe & Central Asia,Lower middle income,0,,,,,0,,,,,,0
KGZ,2010,Kyrgyz Republic,KG,Europe & Central Asia,Lower middle income,0,,,,,0,,,,,,0
KGZ,2011,Kyrgyz Republic,KG,Europe & Central Asia,Lower middle income,0,,,,,0,,,,,,0
KGZ,2012,Kyrgyz Republic,KG,Europe & Central Asia,Lower middle income,0,,,,,0,,,,,,0
KGZ,2013,Kyrgyz Republic,KG,Europe & Central Asia,Lower middle income,0,,,,,0,,,,,,0
KGZ,2014,Kyrgyz Republic,KG,Europe & Central Asia,Lower middle income,0,,,,,0,,,,,,0
KGZ,2015,Kyrgyz Republic,KG,Europe & Central Asia,Lower middle income,2,30.0,30.0,30.0,0.0,1,0.0,,30.0,30.0,30.0,2
KGZ,2016,Kyrgyz Republic,KG,Europe & Central Asia,Lower middle income,1,30.0,30.0,30.0,0.0,1,0.0,,30.0,,30.0,1
KGZ,2017,Kyrgyz Republic,KG,Europe & Central Asia,Lower middle income,1,30.0,30.0,30.0,0.0,1,0.0,,30.0,,30.0,1
KGZ,2018,Kyrgyz Republic,KG,Europe & Central Asia,Lower middle income,1,30.0,30.0,30.0,0.0,1,0.0,,30.0,,30.0,1
KGZ,2019,Kyrgyz Republic,KG,Europe & Central Asia,Lower middle income,1,30.0,30.0,30.0,0.0,1,0.0,,30.0,,30.0,1
KGZ,2020,Kyrgyz Republic,KG,Europe & Central Asia,Lower middle income,1,30.0,30.0,30.0,0.0,1,0.0,,30.0,,30.0,1
KGZ,2021,Kyrgyz Republic,KG,Europe & Central Asia,Lower middle income,1,30.0,30.0,30.0,0.0,1,0.0,,30.0,,30.0,1
KGZ,2022,Kyrgyz Republic,KG,Europe & Central Asia,Lower middle income,1,25.0,25.0,25.0,0.0,1,0.0,,25.0,,25.0,1
KGZ,2023,Kyrgyz Republic,KG,Europe & Central Asia,Lower middle income,1,25.0,25.0,25.0,0.0,1,0.0,,25.0,,25.0,1
KGZ,2024,Kyrgyz Republic,KG,Europe & Central Asia,Lower middle income,1,25.0,25.0,25.0,0.0,1,0.0,,25.0,,25.0,1
KGZ,2025,Kyrgyz Republic,KG,Europe & Central Asia,Lower middle income,2,30.0,25.0,35.0,7.0710678118654755,1,10.0,,25.0,35.0,30.0,2
KHM,2000,Cambodia,KH,East Asia & Pacific,Lower middle income,0,,,,,0,,,,,,0
KHM,2001,Cambodia,KH,East Asia & Pacific,Lower middle income,0,,,,,0,,,,,,0
KHM,2002,Cambodia,KH,East Asia & Pacific,Lower middle income,0,,,,,0,,,,,,0
KHM,2003,Cambodia,KH,East Asia & Pacific,Lower middle income,0,,,,,0,,,,,,0
KHM,2004,Cambodia,KH,East Asia & Pacific,Lower middle income,0,,,,,0,,,,,,0
KHM,2005,Cambodia,KH,East Asia & Pacific,Lower middle income,0,,,,,0,,,,,,0
KHM,2006,Cambodia,KH,East Asia & Pacific,Lower middle income,0,,,,,0,,,,,,0
KHM,2007,Cambodia,KH,East Asia & Pacific,Lower middle income,2,32.5,30.0,35.0,3.5355339059327378,1,5.0,,30.0,35.0,32.5,2
KHM,2008,Cambodia,KH,East Asia & Pacific,Lower middle income,2,32.5,30.0,35.0,3.5355339059327378,1,5.0,,30.0,35.0,32.5,2
KHM,2009,Cambodia,KH,East Asia & Pacific,Lower middle income,2,32.5,30.0,35.0,3.5355339059327378,1,5.0,,30.0,35.0,32.5,2
KHM,2010,Cambodia,KH,East Asia & Pacific,Lower middle income,2,32.5,30.0,35.0,3.5355339059327378,1,5.0,,30.0,35.0,32.5,2
KHM,2011,Cambodia,KH,East Asia & Pacific,Lower middle income,2,30.0,30.0,30.0,0.0,1,0.0,,30.0,30.0,30.0,2
KHM,2012,Cambodia,KH,East Asia & Pacific,Lower middle income,2,30.0,30.0,30.0,0.0,1,0.0,,30.0,30.0,30.0,2
KHM,2013,Cambodia,KH,East Asia & Pacific,Lower middle income,2,30.0,30.0,30.0,0.0,1,0.0,,30.0,30.0,30.0,2
KHM,2014,Cambodia,KH,East Asia & Pacific,Lower middle income,2,30.0,30.0,30.0,0.0,1,0.0,,30.0,30.0,30.0,2
KHM,2015,Cambodia,KH,East Asia & Pacific,Lower middle income,2,30.0,30.0,30.0,0.0,1,0.0,,30.0,30.0,30.0,2
KHM,2016,Cambodia,KH,East Asia & Pacific,Lower middle income,2,30.0,30.0,30.0,0.0,1,0.0,,30.0,30.0,30.0,2
KHM,2017,Cambodia,KH,East Asia & Pacific,Lower middle income,2,30.0,30.0,30.0,0.0,1,0.0,,30.0,30.0,30.0,2
KHM,2018,Cambodia,KH,East Asia & Pacific,Lower middle income,2,30.0,30.0,30.0,0.0,1,0.0,,30.0,30.0,30.0,2
KHM,2019,Cambodia,KH,East Asia & Pacific,Lower middle income,2,30.0,30.0,30.0,0.0,1,0.0,,30.0,30.0,30.0,2
KHM,2020,Cambodia,KH,East Asia & Pacific,Lower middle income,2,30.0,30.0,30.0,0.0,1,0.0,,30.0,30.0,30.0,2
KHM,2021,Cambodia,KH,East Asia & Pacific,Lower middle income,2,30.0,30.0,30.0,0.0,1,0.0,,30.0,30.0,30.0,2
KHM,2022,Cambodia,KH,East Asia & Pacific,Lower middle income,2,30.0,30.0,30.0,0.0,1,0.0,,30.0,30.0,30.0,2
KHM,2023,Cambodia,KH,East Asia & Pacific,Lower middle income,2,30.0,30.0,30.0,0.0,1,0.0,,30.0,30.0,30.0,2
KHM,2024,Cambodia,KH,East Asia & Pacific,Lower middle income,2,30.0,30.0,30.0,0.0,1,0.0,,30.0,30.0,30.0,2
KHM,2025,Cambodia,KH,East Asia & Pacific,Lower middle income,2,30.0,30.0,30.0,0.0,1,0.0,,30.0,30.0,30.0,2
KOR,2000,"Korea, Rep.",KR,East Asia & Pacific,High income,2,62.5,60.0,65.0,3.5355339059327378,1,5.0,65.0,60.0,,62.5,2
KOR,2001,"Korea, Rep.",KR,East Asia & Pacific,High income,2,62.5,60.0,65.0,3.5355339059327378,1,5.0,65.0,60.0,,62.5,2
KOR,2002,"Korea, Rep.",KR,East Asia & Pacific,High income,2,72.5,70.0,75.0,3.5355339059327378,1,5.0,75.0,70.0,,72.5,2
KOR,2003,"Korea, Rep.",KR,East Asia & Pacific,High income,2,72.5,70.0,75.0,3.5355339059327378,1,5.0,75.0,70.0,,72.5,2
KOR,2004,"Korea, Rep.",KR,East Asia & Pacific,High income,2,72.5,70.0,75.0,3.5355339059327378,1,5.0,75.0,70.0,,72.5,2
KOR,2005,"Korea, Rep.",KR,East Asia & Pacific,High income,3,75.0,70.0,80.0,5.0,1,10.0,80.0,70.0,75.0,75.0,3
KOR,2006,"Korea, Rep.",KR,East Asia & Pacific,High income,3,75.0,70.0,80.0,5.0,1,10.0,80.0,70.0,75.0,75.0,3
KOR,2007,"Korea, Rep.",KR,East Asia & Pacific,High income,3,76.66666666666667,75.0,80.0,2.88675134594813,1,5.0,80.0,75.0,75.0,76.66666666666667,3
KOR,2008,"Korea, Rep.",KR,East Asia & Pacific,High income,3,76.66666666666667,75.0,80.0,2.88675134594813,1,5.0,80.0,75.0,75.0,76.66666666666667,3
KOR,2009,"Korea, Rep.",KR,East Asia & Pacific,High income,3,76.66666666666667,75.0,80.0,2.88675134594813,1,5.0,80.0,75.0,75.0,76.66666666666667,3
KOR,2010,"Korea, Rep.",KR,East Asia & Pacific,High income,3,78.33333333333333,75.0,80.0,2.886751345948127,1,5.0,80.0,80.0,75.0,78.33333333333333,3
KOR,2011,"Korea, Rep.",KR,East Asia & Pacific,High income,3,78.33333333333333,75.0,80.0,2.886751345948127,1,5.0,80.0,80.0,75.0,78.33333333333333,3
KOR,2012,"Korea, Rep.",KR,East Asia & Pacific,High income,3,81.66666666666667,80.0,85.0,2.88675134594813,1,5.0,80.0,85.0,80.0,81.66666666666667,3
KOR,2013,"Korea, Rep.",KR,East Asia & Pacific,High income,3,83.33333333333333,80.0,85.0,2.886751345948127,1,5.0,85.0,85.0,80.0,83.33333333333333,3
KOR,2014,"Korea, Rep.",KR,East Asia & Pacific,High income,3,83.33333333333333,80.0,85.0,2.886751345948127,1,5.0,85.0,85.0,80.0,83.33333333333333,3
KOR,2015,"Korea, Rep.",KR,East Asia & Pacific,High income,3,86.66666666666667,85.0,90.0,2.88675134594813,1,5.0,85.0,90.0,85.0,86.66666666666667,3
KOR,2016,"Korea, Rep.",KR,East Asia & Pacific,High income,3,88.33333333333333,85.0,90.0,2.88675134594813,1,5.0,85.0,90.0,90.0,88.33333333333333,3
KOR,2017,"Korea, Rep.",KR,East Asia & Pacific,High income,3,88.33333333333333,85.0,90.0,2.88675134594813,1,5.0,85.0,90.0,90.0,88.33333333333333,3
KOR,2018,"Korea, Rep.",KR,East Asia & Pacific,High income,3,88.33333333333333,85.0,90.0,2.88675134594813,1,5.0,85.0,90.0,90.0,88.33333333333333,3
KOR,2019,"Korea, Rep.",KR,East Asia & Pacific,High income,3,88.33333333333333,85.0,90.0,2.88675134594813,1,5.0,85.0,90.0,90.0,88.33333333333333,3
KOR,2020,"Korea, Rep.",KR,East Asia & Pacific,High income,3,88.33333333333333,85.0,90.0,2.88675134594813,1,5.0,85.0,90.0,90.0,88.33333333333333,3
KOR,2021,"Korea, Rep.",KR,East Asia & Pacific,High income,3,88.33333333333333,85.0,90.0,2.88675134594813,1,5.0,85.0,90.0,90.0,88.33333333333333,3
KOR,2022,"Korea, Rep.",KR,East Asia & Pacific,High income,3,88.33333333333333,85.0,90.0,2.88675134594813,1,5.0,85.0,90.0,90.0,88.33333333333333,3
KOR,2023,"Korea, Rep.",KR,East Asia & Pacific,High income,3,88.33333333333333,85.0,90.0,2.88675134594813,1,5.0,85.0,90.0,90.0,88.33333333333333,3
KOR,2024,"Korea, Rep.",KR,East Asia & Pacific,High income,3,88.33333333333333,85.0,90.0,2.88675134594813,1,5.0,85.0,90.0,90.0,88.33333333333333,3
KOR,2025,"Korea, Rep.",KR,East Asia & Pacific,High income,3,88.33333333333333,85.0,90.0,2.88675134594813,1,5.0,85.0,90.0,90.0,88.33333333333333,3
KWT,2000,Kuwait,KW,"Middle East, North Africa, Afghanistan & Pakistan",High income,2,70.0,65.0,75.0,7.0710678118654755,1,10.0,75.0,65.0,,70.0,2
KWT,2001,Kuwait,KW,"Middle East, North Africa, Afghanistan & Pakistan",High income,2,72.5,65.0,80.0,10.606601717798213,1,15.0,80.0,65.0,,72.5,2
KWT,2002,Kuwait,KW,"Middle East, North Africa, Afghanistan & Pakistan",High income,2,80.0,75.0,85.0,7.0710678118654755,1,10.0,85.0,75.0,,80.0,2
KWT,2003,Kuwait,KW,"Middle East, North Africa, Afghanistan & Pakistan",High income,2,80.0,75.0,85.0,7.0710678118654755,1,10.0,85.0,75.0,,80.0,2
KWT,2004,Kuwait,KW,"Middle East, North Africa, Afghanistan & Pakistan",High income,2,80.0,75.0,85.0,7.0710678118654755,1,10.0,85.0,75.0,,80.0,2
KWT,2005,Kuwait,KW,"Middle East, North Africa, Afghanistan & Pakistan",High income,2,80.0,75.0,85.0,7.0710678118654755,1,10.0,85.0,75.0,,80.0,2
KWT,2006,Kuwait,KW,"Middle East, North Africa, Afghanistan & Pakistan",High income,2,85.0,85.0,85.0,0.0,1,0.0,85.0,85.0,,85.0,2
KWT,2007,Kuwait,KW,"Middle East, North Africa, Afghanistan & Pakistan",High income,2,87.5,85.0,90.0,3.5355339059327378,1,5.0,85.0,90.0,,87.5,2
KWT,2008,Kuwait,KW,"Middle East, North Africa, Afghanistan & Pakistan",High income,2,90.0,90.0,90.0,0.0,1,0.0,90.0,90.0,,90.0,2
KWT,2009,Kuwait,KW,"Middle East, North Africa, Afghanistan & Pakistan",High income,2,90.0,90.0,90.0,0.0,1,0.0,90.0,90.0,,90.0,2
KWT,2010,Kuwait,KW,"Middle East, North Africa, Afghanistan & Pakistan",High income,2,90.0,90.0,90.0,0.0,1,0.0,90.0,90.0,,90.0,2
KWT,2011,Kuwait,KW,"Middle East, North Africa, Afghanistan & Pakistan",High income,3,90.0,90.0,90.0,0.0,1,0.0,90.0,90.0,90.0,90.0,3
KWT,2012,Kuwait,KW,"Middle East, North Africa, Afghanistan & Pakistan",High income,3,90.0,90.0,90.0,0.0,1,0.0,90.0,90.0,90.0,90.0,3
KWT,2013,Kuwait,KW,"Middle East, North Africa, Afghanistan & Pakistan",High income,3,90.0,90.0,90.0,0.0,1,0.0,90.0,90.0,90.0,90.0,3
KWT,2014,Kuwait,KW,"Middle East, North Africa, Afghanistan & Pakistan",High income,3,90.0,90.0,90.0,0.0,1,0.0,90.0,90.0,90.0,90.0,3
KWT,2015,Kuwait,KW,"Middle East, North Africa, Afghanistan & Pakistan",High income,3,90.0,90.0,90.0,0.0,1,0.0,90.0,90.0,90.0,90.0,3
KWT,2016,Kuwait,KW,"Middle East, North Africa, Afghanistan & Pakistan",High income,3,90.0,90.0,90.0,0.0,1,0.0,90.0,90.0,90.0,90.0,3
KWT,2017,Kuwait,KW,"Middle East, North Africa, Afghanistan & Pakistan",High income,3,90.0,90.0,90.0,0.0,1,0.0,90.0,90.0,90.0,90.0,3
KWT,2018,Kuwait,KW,"Middle East, North Africa, Afghanistan & Pakistan",High income,3,90.0,90.0,90.0,0.0,1,0.0,90.0,90.0,90.0,90.0,3
KWT,2019,Kuwait,KW,"Middle East, North Africa, Afghanistan & Pakistan",High income,3,90.0,90.0,90.0,0.0,1,0.0,90.0,90.0,90.0,90.0,3
KWT,2020,Kuwait,KW,"Middle East, North Africa, Afghanistan & Pakistan",High income,3,85.0,80.0,90.0,5.0,1,10.0,90.0,80.0,85.0,85.0,3
KWT,2021,Kuwait,KW,"Middle East, North Africa, Afghanistan & Pakistan",High income,3,83.33333333333333,80.0,90.0,5.773502691896256,1,10.0,90.0,80.0,80.0,83.33333333333333,3
KWT,2022,Kuwait,KW,"Middle East, North Africa, Afghanistan & Pakistan",High income,3,81.66666666666667,80.0,85.0,2.88675134594813,1,5.0,85.0,80.0,80.0,81.66666666666667,3
KWT,2023,Kuwait,KW,"Middle East, North Africa, Afghanistan & Pakistan",High income,3,81.66666666666667,80.0,85.0,2.88675134594813,1,5.0,85.0,80.0,80.0,81.66666666666667,3
KWT,2024,Kuwait,KW,"Middle East, North Africa, Afghanistan & Pakistan",High income,3,81.66666666666667,80.0,85.0,2.88675134594813,1,5.0,85.0,80.0,80.0,81.66666666666667,3
KWT,2025,Kuwait,KW,"Middle East, North Africa, Afghanistan & Pakistan",High income,3,83.33333333333333,80.0,85.0,2.88675134594813,1,5.0,85.0,80.0,85.0,83.33333333333333,3
LAO,2000,Lao PDR,LA,East Asia & Pacific,Lower middle income,0,,,,,0,,,,,,0
LAO,2001,Lao PDR,LA,East Asia & Pacific,Lower middle income,0,,,,,0,,,,,,0
LAO,2002,Lao PDR,LA,East Asia & Pacific,Lower middle income,0,,,,,0,,,,,,0
LAO,2003,Lao PDR,LA,East Asia & Pacific,Lower middle income,0,,,,,0,,,,,,0
LAO,2004,Lao PDR,LA,East Asia & Pacific,Lower middle income,0,,,,,0,,,,,,0
LAO,2005,Lao PDR,LA,East Asia & Pacific,Lower middle income,0,,,,,0,,,,,,0
LAO,2006,Lao PDR,LA,East Asia & Pacific,Lower middle income,0,,,,,0,,,,,,0
LAO,2007,Lao PDR,LA,East Asia & Pacific,Lower middle income,0,,,,,0,,,,,,0
LAO,2008,Lao PDR,LA,East Asia & Pacific,Lower middle income,0,,,,,0,,,,,,0
LAO,2009,Lao PDR,LA,East Asia & Pacific,Lower middle income,0,,,,,0,,,,,,0
LAO,2010,Lao PDR,LA,East Asia & Pacific,Lower middle income,0,,,,,0,,,,,,0
LAO,2011,Lao PDR,LA,East Asia & Pacific,Lower middle income,0,,,,,0,,,,,,0
LAO,2012,Lao PDR,LA,East Asia & Pacific,Lower middle income,0,,,,,0,,,,,,0
LAO,2013,Lao PDR,LA,East Asia & Pacific,Lower middle income,0,,,,,0,,,,,,0
LAO,2014,Lao PDR,LA,East Asia & Pacific,Lower middle income,0,,,,,0,,,,,,0
LAO,2015,Lao PDR,LA,East Asia & Pacific,Lower middle income,0,,,,,0,,,,,,0
LAO,2016,Lao PDR,LA,East Asia & Pacific,Lower middle income,0,,,,,0,,,,,,0
LAO,2017,Lao PDR,LA,East Asia & Pacific,Lower middle income,0,,,,,0,,,,,,0
LAO,2018,Lao PDR,LA,East Asia & Pacific,Lower middle income,0,,,,,0,,,,,,0
LAO,2019,Lao PDR,LA,East Asia & Pacific,Lower middle income,0,,,,,0,,,,,,0
LAO,2020,Lao PDR,LA,East Asia & Pacific,Lower middle income,1,15.0,15.0,15.0,0.0,1,0.0,15.0,,,15.0,1
LAO,2021,Lao PDR,LA,East Asia & Pacific,Lower middle income,1,15.0,15.0,15.0,0.0,1,0.0,15.0,,,15.0,1
LAO,2022,Lao PDR,LA,East Asia & Pacific,Lower middle income,1,10.0,10.0,10.0,0.0,1,0.0,10.0,,,10.0,1
LAO,2023,Lao PDR,LA,East Asia & Pacific,Lower middle income,1,10.0,10.0,10.0,0.0,1,0.0,10.0,,,10.0,1
LAO,2024,Lao PDR,LA,East Asia & Pacific,Lower middle income,1,10.0,10.0,10.0,0.0,1,0.0,10.0,,,10.0,1
LAO,2025,Lao PDR,LA,East Asia & Pacific,Lower middle income,1,10.0,10.0,10.0,0.0,1,0.0,10.0,,,10.0,1
LBN,2000,Lebanon,LB,"Middle East, North Africa, Afghanistan & Pakistan",Lower middle income,2,37.5,35.0,40.0,3.5355339059327378,1,5.0,40.0,35.0,,37.5,2
LBN,2001,Lebanon,LB,"Middle East, North Africa, Afghanistan & Pakistan",Lower middle income,2,27.5,25.0,30.0,3.5355339059327378,1,5.0,25.0,30.0,,27.5,2
LBN,2002,Lebanon,LB,"Middle East, North Africa, Afghanistan & Pakistan",Lower middle income,2,27.5,25.0,30.0,3.5355339059327378,1,5.0,25.0,30.0,,27.5,2
LBN,2003,Lebanon,LB,"Middle East, North Africa, Afghanistan & Pakistan",Lower middle income,2,27.5,25.0,30.0,3.5355339059327378,1,5.0,25.0,30.0,,27.5,2
LBN,2004,Lebanon,LB,"Middle East, North Africa, Afghanistan & Pakistan",Lower middle income,2,27.5,25.0,30.0,3.5355339059327378,1,5.0,25.0,30.0,,27.5,2
LBN,2005,Lebanon,LB,"Middle East, North Africa, Afghanistan & Pakistan",Lower middle income,2,25.0,25.0,25.0,0.0,1,0.0,25.0,25.0,,25.0,2
LBN,2006,Lebanon,LB,"Middle East, North Africa, Afghanistan & Pakistan",Lower middle income,2,25.0,25.0,25.0,0.0,1,0.0,25.0,25.0,,25.0,2
LBN,2007,Lebanon,LB,"Middle East, North Africa, Afghanistan & Pakistan",Lower middle income,2,25.0,25.0,25.0,0.0,1,0.0,25.0,25.0,,25.0,2
LBN,2008,Lebanon,LB,"Middle East, North Africa, Afghanistan & Pakistan",Lower middle income,2,25.0,25.0,25.0,0.0,1,0.0,25.0,25.0,,25.0,2
LBN,2009,Lebanon,LB,"Middle East, North Africa, Afghanistan & Pakistan",Lower middle income,3,28.333333333333332,25.0,30.0,2.886751345948129,1,5.0,25.0,30.0,30.0,28.333333333333332,3
LBN,2010,Lebanon,LB,"Middle East, North Africa, Afghanistan & Pakistan",Lower middle income,3,31.666666666666668,30.0,35.0,2.886751345948129,1,5.0,30.0,35.0,30.0,31.666666666666668,3
LBN,2011,Lebanon,LB,"Middle East, North Africa, Afghanistan & Pakistan",Lower middle income,3,31.666666666666668,30.0,35.0,2.886751345948129,1,5.0,30.0,35.0,30.0,31.666666666666668,3
LBN,2012,Lebanon,LB,"Middle East, North Africa, Afghanistan & Pakistan",Lower middle income,3,31.666666666666668,30.0,35.0,2.886751345948129,1,5.0,30.0,35.0,30.0,31.666666666666668,3
LBN,2013,Lebanon,LB,"Middle East, North Africa, Afghanistan & Pakistan",Lower middle income,3,30.0,25.0,35.0,5.0,1,10.0,30.0,35.0,25.0,30.0,3
LBN,2014,Lebanon,LB,"Middle East, North Africa, Afghanistan & Pakistan",Lower middle income,3,28.333333333333332,25.0,30.0,2.886751345948128,1,5.0,30.0,30.0,25.0,28.333333333333332,3
LBN,2015,Lebanon,LB,"Middle East, North Africa, Afghanistan & Pakistan",Lower middle income,3,28.333333333333332,25.0,30.0,2.886751345948128,1,5.0,30.0,30.0,25.0,28.333333333333332,3
LBN,2016,Lebanon,LB,"Middle East, North Africa, Afghanistan & Pakistan",Lower middle income,3,26.666666666666668,25.0,30.0,2.886751345948129,1,5.0,25.0,30.0,25.0,26.666666666666668,3
LBN,2017,Lebanon,LB,"Middle East, North Africa, Afghanistan & Pakistan",Lower middle income,3,25.0,25.0,25.0,0.0,1,0.0,25.0,25.0,25.0,25.0,3
LBN,2018,Lebanon,LB,"Middle East, North Africa, Afghanistan & Pakistan",Lower middle income,3,25.0,25.0,25.0,0.0,1,0.0,25.0,25.0,25.0,25.0,3
LBN,2019,Lebanon,LB,"Middle East, North Africa, Afghanistan & Pakistan",Lower middle income,3,11.666666666666666,5.0,15.0,5.773502691896258,1,10.0,5.0,15.0,15.0,11.666666666666666,3
LBN,2020,Lebanon,LB,"Middle East, North Africa, Afghanistan & Pakistan",Lower middle income,3,0.0,0.0,0.0,0.0,1,0.0,0.0,0.0,0.0,0.0,3
LBN,2021,Lebanon,LB,"Middle East, North Africa, Afghanistan & Pakistan",Lower middle income,3,0.0,0.0,0.0,0.0,1,0.0,0.0,0.0,0.0,0.0,3
LBN,2022,Lebanon,LB,"Middle East, North Africa, Afghanistan & Pakistan",Lower middle income,3,0.0,0.0,0.0,0.0,1,0.0,0.0,0.0,0.0,0.0,3
LBN,2023,Lebanon,LB,"Middle East, North Africa, Afghanistan & Pakistan",Lower middle income,3,0.0,0.0,0.0,0.0,1,0.0,0.0,0.0,0.0,0.0,3
LBN,2024,Lebanon,LB,"Middle East, North Africa, Afghanistan & Pakistan",Lower middle income,3,0.0,0.0,0.0,0.0,1,0.0,0.0,0.0,0.0,0.0,3
LBN,2025,Lebanon,LB,"Middle East, North Africa, Afghanistan & Pakistan",Lower middle income,3,0.0,0.0,0.0,0.0,1,0.0,0.0,0.0,0.0,0.0,3
LBY,2000,Libya,LY,"Middle East, North Africa, Afghanistan & Pakistan",Upper middle income,0,,,,,0,,,,,,0
LBY,2001,Libya,LY,"Middle East, North Africa, Afghanistan & Pakistan",Upper middle income,0,,,,,0,,,,,,0
LBY,2002,Libya,LY,"Middle East, North Africa, Afghanistan & Pakistan",Upper middle income,0,,,,,0,,,,,,0
LBY,2003,Libya,LY,"Middle East, North Africa, Afghanistan & Pakistan",Upper middle income,0,,,,,0,,,,,,0
LBY,2004,Libya,LY,"Middle East, North Africa, Afghanistan & Pakistan",Upper middle income,0,,,,,0,,,,,,0
LBY,2005,Libya,LY,"Middle East, North Africa, Afghanistan & Pakistan",Upper middle income,0,,,,,0,,,,,,0
LBY,2006,Libya,LY,"Middle East, North Africa, Afghanistan & Pakistan",Upper middle income,0,,,,,0,,,,,,0
LBY,2007,Libya,LY,"Middle East, North Africa, Afghanistan & Pakistan",Upper middle income,0,,,,,0,,,,,,0
LBY,2008,Libya,LY,"Middle East, North Africa, Afghanistan & Pakistan",Upper middle income,0,,,,,0,,,,,,0
LBY,2009,Libya,LY,"Middle East, North Africa, Afghanistan & Pakistan",Upper middle income,1,65.0,65.0,65.0,0.0,1,0.0,65.0,,,65.0,1
LBY,2010,Libya,LY,"Middle East, North Africa, Afghanistan & Pakistan",Upper middle income,1,65.0,65.0,65.0,0.0,1,0.0,65.0,,,65.0,1
LBY,2011,Libya,LY,"Middle East, North Africa, Afghanistan & Pakistan",Upper middle income,1,30.0,30.0,30.0,0.0,1,0.0,30.0,,,30.0,1
LBY,2012,Libya,LY,"Middle East, North Africa, Afghanistan & Pakistan",Upper middle income,1,30.0,30.0,30.0,0.0,1,0.0,30.0,,,30.0,1
LBY,2013,Libya,LY,"Middle East, North Africa, Afghanistan & Pakistan",Upper middle income,1,30.0,30.0,30.0,0.0,1,0.0,30.0,,,30.0,1
LBY,2014,Libya,LY,"Middle East, North Africa, Afghanistan & Pakistan",Upper middle income,1,30.0,30.0,30.0,0.0,1,0.0,30.0,,,30.0,1
LBY,2015,Libya,LY,"Middle East, North Africa, Afghanistan & Pakistan",Upper middle income,1,30.0,30.0,30.0,0.0,1,0.0,30.0,,,30.0,1
LBY,2016,Libya,LY,"Middle East, North Africa, Afghanistan & Pakistan",Upper middle income,1,30.0,30.0,30.0,0.0,1,0.0,30.0,,,30.0,1
LBY,2017,Libya,LY,"Middle East, North Africa, Afghanistan & Pakistan",Upper middle income,1,30.0,30.0,30.0,0.0,1,0.0,30.0,,,30.0,1
LBY,2018,Libya,LY,"Middle East, North Africa, Afghanistan & Pakistan",Upper middle income,1,30.0,30.0,30.0,0.0,1,0.0,30.0,,,30.0,1
LBY,2019,Libya,LY,"Middle East, North Africa, Afghanistan & Pakistan",Upper middle income,1,30.0,30.0,30.0,0.0,1,0.0,30.0,,,30.0,1
LBY,2020,Libya,LY,"Middle East, North Africa, Afghanistan & Pakistan",Upper middle income,1,30.0,30.0,30.0,0.0,1,0.0,30.0,,,30.0,1
LBY,2021,Libya,LY,"Middle East, North Africa, Afghanistan & Pakistan",Upper middle income,1,30.0,30.0,30.0,0.0,1,0.0,30.0,,,30.0,1
LBY,2022,Libya,LY,"Middle East, North Africa, Afghanistan & Pakistan",Upper middle income,1,30.0,30.0,30.0,0.0,1,0.0,30.0,,,30.0,1
LBY,2023,Libya,LY,"Middle East, North Africa, Afghanistan & Pakistan",Upper middle income,1,30.0,30.0,30.0,0.0,1,0.0,30.0,,,30.0,1
LBY,2024,Libya,LY,"Middle East, North Africa, Afghanistan & Pakistan",Upper middle income,1,30.0,30.0,30.0,0.0,1,0.0,30.0,,,30.0,1
LBY,2025,Libya,LY,"Middle East, North Africa, Afghanistan & Pakistan",Upper middle income,1,30.0,30.0,30.0,0.0,1,0.0,30.0,,,30.0,1
LIE,2000,Liechtenstein,LI,Europe & Central Asia,High income,1,100.0,100.0,100.0,0.0,1,0.0,,,100.0,100.0,1
LIE,2001,Liechtenstein,LI,Europe & Central Asia,High income,1,100.0,100.0,100.0,0.0,1,0.0,,,100.0,100.0,1
LIE,2002,Liechtenstein,LI,Europe & Central Asia,High income,1,100.0,100.0,100.0,0.0,1,0.0,,,100.0,100.0,1
LIE,2003,Liechtenstein,LI,Europe & Central Asia,High income,1,100.0,100.0,100.0,0.0,1,0.0,,,100.0,100.0,1
LIE,2004,Liechtenstein,LI,Europe & Central Asia,High income,1,100.0,100.0,100.0,0.0,1,0.0,,,100.0,100.0,1
LIE,2005,Liechtenstein,LI,Europe & Central Asia,High income,1,100.0,100.0,100.0,0.0,1,0.0,,,100.0,100.0,1
LIE,2006,Liechtenstein,LI,Europe & Central Asia,High income,1,100.0,100.0,100.0,0.0,1,0.0,,,100.0,100.0,1
LIE,2007,Liechtenstein,LI,Europe & Central Asia,High income,1,100.0,100.0,100.0,0.0,1,0.0,,,100.0,100.0,1
LIE,2008,Liechtenstein,LI,Europe & Central Asia,High income,1,100.0,100.0,100.0,0.0,1,0.0,,,100.0,100.0,1
LIE,2009,Liechtenstein,LI,Europe & Central Asia,High income,1,100.0,100.0,100.0,0.0,1,0.0,,,100.0,100.0,1
LIE,2010,Liechtenstein,LI,Europe & Central Asia,High income,1,100.0,100.0,100.0,0.0,1,0.0,,,100.0,100.0,1
LIE,2011,Liechtenstein,LI,Europe & Central Asia,High income,1,100.0,100.0,100.0,0.0,1,0.0,,,100.0,100.0,1
LIE,2012,Liechtenstein,LI,Europe & Central Asia,High income,1,100.0,100.0,100.0,0.0,1,0.0,,,100.0,100.0,1
LIE,2013,Liechtenstein,LI,Europe & Central Asia,High income,1,100.0,100.0,100.0,0.0,1,0.0,,,100.0,100.0,1
LIE,2014,Liechtenstein,LI,Europe & Central Asia,High income,1,100.0,100.0,100.0,0.0,1,0.0,,,100.0,100.0,1
LIE,2015,Liechtenstein,LI,Europe & Central Asia,High income,1,100.0,100.0,100.0,0.0,1,0.0,,,100.0,100.0,1
LIE,2016,Liechtenstein,LI,Europe & Central Asia,High income,1,100.0,100.0,100.0,0.0,1,0.0,,,100.0,100.0,1
LIE,2017,Liechtenstein,LI,Europe & Central Asia,High income,1,100.0,100.0,100.0,0.0,1,0.0,,,100.0,100.0,1
LIE,2018,Liechtenstein,LI,Europe & Central Asia,High income,1,100.0,100.0,100.0,0.0,1,0.0,,,100.0,100.0,1
LIE,2019,Liechtenstein,LI,Europe & Central Asia,High income,1,100.0,100.0,100.0,0.0,1,0.0,,,100.0,100.0,1
LIE,2020,Liechtenstein,LI,Europe & Central Asia,High income,1,100.0,100.0,100.0,0.0,1,0.0,,,100.0,100.0,1
LIE,2021,Liechtenstein,LI,Europe & Central Asia,High income,1,100.0,100.0,100.0,0.0,1,0.0,,,100.0,100.0,1
LIE,2022,Liechtenstein,LI,Europe & Central Asia,High income,1,100.0,100.0,100.0,0.0,1,0.0,,,100.0,100.0,1
LIE,2023,Liechtenstein,LI,Europe & Central Asia,High income,1,100.0,100.0,100.0,0.0,1,0.0,,,100.0,100.0,1
LIE,2024,Liechtenstein,LI,Europe & Central Asia,High income,1,100.0,100.0,100.0,0.0,1,0.0,,,100.0,100.0,1
LIE,2025,Liechtenstein,LI,Europe & Central Asia,High income,1,100.0,100.0,100.0,0.0,1,0.0,,,100.0,100.0,1
LKA,2000,Sri Lanka,LK,South Asia,Upper middle income,0,,,,,0,,,,,,0
LKA,2001,Sri Lanka,LK,South Asia,Upper middle income,0,,,,,0,,,,,,0
LKA,2002,Sri Lanka,LK,South Asia,Upper middle income,0,,,,,0,,,,,,0
LKA,2003,Sri Lanka,LK,South Asia,Upper middle income,0,,,,,0,,,,,,0
LKA,2004,Sri Lanka,LK,South Asia,Upper middle income,0,,,,,0,,,,,,0
LKA,2005,Sri Lanka,LK,South Asia,Upper middle income,1,40.0,40.0,40.0,0.0,1,0.0,40.0,,,40.0,1
LKA,2006,Sri Lanka,LK,South Asia,Upper middle income,1,40.0,40.0,40.0,0.0,1,0.0,40.0,,,40.0,1
LKA,2007,Sri Lanka,LK,South Asia,Upper middle income,2,57.5,40.0,75.0,24.748737341529164,1,35.0,40.0,,75.0,57.5,2
LKA,2008,Sri Lanka,LK,South Asia,Upper middle income,2,55.0,35.0,75.0,28.284271247461902,1,40.0,35.0,,75.0,55.0,2
LKA,2009,Sri Lanka,LK,South Asia,Upper middle income,2,55.0,35.0,75.0,28.284271247461902,1,40.0,35.0,,75.0,55.0,2
LKA,2010,Sri Lanka,LK,South Asia,Upper middle income,3,35.0,35.0,35.0,0.0,1,0.0,35.0,35.0,35.0,35.0,3
LKA,2011,Sri Lanka,LK,South Asia,Upper middle income,3,36.666666666666664,35.0,40.0,2.886751345948128,1,5.0,40.0,35.0,35.0,36.666666666666664,3
LKA,2012,Sri Lanka,LK,South Asia,Upper middle income,3,36.666666666666664,35.0,40.0,2.886751345948128,1,5.0,40.0,35.0,35.0,36.666666666666664,3
LKA,2013,Sri Lanka,LK,South Asia,Upper middle income,3,36.666666666666664,35.0,40.0,2.886751345948128,1,5.0,40.0,35.0,35.0,36.666666666666664,3
LKA,2014,Sri Lanka,LK,South Asia,Upper middle income,3,36.666666666666664,35.0,40.0,2.886751345948128,1,5.0,40.0,35.0,35.0,36.666666666666664,3
LKA,2015,Sri Lanka,LK,South Asia,Upper middle income,3,36.666666666666664,35.0,40.0,2.886751345948128,1,5.0,40.0,35.0,35.0,36.666666666666664,3
LKA,2016,Sri Lanka,LK,South Asia,Upper middle income,3,35.0,35.0,35.0,0.0,1,0.0,35.0,35.0,35.0,35.0,3
LKA,2017,Sri Lanka,LK,South Asia,Upper middle income,3,35.0,35.0,35.0,0.0,1,0.0,35.0,35.0,35.0,35.0,3
LKA,2018,Sri Lanka,LK,South Asia,Upper middle income,3,30.0,30.0,30.0,0.0,1,0.0,30.0,30.0,30.0,30.0,3
LKA,2019,Sri Lanka,LK,South Asia,Upper middle income,3,30.0,30.0,30.0,0.0,1,0.0,30.0,30.0,30.0,30.0,3
LKA,2020,Sri Lanka,LK,South Asia,Upper middle income,3,18.333333333333332,15.0,20.0,2.886751345948129,1,5.0,15.0,20.0,20.0,18.333333333333332,3
LKA,2021,Sri Lanka,LK,South Asia,Upper middle income,3,13.333333333333334,5.0,20.0,7.637626158259733,1,15.0,5.0,15.0,20.0,13.333333333333334,3
LKA,2022,Sri Lanka,LK,South Asia,Upper middle income,3,1.6666666666666667,0.0,5.0,2.8867513459481287,1,5.0,0.0,5.0,0.0,1.6666666666666667,3
LKA,2023,Sri Lanka,LK,South Asia,Upper middle income,3,1.6666666666666667,0.0,5.0,2.8867513459481287,1,5.0,0.0,5.0,0.0,1.6666666666666667,3
LKA,2024,Sri Lanka,LK,South Asia,Upper middle income,3,6.666666666666667,0.0,20.0,11.547005383792515,1,20.0,0.0,20.0,0.0,6.666666666666667,3
LKA,2025,Sri Lanka,LK,South Asia,Upper middle income,3,13.333333333333334,0.0,20.0,11.547005383792515,1,20.0,0.0,20.0,20.0,13.333333333333334,3
LSO,2000,Lesotho,LS,Sub-Saharan Africa,Lower middle income,0,,,,,0,,,,,,0
LSO,2001,Lesotho,LS,Sub-Saharan Africa,Lower middle income,0,,,,,0,,,,,,0
LSO,2002,Lesotho,LS,Sub-Saharan Africa,Lower middle income,1,35.0,35.0,35.0,0.0,1,0.0,35.0,,,35.0,1
LSO,2003,Lesotho,LS,Sub-Saharan Africa,Lower middle income,1,35.0,35.0,35.0,0.0,1,0.0,35.0,,,35.0,1
LSO,2004,Lesotho,LS,Sub-Saharan Africa,Lower middle income,1,40.0,40.0,40.0,0.0,1,0.0,40.0,,,40.0,1
LSO,2005,Lesotho,LS,Sub-Saharan Africa,Lower middle income,1,40.0,40.0,40.0,0.0,1,0.0,40.0,,,40.0,1
LSO,2006,Lesotho,LS,Sub-Saharan Africa,Lower middle income,1,40.0,40.0,40.0,0.0,1,0.0,40.0,,,40.0,1
LSO,2007,Lesotho,LS,Sub-Saharan Africa,Lower middle income,1,40.0,40.0,40.0,0.0,1,0.0,40.0,,,40.0,1
LSO,2008,Lesotho,LS,Sub-Saharan Africa,Lower middle income,1,40.0,40.0,40.0,0.0,1,0.0,40.0,,,40.0,1
LSO,2009,Lesotho,LS,Sub-Saharan Africa,Lower middle income,1,40.0,40.0,40.0,0.0,1,0.0,40.0,,,40.0,1
LSO,2010,Lesotho,LS,Sub-Saharan Africa,Lower middle income,1,40.0,40.0,40.0,0.0,1,0.0,40.0,,,40.0,1
LSO,2011,Lesotho,LS,Sub-Saharan Africa,Lower middle income,1,40.0,40.0,40.0,0.0,1,0.0,40.0,,,40.0,1
LSO,2012,Lesotho,LS,Sub-Saharan Africa,Lower middle income,1,40.0,40.0,40.0,0.0,1,0.0,40.0,,,40.0,1
LSO,2013,Lesotho,LS,Sub-Saharan Africa,Lower middle income,1,40.0,40.0,40.0,0.0,1,0.0,40.0,,,40.0,1
LSO,2014,Lesotho,LS,Sub-Saharan Africa,Lower middle income,1,40.0,40.0,40.0,0.0,1,0.0,40.0,,,40.0,1
LSO,2015,Lesotho,LS,Sub-Saharan Africa,Lower middle income,1,40.0,40.0,40.0,0.0,1,0.0,40.0,,,40.0,1
LSO,2016,Lesotho,LS,Sub-Saharan Africa,Lower middle income,1,35.0,35.0,35.0,0.0,1,0.0,35.0,,,35.0,1
LSO,2017,Lesotho,LS,Sub-Saharan Africa,Lower middle income,1,35.0,35.0,35.0,0.0,1,0.0,35.0,,,35.0,1
LSO,2018,Lesotho,LS,Sub-Saharan Africa,Lower middle income,1,35.0,35.0,35.0,0.0,1,0.0,35.0,,,35.0,1
LSO,2019,Lesotho,LS,Sub-Saharan Africa,Lower middle income,1,30.0,30.0,30.0,0.0,1,0.0,30.0,,,30.0,1
LSO,2020,Lesotho,LS,Sub-Saharan Africa,Lower middle income,1,30.0,30.0,30.0,0.0,1,0.0,30.0,,,30.0,1
LSO,2021,Lesotho,LS,Sub-Saharan Africa,Lower middle income,1,30.0,30.0,30.0,0.0,1,0.0,30.0,,,30.0,1
LSO,2022,Lesotho,LS,Sub-Saharan Africa,Lower middle income,1,30.0,30.0,30.0,0.0,1,0.0,30.0,,,30.0,1
LSO,2023,Lesotho,LS,Sub-Saharan Africa,Lower middle income,1,30.0,30.0,30.0,0.0,1,0.0,30.0,,,30.0,1
LSO,2024,Lesotho,LS,Sub-Saharan Africa,Lower middle income,1,30.0,30.0,30.0,0.0,1,0.0,30.0,,,30.0,1
LSO,2025,Lesotho,LS,Sub-Saharan Africa,Lower middle income,1,30.0,30.0,30.0,0.0,1,0.0,30.0,,,30.0,1
LTU,2000,Lithuania,LT,Europe & Central Asia,High income,2,50.0,50.0,50.0,0.0,1,0.0,50.0,50.0,,50.0,2
LTU,2001,Lithuania,LT,Europe & Central Asia,High income,2,52.5,50.0,55.0,3.5355339059327378,1,5.0,55.0,50.0,,52.5,2
LTU,2002,Lithuania,LT,Europe & Central Asia,High income,2,62.5,60.0,65.0,3.5355339059327378,1,5.0,60.0,65.0,,62.5,2
LTU,2003,Lithuania,LT,Europe & Central Asia,High income,2,65.0,60.0,70.0,7.0710678118654755,1,10.0,60.0,70.0,,65.0,2
LTU,2004,Lithuania,LT,Europe & Central Asia,High income,2,70.0,70.0,70.0,0.0,1,0.0,70.0,70.0,,70.0,2
LTU,2005,Lithuania,LT,Europe & Central Asia,High income,2,70.0,70.0,70.0,0.0,1,0.0,70.0,70.0,,70.0,2
LTU,2006,Lithuania,LT,Europe & Central Asia,High income,2,75.0,75.0,75.0,0.0,1,0.0,75.0,75.0,,75.0,2
LTU,2007,Lithuania,LT,Europe & Central Asia,High income,2,75.0,75.0,75.0,0.0,1,0.0,75.0,75.0,,75.0,2
LTU,2008,Lithuania,LT,Europe & Central Asia,High income,2,70.0,65.0,75.0,7.0710678118654755,1,10.0,65.0,75.0,,70.0,2
LTU,2009,Lithuania,LT,Europe & Central Asia,High income,3,61.666666666666664,60.0,65.0,2.886751345948128,1,5.0,60.0,65.0,60.0,61.666666666666664,3
LTU,2010,Lithuania,LT,Europe & Central Asia,High income,3,61.666666666666664,60.0,65.0,2.886751345948128,1,5.0,60.0,65.0,60.0,61.666666666666664,3
LTU,2011,Lithuania,LT,Europe & Central Asia,High income,3,61.666666666666664,60.0,65.0,2.886751345948128,1,5.0,60.0,65.0,60.0,61.666666666666664,3
LTU,2012,Lithuania,LT,Europe & Central Asia,High income,3,61.666666666666664,60.0,65.0,2.886751345948128,1,5.0,60.0,65.0,60.0,61.666666666666664,3
LTU,2013,Lithuania,LT,Europe & Central Asia,High income,3,63.333333333333336,60.0,65.0,2.88675134594813,1,5.0,65.0,65.0,60.0,63.333333333333336,3
LTU,2014,Lithuania,LT,Europe & Central Asia,High income,3,68.33333333333333,65.0,70.0,2.88675134594813,1,5.0,70.0,65.0,70.0,68.33333333333333,3
LTU,2015,Lithuania,LT,Europe & Central Asia,High income,3,70.0,70.0,70.0,0.0,1,0.0,70.0,70.0,70.0,70.0,3
LTU,2016,Lithuania,LT,Europe & Central Asia,High income,3,70.0,70.0,70.0,0.0,1,0.0,70.0,70.0,70.0,70.0,3
LTU,2017,Lithuania,LT,Europe & Central Asia,High income,3,70.0,70.0,70.0,0.0,1,0.0,70.0,70.0,70.0,70.0,3
LTU,2018,Lithuania,LT,Europe & Central Asia,High income,3,71.66666666666667,70.0,75.0,2.886751345948127,1,5.0,70.0,70.0,75.0,71.66666666666667,3
LTU,2019,Lithuania,LT,Europe & Central Asia,High income,3,71.66666666666667,70.0,75.0,2.886751345948127,1,5.0,70.0,70.0,75.0,71.66666666666667,3
LTU,2020,Lithuania,LT,Europe & Central Asia,High income,3,75.0,70.0,80.0,5.0,1,10.0,75.0,70.0,80.0,75.0,3
LTU,2021,Lithuania,LT,Europe & Central Asia,High income,3,76.66666666666667,75.0,80.0,2.886751345948127,1,5.0,75.0,75.0,80.0,76.66666666666667,3
LTU,2022,Lithuania,LT,Europe & Central Asia,High income,3,76.66666666666667,75.0,80.0,2.886751345948127,1,5.0,75.0,75.0,80.0,76.66666666666667,3
LTU,2023,Lithuania,LT,Europe & Central Asia,High income,3,76.66666666666667,75.0,80.0,2.886751345948127,1,5.0,75.0,75.0,80.0,76.66666666666667,3
LTU,2024,Lithuania,LT,Europe & Central Asia,High income,3,75.0,75.0,75.0,0.0,1,0.0,75.0,75.0,75.0,75.0,3
LTU,2025,Lithuania,LT,Europe & Central Asia,High income,3,75.0,75.0,75.0,0.0,1,0.0,75.0,75.0,75.0,75.0,3
LUX,2000,Luxembourg,LU,Europe & Central Asia,High income,3,100.0,100.0,100.0,0.0,1,0.0,100.0,100.0,100.0,100.0,3
LUX,2001,Luxembourg,LU,Europe & Central Asia,High income,3,100.0,100.0,100.0,0.0,1,0.0,100.0,100.0,100.0,100.0,3
LUX,2002,Luxembourg,LU,Europe & Central Asia,High income,3,100.0,100.0,100.0,0.0,1,0.0,100.0,100.0,100.0,100.0,3
LUX,2003,Luxembourg,LU,Europe & Central Asia,High income,3,100.0,100.0,100.0,0.0,1,0.0,100.0,100.0,100.0,100.0,3
LUX,2004,Luxembourg,LU,Europe & Central Asia,High income,3,100.0,100.0,100.0,0.0,1,0.0,100.0,100.0,100.0,100.0,3
LUX,2005,Luxembourg,LU,Europe & Central Asia,High income,3,100.0,100.0,100.0,0.0,1,0.0,100.0,100.0,100.0,100.0,3
LUX,2006,Luxembourg,LU,Europe & Central Asia,High income,3,100.0,100.0,100.0,0.0,1,0.0,100.0,100.0,100.0,100.0,3
LUX,2007,Luxembourg,LU,Europe & Central Asia,High income,3,100.0,100.0,100.0,0.0,1,0.0,100.0,100.0,100.0,100.0,3
LUX,2008,Luxembourg,LU,Europe & Central Asia,High income,3,100.0,100.0,100.0,0.0,1,0.0,100.0,100.0,100.0,100.0,3
LUX,2009,Luxembourg,LU,Europe & Central Asia,High income,3,100.0,100.0,100.0,0.0,1,0.0,100.0,100.0,100.0,100.0,3
LUX,2010,Luxembourg,LU,Europe & Central Asia,High income,3,100.0,100.0,100.0,0.0,1,0.0,100.0,100.0,100.0,100.0,3
LUX,2011,Luxembourg,LU,Europe & Central Asia,High income,3,100.0,100.0,100.0,0.0,1,0.0,100.0,100.0,100.0,100.0,3
LUX,2012,Luxembourg,LU,Europe & Central Asia,High income,3,100.0,100.0,100.0,0.0,1,0.0,100.0,100.0,100.0,100.0,3
LUX,2013,Luxembourg,LU,Europe & Central Asia,High income,3,100.0,100.0,100.0,0.0,1,0.0,100.0,100.0,100.0,100.0,3
LUX,2014,Luxembourg,LU,Europe & Central Asia,High income,3,100.0,100.0,100.0,0.0,1,0.0,100.0,100.0,100.0,100.0,3
LUX,2015,Luxembourg,LU,Europe & Central Asia,High income,3,100.0,100.0,100.0,0.0,1,0.0,100.0,100.0,100.0,100.0,3
LUX,2016,Luxembourg,LU,Europe & Central Asia,High income,3,100.0,100.0,100.0,0.0,1,0.0,100.0,100.0,100.0,100.0,3
LUX,2017,Luxembourg,LU,Europe & Central Asia,High income,3,100.0,100.0,100.0,0.0,1,0.0,100.0,100.0,100.0,100.0,3
LUX,2018,Luxembourg,LU,Europe & Central Asia,High income,3,100.0,100.0,100.0,0.0,1,0.0,100.0,100.0,100.0,100.0,3
LUX,2019,Luxembourg,LU,Europe & Central Asia,High income,3,100.0,100.0,100.0,0.0,1,0.0,100.0,100.0,100.0,100.0,3
LUX,2020,Luxembourg,LU,Europe & Central Asia,High income,3,100.0,100.0,100.0,0.0,1,0.0,100.0,100.0,100.0,100.0,3
LUX,2021,Luxembourg,LU,Europe & Central Asia,High income,3,100.0,100.0,100.0,0.0,1,0.0,100.0,100.0,100.0,100.0,3
LUX,2022,Luxembourg,LU,Europe & Central Asia,High income,3,100.0,100.0,100.0,0.0,1,0.0,100.0,100.0,100.0,100.0,3
LUX,2023,Luxembourg,LU,Europe & Central Asia,High income,3,100.0,100.0,100.0,0.0,1,0.0,100.0,100.0,100.0,100.0,3
LUX,2024,Luxembourg,LU,Europe & Central Asia,High income,3,100.0,100.0,100.0,0.0,1,0.0,100.0,100.0,100.0,100.0,3
LUX,2025,Luxembourg,LU,Europe & Central Asia,High income,3,100.0,100.0,100.0,0.0,1,0.0,100.0,100.0,100.0,100.0,3
LVA,2000,Latvia,LV,Europe & Central Asia,High income,2,60.0,60.0,60.0,0.0,1,0.0,60.0,60.0,,60.0,2
LVA,2001,Latvia,LV,Europe & Central Asia,High income,2,60.0,60.0,60.0,0.0,1,0.0,60.0,60.0,,60.0,2
LVA,2002,Latvia,LV,Europe & Central Asia,High income,2,67.5,60.0,75.0,10.606601717798213,1,15.0,60.0,75.0,,67.5,2
LVA,2003,Latvia,LV,Europe & Central Asia,High income,2,70.0,65.0,75.0,7.0710678118654755,1,10.0,65.0,75.0,,70.0,2
LVA,2004,Latvia,LV,Europe & Central Asia,High income,2,72.5,70.0,75.0,3.5355339059327378,1,5.0,70.0,75.0,,72.5,2
LVA,2005,Latvia,LV,Europe & Central Asia,High income,2,72.5,70.0,75.0,3.5355339059327378,1,5.0,70.0,75.0,,72.5,2
LVA,2006,Latvia,LV,Europe & Central Asia,High income,2,72.5,70.0,75.0,3.5355339059327378,1,5.0,70.0,75.0,,72.5,2
LVA,2007,Latvia,LV,Europe & Central Asia,High income,2,70.0,65.0,75.0,7.0710678118654755,1,10.0,65.0,75.0,,70.0,2
LVA,2008,Latvia,LV,Europe & Central Asia,High income,2,62.5,55.0,70.0,10.606601717798213,1,15.0,55.0,70.0,,62.5,2
LVA,2009,Latvia,LV,Europe & Central Asia,High income,2,52.5,50.0,55.0,3.5355339059327378,1,5.0,50.0,55.0,,52.5,2
LVA,2010,Latvia,LV,Europe & Central Asia,High income,3,51.666666666666664,50.0,55.0,2.886751345948128,1,5.0,50.0,55.0,50.0,51.666666666666664,3
LVA,2011,Latvia,LV,Europe & Central Asia,High income,3,53.333333333333336,50.0,55.0,2.88675134594813,1,5.0,55.0,55.0,50.0,53.333333333333336,3
LVA,2012,Latvia,LV,Europe & Central Asia,High income,3,56.666666666666664,55.0,60.0,2.88675134594813,1,5.0,55.0,55.0,60.0,56.666666666666664,3
LVA,2013,Latvia,LV,Europe & Central Asia,High income,3,63.333333333333336,60.0,65.0,2.886751345948128,1,5.0,65.0,60.0,65.0,63.333333333333336,3
LVA,2014,Latvia,LV,Europe & Central Asia,High income,3,68.33333333333333,65.0,70.0,2.88675134594813,1,5.0,70.0,65.0,70.0,68.33333333333333,3
LVA,2015,Latvia,LV,Europe & Central Asia,High income,3,70.0,70.0,70.0,0.0,1,0.0,70.0,70.0,70.0,70.0,3
LVA,2016,Latvia,LV,Europe & Central Asia,High income,3,70.0,70.0,70.0,0.0,1,0.0,70.0,70.0,70.0,70.0,3
LVA,2017,Latvia,LV,Europe & Central Asia,High income,3,70.0,70.0,70.0,0.0,1,0.0,70.0,70.0,70.0,70.0,3
LVA,2018,Latvia,LV,Europe & Central Asia,High income,3,71.66666666666667,70.0,75.0,2.886751345948127,1,5.0,70.0,70.0,75.0,71.66666666666667,3
LVA,2019,Latvia,LV,Europe & Central Asia,High income,3,71.66666666666667,70.0,75.0,2.886751345948127,1,5.0,70.0,70.0,75.0,71.66666666666667,3
LVA,2020,Latvia,LV,Europe & Central Asia,High income,3,73.33333333333333,70.0,80.0,5.77350269189626,1,10.0,70.0,70.0,80.0,73.33333333333333,3
LVA,2021,Latvia,LV,Europe & Central Asia,High income,3,73.33333333333333,70.0,80.0,5.77350269189626,1,10.0,70.0,70.0,80.0,73.33333333333333,3
LVA,2022,Latvia,LV,Europe & Central Asia,High income,3,73.33333333333333,70.0,80.0,5.77350269189626,1,10.0,70.0,70.0,80.0,73.33333333333333,3
LVA,2023,Latvia,LV,Europe & Central Asia,High income,3,73.33333333333333,70.0,80.0,5.77350269189626,1,10.0,70.0,70.0,80.0,73.33333333333333,3
LVA,2024,Latvia,LV,Europe & Central Asia,High income,3,71.66666666666667,70.0,75.0,2.886751345948127,1,5.0,70.0,70.0,75.0,71.66666666666667,3
LVA,2025,Latvia,LV,Europe & Central Asia,High income,3,71.66666666666667,70.0,75.0,2.886751345948127,1,5.0,70.0,70.0,75.0,71.66666666666667,3
MAC,2000,"Macao SAR, China",MO,East Asia & Pacific,High income,1,65.0,65.0,65.0,0.0,1,0.0,,65.0,,65.0,1
MAC,2001,"Macao SAR, China",MO,East Asia & Pacific,High income,1,65.0,65.0,65.0,0.0,1,0.0,,65.0,,65.0,1
MAC,2002,"Macao SAR, China",MO,East Asia & Pacific,High income,1,65.0,65.0,65.0,0.0,1,0.0,,65.0,,65.0,1
MAC,2003,"Macao SAR, China",MO,East Asia & Pacific,High income,1,80.0,80.0,80.0,0.0,1,0.0,,80.0,,80.0,1
MAC,2004,"Macao SAR, China",MO,East Asia & Pacific,High income,1,80.0,80.0,80.0,0.0,1,0.0,,80.0,,80.0,1
MAC,2005,"Macao SAR, China",MO,East Asia & Pacific,High income,1,80.0,80.0,80.0,0.0,1,0.0,,80.0,,80.0,1
MAC,2006,"Macao SAR, China",MO,East Asia & Pacific,High income,1,80.0,80.0,80.0,0.0,1,0.0,,80.0,,80.0,1
MAC,2007,"Macao SAR, China",MO,East Asia & Pacific,High income,1,85.0,85.0,85.0,0.0,1,0.0,,85.0,,85.0,1
MAC,2008,"Macao SAR, China",MO,East Asia & Pacific,High income,1,85.0,85.0,85.0,0.0,1,0.0,,85.0,,85.0,1
MAC,2009,"Macao SAR, China",MO,East Asia & Pacific,High income,1,85.0,85.0,85.0,0.0,1,0.0,,85.0,,85.0,1
MAC,2010,"Macao SAR, China",MO,East Asia & Pacific,High income,1,85.0,85.0,85.0,0.0,1,0.0,,85.0,,85.0,1
MAC,2011,"Macao SAR, China",MO,East Asia & Pacific,High income,1,85.0,85.0,85.0,0.0,1,0.0,,85.0,,85.0,1
MAC,2012,"Macao SAR, China",MO,East Asia & Pacific,High income,1,85.0,85.0,85.0,0.0,1,0.0,,85.0,,85.0,1
MAC,2013,"Macao SAR, China",MO,East Asia & Pacific,High income,1,85.0,85.0,85.0,0.0,1,0.0,,85.0,,85.0,1
MAC,2014,"Macao SAR, China",MO,East Asia & Pacific,High income,1,90.0,90.0,90.0,0.0,1,0.0,,90.0,,90.0,1
MAC,2015,"Macao SAR, China",MO,East Asia & Pacific,High income,1,90.0,90.0,90.0,0.0,1,0.0,,90.0,,90.0,1
MAC,2016,"Macao SAR, China",MO,East Asia & Pacific,High income,1,85.0,85.0,85.0,0.0,1,0.0,,85.0,,85.0,1
MAC,2017,"Macao SAR, China",MO,East Asia & Pacific,High income,1,85.0,85.0,85.0,0.0,1,0.0,,85.0,,85.0,1
MAC,2018,"Macao SAR, China",MO,East Asia & Pacific,High income,1,85.0,85.0,85.0,0.0,1,0.0,,85.0,,85.0,1
MAC,2019,"Macao SAR, China",MO,East Asia & Pacific,High income,1,85.0,85.0,85.0,0.0,1,0.0,,85.0,,85.0,1
MAC,2020,"Macao SAR, China",MO,East Asia & Pacific,High income,1,85.0,85.0,85.0,0.0,1,0.0,,85.0,,85.0,1
MAC,2021,"Macao SAR, China",MO,East Asia & Pacific,High income,1,85.0,85.0,85.0,0.0,1,0.0,,85.0,,85.0,1
MAC,2022,"Macao SAR, China",MO,East Asia & Pacific,High income,1,85.0,85.0,85.0,0.0,1,0.0,,85.0,,85.0,1
MAC,2023,"Macao SAR, China",MO,East Asia & Pacific,High income,1,85.0,85.0,85.0,0.0,1,0.0,,85.0,,85.0,1
MAC,2024,"Macao SAR, China",MO,East Asia & Pacific,High income,1,85.0,85.0,85.0,0.0,1,0.0,,85.0,,85.0,1
MAC,2025,"Macao SAR, China",MO,East Asia & Pacific,High income,1,85.0,85.0,85.0,0.0,1,0.0,,85.0,,85.0,1
MAR,2000,Morocco,MA,"Middle East, North Africa, Afghanistan & Pakistan",Lower middle income,1,50.0,50.0,50.0,0.0,1,0.0,,50.0,,50.0,1
MAR,2001,Morocco,MA,"Middle East, North Africa, Afghanistan & Pakistan",Lower middle income,1,50.0,50.0,50.0,0.0,1,0.0,,50.0,,50.0,1
MAR,2002,Morocco,MA,"Middle East, North Africa, Afghanistan & Pakistan",Lower middle income,1,50.0,50.0,50.0,0.0,1,0.0,,50.0,,50.0,1
MAR,2003,Morocco,MA,"Middle East, North Africa, Afghanistan & Pakistan",Lower middle income,1,50.0,50.0,50.0,0.0,1,0.0,,50.0,,50.0,1
MAR,2004,Morocco,MA,"Middle East, North Africa, Afghanistan & Pakistan",Lower middle income,1,50.0,50.0,50.0,0.0,1,0.0,,50.0,,50.0,1
MAR,2005,Morocco,MA,"Middle East, North Africa, Afghanistan & Pakistan",Lower middle income,1,50.0,50.0,50.0,0.0,1,0.0,,50.0,,50.0,1
MAR,2006,Morocco,MA,"Middle East, North Africa, Afghanistan & Pakistan",Lower middle income,1,50.0,50.0,50.0,0.0,1,0.0,,50.0,,50.0,1
MAR,2007,Morocco,MA,"Middle East, North Africa, Afghanistan & Pakistan",Lower middle income,2,52.5,50.0,55.0,3.5355339059327378,1,5.0,55.0,50.0,,52.5,2
MAR,2008,Morocco,MA,"Middle East, North Africa, Afghanistan & Pakistan",Lower middle income,2,52.5,50.0,55.0,3.5355339059327378,1,5.0,55.0,50.0,,52.5,2
MAR,2009,Morocco,MA,"Middle East, North Africa, Afghanistan & Pakistan",Lower middle income,2,52.5,50.0,55.0,3.5355339059327378,1,5.0,55.0,50.0,,52.5,2
MAR,2010,Morocco,MA,"Middle East, North Africa, Afghanistan & Pakistan",Lower middle income,3,53.333333333333336,50.0,55.0,2.886751345948128,1,5.0,55.0,50.0,55.0,53.333333333333336,3
MAR,2011,Morocco,MA,"Middle East, North Africa, Afghanistan & Pakistan",Lower middle income,3,53.333333333333336,50.0,55.0,2.886751345948128,1,5.0,55.0,50.0,55.0,53.333333333333336,3
MAR,2012,Morocco,MA,"Middle East, North Africa, Afghanistan & Pakistan",Lower middle income,3,53.333333333333336,50.0,55.0,2.886751345948128,1,5.0,55.0,50.0,55.0,53.333333333333336,3
MAR,2013,Morocco,MA,"Middle East, North Africa, Afghanistan & Pakistan",Lower middle income,3,53.333333333333336,50.0,55.0,2.886751345948128,1,5.0,55.0,50.0,55.0,53.333333333333336,3
MAR,2014,Morocco,MA,"Middle East, North Africa, Afghanistan & Pakistan",Lower middle income,3,53.333333333333336,50.0,55.0,2.886751345948128,1,5.0,55.0,50.0,55.0,53.333333333333336,3
MAR,2015,Morocco,MA,"Middle East, North Africa, Afghanistan & Pakistan",Lower middle income,3,53.333333333333336,50.0,55.0,2.886751345948128,1,5.0,55.0,50.0,55.0,53.333333333333336,3
MAR,2016,Morocco,MA,"Middle East, North Africa, Afghanistan & Pakistan",Lower middle income,3,53.333333333333336,50.0,55.0,2.886751345948128,1,5.0,55.0,50.0,55.0,53.333333333333336,3
MAR,2017,Morocco,MA,"Middle East, North Africa, Afghanistan & Pakistan",Lower middle income,3,53.333333333333336,50.0,55.0,2.886751345948128,1,5.0,55.0,50.0,55.0,53.333333333333336,3
MAR,2018,Morocco,MA,"Middle East, North Africa, Afghanistan & Pakistan",Lower middle income,3,53.333333333333336,50.0,55.0,2.886751345948128,1,5.0,55.0,50.0,55.0,53.333333333333336,3
MAR,2019,Morocco,MA,"Middle East, North Africa, Afghanistan & Pakistan",Lower middle income,3,53.333333333333336,50.0,55.0,2.886751345948128,1,5.0,55.0,50.0,55.0,53.333333333333336,3
MAR,2020,Morocco,MA,"Middle East, North Africa, Afghanistan & Pakistan",Lower middle income,3,51.666666666666664,50.0,55.0,2.88675134594813,1,5.0,50.0,50.0,55.0,51.666666666666664,3
MAR,2021,Morocco,MA,"Middle East, North Africa, Afghanistan & Pakistan",Lower middle income,3,50.0,50.0,50.0,0.0,1,0.0,50.0,50.0,50.0,50.0,3
MAR,2022,Morocco,MA,"Middle East, North Africa, Afghanistan & Pakistan",Lower middle income,3,50.0,50.0,50.0,0.0,1,0.0,50.0,50.0,50.0,50.0,3
MAR,2023,Morocco,MA,"Middle East, North Africa, Afghanistan & Pakistan",Lower middle income,3,50.0,50.0,50.0,0.0,1,0.0,50.0,50.0,50.0,50.0,3
MAR,2024,Morocco,MA,"Middle East, North Africa, Afghanistan & Pakistan",Lower middle income,3,50.0,50.0,50.0,0.0,1,0.0,50.0,50.0,50.0,50.0,3
MAR,2025,Morocco,MA,"Middle East, North Africa, Afghanistan & Pakistan",Lower middle income,3,50.0,50.0,50.0,0.0,1,0.0,50.0,50.0,50.0,50.0,3
MDA,2000,Moldova,MD,Europe & Central Asia,Upper middle income,2,25.0,25.0,25.0,0.0,1,0.0,25.0,25.0,,25.0,2
MDA,2001,Moldova,MD,Europe & Central Asia,Upper middle income,2,12.5,5.0,20.0,10.606601717798213,1,15.0,5.0,20.0,,12.5,2
MDA,2002,Moldova,MD,Europe & Central Asia,Upper middle income,2,5.0,5.0,5.0,0.0,1,0.0,5.0,5.0,,5.0,2
MDA,2003,Moldova,MD,Europe & Central Asia,Upper middle income,2,22.5,20.0,25.0,3.5355339059327378,1,5.0,25.0,20.0,,22.5,2
MDA,2004,Moldova,MD,Europe & Central Asia,Upper middle income,2,22.5,20.0,25.0,3.5355339059327378,1,5.0,25.0,20.0,,22.5,2
MDA,2005,Moldova,MD,Europe & Central Asia,Upper middle income,2,22.5,20.0,25.0,3.5355339059327378,1,5.0,25.0,20.0,,22.5,2
MDA,2006,Moldova,MD,Europe & Central Asia,Upper middle income,2,22.5,20.0,25.0,3.5355339059327378,1,5.0,25.0,20.0,,22.5,2
MDA,2007,Moldova,MD,Europe & Central Asia,Upper middle income,2,22.5,20.0,25.0,3.5355339059327378,1,5.0,25.0,20.0,,22.5,2
MDA,2008,Moldova,MD,Europe & Central Asia,Upper middle income,2,22.5,20.0,25.0,3.5355339059327378,1,5.0,25.0,20.0,,22.5,2
MDA,2009,Moldova,MD,Europe & Central Asia,Upper middle income,1,25.0,25.0,25.0,0.0,1,0.0,25.0,,,25.0,1
MDA,2010,Moldova,MD,Europe & Central Asia,Upper middle income,2,25.0,25.0,25.0,0.0,1,0.0,25.0,25.0,,25.0,2
MDA,2011,Moldova,MD,Europe & Central Asia,Upper middle income,2,25.0,25.0,25.0,0.0,1,0.0,25.0,25.0,,25.0,2
MDA,2012,Moldova,MD,Europe & Central Asia,Upper middle income,2,25.0,25.0,25.0,0.0,1,0.0,25.0,25.0,,25.0,2
MDA,2013,Moldova,MD,Europe & Central Asia,Upper middle income,2,25.0,25.0,25.0,0.0,1,0.0,25.0,25.0,,25.0,2
MDA,2014,Moldova,MD,Europe & Central Asia,Upper middle income,2,25.0,25.0,25.0,0.0,1,0.0,25.0,25.0,,25.0,2
MDA,2015,Moldova,MD,Europe & Central Asia,Upper middle income,2,25.0,25.0,25.0,0.0,1,0.0,25.0,25.0,,25.0,2
MDA,2016,Moldova,MD,Europe & Central Asia,Upper middle income,2,25.0,25.0,25.0,0.0,1,0.0,25.0,25.0,,25.0,2
MDA,2017,Moldova,MD,Europe & Central Asia,Upper middle income,2,25.0,25.0,25.0,0.0,1,0.0,25.0,25.0,,25.0,2
MDA,2018,Moldova,MD,Europe & Central Asia,Upper middle income,2,25.0,25.0,25.0,0.0,1,0.0,25.0,25.0,,25.0,2
MDA,2019,Moldova,MD,Europe & Central Asia,Upper middle income,2,25.0,25.0,25.0,0.0,1,0.0,25.0,25.0,,25.0,2
MDA,2020,Moldova,MD,Europe & Central Asia,Upper middle income,2,25.0,25.0,25.0,0.0,1,0.0,25.0,25.0,,25.0,2
MDA,2021,Moldova,MD,Europe & Central Asia,Upper middle income,2,25.0,25.0,25.0,0.0,1,0.0,25.0,25.0,,25.0,2
MDA,2022,Moldova,MD,Europe & Central Asia,Upper middle income,2,25.0,25.0,25.0,0.0,1,0.0,25.0,25.0,,25.0,2
MDA,2023,Moldova,MD,Europe & Central Asia,Upper middle income,2,25.0,25.0,25.0,0.0,1,0.0,25.0,25.0,,25.0,2
MDA,2024,Moldova,MD,Europe & Central Asia,Upper middle income,2,25.0,25.0,25.0,0.0,1,0.0,25.0,25.0,,25.0,2
MDA,2025,Moldova,MD,Europe & Central Asia,Upper middle income,2,25.0,25.0,25.0,0.0,1,0.0,25.0,25.0,,25.0,2
MDG,2000,Madagascar,MG,Sub-Saharan Africa,Low income,0,,,,,0,,,,,,0
MDG,2001,Madagascar,MG,Sub-Saharan Africa,Low income,0,,,,,0,,,,,,0
MDG,2002,Madagascar,MG,Sub-Saharan Africa,Low income,0,,,,,0,,,,,,0
MDG,2003,Madagascar,MG,Sub-Saharan Africa,Low income,0,,,,,0,,,,,,0
MDG,2004,Madagascar,MG,Sub-Saharan Africa,Low income,0,,,,,0,,,,,,0
MDG,2005,Madagascar,MG,Sub-Saharan Africa,Low income,0,,,,,0,,,,,,0
MDG,2006,Madagascar,MG,Sub-Saharan Africa,Low income,0,,,,,0,,,,,,0
MDG,2007,Madagascar,MG,Sub-Saharan Africa,Low income,0,,,,,0,,,,,,0
MDG,2008,Madagascar,MG,Sub-Saharan Africa,Low income,0,,,,,0,,,,,,0
MDG,2009,Madagascar,MG,Sub-Saharan Africa,Low income,0,,,,,0,,,,,,0
MDG,2010,Madagascar,MG,Sub-Saharan Africa,Low income,0,,,,,0,,,,,,0
MDG,2011,Madagascar,MG,Sub-Saharan Africa,Low income,0,,,,,0,,,,,,0
MDG,2012,Madagascar,MG,Sub-Saharan Africa,Low income,0,,,,,0,,,,,,0
MDG,2013,Madagascar,MG,Sub-Saharan Africa,Low income,0,,,,,0,,,,,,0
MDG,2014,Madagascar,MG,Sub-Saharan Africa,Low income,0,,,,,0,,,,,,0
MDG,2015,Madagascar,MG,Sub-Saharan Africa,Low income,0,,,,,0,,,,,,0
MDG,2016,Madagascar,MG,Sub-Saharan Africa,Low income,0,,,,,0,,,,,,0
MDG,2017,Madagascar,MG,Sub-Saharan Africa,Low income,0,,,,,0,,,,,,0
MDG,2018,Madagascar,MG,Sub-Saharan Africa,Low income,0,,,,,0,,,,,,0
MDG,2019,Madagascar,MG,Sub-Saharan Africa,Low income,0,,,,,0,,,,,,0
MDG,2020,Madagascar,MG,Sub-Saharan Africa,Low income,0,,,,,0,,,,,,0
MDG,2021,Madagascar,MG,Sub-Saharan Africa,Low income,0,,,,,0,,,,,,0
MDG,2022,Madagascar,MG,Sub-Saharan Africa,Low income,1,25.0,25.0,25.0,0.0,1,0.0,,,25.0,25.0,1
MDG,2023,Madagascar,MG,Sub-Saharan Africa,Low income,1,25.0,25.0,25.0,0.0,1,0.0,,,25.0,25.0,1
MDG,2024,Madagascar,MG,Sub-Saharan Africa,Low income,1,25.0,25.0,25.0,0.0,1,0.0,,,25.0,25.0,1
MDG,2025,Madagascar,MG,Sub-Saharan Africa,Low income,1,25.0,25.0,25.0,0.0,1,0.0,,,25.0,25.0,1
MDV,2000,Maldives,MV,South Asia,Upper middle income,0,,,,,0,,,,,,0
MDV,2001,Maldives,MV,South Asia,Upper middle income,0,,,,,0,,,,,,0
MDV,2002,Maldives,MV,South Asia,Upper middle income,0,,,,,0,,,,,,0
MDV,2003,Maldives,MV,South Asia,Upper middle income,0,,,,,0,,,,,,0
MDV,2004,Maldives,MV,South Asia,Upper middle income,0,,,,,0,,,,,,0
MDV,2005,Maldives,MV,South Asia,Upper middle income,0,,,,,0,,,,,,0
MDV,2006,Maldives,MV,South Asia,Upper middle income,0,,,,,0,,,,,,0
MDV,2007,Maldives,MV,South Asia,Upper middle income,0,,,,,0,,,,,,0
MDV,2008,Maldives,MV,South Asia,Upper middle income,0,,,,,0,,,,,,0
MDV,2009,Maldives,MV,South Asia,Upper middle income,0,,,,,0,,,,,,0
MDV,2010,Maldives,MV,South Asia,Upper middle income,0,,,,,0,,,,,,0
MDV,2011,Maldives,MV,South Asia,Upper middle income,0,,,,,0,,,,,,0
MDV,2012,Maldives,MV,South Asia,Upper middle income,0,,,,,0,,,,,,0
MDV,2013,Maldives,MV,South Asia,Upper middle income,0,,,,,0,,,,,,0
MDV,2014,Maldives,MV,South Asia,Upper middle income,0,,,,,0,,,,,,0
MDV,2015,Maldives,MV,South Asia,Upper middle income,0,,,,,0,,,,,,0
MDV,2016,Maldives,MV,South Asia,Upper middle income,0,,,,,0,,,,,,0
MDV,2017,Maldives,MV,South Asia,Upper middle income,1,35.0,35.0,35.0,0.0,1,0.0,35.0,,,35.0,1
MDV,2018,Maldives,MV,South Asia,Upper middle income,1,35.0,35.0,35.0,0.0,1,0.0,35.0,,,35.0,1
MDV,2019,Maldives,MV,South Asia,Upper middle income,1,35.0,35.0,35.0,0.0,1,0.0,35.0,,,35.0,1
MDV,2020,Maldives,MV,South Asia,Upper middle income,1,15.0,15.0,15.0,0.0,1,0.0,15.0,,,15.0,1
MDV,2021,Maldives,MV,South Asia,Upper middle income,1,25.0,25.0,25.0,0.0,1,0.0,25.0,,,25.0,1
MDV,2022,Maldives,MV,South Asia,Upper middle income,1,25.0,25.0,25.0,0.0,1,0.0,25.0,,,25.0,1
MDV,2023,Maldives,MV,South Asia,Upper middle income,1,25.0,25.0,25.0,0.0,1,0.0,25.0,,,25.0,1
MDV,2024,Maldives,MV,South Asia,Upper middle income,1,25.0,25.0,25.0,0.0,1,0.0,25.0,,,25.0,1
MDV,2025,Maldives,MV,South Asia,Upper middle income,1,25.0,25.0,25.0,0.0,1,0.0,25.0,,,25.0,1
MEX,2000,Mexico,MX,Latin America & Caribbean,Upper middle income,2,52.5,50.0,55.0,3.5355339059327378,1,5.0,50.0,55.0,,52.5,2
MEX,2001,Mexico,MX,Latin America & Caribbean,Upper middle income,2,52.5,50.0,55.0,3.5355339059327378,1,5.0,50.0,55.0,,52.5,2
MEX,2002,Mexico,MX,Latin America & Caribbean,Upper middle income,2,57.5,55.0,60.0,3.5355339059327378,1,5.0,55.0,60.0,,57.5,2
MEX,2003,Mexico,MX,Latin America & Caribbean,Upper middle income,2,57.5,55.0,60.0,3.5355339059327378,1,5.0,55.0,60.0,,57.5,2
MEX,2004,Mexico,MX,Latin America & Caribbean,Upper middle income,2,57.5,55.0,60.0,3.5355339059327378,1,5.0,55.0,60.0,,57.5,2
MEX,2005,Mexico,MX,Latin America & Caribbean,Upper middle income,2,62.5,60.0,65.0,3.5355339059327378,1,5.0,60.0,65.0,,62.5,2
MEX,2006,Mexico,MX,Latin America & Caribbean,Upper middle income,2,62.5,60.0,65.0,3.5355339059327378,1,5.0,60.0,65.0,,62.5,2
MEX,2007,Mexico,MX,Latin America & Caribbean,Upper middle income,2,65.0,65.0,65.0,0.0,1,0.0,65.0,65.0,,65.0,2
MEX,2008,Mexico,MX,Latin America & Caribbean,Upper middle income,2,65.0,65.0,65.0,0.0,1,0.0,65.0,65.0,,65.0,2
MEX,2009,Mexico,MX,Latin America & Caribbean,Upper middle income,3,61.666666666666664,60.0,65.0,2.886751345948128,1,5.0,60.0,65.0,60.0,61.666666666666664,3
MEX,2010,Mexico,MX,Latin America & Caribbean,Upper middle income,3,61.666666666666664,60.0,65.0,2.886751345948128,1,5.0,60.0,65.0,60.0,61.666666666666664,3
MEX,2011,Mexico,MX,Latin America & Caribbean,Upper middle income,3,61.666666666666664,60.0,65.0,2.886751345948128,1,5.0,60.0,65.0,60.0,61.666666666666664,3
MEX,2012,Mexico,MX,Latin America & Caribbean,Upper middle income,3,61.666666666666664,60.0,65.0,2.886751345948128,1,5.0,60.0,65.0,60.0,61.666666666666664,3
MEX,2013,Mexico,MX,Latin America & Caribbean,Upper middle income,3,65.0,65.0,65.0,0.0,1,0.0,65.0,65.0,65.0,65.0,3
MEX,2014,Mexico,MX,Latin America & Caribbean,Upper middle income,3,66.66666666666667,65.0,70.0,2.88675134594813,1,5.0,65.0,70.0,65.0,66.66666666666667,3
MEX,2015,Mexico,MX,Latin America & Caribbean,Upper middle income,3,66.66666666666667,65.0,70.0,2.88675134594813,1,5.0,65.0,70.0,65.0,66.66666666666667,3
MEX,2016,Mexico,MX,Latin America & Caribbean,Upper middle income,3,66.66666666666667,65.0,70.0,2.88675134594813,1,5.0,65.0,70.0,65.0,66.66666666666667,3
MEX,2017,Mexico,MX,Latin America & Caribbean,Upper middle income,3,66.66666666666667,65.0,70.0,2.88675134594813,1,5.0,65.0,70.0,65.0,66.66666666666667,3
MEX,2018,Mexico,MX,Latin America & Caribbean,Upper middle income,3,66.66666666666667,65.0,70.0,2.88675134594813,1,5.0,65.0,70.0,65.0,66.66666666666667,3
MEX,2019,Mexico,MX,Latin America & Caribbean,Upper middle income,3,65.0,60.0,70.0,5.0,1,10.0,60.0,70.0,65.0,65.0,3
MEX,2020,Mexico,MX,Latin America & Caribbean,Upper middle income,3,60.0,55.0,65.0,5.0,1,10.0,55.0,65.0,60.0,60.0,3
MEX,2021,Mexico,MX,Latin America & Caribbean,Upper middle income,3,60.0,55.0,65.0,5.0,1,10.0,55.0,65.0,60.0,60.0,3
MEX,2022,Mexico,MX,Latin America & Caribbean,Upper middle income,3,58.333333333333336,55.0,60.0,2.886751345948128,1,5.0,55.0,60.0,60.0,58.333333333333336,3
MEX,2023,Mexico,MX,Latin America & Caribbean,Upper middle income,3,58.333333333333336,55.0,60.0,2.886751345948128,1,5.0,55.0,60.0,60.0,58.333333333333336,3
MEX,2024,Mexico,MX,Latin America & Caribbean,Upper middle income,3,58.333333333333336,55.0,60.0,2.886751345948128,1,5.0,55.0,60.0,60.0,58.333333333333336,3
MEX,2025,Mexico,MX,Latin America & Caribbean,Upper middle income,3,58.333333333333336,55.0,60.0,2.886751345948128,1,5.0,55.0,60.0,60.0,58.333333333333336,3
MKD,2000,North Macedonia,MK,Europe & Central Asia,Upper middle income,0,,,,,0,,,,,,0
MKD,2001,North Macedonia,MK,Europe & Central Asia,Upper middle income,0,,,,,0,,,,,,0
MKD,2002,North Macedonia,MK,Europe & Central Asia,Upper middle income,0,,,,,0,,,,,,0
MKD,2003,North Macedonia,MK,Europe & Central Asia,Upper middle income,0,,,,,0,,,,,,0
MKD,2004,North Macedonia,MK,Europe & Central Asia,Upper middle income,0,,,,,0,,,,,,0
MKD,2005,North Macedonia,MK,Europe & Central Asia,Upper middle income,1,45.0,45.0,45.0,0.0,1,0.0,45.0,,,45.0,1
MKD,2006,North Macedonia,MK,Europe & Central Asia,Upper middle income,1,50.0,50.0,50.0,0.0,1,0.0,50.0,,,50.0,1
MKD,2007,North Macedonia,MK,Europe & Central Asia,Upper middle income,1,50.0,50.0,50.0,0.0,1,0.0,50.0,,,50.0,1
MKD,2008,North Macedonia,MK,Europe & Central Asia,Upper middle income,1,50.0,50.0,50.0,0.0,1,0.0,50.0,,,50.0,1
MKD,2009,North Macedonia,MK,Europe & Central Asia,Upper middle income,2,47.5,45.0,50.0,3.5355339059327378,1,5.0,50.0,,45.0,47.5,2
MKD,2010,North Macedonia,MK,Europe & Central Asia,Upper middle income,2,47.5,45.0,50.0,3.5355339059327378,1,5.0,50.0,,45.0,47.5,2
MKD,2011,North Macedonia,MK,Europe & Central Asia,Upper middle income,2,47.5,45.0,50.0,3.5355339059327378,1,5.0,50.0,,45.0,47.5,2
MKD,2012,North Macedonia,MK,Europe & Central Asia,Upper middle income,2,47.5,45.0,50.0,3.5355339059327378,1,5.0,50.0,,45.0,47.5,2
MKD,2013,North Macedonia,MK,Europe & Central Asia,Upper middle income,2,45.0,40.0,50.0,7.0710678118654755,1,10.0,50.0,,40.0,45.0,2
MKD,2014,North Macedonia,MK,Europe & Central Asia,Upper middle income,2,45.0,40.0,50.0,7.0710678118654755,1,10.0,50.0,,40.0,45.0,2
MKD,2015,North Macedonia,MK,Europe & Central Asia,Upper middle income,2,45.0,40.0,50.0,7.0710678118654755,1,10.0,50.0,,40.0,45.0,2
MKD,2016,North Macedonia,MK,Europe & Central Asia,Upper middle income,2,42.5,40.0,45.0,3.5355339059327378,1,5.0,45.0,,40.0,42.5,2
MKD,2017,North Macedonia,MK,Europe & Central Asia,Upper middle income,2,42.5,40.0,45.0,3.5355339059327378,1,5.0,45.0,,40.0,42.5,2
MKD,2018,North Macedonia,MK,Europe & Central Asia,Upper middle income,2,42.5,40.0,45.0,3.5355339059327378,1,5.0,45.0,,40.0,42.5,2
MKD,2019,North Macedonia,MK,Europe & Central Asia,Upper middle income,2,45.0,40.0,50.0,7.0710678118654755,1,10.0,50.0,,40.0,45.0,2
MKD,2020,North Macedonia,MK,Europe & Central Asia,Upper middle income,2,45.0,40.0,50.0,7.0710678118654755,1,10.0,50.0,,40.0,45.0,2
MKD,2021,North Macedonia,MK,Europe & Central Asia,Upper middle income,2,45.0,40.0,50.0,7.0710678118654755,1,10.0,50.0,,40.0,45.0,2
MKD,2022,North Macedonia,MK,Europe & Central Asia,Upper middle income,2,45.0,40.0,50.0,7.0710678118654755,1,10.0,50.0,,40.0,45.0,2
MKD,2023,North Macedonia,MK,Europe & Central Asia,Upper middle income,2,45.0,40.0,50.0,7.0710678118654755,1,10.0,50.0,,40.0,45.0,2
MKD,2024,North Macedonia,MK,Europe & Central Asia,Upper middle income,2,45.0,40.0,50.0,7.0710678118654755,1,10.0,50.0,,40.0,45.0,2
MKD,2025,North Macedonia,MK,Europe & Central Asia,Upper middle income,2,45.0,40.0,50.0,7.0710678118654755,1,10.0,50.0,,40.0,45.0,2
MLI,2000,Mali,ML,Sub-Saharan Africa,Low income,0,,,,,0,,,,,,0
MLI,2001,Mali,ML,Sub-Saharan Africa,Low income,0,,,,,0,,,,,,0
MLI,2002,Mali,ML,Sub-Saharan Africa,Low income,0,,,,,0,,,,,,0
MLI,2003,Mali,ML,Sub-Saharan Africa,Low income,0,,,,,0,,,,,,0
MLI,2004,Mali,ML,Sub-Saharan Africa,Low income,1,25.0,25.0,25.0,0.0,1,0.0,25.0,,,25.0,1
MLI,2005,Mali,ML,Sub-Saharan Africa,Low income,1,25.0,25.0,25.0,0.0,1,0.0,25.0,,,25.0,1
MLI,2006,Mali,ML,Sub-Saharan Africa,Low income,1,25.0,25.0,25.0,0.0,1,0.0,25.0,,,25.0,1
MLI,2007,Mali,ML,Sub-Saharan Africa,Low income,1,25.0,25.0,25.0,0.0,1,0.0,25.0,,,25.0,1
MLI,2008,Mali,ML,Sub-Saharan Africa,Low income,1,25.0,25.0,25.0,0.0,1,0.0,25.0,,,25.0,1
MLI,2009,Mali,ML,Sub-Saharan Africa,Low income,1,25.0,25.0,25.0,0.0,1,0.0,25.0,,,25.0,1
MLI,2010,Mali,ML,Sub-Saharan Africa,Low income,1,25.0,25.0,25.0,0.0,1,0.0,25.0,,,25.0,1
MLI,2011,Mali,ML,Sub-Saharan Africa,Low income,1,25.0,25.0,25.0,0.0,1,0.0,25.0,,,25.0,1
MLI,2012,Mali,ML,Sub-Saharan Africa,Low income,1,25.0,25.0,25.0,0.0,1,0.0,25.0,,,25.0,1
MLI,2013,Mali,ML,Sub-Saharan Africa,Low income,1,25.0,25.0,25.0,0.0,1,0.0,25.0,,,25.0,1
MLI,2014,Mali,ML,Sub-Saharan Africa,Low income,1,25.0,25.0,25.0,0.0,1,0.0,25.0,,,25.0,1
MLI,2015,Mali,ML,Sub-Saharan Africa,Low income,1,25.0,25.0,25.0,0.0,1,0.0,25.0,,,25.0,1
MLI,2016,Mali,ML,Sub-Saharan Africa,Low income,1,25.0,25.0,25.0,0.0,1,0.0,25.0,,,25.0,1
MLI,2017,Mali,ML,Sub-Saharan Africa,Low income,1,25.0,25.0,25.0,0.0,1,0.0,25.0,,,25.0,1
MLI,2018,Mali,ML,Sub-Saharan Africa,Low income,1,25.0,25.0,25.0,0.0,1,0.0,25.0,,,25.0,1
MLI,2019,Mali,ML,Sub-Saharan Africa,Low income,1,25.0,25.0,25.0,0.0,1,0.0,25.0,,,25.0,1
MLI,2020,Mali,ML,Sub-Saharan Africa,Low income,1,25.0,25.0,25.0,0.0,1,0.0,25.0,,,25.0,1
MLI,2021,Mali,ML,Sub-Saharan Africa,Low income,1,25.0,25.0,25.0,0.0,1,0.0,25.0,,,25.0,1
MLI,2022,Mali,ML,Sub-Saharan Africa,Low income,1,25.0,25.0,25.0,0.0,1,0.0,25.0,,,25.0,1
MLI,2023,Mali,ML,Sub-Saharan Africa,Low income,1,25.0,25.0,25.0,0.0,1,0.0,25.0,,,25.0,1
MLI,2024,Mali,ML,Sub-Saharan Africa,Low income,1,25.0,25.0,25.0,0.0,1,0.0,25.0,,,25.0,1
MLI,2025,Mali,ML,Sub-Saharan Africa,Low income,1,25.0,25.0,25.0,0.0,1,0.0,25.0,,,25.0,1
MLT,2000,Malta,MT,"Middle East, North Africa, Afghanistan & Pakistan",High income,3,73.33333333333333,70.0,75.0,2.88675134594813,1,5.0,75.0,70.0,75.0,73.33333333333333,3
MLT,2001,Malta,MT,"Middle East, North Africa, Afghanistan & Pakistan",High income,3,73.33333333333333,70.0,75.0,2.88675134594813,1,5.0,75.0,70.0,75.0,73.33333333333333,3
MLT,2002,Malta,MT,"Middle East, North Africa, Afghanistan & Pakistan",High income,3,73.33333333333333,70.0,75.0,2.88675134594813,1,5.0,75.0,70.0,75.0,73.33333333333333,3
MLT,2003,Malta,MT,"Middle East, North Africa, Afghanistan & Pakistan",High income,3,73.33333333333333,70.0,75.0,2.88675134594813,1,5.0,75.0,70.0,75.0,73.33333333333333,3
MLT,2004,Malta,MT,"Middle East, North Africa, Afghanistan & Pakistan",High income,3,73.33333333333333,70.0,75.0,2.88675134594813,1,5.0,75.0,70.0,75.0,73.33333333333333,3
MLT,2005,Malta,MT,"Middle East, North Africa, Afghanistan & Pakistan",High income,3,73.33333333333333,70.0,75.0,2.88675134594813,1,5.0,75.0,70.0,75.0,73.33333333333333,3
MLT,2006,Malta,MT,"Middle East, North Africa, Afghanistan & Pakistan",High income,3,73.33333333333333,70.0,75.0,2.88675134594813,1,5.0,75.0,70.0,75.0,73.33333333333333,3
MLT,2007,Malta,MT,"Middle East, North Africa, Afghanistan & Pakistan",High income,3,76.66666666666667,75.0,80.0,2.88675134594813,1,5.0,80.0,75.0,75.0,76.66666666666667,3
MLT,2008,Malta,MT,"Middle East, North Africa, Afghanistan & Pakistan",High income,3,78.33333333333333,75.0,80.0,2.886751345948127,1,5.0,80.0,80.0,75.0,78.33333333333333,3
MLT,2009,Malta,MT,"Middle East, North Africa, Afghanistan & Pakistan",High income,3,78.33333333333333,75.0,80.0,2.886751345948127,1,5.0,80.0,80.0,75.0,78.33333333333333,3
MLT,2010,Malta,MT,"Middle East, North Africa, Afghanistan & Pakistan",High income,3,78.33333333333333,75.0,80.0,2.886751345948127,1,5.0,80.0,80.0,75.0,78.33333333333333,3
MLT,2011,Malta,MT,"Middle East, North Africa, Afghanistan & Pakistan",High income,3,76.66666666666667,75.0,80.0,2.88675134594813,1,5.0,80.0,75.0,75.0,76.66666666666667,3
MLT,2012,Malta,MT,"Middle East, North Africa, Afghanistan & Pakistan",High income,3,73.33333333333333,70.0,80.0,5.773502691896256,1,10.0,80.0,70.0,70.0,73.33333333333333,3
MLT,2013,Malta,MT,"Middle East, North Africa, Afghanistan & Pakistan",High income,3,70.0,65.0,75.0,5.0,1,10.0,75.0,70.0,65.0,70.0,3
MLT,2014,Malta,MT,"Middle East, North Africa, Afghanistan & Pakistan",High income,3,70.0,65.0,75.0,5.0,1,10.0,75.0,70.0,65.0,70.0,3
MLT,2015,Malta,MT,"Middle East, North Africa, Afghanistan & Pakistan",High income,3,70.0,65.0,75.0,5.0,1,10.0,75.0,70.0,65.0,70.0,3
MLT,2016,Malta,MT,"Middle East, North Africa, Afghanistan & Pakistan",High income,3,71.66666666666667,70.0,75.0,2.88675134594813,1,5.0,75.0,70.0,70.0,71.66666666666667,3
MLT,2017,Malta,MT,"Middle East, North Africa, Afghanistan & Pakistan",High income,3,73.33333333333333,70.0,80.0,5.773502691896256,1,10.0,80.0,70.0,70.0,73.33333333333333,3
MLT,2018,Malta,MT,"Middle East, North Africa, Afghanistan & Pakistan",High income,3,73.33333333333333,70.0,80.0,5.773502691896256,1,10.0,80.0,70.0,70.0,73.33333333333333,3
MLT,2019,Malta,MT,"Middle East, North Africa, Afghanistan & Pakistan",High income,3,75.0,70.0,80.0,5.0,1,10.0,80.0,75.0,70.0,75.0,3
MLT,2020,Malta,MT,"Middle East, North Africa, Afghanistan & Pakistan",High income,3,75.0,70.0,80.0,5.0,1,10.0,80.0,75.0,70.0,75.0,3
MLT,2021,Malta,MT,"Middle East, North Africa, Afghanistan & Pakistan",High income,3,75.0,70.0,80.0,5.0,1,10.0,80.0,75.0,70.0,75.0,3
MLT,2022,Malta,MT,"Middle East, North Africa, Afghanistan & Pakistan",High income,3,75.0,70.0,80.0,5.0,1,10.0,80.0,75.0,70.0,75.0,3
MLT,2023,Malta,MT,"Middle East, North Africa, Afghanistan & Pakistan",High income,3,75.0,70.0,80.0,5.0,1,10.0,80.0,75.0,70.0,75.0,3
MLT,2024,Malta,MT,"Middle East, North Africa, Afghanistan & Pakistan",High income,3,75.0,70.0,80.0,5.0,1,10.0,80.0,75.0,70.0,75.0,3
MLT,2025,Malta,MT,"Middle East, North Africa, Afghanistan & Pakistan",High income,3,75.0,70.0,80.0,5.0,1,10.0,80.0,75.0,70.0,75.0,3
MNE,2000,Montenegro,ME,Europe & Central Asia,Upper middle income,0,,,,,0,,,,,,0
MNE,2001,Montenegro,ME,Europe & Central Asia,Upper middle income,0,,,,,0,,,,,,0
MNE,2002,Montenegro,ME,Europe & Central Asia,Upper middle income,0,,,,,0,,,,,,0
MNE,2003,Montenegro,ME,Europe & Central Asia,Upper middle income,0,,,,,0,,,,,,0
MNE,2004,Montenegro,ME,Europe & Central Asia,Upper middle income,0,,,,,0,,,,,,0
MNE,2005,Montenegro,ME,Europe & Central Asia,Upper middle income,0,,,,,0,,,,,,0
MNE,2006,Montenegro,ME,Europe & Central Asia,Upper middle income,0,,,,,0,,,,,,0
MNE,2007,Montenegro,ME,Europe & Central Asia,Upper middle income,0,,,,,0,,,,,,0
MNE,2008,Montenegro,ME,Europe & Central Asia,Upper middle income,1,45.0,45.0,45.0,0.0,1,0.0,,45.0,,45.0,1
MNE,2009,Montenegro,ME,Europe & Central Asia,Upper middle income,1,40.0,40.0,40.0,0.0,1,0.0,,40.0,,40.0,1
MNE,2010,Montenegro,ME,Europe & Central Asia,Upper middle income,2,42.5,40.0,45.0,3.5355339059327378,1,5.0,,40.0,45.0,42.5,2
MNE,2011,Montenegro,ME,Europe & Central Asia,Upper middle income,2,42.5,40.0,45.0,3.5355339059327378,1,5.0,,40.0,45.0,42.5,2
MNE,2012,Montenegro,ME,Europe & Central Asia,Upper middle income,2,40.0,40.0,40.0,0.0,1,0.0,,40.0,40.0,40.0,2
MNE,2013,Montenegro,ME,Europe & Central Asia,Upper middle income,2,40.0,40.0,40.0,0.0,1,0.0,,40.0,40.0,40.0,2
MNE,2014,Montenegro,ME,Europe & Central Asia,Upper middle income,2,37.5,35.0,40.0,3.5355339059327378,1,5.0,,40.0,35.0,37.5,2
MNE,2015,Montenegro,ME,Europe & Central Asia,Upper middle income,2,37.5,35.0,40.0,3.5355339059327378,1,5.0,,40.0,35.0,37.5,2
MNE,2016,Montenegro,ME,Europe & Central Asia,Upper middle income,2,35.0,35.0,35.0,0.0,1,0.0,,35.0,35.0,35.0,2
MNE,2017,Montenegro,ME,Europe & Central Asia,Upper middle income,2,35.0,35.0,35.0,0.0,1,0.0,,35.0,35.0,35.0,2
MNE,2018,Montenegro,ME,Europe & Central Asia,Upper middle income,2,35.0,35.0,35.0,0.0,1,0.0,,35.0,35.0,35.0,2
MNE,2019,Montenegro,ME,Europe & Central Asia,Upper middle income,2,35.0,35.0,35.0,0.0,1,0.0,,35.0,35.0,35.0,2
MNE,2020,Montenegro,ME,Europe & Central Asia,Upper middle income,2,35.0,35.0,35.0,0.0,1,0.0,,35.0,35.0,35.0,2
MNE,2021,Montenegro,ME,Europe & Central Asia,Upper middle income,2,32.5,30.0,35.0,3.5355339059327378,1,5.0,,35.0,30.0,32.5,2
MNE,2022,Montenegro,ME,Europe & Central Asia,Upper middle income,2,32.5,30.0,35.0,3.5355339059327378,1,5.0,,35.0,30.0,32.5,2
MNE,2023,Montenegro,ME,Europe & Central Asia,Upper middle income,2,32.5,30.0,35.0,3.5355339059327378,1,5.0,,35.0,30.0,32.5,2
MNE,2024,Montenegro,ME,Europe & Central Asia,Upper middle income,2,37.5,35.0,40.0,3.5355339059327378,1,5.0,,40.0,35.0,37.5,2
MNE,2025,Montenegro,ME,Europe & Central Asia,Upper middle income,2,37.5,35.0,40.0,3.5355339059327378,1,5.0,,40.0,35.0,37.5,2
MNG,2000,Mongolia,MN,East Asia & Pacific,Upper middle income,0,,,,,0,,,,,,0
MNG,2001,Mongolia,MN,East Asia & Pacific,Upper middle income,0,,,,,0,,,,,,0
MNG,2002,Mongolia,MN,East Asia & Pacific,Upper middle income,0,,,,,0,,,,,,0
MNG,2003,Mongolia,MN,East Asia & Pacific,Upper middle income,0,,,,,0,,,,,,0
MNG,2004,Mongolia,MN,East Asia & Pacific,Upper middle income,0,,,,,0,,,,,,0
MNG,2005,Mongolia,MN,East Asia & Pacific,Upper middle income,2,35.0,35.0,35.0,0.0,1,0.0,35.0,35.0,,35.0,2
MNG,2006,Mongolia,MN,East Asia & Pacific,Upper middle income,2,35.0,35.0,35.0,0.0,1,0.0,35.0,35.0,,35.0,2
MNG,2007,Mongolia,MN,East Asia & Pacific,Upper middle income,3,36.666666666666664,35.0,40.0,2.88675134594813,1,5.0,35.0,35.0,40.0,36.666666666666664,3
MNG,2008,Mongolia,MN,East Asia & Pacific,Upper middle income,3,36.666666666666664,35.0,40.0,2.88675134594813,1,5.0,35.0,35.0,40.0,36.666666666666664,3
MNG,2009,Mongolia,MN,East Asia & Pacific,Upper middle income,3,35.0,30.0,40.0,5.0,1,10.0,30.0,35.0,40.0,35.0,3
MNG,2010,Mongolia,MN,East Asia & Pacific,Upper middle income,3,36.666666666666664,35.0,40.0,2.88675134594813,1,5.0,35.0,35.0,40.0,36.666666666666664,3
MNG,2011,Mongolia,MN,East Asia & Pacific,Upper middle income,3,36.666666666666664,35.0,40.0,2.88675134594813,1,5.0,35.0,35.0,40.0,36.666666666666664,3
MNG,2012,Mongolia,MN,East Asia & Pacific,Upper middle income,3,36.666666666666664,35.0,40.0,2.88675134594813,1,5.0,35.0,35.0,40.0,36.666666666666664,3
MNG,2013,Mongolia,MN,East Asia & Pacific,Upper middle income,3,36.666666666666664,35.0,40.0,2.88675134594813,1,5.0,35.0,35.0,40.0,36.666666666666664,3
MNG,2014,Mongolia,MN,East Asia & Pacific,Upper middle income,3,33.333333333333336,30.0,35.0,2.886751345948128,1,5.0,35.0,30.0,35.0,33.333333333333336,3
MNG,2015,Mongolia,MN,East Asia & Pacific,Upper middle income,3,30.0,30.0,30.0,0.0,1,0.0,30.0,30.0,30.0,30.0,3
MNG,2016,Mongolia,MN,East Asia & Pacific,Upper middle income,3,23.333333333333332,20.0,25.0,2.886751345948129,1,5.0,25.0,20.0,25.0,23.333333333333332,3
MNG,2017,Mongolia,MN,East Asia & Pacific,Upper middle income,3,23.333333333333332,20.0,25.0,2.886751345948129,1,5.0,25.0,20.0,25.0,23.333333333333332,3
MNG,2018,Mongolia,MN,East Asia & Pacific,Upper middle income,3,28.333333333333332,25.0,30.0,2.886751345948129,1,5.0,30.0,25.0,30.0,28.333333333333332,3
MNG,2019,Mongolia,MN,East Asia & Pacific,Upper middle income,3,28.333333333333332,25.0,30.0,2.886751345948129,1,5.0,30.0,25.0,30.0,28.333333333333332,3
MNG,2020,Mongolia,MN,East Asia & Pacific,Upper middle income,3,28.333333333333332,25.0,30.0,2.886751345948129,1,5.0,30.0,25.0,30.0,28.333333333333332,3
MNG,2021,Mongolia,MN,East Asia & Pacific,Upper middle income,3,28.333333333333332,25.0,30.0,2.886751345948129,1,5.0,30.0,25.0,30.0,28.333333333333332,3
MNG,2022,Mongolia,MN,East Asia & Pacific,Upper middle income,3,28.333333333333332,25.0,30.0,2.886751345948129,1,5.0,30.0,25.0,30.0,28.333333333333332,3
MNG,2023,Mongolia,MN,East Asia & Pacific,Upper middle income,3,28.333333333333332,25.0,30.0,2.886751345948129,1,5.0,30.0,25.0,30.0,28.333333333333332,3
MNG,2024,Mongolia,MN,East Asia & Pacific,Upper middle income,3,31.666666666666668,30.0,35.0,2.886751345948128,1,5.0,30.0,30.0,35.0,31.666666666666668,3
MNG,2025,Mongolia,MN,East Asia & Pacific,Upper middle income,3,35.0,30.0,40.0,5.0,1,10.0,30.0,35.0,40.0,35.0,3
MOZ,2000,Mozambique,MZ,Sub-Saharan Africa,Low income,0,,,,,0,,,,,,0
MOZ,2001,Mozambique,MZ,Sub-Saharan Africa,Low income,0,,,,,0,,,,,,0
MOZ,2002,Mozambique,MZ,Sub-Saharan Africa,Low income,0,,,,,0,,,,,,0
MOZ,2003,Mozambique,MZ,Sub-Saharan Africa,Low income,1,30.0,30.0,30.0,0.0,1,0.0,30.0,,,30.0,1
MOZ,2004,Mozambique,MZ,Sub-Saharan Africa,Low income,1,30.0,30.0,30.0,0.0,1,0.0,30.0,,,30.0,1
MOZ,2005,Mozambique,MZ,Sub-Saharan Africa,Low income,1,30.0,30.0,30.0,0.0,1,0.0,30.0,,,30.0,1
MOZ,2006,Mozambique,MZ,Sub-Saharan Africa,Low income,1,30.0,30.0,30.0,0.0,1,0.0,30.0,,,30.0,1
MOZ,2007,Mozambique,MZ,Sub-Saharan Africa,Low income,2,32.5,30.0,35.0,3.5355339059327378,1,5.0,30.0,,35.0,32.5,2
MOZ,2008,Mozambique,MZ,Sub-Saharan Africa,Low income,2,32.5,30.0,35.0,3.5355339059327378,1,5.0,30.0,,35.0,32.5,2
MOZ,2009,Mozambique,MZ,Sub-Saharan Africa,Low income,2,32.5,30.0,35.0,3.5355339059327378,1,5.0,30.0,,35.0,32.5,2
MOZ,2010,Mozambique,MZ,Sub-Saharan Africa,Low income,2,32.5,30.0,35.0,3.5355339059327378,1,5.0,30.0,,35.0,32.5,2
MOZ,2011,Mozambique,MZ,Sub-Saharan Africa,Low income,2,32.5,30.0,35.0,3.5355339059327378,1,5.0,30.0,,35.0,32.5,2
MOZ,2012,Mozambique,MZ,Sub-Saharan Africa,Low income,2,32.5,30.0,35.0,3.5355339059327378,1,5.0,30.0,,35.0,32.5,2
MOZ,2013,Mozambique,MZ,Sub-Saharan Africa,Low income,3,35.0,35.0,35.0,0.0,1,0.0,35.0,35.0,35.0,35.0,3
MOZ,2014,Mozambique,MZ,Sub-Saharan Africa,Low income,3,33.333333333333336,30.0,35.0,2.88675134594813,1,5.0,35.0,35.0,30.0,33.333333333333336,3
MOZ,2015,Mozambique,MZ,Sub-Saharan Africa,Low income,3,28.333333333333332,25.0,30.0,2.886751345948128,1,5.0,30.0,30.0,25.0,28.333333333333332,3
MOZ,2016,Mozambique,MZ,Sub-Saharan Africa,Low income,3,5.0,0.0,10.0,5.0,1,10.0,0.0,10.0,5.0,5.0,3
MOZ,2017,Mozambique,MZ,Sub-Saharan Africa,Low income,3,3.3333333333333335,0.0,10.0,5.773502691896257,1,10.0,0.0,10.0,0.0,3.3333333333333335,3
MOZ,2018,Mozambique,MZ,Sub-Saharan Africa,Low income,3,3.3333333333333335,0.0,10.0,5.773502691896257,1,10.0,0.0,10.0,0.0,3.3333333333333335,3
MOZ,2019,Mozambique,MZ,Sub-Saharan Africa,Low income,3,16.666666666666668,15.0,20.0,2.886751345948128,1,5.0,15.0,15.0,20.0,16.666666666666668,3
MOZ,2020,Mozambique,MZ,Sub-Saharan Africa,Low income,3,16.666666666666668,15.0,20.0,2.886751345948128,1,5.0,15.0,15.0,20.0,16.666666666666668,3
MOZ,2021,Mozambique,MZ,Sub-Saharan Africa,Low income,3,16.666666666666668,15.0,20.0,2.886751345948128,1,5.0,15.0,15.0,20.0,16.666666666666668,3
MOZ,2022,Mozambique,MZ,Sub-Saharan Africa,Low income,3,18.333333333333332,15.0,20.0,2.886751345948129,1,5.0,20.0,15.0,20.0,18.333333333333332,3
MOZ,2023,Mozambique,MZ,Sub-Saharan Africa,Low income,3,18.333333333333332,15.0,20.0,2.886751345948129,1,5.0,20.0,15.0,20.0,18.333333333333332,3
MOZ,2024,Mozambique,MZ,Sub-Saharan Africa,Low income,3,18.333333333333332,15.0,20.0,2.886751345948129,1,5.0,20.0,15.0,20.0,18.333333333333332,3
MOZ,2025,Mozambique,MZ,Sub-Saharan Africa,Low income,3,18.333333333333332,15.0,20.0,2.886751345948129,1,5.0,20.0,15.0,20.0,18.333333333333332,3
MUS,2000,Mauritius,MU,Sub-Saharan Africa,Upper middle income,1,60.0,60.0,60.0,0.0,1,0.0,,60.0,,60.0,1
MUS,2001,Mauritius,MU,Sub-Saharan Africa,Upper middle income,1,60.0,60.0,60.0,0.0,1,0.0,,60.0,,60.0,1
MUS,2002,Mauritius,MU,Sub-Saharan Africa,Upper middle income,1,60.0,60.0,60.0,0.0,1,0.0,,60.0,,60.0,1
MUS,2003,Mauritius,MU,Sub-Saharan Africa,Upper middle income,1,60.0,60.0,60.0,0.0,1,0.0,,60.0,,60.0,1
MUS,2004,Mauritius,MU,Sub-Saharan Africa,Upper middle income,1,60.0,60.0,60.0,0.0,1,0.0,,60.0,,60.0,1
MUS,2005,Mauritius,MU,Sub-Saharan Africa,Upper middle income,1,60.0,60.0,60.0,0.0,1,0.0,,60.0,,60.0,1
MUS,2006,Mauritius,MU,Sub-Saharan Africa,Upper middle income,1,60.0,60.0,60.0,0.0,1,0.0,,60.0,,60.0,1
MUS,2007,Mauritius,MU,Sub-Saharan Africa,Upper middle income,1,60.0,60.0,60.0,0.0,1,0.0,,60.0,,60.0,1
MUS,2008,Mauritius,MU,Sub-Saharan Africa,Upper middle income,1,60.0,60.0,60.0,0.0,1,0.0,,60.0,,60.0,1
MUS,2009,Mauritius,MU,Sub-Saharan Africa,Upper middle income,1,60.0,60.0,60.0,0.0,1,0.0,,60.0,,60.0,1
MUS,2010,Mauritius,MU,Sub-Saharan Africa,Upper middle income,1,60.0,60.0,60.0,0.0,1,0.0,,60.0,,60.0,1
MUS,2011,Mauritius,MU,Sub-Saharan Africa,Upper middle income,1,60.0,60.0,60.0,0.0,1,0.0,,60.0,,60.0,1
MUS,2012,Mauritius,MU,Sub-Saharan Africa,Upper middle income,1,65.0,65.0,65.0,0.0,1,0.0,,65.0,,65.0,1
MUS,2013,Mauritius,MU,Sub-Saharan Africa,Upper middle income,1,65.0,65.0,65.0,0.0,1,0.0,,65.0,,65.0,1
MUS,2014,Mauritius,MU,Sub-Saharan Africa,Upper middle income,1,65.0,65.0,65.0,0.0,1,0.0,,65.0,,65.0,1
MUS,2015,Mauritius,MU,Sub-Saharan Africa,Upper middle income,1,65.0,65.0,65.0,0.0,1,0.0,,65.0,,65.0,1
MUS,2016,Mauritius,MU,Sub-Saharan Africa,Upper middle income,1,65.0,65.0,65.0,0.0,1,0.0,,65.0,,65.0,1
MUS,2017,Mauritius,MU,Sub-Saharan Africa,Upper middle income,1,65.0,65.0,65.0,0.0,1,0.0,,65.0,,65.0,1
MUS,2018,Mauritius,MU,Sub-Saharan Africa,Upper middle income,1,65.0,65.0,65.0,0.0,1,0.0,,65.0,,65.0,1
MUS,2019,Mauritius,MU,Sub-Saharan Africa,Upper middle income,1,65.0,65.0,65.0,0.0,1,0.0,,65.0,,65.0,1
MUS,2020,Mauritius,MU,Sub-Saharan Africa,Upper middle income,1,65.0,65.0,65.0,0.0,1,0.0,,65.0,,65.0,1
MUS,2021,Mauritius,MU,Sub-Saharan Africa,Upper middle income,1,60.0,60.0,60.0,0.0,1,0.0,,60.0,,60.0,1
MUS,2022,Mauritius,MU,Sub-Saharan Africa,Upper middle income,1,55.0,55.0,55.0,0.0,1,0.0,,55.0,,55.0,1
MUS,2023,Mauritius,MU,Sub-Saharan Africa,Upper middle income,2,55.0,55.0,55.0,0.0,1,0.0,,55.0,55.0,55.0,2
MUS,2024,Mauritius,MU,Sub-Saharan Africa,Upper middle income,2,55.0,55.0,55.0,0.0,1,0.0,,55.0,55.0,55.0,2
MUS,2025,Mauritius,MU,Sub-Saharan Africa,Upper middle income,2,55.0,55.0,55.0,0.0,1,0.0,,55.0,55.0,55.0,2
MWI,2000,Malawi,MW,Sub-Saharan Africa,Low income,0,,,,,0,,,,,,0
MWI,2001,Malawi,MW,Sub-Saharan Africa,Low income,0,,,,,0,,,,,,0
MWI,2002,Malawi,MW,Sub-Saharan Africa,Low income,0,,,,,0,,,,,,0
MWI,2003,Malawi,MW,Sub-Saharan Africa,Low income,1,20.0,20.0,20.0,0.0,1,0.0,20.0,,,20.0,1
MWI,2004,Malawi,MW,Sub-Saharan Africa,Low income,1,20.0,20.0,20.0,0.0,1,0.0,20.0,,,20.0,1
MWI,2005,Malawi,MW,Sub-Saharan Africa,Low income,1,15.0,15.0,15.0,0.0,1,0.0,15.0,,,15.0,1
MWI,2006,Malawi,MW,Sub-Saharan Africa,Low income,1,15.0,15.0,15.0,0.0,1,0.0,15.0,,,15.0,1
MWI,2007,Malawi,MW,Sub-Saharan Africa,Low income,1,25.0,25.0,25.0,0.0,1,0.0,25.0,,,25.0,1
MWI,2008,Malawi,MW,Sub-Saharan Africa,Low income,1,25.0,25.0,25.0,0.0,1,0.0,25.0,,,25.0,1
MWI,2009,Malawi,MW,Sub-Saharan Africa,Low income,1,25.0,25.0,25.0,0.0,1,0.0,25.0,,,25.0,1
MWI,2010,Malawi,MW,Sub-Saharan Africa,Low income,1,25.0,25.0,25.0,0.0,1,0.0,25.0,,,25.0,1
MWI,2011,Malawi,MW,Sub-Saharan Africa,Low income,1,25.0,25.0,25.0,0.0,1,0.0,25.0,,,25.0,1
MWI,2012,Malawi,MW,Sub-Saharan Africa,Low income,1,25.0,25.0,25.0,0.0,1,0.0,25.0,,,25.0,1
MWI,2013,Malawi,MW,Sub-Saharan Africa,Low income,1,25.0,25.0,25.0,0.0,1,0.0,25.0,,,25.0,1
MWI,2014,Malawi,MW,Sub-Saharan Africa,Low income,1,25.0,25.0,25.0,0.0,1,0.0,25.0,,,25.0,1
MWI,2015,Malawi,MW,Sub-Saharan Africa,Low income,1,25.0,25.0,25.0,0.0,1,0.0,25.0,,,25.0,1
MWI,2016,Malawi,MW,Sub-Saharan Africa,Low income,1,25.0,25.0,25.0,0.0,1,0.0,25.0,,,25.0,1
MWI,2017,Malawi,MW,Sub-Saharan Africa,Low income,1,25.0,25.0,25.0,0.0,1,0.0,25.0,,,25.0,1
MWI,2018,Malawi,MW,Sub-Saharan Africa,Low income,1,25.0,25.0,25.0,0.0,1,0.0,25.0,,,25.0,1
MWI,2019,Malawi,MW,Sub-Saharan Africa,Low income,1,25.0,25.0,25.0,0.0,1,0.0,25.0,,,25.0,1
MWI,2020,Malawi,MW,Sub-Saharan Africa,Low income,1,25.0,25.0,25.0,0.0,1,0.0,25.0,,,25.0,1
MWI,2021,Malawi,MW,Sub-Saharan Africa,Low income,1,25.0,25.0,25.0,0.0,1,0.0,25.0,,,25.0,1
MWI,2022,Malawi,MW,Sub-Saharan Africa,Low income,1,25.0,25.0,25.0,0.0,1,0.0,25.0,,,25.0,1
MWI,2023,Malawi,MW,Sub-Saharan Africa,Low income,1,25.0,25.0,25.0,0.0,1,0.0,25.0,,,25.0,1
MWI,2024,Malawi,MW,Sub-Saharan Africa,Low income,1,25.0,25.0,25.0,0.0,1,0.0,25.0,,,25.0,1
MWI,2025,Malawi,MW,Sub-Saharan Africa,Low income,1,25.0,25.0,25.0,0.0,1,0.0,25.0,,,25.0,1
MYS,2000,Malaysia,MY,East Asia & Pacific,Upper middle income,2,60.0,60.0,60.0,0.0,1,0.0,60.0,60.0,,60.0,2
MYS,2001,Malaysia,MY,East Asia & Pacific,Upper middle income,2,60.0,60.0,60.0,0.0,1,0.0,60.0,60.0,,60.0,2
MYS,2002,Malaysia,MY,East Asia & Pacific,Upper middle income,2,65.0,65.0,65.0,0.0,1,0.0,65.0,65.0,,65.0,2
MYS,2003,Malaysia,MY,East Asia & Pacific,Upper middle income,3,66.66666666666667,65.0,70.0,2.886751345948127,1,5.0,65.0,65.0,70.0,66.66666666666667,3
MYS,2004,Malaysia,MY,East Asia & Pacific,Upper middle income,3,70.0,70.0,70.0,0.0,1,0.0,70.0,70.0,70.0,70.0,3
MYS,2005,Malaysia,MY,East Asia & Pacific,Upper middle income,3,70.0,70.0,70.0,0.0,1,0.0,70.0,70.0,70.0,70.0,3
MYS,2006,Malaysia,MY,East Asia & Pacific,Upper middle income,3,70.0,70.0,70.0,0.0,1,0.0,70.0,70.0,70.0,70.0,3
MYS,2007,Malaysia,MY,East Asia & Pacific,Upper middle income,3,70.0,70.0,70.0,0.0,1,0.0,70.0,70.0,70.0,70.0,3
MYS,2008,Malaysia,MY,East Asia & Pacific,Upper middle income,3,70.0,70.0,70.0,0.0,1,0.0,70.0,70.0,70.0,70.0,3
MYS,2009,Malaysia,MY,East Asia & Pacific,Upper middle income,3,70.0,70.0,70.0,0.0,1,0.0,70.0,70.0,70.0,70.0,3
MYS,2010,Malaysia,MY,East Asia & Pacific,Upper middle income,3,70.0,70.0,70.0,0.0,1,0.0,70.0,70.0,70.0,70.0,3
MYS,2011,Malaysia,MY,East Asia & Pacific,Upper middle income,3,70.0,70.0,70.0,0.0,1,0.0,70.0,70.0,70.0,70.0,3
MYS,2012,Malaysia,MY,East Asia & Pacific,Upper middle income,3,70.0,70.0,70.0,0.0,1,0.0,70.0,70.0,70.0,70.0,3
MYS,2013,Malaysia,MY,East Asia & Pacific,Upper middle income,3,70.0,70.0,70.0,0.0,1,0.0,70.0,70.0,70.0,70.0,3
MYS,2014,Malaysia,MY,East Asia & Pacific,Upper middle income,3,70.0,70.0,70.0,0.0,1,0.0,70.0,70.0,70.0,70.0,3
MYS,2015,Malaysia,MY,East Asia & Pacific,Upper middle income,3,70.0,70.0,70.0,0.0,1,0.0,70.0,70.0,70.0,70.0,3
MYS,2016,Malaysia,MY,East Asia & Pacific,Upper middle income,3,70.0,70.0,70.0,0.0,1,0.0,70.0,70.0,70.0,70.0,3
MYS,2017,Malaysia,MY,East Asia & Pacific,Upper middle income,3,70.0,70.0,70.0,0.0,1,0.0,70.0,70.0,70.0,70.0,3
MYS,2018,Malaysia,MY,East Asia & Pacific,Upper middle income,3,70.0,70.0,70.0,0.0,1,0.0,70.0,70.0,70.0,70.0,3
MYS,2019,Malaysia,MY,East Asia & Pacific,Upper middle income,3,70.0,70.0,70.0,0.0,1,0.0,70.0,70.0,70.0,70.0,3
MYS,2020,Malaysia,MY,East Asia & Pacific,Upper middle income,3,68.33333333333333,65.0,70.0,2.88675134594813,1,5.0,65.0,70.0,70.0,68.33333333333333,3
MYS,2021,Malaysia,MY,East Asia & Pacific,Upper middle income,3,68.33333333333333,65.0,70.0,2.88675134594813,1,5.0,65.0,70.0,70.0,68.33333333333333,3
MYS,2022,Malaysia,MY,East Asia & Pacific,Upper middle income,3,68.33333333333333,65.0,70.0,2.88675134594813,1,5.0,65.0,70.0,70.0,68.33333333333333,3
MYS,2023,Malaysia,MY,East Asia & Pacific,Upper middle income,3,68.33333333333333,65.0,70.0,2.88675134594813,1,5.0,65.0,70.0,70.0,68.33333333333333,3
MYS,2024,Malaysia,MY,East Asia & Pacific,Upper middle income,3,68.33333333333333,65.0,70.0,2.88675134594813,1,5.0,65.0,70.0,70.0,68.33333333333333,3
MYS,2025,Malaysia,MY,East Asia & Pacific,Upper middle income,3,68.33333333333333,65.0,70.0,2.88675134594813,1,5.0,65.0,70.0,70.0,68.33333333333333,3
NAM,2000,Namibia,,Sub-Saharan Africa,Lower middle income,0,,,,,0,,,,,,0
NAM,2001,Namibia,,Sub-Saharan Africa,Lower middle income,0,,,,,0,,,,,,0
NAM,2002,Namibia,,Sub-Saharan Africa,Lower middle income,0,,,,,0,,,,,,0
NAM,2003,Namibia,,Sub-Saharan Africa,Lower middle income,0,,,,,0,,,,,,0
NAM,2004,Namibia,,Sub-Saharan Africa,Lower middle income,0,,,,,0,,,,,,0
NAM,2005,Namibia,,Sub-Saharan Africa,Lower middle income,1,55.0,55.0,55.0,0.0,1,0.0,55.0,,,55.0,1
NAM,2006,Namibia,,Sub-Saharan Africa,Lower middle income,1,55.0,55.0,55.0,0.0,1,0.0,55.0,,,55.0,1
NAM,2007,Namibia,,Sub-Saharan Africa,Lower middle income,1,55.0,55.0,55.0,0.0,1,0.0,55.0,,,55.0,1
NAM,2008,Namibia,,Sub-Saharan Africa,Lower middle income,1,55.0,55.0,55.0,0.0,1,0.0,55.0,,,55.0,1
NAM,2009,Namibia,,Sub-Saharan Africa,Lower middle income,1,55.0,55.0,55.0,0.0,1,0.0,55.0,,,55.0,1
NAM,2010,Namibia,,Sub-Saharan Africa,Lower middle income,1,55.0,55.0,55.0,0.0,1,0.0,55.0,,,55.0,1
NAM,2011,Namibia,,Sub-Saharan Africa,Lower middle income,2,55.0,55.0,55.0,0.0,1,0.0,55.0,55.0,,55.0,2
NAM,2012,Namibia,,Sub-Saharan Africa,Lower middle income,2,55.0,55.0,55.0,0.0,1,0.0,55.0,55.0,,55.0,2
NAM,2013,Namibia,,Sub-Saharan Africa,Lower middle income,2,55.0,55.0,55.0,0.0,1,0.0,55.0,55.0,,55.0,2
NAM,2014,Namibia,,Sub-Saharan Africa,Lower middle income,2,55.0,55.0,55.0,0.0,1,0.0,55.0,55.0,,55.0,2
NAM,2015,Namibia,,Sub-Saharan Africa,Lower middle income,2,55.0,55.0,55.0,0.0,1,0.0,55.0,55.0,,55.0,2
NAM,2016,Namibia,,Sub-Saharan Africa,Lower middle income,2,55.0,55.0,55.0,0.0,1,0.0,55.0,55.0,,55.0,2
NAM,2017,Namibia,,Sub-Saharan Africa,Lower middle income,2,50.0,50.0,50.0,0.0,1,0.0,50.0,50.0,,50.0,2
NAM,2018,Namibia,,Sub-Saharan Africa,Lower middle income,2,50.0,50.0,50.0,0.0,1,0.0,50.0,50.0,,50.0,2
NAM,2019,Namibia,,Sub-Saharan Africa,Lower middle income,2,45.0,45.0,45.0,0.0,1,0.0,45.0,45.0,,45.0,2
NAM,2020,Namibia,,Sub-Saharan Africa,Lower middle income,2,42.5,40.0,45.0,3.5355339059327378,1,5.0,45.0,40.0,,42.5,2
NAM,2021,Namibia,,Sub-Saharan Africa,Lower middle income,2,42.5,40.0,45.0,3.5355339059327378,1,5.0,45.0,40.0,,42.5,2
NAM,2022,Namibia,,Sub-Saharan Africa,Lower middle income,2,37.5,35.0,40.0,3.5355339059327378,1,5.0,40.0,35.0,,37.5,2
NAM,2023,Namibia,,Sub-Saharan Africa,Lower middle income,2,37.5,35.0,40.0,3.5355339059327378,1,5.0,40.0,35.0,,37.5,2
NAM,2024,Namibia,,Sub-Saharan Africa,Lower middle income,2,37.5,35.0,40.0,3.5355339059327378,1,5.0,40.0,35.0,,37.5,2
NAM,2025,Namibia,,Sub-Saharan Africa,Lower middle income,2,37.5,35.0,40.0,3.5355339059327378,1,5.0,40.0,35.0,,37.5,2
NER,2000,Niger,NE,Sub-Saharan Africa,Low income,0,,,,,0,,,,,,0
NER,2001,Niger,NE,Sub-Saharan Africa,Low income,0,,,,,0,,,,,,0
NER,2002,Niger,NE,Sub-Saharan Africa,Low income,0,,,,,0,,,,,,0
NER,2003,Niger,NE,Sub-Saharan Africa,Low income,0,,,,,0,,,,,,0
NER,2004,Niger,NE,Sub-Saharan Africa,Low income,0,,,,,0,,,,,,0
NER,2005,Niger,NE,Sub-Saharan Africa,Low income,0,,,,,0,,,,,,0
NER,2006,Niger,NE,Sub-Saharan Africa,Low income,0,,,,,0,,,,,,0
NER,2007,Niger,NE,Sub-Saharan Africa,Low income,0,,,,,0,,,,,,0
NER,2008,Niger,NE,Sub-Saharan Africa,Low income,0,,,,,0,,,,,,0
NER,2009,Niger,NE,Sub-Saharan Africa,Low income,0,,,,,0,,,,,,0
NER,2010,Niger,NE,Sub-Saharan Africa,Low income,0,,,,,0,,,,,,0
NER,2011,Niger,NE,Sub-Saharan Africa,Low income,0,,,,,0,,,,,,0
NER,2012,Niger,NE,Sub-Saharan Africa,Low income,0,,,,,0,,,,,,0
NER,2013,Niger,NE,Sub-Saharan Africa,Low income,0,,,,,0,,,,,,0
NER,2014,Niger,NE,Sub-Saharan Africa,Low income,0,,,,,0,,,,,,0
NER,2015,Niger,NE,Sub-Saharan Africa,Low income,0,,,,,0,,,,,,0
NER,2016,Niger,NE,Sub-Saharan Africa,Low income,0,,,,,0,,,,,,0
NER,2017,Niger,NE,Sub-Saharan Africa,Low income,0,,,,,0,,,,,,0
NER,2018,Niger,NE,Sub-Saharan Africa,Low income,0,,,,,0,,,,,,0
NER,2019,Niger,NE,Sub-Saharan Africa,Low income,1,25.0,25.0,25.0,0.0,1,0.0,,25.0,,25.0,1
NER,2020,Niger,NE,Sub-Saharan Africa,Low income,1,25.0,25.0,25.0,0.0,1,0.0,,25.0,,25.0,1
NER,2021,Niger,NE,Sub-Saharan Africa,Low income,1,25.0,25.0,25.0,0.0,1,0.0,,25.0,,25.0,1
NER,2022,Niger,NE,Sub-Saharan Africa,Low income,1,25.0,25.0,25.0,0.0,1,0.0,,25.0,,25.0,1
NER,2023,Niger,NE,Sub-Saharan Africa,Low income,1,15.0,15.0,15.0,0.0,1,0.0,,15.0,,15.0,1
NER,2024,Niger,NE,Sub-Saharan Africa,Low income,1,10.0,10.0,10.0,0.0,1,0.0,,10.0,,10.0,1
NER,2025,Niger,NE,Sub-Saharan Africa,Low income,1,10.0,10.0,10.0,0.0,1,0.0,,10.0,,10.0,1
NGA,2000,Nigeria,NG,Sub-Saharan Africa,Lower middle income,0,,,,,0,,,,,,0
NGA,2001,Nigeria,NG,Sub-Saharan Africa,Lower middle income,0,,,,,0,,,,,,0
NGA,2002,Nigeria,NG,Sub-Saharan Africa,Lower middle income,0,,,,,0,,,,,,0
NGA,2003,Nigeria,NG,Sub-Saharan Africa,Lower middle income,0,,,,,0,,,,,,0
NGA,2004,Nigeria,NG,Sub-Saharan Africa,Lower middle income,0,,,,,0,,,,,,0
NGA,2005,Nigeria,NG,Sub-Saharan Africa,Lower middle income,0,,,,,0,,,,,,0
NGA,2006,Nigeria,NG,Sub-Saharan Africa,Lower middle income,1,40.0,40.0,40.0,0.0,1,0.0,40.0,,,40.0,1
NGA,2007,Nigeria,NG,Sub-Saharan Africa,Lower middle income,1,40.0,40.0,40.0,0.0,1,0.0,40.0,,,40.0,1
NGA,2008,Nigeria,NG,Sub-Saharan Africa,Lower middle income,1,40.0,40.0,40.0,0.0,1,0.0,40.0,,,40.0,1
NGA,2009,Nigeria,NG,Sub-Saharan Africa,Lower middle income,2,37.5,35.0,40.0,3.5355339059327378,1,5.0,40.0,,35.0,37.5,2
NGA,2010,Nigeria,NG,Sub-Saharan Africa,Lower middle income,2,37.5,35.0,40.0,3.5355339059327378,1,5.0,40.0,,35.0,37.5,2
NGA,2011,Nigeria,NG,Sub-Saharan Africa,Lower middle income,2,37.5,35.0,40.0,3.5355339059327378,1,5.0,40.0,,35.0,37.5,2
NGA,2012,Nigeria,NG,Sub-Saharan Africa,Lower middle income,2,40.0,40.0,40.0,0.0,1,0.0,40.0,,40.0,40.0,2
NGA,2013,Nigeria,NG,Sub-Saharan Africa,Lower middle income,2,40.0,40.0,40.0,0.0,1,0.0,40.0,,40.0,40.0,2
NGA,2014,Nigeria,NG,Sub-Saharan Africa,Lower middle income,2,40.0,40.0,40.0,0.0,1,0.0,40.0,,40.0,40.0,2
NGA,2015,Nigeria,NG,Sub-Saharan Africa,Lower middle income,2,37.5,35.0,40.0,3.5355339059327378,1,5.0,40.0,,35.0,37.5,2
NGA,2016,Nigeria,NG,Sub-Saharan Africa,Lower middle income,2,32.5,30.0,35.0,3.5355339059327378,1,5.0,35.0,,30.0,32.5,2
NGA,2017,Nigeria,NG,Sub-Saharan Africa,Lower middle income,2,32.5,30.0,35.0,3.5355339059327378,1,5.0,35.0,,30.0,32.5,2
NGA,2018,Nigeria,NG,Sub-Saharan Africa,Lower middle income,2,32.5,30.0,35.0,3.5355339059327378,1,5.0,35.0,,30.0,32.5,2
NGA,2019,Nigeria,NG,Sub-Saharan Africa,Lower middle income,2,32.5,30.0,35.0,3.5355339059327378,1,5.0,35.0,,30.0,32.5,2
NGA,2020,Nigeria,NG,Sub-Saharan Africa,Lower middle income,2,27.5,25.0,30.0,3.5355339059327378,1,5.0,30.0,,25.0,27.5,2
NGA,2021,Nigeria,NG,Sub-Saharan Africa,Lower middle income,2,27.5,25.0,30.0,3.5355339059327378,1,5.0,30.0,,25.0,27.5,2
NGA,2022,Nigeria,NG,Sub-Saharan Africa,Lower middle income,2,25.0,25.0,25.0,0.0,1,0.0,25.0,,25.0,25.0,2
NGA,2023,Nigeria,NG,Sub-Saharan Africa,Lower middle income,2,25.0,25.0,25.0,0.0,1,0.0,25.0,,25.0,25.0,2
NGA,2024,Nigeria,NG,Sub-Saharan Africa,Lower middle income,2,25.0,25.0,25.0,0.0,1,0.0,25.0,,25.0,25.0,2
NGA,2025,Nigeria,NG,Sub-Saharan Africa,Lower middle income,2,25.0,25.0,25.0,0.0,1,0.0,25.0,,25.0,25.0,2
NIC,2000,Nicaragua,NI,Latin America & Caribbean,Lower middle income,1,30.0,30.0,30.0,0.0,1,0.0,,30.0,,30.0,1
NIC,2001,Nicaragua,NI,Latin America & Caribbean,Lower middle income,1,30.0,30.0,30.0,0.0,1,0.0,,30.0,,30.0,1
NIC,2002,Nicaragua,NI,Latin America & Caribbean,Lower middle income,1,30.0,30.0,30.0,0.0,1,0.0,,30.0,,30.0,1
NIC,2003,Nicaragua,NI,Latin America & Caribbean,Lower middle income,1,20.0,20.0,20.0,0.0,1,0.0,,20.0,,20.0,1
NIC,2004,Nicaragua,NI,Latin America & Caribbean,Lower middle income,1,20.0,20.0,20.0,0.0,1,0.0,,20.0,,20.0,1
NIC,2005,Nicaragua,NI,Latin America & Caribbean,Lower middle income,1,20.0,20.0,20.0,0.0,1,0.0,,20.0,,20.0,1
NIC,2006,Nicaragua,NI,Latin America & Caribbean,Lower middle income,1,20.0,20.0,20.0,0.0,1,0.0,,20.0,,20.0,1
NIC,2007,Nicaragua,NI,Latin America & Caribbean,Lower middle income,1,20.0,20.0,20.0,0.0,1,0.0,,20.0,,20.0,1
NIC,2008,Nicaragua,NI,Latin America & Caribbean,Lower middle income,1,20.0,20.0,20.0,0.0,1,0.0,,20.0,,20.0,1
NIC,2009,Nicaragua,NI,Latin America & Caribbean,Lower middle income,1,20.0,20.0,20.0,0.0,1,0.0,,20.0,,20.0,1
NIC,2010,Nicaragua,NI,Latin America & Caribbean,Lower middle income,1,25.0,25.0,25.0,0.0,1,0.0,,25.0,,25.0,1
NIC,2011,Nicaragua,NI,Latin America & Caribbean,Lower middle income,1,25.0,25.0,25.0,0.0,1,0.0,,25.0,,25.0,1
NIC,2012,Nicaragua,NI,Latin America & Caribbean,Lower middle income,1,25.0,25.0,25.0,0.0,1,0.0,,25.0,,25.0,1
NIC,2013,Nicaragua,NI,Latin America & Caribbean,Lower middle income,1,25.0,25.0,25.0,0.0,1,0.0,,25.0,,25.0,1
NIC,2014,Nicaragua,NI,Latin America & Caribbean,Lower middle income,1,25.0,25.0,25.0,0.0,1,0.0,,25.0,,25.0,1
NIC,2015,Nicaragua,NI,Latin America & Caribbean,Lower middle income,2,32.5,30.0,35.0,3.5355339059327378,1,5.0,35.0,30.0,,32.5,2
NIC,2016,Nicaragua,NI,Latin America & Caribbean,Lower middle income,2,32.5,30.0,35.0,3.5355339059327378,1,5.0,35.0,30.0,,32.5,2
NIC,2017,Nicaragua,NI,Latin America & Caribbean,Lower middle income,2,32.5,30.0,35.0,3.5355339059327378,1,5.0,35.0,30.0,,32.5,2
NIC,2018,Nicaragua,NI,Latin America & Caribbean,Lower middle income,2,27.5,25.0,30.0,3.5355339059327378,1,5.0,25.0,30.0,,27.5,2
NIC,2019,Nicaragua,NI,Latin America & Caribbean,Lower middle income,2,27.5,25.0,30.0,3.5355339059327378,1,5.0,25.0,30.0,,27.5,2
NIC,2020,Nicaragua,NI,Latin America & Caribbean,Lower middle income,2,25.0,25.0,25.0,0.0,1,0.0,25.0,25.0,,25.0,2
NIC,2021,Nicaragua,NI,Latin America & Caribbean,Lower middle income,2,25.0,25.0,25.0,0.0,1,0.0,25.0,25.0,,25.0,2
NIC,2022,Nicaragua,NI,Latin America & Caribbean,Lower middle income,3,26.666666666666668,25.0,30.0,2.886751345948128,1,5.0,25.0,25.0,30.0,26.666666666666668,3
NIC,2023,Nicaragua,NI,Latin America & Caribbean,Lower middle income,3,26.666666666666668,25.0,30.0,2.886751345948128,1,5.0,25.0,25.0,30.0,26.666666666666668,3
NIC,2024,Nicaragua,NI,Latin America & Caribbean,Lower middle income,3,28.333333333333332,25.0,30.0,2.886751345948129,1,5.0,25.0,30.0,30.0,28.333333333333332,3
NIC,2025,Nicaragua,NI,Latin America & Caribbean,Lower middle income,3,28.333333333333332,25.0,30.0,2.886751345948129,1,5.0,25.0,30.0,30.0,28.333333333333332,3
NLD,2000,Netherlands,NL,Europe & Central Asia,High income,3,100.0,100.0,100.0,0.0,1,0.0,100.0,100.0,100.0,100.0,3
NLD,2001,Netherlands,NL,Europe & Central Asia,High income,3,100.0,100.0,100.0,0.0,1,0.0,100.0,100.0,100.0,100.0,3
NLD,2002,Netherlands,NL,Europe & Central Asia,High income,3,100.0,100.0,100.0,0.0,1,0.0,100.0,100.0,100.0,100.0,3
NLD,2003,Netherlands,NL,Europe & Central Asia,High income,3,100.0,100.0,100.0,0.0,1,0.0,100.0,100.0,100.0,100.0,3
NLD,2004,Netherlands,NL,Europe & Central Asia,High income,3,100.0,100.0,100.0,0.0,1,0.0,100.0,100.0,100.0,100.0,3
NLD,2005,Netherlands,NL,Europe & Central Asia,High income,3,100.0,100.0,100.0,0.0,1,0.0,100.0,100.0,100.0,100.0,3
NLD,2006,Netherlands,NL,Europe & Central Asia,High income,3,100.0,100.0,100.0,0.0,1,0.0,100.0,100.0,100.0,100.0,3
NLD,2007,Netherlands,NL,Europe & Central Asia,High income,3,100.0,100.0,100.0,0.0,1,0.0,100.0,100.0,100.0,100.0,3
NLD,2008,Netherlands,NL,Europe & Central Asia,High income,3,100.0,100.0,100.0,0.0,1,0.0,100.0,100.0,100.0,100.0,3
NLD,2009,Netherlands,NL,Europe & Central Asia,High income,3,100.0,100.0,100.0,0.0,1,0.0,100.0,100.0,100.0,100.0,3
NLD,2010,Netherlands,NL,Europe & Central Asia,High income,3,100.0,100.0,100.0,0.0,1,0.0,100.0,100.0,100.0,100.0,3
NLD,2011,Netherlands,NL,Europe & Central Asia,High income,3,100.0,100.0,100.0,0.0,1,0.0,100.0,100.0,100.0,100.0,3
NLD,2012,Netherlands,NL,Europe & Central Asia,High income,3,100.0,100.0,100.0,0.0,1,0.0,100.0,100.0,100.0,100.0,3
NLD,2013,Netherlands,NL,Europe & Central Asia,High income,3,98.33333333333333,95.0,100.0,2.886751345948127,1,5.0,100.0,100.0,95.0,98.33333333333333,3
NLD,2014,Netherlands,NL,Europe & Central Asia,High income,3,98.33333333333333,95.0,100.0,2.886751345948127,1,5.0,100.0,100.0,95.0,98.33333333333333,3
NLD,2015,Netherlands,NL,Europe & Central Asia,High income,3,100.0,100.0,100.0,0.0,1,0.0,100.0,100.0,100.0,100.0,3
NLD,2016,Netherlands,NL,Europe & Central Asia,High income,3,100.0,100.0,100.0,0.0,1,0.0,100.0,100.0,100.0,100.0,3
NLD,2017,Netherlands,NL,Europe & Central Asia,High income,3,100.0,100.0,100.0,0.0,1,0.0,100.0,100.0,100.0,100.0,3
NLD,2018,Netherlands,NL,Europe & Central Asia,High income,3,100.0,100.0,100.0,0.0,1,0.0,100.0,100.0,100.0,100.0,3
NLD,2019,Netherlands,NL,Europe & Central Asia,High income,3,100.0,100.0,100.0,0.0,1,0.0,100.0,100.0,100.0,100.0,3
NLD,2020,Netherlands,NL,Europe & Central Asia,High income,3,100.0,100.0,100.0,0.0,1,0.0,100.0,100.0,100.0,100.0,3
NLD,2021,Netherlands,NL,Europe & Central Asia,High income,3,100.0,100.0,100.0,0.0,1,0.0,100.0,100.0,100.0,100.0,3
NLD,2022,Netherlands,NL,Europe & Central Asia,High income,3,100.0,100.0,100.0,0.0,1,0.0,100.0,100.0,100.0,100.0,3
NLD,2023,Netherlands,NL,Europe & Central Asia,High income,3,100.0,100.0,100.0,0.0,1,0.0,100.0,100.0,100.0,100.0,3
NLD,2024,Netherlands,NL,Europe & Central Asia,High income,3,100.0,100.0,100.0,0.0,1,0.0,100.0,100.0,100.0,100.0,3
NLD,2025,Netherlands,NL,Europe & Central Asia,High income,3,100.0,100.0,100.0,0.0,1,0.0,100.0,100.0,100.0,100.0,3
NOR,2000,Norway,NO,Europe & Central Asia,High income,3,100.0,100.0,100.0,0.0,1,0.0,100.0,100.0,100.0,100.0,3
NOR,2001,Norway,NO,Europe & Central Asia,High income,3,100.0,100.0,100.0,0.0,1,0.0,100.0,100.0,100.0,100.0,3
NOR,2002,Norway,NO,Europe & Central Asia,High income,3,100.0,100.0,100.0,0.0,1,0.0,100.0,100.0,100.0,100.0,3
NOR,2003,Norway,NO,Europe & Central Asia,High income,3,100.0,100.0,100.0,0.0,1,0.0,100.0,100.0,100.0,100.0,3
NOR,2004,Norway,NO,Europe & Central Asia,High income,3,100.0,100.0,100.0,0.0,1,0.0,100.0,100.0,100.0,100.0,3
NOR,2005,Norway,NO,Europe & Central Asia,High income,3,100.0,100.0,100.0,0.0,1,0.0,100.0,100.0,100.0,100.0,3
NOR,2006,Norway,NO,Europe & Central Asia,High income,3,100.0,100.0,100.0,0.0,1,0.0,100.0,100.0,100.0,100.0,3
NOR,2007,Norway,NO,Europe & Central Asia,High income,3,100.0,100.0,100.0,0.0,1,0.0,100.0,100.0,100.0,100.0,3
NOR,2008,Norway,NO,Europe & Central Asia,High income,3,100.0,100.0,100.0,0.0,1,0.0,100.0,100.0,100.0,100.0,3
NOR,2009,Norway,NO,Europe & Central Asia,High income,3,100.0,100.0,100.0,0.0,1,0.0,100.0,100.0,100.0,100.0,3
NOR,2010,Norway,NO,Europe & Central Asia,High income,3,100.0,100.0,100.0,0.0,1,0.0,100.0,100.0,100.0,100.0,3
NOR,2011,Norway,NO,Europe & Central Asia,High income,3,100.0,100.0,100.0,0.0,1,0.0,100.0,100.0,100.0,100.0,3
NOR,2012,Norway,NO,Europe & Central Asia,High income,3,100.0,100.0,100.0,0.0,1,0.0,100.0,100.0,100.0,100.0,3
NOR,2013,Norway,NO,Europe & Central Asia,High income,3,100.0,100.0,100.0,0.0,1,0.0,100.0,100.0,100.0,100.0,3
NOR,2014,Norway,NO,Europe & Central Asia,High income,3,100.0,100.0,100.0,0.0,1,0.0,100.0,100.0,100.0,100.0,3
NOR,2015,Norway,NO,Europe & Central Asia,High income,3,100.0,100.0,100.0,0.0,1,0.0,100.0,100.0,100.0,100.0,3
NOR,2016,Norway,NO,Europe & Central Asia,High income,3,100.0,100.0,100.0,0.0,1,0.0,100.0,100.0,100.0,100.0,3
NOR,2017,Norway,NO,Europe & Central Asia,High income,3,100.0,100.0,100.0,0.0,1,0.0,100.0,100.0,100.0,100.0,3
NOR,2018,Norway,NO,Europe & Central Asia,High income,3,100.0,100.0,100.0,0.0,1,0.0,100.0,100.0,100.0,100.0,3
NOR,2019,Norway,NO,Europe & Central Asia,High income,3,100.0,100.0,100.0,0.0,1,0.0,100.0,100.0,100.0,100.0,3
NOR,2020,Norway,NO,Europe & Central Asia,High income,3,100.0,100.0,100.0,0.0,1,0.0,100.0,100.0,100.0,100.0,3
NOR,2021,Norway,NO,Europe & Central Asia,High income,3,100.0,100.0,100.0,0.0,1,0.0,100.0,100.0,100.0,100.0,3
NOR,2022,Norway,NO,Europe & Central Asia,High income,3,100.0,100.0,100.0,0.0,1,0.0,100.0,100.0,100.0,100.0,3
NOR,2023,Norway,NO,Europe & Central Asia,High income,3,100.0,100.0,100.0,0.0,1,0.0,100.0,100.0,100.0,100.0,3
NOR,2024,Norway,NO,Europe & Central Asia,High income,3,100.0,100.0,100.0,0.0,1,0.0,100.0,100.0,100.0,100.0,3
NOR,2025,Norway,NO,Europe & Central Asia,High income,3,100.0,100.0,100.0,0.0,1,0.0,100.0,100.0,100.0,100.0,3
NZL,2000,New Zealand,NZ,East Asia & Pacific,High income,1,90.0,90.0,90.0,0.0,1,0.0,,90.0,,90.0,1
NZL,2001,New Zealand,NZ,East Asia & Pacific,High income,1,90.0,90.0,90.0,0.0,1,0.0,,90.0,,90.0,1
NZL,2002,New Zealand,NZ,East Asia & Pacific,High income,2,95.0,90.0,100.0,7.0710678118654755,1,10.0,90.0,100.0,,95.0,2
NZL,2003,New Zealand,NZ,East Asia & Pacific,High income,2,97.5,95.0,100.0,3.5355339059327378,1,5.0,95.0,100.0,,97.5,2
NZL,2004,New Zealand,NZ,East Asia & Pacific,High income,2,97.5,95.0,100.0,3.5355339059327378,1,5.0,95.0,100.0,,97.5,2
NZL,2005,New Zealand,NZ,East Asia & Pacific,High income,2,97.5,95.0,100.0,3.5355339059327378,1,5.0,95.0,100.0,,97.5,2
NZL,2006,New Zealand,NZ,East Asia & Pacific,High income,2,97.5,95.0,100.0,3.5355339059327378,1,5.0,95.0,100.0,,97.5,2
NZL,2007,New Zealand,NZ,East Asia & Pacific,High income,2,97.5,95.0,100.0,3.5355339059327378,1,5.0,95.0,100.0,,97.5,2
NZL,2008,New Zealand,NZ,East Asia & Pacific,High income,2,97.5,95.0,100.0,3.5355339059327378,1,5.0,95.0,100.0,,97.5,2
NZL,2009,New Zealand,NZ,East Asia & Pacific,High income,2,97.5,95.0,100.0,3.5355339059327378,1,5.0,95.0,100.0,,97.5,2
NZL,2010,New Zealand,NZ,East Asia & Pacific,High income,2,97.5,95.0,100.0,3.5355339059327378,1,5.0,95.0,100.0,,97.5,2
NZL,2011,New Zealand,NZ,East Asia & Pacific,High income,3,93.33333333333333,90.0,100.0,5.773502691896256,1,10.0,90.0,100.0,90.0,93.33333333333333,3
NZL,2012,New Zealand,NZ,East Asia & Pacific,High income,3,93.33333333333333,90.0,100.0,5.773502691896256,1,10.0,90.0,100.0,90.0,93.33333333333333,3
NZL,2013,New Zealand,NZ,East Asia & Pacific,High income,3,93.33333333333333,90.0,100.0,5.773502691896256,1,10.0,90.0,100.0,90.0,93.33333333333333,3
NZL,2014,New Zealand,NZ,East Asia & Pacific,High income,3,93.33333333333333,90.0,100.0,5.773502691896256,1,10.0,90.0,100.0,90.0,93.33333333333333,3
NZL,2015,New Zealand,NZ,East Asia & Pacific,High income,3,93.33333333333333,90.0,100.0,5.773502691896256,1,10.0,90.0,100.0,90.0,93.33333333333333,3
NZL,2016,New Zealand,NZ,East Asia & Pacific,High income,3,93.33333333333333,90.0,100.0,5.773502691896256,1,10.0,90.0,100.0,90.0,93.33333333333333,3
NZL,2017,New Zealand,NZ,East Asia & Pacific,High income,3,93.33333333333333,90.0,100.0,5.773502691896256,1,10.0,90.0,100.0,90.0,93.33333333333333,3
NZL,2018,New Zealand,NZ,East Asia & Pacific,High income,3,93.33333333333333,90.0,100.0,5.773502691896256,1,10.0,90.0,100.0,90.0,93.33333333333333,3
NZL,2019,New Zealand,NZ,East Asia & Pacific,High income,3,93.33333333333333,90.0,100.0,5.773502691896256,1,10.0,90.0,100.0,90.0,93.33333333333333,3
NZL,2020,New Zealand,NZ,East Asia & Pacific,High income,3,93.33333333333333,90.0,100.0,5.773502691896256,1,10.0,90.0,100.0,90.0,93.33333333333333,3
NZL,2021,New Zealand,NZ,East Asia & Pacific,High income,3,95.0,90.0,100.0,5.0,1,10.0,90.0,100.0,95.0,95.0,3
NZL,2022,New Zealand,NZ,East Asia & Pacific,High income,3,96.66666666666667,95.0,100.0,2.88675134594813,1,5.0,95.0,100.0,95.0,96.66666666666667,3
NZL,2023,New Zealand,NZ,East Asia & Pacific,High income,3,96.66666666666667,95.0,100.0,2.88675134594813,1,5.0,95.0,100.0,95.0,96.66666666666667,3
NZL,2024,New Zealand,NZ,East Asia & Pacific,High income,3,96.66666666666667,95.0,100.0,2.88675134594813,1,5.0,95.0,100.0,95.0,96.66666666666667,3
NZL,2025,New Zealand,NZ,East Asia & Pacific,High income,3,96.66666666666667,95.0,100.0,2.88675134594813,1,5.0,95.0,100.0,95.0,96.66666666666667,3
OMN,2000,Oman,OM,"Middle East, North Africa, Afghanistan & Pakistan",High income,1,60.0,60.0,60.0,0.0,1,0.0,,60.0,,60.0,1
OMN,2001,Oman,OM,"Middle East, North Africa, Afghanistan & Pakistan",High income,1,60.0,60.0,60.0,0.0,1,0.0,,60.0,,60.0,1
OMN,2002,Oman,OM,"Middle East, North Africa, Afghanistan & Pakistan",High income,1,60.0,60.0,60.0,0.0,1,0.0,,60.0,,60.0,1
OMN,2003,Oman,OM,"Middle East, North Africa, Afghanistan & Pakistan",High income,1,60.0,60.0,60.0,0.0,1,0.0,,60.0,,60.0,1
OMN,2004,Oman,OM,"Middle East, North Africa, Afghanistan & Pakistan",High income,1,60.0,60.0,60.0,0.0,1,0.0,,60.0,,60.0,1
OMN,2005,Oman,OM,"Middle East, North Africa, Afghanistan & Pakistan",High income,1,65.0,65.0,65.0,0.0,1,0.0,,65.0,,65.0,1
OMN,2006,Oman,OM,"Middle East, North Africa, Afghanistan & Pakistan",High income,1,70.0,70.0,70.0,0.0,1,0.0,,70.0,,70.0,1
OMN,2007,Oman,OM,"Middle East, North Africa, Afghanistan & Pakistan",High income,2,75.0,75.0,75.0,0.0,1,0.0,,75.0,75.0,75.0,2
OMN,2008,Oman,OM,"Middle East, North Africa, Afghanistan & Pakistan",High income,2,75.0,75.0,75.0,0.0,1,0.0,,75.0,75.0,75.0,2
OMN,2009,Oman,OM,"Middle East, North Africa, Afghanistan & Pakistan",High income,2,75.0,75.0,75.0,0.0,1,0.0,,75.0,75.0,75.0,2
OMN,2010,Oman,OM,"Middle East, North Africa, Afghanistan & Pakistan",High income,2,77.5,75.0,80.0,3.5355339059327378,1,5.0,,80.0,75.0,77.5,2
OMN,2011,Oman,OM,"Middle East, North Africa, Afghanistan & Pakistan",High income,2,77.5,75.0,80.0,3.5355339059327378,1,5.0,,80.0,75.0,77.5,2
OMN,2012,Oman,OM,"Middle East, North Africa, Afghanistan & Pakistan",High income,2,77.5,75.0,80.0,3.5355339059327378,1,5.0,,80.0,75.0,77.5,2
OMN,2013,Oman,OM,"Middle East, North Africa, Afghanistan & Pakistan",High income,2,77.5,75.0,80.0,3.5355339059327378,1,5.0,,80.0,75.0,77.5,2
OMN,2014,Oman,OM,"Middle East, North Africa, Afghanistan & Pakistan",High income,2,77.5,75.0,80.0,3.5355339059327378,1,5.0,,80.0,75.0,77.5,2
OMN,2015,Oman,OM,"Middle East, North Africa, Afghanistan & Pakistan",High income,2,72.5,65.0,80.0,10.606601717798213,1,15.0,,80.0,65.0,72.5,2
OMN,2016,Oman,OM,"Middle East, North Africa, Afghanistan & Pakistan",High income,2,60.0,55.0,65.0,7.0710678118654755,1,10.0,,65.0,55.0,60.0,2
OMN,2017,Oman,OM,"Middle East, North Africa, Afghanistan & Pakistan",High income,3,53.333333333333336,45.0,60.0,7.637626158259734,1,15.0,55.0,60.0,45.0,53.333333333333336,3
OMN,2018,Oman,OM,"Middle East, North Africa, Afghanistan & Pakistan",High income,3,50.0,45.0,55.0,5.0,1,10.0,50.0,55.0,45.0,50.0,3
OMN,2019,Oman,OM,"Middle East, North Africa, Afghanistan & Pakistan",High income,3,48.333333333333336,45.0,50.0,2.88675134594813,1,5.0,50.0,50.0,45.0,48.333333333333336,3
OMN,2020,Oman,OM,"Middle East, North Africa, Afghanistan & Pakistan",High income,3,38.333333333333336,35.0,40.0,2.88675134594813,1,5.0,40.0,40.0,35.0,38.333333333333336,3
OMN,2021,Oman,OM,"Middle East, North Africa, Afghanistan & Pakistan",High income,3,38.333333333333336,35.0,40.0,2.88675134594813,1,5.0,40.0,40.0,35.0,38.333333333333336,3
OMN,2022,Oman,OM,"Middle East, North Africa, Afghanistan & Pakistan",High income,3,43.333333333333336,40.0,45.0,2.886751345948128,1,5.0,45.0,40.0,45.0,43.333333333333336,3
OMN,2023,Oman,OM,"Middle East, North Africa, Afghanistan & Pakistan",High income,3,48.333333333333336,45.0,50.0,2.886751345948128,1,5.0,45.0,50.0,50.0,48.333333333333336,3
OMN,2024,Oman,OM,"Middle East, North Africa, Afghanistan & Pakistan",High income,3,50.0,45.0,55.0,5.0,1,10.0,45.0,50.0,55.0,50.0,3
OMN,2025,Oman,OM,"Middle East, North Africa, Afghanistan & Pakistan",High income,3,51.666666666666664,45.0,55.0,5.773502691896258,1,10.0,45.0,55.0,55.0,51.666666666666664,3
PAK,2000,Pakistan,PK,"Middle East, North Africa, Afghanistan & Pakistan",Lower middle income,1,20.0,20.0,20.0,0.0,1,0.0,,20.0,,20.0,1
PAK,2001,Pakistan,PK,"Middle East, North Africa, Afghanistan & Pakistan",Lower middle income,1,20.0,20.0,20.0,0.0,1,0.0,,20.0,,20.0,1
PAK,2002,Pakistan,PK,"Middle East, North Africa, Afghanistan & Pakistan",Lower middle income,1,25.0,25.0,25.0,0.0,1,0.0,,25.0,,25.0,1
PAK,2003,Pakistan,PK,"Middle East, North Africa, Afghanistan & Pakistan",Lower middle income,1,30.0,30.0,30.0,0.0,1,0.0,,30.0,,30.0,1
PAK,2004,Pakistan,PK,"Middle East, North Africa, Afghanistan & Pakistan",Lower middle income,1,30.0,30.0,30.0,0.0,1,0.0,,30.0,,30.0,1
PAK,2005,Pakistan,PK,"Middle East, North Africa, Afghanistan & Pakistan",Lower middle income,1,30.0,30.0,30.0,0.0,1,0.0,,30.0,,30.0,1
PAK,2006,Pakistan,PK,"Middle East, North Africa, Afghanistan & Pakistan",Lower middle income,1,35.0,35.0,35.0,0.0,1,0.0,,35.0,,35.0,1
PAK,2007,Pakistan,PK,"Middle East, North Africa, Afghanistan & Pakistan",Lower middle income,1,35.0,35.0,35.0,0.0,1,0.0,,35.0,,35.0,1
PAK,2008,Pakistan,PK,"Middle East, North Africa, Afghanistan & Pakistan",Lower middle income,1,25.0,25.0,25.0,0.0,1,0.0,,25.0,,25.0,1
PAK,2009,Pakistan,PK,"Middle East, North Africa, Afghanistan & Pakistan",Lower middle income,2,25.0,25.0,25.0,0.0,1,0.0,,25.0,25.0,25.0,2
PAK,2010,Pakistan,PK,"Middle East, North Africa, Afghanistan & Pakistan",Lower middle income,2,25.0,25.0,25.0,0.0,1,0.0,,25.0,25.0,25.0,2
PAK,2011,Pakistan,PK,"Middle East, North Africa, Afghanistan & Pakistan",Lower middle income,2,25.0,25.0,25.0,0.0,1,0.0,,25.0,25.0,25.0,2
PAK,2012,Pakistan,PK,"Middle East, North Africa, Afghanistan & Pakistan",Lower middle income,2,22.5,20.0,25.0,3.5355339059327378,1,5.0,,20.0,25.0,22.5,2
PAK,2013,Pakistan,PK,"Middle East, North Africa, Afghanistan & Pakistan",Lower middle income,2,22.5,20.0,25.0,3.5355339059327378,1,5.0,,20.0,25.0,22.5,2
PAK,2014,Pakistan,PK,"Middle East, North Africa, Afghanistan & Pakistan",Lower middle income,2,22.5,20.0,25.0,3.5355339059327378,1,5.0,,20.0,25.0,22.5,2
PAK,2015,Pakistan,PK,"Middle East, North Africa, Afghanistan & Pakistan",Lower middle income,3,26.666666666666668,25.0,30.0,2.886751345948129,1,5.0,30.0,25.0,25.0,26.666666666666668,3
PAK,2016,Pakistan,PK,"Middle East, North Africa, Afghanistan & Pakistan",Lower middle income,3,28.333333333333332,25.0,30.0,2.886751345948129,1,5.0,30.0,25.0,30.0,28.333333333333332,3
PAK,2017,Pakistan,PK,"Middle East, North Africa, Afghanistan & Pakistan",Lower middle income,3,28.333333333333332,25.0,30.0,2.886751345948129,1,5.0,30.0,25.0,30.0,28.333333333333332,3
PAK,2018,Pakistan,PK,"Middle East, North Africa, Afghanistan & Pakistan",Lower middle income,3,26.666666666666668,25.0,30.0,2.886751345948128,1,5.0,25.0,25.0,30.0,26.666666666666668,3
PAK,2019,Pakistan,PK,"Middle East, North Africa, Afghanistan & Pakistan",Lower middle income,3,25.0,25.0,25.0,0.0,1,0.0,25.0,25.0,25.0,25.0,3
PAK,2020,Pakistan,PK,"Middle East, North Africa, Afghanistan & Pakistan",Lower middle income,3,25.0,25.0,25.0,0.0,1,0.0,25.0,25.0,25.0,25.0,3
PAK,2021,Pakistan,PK,"Middle East, North Africa, Afghanistan & Pakistan",Lower middle income,3,25.0,25.0,25.0,0.0,1,0.0,25.0,25.0,25.0,25.0,3
PAK,2022,Pakistan,PK,"Middle East, North Africa, Afghanistan & Pakistan",Lower middle income,3,20.0,20.0,20.0,0.0,1,0.0,20.0,20.0,20.0,20.0,3
PAK,2023,Pakistan,PK,"Middle East, North Africa, Afghanistan & Pakistan",Lower middle income,3,13.333333333333334,10.0,20.0,5.773502691896257,1,10.0,10.0,10.0,20.0,13.333333333333334,3
PAK,2024,Pakistan,PK,"Middle East, North Africa, Afghanistan & Pakistan",Lower middle income,3,15.0,10.0,20.0,5.0,1,10.0,10.0,15.0,20.0,15.0,3
PAK,2025,Pakistan,PK,"Middle East, North Africa, Afghanistan & Pakistan",Lower middle income,3,18.333333333333332,10.0,25.0,7.637626158259734,1,15.0,10.0,20.0,25.0,18.333333333333332,3
PAN,2000,Panama,PA,Latin America & Caribbean,High income,2,50.0,50.0,50.0,0.0,1,0.0,50.0,50.0,,50.0,2
PAN,2001,Panama,PA,Latin America & Caribbean,High income,2,50.0,50.0,50.0,0.0,1,0.0,50.0,50.0,,50.0,2
PAN,2002,Panama,PA,Latin America & Caribbean,High income,2,50.0,50.0,50.0,0.0,1,0.0,50.0,50.0,,50.0,2
PAN,2003,Panama,PA,Latin America & Caribbean,High income,2,50.0,50.0,50.0,0.0,1,0.0,50.0,50.0,,50.0,2
PAN,2004,Panama,PA,Latin America & Caribbean,High income,2,50.0,50.0,50.0,0.0,1,0.0,50.0,50.0,,50.0,2
PAN,2005,Panama,PA,Latin America & Caribbean,High income,2,50.0,50.0,50.0,0.0,1,0.0,50.0,50.0,,50.0,2
PAN,2006,Panama,PA,Latin America & Caribbean,High income,2,50.0,50.0,50.0,0.0,1,0.0,50.0,50.0,,50.0,2
PAN,2007,Panama,PA,Latin America & Caribbean,High income,2,50.0,50.0,50.0,0.0,1,0.0,50.0,50.0,,50.0,2
PAN,2008,Panama,PA,Latin America & Caribbean,High income,2,50.0,50.0,50.0,0.0,1,0.0,50.0,50.0,,50.0,2
PAN,2009,Panama,PA,Latin America & Caribbean,High income,2,50.0,50.0,50.0,0.0,1,0.0,50.0,50.0,,50.0,2
PAN,2010,Panama,PA,Latin America & Caribbean,High income,3,55.0,55.0,55.0,0.0,1,0.0,55.0,55.0,55.0,55.0,3
PAN,2011,Panama,PA,Latin America & Caribbean,High income,3,56.666666666666664,55.0,60.0,2.886751345948128,1,5.0,60.0,55.0,55.0,56.666666666666664,3
PAN,2012,Panama,PA,Latin America & Caribbean,High income,3,60.0,60.0,60.0,0.0,1,0.0,60.0,60.0,60.0,60.0,3
PAN,2013,Panama,PA,Latin America & Caribbean,High income,3,60.0,60.0,60.0,0.0,1,0.0,60.0,60.0,60.0,60.0,3
PAN,2014,Panama,PA,Latin America & Caribbean,High income,3,60.0,60.0,60.0,0.0,1,0.0,60.0,60.0,60.0,60.0,3
PAN,2015,Panama,PA,Latin America & Caribbean,High income,3,60.0,60.0,60.0,0.0,1,0.0,60.0,60.0,60.0,60.0,3
PAN,2016,Panama,PA,Latin America & Caribbean,High income,3,60.0,60.0,60.0,0.0,1,0.0,60.0,60.0,60.0,60.0,3
PAN,2017,Panama,PA,Latin America & Caribbean,High income,3,60.0,60.0,60.0,0.0,1,0.0,60.0,60.0,60.0,60.0,3
PAN,2018,Panama,PA,Latin America & Caribbean,High income,3,60.0,60.0,60.0,0.0,1,0.0,60.0,60.0,60.0,60.0,3
PAN,2019,Panama,PA,Latin America & Caribbean,High income,3,63.333333333333336,60.0,65.0,2.886751345948128,1,5.0,60.0,65.0,65.0,63.333333333333336,3
PAN,2020,Panama,PA,Latin America & Caribbean,High income,3,61.666666666666664,60.0,65.0,2.886751345948128,1,5.0,60.0,65.0,60.0,61.666666666666664,3
PAN,2021,Panama,PA,Latin America & Caribbean,High income,3,58.333333333333336,55.0,60.0,2.886751345948128,1,5.0,55.0,60.0,60.0,58.333333333333336,3
PAN,2022,Panama,PA,Latin America & Caribbean,High income,3,58.333333333333336,55.0,60.0,2.886751345948128,1,5.0,55.0,60.0,60.0,58.333333333333336,3
PAN,2023,Panama,PA,Latin America & Caribbean,High income,3,56.666666666666664,55.0,60.0,2.88675134594813,1,5.0,55.0,55.0,60.0,56.666666666666664,3
PAN,2024,Panama,PA,Latin America & Caribbean,High income,3,55.0,55.0,55.0,0.0,1,0.0,55.0,55.0,55.0,55.0,3
PAN,2025,Panama,PA,Latin America & Caribbean,High income,3,55.0,55.0,55.0,0.0,1,0.0,55.0,55.0,55.0,55.0,3
PER,2000,Peru,PE,Latin America & Caribbean,Upper middle income,2,42.5,40.0,45.0,3.5355339059327378,1,5.0,45.0,40.0,,42.5,2
PER,2001,Peru,PE,Latin America & Caribbean,Upper middle income,2,40.0,40.0,40.0,0.0,1,0.0,40.0,40.0,,40.0,2
PER,2002,Peru,PE,Latin America & Caribbean,Upper middle income,2,40.0,40.0,40.0,0.0,1,0.0,40.0,40.0,,40.0,2
PER,2003,Peru,PE,Latin America & Caribbean,Upper middle income,2,40.0,40.0,40.0,0.0,1,0.0,40.0,40.0,,40.0,2
PER,2004,Peru,PE,Latin America & Caribbean,Upper middle income,2,42.5,40.0,45.0,3.5355339059327378,1,5.0,45.0,40.0,,42.5,2
PER,2005,Peru,PE,Latin America & Caribbean,Upper middle income,2,42.5,40.0,45.0,3.5355339059327378,1,5.0,45.0,40.0,,42.5,2
PER,2006,Peru,PE,Latin America & Caribbean,Upper middle income,2,45.0,40.0,50.0,7.0710678118654755,1,10.0,50.0,40.0,,45.0,2
PER,2007,Peru,PE,Latin America & Caribbean,Upper middle income,2,47.5,45.0,50.0,3.5355339059327378,1,5.0,50.0,45.0,,47.5,2
PER,2008,Peru,PE,Latin America & Caribbean,Upper middle income,2,52.5,50.0,55.0,3.5355339059327378,1,5.0,55.0,50.0,,52.5,2
PER,2009,Peru,PE,Latin America & Caribbean,Upper middle income,2,55.0,55.0,55.0,0.0,1,0.0,55.0,55.0,,55.0,2
PER,2010,Peru,PE,Latin America & Caribbean,Upper middle income,2,55.0,55.0,55.0,0.0,1,0.0,55.0,55.0,,55.0,2
PER,2011,Peru,PE,Latin America & Caribbean,Upper middle income,3,58.333333333333336,55.0,60.0,2.886751345948128,1,5.0,60.0,55.0,60.0,58.333333333333336,3
PER,2012,Peru,PE,Latin America & Caribbean,Upper middle income,3,60.0,60.0,60.0,0.0,1,0.0,60.0,60.0,60.0,60.0,3
PER,2013,Peru,PE,Latin America & Caribbean,Upper middle income,3,63.333333333333336,60.0,65.0,2.886751345948128,1,5.0,65.0,60.0,65.0,63.333333333333336,3
PER,2014,Peru,PE,Latin America & Caribbean,Upper middle income,3,66.66666666666667,65.0,70.0,2.88675134594813,1,5.0,65.0,70.0,65.0,66.66666666666667,3
PER,2015,Peru,PE,Latin America & Caribbean,Upper middle income,3,66.66666666666667,65.0,70.0,2.88675134594813,1,5.0,65.0,70.0,65.0,66.66666666666667,3
PER,2016,Peru,PE,Latin America & Caribbean,Upper middle income,3,66.66666666666667,65.0,70.0,2.88675134594813,1,5.0,65.0,70.0,65.0,66.66666666666667,3
PER,2017,Peru,PE,Latin America & Caribbean,Upper middle income,3,66.66666666666667,65.0,70.0,2.88675134594813,1,5.0,65.0,70.0,65.0,66.66666666666667,3
PER,2018,Peru,PE,Latin America & Caribbean,Upper middle income,3,66.66666666666667,65.0,70.0,2.88675134594813,1,5.0,65.0,70.0,65.0,66.66666666666667,3
PER,2019,Peru,PE,Latin America & Caribbean,Upper middle income,3,66.66666666666667,65.0,70.0,2.88675134594813,1,5.0,65.0,70.0,65.0,66.66666666666667,3
PER,2020,Peru,PE,Latin America & Caribbean,Upper middle income,3,66.66666666666667,65.0,70.0,2.88675134594813,1,5.0,65.0,70.0,65.0,66.66666666666667,3
PER,2021,Peru,PE,Latin America & Caribbean,Upper middle income,3,63.333333333333336,60.0,65.0,2.886751345948128,1,5.0,60.0,65.0,65.0,63.333333333333336,3
PER,2022,Peru,PE,Latin America & Caribbean,Upper middle income,3,61.666666666666664,60.0,65.0,2.886751345948128,1,5.0,60.0,65.0,60.0,61.666666666666664,3
PER,2023,Peru,PE,Latin America & Caribbean,Upper middle income,3,61.666666666666664,60.0,65.0,2.886751345948128,1,5.0,60.0,65.0,60.0,61.666666666666664,3
PER,2024,Peru,PE,Latin America & Caribbean,Upper middle income,3,60.0,55.0,65.0,5.0,1,10.0,60.0,65.0,55.0,60.0,3
PER,2025,Peru,PE,Latin America & Caribbean,Upper middle income,3,60.0,55.0,65.0,5.0,1,10.0,60.0,65.0,55.0,60.0,3
PHL,2000,Philippines,PH,East Asia & Pacific,Upper middle income,2,50.0,50.0,50.0,0.0,1,0.0,50.0,50.0,,50.0,2
PHL,2001,Philippines,PH,East Asia & Pacific,Upper middle income,2,50.0,50.0,50.0,0.0,1,0.0,50.0,50.0,,50.0,2
PHL,2002,Philippines,PH,East Asia & Pacific,Upper middle income,2,50.0,50.0,50.0,0.0,1,0.0,50.0,50.0,,50.0,2
PHL,2003,Philippines,PH,East Asia & Pacific,Upper middle income,2,47.5,45.0,50.0,3.5355339059327378,1,5.0,45.0,50.0,,47.5,2
PHL,2004,Philippines,PH,East Asia & Pacific,Upper middle income,2,45.0,45.0,45.0,0.0,1,0.0,45.0,45.0,,45.0,2
PHL,2005,Philippines,PH,East Asia & Pacific,Upper middle income,2,40.0,35.0,45.0,7.0710678118654755,1,10.0,45.0,35.0,,40.0,2
PHL,2006,Philippines,PH,East Asia & Pacific,Upper middle income,2,40.0,35.0,45.0,7.0710678118654755,1,10.0,45.0,35.0,,40.0,2
PHL,2007,Philippines,PH,East Asia & Pacific,Upper middle income,2,40.0,35.0,45.0,7.0710678118654755,1,10.0,45.0,35.0,,40.0,2
PHL,2008,Philippines,PH,East Asia & Pacific,Upper middle income,2,40.0,35.0,45.0,7.0710678118654755,1,10.0,45.0,35.0,,40.0,2
PHL,2009,Philippines,PH,East Asia & Pacific,Upper middle income,2,42.5,40.0,45.0,3.5355339059327378,1,5.0,45.0,40.0,,42.5,2
PHL,2010,Philippines,PH,East Asia & Pacific,Upper middle income,3,43.333333333333336,40.0,45.0,2.886751345948128,1,5.0,45.0,40.0,45.0,43.333333333333336,3
PHL,2011,Philippines,PH,East Asia & Pacific,Upper middle income,3,46.666666666666664,45.0,50.0,2.886751345948128,1,5.0,50.0,45.0,45.0,46.666666666666664,3
PHL,2012,Philippines,PH,East Asia & Pacific,Upper middle income,3,50.0,50.0,50.0,0.0,1,0.0,50.0,50.0,50.0,50.0,3
PHL,2013,Philippines,PH,East Asia & Pacific,Upper middle income,3,55.0,55.0,55.0,0.0,1,0.0,55.0,55.0,55.0,55.0,3
PHL,2014,Philippines,PH,East Asia & Pacific,Upper middle income,3,58.333333333333336,55.0,60.0,2.886751345948128,1,5.0,55.0,60.0,60.0,58.333333333333336,3
PHL,2015,Philippines,PH,East Asia & Pacific,Upper middle income,3,58.333333333333336,55.0,60.0,2.886751345948128,1,5.0,55.0,60.0,60.0,58.333333333333336,3
PHL,2016,Philippines,PH,East Asia & Pacific,Upper middle income,3,58.333333333333336,55.0,60.0,2.886751345948128,1,5.0,55.0,60.0,60.0,58.333333333333336,3
PHL,2017,Philippines,PH,East Asia & Pacific,Upper middle income,3,60.0,60.0,60.0,0.0,1,0.0,60.0,60.0,60.0,60.0,3
PHL,2018,Philippines,PH,East Asia & Pacific,Upper middle income,3,60.0,60.0,60.0,0.0,1,0.0,60.0,60.0,60.0,60.0,3
PHL,2019,Philippines,PH,East Asia & Pacific,Upper middle income,3,61.666666666666664,60.0,65.0,2.88675134594813,1,5.0,60.0,60.0,65.0,61.666666666666664,3
PHL,2020,Philippines,PH,East Asia & Pacific,Upper middle income,3,61.666666666666664,60.0,65.0,2.88675134594813,1,5.0,60.0,60.0,65.0,61.666666666666664,3
PHL,2021,Philippines,PH,East Asia & Pacific,Upper middle income,3,61.666666666666664,60.0,65.0,2.88675134594813,1,5.0,60.0,60.0,65.0,61.666666666666664,3
PHL,2022,Philippines,PH,East Asia & Pacific,Upper middle income,3,61.666666666666664,60.0,65.0,2.88675134594813,1,5.0,60.0,60.0,65.0,61.666666666666664,3
PHL,2023,Philippines,PH,East Asia & Pacific,Upper middle income,3,61.666666666666664,60.0,65.0,2.88675134594813,1,5.0,60.0,60.0,65.0,61.666666666666664,3
PHL,2024,Philippines,PH,East Asia & Pacific,Upper middle income,3,61.666666666666664,60.0,65.0,2.88675134594813,1,5.0,60.0,60.0,65.0,61.666666666666664,3
PHL,2025,Philippines,PH,East Asia & Pacific,Upper middle income,3,61.666666666666664,60.0,65.0,2.88675134594813,1,5.0,60.0,60.0,65.0,61.666666666666664,3
PNG,2000,Papua New Guinea,PG,East Asia & Pacific,Lower middle income,2,35.0,35.0,35.0,0.0,1,0.0,35.0,35.0,,35.0,2
PNG,2001,Papua New Guinea,PG,East Asia & Pacific,Lower middle income,2,35.0,35.0,35.0,0.0,1,0.0,35.0,35.0,,35.0,2
PNG,2002,Papua New Guinea,PG,East Asia & Pacific,Lower middle income,2,35.0,35.0,35.0,0.0,1,0.0,35.0,35.0,,35.0,2
PNG,2003,Papua New Guinea,PG,East Asia & Pacific,Lower middle income,2,32.5,30.0,35.0,3.5355339059327378,1,5.0,30.0,35.0,,32.5,2
PNG,2004,Papua New Guinea,PG,East Asia & Pacific,Lower middle income,2,32.5,30.0,35.0,3.5355339059327378,1,5.0,30.0,35.0,,32.5,2
PNG,2005,Papua New Guinea,PG,East Asia & Pacific,Lower middle income,2,32.5,30.0,35.0,3.5355339059327378,1,5.0,30.0,35.0,,32.5,2
PNG,2006,Papua New Guinea,PG,East Asia & Pacific,Lower middle income,2,32.5,30.0,35.0,3.5355339059327378,1,5.0,30.0,35.0,,32.5,2
PNG,2007,Papua New Guinea,PG,East Asia & Pacific,Lower middle income,3,33.333333333333336,30.0,35.0,2.886751345948128,1,5.0,30.0,35.0,35.0,33.333333333333336,3
PNG,2008,Papua New Guinea,PG,East Asia & Pacific,Lower middle income,3,35.0,35.0,35.0,0.0,1,0.0,35.0,35.0,35.0,35.0,3
PNG,2009,Papua New Guinea,PG,East Asia & Pacific,Lower middle income,3,35.0,35.0,35.0,0.0,1,0.0,35.0,35.0,35.0,35.0,3
PNG,2010,Papua New Guinea,PG,East Asia & Pacific,Lower middle income,3,35.0,35.0,35.0,0.0,1,0.0,35.0,35.0,35.0,35.0,3
PNG,2011,Papua New Guinea,PG,East Asia & Pacific,Lower middle income,3,35.0,35.0,35.0,0.0,1,0.0,35.0,35.0,35.0,35.0,3
PNG,2012,Papua New Guinea,PG,East Asia & Pacific,Lower middle income,3,35.0,35.0,35.0,0.0,1,0.0,35.0,35.0,35.0,35.0,3
PNG,2013,Papua New Guinea,PG,East Asia & Pacific,Lower middle income,3,35.0,35.0,35.0,0.0,1,0.0,35.0,35.0,35.0,35.0,3
PNG,2014,Papua New Guinea,PG,East Asia & Pacific,Lower middle income,3,35.0,35.0,35.0,0.0,1,0.0,35.0,35.0,35.0,35.0,3
PNG,2015,Papua New Guinea,PG,East Asia & Pacific,Lower middle income,3,35.0,35.0,35.0,0.0,1,0.0,35.0,35.0,35.0,35.0,3
PNG,2016,Papua New Guinea,PG,East Asia & Pacific,Lower middle income,3,33.333333333333336,30.0,35.0,2.886751345948128,1,5.0,35.0,30.0,35.0,33.333333333333336,3
PNG,2017,Papua New Guinea,PG,East Asia & Pacific,Lower middle income,3,33.333333333333336,30.0,35.0,2.886751345948128,1,5.0,35.0,30.0,35.0,33.333333333333336,3
PNG,2018,Papua New Guinea,PG,East Asia & Pacific,Lower middle income,3,31.666666666666668,30.0,35.0,2.886751345948129,1,5.0,35.0,30.0,30.0,31.666666666666668,3
PNG,2019,Papua New Guinea,PG,East Asia & Pacific,Lower middle income,3,31.666666666666668,30.0,35.0,2.886751345948129,1,5.0,35.0,30.0,30.0,31.666666666666668,3
PNG,2020,Papua New Guinea,PG,East Asia & Pacific,Lower middle income,3,30.0,25.0,35.0,5.0,1,10.0,35.0,30.0,25.0,30.0,3
PNG,2021,Papua New Guinea,PG,East Asia & Pacific,Lower middle income,3,30.0,25.0,35.0,5.0,1,10.0,35.0,30.0,25.0,30.0,3
PNG,2022,Papua New Guinea,PG,East Asia & Pacific,Lower middle income,3,30.0,25.0,35.0,5.0,1,10.0,35.0,30.0,25.0,30.0,3
PNG,2023,Papua New Guinea,PG,East Asia & Pacific,Lower middle income,3,30.0,25.0,35.0,5.0,1,10.0,35.0,30.0,25.0,30.0,3
PNG,2024,Papua New Guinea,PG,East Asia & Pacific,Lower middle income,3,30.0,25.0,35.0,5.0,1,10.0,35.0,30.0,25.0,30.0,3
PNG,2025,Papua New Guinea,PG,East Asia & Pacific,Lower middle income,3,30.0,25.0,35.0,5.0,1,10.0,35.0,30.0,25.0,30.0,3
POL,2000,Poland,PL,Europe & Central Asia,High income,2,65.0,65.0,65.0,0.0,1,0.0,65.0,65.0,,65.0,2
POL,2001,Poland,PL,Europe & Central Asia,High income,2,65.0,65.0,65.0,0.0,1,0.0,65.0,65.0,,65.0,2
POL,2002,Poland,PL,Europe & Central Asia,High income,2,70.0,65.0,75.0,7.0710678118654755,1,10.0,65.0,75.0,,70.0,2
POL,2003,Poland,PL,Europe & Central Asia,High income,2,70.0,65.0,75.0,7.0710678118654755,1,10.0,65.0,75.0,,70.0,2
POL,2004,Poland,PL,Europe & Central Asia,High income,2,70.0,65.0,75.0,7.0710678118654755,1,10.0,65.0,75.0,,70.0,2
POL,2005,Poland,PL,Europe & Central Asia,High income,2,70.0,65.0,75.0,7.0710678118654755,1,10.0,65.0,75.0,,70.0,2
POL,2006,Poland,PL,Europe & Central Asia,High income,2,70.0,65.0,75.0,7.0710678118654755,1,10.0,65.0,75.0,,70.0,2
POL,2007,Poland,PL,Europe & Central Asia,High income,3,71.66666666666667,70.0,75.0,2.88675134594813,1,5.0,70.0,75.0,70.0,71.66666666666667,3
POL,2008,Poland,PL,Europe & Central Asia,High income,3,71.66666666666667,70.0,75.0,2.88675134594813,1,5.0,70.0,75.0,70.0,71.66666666666667,3
POL,2009,Poland,PL,Europe & Central Asia,High income,3,71.66666666666667,70.0,75.0,2.88675134594813,1,5.0,70.0,75.0,70.0,71.66666666666667,3
POL,2010,Poland,PL,Europe & Central Asia,High income,3,71.66666666666667,70.0,75.0,2.88675134594813,1,5.0,70.0,75.0,70.0,71.66666666666667,3
POL,2011,Poland,PL,Europe & Central Asia,High income,3,71.66666666666667,70.0,75.0,2.88675134594813,1,5.0,70.0,75.0,70.0,71.66666666666667,3
POL,2012,Poland,PL,Europe & Central Asia,High income,3,71.66666666666667,70.0,75.0,2.88675134594813,1,5.0,70.0,75.0,70.0,71.66666666666667,3
POL,2013,Poland,PL,Europe & Central Asia,High income,3,71.66666666666667,70.0,75.0,2.88675134594813,1,5.0,70.0,75.0,70.0,71.66666666666667,3
POL,2014,Poland,PL,Europe & Central Asia,High income,3,71.66666666666667,70.0,75.0,2.88675134594813,1,5.0,70.0,75.0,70.0,71.66666666666667,3
POL,2015,Poland,PL,Europe & Central Asia,High income,3,71.66666666666667,70.0,75.0,2.88675134594813,1,5.0,70.0,75.0,70.0,71.66666666666667,3
POL,2016,Poland,PL,Europe & Central Asia,High income,3,70.0,65.0,75.0,5.0,1,10.0,70.0,75.0,65.0,70.0,3
POL,2017,Poland,PL,Europe & Central Asia,High income,3,70.0,65.0,75.0,5.0,1,10.0,70.0,75.0,65.0,70.0,3
POL,2018,Poland,PL,Europe & Central Asia,High income,3,71.66666666666667,70.0,75.0,2.88675134594813,1,5.0,70.0,75.0,70.0,71.66666666666667,3
POL,2019,Poland,PL,Europe & Central Asia,High income,3,71.66666666666667,70.0,75.0,2.88675134594813,1,5.0,70.0,75.0,70.0,71.66666666666667,3
POL,2020,Poland,PL,Europe & Central Asia,High income,3,71.66666666666667,70.0,75.0,2.88675134594813,1,5.0,70.0,75.0,70.0,71.66666666666667,3
POL,2021,Poland,PL,Europe & Central Asia,High income,3,71.66666666666667,70.0,75.0,2.88675134594813,1,5.0,70.0,75.0,70.0,71.66666666666667,3
POL,2022,Poland,PL,Europe & Central Asia,High income,3,71.66666666666667,70.0,75.0,2.88675134594813,1,5.0,70.0,75.0,70.0,71.66666666666667,3
POL,2023,Poland,PL,Europe & Central Asia,High income,3,71.66666666666667,70.0,75.0,2.88675134594813,1,5.0,70.0,75.0,70.0,71.66666666666667,3
POL,2024,Poland,PL,Europe & Central Asia,High income,3,71.66666666666667,70.0,75.0,2.88675134594813,1,5.0,70.0,75.0,70.0,71.66666666666667,3
POL,2025,Poland,PL,Europe & Central Asia,High income,3,71.66666666666667,70.0,75.0,2.88675134594813,1,5.0,70.0,75.0,70.0,71.66666666666667,3
PRI,2000,Puerto Rico (US),PR,Latin America & Caribbean,High income,0,,,,,0,,,,,,0
PRI,2001,Puerto Rico (US),PR,Latin America & Caribbean,High income,0,,,,,0,,,,,,0
PRI,2002,Puerto Rico (US),PR,Latin America & Caribbean,High income,0,,,,,0,,,,,,0
PRI,2003,Puerto Rico (US),PR,Latin America & Caribbean,High income,0,,,,,0,,,,,,0
PRI,2004,Puerto Rico (US),PR,Latin America & Caribbean,High income,0,,,,,0,,,,,,0
PRI,2005,Puerto Rico (US),PR,Latin America & Caribbean,High income,0,,,,,0,,,,,,0
PRI,2006,Puerto Rico (US),PR,Latin America & Caribbean,High income,0,,,,,0,,,,,,0
PRI,2007,Puerto Rico (US),PR,Latin America & Caribbean,High income,0,,,,,0,,,,,,0
PRI,2008,Puerto Rico (US),PR,Latin America & Caribbean,High income,0,,,,,0,,,,,,0
PRI,2009,Puerto Rico (US),PR,Latin America & Caribbean,High income,0,,,,,0,,,,,,0
PRI,2010,Puerto Rico (US),PR,Latin America & Caribbean,High income,0,,,,,0,,,,,,0
PRI,2011,Puerto Rico (US),PR,Latin America & Caribbean,High income,0,,,,,0,,,,,,0
PRI,2012,Puerto Rico (US),PR,Latin America & Caribbean,High income,0,,,,,0,,,,,,0
PRI,2013,Puerto Rico (US),PR,Latin America & Caribbean,High income,0,,,,,0,,,,,,0
PRI,2014,Puerto Rico (US),PR,Latin America & Caribbean,High income,0,,,,,0,,,,,,0
PRI,2015,Puerto Rico (US),PR,Latin America & Caribbean,High income,1,0.0,0.0,0.0,0.0,1,0.0,,,0.0,0.0,1
PRI,2016,Puerto Rico (US),PR,Latin America & Caribbean,High income,1,0.0,0.0,0.0,0.0,1,0.0,,,0.0,0.0,1
PRI,2017,Puerto Rico (US),PR,Latin America & Caribbean,High income,1,0.0,0.0,0.0,0.0,1,0.0,,,0.0,0.0,1
PRI,2018,Puerto Rico (US),PR,Latin America & Caribbean,High income,1,0.0,0.0,0.0,0.0,1,0.0,,,0.0,0.0,1
PRI,2019,Puerto Rico (US),PR,Latin America & Caribbean,High income,1,0.0,0.0,0.0,0.0,1,0.0,,,0.0,0.0,1
PRI,2020,Puerto Rico (US),PR,Latin America & Caribbean,High income,1,0.0,0.0,0.0,0.0,1,0.0,,,0.0,0.0,1
PRI,2021,Puerto Rico (US),PR,Latin America & Caribbean,High income,1,0.0,0.0,0.0,0.0,1,0.0,,,0.0,0.0,1
PRI,2022,Puerto Rico (US),PR,Latin America & Caribbean,High income,1,0.0,0.0,0.0,0.0,1,0.0,,,0.0,0.0,1
PRI,2023,Puerto Rico (US),PR,Latin America & Caribbean,High income,1,0.0,0.0,0.0,0.0,1,0.0,,,0.0,0.0,1
PRI,2024,Puerto Rico (US),PR,Latin America & Caribbean,High income,1,0.0,0.0,0.0,0.0,1,0.0,,,0.0,0.0,1
PRI,2025,Puerto Rico (US),PR,Latin America & Caribbean,High income,1,0.0,0.0,0.0,0.0,1,0.0,,,0.0,0.0,1
PRT,2000,Portugal,PT,Europe & Central Asia,High income,2,90.0,90.0,90.0,0.0,1,0.0,90.0,90.0,,90.0,2
PRT,2001,Portugal,PT,Europe & Central Asia,High income,2,90.0,90.0,90.0,0.0,1,0.0,90.0,90.0,,90.0,2
PRT,2002,Portugal,PT,Europe & Central Asia,High income,2,90.0,90.0,90.0,0.0,1,0.0,90.0,90.0,,90.0,2
PRT,2003,Portugal,PT,Europe & Central Asia,High income,2,90.0,90.0,90.0,0.0,1,0.0,90.0,90.0,,90.0,2
PRT,2004,Portugal,PT,Europe & Central Asia,High income,2,90.0,90.0,90.0,0.0,1,0.0,90.0,90.0,,90.0,2
PRT,2005,Portugal,PT,Europe & Central Asia,High income,2,90.0,90.0,90.0,0.0,1,0.0,90.0,90.0,,90.0,2
PRT,2006,Portugal,PT,Europe & Central Asia,High income,2,90.0,90.0,90.0,0.0,1,0.0,90.0,90.0,,90.0,2
PRT,2007,Portugal,PT,Europe & Central Asia,High income,2,90.0,90.0,90.0,0.0,1,0.0,90.0,90.0,,90.0,2
PRT,2008,Portugal,PT,Europe & Central Asia,High income,2,90.0,90.0,90.0,0.0,1,0.0,90.0,90.0,,90.0,2
PRT,2009,Portugal,PT,Europe & Central Asia,High income,2,90.0,90.0,90.0,0.0,1,0.0,90.0,90.0,,90.0,2
PRT,2010,Portugal,PT,Europe & Central Asia,High income,2,80.0,80.0,80.0,0.0,1,0.0,80.0,80.0,,80.0,2
PRT,2011,Portugal,PT,Europe & Central Asia,High income,3,50.0,45.0,55.0,5.0,1,10.0,50.0,45.0,55.0,50.0,3
PRT,2012,Portugal,PT,Europe & Central Asia,High income,3,45.0,40.0,50.0,5.0,1,10.0,50.0,40.0,45.0,45.0,3
PRT,2013,Portugal,PT,Europe & Central Asia,High income,3,45.0,40.0,50.0,5.0,1,10.0,50.0,40.0,45.0,45.0,3
PRT,2014,Portugal,PT,Europe & Central Asia,High income,3,48.333333333333336,45.0,50.0,2.88675134594813,1,5.0,50.0,50.0,45.0,48.333333333333336,3
PRT,2015,Portugal,PT,Europe & Central Asia,High income,3,50.0,50.0,50.0,0.0,1,0.0,50.0,50.0,50.0,50.0,3
PRT,2016,Portugal,PT,Europe & Central Asia,High income,3,50.0,50.0,50.0,0.0,1,0.0,50.0,50.0,50.0,50.0,3
PRT,2017,Portugal,PT,Europe & Central Asia,High income,3,55.0,50.0,60.0,5.0,1,10.0,60.0,50.0,55.0,55.0,3
PRT,2018,Portugal,PT,Europe & Central Asia,High income,3,56.666666666666664,55.0,60.0,2.886751345948128,1,5.0,60.0,55.0,55.0,56.666666666666664,3
PRT,2019,Portugal,PT,Europe & Central Asia,High income,3,58.333333333333336,55.0,60.0,2.886751345948128,1,5.0,60.0,55.0,60.0,58.333333333333336,3
PRT,2020,Portugal,PT,Europe & Central Asia,High income,3,58.333333333333336,55.0,60.0,2.886751345948128,1,5.0,60.0,55.0,60.0,58.333333333333336,3
PRT,2021,Portugal,PT,Europe & Central Asia,High income,3,60.0,60.0,60.0,0.0,1,0.0,60.0,60.0,60.0,60.0,3
PRT,2022,Portugal,PT,Europe & Central Asia,High income,3,63.333333333333336,60.0,65.0,2.886751345948128,1,5.0,65.0,60.0,65.0,63.333333333333336,3
PRT,2023,Portugal,PT,Europe & Central Asia,High income,3,66.66666666666667,65.0,70.0,2.88675134594813,1,5.0,65.0,70.0,65.0,66.66666666666667,3
PRT,2024,Portugal,PT,Europe & Central Asia,High income,3,68.33333333333333,65.0,70.0,2.88675134594813,1,5.0,65.0,70.0,70.0,68.33333333333333,3
PRT,2025,Portugal,PT,Europe & Central Asia,High income,3,71.66666666666667,65.0,80.0,7.637626158259732,1,15.0,65.0,70.0,80.0,71.66666666666667,3
PRY,2000,Paraguay,PY,Latin America & Caribbean,Upper middle income,1,30.0,30.0,30.0,0.0,1,0.0,,30.0,,30.0,1
PRY,2001,Paraguay,PY,Latin America & Caribbean,Upper middle income,1,30.0,30.0,30.0,0.0,1,0.0,,30.0,,30.0,1
PRY,2002,Paraguay,PY,Latin America & Caribbean,Upper middle income,1,30.0,30.0,30.0,0.0,1,0.0,,30.0,,30.0,1
PRY,2003,Paraguay,PY,Latin America & Caribbean,Upper middle income,1,20.0,20.0,20.0,0.0,1,0.0,,20.0,,20.0,1
PRY,2004,Paraguay,PY,Latin America & Caribbean,Upper middle income,1,20.0,20.0,20.0,0.0,1,0.0,,20.0,,20.0,1
PRY,2005,Paraguay,PY,Latin America & Caribbean,Upper middle income,1,20.0,20.0,20.0,0.0,1,0.0,,20.0,,20.0,1
PRY,2006,Paraguay,PY,Latin America & Caribbean,Upper middle income,1,20.0,20.0,20.0,0.0,1,0.0,,20.0,,20.0,1
PRY,2007,Paraguay,PY,Latin America & Caribbean,Upper middle income,1,20.0,20.0,20.0,0.0,1,0.0,,20.0,,20.0,1
PRY,2008,Paraguay,PY,Latin America & Caribbean,Upper middle income,1,25.0,25.0,25.0,0.0,1,0.0,,25.0,,25.0,1
PRY,2009,Paraguay,PY,Latin America & Caribbean,Upper middle income,1,25.0,25.0,25.0,0.0,1,0.0,,25.0,,25.0,1
PRY,2010,Paraguay,PY,Latin America & Caribbean,Upper middle income,1,35.0,35.0,35.0,0.0,1,0.0,,35.0,,35.0,1
PRY,2011,Paraguay,PY,Latin America & Caribbean,Upper middle income,2,37.5,35.0,40.0,3.5355339059327378,1,5.0,,35.0,40.0,37.5,2
PRY,2012,Paraguay,PY,Latin America & Caribbean,Upper middle income,2,37.5,35.0,40.0,3.5355339059327378,1,5.0,,35.0,40.0,37.5,2
PRY,2013,Paraguay,PY,Latin America & Caribbean,Upper middle income,3,40.0,40.0,40.0,0.0,1,0.0,40.0,40.0,40.0,40.0,3
PRY,2014,Paraguay,PY,Latin America & Caribbean,Upper middle income,3,43.333333333333336,40.0,45.0,2.886751345948128,1,5.0,40.0,45.0,45.0,43.333333333333336,3
PRY,2015,Paraguay,PY,Latin America & Caribbean,Upper middle income,3,46.666666666666664,45.0,50.0,2.886751345948128,1,5.0,45.0,50.0,45.0,46.666666666666664,3
PRY,2016,Paraguay,PY,Latin America & Caribbean,Upper middle income,3,46.666666666666664,45.0,50.0,2.886751345948128,1,5.0,45.0,50.0,45.0,46.666666666666664,3
PRY,2017,Paraguay,PY,Latin America & Caribbean,Upper middle income,3,46.666666666666664,45.0,50.0,2.886751345948128,1,5.0,45.0,50.0,45.0,46.666666666666664,3
PRY,2018,Paraguay,PY,Latin America & Caribbean,Upper middle income,3,48.333333333333336,45.0,50.0,2.88675134594813,1,5.0,50.0,50.0,45.0,48.333333333333336,3
PRY,2019,Paraguay,PY,Latin America & Caribbean,Upper middle income,3,48.333333333333336,45.0,50.0,2.88675134594813,1,5.0,50.0,50.0,45.0,48.333333333333336,3
PRY,2020,Paraguay,PY,Latin America & Caribbean,Upper middle income,3,48.333333333333336,45.0,50.0,2.88675134594813,1,5.0,50.0,50.0,45.0,48.333333333333336,3
PRY,2021,Paraguay,PY,Latin America & Caribbean,Upper middle income,3,48.333333333333336,45.0,50.0,2.88675134594813,1,5.0,50.0,50.0,45.0,48.333333333333336,3
PRY,2022,Paraguay,PY,Latin America & Caribbean,Upper middle income,3,48.333333333333336,45.0,50.0,2.88675134594813,1,5.0,50.0,50.0,45.0,48.333333333333336,3
PRY,2023,Paraguay,PY,Latin America & Caribbean,Upper middle income,3,48.333333333333336,45.0,50.0,2.88675134594813,1,5.0,50.0,50.0,45.0,48.333333333333336,3
PRY,2024,Paraguay,PY,Latin America & Caribbean,Upper middle income,3,51.666666666666664,50.0,55.0,2.886751345948128,1,5.0,50.0,55.0,50.0,51.666666666666664,3
PRY,2025,Paraguay,PY,Latin America & Caribbean,Upper middle income,3,53.333333333333336,50.0,55.0,2.886751345948128,1,5.0,50.0,55.0,55.0,53.333333333333336,3
QAT,2000,Qatar,QA,"Middle East, North Africa, Afghanistan & Pakistan",High income,1,60.0,60.0,60.0,0.0,1,0.0,,60.0,,60.0,1
QAT,2001,Qatar,QA,"Middle East, North Africa, Afghanistan & Pakistan",High income,1,60.0,60.0,60.0,0.0,1,0.0,,60.0,,60.0,1
QAT,2002,Qatar,QA,"Middle East, North Africa, Afghanistan & Pakistan",High income,1,70.0,70.0,70.0,0.0,1,0.0,,70.0,,70.0,1
QAT,2003,Qatar,QA,"Middle East, North Africa, Afghanistan & Pakistan",High income,1,70.0,70.0,70.0,0.0,1,0.0,,70.0,,70.0,1
QAT,2004,Qatar,QA,"Middle East, North Africa, Afghanistan & Pakistan",High income,1,70.0,70.0,70.0,0.0,1,0.0,,70.0,,70.0,1
QAT,2005,Qatar,QA,"Middle East, North Africa, Afghanistan & Pakistan",High income,1,80.0,80.0,80.0,0.0,1,0.0,,80.0,,80.0,1
QAT,2006,Qatar,QA,"Middle East, North Africa, Afghanistan & Pakistan",High income,1,85.0,85.0,85.0,0.0,1,0.0,,85.0,,85.0,1
QAT,2007,Qatar,QA,"Middle East, North Africa, Afghanistan & Pakistan",High income,1,90.0,90.0,90.0,0.0,1,0.0,,90.0,,90.0,1
QAT,2008,Qatar,QA,"Middle East, North Africa, Afghanistan & Pakistan",High income,1,90.0,90.0,90.0,0.0,1,0.0,,90.0,,90.0,1
QAT,2009,Qatar,QA,"Middle East, North Africa, Afghanistan & Pakistan",High income,1,90.0,90.0,90.0,0.0,1,0.0,,90.0,,90.0,1
QAT,2010,Qatar,QA,"Middle East, North Africa, Afghanistan & Pakistan",High income,2,90.0,90.0,90.0,0.0,1,0.0,,90.0,90.0,90.0,2
QAT,2011,Qatar,QA,"Middle East, North Africa, Afghanistan & Pakistan",High income,2,90.0,90.0,90.0,0.0,1,0.0,,90.0,90.0,90.0,2
QAT,2012,Qatar,QA,"Middle East, North Africa, Afghanistan & Pakistan",High income,2,90.0,90.0,90.0,0.0,1,0.0,,90.0,90.0,90.0,2
QAT,2013,Qatar,QA,"Middle East, North Africa, Afghanistan & Pakistan",High income,2,90.0,90.0,90.0,0.0,1,0.0,,90.0,90.0,90.0,2
QAT,2014,Qatar,QA,"Middle East, North Africa, Afghanistan & Pakistan",High income,2,90.0,90.0,90.0,0.0,1,0.0,,90.0,90.0,90.0,2
QAT,2015,Qatar,QA,"Middle East, North Africa, Afghanistan & Pakistan",High income,3,90.0,90.0,90.0,0.0,1,0.0,90.0,90.0,90.0,90.0,3
QAT,2016,Qatar,QA,"Middle East, North Africa, Afghanistan & Pakistan",High income,3,90.0,90.0,90.0,0.0,1,0.0,90.0,90.0,90.0,90.0,3
QAT,2017,Qatar,QA,"Middle East, North Africa, Afghanistan & Pakistan",High income,3,85.0,85.0,85.0,0.0,1,0.0,85.0,85.0,85.0,85.0,3
QAT,2018,Qatar,QA,"Middle East, North Africa, Afghanistan & Pakistan",High income,3,85.0,85.0,85.0,0.0,1,0.0,85.0,85.0,85.0,85.0,3
QAT,2019,Qatar,QA,"Middle East, North Africa, Afghanistan & Pakistan",High income,3,85.0,85.0,85.0,0.0,1,0.0,85.0,85.0,85.0,85.0,3
QAT,2020,Qatar,QA,"Middle East, North Africa, Afghanistan & Pakistan",High income,3,85.0,85.0,85.0,0.0,1,0.0,85.0,85.0,85.0,85.0,3
QAT,2021,Qatar,QA,"Middle East, North Africa, Afghanistan & Pakistan",High income,3,85.0,85.0,85.0,0.0,1,0.0,85.0,85.0,85.0,85.0,3
QAT,2022,Qatar,QA,"Middle East, North Africa, Afghanistan & Pakistan",High income,3,86.66666666666667,85.0,90.0,2.886751345948127,1,5.0,85.0,85.0,90.0,86.66666666666667,3
QAT,2023,Qatar,QA,"Middle East, North Africa, Afghanistan & Pakistan",High income,3,86.66666666666667,85.0,90.0,2.886751345948127,1,5.0,85.0,85.0,90.0,86.66666666666667,3
QAT,2024,Qatar,QA,"Middle East, North Africa, Afghanistan & Pakistan",High income,3,88.33333333333333,85.0,90.0,2.88675134594813,1,5.0,85.0,90.0,90.0,88.33333333333333,3
QAT,2025,Qatar,QA,"Middle East, North Africa, Afghanistan & Pakistan",High income,3,88.33333333333333,85.0,90.0,2.88675134594813,1,5.0,85.0,90.0,90.0,88.33333333333333,3
ROU,2000,Romania,RO,Europe & Central Asia,High income,2,27.5,25.0,30.0,3.5355339059327378,1,5.0,30.0,25.0,,27.5,2
ROU,2001,Romania,RO,Europe & Central Asia,High income,2,30.0,30.0,30.0,0.0,1,0.0,30.0,30.0,,30.0,2
ROU,2002,Romania,RO,Europe & Central Asia,High income,2,37.5,35.0,40.0,3.5355339059327378,1,5.0,40.0,35.0,,37.5,2
ROU,2003,Romania,RO,Europe & Central Asia,High income,2,42.5,40.0,45.0,3.5355339059327378,1,5.0,45.0,40.0,,42.5,2
ROU,2004,Romania,RO,Europe & Central Asia,High income,2,47.5,40.0,55.0,10.606601717798213,1,15.0,55.0,40.0,,47.5,2
ROU,2005,Romania,RO,Europe & Central Asia,High income,2,52.5,50.0,55.0,3.5355339059327378,1,5.0,55.0,50.0,,52.5,2
ROU,2006,Romania,RO,Europe & Central Asia,High income,2,57.5,55.0,60.0,3.5355339059327378,1,5.0,60.0,55.0,,57.5,2
ROU,2007,Romania,RO,Europe & Central Asia,High income,2,57.5,55.0,60.0,3.5355339059327378,1,5.0,60.0,55.0,,57.5,2
ROU,2008,Romania,RO,Europe & Central Asia,High income,3,51.666666666666664,50.0,55.0,2.886751345948128,1,5.0,50.0,55.0,50.0,51.666666666666664,3
ROU,2009,Romania,RO,Europe & Central Asia,High income,3,51.666666666666664,50.0,55.0,2.886751345948128,1,5.0,50.0,55.0,50.0,51.666666666666664,3
ROU,2010,Romania,RO,Europe & Central Asia,High income,3,51.666666666666664,50.0,55.0,2.886751345948128,1,5.0,50.0,55.0,50.0,51.666666666666664,3
ROU,2011,Romania,RO,Europe & Central Asia,High income,3,53.333333333333336,50.0,55.0,2.88675134594813,1,5.0,55.0,55.0,50.0,53.333333333333336,3
ROU,2012,Romania,RO,Europe & Central Asia,High income,3,53.333333333333336,50.0,55.0,2.88675134594813,1,5.0,55.0,55.0,50.0,53.333333333333336,3
ROU,2013,Romania,RO,Europe & Central Asia,High income,3,53.333333333333336,50.0,55.0,2.88675134594813,1,5.0,55.0,55.0,50.0,53.333333333333336,3
ROU,2014,Romania,RO,Europe & Central Asia,High income,3,55.0,55.0,55.0,0.0,1,0.0,55.0,55.0,55.0,55.0,3
ROU,2015,Romania,RO,Europe & Central Asia,High income,3,55.0,55.0,55.0,0.0,1,0.0,55.0,55.0,55.0,55.0,3
ROU,2016,Romania,RO,Europe & Central Asia,High income,3,55.0,55.0,55.0,0.0,1,0.0,55.0,55.0,55.0,55.0,3
ROU,2017,Romania,RO,Europe & Central Asia,High income,3,55.0,55.0,55.0,0.0,1,0.0,55.0,55.0,55.0,55.0,3
ROU,2018,Romania,RO,Europe & Central Asia,High income,3,55.0,55.0,55.0,0.0,1,0.0,55.0,55.0,55.0,55.0,3
ROU,2019,Romania,RO,Europe & Central Asia,High income,3,55.0,55.0,55.0,0.0,1,0.0,55.0,55.0,55.0,55.0,3
ROU,2020,Romania,RO,Europe & Central Asia,High income,3,55.0,55.0,55.0,0.0,1,0.0,55.0,55.0,55.0,55.0,3
ROU,2021,Romania,RO,Europe & Central Asia,High income,3,55.0,55.0,55.0,0.0,1,0.0,55.0,55.0,55.0,55.0,3
ROU,2022,Romania,RO,Europe & Central Asia,High income,3,55.0,55.0,55.0,0.0,1,0.0,55.0,55.0,55.0,55.0,3
ROU,2023,Romania,RO,Europe & Central Asia,High income,3,55.0,55.0,55.0,0.0,1,0.0,55.0,55.0,55.0,55.0,3
ROU,2024,Romania,RO,Europe & Central Asia,High income,3,55.0,55.0,55.0,0.0,1,0.0,55.0,55.0,55.0,55.0,3
ROU,2025,Romania,RO,Europe & Central Asia,High income,3,55.0,55.0,55.0,0.0,1,0.0,55.0,55.0,55.0,55.0,3
RUS,2000,Russian Federation,RU,Europe & Central Asia,High income,2,30.0,30.0,30.0,0.0,1,0.0,30.0,30.0,,30.0,2
RUS,2001,Russian Federation,RU,Europe & Central Asia,High income,2,37.5,35.0,40.0,3.5355339059327378,1,5.0,35.0,40.0,,37.5,2
RUS,2002,Russian Federation,RU,Europe & Central Asia,High income,2,42.5,40.0,45.0,3.5355339059327378,1,5.0,40.0,45.0,,42.5,2
RUS,2003,Russian Federation,RU,Europe & Central Asia,High income,2,52.5,50.0,55.0,3.5355339059327378,1,5.0,50.0,55.0,,52.5,2
RUS,2004,Russian Federation,RU,Europe & Central Asia,High income,2,55.0,55.0,55.0,0.0,1,0.0,55.0,55.0,,55.0,2
RUS,2005,Russian Federation,RU,Europe & Central Asia,High income,2,60.0,60.0,60.0,0.0,1,0.0,60.0,60.0,,60.0,2
RUS,2006,Russian Federation,RU,Europe & Central Asia,High income,2,62.5,60.0,65.0,3.5355339059327378,1,5.0,65.0,60.0,,62.5,2
RUS,2007,Russian Federation,RU,Europe & Central Asia,High income,2,62.5,60.0,65.0,3.5355339059327378,1,5.0,65.0,60.0,,62.5,2
RUS,2008,Russian Federation,RU,Europe & Central Asia,High income,3,63.333333333333336,60.0,65.0,2.88675134594813,1,5.0,65.0,65.0,60.0,63.333333333333336,3
RUS,2009,Russian Federation,RU,Europe & Central Asia,High income,3,61.666666666666664,60.0,65.0,2.886751345948128,1,5.0,60.0,65.0,60.0,61.666666666666664,3
RUS,2010,Russian Federation,RU,Europe & Central Asia,High income,3,61.666666666666664,60.0,65.0,2.886751345948128,1,5.0,60.0,65.0,60.0,61.666666666666664,3
RUS,2011,Russian Federation,RU,Europe & Central Asia,High income,3,61.666666666666664,60.0,65.0,2.886751345948128,1,5.0,60.0,65.0,60.0,61.666666666666664,3
RUS,2012,Russian Federation,RU,Europe & Central Asia,High income,3,61.666666666666664,60.0,65.0,2.886751345948128,1,5.0,60.0,65.0,60.0,61.666666666666664,3
RUS,2013,Russian Federation,RU,Europe & Central Asia,High income,3,61.666666666666664,60.0,65.0,2.886751345948128,1,5.0,60.0,65.0,60.0,61.666666666666664,3
RUS,2014,Russian Federation,RU,Europe & Central Asia,High income,3,58.333333333333336,55.0,60.0,2.88675134594813,1,5.0,60.0,60.0,55.0,58.333333333333336,3
RUS,2015,Russian Federation,RU,Europe & Central Asia,High income,3,51.666666666666664,50.0,55.0,2.886751345948128,1,5.0,55.0,50.0,50.0,51.666666666666664,3
RUS,2016,Russian Federation,RU,Europe & Central Asia,High income,3,51.666666666666664,50.0,55.0,2.886751345948128,1,5.0,55.0,50.0,50.0,51.666666666666664,3
RUS,2017,Russian Federation,RU,Europe & Central Asia,High income,3,51.666666666666664,50.0,55.0,2.886751345948128,1,5.0,55.0,50.0,50.0,51.666666666666664,3
RUS,2018,Russian Federation,RU,Europe & Central Asia,High income,3,53.333333333333336,50.0,55.0,2.886751345948128,1,5.0,55.0,50.0,55.0,53.333333333333336,3
RUS,2019,Russian Federation,RU,Europe & Central Asia,High income,3,56.666666666666664,55.0,60.0,2.886751345948128,1,5.0,60.0,55.0,55.0,56.666666666666664,3
RUS,2020,Russian Federation,RU,Europe & Central Asia,High income,3,56.666666666666664,55.0,60.0,2.886751345948128,1,5.0,60.0,55.0,55.0,56.666666666666664,3
RUS,2021,Russian Federation,RU,Europe & Central Asia,High income,3,56.666666666666664,55.0,60.0,2.886751345948128,1,5.0,60.0,55.0,55.0,56.666666666666664,3
RUS,2022,Russian Federation,RU,Europe & Central Asia,High income,3,13.333333333333334,5.0,30.0,14.433756729740644,1,25.0,30.0,5.0,5.0,13.333333333333334,3
RUS,2023,Russian Federation,RU,Europe & Central Asia,High income,3,13.333333333333334,5.0,30.0,14.433756729740644,1,25.0,30.0,5.0,5.0,13.333333333333334,3
RUS,2024,Russian Federation,RU,Europe & Central Asia,High income,3,13.333333333333334,5.0,30.0,14.433756729740644,1,25.0,30.0,5.0,5.0,13.333333333333334,3
RUS,2025,Russian Federation,RU,Europe & Central Asia,High income,3,13.333333333333334,5.0,30.0,14.433756729740644,1,25.0,30.0,5.0,5.0,13.333333333333334,3
RWA,2000,Rwanda,RW,Sub-Saharan Africa,Low income,0,,,,,0,,,,,,0
RWA,2001,Rwanda,RW,Sub-Saharan Africa,Low income,0,,,,,0,,,,,,0
RWA,2002,Rwanda,RW,Sub-Saharan Africa,Low income,0,,,,,0,,,,,,0
RWA,2003,Rwanda,RW,Sub-Saharan Africa,Low income,0,,,,,0,,,,,,0
RWA,2004,Rwanda,RW,Sub-Saharan Africa,Low income,0,,,,,0,,,,,,0
RWA,2005,Rwanda,RW,Sub-Saharan Africa,Low income,0,,,,,0,,,,,,0
RWA,2006,Rwanda,RW,Sub-Saharan Africa,Low income,1,25.0,25.0,25.0,0.0,1,0.0,25.0,,,25.0,1
RWA,2007,Rwanda,RW,Sub-Saharan Africa,Low income,1,25.0,25.0,25.0,0.0,1,0.0,25.0,,,25.0,1
RWA,2008,Rwanda,RW,Sub-Saharan Africa,Low income,1,25.0,25.0,25.0,0.0,1,0.0,25.0,,,25.0,1
RWA,2009,Rwanda,RW,Sub-Saharan Africa,Low income,1,25.0,25.0,25.0,0.0,1,0.0,25.0,,,25.0,1
RWA,2010,Rwanda,RW,Sub-Saharan Africa,Low income,1,30.0,30.0,30.0,0.0,1,0.0,30.0,,,30.0,1
RWA,2011,Rwanda,RW,Sub-Saharan Africa,Low income,2,30.0,30.0,30.0,0.0,1,0.0,30.0,,30.0,30.0,2
RWA,2012,Rwanda,RW,Sub-Saharan Africa,Low income,2,30.0,30.0,30.0,0.0,1,0.0,30.0,,30.0,30.0,2
RWA,2013,Rwanda,RW,Sub-Saharan Africa,Low income,2,30.0,30.0,30.0,0.0,1,0.0,30.0,,30.0,30.0,2
RWA,2014,Rwanda,RW,Sub-Saharan Africa,Low income,2,32.5,30.0,35.0,3.5355339059327378,1,5.0,35.0,,30.0,32.5,2
RWA,2015,Rwanda,RW,Sub-Saharan Africa,Low income,2,35.0,35.0,35.0,0.0,1,0.0,35.0,,35.0,35.0,2
RWA,2016,Rwanda,RW,Sub-Saharan Africa,Low income,2,32.5,30.0,35.0,3.5355339059327378,1,5.0,35.0,,30.0,32.5,2
RWA,2017,Rwanda,RW,Sub-Saharan Africa,Low income,2,32.5,30.0,35.0,3.5355339059327378,1,5.0,35.0,,30.0,32.5,2
RWA,2018,Rwanda,RW,Sub-Saharan Africa,Low income,2,32.5,30.0,35.0,3.5355339059327378,1,5.0,35.0,,30.0,32.5,2
RWA,2019,Rwanda,RW,Sub-Saharan Africa,Low income,2,35.0,35.0,35.0,0.0,1,0.0,35.0,,35.0,35.0,2
RWA,2020,Rwanda,RW,Sub-Saharan Africa,Low income,2,35.0,35.0,35.0,0.0,1,0.0,35.0,,35.0,35.0,2
RWA,2021,Rwanda,RW,Sub-Saharan Africa,Low income,2,35.0,35.0,35.0,0.0,1,0.0,35.0,,35.0,35.0,2
RWA,2022,Rwanda,RW,Sub-Saharan Africa,Low income,2,35.0,35.0,35.0,0.0,1,0.0,35.0,,35.0,35.0,2
RWA,2023,Rwanda,RW,Sub-Saharan Africa,Low income,2,35.0,35.0,35.0,0.0,1,0.0,35.0,,35.0,35.0,2
RWA,2024,Rwanda,RW,Sub-Saharan Africa,Low income,2,35.0,35.0,35.0,0.0,1,0.0,35.0,,35.0,35.0,2
RWA,2025,Rwanda,RW,Sub-Saharan Africa,Low income,2,35.0,35.0,35.0,0.0,1,0.0,35.0,,35.0,35.0,2
SAU,2000,Saudi Arabia,SA,"Middle East, North Africa, Afghanistan & Pakistan",High income,1,55.0,55.0,55.0,0.0,1,0.0,,55.0,,55.0,1
SAU,2001,Saudi Arabia,SA,"Middle East, North Africa, Afghanistan & Pakistan",High income,1,55.0,55.0,55.0,0.0,1,0.0,,55.0,,55.0,1
SAU,2002,Saudi Arabia,SA,"Middle East, North Africa, Afghanistan & Pakistan",High income,1,55.0,55.0,55.0,0.0,1,0.0,,55.0,,55.0,1
SAU,2003,Saudi Arabia,SA,"Middle East, North Africa, Afghanistan & Pakistan",High income,1,60.0,60.0,60.0,0.0,1,0.0,,60.0,,60.0,1
SAU,2004,Saudi Arabia,SA,"Middle East, North Africa, Afghanistan & Pakistan",High income,2,67.5,60.0,75.0,10.606601717798213,1,15.0,75.0,60.0,,67.5,2
SAU,2005,Saudi Arabia,SA,"Middle East, North Africa, Afghanistan & Pakistan",High income,2,72.5,70.0,75.0,3.5355339059327378,1,5.0,75.0,70.0,,72.5,2
SAU,2006,Saudi Arabia,SA,"Middle East, North Africa, Afghanistan & Pakistan",High income,2,77.5,75.0,80.0,3.5355339059327378,1,5.0,80.0,75.0,,77.5,2
SAU,2007,Saudi Arabia,SA,"Middle East, North Africa, Afghanistan & Pakistan",High income,3,81.66666666666667,80.0,85.0,2.886751345948127,1,5.0,80.0,80.0,85.0,81.66666666666667,3
SAU,2008,Saudi Arabia,SA,"Middle East, North Africa, Afghanistan & Pakistan",High income,3,83.33333333333333,80.0,85.0,2.88675134594813,1,5.0,85.0,80.0,85.0,83.33333333333333,3
SAU,2009,Saudi Arabia,SA,"Middle East, North Africa, Afghanistan & Pakistan",High income,3,83.33333333333333,80.0,85.0,2.88675134594813,1,5.0,85.0,80.0,85.0,83.33333333333333,3
SAU,2010,Saudi Arabia,SA,"Middle East, North Africa, Afghanistan & Pakistan",High income,3,85.0,85.0,85.0,0.0,1,0.0,85.0,85.0,85.0,85.0,3
SAU,2011,Saudi Arabia,SA,"Middle East, North Africa, Afghanistan & Pakistan",High income,3,85.0,85.0,85.0,0.0,1,0.0,85.0,85.0,85.0,85.0,3
SAU,2012,Saudi Arabia,SA,"Middle East, North Africa, Afghanistan & Pakistan",High income,3,85.0,85.0,85.0,0.0,1,0.0,85.0,85.0,85.0,85.0,3
SAU,2013,Saudi Arabia,SA,"Middle East, North Africa, Afghanistan & Pakistan",High income,3,85.0,85.0,85.0,0.0,1,0.0,85.0,85.0,85.0,85.0,3
SAU,2014,Saudi Arabia,SA,"Middle East, North Africa, Afghanistan & Pakistan",High income,3,86.66666666666667,85.0,90.0,2.88675134594813,1,5.0,90.0,85.0,85.0,86.66666666666667,3
SAU,2015,Saudi Arabia,SA,"Middle East, North Africa, Afghanistan & Pakistan",High income,3,85.0,80.0,90.0,5.0,1,10.0,90.0,85.0,80.0,85.0,3
SAU,2016,Saudi Arabia,SA,"Middle East, North Africa, Afghanistan & Pakistan",High income,3,78.33333333333333,70.0,85.0,7.637626158259732,1,15.0,85.0,80.0,70.0,78.33333333333333,3
SAU,2017,Saudi Arabia,SA,"Middle East, North Africa, Afghanistan & Pakistan",High income,3,76.66666666666667,70.0,80.0,5.77350269189626,1,10.0,80.0,80.0,70.0,76.66666666666667,3
SAU,2018,Saudi Arabia,SA,"Middle East, North Africa, Afghanistan & Pakistan",High income,3,76.66666666666667,70.0,80.0,5.77350269189626,1,10.0,80.0,80.0,70.0,76.66666666666667,3
SAU,2019,Saudi Arabia,SA,"Middle East, North Africa, Afghanistan & Pakistan",High income,3,75.0,70.0,80.0,5.0,1,10.0,75.0,80.0,70.0,75.0,3
SAU,2020,Saudi Arabia,SA,"Middle East, North Africa, Afghanistan & Pakistan",High income,3,75.0,70.0,80.0,5.0,1,10.0,75.0,80.0,70.0,75.0,3
SAU,2021,Saudi Arabia,SA,"Middle East, North Africa, Afghanistan & Pakistan",High income,3,75.0,70.0,80.0,5.0,1,10.0,75.0,80.0,70.0,75.0,3
SAU,2022,Saudi Arabia,SA,"Middle East, North Africa, Afghanistan & Pakistan",High income,3,75.0,70.0,80.0,5.0,1,10.0,75.0,80.0,70.0,75.0,3
SAU,2023,Saudi Arabia,SA,"Middle East, North Africa, Afghanistan & Pakistan",High income,3,78.33333333333333,75.0,80.0,2.886751345948127,1,5.0,80.0,80.0,75.0,78.33333333333333,3
SAU,2024,Saudi Arabia,SA,"Middle East, North Africa, Afghanistan & Pakistan",High income,3,80.0,75.0,85.0,5.0,1,10.0,80.0,85.0,75.0,80.0,3
SAU,2025,Saudi Arabia,SA,"Middle East, North Africa, Afghanistan & Pakistan",High income,3,81.66666666666667,80.0,85.0,2.88675134594813,1,5.0,80.0,85.0,80.0,81.66666666666667,3
SEN,2000,Senegal,SN,Sub-Saharan Africa,Lower middle income,1,35.0,35.0,35.0,0.0,1,0.0,,,35.0,35.0,1
SEN,2001,Senegal,SN,Sub-Saharan Africa,Lower middle income,1,35.0,35.0,35.0,0.0,1,0.0,,,35.0,35.0,1
SEN,2002,Senegal,SN,Sub-Saharan Africa,Lower middle income,1,35.0,35.0,35.0,0.0,1,0.0,,,35.0,35.0,1
SEN,2003,Senegal,SN,Sub-Saharan Africa,Lower middle income,1,35.0,35.0,35.0,0.0,1,0.0,,,35.0,35.0,1
SEN,2004,Senegal,SN,Sub-Saharan Africa,Lower middle income,1,35.0,35.0,35.0,0.0,1,0.0,,,35.0,35.0,1
SEN,2005,Senegal,SN,Sub-Saharan Africa,Lower middle income,1,35.0,35.0,35.0,0.0,1,0.0,,,35.0,35.0,1
SEN,2006,Senegal,SN,Sub-Saharan Africa,Lower middle income,1,35.0,35.0,35.0,0.0,1,0.0,,,35.0,35.0,1
SEN,2007,Senegal,SN,Sub-Saharan Africa,Lower middle income,1,35.0,35.0,35.0,0.0,1,0.0,,,35.0,35.0,1
SEN,2008,Senegal,SN,Sub-Saharan Africa,Lower middle income,1,35.0,35.0,35.0,0.0,1,0.0,,,35.0,35.0,1
SEN,2009,Senegal,SN,Sub-Saharan Africa,Lower middle income,1,35.0,35.0,35.0,0.0,1,0.0,,,35.0,35.0,1
SEN,2010,Senegal,SN,Sub-Saharan Africa,Lower middle income,1,35.0,35.0,35.0,0.0,1,0.0,,,35.0,35.0,1
SEN,2011,Senegal,SN,Sub-Saharan Africa,Lower middle income,2,35.0,35.0,35.0,0.0,1,0.0,,35.0,35.0,35.0,2
SEN,2012,Senegal,SN,Sub-Saharan Africa,Lower middle income,2,35.0,35.0,35.0,0.0,1,0.0,,35.0,35.0,35.0,2
SEN,2013,Senegal,SN,Sub-Saharan Africa,Lower middle income,2,35.0,35.0,35.0,0.0,1,0.0,,35.0,35.0,35.0,2
SEN,2014,Senegal,SN,Sub-Saharan Africa,Lower middle income,2,35.0,35.0,35.0,0.0,1,0.0,,35.0,35.0,35.0,2
SEN,2015,Senegal,SN,Sub-Saharan Africa,Lower middle income,2,35.0,35.0,35.0,0.0,1,0.0,,35.0,35.0,35.0,2
SEN,2016,Senegal,SN,Sub-Saharan Africa,Lower middle income,2,35.0,35.0,35.0,0.0,1,0.0,,35.0,35.0,35.0,2
SEN,2017,Senegal,SN,Sub-Saharan Africa,Lower middle income,2,37.5,35.0,40.0,3.5355339059327378,1,5.0,,40.0,35.0,37.5,2
SEN,2018,Senegal,SN,Sub-Saharan Africa,Lower middle income,2,37.5,35.0,40.0,3.5355339059327378,1,5.0,,40.0,35.0,37.5,2
SEN,2019,Senegal,SN,Sub-Saharan Africa,Lower middle income,2,37.5,35.0,40.0,3.5355339059327378,1,5.0,,40.0,35.0,37.5,2
SEN,2020,Senegal,SN,Sub-Saharan Africa,Lower middle income,2,37.5,35.0,40.0,3.5355339059327378,1,5.0,,40.0,35.0,37.5,2
SEN,2021,Senegal,SN,Sub-Saharan Africa,Lower middle income,2,37.5,35.0,40.0,3.5355339059327378,1,5.0,,40.0,35.0,37.5,2
SEN,2022,Senegal,SN,Sub-Saharan Africa,Lower middle income,2,37.5,35.0,40.0,3.5355339059327378,1,5.0,,40.0,35.0,37.5,2
SEN,2023,Senegal,SN,Sub-Saharan Africa,Lower middle income,2,37.5,35.0,40.0,3.5355339059327378,1,5.0,,40.0,35.0,37.5,2
SEN,2024,Senegal,SN,Sub-Saharan Africa,Lower middle income,2,35.0,35.0,35.0,0.0,1,0.0,,35.0,35.0,35.0,2
SEN,2025,Senegal,SN,Sub-Saharan Africa,Lower middle income,2,20.0,20.0,20.0,0.0,1,0.0,,20.0,20.0,20.0,2
SGP,2000,Singapore,SG,East Asia & Pacific,High income,3,96.66666666666667,95.0,100.0,2.886751345948127,1,5.0,95.0,95.0,100.0,96.66666666666667,3
SGP,2001,Singapore,SG,East Asia & Pacific,High income,3,96.66666666666667,95.0,100.0,2.886751345948127,1,5.0,95.0,95.0,100.0,96.66666666666667,3
SGP,2002,Singapore,SG,East Asia & Pacific,High income,3,98.33333333333333,95.0,100.0,2.88675134594813,1,5.0,95.0,100.0,100.0,98.33333333333333,3
SGP,2003,Singapore,SG,East Asia & Pacific,High income,3,100.0,100.0,100.0,0.0,1,0.0,100.0,100.0,100.0,100.0,3
SGP,2004,Singapore,SG,East Asia & Pacific,High income,3,100.0,100.0,100.0,0.0,1,0.0,100.0,100.0,100.0,100.0,3
SGP,2005,Singapore,SG,East Asia & Pacific,High income,3,100.0,100.0,100.0,0.0,1,0.0,100.0,100.0,100.0,100.0,3
SGP,2006,Singapore,SG,East Asia & Pacific,High income,3,100.0,100.0,100.0,0.0,1,0.0,100.0,100.0,100.0,100.0,3
SGP,2007,Singapore,SG,East Asia & Pacific,High income,3,100.0,100.0,100.0,0.0,1,0.0,100.0,100.0,100.0,100.0,3
SGP,2008,Singapore,SG,East Asia & Pacific,High income,3,100.0,100.0,100.0,0.0,1,0.0,100.0,100.0,100.0,100.0,3
SGP,2009,Singapore,SG,East Asia & Pacific,High income,3,100.0,100.0,100.0,0.0,1,0.0,100.0,100.0,100.0,100.0,3
SGP,2010,Singapore,SG,East Asia & Pacific,High income,3,100.0,100.0,100.0,0.0,1,0.0,100.0,100.0,100.0,100.0,3
SGP,2011,Singapore,SG,East Asia & Pacific,High income,3,100.0,100.0,100.0,0.0,1,0.0,100.0,100.0,100.0,100.0,3
SGP,2012,Singapore,SG,East Asia & Pacific,High income,3,100.0,100.0,100.0,0.0,1,0.0,100.0,100.0,100.0,100.0,3
SGP,2013,Singapore,SG,East Asia & Pacific,High income,3,100.0,100.0,100.0,0.0,1,0.0,100.0,100.0,100.0,100.0,3
SGP,2014,Singapore,SG,East Asia & Pacific,High income,3,100.0,100.0,100.0,0.0,1,0.0,100.0,100.0,100.0,100.0,3
SGP,2015,Singapore,SG,East Asia & Pacific,High income,3,100.0,100.0,100.0,0.0,1,0.0,100.0,100.0,100.0,100.0,3
SGP,2016,Singapore,SG,East Asia & Pacific,High income,3,100.0,100.0,100.0,0.0,1,0.0,100.0,100.0,100.0,100.0,3
SGP,2017,Singapore,SG,East Asia & Pacific,High income,3,100.0,100.0,100.0,0.0,1,0.0,100.0,100.0,100.0,100.0,3
SGP,2018,Singapore,SG,East Asia & Pacific,High income,3,100.0,100.0,100.0,0.0,1,0.0,100.0,100.0,100.0,100.0,3
SGP,2019,Singapore,SG,East Asia & Pacific,High income,3,100.0,100.0,100.0,0.0,1,0.0,100.0,100.0,100.0,100.0,3
SGP,2020,Singapore,SG,East Asia & Pacific,High income,3,100.0,100.0,100.0,0.0,1,0.0,100.0,100.0,100.0,100.0,3
SGP,2021,Singapore,SG,East Asia & Pacific,High income,3,100.0,100.0,100.0,0.0,1,0.0,100.0,100.0,100.0,100.0,3
SGP,2022,Singapore,SG,East Asia & Pacific,High income,3,100.0,100.0,100.0,0.0,1,0.0,100.0,100.0,100.0,100.0,3
SGP,2023,Singapore,SG,East Asia & Pacific,High income,3,100.0,100.0,100.0,0.0,1,0.0,100.0,100.0,100.0,100.0,3
SGP,2024,Singapore,SG,East Asia & Pacific,High income,3,100.0,100.0,100.0,0.0,1,0.0,100.0,100.0,100.0,100.0,3
SGP,2025,Singapore,SG,East Asia & Pacific,High income,3,100.0,100.0,100.0,0.0,1,0.0,100.0,100.0,100.0,100.0,3
SLB,2000,Solomon Islands,SB,East Asia & Pacific,Lower middle income,0,,,,,0,,,,,,0
SLB,2001,Solomon Islands,SB,East Asia & Pacific,Lower middle income,0,,,,,0,,,,,,0
SLB,2002,Solomon Islands,SB,East Asia & Pacific,Lower middle income,0,,,,,0,,,,,,0
SLB,2003,Solomon Islands,SB,East Asia & Pacific,Lower middle income,0,,,,,0,,,,,,0
SLB,2004,Solomon Islands,SB,East Asia & Pacific,Lower middle income,0,,,,,0,,,,,,0
SLB,2005,Solomon Islands,SB,East Asia & Pacific,Lower middle income,0,,,,,0,,,,,,0
SLB,2006,Solomon Islands,SB,East Asia & Pacific,Lower middle income,0,,,,,0,,,,,,0
SLB,2007,Solomon Islands,SB,East Asia & Pacific,Lower middle income,0,,,,,0,,,,,,0
SLB,2008,Solomon Islands,SB,East Asia & Pacific,Lower middle income,0,,,,,0,,,,,,0
SLB,2009,Solomon Islands,SB,East Asia & Pacific,Lower middle income,0,,,,,0,,,,,,0
SLB,2010,Solomon Islands,SB,East Asia & Pacific,Lower middle income,0,,,,,0,,,,,,0
SLB,2011,Solomon Islands,SB,East Asia & Pacific,Lower middle income,0,,,,,0,,,,,,0
SLB,2012,Solomon Islands,SB,East Asia & Pacific,Lower middle income,0,,,,,0,,,,,,0
SLB,2013,Solomon Islands,SB,East Asia & Pacific,Lower middle income,0,,,,,0,,,,,,0
SLB,2014,Solomon Islands,SB,East Asia & Pacific,Lower middle income,0,,,,,0,,,,,,0
SLB,2015,Solomon Islands,SB,East Asia & Pacific,Lower middle income,1,25.0,25.0,25.0,0.0,1,0.0,,25.0,,25.0,1
SLB,2016,Solomon Islands,SB,East Asia & Pacific,Lower middle income,1,25.0,25.0,25.0,0.0,1,0.0,,25.0,,25.0,1
SLB,2017,Solomon Islands,SB,East Asia & Pacific,Lower middle income,1,25.0,25.0,25.0,0.0,1,0.0,,25.0,,25.0,1
SLB,2018,Solomon Islands,SB,East Asia & Pacific,Lower middle income,1,25.0,25.0,25.0,0.0,1,0.0,,25.0,,25.0,1
SLB,2019,Solomon Islands,SB,East Asia & Pacific,Lower middle income,1,25.0,25.0,25.0,0.0,1,0.0,,25.0,,25.0,1
SLB,2020,Solomon Islands,SB,East Asia & Pacific,Lower middle income,1,25.0,25.0,25.0,0.0,1,0.0,,25.0,,25.0,1
SLB,2021,Solomon Islands,SB,East Asia & Pacific,Lower middle income,1,20.0,20.0,20.0,0.0,1,0.0,,20.0,,20.0,1
SLB,2022,Solomon Islands,SB,East Asia & Pacific,Lower middle income,1,20.0,20.0,20.0,0.0,1,0.0,,20.0,,20.0,1
SLB,2023,Solomon Islands,SB,East Asia & Pacific,Lower middle income,1,20.0,20.0,20.0,0.0,1,0.0,,20.0,,20.0,1
SLB,2024,Solomon Islands,SB,East Asia & Pacific,Lower middle income,1,20.0,20.0,20.0,0.0,1,0.0,,20.0,,20.0,1
SLB,2025,Solomon Islands,SB,East Asia & Pacific,Lower middle income,1,20.0,20.0,20.0,0.0,1,0.0,,20.0,,20.0,1
SLV,2000,El Salvador,SV,Latin America & Caribbean,Upper middle income,2,52.5,50.0,55.0,3.5355339059327378,1,5.0,50.0,55.0,,52.5,2
SLV,2001,El Salvador,SV,Latin America & Caribbean,Upper middle income,2,52.5,50.0,55.0,3.5355339059327378,1,5.0,50.0,55.0,,52.5,2
SLV,2002,El Salvador,SV,Latin America & Caribbean,Upper middle income,2,52.5,50.0,55.0,3.5355339059327378,1,5.0,50.0,55.0,,52.5,2
SLV,2003,El Salvador,SV,Latin America & Caribbean,Upper middle income,2,52.5,50.0,55.0,3.5355339059327378,1,5.0,50.0,55.0,,52.5,2
SLV,2004,El Salvador,SV,Latin America & Caribbean,Upper middle income,2,52.5,50.0,55.0,3.5355339059327378,1,5.0,50.0,55.0,,52.5,2
SLV,2005,El Salvador,SV,Latin America & Caribbean,Upper middle income,2,52.5,50.0,55.0,3.5355339059327378,1,5.0,50.0,55.0,,52.5,2
SLV,2006,El Salvador,SV,Latin America & Caribbean,Upper middle income,2,52.5,50.0,55.0,3.5355339059327378,1,5.0,50.0,55.0,,52.5,2
SLV,2007,El Salvador,SV,Latin America & Caribbean,Upper middle income,2,52.5,50.0,55.0,3.5355339059327378,1,5.0,50.0,55.0,,52.5,2
SLV,2008,El Salvador,SV,Latin America & Caribbean,Upper middle income,2,52.5,50.0,55.0,3.5355339059327378,1,5.0,50.0,55.0,,52.5,2
SLV,2009,El Salvador,SV,Latin America & Caribbean,Upper middle income,2,47.5,45.0,50.0,3.5355339059327378,1,5.0,45.0,50.0,,47.5,2
SLV,2010,El Salvador,SV,Latin America & Caribbean,Upper middle income,2,47.5,45.0,50.0,3.5355339059327378,1,5.0,45.0,50.0,,47.5,2
SLV,2011,El Salvador,SV,Latin America & Caribbean,Upper middle income,3,43.333333333333336,40.0,45.0,2.88675134594813,1,5.0,45.0,45.0,40.0,43.333333333333336,3
SLV,2012,El Salvador,SV,Latin America & Caribbean,Upper middle income,3,41.666666666666664,40.0,45.0,2.886751345948128,1,5.0,45.0,40.0,40.0,41.666666666666664,3
SLV,2013,El Salvador,SV,Latin America & Caribbean,Upper middle income,3,40.0,40.0,40.0,0.0,1,0.0,40.0,40.0,40.0,40.0,3
SLV,2014,El Salvador,SV,Latin America & Caribbean,Upper middle income,3,38.333333333333336,35.0,40.0,2.88675134594813,1,5.0,40.0,40.0,35.0,38.333333333333336,3
SLV,2015,El Salvador,SV,Latin America & Caribbean,Upper middle income,3,36.666666666666664,35.0,40.0,2.886751345948128,1,5.0,35.0,40.0,35.0,36.666666666666664,3
SLV,2016,El Salvador,SV,Latin America & Caribbean,Upper middle income,3,28.333333333333332,25.0,35.0,5.773502691896257,1,10.0,35.0,25.0,25.0,28.333333333333332,3
SLV,2017,El Salvador,SV,Latin America & Caribbean,Upper middle income,3,21.666666666666668,20.0,25.0,2.886751345948129,1,5.0,25.0,20.0,20.0,21.666666666666668,3
SLV,2018,El Salvador,SV,Latin America & Caribbean,Upper middle income,3,25.0,25.0,25.0,0.0,1,0.0,25.0,25.0,25.0,25.0,3
SLV,2019,El Salvador,SV,Latin America & Caribbean,Upper middle income,3,25.0,25.0,25.0,0.0,1,0.0,25.0,25.0,25.0,25.0,3
SLV,2020,El Salvador,SV,Latin America & Caribbean,Upper middle income,3,25.0,25.0,25.0,0.0,1,0.0,25.0,25.0,25.0,25.0,3
SLV,2021,El Salvador,SV,Latin America & Caribbean,Upper middle income,3,23.333333333333332,20.0,25.0,2.886751345948129,1,5.0,25.0,20.0,25.0,23.333333333333332,3
SLV,2022,El Salvador,SV,Latin America & Caribbean,Upper middle income,3,11.666666666666666,5.0,20.0,7.637626158259733,1,15.0,5.0,10.0,20.0,11.666666666666666,3
SLV,2023,El Salvador,SV,Latin America & Caribbean,Upper middle income,3,11.666666666666666,0.0,25.0,12.583057392117915,1,25.0,0.0,10.0,25.0,11.666666666666666,3
SLV,2024,El Salvador,SV,Latin America & Caribbean,Upper middle income,3,16.666666666666668,0.0,25.0,14.433756729740644,1,25.0,0.0,25.0,25.0,16.666666666666668,3
SLV,2025,El Salvador,SV,Latin America & Caribbean,Upper middle income,3,16.666666666666668,0.0,25.0,14.433756729740644,1,25.0,0.0,25.0,25.0,16.666666666666668,3
SMR,2000,San Marino,SM,Europe & Central Asia,High income,0,,,,,0,,,,,,0
SMR,2001,San Marino,SM,Europe & Central Asia,High income,1,90.0,90.0,90.0,0.0,1,0.0,90.0,,,90.0,1
SMR,2002,San Marino,SM,Europe & Central Asia,High income,1,90.0,90.0,90.0,0.0,1,0.0,90.0,,,90.0,1
SMR,2003,San Marino,SM,Europe & Central Asia,High income,1,90.0,90.0,90.0,0.0,1,0.0,90.0,,,90.0,1
SMR,2004,San Marino,SM,Europe & Central Asia,High income,1,90.0,90.0,90.0,0.0,1,0.0,90.0,,,90.0,1
SMR,2005,San Marino,SM,Europe & Central Asia,High income,1,90.0,90.0,90.0,0.0,1,0.0,90.0,,,90.0,1
SMR,2006,San Marino,SM,Europe & Central Asia,High income,1,90.0,90.0,90.0,0.0,1,0.0,90.0,,,90.0,1
SMR,2007,San Marino,SM,Europe & Central Asia,High income,1,90.0,90.0,90.0,0.0,1,0.0,90.0,,,90.0,1
SMR,2008,San Marino,SM,Europe & Central Asia,High income,1,90.0,90.0,90.0,0.0,1,0.0,90.0,,,90.0,1
SMR,2009,San Marino,SM,Europe & Central Asia,High income,1,75.0,75.0,75.0,0.0,1,0.0,75.0,,,75.0,1
SMR,2010,San Marino,SM,Europe & Central Asia,High income,1,75.0,75.0,75.0,0.0,1,0.0,75.0,,,75.0,1
SMR,2011,San Marino,SM,Europe & Central Asia,High income,1,75.0,75.0,75.0,0.0,1,0.0,75.0,,,75.0,1
SMR,2012,San Marino,SM,Europe & Central Asia,High income,1,65.0,65.0,65.0,0.0,1,0.0,65.0,,,65.0,1
SMR,2013,San Marino,SM,Europe & Central Asia,High income,1,65.0,65.0,65.0,0.0,1,0.0,65.0,,,65.0,1
SMR,2014,San Marino,SM,Europe & Central Asia,High income,1,65.0,65.0,65.0,0.0,1,0.0,65.0,,,65.0,1
SMR,2015,San Marino,SM,Europe & Central Asia,High income,1,65.0,65.0,65.0,0.0,1,0.0,65.0,,,65.0,1
SMR,2016,San Marino,SM,Europe & Central Asia,High income,1,60.0,60.0,60.0,0.0,1,0.0,60.0,,,60.0,1
SMR,2017,San Marino,SM,Europe & Central Asia,High income,1,55.0,55.0,55.0,0.0,1,0.0,55.0,,,55.0,1
SMR,2018,San Marino,SM,Europe & Central Asia,High income,1,55.0,55.0,55.0,0.0,1,0.0,55.0,,,55.0,1
SMR,2019,San Marino,SM,Europe & Central Asia,High income,1,55.0,55.0,55.0,0.0,1,0.0,55.0,,,55.0,1
SMR,2020,San Marino,SM,Europe & Central Asia,High income,1,50.0,50.0,50.0,0.0,1,0.0,50.0,,,50.0,1
SMR,2021,San Marino,SM,Europe & Central Asia,High income,1,50.0,50.0,50.0,0.0,1,0.0,50.0,,,50.0,1
SMR,2022,San Marino,SM,Europe & Central Asia,High income,1,45.0,45.0,45.0,0.0,1,0.0,45.0,,,45.0,1
SMR,2023,San Marino,SM,Europe & Central Asia,High income,1,45.0,45.0,45.0,0.0,1,0.0,45.0,,,45.0,1
SMR,2024,San Marino,SM,Europe & Central Asia,High income,1,45.0,45.0,45.0,0.0,1,0.0,45.0,,,45.0,1
SMR,2025,San Marino,SM,Europe & Central Asia,High income,1,45.0,45.0,45.0,0.0,1,0.0,45.0,,,45.0,1
SRB,2000,Serbia,RS,Europe & Central Asia,Upper middle income,0,,,,,0,,,,,,0
SRB,2001,Serbia,RS,Europe & Central Asia,Upper middle income,0,,,,,0,,,,,,0
SRB,2002,Serbia,RS,Europe & Central Asia,Upper middle income,0,,,,,0,,,,,,0
SRB,2003,Serbia,RS,Europe & Central Asia,Upper middle income,0,,,,,0,,,,,,0
SRB,2004,Serbia,RS,Europe & Central Asia,Upper middle income,0,,,,,0,,,,,,0
SRB,2005,Serbia,RS,Europe & Central Asia,Upper middle income,1,40.0,40.0,40.0,0.0,1,0.0,40.0,,,40.0,1
SRB,2006,Serbia,RS,Europe & Central Asia,Upper middle income,1,40.0,40.0,40.0,0.0,1,0.0,40.0,,,40.0,1
SRB,2007,Serbia,RS,Europe & Central Asia,Upper middle income,1,40.0,40.0,40.0,0.0,1,0.0,40.0,,,40.0,1
SRB,2008,Serbia,RS,Europe & Central Asia,Upper middle income,1,40.0,40.0,40.0,0.0,1,0.0,40.0,,,40.0,1
SRB,2009,Serbia,RS,Europe & Central Asia,Upper middle income,1,40.0,40.0,40.0,0.0,1,0.0,40.0,,,40.0,1
SRB,2010,Serbia,RS,Europe & Central Asia,Upper middle income,1,40.0,40.0,40.0,0.0,1,0.0,40.0,,,40.0,1
SRB,2011,Serbia,RS,Europe & Central Asia,Upper middle income,2,42.5,40.0,45.0,3.5355339059327378,1,5.0,40.0,,45.0,42.5,2
SRB,2012,Serbia,RS,Europe & Central Asia,Upper middle income,2,40.0,40.0,40.0,0.0,1,0.0,40.0,,40.0,40.0,2
SRB,2013,Serbia,RS,Europe & Central Asia,Upper middle income,2,40.0,40.0,40.0,0.0,1,0.0,40.0,,40.0,40.0,2
SRB,2014,Serbia,RS,Europe & Central Asia,Upper middle income,2,37.5,35.0,40.0,3.5355339059327378,1,5.0,35.0,,40.0,37.5,2
SRB,2015,Serbia,RS,Europe & Central Asia,Upper middle income,2,37.5,35.0,40.0,3.5355339059327378,1,5.0,35.0,,40.0,37.5,2
SRB,2016,Serbia,RS,Europe & Central Asia,Upper middle income,2,40.0,40.0,40.0,0.0,1,0.0,40.0,,40.0,40.0,2
SRB,2017,Serbia,RS,Europe & Central Asia,Upper middle income,2,45.0,45.0,45.0,0.0,1,0.0,45.0,,45.0,45.0,2
SRB,2018,Serbia,RS,Europe & Central Asia,Upper middle income,2,45.0,45.0,45.0,0.0,1,0.0,45.0,,45.0,45.0,2
SRB,2019,Serbia,RS,Europe & Central Asia,Upper middle income,2,50.0,50.0,50.0,0.0,1,0.0,50.0,,50.0,50.0,2
SRB,2020,Serbia,RS,Europe & Central Asia,Upper middle income,2,50.0,50.0,50.0,0.0,1,0.0,50.0,,50.0,50.0,2
SRB,2021,Serbia,RS,Europe & Central Asia,Upper middle income,2,50.0,50.0,50.0,0.0,1,0.0,50.0,,50.0,50.0,2
SRB,2022,Serbia,RS,Europe & Central Asia,Upper middle income,2,50.0,50.0,50.0,0.0,1,0.0,50.0,,50.0,50.0,2
SRB,2023,Serbia,RS,Europe & Central Asia,Upper middle income,2,50.0,50.0,50.0,0.0,1,0.0,50.0,,50.0,50.0,2
SRB,2024,Serbia,RS,Europe & Central Asia,Upper middle income,2,52.5,50.0,55.0,3.5355339059327378,1,5.0,50.0,,55.0,52.5,2
SRB,2025,Serbia,RS,Europe & Central Asia,Upper middle income,2,52.5,50.0,55.0,3.5355339059327378,1,5.0,50.0,,55.0,52.5,2
SUR,2000,Suriname,SR,Latin America & Caribbean,Upper middle income,0,,,,,0,,,,,,0
SUR,2001,Suriname,SR,Latin America & Caribbean,Upper middle income,0,,,,,0,,,,,,0
SUR,2002,Suriname,SR,Latin America & Caribbean,Upper middle income,0,,,,,0,,,,,,0
SUR,2003,Suriname,SR,Latin America & Caribbean,Upper middle income,0,,,,,0,,,,,,0
SUR,2004,Suriname,SR,Latin America & Caribbean,Upper middle income,2,32.5,30.0,35.0,3.5355339059327378,1,5.0,30.0,35.0,,32.5,2
SUR,2005,Suriname,SR,Latin America & Caribbean,Upper middle income,2,32.5,30.0,35.0,3.5355339059327378,1,5.0,30.0,35.0,,32.5,2
SUR,2006,Suriname,SR,Latin America & Caribbean,Upper middle income,2,32.5,30.0,35.0,3.5355339059327378,1,5.0,30.0,35.0,,32.5,2
SUR,2007,Suriname,SR,Latin America & Caribbean,Upper middle income,2,32.5,30.0,35.0,3.5355339059327378,1,5.0,30.0,35.0,,32.5,2
SUR,2008,Suriname,SR,Latin America & Caribbean,Upper middle income,2,32.5,30.0,35.0,3.5355339059327378,1,5.0,30.0,35.0,,32.5,2
SUR,2009,Suriname,SR,Latin America & Caribbean,Upper middle income,2,32.5,30.0,35.0,3.5355339059327378,1,5.0,30.0,35.0,,32.5,2
SUR,2010,Suriname,SR,Latin America & Caribbean,Upper middle income,2,32.5,30.0,35.0,3.5355339059327378,1,5.0,30.0,35.0,,32.5,2
SUR,2011,Suriname,SR,Latin America & Caribbean,Upper middle income,3,36.666666666666664,35.0,40.0,2.88675134594813,1,5.0,35.0,35.0,40.0,36.666666666666664,3
SUR,2012,Suriname,SR,Latin America & Caribbean,Upper middle income,3,40.0,40.0,40.0,0.0,1,0.0,40.0,40.0,40.0,40.0,3
SUR,2013,Suriname,SR,Latin America & Caribbean,Upper middle income,3,40.0,40.0,40.0,0.0,1,0.0,40.0,40.0,40.0,40.0,3
SUR,2014,Suriname,SR,Latin America & Caribbean,Upper middle income,3,40.0,40.0,40.0,0.0,1,0.0,40.0,40.0,40.0,40.0,3
SUR,2015,Suriname,SR,Latin America & Caribbean,Upper middle income,3,40.0,40.0,40.0,0.0,1,0.0,40.0,40.0,40.0,40.0,3
SUR,2016,Suriname,SR,Latin America & Caribbean,Upper middle income,3,35.0,35.0,35.0,0.0,1,0.0,35.0,35.0,35.0,35.0,3
SUR,2017,Suriname,SR,Latin America & Caribbean,Upper middle income,3,30.0,25.0,35.0,5.0,1,10.0,25.0,35.0,30.0,30.0,3
SUR,2018,Suriname,SR,Latin America & Caribbean,Upper middle income,3,28.333333333333332,25.0,30.0,2.886751345948129,1,5.0,25.0,30.0,30.0,28.333333333333332,3
SUR,2019,Suriname,SR,Latin America & Caribbean,Upper middle income,3,28.333333333333332,25.0,30.0,2.886751345948129,1,5.0,25.0,30.0,30.0,28.333333333333332,3
SUR,2020,Suriname,SR,Latin America & Caribbean,Upper middle income,3,3.3333333333333335,0.0,10.0,5.773502691896257,1,10.0,0.0,10.0,0.0,3.3333333333333335,3
SUR,2021,Suriname,SR,Latin America & Caribbean,Upper middle income,3,3.3333333333333335,0.0,10.0,5.773502691896257,1,10.0,0.0,10.0,0.0,3.3333333333333335,3
SUR,2022,Suriname,SR,Latin America & Caribbean,Upper middle income,3,3.3333333333333335,0.0,10.0,5.773502691896257,1,10.0,0.0,10.0,0.0,3.3333333333333335,3
SUR,2023,Suriname,SR,Latin America & Caribbean,Upper middle income,3,10.0,0.0,20.0,10.0,1,20.0,0.0,10.0,20.0,10.0,3
SUR,2024,Suriname,SR,Latin America & Caribbean,Upper middle income,3,13.333333333333334,0.0,20.0,11.547005383792515,1,20.0,0.0,20.0,20.0,13.333333333333334,3
SUR,2025,Suriname,SR,Latin America & Caribbean,Upper middle income,3,13.333333333333334,0.0,20.0,11.547005383792515,1,20.0,0.0,20.0,20.0,13.333333333333334,3
SVK,2000,Slovak Republic,SK,Europe & Central Asia,High income,2,50.0,50.0,50.0,0.0,1,0.0,50.0,50.0,,50.0,2
SVK,2001,Slovak Republic,SK,Europe & Central Asia,High income,2,52.5,50.0,55.0,3.5355339059327378,1,5.0,50.0,55.0,,52.5,2
SVK,2002,Slovak Republic,SK,Europe & Central Asia,High income,2,62.5,55.0,70.0,10.606601717798213,1,15.0,55.0,70.0,,62.5,2
SVK,2003,Slovak Republic,SK,Europe & Central Asia,High income,2,65.0,60.0,70.0,7.0710678118654755,1,10.0,60.0,70.0,,65.0,2
SVK,2004,Slovak Republic,SK,Europe & Central Asia,High income,2,70.0,70.0,70.0,0.0,1,0.0,70.0,70.0,,70.0,2
SVK,2005,Slovak Republic,SK,Europe & Central Asia,High income,2,75.0,75.0,75.0,0.0,1,0.0,75.0,75.0,,75.0,2
SVK,2006,Slovak Republic,SK,Europe & Central Asia,High income,2,77.5,75.0,80.0,3.5355339059327378,1,5.0,75.0,80.0,,77.5,2
SVK,2007,Slovak Republic,SK,Europe & Central Asia,High income,2,77.5,75.0,80.0,3.5355339059327378,1,5.0,75.0,80.0,,77.5,2
SVK,2008,Slovak Republic,SK,Europe & Central Asia,High income,3,80.0,80.0,80.0,0.0,1,0.0,80.0,80.0,80.0,80.0,3
SVK,2009,Slovak Republic,SK,Europe & Central Asia,High income,3,80.0,80.0,80.0,0.0,1,0.0,80.0,80.0,80.0,80.0,3
SVK,2010,Slovak Republic,SK,Europe & Central Asia,High income,3,80.0,80.0,80.0,0.0,1,0.0,80.0,80.0,80.0,80.0,3
SVK,2011,Slovak Republic,SK,Europe & Central Asia,High income,3,80.0,80.0,80.0,0.0,1,0.0,80.0,80.0,80.0,80.0,3
SVK,2012,Slovak Republic,SK,Europe & Central Asia,High income,3,76.66666666666667,75.0,80.0,2.88675134594813,1,5.0,80.0,75.0,75.0,76.66666666666667,3
SVK,2013,Slovak Republic,SK,Europe & Central Asia,High income,3,76.66666666666667,75.0,80.0,2.88675134594813,1,5.0,80.0,75.0,75.0,76.66666666666667,3
SVK,2014,Slovak Republic,SK,Europe & Central Asia,High income,3,76.66666666666667,75.0,80.0,2.88675134594813,1,5.0,80.0,75.0,75.0,76.66666666666667,3
SVK,2015,Slovak Republic,SK,Europe & Central Asia,High income,3,78.33333333333333,75.0,80.0,2.88675134594813,1,5.0,80.0,75.0,80.0,78.33333333333333,3
SVK,2016,Slovak Republic,SK,Europe & Central Asia,High income,3,78.33333333333333,75.0,80.0,2.88675134594813,1,5.0,80.0,75.0,80.0,78.33333333333333,3
SVK,2017,Slovak Republic,SK,Europe & Central Asia,High income,3,78.33333333333333,75.0,80.0,2.88675134594813,1,5.0,80.0,75.0,80.0,78.33333333333333,3
SVK,2018,Slovak Republic,SK,Europe & Central Asia,High income,3,78.33333333333333,75.0,80.0,2.88675134594813,1,5.0,80.0,75.0,80.0,78.33333333333333,3
SVK,2019,Slovak Republic,SK,Europe & Central Asia,High income,3,78.33333333333333,75.0,80.0,2.88675134594813,1,5.0,80.0,75.0,80.0,78.33333333333333,3
SVK,2020,Slovak Republic,SK,Europe & Central Asia,High income,3,76.66666666666667,75.0,80.0,2.886751345948127,1,5.0,75.0,75.0,80.0,76.66666666666667,3
SVK,2021,Slovak Republic,SK,Europe & Central Asia,High income,3,76.66666666666667,75.0,80.0,2.886751345948127,1,5.0,75.0,75.0,80.0,76.66666666666667,3
SVK,2022,Slovak Republic,SK,Europe & Central Asia,High income,3,76.66666666666667,75.0,80.0,2.886751345948127,1,5.0,75.0,75.0,80.0,76.66666666666667,3
SVK,2023,Slovak Republic,SK,Europe & Central Asia,High income,3,76.66666666666667,75.0,80.0,2.886751345948127,1,5.0,75.0,75.0,80.0,76.66666666666667,3
SVK,2024,Slovak Republic,SK,Europe & Central Asia,High income,3,75.0,70.0,80.0,5.0,1,10.0,75.0,70.0,80.0,75.0,3
SVK,2025,Slovak Republic,SK,Europe & Central Asia,High income,3,75.0,70.0,80.0,5.0,1,10.0,75.0,70.0,80.0,75.0,3
SVN,2000,Slovenia,SI,Europe & Central Asia,High income,2,75.0,75.0,75.0,0.0,1,0.0,75.0,75.0,,75.0,2
SVN,2001,Slovenia,SI,Europe & Central Asia,High income,2,75.0,75.0,75.0,0.0,1,0.0,75.0,75.0,,75.0,2
SVN,2002,Slovenia,SI,Europe & Central Asia,High income,2,80.0,75.0,85.0,7.0710678118654755,1,10.0,75.0,85.0,,80.0,2
SVN,2003,Slovenia,SI,Europe & Central Asia,High income,2,82.5,80.0,85.0,3.5355339059327378,1,5.0,80.0,85.0,,82.5,2
SVN,2004,Slovenia,SI,Europe & Central Asia,High income,2,85.0,85.0,85.0,0.0,1,0.0,85.0,85.0,,85.0,2
SVN,2005,Slovenia,SI,Europe & Central Asia,High income,2,85.0,85.0,85.0,0.0,1,0.0,85.0,85.0,,85.0,2
SVN,2006,Slovenia,SI,Europe & Central Asia,High income,3,90.0,90.0,90.0,0.0,1,0.0,90.0,90.0,90.0,90.0,3
SVN,2007,Slovenia,SI,Europe & Central Asia,High income,3,90.0,90.0,90.0,0.0,1,0.0,90.0,90.0,90.0,90.0,3
SVN,2008,Slovenia,SI,Europe & Central Asia,High income,3,90.0,90.0,90.0,0.0,1,0.0,90.0,90.0,90.0,90.0,3
SVN,2009,Slovenia,SI,Europe & Central Asia,High income,3,90.0,90.0,90.0,0.0,1,0.0,90.0,90.0,90.0,90.0,3
SVN,2010,Slovenia,SI,Europe & Central Asia,High income,3,90.0,90.0,90.0,0.0,1,0.0,90.0,90.0,90.0,90.0,3
SVN,2011,Slovenia,SI,Europe & Central Asia,High income,3,83.33333333333333,80.0,85.0,2.88675134594813,1,5.0,85.0,80.0,85.0,83.33333333333333,3
SVN,2012,Slovenia,SI,Europe & Central Asia,High income,3,68.33333333333333,60.0,75.0,7.637626158259735,1,15.0,70.0,60.0,75.0,68.33333333333333,3
SVN,2013,Slovenia,SI,Europe & Central Asia,High income,3,61.666666666666664,50.0,70.0,10.408329997330664,1,20.0,65.0,50.0,70.0,61.666666666666664,3
SVN,2014,Slovenia,SI,Europe & Central Asia,High income,3,61.666666666666664,50.0,70.0,10.408329997330664,1,20.0,65.0,50.0,70.0,61.666666666666664,3
SVN,2015,Slovenia,SI,Europe & Central Asia,High income,3,63.333333333333336,55.0,70.0,7.6376261582597325,1,15.0,65.0,55.0,70.0,63.333333333333336,3
SVN,2016,Slovenia,SI,Europe & Central Asia,High income,3,66.66666666666667,55.0,75.0,10.408329997330663,1,20.0,70.0,55.0,75.0,66.66666666666667,3
SVN,2017,Slovenia,SI,Europe & Central Asia,High income,3,71.66666666666667,65.0,80.0,7.637626158259732,1,15.0,70.0,65.0,80.0,71.66666666666667,3
SVN,2018,Slovenia,SI,Europe & Central Asia,High income,3,71.66666666666667,65.0,80.0,7.637626158259732,1,15.0,70.0,65.0,80.0,71.66666666666667,3
SVN,2019,Slovenia,SI,Europe & Central Asia,High income,3,75.0,65.0,85.0,10.0,1,20.0,75.0,65.0,85.0,75.0,3
SVN,2020,Slovenia,SI,Europe & Central Asia,High income,3,76.66666666666667,70.0,85.0,7.637626158259732,1,15.0,75.0,70.0,85.0,76.66666666666667,3
SVN,2021,Slovenia,SI,Europe & Central Asia,High income,3,76.66666666666667,70.0,85.0,7.637626158259732,1,15.0,75.0,70.0,85.0,76.66666666666667,3
SVN,2022,Slovenia,SI,Europe & Central Asia,High income,3,76.66666666666667,70.0,85.0,7.637626158259732,1,15.0,75.0,70.0,85.0,76.66666666666667,3
SVN,2023,Slovenia,SI,Europe & Central Asia,High income,3,76.66666666666667,70.0,85.0,7.637626158259732,1,15.0,75.0,70.0,85.0,76.66666666666667,3
SVN,2024,Slovenia,SI,Europe & Central Asia,High income,3,76.66666666666667,70.0,85.0,7.637626158259732,1,15.0,75.0,70.0,85.0,76.66666666666667,3
SVN,2025,Slovenia,SI,Europe & Central Asia,High income,3,78.33333333333333,70.0,90.0,10.408329997330666,1,20.0,75.0,70.0,90.0,78.33333333333333,3
SWE,2000,Sweden,SE,Europe & Central Asia,High income,2,92.5,90.0,95.0,3.5355339059327378,1,5.0,90.0,95.0,,92.5,2
SWE,2001,Sweden,SE,Europe & Central Asia,High income,2,92.5,90.0,95.0,3.5355339059327378,1,5.0,90.0,95.0,,92.5,2
SWE,2002,Sweden,SE,Europe & Central Asia,High income,2,97.5,95.0,100.0,3.5355339059327378,1,5.0,95.0,100.0,,97.5,2
SWE,2003,Sweden,SE,Europe & Central Asia,High income,2,97.5,95.0,100.0,3.5355339059327378,1,5.0,95.0,100.0,,97.5,2
SWE,2004,Sweden,SE,Europe & Central Asia,High income,3,100.0,100.0,100.0,0.0,1,0.0,100.0,100.0,100.0,100.0,3
SWE,2005,Sweden,SE,Europe & Central Asia,High income,3,100.0,100.0,100.0,0.0,1,0.0,100.0,100.0,100.0,100.0,3
SWE,2006,Sweden,SE,Europe & Central Asia,High income,3,100.0,100.0,100.0,0.0,1,0.0,100.0,100.0,100.0,100.0,3
SWE,2007,Sweden,SE,Europe & Central Asia,High income,3,100.0,100.0,100.0,0.0,1,0.0,100.0,100.0,100.0,100.0,3
SWE,2008,Sweden,SE,Europe & Central Asia,High income,3,100.0,100.0,100.0,0.0,1,0.0,100.0,100.0,100.0,100.0,3
SWE,2009,Sweden,SE,Europe & Central Asia,High income,3,100.0,100.0,100.0,0.0,1,0.0,100.0,100.0,100.0,100.0,3
SWE,2010,Sweden,SE,Europe & Central Asia,High income,3,100.0,100.0,100.0,0.0,1,0.0,100.0,100.0,100.0,100.0,3
SWE,2011,Sweden,SE,Europe & Central Asia,High income,3,100.0,100.0,100.0,0.0,1,0.0,100.0,100.0,100.0,100.0,3
SWE,2012,Sweden,SE,Europe & Central Asia,High income,3,100.0,100.0,100.0,0.0,1,0.0,100.0,100.0,100.0,100.0,3
SWE,2013,Sweden,SE,Europe & Central Asia,High income,3,100.0,100.0,100.0,0.0,1,0.0,100.0,100.0,100.0,100.0,3
SWE,2014,Sweden,SE,Europe & Central Asia,High income,3,100.0,100.0,100.0,0.0,1,0.0,100.0,100.0,100.0,100.0,3
SWE,2015,Sweden,SE,Europe & Central Asia,High income,3,100.0,100.0,100.0,0.0,1,0.0,100.0,100.0,100.0,100.0,3
SWE,2016,Sweden,SE,Europe & Central Asia,High income,3,100.0,100.0,100.0,0.0,1,0.0,100.0,100.0,100.0,100.0,3
SWE,2017,Sweden,SE,Europe & Central Asia,High income,3,100.0,100.0,100.0,0.0,1,0.0,100.0,100.0,100.0,100.0,3
SWE,2018,Sweden,SE,Europe & Central Asia,High income,3,100.0,100.0,100.0,0.0,1,0.0,100.0,100.0,100.0,100.0,3
SWE,2019,Sweden,SE,Europe & Central Asia,High income,3,100.0,100.0,100.0,0.0,1,0.0,100.0,100.0,100.0,100.0,3
SWE,2020,Sweden,SE,Europe & Central Asia,High income,3,100.0,100.0,100.0,0.0,1,0.0,100.0,100.0,100.0,100.0,3
SWE,2021,Sweden,SE,Europe & Central Asia,High income,3,100.0,100.0,100.0,0.0,1,0.0,100.0,100.0,100.0,100.0,3
SWE,2022,Sweden,SE,Europe & Central Asia,High income,3,100.0,100.0,100.0,0.0,1,0.0,100.0,100.0,100.0,100.0,3
SWE,2023,Sweden,SE,Europe & Central Asia,High income,3,100.0,100.0,100.0,0.0,1,0.0,100.0,100.0,100.0,100.0,3
SWE,2024,Sweden,SE,Europe & Central Asia,High income,3,100.0,100.0,100.0,0.0,1,0.0,100.0,100.0,100.0,100.0,3
SWE,2025,Sweden,SE,Europe & Central Asia,High income,3,100.0,100.0,100.0,0.0,1,0.0,100.0,100.0,100.0,100.0,3
SWZ,2000,Eswatini,SZ,Sub-Saharan Africa,Lower middle income,0,,,,,0,,,,,,0
SWZ,2001,Eswatini,SZ,Sub-Saharan Africa,Lower middle income,0,,,,,0,,,,,,0
SWZ,2002,Eswatini,SZ,Sub-Saharan Africa,Lower middle income,0,,,,,0,,,,,,0
SWZ,2003,Eswatini,SZ,Sub-Saharan Africa,Lower middle income,0,,,,,0,,,,,,0
SWZ,2004,Eswatini,SZ,Sub-Saharan Africa,Lower middle income,0,,,,,0,,,,,,0
SWZ,2005,Eswatini,SZ,Sub-Saharan Africa,Lower middle income,0,,,,,0,,,,,,0
SWZ,2006,Eswatini,SZ,Sub-Saharan Africa,Lower middle income,0,,,,,0,,,,,,0
SWZ,2007,Eswatini,SZ,Sub-Saharan Africa,Lower middle income,0,,,,,0,,,,,,0
SWZ,2008,Eswatini,SZ,Sub-Saharan Africa,Lower middle income,0,,,,,0,,,,,,0
SWZ,2009,Eswatini,SZ,Sub-Saharan Africa,Lower middle income,0,,,,,0,,,,,,0
SWZ,2010,Eswatini,SZ,Sub-Saharan Africa,Lower middle income,0,,,,,0,,,,,,0
SWZ,2011,Eswatini,SZ,Sub-Saharan Africa,Lower middle income,0,,,,,0,,,,,,0
SWZ,2012,Eswatini,SZ,Sub-Saharan Africa,Lower middle income,0,,,,,0,,,,,,0
SWZ,2013,Eswatini,SZ,Sub-Saharan Africa,Lower middle income,0,,,,,0,,,,,,0
SWZ,2014,Eswatini,SZ,Sub-Saharan Africa,Lower middle income,0,,,,,0,,,,,,0
SWZ,2015,Eswatini,SZ,Sub-Saharan Africa,Lower middle income,0,,,,,0,,,,,,0
SWZ,2016,Eswatini,SZ,Sub-Saharan Africa,Lower middle income,0,,,,,0,,,,,,0
SWZ,2017,Eswatini,SZ,Sub-Saharan Africa,Lower middle income,1,30.0,30.0,30.0,0.0,1,0.0,,30.0,,30.0,1
SWZ,2018,Eswatini,SZ,Sub-Saharan Africa,Lower middle income,1,30.0,30.0,30.0,0.0,1,0.0,,30.0,,30.0,1
SWZ,2019,Eswatini,SZ,Sub-Saharan Africa,Lower middle income,1,30.0,30.0,30.0,0.0,1,0.0,,30.0,,30.0,1
SWZ,2020,Eswatini,SZ,Sub-Saharan Africa,Lower middle income,1,25.0,25.0,25.0,0.0,1,0.0,,25.0,,25.0,1
SWZ,2021,Eswatini,SZ,Sub-Saharan Africa,Lower middle income,1,25.0,25.0,25.0,0.0,1,0.0,,25.0,,25.0,1
SWZ,2022,Eswatini,SZ,Sub-Saharan Africa,Lower middle income,1,25.0,25.0,25.0,0.0,1,0.0,,25.0,,25.0,1
SWZ,2023,Eswatini,SZ,Sub-Saharan Africa,Lower middle income,1,25.0,25.0,25.0,0.0,1,0.0,,25.0,,25.0,1
SWZ,2024,Eswatini,SZ,Sub-Saharan Africa,Lower middle income,1,30.0,30.0,30.0,0.0,1,0.0,,30.0,,30.0,1
SWZ,2025,Eswatini,SZ,Sub-Saharan Africa,Lower middle income,1,30.0,30.0,30.0,0.0,1,0.0,,30.0,,30.0,1
SYC,2000,Seychelles,SC,Sub-Saharan Africa,High income,0,,,,,0,,,,,,0
SYC,2001,Seychelles,SC,Sub-Saharan Africa,High income,0,,,,,0,,,,,,0
SYC,2002,Seychelles,SC,Sub-Saharan Africa,High income,0,,,,,0,,,,,,0
SYC,2003,Seychelles,SC,Sub-Saharan Africa,High income,0,,,,,0,,,,,,0
SYC,2004,Seychelles,SC,Sub-Saharan Africa,High income,0,,,,,0,,,,,,0
SYC,2005,Seychelles,SC,Sub-Saharan Africa,High income,0,,,,,0,,,,,,0
SYC,2006,Seychelles,SC,Sub-Saharan Africa,High income,0,,,,,0,,,,,,0
SYC,2007,Seychelles,SC,Sub-Saharan Africa,High income,0,,,,,0,,,,,,0
SYC,2008,Seychelles,SC,Sub-Saharan Africa,High income,0,,,,,0,,,,,,0
SYC,2009,Seychelles,SC,Sub-Saharan Africa,High income,0,,,,,0,,,,,,0
SYC,2010,Seychelles,SC,Sub-Saharan Africa,High income,1,25.0,25.0,25.0,0.0,1,0.0,25.0,,,25.0,1
SYC,2011,Seychelles,SC,Sub-Saharan Africa,High income,1,30.0,30.0,30.0,0.0,1,0.0,30.0,,,30.0,1
SYC,2012,Seychelles,SC,Sub-Saharan Africa,High income,1,30.0,30.0,30.0,0.0,1,0.0,30.0,,,30.0,1
SYC,2013,Seychelles,SC,Sub-Saharan Africa,High income,1,30.0,30.0,30.0,0.0,1,0.0,30.0,,,30.0,1
SYC,2014,Seychelles,SC,Sub-Saharan Africa,High income,1,35.0,35.0,35.0,0.0,1,0.0,35.0,,,35.0,1
SYC,2015,Seychelles,SC,Sub-Saharan Africa,High income,1,40.0,40.0,40.0,0.0,1,0.0,40.0,,,40.0,1
SYC,2016,Seychelles,SC,Sub-Saharan Africa,High income,1,40.0,40.0,40.0,0.0,1,0.0,40.0,,,40.0,1
SYC,2017,Seychelles,SC,Sub-Saharan Africa,High income,1,40.0,40.0,40.0,0.0,1,0.0,40.0,,,40.0,1
SYC,2018,Seychelles,SC,Sub-Saharan Africa,High income,1,40.0,40.0,40.0,0.0,1,0.0,40.0,,,40.0,1
SYC,2019,Seychelles,SC,Sub-Saharan Africa,High income,1,45.0,45.0,45.0,0.0,1,0.0,45.0,,,45.0,1
SYC,2020,Seychelles,SC,Sub-Saharan Africa,High income,1,30.0,30.0,30.0,0.0,1,0.0,30.0,,,30.0,1
SYC,2021,Seychelles,SC,Sub-Saharan Africa,High income,1,35.0,35.0,35.0,0.0,1,0.0,35.0,,,35.0,1
SYC,2022,Seychelles,SC,Sub-Saharan Africa,High income,1,40.0,40.0,40.0,0.0,1,0.0,40.0,,,40.0,1
SYC,2023,Seychelles,SC,Sub-Saharan Africa,High income,1,40.0,40.0,40.0,0.0,1,0.0,40.0,,,40.0,1
SYC,2024,Seychelles,SC,Sub-Saharan Africa,High income,1,40.0,40.0,40.0,0.0,1,0.0,40.0,,,40.0,1
SYC,2025,Seychelles,SC,Sub-Saharan Africa,High income,1,40.0,40.0,40.0,0.0,1,0.0,40.0,,,40.0,1
TCD,2000,Chad,TD,Sub-Saharan Africa,Low income,0,,,,,0,,,,,,0
TCD,2001,Chad,TD,Sub-Saharan Africa,Low income,0,,,,,0,,,,,,0
TCD,2002,Chad,TD,Sub-Saharan Africa,Low income,0,,,,,0,,,,,,0
TCD,2003,Chad,TD,Sub-Saharan Africa,Low income,0,,,,,0,,,,,,0
TCD,2004,Chad,TD,Sub-Saharan Africa,Low income,0,,,,,0,,,,,,0
TCD,2005,Chad,TD,Sub-Saharan Africa,Low income,0,,,,,0,,,,,,0
TCD,2006,Chad,TD,Sub-Saharan Africa,Low income,0,,,,,0,,,,,,0
TCD,2007,Chad,TD,Sub-Saharan Africa,Low income,0,,,,,0,,,,,,0
TCD,2008,Chad,TD,Sub-Saharan Africa,Low income,0,,,,,0,,,,,,0
TCD,2009,Chad,TD,Sub-Saharan Africa,Low income,0,,,,,0,,,,,,0
TCD,2010,Chad,TD,Sub-Saharan Africa,Low income,0,,,,,0,,,,,,0
TCD,2011,Chad,TD,Sub-Saharan Africa,Low income,0,,,,,0,,,,,,0
TCD,2012,Chad,TD,Sub-Saharan Africa,Low income,0,,,,,0,,,,,,0
TCD,2013,Chad,TD,Sub-Saharan Africa,Low income,0,,,,,0,,,,,,0
TCD,2014,Chad,TD,Sub-Saharan Africa,Low income,0,,,,,0,,,,,,0
TCD,2015,Chad,TD,Sub-Saharan Africa,Low income,0,,,,,0,,,,,,0
TCD,2016,Chad,TD,Sub-Saharan Africa,Low income,0,,,,,0,,,,,,0
TCD,2017,Chad,TD,Sub-Saharan Africa,Low income,0,,,,,0,,,,,,0
TCD,2018,Chad,TD,Sub-Saharan Africa,Low income,0,,,,,0,,,,,,0
TCD,2019,Chad,TD,Sub-Saharan Africa,Low income,0,,,,,0,,,,,,0
TCD,2020,Chad,TD,Sub-Saharan Africa,Low income,0,,,,,0,,,,,,0
TCD,2021,Chad,TD,Sub-Saharan Africa,Low income,0,,,,,0,,,,,,0
TCD,2022,Chad,TD,Sub-Saharan Africa,Low income,0,,,,,0,,,,,,0
TCD,2023,Chad,TD,Sub-Saharan Africa,Low income,0,,,,,0,,,,,,0
TCD,2024,Chad,TD,Sub-Saharan Africa,Low income,1,25.0,25.0,25.0,0.0,1,0.0,,,25.0,25.0,1
TCD,2025,Chad,TD,Sub-Saharan Africa,Low income,1,25.0,25.0,25.0,0.0,1,0.0,,,25.0,25.0,1
TGO,2000,Togo,TG,Sub-Saharan Africa,Lower middle income,0,,,,,0,,,,,,0
TGO,2001,Togo,TG,Sub-Saharan Africa,Lower middle income,0,,,,,0,,,,,,0
TGO,2002,Togo,TG,Sub-Saharan Africa,Lower middle income,0,,,,,0,,,,,,0
TGO,2003,Togo,TG,Sub-Saharan Africa,Lower middle income,0,,,,,0,,,,,,0
TGO,2004,Togo,TG,Sub-Saharan Africa,Lower middle income,0,,,,,0,,,,,,0
TGO,2005,Togo,TG,Sub-Saharan Africa,Lower middle income,0,,,,,0,,,,,,0
TGO,2006,Togo,TG,Sub-Saharan Africa,Lower middle income,0,,,,,0,,,,,,0
TGO,2007,Togo,TG,Sub-Saharan Africa,Lower middle income,0,,,,,0,,,,,,0
TGO,2008,Togo,TG,Sub-Saharan Africa,Lower middle income,0,,,,,0,,,,,,0
TGO,2009,Togo,TG,Sub-Saharan Africa,Lower middle income,0,,,,,0,,,,,,0
TGO,2010,Togo,TG,Sub-Saharan Africa,Lower middle income,0,,,,,0,,,,,,0
TGO,2011,Togo,TG,Sub-Saharan Africa,Lower middle income,0,,,,,0,,,,,,0
TGO,2012,Togo,TG,Sub-Saharan Africa,Lower middle income,0,,,,,0,,,,,,0
TGO,2013,Togo,TG,Sub-Saharan Africa,Lower middle income,0,,,,,0,,,,,,0
TGO,2014,Togo,TG,Sub-Saharan Africa,Lower middle income,0,,,,,0,,,,,,0
TGO,2015,Togo,TG,Sub-Saharan Africa,Lower middle income,0,,,,,0,,,,,,0
TGO,2016,Togo,TG,Sub-Saharan Africa,Lower middle income,0,,,,,0,,,,,,0
TGO,2017,Togo,TG,Sub-Saharan Africa,Lower middle income,0,,,,,0,,,,,,0
TGO,2018,Togo,TG,Sub-Saharan Africa,Lower middle income,0,,,,,0,,,,,,0
TGO,2019,Togo,TG,Sub-Saharan Africa,Lower middle income,2,27.5,25.0,30.0,3.5355339059327378,1,5.0,,25.0,30.0,27.5,2
TGO,2020,Togo,TG,Sub-Saharan Africa,Lower middle income,2,27.5,25.0,30.0,3.5355339059327378,1,5.0,,25.0,30.0,27.5,2
TGO,2021,Togo,TG,Sub-Saharan Africa,Lower middle income,2,27.5,25.0,30.0,3.5355339059327378,1,5.0,,25.0,30.0,27.5,2
TGO,2022,Togo,TG,Sub-Saharan Africa,Lower middle income,2,27.5,25.0,30.0,3.5355339059327378,1,5.0,,25.0,30.0,27.5,2
TGO,2023,Togo,TG,Sub-Saharan Africa,Lower middle income,2,27.5,25.0,30.0,3.5355339059327378,1,5.0,,25.0,30.0,27.5,2
TGO,2024,Togo,TG,Sub-Saharan Africa,Lower middle income,2,27.5,25.0,30.0,3.5355339059327378,1,5.0,,25.0,30.0,27.5,2
TGO,2025,Togo,TG,Sub-Saharan Africa,Lower middle income,2,30.0,25.0,35.0,7.0710678118654755,1,10.0,,25.0,35.0,30.0,2
THA,2000,Thailand,TH,East Asia & Pacific,Upper middle income,2,55.0,55.0,55.0,0.0,1,0.0,55.0,55.0,,55.0,2
THA,2001,Thailand,TH,East Asia & Pacific,Upper middle income,2,55.0,55.0,55.0,0.0,1,0.0,55.0,55.0,,55.0,2
THA,2002,Thailand,TH,East Asia & Pacific,Upper middle income,2,55.0,55.0,55.0,0.0,1,0.0,55.0,55.0,,55.0,2
THA,2003,Thailand,TH,East Asia & Pacific,Upper middle income,2,62.5,60.0,65.0,3.5355339059327378,1,5.0,60.0,65.0,,62.5,2
THA,2004,Thailand,TH,East Asia & Pacific,Upper middle income,3,63.333333333333336,60.0,65.0,2.886751345948128,1,5.0,60.0,65.0,65.0,63.333333333333336,3
THA,2005,Thailand,TH,East Asia & Pacific,Upper middle income,3,65.0,65.0,65.0,0.0,1,0.0,65.0,65.0,65.0,65.0,3
THA,2006,Thailand,TH,East Asia & Pacific,Upper middle income,3,65.0,65.0,65.0,0.0,1,0.0,65.0,65.0,65.0,65.0,3
THA,2007,Thailand,TH,East Asia & Pacific,Upper middle income,3,65.0,65.0,65.0,0.0,1,0.0,65.0,65.0,65.0,65.0,3
THA,2008,Thailand,TH,East Asia & Pacific,Upper middle income,3,65.0,65.0,65.0,0.0,1,0.0,65.0,65.0,65.0,65.0,3
THA,2009,Thailand,TH,East Asia & Pacific,Upper middle income,3,63.333333333333336,60.0,65.0,2.886751345948128,1,5.0,60.0,65.0,65.0,63.333333333333336,3
THA,2010,Thailand,TH,East Asia & Pacific,Upper middle income,3,63.333333333333336,60.0,65.0,2.886751345948128,1,5.0,60.0,65.0,65.0,63.333333333333336,3
THA,2011,Thailand,TH,East Asia & Pacific,Upper middle income,3,63.333333333333336,60.0,65.0,2.886751345948128,1,5.0,60.0,65.0,65.0,63.333333333333336,3
THA,2012,Thailand,TH,East Asia & Pacific,Upper middle income,3,63.333333333333336,60.0,65.0,2.886751345948128,1,5.0,60.0,65.0,65.0,63.333333333333336,3
THA,2013,Thailand,TH,East Asia & Pacific,Upper middle income,3,65.0,65.0,65.0,0.0,1,0.0,65.0,65.0,65.0,65.0,3
THA,2014,Thailand,TH,East Asia & Pacific,Upper middle income,3,65.0,65.0,65.0,0.0,1,0.0,65.0,65.0,65.0,65.0,3
THA,2015,Thailand,TH,East Asia & Pacific,Upper middle income,3,65.0,65.0,65.0,0.0,1,0.0,65.0,65.0,65.0,65.0,3
THA,2016,Thailand,TH,East Asia & Pacific,Upper middle income,3,65.0,65.0,65.0,0.0,1,0.0,65.0,65.0,65.0,65.0,3
THA,2017,Thailand,TH,East Asia & Pacific,Upper middle income,3,65.0,65.0,65.0,0.0,1,0.0,65.0,65.0,65.0,65.0,3
THA,2018,Thailand,TH,East Asia & Pacific,Upper middle income,3,65.0,65.0,65.0,0.0,1,0.0,65.0,65.0,65.0,65.0,3
THA,2019,Thailand,TH,East Asia & Pacific,Upper middle income,3,65.0,65.0,65.0,0.0,1,0.0,65.0,65.0,65.0,65.0,3
THA,2020,Thailand,TH,East Asia & Pacific,Upper middle income,3,65.0,65.0,65.0,0.0,1,0.0,65.0,65.0,65.0,65.0,3
THA,2021,Thailand,TH,East Asia & Pacific,Upper middle income,3,65.0,65.0,65.0,0.0,1,0.0,65.0,65.0,65.0,65.0,3
THA,2022,Thailand,TH,East Asia & Pacific,Upper middle income,3,65.0,65.0,65.0,0.0,1,0.0,65.0,65.0,65.0,65.0,3
THA,2023,Thailand,TH,East Asia & Pacific,Upper middle income,3,65.0,65.0,65.0,0.0,1,0.0,65.0,65.0,65.0,65.0,3
THA,2024,Thailand,TH,East Asia & Pacific,Upper middle income,3,65.0,65.0,65.0,0.0,1,0.0,65.0,65.0,65.0,65.0,3
THA,2025,Thailand,TH,East Asia & Pacific,Upper middle income,3,65.0,65.0,65.0,0.0,1,0.0,65.0,65.0,65.0,65.0,3
TJK,2000,Tajikistan,TJ,Europe & Central Asia,Lower middle income,0,,,,,0,,,,,,0
TJK,2001,Tajikistan,TJ,Europe & Central Asia,Lower middle income,0,,,,,0,,,,,,0
TJK,2002,Tajikistan,TJ,Europe & Central Asia,Lower middle income,0,,,,,0,,,,,,0
TJK,2003,Tajikistan,TJ,Europe & Central Asia,Lower middle income,0,,,,,0,,,,,,0
TJK,2004,Tajikistan,TJ,Europe & Central Asia,Lower middle income,0,,,,,0,,,,,,0
TJK,2005,Tajikistan,TJ,Europe & Central Asia,Lower middle income,0,,,,,0,,,,,,0
TJK,2006,Tajikistan,TJ,Europe & Central Asia,Lower middle income,0,,,,,0,,,,,,0
TJK,2007,Tajikistan,TJ,Europe & Central Asia,Lower middle income,0,,,,,0,,,,,,0
TJK,2008,Tajikistan,TJ,Europe & Central Asia,Lower middle income,0,,,,,0,,,,,,0
TJK,2009,Tajikistan,TJ,Europe & Central Asia,Lower middle income,0,,,,,0,,,,,,0
TJK,2010,Tajikistan,TJ,Europe & Central Asia,Lower middle income,0,,,,,0,,,,,,0
TJK,2011,Tajikistan,TJ,Europe & Central Asia,Lower middle income,0,,,,,0,,,,,,0
TJK,2012,Tajikistan,TJ,Europe & Central Asia,Lower middle income,0,,,,,0,,,,,,0
TJK,2013,Tajikistan,TJ,Europe & Central Asia,Lower middle income,0,,,,,0,,,,,,0
TJK,2014,Tajikistan,TJ,Europe & Central Asia,Lower middle income,0,,,,,0,,,,,,0
TJK,2015,Tajikistan,TJ,Europe & Central Asia,Lower middle income,0,,,,,0,,,,,,0
TJK,2016,Tajikistan,TJ,Europe & Central Asia,Lower middle income,0,,,,,0,,,,,,0
TJK,2017,Tajikistan,TJ,Europe & Central Asia,Lower middle income,2,25.0,25.0,25.0,0.0,1,0.0,,25.0,25.0,25.0,2
TJK,2018,Tajikistan,TJ,Europe & Central Asia,Lower middle income,2,25.0,25.0,25.0,0.0,1,0.0,,25.0,25.0,25.0,2
TJK,2019,Tajikistan,TJ,Europe & Central Asia,Lower middle income,2,25.0,25.0,25.0,0.0,1,0.0,,25.0,25.0,25.0,2
TJK,2020,Tajikistan,TJ,Europe & Central Asia,Lower middle income,2,25.0,25.0,25.0,0.0,1,0.0,,25.0,25.0,25.0,2
TJK,2021,Tajikistan,TJ,Europe & Central Asia,Lower middle income,2,25.0,25.0,25.0,0.0,1,0.0,,25.0,25.0,25.0,2
TJK,2022,Tajikistan,TJ,Europe & Central Asia,Lower middle income,2,25.0,25.0,25.0,0.0,1,0.0,,25.0,25.0,25.0,2
TJK,2023,Tajikistan,TJ,Europe & Central Asia,Lower middle income,2,25.0,25.0,25.0,0.0,1,0.0,,25.0,25.0,25.0,2
TJK,2024,Tajikistan,TJ,Europe & Central Asia,Lower middle income,2,27.5,25.0,30.0,3.5355339059327378,1,5.0,,25.0,30.0,27.5,2
TJK,2025,Tajikistan,TJ,Europe & Central Asia,Lower middle income,2,27.5,25.0,30.0,3.5355339059327378,1,5.0,,25.0,30.0,27.5,2
TKM,2000,Turkmenistan,TM,Europe & Central Asia,Upper middle income,1,25.0,25.0,25.0,0.0,1,0.0,25.0,,,25.0,1
TKM,2001,Turkmenistan,TM,Europe & Central Asia,Upper middle income,1,10.0,10.0,10.0,0.0,1,0.0,10.0,,,10.0,1
TKM,2002,Turkmenistan,TM,Europe & Central Asia,Upper middle income,1,10.0,10.0,10.0,0.0,1,0.0,10.0,,,10.0,1
TKM,2003,Turkmenistan,TM,Europe & Central Asia,Upper middle income,1,10.0,10.0,10.0,0.0,1,0.0,10.0,,,10.0,1
TKM,2004,Turkmenistan,TM,Europe & Central Asia,Upper middle income,1,10.0,10.0,10.0,0.0,1,0.0,10.0,,,10.0,1
TKM,2005,Turkmenistan,TM,Europe & Central Asia,Upper middle income,1,10.0,10.0,10.0,0.0,1,0.0,10.0,,,10.0,1
TKM,2006,Turkmenistan,TM,Europe & Central Asia,Upper middle income,1,10.0,10.0,10.0,0.0,1,0.0,10.0,,,10.0,1
TKM,2007,Turkmenistan,TM,Europe & Central Asia,Upper middle income,1,10.0,10.0,10.0,0.0,1,0.0,10.0,,,10.0,1
TKM,2008,Turkmenistan,TM,Europe & Central Asia,Upper middle income,1,10.0,10.0,10.0,0.0,1,0.0,10.0,,,10.0,1
TKM,2009,Turkmenistan,TM,Europe & Central Asia,Upper middle income,1,10.0,10.0,10.0,0.0,1,0.0,10.0,,,10.0,1
TKM,2010,Turkmenistan,TM,Europe & Central Asia,Upper middle income,1,10.0,10.0,10.0,0.0,1,0.0,10.0,,,10.0,1
TKM,2011,Turkmenistan,TM,Europe & Central Asia,Upper middle income,1,10.0,10.0,10.0,0.0,1,0.0,10.0,,,10.0,1
TKM,2012,Turkmenistan,TM,Europe & Central Asia,Upper middle income,1,10.0,10.0,10.0,0.0,1,0.0,10.0,,,10.0,1
TKM,2013,Turkmenistan,TM,Europe & Central Asia,Upper middle income,1,10.0,10.0,10.0,0.0,1,0.0,10.0,,,10.0,1
TKM,2014,Turkmenistan,TM,Europe & Central Asia,Upper middle income,1,10.0,10.0,10.0,0.0,1,0.0,10.0,,,10.0,1
TKM,2015,Turkmenistan,TM,Europe & Central Asia,Upper middle income,1,10.0,10.0,10.0,0.0,1,0.0,10.0,,,10.0,1
TKM,2016,Turkmenistan,TM,Europe & Central Asia,Upper middle income,1,10.0,10.0,10.0,0.0,1,0.0,10.0,,,10.0,1
TKM,2017,Turkmenistan,TM,Europe & Central Asia,Upper middle income,1,10.0,10.0,10.0,0.0,1,0.0,10.0,,,10.0,1
TKM,2018,Turkmenistan,TM,Europe & Central Asia,Upper middle income,1,10.0,10.0,10.0,0.0,1,0.0,10.0,,,10.0,1
TKM,2019,Turkmenistan,TM,Europe & Central Asia,Upper middle income,1,10.0,10.0,10.0,0.0,1,0.0,10.0,,,10.0,1
TKM,2020,Turkmenistan,TM,Europe & Central Asia,Upper middle income,1,10.0,10.0,10.0,0.0,1,0.0,10.0,,,10.0,1
TKM,2021,Turkmenistan,TM,Europe & Central Asia,Upper middle income,1,10.0,10.0,10.0,0.0,1,0.0,10.0,,,10.0,1
TKM,2022,Turkmenistan,TM,Europe & Central Asia,Upper middle income,1,10.0,10.0,10.0,0.0,1,0.0,10.0,,,10.0,1
TKM,2023,Turkmenistan,TM,Europe & Central Asia,Upper middle income,1,10.0,10.0,10.0,0.0,1,0.0,10.0,,,10.0,1
TKM,2024,Turkmenistan,TM,Europe & Central Asia,Upper middle income,1,10.0,10.0,10.0,0.0,1,0.0,10.0,,,10.0,1
TKM,2025,Turkmenistan,TM,Europe & Central Asia,Upper middle income,1,10.0,10.0,10.0,0.0,1,0.0,10.0,,,10.0,1
TTO,2000,Trinidad and Tobago,TT,Latin America & Caribbean,High income,1,55.0,55.0,55.0,0.0,1,0.0,,55.0,,55.0,1
TTO,2001,Trinidad and Tobago,TT,Latin America & Caribbean,High income,1,55.0,55.0,55.0,0.0,1,0.0,,55.0,,55.0,1
TTO,2002,Trinidad and Tobago,TT,Latin America & Caribbean,High income,1,55.0,55.0,55.0,0.0,1,0.0,,55.0,,55.0,1
TTO,2003,Trinidad and Tobago,TT,Latin America & Caribbean,High income,1,55.0,55.0,55.0,0.0,1,0.0,,55.0,,55.0,1
TTO,2004,Trinidad and Tobago,TT,Latin America & Caribbean,High income,1,55.0,55.0,55.0,0.0,1,0.0,,55.0,,55.0,1
TTO,2005,Trinidad and Tobago,TT,Latin America & Caribbean,High income,1,60.0,60.0,60.0,0.0,1,0.0,,60.0,,60.0,1
TTO,2006,Trinidad and Tobago,TT,Latin America & Caribbean,High income,1,65.0,65.0,65.0,0.0,1,0.0,,65.0,,65.0,1
TTO,2007,Trinidad and Tobago,TT,Latin America & Caribbean,High income,1,65.0,65.0,65.0,0.0,1,0.0,,65.0,,65.0,1
TTO,2008,Trinidad and Tobago,TT,Latin America & Caribbean,High income,2,70.0,65.0,75.0,7.0710678118654755,1,10.0,,65.0,75.0,70.0,2
TTO,2009,Trinidad and Tobago,TT,Latin America & Caribbean,High income,2,70.0,65.0,75.0,7.0710678118654755,1,10.0,,65.0,75.0,70.0,2
TTO,2010,Trinidad and Tobago,TT,Latin America & Caribbean,High income,2,70.0,65.0,75.0,7.0710678118654755,1,10.0,,65.0,75.0,70.0,2
TTO,2011,Trinidad and Tobago,TT,Latin America & Caribbean,High income,2,70.0,65.0,75.0,7.0710678118654755,1,10.0,,65.0,75.0,70.0,2
TTO,2012,Trinidad and Tobago,TT,Latin America & Caribbean,High income,2,70.0,65.0,75.0,7.0710678118654755,1,10.0,,65.0,75.0,70.0,2
TTO,2013,Trinidad and Tobago,TT,Latin America & Caribbean,High income,2,70.0,65.0,75.0,7.0710678118654755,1,10.0,,65.0,75.0,70.0,2
TTO,2014,Trinidad and Tobago,TT,Latin America & Caribbean,High income,2,70.0,65.0,75.0,7.0710678118654755,1,10.0,,65.0,75.0,70.0,2
TTO,2015,Trinidad and Tobago,TT,Latin America & Caribbean,High income,2,67.5,60.0,75.0,10.606601717798213,1,15.0,,60.0,75.0,67.5,2
TTO,2016,Trinidad and Tobago,TT,Latin America & Caribbean,High income,2,62.5,55.0,70.0,10.606601717798213,1,15.0,,55.0,70.0,62.5,2
TTO,2017,Trinidad and Tobago,TT,Latin America & Caribbean,High income,2,57.5,50.0,65.0,10.606601717798213,1,15.0,,50.0,65.0,57.5,2
TTO,2018,Trinidad and Tobago,TT,Latin America & Caribbean,High income,2,57.5,50.0,65.0,10.606601717798213,1,15.0,,50.0,65.0,57.5,2
TTO,2019,Trinidad and Tobago,TT,Latin America & Caribbean,High income,2,55.0,50.0,60.0,7.0710678118654755,1,10.0,,50.0,60.0,55.0,2
TTO,2020,Trinidad and Tobago,TT,Latin America & Caribbean,High income,2,52.5,50.0,55.0,3.5355339059327378,1,5.0,,50.0,55.0,52.5,2
TTO,2021,Trinidad and Tobago,TT,Latin America & Caribbean,High income,2,50.0,45.0,55.0,7.0710678118654755,1,10.0,,45.0,55.0,50.0,2
TTO,2022,Trinidad and Tobago,TT,Latin America & Caribbean,High income,2,50.0,45.0,55.0,7.0710678118654755,1,10.0,,45.0,55.0,50.0,2
TTO,2023,Trinidad and Tobago,TT,Latin America & Caribbean,High income,2,50.0,45.0,55.0,7.0710678118654755,1,10.0,,45.0,55.0,50.0,2
TTO,2024,Trinidad and Tobago,TT,Latin America & Caribbean,High income,2,50.0,45.0,55.0,7.0710678118654755,1,10.0,,45.0,55.0,50.0,2
TTO,2025,Trinidad and Tobago,TT,Latin America & Caribbean,High income,2,50.0,45.0,55.0,7.0710678118654755,1,10.0,,45.0,55.0,50.0,2
TUN,2000,Tunisia,TN,"Middle East, North Africa, Afghanistan & Pakistan",Lower middle income,2,55.0,55.0,55.0,0.0,1,0.0,55.0,55.0,,55.0,2
TUN,2001,Tunisia,TN,"Middle East, North Africa, Afghanistan & Pakistan",Lower middle income,2,57.5,55.0,60.0,3.5355339059327378,1,5.0,60.0,55.0,,57.5,2
TUN,2002,Tunisia,TN,"Middle East, North Africa, Afghanistan & Pakistan",Lower middle income,2,57.5,55.0,60.0,3.5355339059327378,1,5.0,60.0,55.0,,57.5,2
TUN,2003,Tunisia,TN,"Middle East, North Africa, Afghanistan & Pakistan",Lower middle income,2,60.0,60.0,60.0,0.0,1,0.0,60.0,60.0,,60.0,2
TUN,2004,Tunisia,TN,"Middle East, North Africa, Afghanistan & Pakistan",Lower middle income,2,60.0,60.0,60.0,0.0,1,0.0,60.0,60.0,,60.0,2
TUN,2005,Tunisia,TN,"Middle East, North Africa, Afghanistan & Pakistan",Lower middle income,2,60.0,60.0,60.0,0.0,1,0.0,60.0,60.0,,60.0,2
TUN,2006,Tunisia,TN,"Middle East, North Africa, Afghanistan & Pakistan",Lower middle income,2,60.0,60.0,60.0,0.0,1,0.0,60.0,60.0,,60.0,2
TUN,2007,Tunisia,TN,"Middle East, North Africa, Afghanistan & Pakistan",Lower middle income,2,60.0,60.0,60.0,0.0,1,0.0,60.0,60.0,,60.0,2
TUN,2008,Tunisia,TN,"Middle East, North Africa, Afghanistan & Pakistan",Lower middle income,2,60.0,60.0,60.0,0.0,1,0.0,60.0,60.0,,60.0,2
TUN,2009,Tunisia,TN,"Middle East, North Africa, Afghanistan & Pakistan",Lower middle income,2,60.0,60.0,60.0,0.0,1,0.0,60.0,60.0,,60.0,2
TUN,2010,Tunisia,TN,"Middle East, North Africa, Afghanistan & Pakistan",Lower middle income,2,60.0,60.0,60.0,0.0,1,0.0,60.0,60.0,,60.0,2
TUN,2011,Tunisia,TN,"Middle East, North Africa, Afghanistan & Pakistan",Lower middle income,3,55.0,55.0,55.0,0.0,1,0.0,55.0,55.0,55.0,55.0,3
TUN,2012,Tunisia,TN,"Middle East, North Africa, Afghanistan & Pakistan",Lower middle income,3,50.0,45.0,55.0,5.0,1,10.0,50.0,55.0,45.0,50.0,3
TUN,2013,Tunisia,TN,"Middle East, North Africa, Afghanistan & Pakistan",Lower middle income,2,40.0,40.0,40.0,0.0,1,0.0,40.0,40.0,,40.0,2
TUN,2014,Tunisia,TN,"Middle East, North Africa, Afghanistan & Pakistan",Lower middle income,2,40.0,40.0,40.0,0.0,1,0.0,40.0,40.0,,40.0,2
TUN,2015,Tunisia,TN,"Middle East, North Africa, Afghanistan & Pakistan",Lower middle income,2,40.0,40.0,40.0,0.0,1,0.0,40.0,40.0,,40.0,2
TUN,2016,Tunisia,TN,"Middle East, North Africa, Afghanistan & Pakistan",Lower middle income,2,40.0,40.0,40.0,0.0,1,0.0,40.0,40.0,,40.0,2
TUN,2017,Tunisia,TN,"Middle East, North Africa, Afghanistan & Pakistan",Lower middle income,2,35.0,35.0,35.0,0.0,1,0.0,35.0,35.0,,35.0,2
TUN,2018,Tunisia,TN,"Middle East, North Africa, Afghanistan & Pakistan",Lower middle income,2,32.5,30.0,35.0,3.5355339059327378,1,5.0,35.0,30.0,,32.5,2
TUN,2019,Tunisia,TN,"Middle East, North Africa, Afghanistan & Pakistan",Lower middle income,2,32.5,30.0,35.0,3.5355339059327378,1,5.0,35.0,30.0,,32.5,2
TUN,2020,Tunisia,TN,"Middle East, North Africa, Afghanistan & Pakistan",Lower middle income,2,30.0,30.0,30.0,0.0,1,0.0,30.0,30.0,,30.0,2
TUN,2021,Tunisia,TN,"Middle East, North Africa, Afghanistan & Pakistan",Lower middle income,2,22.5,20.0,25.0,3.5355339059327378,1,5.0,25.0,20.0,,22.5,2
TUN,2022,Tunisia,TN,"Middle East, North Africa, Afghanistan & Pakistan",Lower middle income,2,20.0,20.0,20.0,0.0,1,0.0,20.0,20.0,,20.0,2
TUN,2023,Tunisia,TN,"Middle East, North Africa, Afghanistan & Pakistan",Lower middle income,2,17.5,15.0,20.0,3.5355339059327378,1,5.0,20.0,15.0,,17.5,2
TUN,2024,Tunisia,TN,"Middle East, North Africa, Afghanistan & Pakistan",Lower middle income,2,17.5,15.0,20.0,3.5355339059327378,1,5.0,20.0,15.0,,17.5,2
TUN,2025,Tunisia,TN,"Middle East, North Africa, Afghanistan & Pakistan",Lower middle income,2,20.0,20.0,20.0,0.0,1,0.0,20.0,20.0,,20.0,2
TUR,2000,Turkiye,TR,Europe & Central Asia,Upper middle income,2,37.5,35.0,40.0,3.5355339059327378,1,5.0,40.0,35.0,,37.5,2
TUR,2001,Turkiye,TR,Europe & Central Asia,Upper middle income,2,32.5,30.0,35.0,3.5355339059327378,1,5.0,30.0,35.0,,32.5,2
TUR,2002,Turkiye,TR,Europe & Central Asia,Upper middle income,2,32.5,30.0,35.0,3.5355339059327378,1,5.0,30.0,35.0,,32.5,2
TUR,2003,Turkiye,TR,Europe & Central Asia,Upper middle income,2,32.5,30.0,35.0,3.5355339059327378,1,5.0,30.0,35.0,,32.5,2
TUR,2004,Turkiye,TR,Europe & Central Asia,Upper middle income,2,35.0,35.0,35.0,0.0,1,0.0,35.0,35.0,,35.0,2
TUR,2005,Turkiye,TR,Europe & Central Asia,Upper middle income,2,40.0,40.0,40.0,0.0,1,0.0,40.0,40.0,,40.0,2
TUR,2006,Turkiye,TR,Europe & Central Asia,Upper middle income,2,40.0,40.0,40.0,0.0,1,0.0,40.0,40.0,,40.0,2
TUR,2007,Turkiye,TR,Europe & Central Asia,Upper middle income,2,40.0,40.0,40.0,0.0,1,0.0,40.0,40.0,,40.0,2
TUR,2008,Turkiye,TR,Europe & Central Asia,Upper middle income,2,40.0,40.0,40.0,0.0,1,0.0,40.0,40.0,,40.0,2
TUR,2009,Turkiye,TR,Europe & Central Asia,Upper middle income,2,45.0,40.0,50.0,7.0710678118654755,1,10.0,50.0,40.0,,45.0,2
TUR,2010,Turkiye,TR,Europe & Central Asia,Upper middle income,3,46.666666666666664,45.0,50.0,2.886751345948128,1,5.0,50.0,45.0,45.0,46.666666666666664,3
TUR,2011,Turkiye,TR,Europe & Central Asia,Upper middle income,3,46.666666666666664,45.0,50.0,2.886751345948128,1,5.0,50.0,45.0,45.0,46.666666666666664,3
TUR,2012,Turkiye,TR,Europe & Central Asia,Upper middle income,3,48.333333333333336,45.0,50.0,2.88675134594813,1,5.0,50.0,50.0,45.0,48.333333333333336,3
TUR,2013,Turkiye,TR,Europe & Central Asia,Upper middle income,3,53.333333333333336,50.0,55.0,2.88675134594813,1,5.0,55.0,55.0,50.0,53.333333333333336,3
TUR,2014,Turkiye,TR,Europe & Central Asia,Upper middle income,3,53.333333333333336,50.0,55.0,2.88675134594813,1,5.0,55.0,55.0,50.0,53.333333333333336,3
TUR,2015,Turkiye,TR,Europe & Central Asia,Upper middle income,3,53.333333333333336,50.0,55.0,2.88675134594813,1,5.0,55.0,55.0,50.0,53.333333333333336,3
TUR,2016,Turkiye,TR,Europe & Central Asia,Upper middle income,3,50.0,45.0,55.0,5.0,1,10.0,55.0,50.0,45.0,50.0,3
TUR,2017,Turkiye,TR,Europe & Central Asia,Upper middle income,3,48.333333333333336,45.0,50.0,2.88675134594813,1,5.0,50.0,50.0,45.0,48.333333333333336,3
TUR,2018,Turkiye,TR,Europe & Central Asia,Upper middle income,3,40.0,35.0,45.0,5.0,1,10.0,45.0,40.0,35.0,40.0,3
TUR,2019,Turkiye,TR,Europe & Central Asia,Upper middle income,3,36.666666666666664,35.0,40.0,2.886751345948128,1,5.0,40.0,35.0,35.0,36.666666666666664,3
TUR,2020,Turkiye,TR,Europe & Central Asia,Upper middle income,3,35.0,30.0,40.0,5.0,1,10.0,40.0,30.0,35.0,35.0,3
TUR,2021,Turkiye,TR,Europe & Central Asia,Upper middle income,3,35.0,30.0,40.0,5.0,1,10.0,40.0,30.0,35.0,35.0,3
TUR,2022,Turkiye,TR,Europe & Central Asia,Upper middle income,3,28.333333333333332,25.0,30.0,2.886751345948129,1,5.0,30.0,25.0,30.0,28.333333333333332,3
TUR,2023,Turkiye,TR,Europe & Central Asia,Upper middle income,3,28.333333333333332,25.0,30.0,2.886751345948129,1,5.0,30.0,25.0,30.0,28.333333333333332,3
TUR,2024,Turkiye,TR,Europe & Central Asia,Upper middle income,3,35.0,30.0,40.0,5.0,1,10.0,30.0,35.0,40.0,35.0,3
TUR,2025,Turkiye,TR,Europe & Central Asia,Upper middle income,3,36.666666666666664,30.0,40.0,5.773502691896258,1,10.0,30.0,40.0,40.0,36.666666666666664,3
TWN,2000,Taiwan,,,,1,85.0,85.0,85.0,0.0,1,0.0,,85.0,,85.0,1
TWN,2001,Taiwan,,,,2,82.5,80.0,85.0,3.5355339059327378,1,5.0,80.0,85.0,,82.5,2
TWN,2002,Taiwan,,,,3,83.33333333333333,80.0,85.0,2.88675134594813,1,5.0,80.0,85.0,85.0,83.33333333333333,3
TWN,2003,Taiwan,,,,3,83.33333333333333,80.0,85.0,2.88675134594813,1,5.0,80.0,85.0,85.0,83.33333333333333,3
TWN,2004,Taiwan,,,,3,83.33333333333333,80.0,85.0,2.88675134594813,1,5.0,80.0,85.0,85.0,83.33333333333333,3
TWN,2005,Taiwan,,,,3,83.33333333333333,80.0,85.0,2.88675134594813,1,5.0,80.0,85.0,85.0,83.33333333333333,3
TWN,2006,Taiwan,,,,3,83.33333333333333,80.0,85.0,2.88675134594813,1,5.0,80.0,85.0,85.0,83.33333333333333,3
TWN,2007,Taiwan,,,,3,83.33333333333333,80.0,85.0,2.88675134594813,1,5.0,80.0,85.0,85.0,83.33333333333333,3
TWN,2008,Taiwan,,,,3,83.33333333333333,80.0,85.0,2.88675134594813,1,5.0,80.0,85.0,85.0,83.33333333333333,3
TWN,2009,Taiwan,,,,3,83.33333333333333,80.0,85.0,2.88675134594813,1,5.0,80.0,85.0,85.0,83.33333333333333,3
TWN,2010,Taiwan,,,,3,83.33333333333333,80.0,85.0,2.88675134594813,1,5.0,80.0,85.0,85.0,83.33333333333333,3
TWN,2011,Taiwan,,,,3,83.33333333333333,80.0,85.0,2.88675134594813,1,5.0,80.0,85.0,85.0,83.33333333333333,3
TWN,2012,Taiwan,,,,3,83.33333333333333,80.0,85.0,2.88675134594813,1,5.0,80.0,85.0,85.0,83.33333333333333,3
TWN,2013,Taiwan,,,,3,83.33333333333333,80.0,85.0,2.88675134594813,1,5.0,80.0,85.0,85.0,83.33333333333333,3
TWN,2014,Taiwan,,,,3,83.33333333333333,80.0,85.0,2.88675134594813,1,5.0,80.0,85.0,85.0,83.33333333333333,3
TWN,2015,Taiwan,,,,3,83.33333333333333,80.0,85.0,2.88675134594813,1,5.0,80.0,85.0,85.0,83.33333333333333,3
TWN,2016,Taiwan,,,,3,85.0,85.0,85.0,0.0,1,0.0,85.0,85.0,85.0,85.0,3
TWN,2017,Taiwan,,,,3,85.0,85.0,85.0,0.0,1,0.0,85.0,85.0,85.0,85.0,3
TWN,2018,Taiwan,,,,3,85.0,85.0,85.0,0.0,1,0.0,85.0,85.0,85.0,85.0,3
TWN,2019,Taiwan,,,,3,85.0,85.0,85.0,0.0,1,0.0,85.0,85.0,85.0,85.0,3
TWN,2020,Taiwan,,,,3,85.0,85.0,85.0,0.0,1,0.0,85.0,85.0,85.0,85.0,3
TWN,2021,Taiwan,,,,3,88.33333333333333,85.0,90.0,2.88675134594813,1,5.0,90.0,85.0,90.0,88.33333333333333,3
TWN,2022,Taiwan,,,,3,90.0,85.0,95.0,5.0,1,10.0,90.0,85.0,95.0,90.0,3
TWN,2023,Taiwan,,,,3,90.0,85.0,95.0,5.0,1,10.0,90.0,85.0,95.0,90.0,3
TWN,2024,Taiwan,,,,3,90.0,85.0,95.0,5.0,1,10.0,90.0,85.0,95.0,90.0,3
TWN,2025,Taiwan,,,,3,90.0,85.0,95.0,5.0,1,10.0,90.0,85.0,95.0,90.0,3
TZA,2000,Tanzania,TZ,Sub-Saharan Africa,Lower middle income,0,,,,,0,,,,,,0
TZA,2001,Tanzania,TZ,Sub-Saharan Africa,Lower middle income,0,,,,,0,,,,,,0
TZA,2002,Tanzania,TZ,Sub-Saharan Africa,Lower middle income,0,,,,,0,,,,,,0
TZA,2003,Tanzania,TZ,Sub-Saharan Africa,Lower middle income,0,,,,,0,,,,,,0
TZA,2004,Tanzania,TZ,Sub-Saharan Africa,Lower middle income,0,,,,,0,,,,,,0
TZA,2005,Tanzania,TZ,Sub-Saharan Africa,Lower middle income,0,,,,,0,,,,,,0
TZA,2006,Tanzania,TZ,Sub-Saharan Africa,Lower middle income,0,,,,,0,,,,,,0
TZA,2007,Tanzania,TZ,Sub-Saharan Africa,Lower middle income,0,,,,,0,,,,,,0
TZA,2008,Tanzania,TZ,Sub-Saharan Africa,Lower middle income,0,,,,,0,,,,,,0
TZA,2009,Tanzania,TZ,Sub-Saharan Africa,Lower middle income,0,,,,,0,,,,,,0
TZA,2010,Tanzania,TZ,Sub-Saharan Africa,Lower middle income,0,,,,,0,,,,,,0
TZA,2011,Tanzania,TZ,Sub-Saharan Africa,Lower middle income,0,,,,,0,,,,,,0
TZA,2012,Tanzania,TZ,Sub-Saharan Africa,Lower middle income,0,,,,,0,,,,,,0
TZA,2013,Tanzania,TZ,Sub-Saharan Africa,Lower middle income,0,,,,,0,,,,,,0
TZA,2014,Tanzania,TZ,Sub-Saharan Africa,Lower middle income,0,,,,,0,,,,,,0
TZA,2015,Tanzania,TZ,Sub-Saharan Africa,Lower middle income,0,,,,,0,,,,,,0
TZA,2016,Tanzania,TZ,Sub-Saharan Africa,Lower middle income,0,,,,,0,,,,,,0
TZA,2017,Tanzania,TZ,Sub-Saharan Africa,Lower middle income,0,,,,,0,,,,,,0
TZA,2018,Tanzania,TZ,Sub-Saharan Africa,Lower middle income,1,35.0,35.0,35.0,0.0,1,0.0,,35.0,,35.0,1
TZA,2019,Tanzania,TZ,Sub-Saharan Africa,Lower middle income,1,35.0,35.0,35.0,0.0,1,0.0,,35.0,,35.0,1
TZA,2020,Tanzania,TZ,Sub-Saharan Africa,Lower middle income,1,30.0,30.0,30.0,0.0,1,0.0,,30.0,,30.0,1
TZA,2021,Tanzania,TZ,Sub-Saharan Africa,Lower middle income,1,30.0,30.0,30.0,0.0,1,0.0,,30.0,,30.0,1
TZA,2022,Tanzania,TZ,Sub-Saharan Africa,Lower middle income,1,30.0,30.0,30.0,0.0,1,0.0,,30.0,,30.0,1
TZA,2023,Tanzania,TZ,Sub-Saharan Africa,Lower middle income,1,30.0,30.0,30.0,0.0,1,0.0,,30.0,,30.0,1
TZA,2024,Tanzania,TZ,Sub-Saharan Africa,Lower middle income,1,35.0,35.0,35.0,0.0,1,0.0,,35.0,,35.0,1
TZA,2025,Tanzania,TZ,Sub-Saharan Africa,Lower middle income,1,35.0,35.0,35.0,0.0,1,0.0,,35.0,,35.0,1
UGA,2000,Uganda,UG,Sub-Saharan Africa,Low income,0,,,,,0,,,,,,0
UGA,2001,Uganda,UG,Sub-Saharan Africa,Low income,0,,,,,0,,,,,,0
UGA,2002,Uganda,UG,Sub-Saharan Africa,Low income,0,,,,,0,,,,,,0
UGA,2003,Uganda,UG,Sub-Saharan Africa,Low income,0,,,,,0,,,,,,0
UGA,2004,Uganda,UG,Sub-Saharan Africa,Low income,0,,,,,0,,,,,,0
UGA,2005,Uganda,UG,Sub-Saharan Africa,Low income,1,30.0,30.0,30.0,0.0,1,0.0,30.0,,,30.0,1
UGA,2006,Uganda,UG,Sub-Saharan Africa,Low income,1,30.0,30.0,30.0,0.0,1,0.0,30.0,,,30.0,1
UGA,2007,Uganda,UG,Sub-Saharan Africa,Low income,1,30.0,30.0,30.0,0.0,1,0.0,30.0,,,30.0,1
UGA,2008,Uganda,UG,Sub-Saharan Africa,Low income,2,32.5,30.0,35.0,3.5355339059327378,1,5.0,30.0,,35.0,32.5,2
UGA,2009,Uganda,UG,Sub-Saharan Africa,Low income,2,32.5,30.0,35.0,3.5355339059327378,1,5.0,30.0,,35.0,32.5,2
UGA,2010,Uganda,UG,Sub-Saharan Africa,Low income,2,32.5,30.0,35.0,3.5355339059327378,1,5.0,30.0,,35.0,32.5,2
UGA,2011,Uganda,UG,Sub-Saharan Africa,Low income,2,32.5,30.0,35.0,3.5355339059327378,1,5.0,30.0,,35.0,32.5,2
UGA,2012,Uganda,UG,Sub-Saharan Africa,Low income,2,32.5,30.0,35.0,3.5355339059327378,1,5.0,30.0,,35.0,32.5,2
UGA,2013,Uganda,UG,Sub-Saharan Africa,Low income,2,32.5,30.0,35.0,3.5355339059327378,1,5.0,30.0,,35.0,32.5,2
UGA,2014,Uganda,UG,Sub-Saharan Africa,Low income,2,30.0,30.0,30.0,0.0,1,0.0,30.0,,30.0,30.0,2
UGA,2015,Uganda,UG,Sub-Saharan Africa,Low income,2,32.5,30.0,35.0,3.5355339059327378,1,5.0,35.0,,30.0,32.5,2
UGA,2016,Uganda,UG,Sub-Saharan Africa,Low income,2,32.5,30.0,35.0,3.5355339059327378,1,5.0,35.0,,30.0,32.5,2
UGA,2017,Uganda,UG,Sub-Saharan Africa,Low income,2,32.5,30.0,35.0,3.5355339059327378,1,5.0,35.0,,30.0,32.5,2
UGA,2018,Uganda,UG,Sub-Saharan Africa,Low income,2,32.5,30.0,35.0,3.5355339059327378,1,5.0,35.0,,30.0,32.5,2
UGA,2019,Uganda,UG,Sub-Saharan Africa,Low income,2,32.5,30.0,35.0,3.5355339059327378,1,5.0,35.0,,30.0,32.5,2
UGA,2020,Uganda,UG,Sub-Saharan Africa,Low income,2,32.5,30.0,35.0,3.5355339059327378,1,5.0,35.0,,30.0,32.5,2
UGA,2021,Uganda,UG,Sub-Saharan Africa,Low income,2,32.5,30.0,35.0,3.5355339059327378,1,5.0,35.0,,30.0,32.5,2
UGA,2022,Uganda,UG,Sub-Saharan Africa,Low income,2,32.5,30.0,35.0,3.5355339059327378,1,5.0,35.0,,30.0,32.5,2
UGA,2023,Uganda,UG,Sub-Saharan Africa,Low income,2,30.0,25.0,35.0,7.0710678118654755,1,10.0,35.0,,25.0,30.0,2
UGA,2024,Uganda,UG,Sub-Saharan Africa,Low income,2,30.0,25.0,35.0,7.0710678118654755,1,10.0,35.0,,25.0,30.0,2
UGA,2025,Uganda,UG,Sub-Saharan Africa,Low income,2,30.0,25.0,35.0,7.0710678118654755,1,10.0,35.0,,25.0,30.0,2
UKR,2000,Ukraine,UA,Europe & Central Asia,Upper middle income,1,20.0,20.0,20.0,0.0,1,0.0,,20.0,,20.0,1
UKR,2001,Ukraine,UA,Europe & Central Asia,Upper middle income,2,22.5,20.0,25.0,3.5355339059327378,1,5.0,25.0,20.0,,22.5,2
UKR,2002,Ukraine,UA,Europe & Central Asia,Upper middle income,2,30.0,30.0,30.0,0.0,1,0.0,30.0,30.0,,30.0,2
UKR,2003,Ukraine,UA,Europe & Central Asia,Upper middle income,2,35.0,35.0,35.0,0.0,1,0.0,35.0,35.0,,35.0,2
UKR,2004,Ukraine,UA,Europe & Central Asia,Upper middle income,2,35.0,35.0,35.0,0.0,1,0.0,35.0,35.0,,35.0,2
UKR,2005,Ukraine,UA,Europe & Central Asia,Upper middle income,2,37.5,35.0,40.0,3.5355339059327378,1,5.0,40.0,35.0,,37.5,2
UKR,2006,Ukraine,UA,Europe & Central Asia,Upper middle income,2,37.5,35.0,40.0,3.5355339059327378,1,5.0,40.0,35.0,,37.5,2
UKR,2007,Ukraine,UA,Europe & Central Asia,Upper middle income,2,37.5,35.0,40.0,3.5355339059327378,1,5.0,40.0,35.0,,37.5,2
UKR,2008,Ukraine,UA,Europe & Central Asia,Upper middle income,2,35.0,35.0,35.0,0.0,1,0.0,35.0,35.0,,35.0,2
UKR,2009,Ukraine,UA,Europe & Central Asia,Upper middle income,2,27.5,25.0,30.0,3.5355339059327378,1,5.0,25.0,30.0,,27.5,2
UKR,2010,Ukraine,UA,Europe & Central Asia,Upper middle income,3,31.666666666666668,30.0,35.0,2.886751345948128,1,5.0,30.0,30.0,35.0,31.666666666666668,3
UKR,2011,Ukraine,UA,Europe & Central Asia,Upper middle income,3,31.666666666666668,30.0,35.0,2.886751345948128,1,5.0,30.0,30.0,35.0,31.666666666666668,3
UKR,2012,Ukraine,UA,Europe & Central Asia,Upper middle income,3,28.333333333333332,25.0,30.0,2.886751345948129,1,5.0,30.0,25.0,30.0,28.333333333333332,3
UKR,2013,Ukraine,UA,Europe & Central Asia,Upper middle income,3,23.333333333333332,20.0,25.0,2.886751345948129,1,5.0,25.0,20.0,25.0,23.333333333333332,3
UKR,2014,Ukraine,UA,Europe & Central Asia,Upper middle income,3,11.666666666666666,10.0,15.0,2.8867513459481287,1,5.0,15.0,10.0,10.0,11.666666666666666,3
UKR,2015,Ukraine,UA,Europe & Central Asia,Upper middle income,3,16.666666666666668,10.0,25.0,7.637626158259733,1,15.0,15.0,10.0,25.0,16.666666666666668,3
UKR,2016,Ukraine,UA,Europe & Central Asia,Upper middle income,3,20.0,10.0,25.0,8.660254037844387,1,15.0,25.0,10.0,25.0,20.0,3
UKR,2017,Ukraine,UA,Europe & Central Asia,Upper middle income,3,21.666666666666668,15.0,25.0,5.773502691896257,1,10.0,25.0,15.0,25.0,21.666666666666668,3
UKR,2018,Ukraine,UA,Europe & Central Asia,Upper middle income,3,23.333333333333332,20.0,25.0,2.886751345948129,1,5.0,25.0,20.0,25.0,23.333333333333332,3
UKR,2019,Ukraine,UA,Europe & Central Asia,Upper middle income,3,26.666666666666668,20.0,30.0,5.773502691896257,1,10.0,30.0,20.0,30.0,26.666666666666668,3
UKR,2020,Ukraine,UA,Europe & Central Asia,Upper middle income,3,28.333333333333332,25.0,30.0,2.886751345948129,1,5.0,30.0,25.0,30.0,28.333333333333332,3
UKR,2021,Ukraine,UA,Europe & Central Asia,Upper middle income,3,28.333333333333332,25.0,30.0,2.886751345948129,1,5.0,30.0,25.0,30.0,28.333333333333332,3
UKR,2022,Ukraine,UA,Europe & Central Asia,Upper middle income,3,11.666666666666666,5.0,20.0,7.637626158259733,1,15.0,5.0,10.0,20.0,11.666666666666666,3
UKR,2023,Ukraine,UA,Europe & Central Asia,Upper middle income,3,8.333333333333334,5.0,15.0,5.773502691896257,1,10.0,5.0,5.0,15.0,8.333333333333334,3
UKR,2024,Ukraine,UA,Europe & Central Asia,Upper middle income,3,3.3333333333333335,0.0,5.0,2.8867513459481287,1,5.0,5.0,5.0,0.0,3.3333333333333335,3
UKR,2025,Ukraine,UA,Europe & Central Asia,Upper middle income,3,3.3333333333333335,0.0,5.0,2.8867513459481287,1,5.0,5.0,5.0,0.0,3.3333333333333335,3
URY,2000,Uruguay,UY,Latin America & Caribbean,High income,2,55.0,55.0,55.0,0.0,1,0.0,55.0,55.0,,55.0,2
URY,2001,Uruguay,UY,Latin America & Caribbean,High income,2,55.0,55.0,55.0,0.0,1,0.0,55.0,55.0,,55.0,2
URY,2002,Uruguay,UY,Latin America & Caribbean,High income,2,27.5,25.0,30.0,3.5355339059327378,1,5.0,30.0,25.0,,27.5,2
URY,2003,Uruguay,UY,Latin America & Caribbean,High income,2,25.0,25.0,25.0,0.0,1,0.0,25.0,25.0,,25.0,2
URY,2004,Uruguay,UY,Latin America & Caribbean,High income,2,27.5,25.0,30.0,3.5355339059327378,1,5.0,30.0,25.0,,27.5,2
URY,2005,Uruguay,UY,Latin America & Caribbean,High income,2,30.0,25.0,35.0,7.0710678118654755,1,10.0,35.0,25.0,,30.0,2
URY,2006,Uruguay,UY,Latin America & Caribbean,High income,2,35.0,35.0,35.0,0.0,1,0.0,35.0,35.0,,35.0,2
URY,2007,Uruguay,UY,Latin America & Caribbean,High income,2,37.5,35.0,40.0,3.5355339059327378,1,5.0,40.0,35.0,,37.5,2
URY,2008,Uruguay,UY,Latin America & Caribbean,High income,2,37.5,35.0,40.0,3.5355339059327378,1,5.0,40.0,35.0,,37.5,2
URY,2009,Uruguay,UY,Latin America & Caribbean,High income,2,40.0,40.0,40.0,0.0,1,0.0,40.0,40.0,,40.0,2
URY,2010,Uruguay,UY,Latin America & Caribbean,High income,2,47.5,45.0,50.0,3.5355339059327378,1,5.0,45.0,50.0,,47.5,2
URY,2011,Uruguay,UY,Latin America & Caribbean,High income,3,50.0,50.0,50.0,0.0,1,0.0,50.0,50.0,50.0,50.0,3
URY,2012,Uruguay,UY,Latin America & Caribbean,High income,3,53.333333333333336,50.0,55.0,2.886751345948128,1,5.0,50.0,55.0,55.0,53.333333333333336,3
URY,2013,Uruguay,UY,Latin America & Caribbean,High income,3,55.0,55.0,55.0,0.0,1,0.0,55.0,55.0,55.0,55.0,3
URY,2014,Uruguay,UY,Latin America & Caribbean,High income,3,56.666666666666664,55.0,60.0,2.886751345948128,1,5.0,55.0,60.0,55.0,56.666666666666664,3
URY,2015,Uruguay,UY,Latin America & Caribbean,High income,3,58.333333333333336,55.0,60.0,2.886751345948128,1,5.0,55.0,60.0,60.0,58.333333333333336,3
URY,2016,Uruguay,UY,Latin America & Caribbean,High income,3,58.333333333333336,55.0,60.0,2.886751345948128,1,5.0,55.0,60.0,60.0,58.333333333333336,3
URY,2017,Uruguay,UY,Latin America & Caribbean,High income,3,58.333333333333336,55.0,60.0,2.886751345948128,1,5.0,55.0,60.0,60.0,58.333333333333336,3
URY,2018,Uruguay,UY,Latin America & Caribbean,High income,3,58.333333333333336,55.0,60.0,2.886751345948128,1,5.0,55.0,60.0,60.0,58.333333333333336,3
URY,2019,Uruguay,UY,Latin America & Caribbean,High income,3,58.333333333333336,55.0,60.0,2.886751345948128,1,5.0,55.0,60.0,60.0,58.333333333333336,3
URY,2020,Uruguay,UY,Latin America & Caribbean,High income,3,58.333333333333336,55.0,60.0,2.886751345948128,1,5.0,55.0,60.0,60.0,58.333333333333336,3
URY,2021,Uruguay,UY,Latin America & Caribbean,High income,3,58.333333333333336,55.0,60.0,2.886751345948128,1,5.0,55.0,60.0,60.0,58.333333333333336,3
URY,2022,Uruguay,UY,Latin America & Caribbean,High income,3,58.333333333333336,55.0,60.0,2.886751345948128,1,5.0,55.0,60.0,60.0,58.333333333333336,3
URY,2023,Uruguay,UY,Latin America & Caribbean,High income,3,60.0,55.0,65.0,5.0,1,10.0,55.0,60.0,65.0,60.0,3
URY,2024,Uruguay,UY,Latin America & Caribbean,High income,3,61.666666666666664,55.0,65.0,5.773502691896258,1,10.0,55.0,65.0,65.0,61.666666666666664,3
URY,2025,Uruguay,UY,Latin America & Caribbean,High income,3,61.666666666666664,55.0,65.0,5.773502691896258,1,10.0,55.0,65.0,65.0,61.666666666666664,3
USA,2000,United States,US,North America,High income,2,100.0,100.0,100.0,0.0,1,0.0,100.0,100.0,,100.0,2
USA,2001,United States,US,North America,High income,2,100.0,100.0,100.0,0.0,1,0.0,100.0,100.0,,100.0,2
USA,2002,United States,US,North America,High income,2,100.0,100.0,100.0,0.0,1,0.0,100.0,100.0,,100.0,2
USA,2003,United States,US,North America,High income,2,100.0,100.0,100.0,0.0,1,0.0,100.0,100.0,,100.0,2
USA,2004,United States,US,North America,High income,2,100.0,100.0,100.0,0.0,1,0.0,100.0,100.0,,100.0,2
USA,2005,United States,US,North America,High income,2,100.0,100.0,100.0,0.0,1,0.0,100.0,100.0,,100.0,2
USA,2006,United States,US,North America,High income,2,100.0,100.0,100.0,0.0,1,0.0,100.0,100.0,,100.0,2
USA,2007,United States,US,North America,High income,2,100.0,100.0,100.0,0.0,1,0.0,100.0,100.0,,100.0,2
USA,2008,United States,US,North America,High income,2,100.0,100.0,100.0,0.0,1,0.0,100.0,100.0,,100.0,2
USA,2009,United States,US,North America,High income,2,100.0,100.0,100.0,0.0,1,0.0,100.0,100.0,,100.0,2
USA,2010,United States,US,North America,High income,2,100.0,100.0,100.0,0.0,1,0.0,100.0,100.0,,100.0,2
USA,2011,United States,US,North America,High income,3,98.33333333333333,95.0,100.0,2.886751345948127,1,5.0,100.0,100.0,95.0,98.33333333333333,3
USA,2012,United States,US,North America,High income,3,98.33333333333333,95.0,100.0,2.886751345948127,1,5.0,100.0,100.0,95.0,98.33333333333333,3
USA,2013,United States,US,North America,High income,3,98.33333333333333,95.0,100.0,2.886751345948127,1,5.0,100.0,100.0,95.0,98.33333333333333,3
USA,2014,United States,US,North America,High income,3,98.33333333333333,95.0,100.0,2.886751345948127,1,5.0,100.0,100.0,95.0,98.33333333333333,3
USA,2015,United States,US,North America,High income,3,98.33333333333333,95.0,100.0,2.886751345948127,1,5.0,100.0,100.0,95.0,98.33333333333333,3
USA,2016,United States,US,North America,High income,3,98.33333333333333,95.0,100.0,2.886751345948127,1,5.0,100.0,100.0,95.0,98.33333333333333,3
USA,2017,United States,US,North America,High income,3,98.33333333333333,95.0,100.0,2.886751345948127,1,5.0,100.0,100.0,95.0,98.33333333333333,3
USA,2018,United States,US,North America,High income,3,98.33333333333333,95.0,100.0,2.886751345948127,1,5.0,100.0,100.0,95.0,98.33333333333333,3
USA,2019,United States,US,North America,High income,3,98.33333333333333,95.0,100.0,2.886751345948127,1,5.0,100.0,100.0,95.0,98.33333333333333,3
USA,2020,United States,US,North America,High income,3,98.33333333333333,95.0,100.0,2.886751345948127,1,5.0,100.0,100.0,95.0,98.33333333333333,3
USA,2021,United States,US,North America,High income,3,98.33333333333333,95.0,100.0,2.886751345948127,1,5.0,100.0,100.0,95.0,98.33333333333333,3
USA,2022,United States,US,North America,High income,3,98.33333333333333,95.0,100.0,2.886751345948127,1,5.0,100.0,100.0,95.0,98.33333333333333,3
USA,2023,United States,US,North America,High income,3,98.33333333333333,95.0,100.0,2.886751345948127,1,5.0,100.0,100.0,95.0,98.33333333333333,3
USA,2024,United States,US,North America,High income,3,98.33333333333333,95.0,100.0,2.886751345948127,1,5.0,100.0,100.0,95.0,98.33333333333333,3
USA,2025,United States,US,North America,High income,3,96.66666666666667,95.0,100.0,2.88675134594813,1,5.0,100.0,95.0,95.0,96.66666666666667,3
UZB,2000,Uzbekistan,UZ,Europe & Central Asia,Lower middle income,0,,,,,0,,,,,,0
UZB,2001,Uzbekistan,UZ,Europe & Central Asia,Lower middle income,0,,,,,0,,,,,,0
UZB,2002,Uzbekistan,UZ,Europe & Central Asia,Lower middle income,0,,,,,0,,,,,,0
UZB,2003,Uzbekistan,UZ,Europe & Central Asia,Lower middle income,0,,,,,0,,,,,,0
UZB,2004,Uzbekistan,UZ,Europe & Central Asia,Lower middle income,0,,,,,0,,,,,,0
UZB,2005,Uzbekistan,UZ,Europe & Central Asia,Lower middle income,0,,,,,0,,,,,,0
UZB,2006,Uzbekistan,UZ,Europe & Central Asia,Lower middle income,0,,,,,0,,,,,,0
UZB,2007,Uzbekistan,UZ,Europe & Central Asia,Lower middle income,0,,,,,0,,,,,,0
UZB,2008,Uzbekistan,UZ,Europe & Central Asia,Lower middle income,0,,,,,0,,,,,,0
UZB,2009,Uzbekistan,UZ,Europe & Central Asia,Lower middle income,0,,,,,0,,,,,,0
UZB,2010,Uzbekistan,UZ,Europe & Central Asia,Lower middle income,0,,,,,0,,,,,,0
UZB,2011,Uzbekistan,UZ,Europe & Central Asia,Lower middle income,0,,,,,0,,,,,,0
UZB,2012,Uzbekistan,UZ,Europe & Central Asia,Lower middle income,0,,,,,0,,,,,,0
UZB,2013,Uzbekistan,UZ,Europe & Central Asia,Lower middle income,0,,,,,0,,,,,,0
UZB,2014,Uzbekistan,UZ,Europe & Central Asia,Lower middle income,0,,,,,0,,,,,,0
UZB,2015,Uzbekistan,UZ,Europe & Central Asia,Lower middle income,0,,,,,0,,,,,,0
UZB,2016,Uzbekistan,UZ,Europe & Central Asia,Lower middle income,0,,,,,0,,,,,,0
UZB,2017,Uzbekistan,UZ,Europe & Central Asia,Lower middle income,0,,,,,0,,,,,,0
UZB,2018,Uzbekistan,UZ,Europe & Central Asia,Lower middle income,1,40.0,40.0,40.0,0.0,1,0.0,40.0,,,40.0,1
UZB,2019,Uzbekistan,UZ,Europe & Central Asia,Lower middle income,1,40.0,40.0,40.0,0.0,1,0.0,40.0,,,40.0,1
UZB,2020,Uzbekistan,UZ,Europe & Central Asia,Lower middle income,1,40.0,40.0,40.0,0.0,1,0.0,40.0,,,40.0,1
UZB,2021,Uzbekistan,UZ,Europe & Central Asia,Lower middle income,2,40.0,40.0,40.0,0.0,1,0.0,40.0,,40.0,40.0,2
UZB,2022,Uzbekistan,UZ,Europe & Central Asia,Lower middle income,2,40.0,40.0,40.0,0.0,1,0.0,40.0,,40.0,40.0,2
UZB,2023,Uzbekistan,UZ,Europe & Central Asia,Lower middle income,2,40.0,40.0,40.0,0.0,1,0.0,40.0,,40.0,40.0,2
UZB,2024,Uzbekistan,UZ,Europe & Central Asia,Lower middle income,2,40.0,40.0,40.0,0.0,1,0.0,40.0,,40.0,40.0,2
UZB,2025,Uzbekistan,UZ,Europe & Central Asia,Lower middle income,2,42.5,40.0,45.0,3.5355339059327378,1,5.0,40.0,,45.0,42.5,2
VCT,2000,St. Vincent and the Grenadines,VC,Latin America & Caribbean,Upper middle income,0,,,,,0,,,,,,0
VCT,2001,St. Vincent and the Grenadines,VC,Latin America & Caribbean,Upper middle income,0,,,,,0,,,,,,0
VCT,2002,St. Vincent and the Grenadines,VC,Latin America & Caribbean,Upper middle income,0,,,,,0,,,,,,0
VCT,2003,St. Vincent and the Grenadines,VC,Latin America & Caribbean,Upper middle income,0,,,,,0,,,,,,0
VCT,2004,St. Vincent and the Grenadines,VC,Latin America & Caribbean,Upper middle income,0,,,,,0,,,,,,0
VCT,2005,St. Vincent and the Grenadines,VC,Latin America & Caribbean,Upper middle income,0,,,,,0,,,,,,0
VCT,2006,St. Vincent and the Grenadines,VC,Latin America & Caribbean,Upper middle income,0,,,,,0,,,,,,0
VCT,2007,St. Vincent and the Grenadines,VC,Latin America & Caribbean,Upper middle income,1,35.0,35.0,35.0,0.0,1,0.0,,35.0,,35.0,1
VCT,2008,St. Vincent and the Grenadines,VC,Latin America & Caribbean,Upper middle income,1,35.0,35.0,35.0,0.0,1,0.0,,35.0,,35.0,1
VCT,2009,St. Vincent and the Grenadines,VC,Latin America & Caribbean,Upper middle income,1,35.0,35.0,35.0,0.0,1,0.0,,35.0,,35.0,1
VCT,2010,St. Vincent and the Grenadines,VC,Latin America & Caribbean,Upper middle income,1,35.0,35.0,35.0,0.0,1,0.0,,35.0,,35.0,1
VCT,2011,St. Vincent and the Grenadines,VC,Latin America & Caribbean,Upper middle income,1,35.0,35.0,35.0,0.0,1,0.0,,35.0,,35.0,1
VCT,2012,St. Vincent and the Grenadines,VC,Latin America & Caribbean,Upper middle income,1,30.0,30.0,30.0,0.0,1,0.0,,30.0,,30.0,1
VCT,2013,St. Vincent and the Grenadines,VC,Latin America & Caribbean,Upper middle income,1,30.0,30.0,30.0,0.0,1,0.0,,30.0,,30.0,1
VCT,2014,St. Vincent and the Grenadines,VC,Latin America & Caribbean,Upper middle income,1,25.0,25.0,25.0,0.0,1,0.0,,25.0,,25.0,1
VCT,2015,St. Vincent and the Grenadines,VC,Latin America & Caribbean,Upper middle income,1,25.0,25.0,25.0,0.0,1,0.0,,25.0,,25.0,1
VCT,2016,St. Vincent and the Grenadines,VC,Latin America & Caribbean,Upper middle income,1,25.0,25.0,25.0,0.0,1,0.0,,25.0,,25.0,1
VCT,2017,St. Vincent and the Grenadines,VC,Latin America & Caribbean,Upper middle income,1,25.0,25.0,25.0,0.0,1,0.0,,25.0,,25.0,1
VCT,2018,St. Vincent and the Grenadines,VC,Latin America & Caribbean,Upper middle income,1,25.0,25.0,25.0,0.0,1,0.0,,25.0,,25.0,1
VCT,2019,St. Vincent and the Grenadines,VC,Latin America & Caribbean,Upper middle income,1,25.0,25.0,25.0,0.0,1,0.0,,25.0,,25.0,1
VCT,2020,St. Vincent and the Grenadines,VC,Latin America & Caribbean,Upper middle income,1,25.0,25.0,25.0,0.0,1,0.0,,25.0,,25.0,1
VCT,2021,St. Vincent and the Grenadines,VC,Latin America & Caribbean,Upper middle income,1,25.0,25.0,25.0,0.0,1,0.0,,25.0,,25.0,1
VCT,2022,St. Vincent and the Grenadines,VC,Latin America & Caribbean,Upper middle income,1,25.0,25.0,25.0,0.0,1,0.0,,25.0,,25.0,1
VCT,2023,St. Vincent and the Grenadines,VC,Latin America & Caribbean,Upper middle income,1,25.0,25.0,25.0,0.0,1,0.0,,25.0,,25.0,1
VCT,2024,St. Vincent and the Grenadines,VC,Latin America & Caribbean,Upper middle income,1,25.0,25.0,25.0,0.0,1,0.0,,25.0,,25.0,1
VCT,2025,St. Vincent and the Grenadines,VC,Latin America & Caribbean,Upper middle income,1,25.0,25.0,25.0,0.0,1,0.0,,25.0,,25.0,1
VEN,2000,"Venezuela, RB",VE,Latin America & Caribbean,Lower middle income,2,35.0,30.0,40.0,7.0710678118654755,1,10.0,40.0,30.0,,35.0,2
VEN,2001,"Venezuela, RB",VE,Latin America & Caribbean,Lower middle income,2,35.0,30.0,40.0,7.0710678118654755,1,10.0,40.0,30.0,,35.0,2
VEN,2002,"Venezuela, RB",VE,Latin America & Caribbean,Lower middle income,2,27.5,25.0,30.0,3.5355339059327378,1,5.0,30.0,25.0,,27.5,2
VEN,2003,"Venezuela, RB",VE,Latin America & Caribbean,Lower middle income,2,22.5,20.0,25.0,3.5355339059327378,1,5.0,25.0,20.0,,22.5,2
VEN,2004,"Venezuela, RB",VE,Latin America & Caribbean,Lower middle income,2,32.5,30.0,35.0,3.5355339059327378,1,5.0,35.0,30.0,,32.5,2
VEN,2005,"Venezuela, RB",VE,Latin America & Caribbean,Lower middle income,2,35.0,30.0,40.0,7.0710678118654755,1,10.0,40.0,30.0,,35.0,2
VEN,2006,"Venezuela, RB",VE,Latin America & Caribbean,Lower middle income,2,35.0,30.0,40.0,7.0710678118654755,1,10.0,40.0,30.0,,35.0,2
VEN,2007,"Venezuela, RB",VE,Latin America & Caribbean,Lower middle income,2,35.0,30.0,40.0,7.0710678118654755,1,10.0,40.0,30.0,,35.0,2
VEN,2008,"Venezuela, RB",VE,Latin America & Caribbean,Lower middle income,2,32.5,30.0,35.0,3.5355339059327378,1,5.0,35.0,30.0,,32.5,2
VEN,2009,"Venezuela, RB",VE,Latin America & Caribbean,Lower middle income,2,32.5,30.0,35.0,3.5355339059327378,1,5.0,35.0,30.0,,32.5,2
VEN,2010,"Venezuela, RB",VE,Latin America & Caribbean,Lower middle income,2,32.5,30.0,35.0,3.5355339059327378,1,5.0,35.0,30.0,,32.5,2
VEN,2011,"Venezuela, RB",VE,Latin America & Caribbean,Lower middle income,3,33.333333333333336,30.0,35.0,2.886751345948128,1,5.0,35.0,30.0,35.0,33.333333333333336,3
VEN,2012,"Venezuela, RB",VE,Latin America & Caribbean,Lower middle income,3,33.333333333333336,30.0,35.0,2.886751345948128,1,5.0,35.0,30.0,35.0,33.333333333333336,3
VEN,2013,"Venezuela, RB",VE,Latin America & Caribbean,Lower middle income,3,26.666666666666668,20.0,35.0,7.637626158259733,1,15.0,35.0,20.0,25.0,26.666666666666668,3
VEN,2014,"Venezuela, RB",VE,Latin America & Caribbean,Lower middle income,3,20.0,15.0,25.0,5.0,1,10.0,15.0,20.0,25.0,20.0,3
VEN,2015,"Venezuela, RB",VE,Latin America & Caribbean,Lower middle income,3,16.666666666666668,10.0,25.0,7.637626158259733,1,15.0,15.0,10.0,25.0,16.666666666666668,3
VEN,2016,"Venezuela, RB",VE,Latin America & Caribbean,Lower middle income,3,16.666666666666668,10.0,25.0,7.637626158259733,1,15.0,15.0,10.0,25.0,16.666666666666668,3
VEN,2017,"Venezuela, RB",VE,Latin America & Caribbean,Lower middle income,3,11.666666666666666,0.0,25.0,12.583057392117915,1,25.0,0.0,10.0,25.0,11.666666666666666,3
VEN,2018,"Venezuela, RB",VE,Latin America & Caribbean,Lower middle income,3,8.333333333333334,0.0,25.0,14.433756729740644,1,25.0,0.0,0.0,25.0,8.333333333333334,3
VEN,2019,"Venezuela, RB",VE,Latin America & Caribbean,Lower middle income,3,8.333333333333334,0.0,25.0,14.433756729740644,1,25.0,0.0,0.0,25.0,8.333333333333334,3
VEN,2020,"Venezuela, RB",VE,Latin America & Caribbean,Lower middle income,3,8.333333333333334,0.0,25.0,14.433756729740644,1,25.0,0.0,0.0,25.0,8.333333333333334,3
VEN,2021,"Venezuela, RB",VE,Latin America & Caribbean,Lower middle income,3,8.333333333333334,0.0,25.0,14.433756729740644,1,25.0,0.0,0.0,25.0,8.333333333333334,3
VEN,2022,"Venezuela, RB",VE,Latin America & Caribbean,Lower middle income,3,8.333333333333334,0.0,25.0,14.433756729740644,1,25.0,0.0,0.0,25.0,8.333333333333334,3
VEN,2023,"Venezuela, RB",VE,Latin America & Caribbean,Lower middle income,3,8.333333333333334,0.0,25.0,14.433756729740644,1,25.0,0.0,0.0,25.0,8.333333333333334,3
VEN,2024,"Venezuela, RB",VE,Latin America & Caribbean,Lower middle income,3,8.333333333333334,0.0,25.0,14.433756729740644,1,25.0,0.0,0.0,25.0,8.333333333333334,3
VEN,2025,"Venezuela, RB",VE,Latin America & Caribbean,Lower middle income,3,8.333333333333334,0.0,25.0,14.433756729740644,1,25.0,0.0,0.0,25.0,8.333333333333334,3
VNM,2000,Viet Nam,VN,East Asia & Pacific,Upper middle income,0,,,,,0,,,,,,0
VNM,2001,Viet Nam,VN,East Asia & Pacific,Upper middle income,0,,,,,0,,,,,,0
VNM,2002,Viet Nam,VN,East Asia & Pacific,Upper middle income,0,,,,,0,,,,,,0
VNM,2003,Viet Nam,VN,East Asia & Pacific,Upper middle income,0,,,,,0,,,,,,0
VNM,2004,Viet Nam,VN,East Asia & Pacific,Upper middle income,0,,,,,0,,,,,,0
VNM,2005,Viet Nam,VN,East Asia & Pacific,Upper middle income,0,,,,,0,,,,,,0
VNM,2006,Viet Nam,VN,East Asia & Pacific,Upper middle income,0,,,,,0,,,,,,0
VNM,2007,Viet Nam,VN,East Asia & Pacific,Upper middle income,0,,,,,0,,,,,,0
VNM,2008,Viet Nam,VN,East Asia & Pacific,Upper middle income,0,,,,,0,,,,,,0
VNM,2009,Viet Nam,VN,East Asia & Pacific,Upper middle income,0,,,,,0,,,,,,0
VNM,2010,Viet Nam,VN,East Asia & Pacific,Upper middle income,0,,,,,0,,,,,,0
VNM,2011,Viet Nam,VN,East Asia & Pacific,Upper middle income,0,,,,,0,,,,,,0
VNM,2012,Viet Nam,VN,East Asia & Pacific,Upper middle income,0,,,,,0,,,,,,0
VNM,2013,Viet Nam,VN,East Asia & Pacific,Upper middle income,0,,,,,0,,,,,,0
VNM,2014,Viet Nam,VN,East Asia & Pacific,Upper middle income,0,,,,,0,,,,,,0
VNM,2015,Viet Nam,VN,East Asia & Pacific,Upper middle income,0,,,,,0,,,,,,0
VNM,2016,Viet Nam,VN,East Asia & Pacific,Upper middle income,1,40.0,40.0,40.0,0.0,1,0.0,40.0,,,40.0,1
VNM,2017,Viet Nam,VN,East Asia & Pacific,Upper middle income,1,40.0,40.0,40.0,0.0,1,0.0,40.0,,,40.0,1
VNM,2018,Viet Nam,VN,East Asia & Pacific,Upper middle income,1,45.0,45.0,45.0,0.0,1,0.0,45.0,,,45.0,1
VNM,2019,Viet Nam,VN,East Asia & Pacific,Upper middle income,1,45.0,45.0,45.0,0.0,1,0.0,45.0,,,45.0,1
VNM,2020,Viet Nam,VN,East Asia & Pacific,Upper middle income,1,45.0,45.0,45.0,0.0,1,0.0,45.0,,,45.0,1
VNM,2021,Viet Nam,VN,East Asia & Pacific,Upper middle income,1,45.0,45.0,45.0,0.0,1,0.0,45.0,,,45.0,1
VNM,2022,Viet Nam,VN,East Asia & Pacific,Upper middle income,1,45.0,45.0,45.0,0.0,1,0.0,45.0,,,45.0,1
VNM,2023,Viet Nam,VN,East Asia & Pacific,Upper middle income,1,45.0,45.0,45.0,0.0,1,0.0,45.0,,,45.0,1
VNM,2024,Viet Nam,VN,East Asia & Pacific,Upper middle income,1,45.0,45.0,45.0,0.0,1,0.0,45.0,,,45.0,1
VNM,2025,Viet Nam,VN,East Asia & Pacific,Upper middle income,1,45.0,45.0,45.0,0.0,1,0.0,45.0,,,45.0,1
ZAF,2000,South Africa,ZA,Sub-Saharan Africa,Upper middle income,2,55.0,55.0,55.0,0.0,1,0.0,55.0,55.0,,55.0,2
ZAF,2001,South Africa,ZA,Sub-Saharan Africa,Upper middle income,2,57.5,55.0,60.0,3.5355339059327378,1,5.0,55.0,60.0,,57.5,2
ZAF,2002,South Africa,ZA,Sub-Saharan Africa,Upper middle income,2,57.5,55.0,60.0,3.5355339059327378,1,5.0,55.0,60.0,,57.5,2
ZAF,2003,South Africa,ZA,Sub-Saharan Africa,Upper middle income,2,60.0,60.0,60.0,0.0,1,0.0,60.0,60.0,,60.0,2
ZAF,2004,South Africa,ZA,Sub-Saharan Africa,Upper middle income,2,60.0,60.0,60.0,0.0,1,0.0,60.0,60.0,,60.0,2
ZAF,2005,South Africa,ZA,Sub-Saharan Africa,Upper middle income,3,65.0,65.0,65.0,0.0,1,0.0,65.0,65.0,65.0,65.0,3
ZAF,2006,South Africa,ZA,Sub-Saharan Africa,Upper middle income,3,65.0,65.0,65.0,0.0,1,0.0,65.0,65.0,65.0,65.0,3
ZAF,2007,South Africa,ZA,Sub-Saharan Africa,Upper middle income,3,65.0,65.0,65.0,0.0,1,0.0,65.0,65.0,65.0,65.0,3
ZAF,2008,South Africa,ZA,Sub-Saharan Africa,Upper middle income,3,65.0,65.0,65.0,0.0,1,0.0,65.0,65.0,65.0,65.0,3
ZAF,2009,South Africa,ZA,Sub-Saharan Africa,Upper middle income,3,66.66666666666667,65.0,70.0,2.88675134594813,1,5.0,65.0,70.0,65.0,66.66666666666667,3
ZAF,2010,South Africa,ZA,Sub-Saharan Africa,Upper middle income,3,66.66666666666667,65.0,70.0,2.88675134594813,1,5.0,65.0,70.0,65.0,66.66666666666667,3
ZAF,2011,South Africa,ZA,Sub-Saharan Africa,Upper middle income,3,66.66666666666667,65.0,70.0,2.88675134594813,1,5.0,65.0,70.0,65.0,66.66666666666667,3
ZAF,2012,South Africa,ZA,Sub-Saharan Africa,Upper middle income,3,63.333333333333336,60.0,65.0,2.88675134594813,1,5.0,65.0,65.0,60.0,63.333333333333336,3
ZAF,2013,South Africa,ZA,Sub-Saharan Africa,Upper middle income,3,61.666666666666664,60.0,65.0,2.886751345948128,1,5.0,60.0,65.0,60.0,61.666666666666664,3
ZAF,2014,South Africa,ZA,Sub-Saharan Africa,Upper middle income,3,58.333333333333336,55.0,60.0,2.88675134594813,1,5.0,60.0,60.0,55.0,58.333333333333336,3
ZAF,2015,South Africa,ZA,Sub-Saharan Africa,Upper middle income,3,56.666666666666664,55.0,60.0,2.886751345948128,1,5.0,55.0,60.0,55.0,56.666666666666664,3
ZAF,2016,South Africa,ZA,Sub-Saharan Africa,Upper middle income,3,56.666666666666664,55.0,60.0,2.886751345948128,1,5.0,55.0,60.0,55.0,56.666666666666664,3
ZAF,2017,South Africa,ZA,Sub-Saharan Africa,Upper middle income,3,50.0,45.0,55.0,5.0,1,10.0,50.0,55.0,45.0,50.0,3
ZAF,2018,South Africa,ZA,Sub-Saharan Africa,Upper middle income,3,50.0,45.0,55.0,5.0,1,10.0,50.0,55.0,45.0,50.0,3
ZAF,2019,South Africa,ZA,Sub-Saharan Africa,Upper middle income,3,50.0,45.0,55.0,5.0,1,10.0,50.0,55.0,45.0,50.0,3
ZAF,2020,South Africa,ZA,Sub-Saharan Africa,Upper middle income,3,41.666666666666664,40.0,45.0,2.886751345948128,1,5.0,40.0,45.0,40.0,41.666666666666664,3
ZAF,2021,South Africa,ZA,Sub-Saharan Africa,Upper middle income,3,41.666666666666664,40.0,45.0,2.886751345948128,1,5.0,40.0,45.0,40.0,41.666666666666664,3
ZAF,2022,South Africa,ZA,Sub-Saharan Africa,Upper middle income,3,41.666666666666664,40.0,45.0,2.886751345948128,1,5.0,40.0,45.0,40.0,41.666666666666664,3
ZAF,2023,South Africa,ZA,Sub-Saharan Africa,Upper middle income,3,41.666666666666664,40.0,45.0,2.886751345948128,1,5.0,40.0,45.0,40.0,41.666666666666664,3
ZAF,2024,South Africa,ZA,Sub-Saharan Africa,Upper middle income,3,41.666666666666664,40.0,45.0,2.886751345948128,1,5.0,40.0,45.0,40.0,41.666666666666664,3
ZAF,2025,South Africa,ZA,Sub-Saharan Africa,Upper middle income,3,43.333333333333336,40.0,45.0,2.886751345948128,1,5.0,40.0,45.0,45.0,43.333333333333336,3
ZMB,2000,Zambia,ZM,Sub-Saharan Africa,Lower middle income,0,,,,,0,,,,,,0
ZMB,2001,Zambia,ZM,Sub-Saharan Africa,Lower middle income,0,,,,,0,,,,,,0
ZMB,2002,Zambia,ZM,Sub-Saharan Africa,Lower middle income,0,,,,,0,,,,,,0
ZMB,2003,Zambia,ZM,Sub-Saharan Africa,Lower middle income,0,,,,,0,,,,,,0
ZMB,2004,Zambia,ZM,Sub-Saharan Africa,Lower middle income,0,,,,,0,,,,,,0
ZMB,2005,Zambia,ZM,Sub-Saharan Africa,Lower middle income,0,,,,,0,,,,,,0
ZMB,2006,Zambia,ZM,Sub-Saharan Africa,Lower middle income,0,,,,,0,,,,,,0
ZMB,2007,Zambia,ZM,Sub-Saharan Africa,Lower middle income,0,,,,,0,,,,,,0
ZMB,2008,Zambia,ZM,Sub-Saharan Africa,Lower middle income,0,,,,,0,,,,,,0
ZMB,2009,Zambia,ZM,Sub-Saharan Africa,Lower middle income,0,,,,,0,,,,,,0
ZMB,2010,Zambia,ZM,Sub-Saharan Africa,Lower middle income,0,,,,,0,,,,,,0
ZMB,2011,Zambia,ZM,Sub-Saharan Africa,Lower middle income,2,35.0,35.0,35.0,0.0,1,0.0,35.0,,35.0,35.0,2
ZMB,2012,Zambia,ZM,Sub-Saharan Africa,Lower middle income,2,35.0,35.0,35.0,0.0,1,0.0,35.0,,35.0,35.0,2
ZMB,2013,Zambia,ZM,Sub-Saharan Africa,Lower middle income,2,32.5,30.0,35.0,3.5355339059327378,1,5.0,30.0,,35.0,32.5,2
ZMB,2014,Zambia,ZM,Sub-Saharan Africa,Lower middle income,2,32.5,30.0,35.0,3.5355339059327378,1,5.0,30.0,,35.0,32.5,2
ZMB,2015,Zambia,ZM,Sub-Saharan Africa,Lower middle income,2,30.0,30.0,30.0,0.0,1,0.0,30.0,,30.0,30.0,2
ZMB,2016,Zambia,ZM,Sub-Saharan Africa,Lower middle income,2,30.0,30.0,30.0,0.0,1,0.0,30.0,,30.0,30.0,2
ZMB,2017,Zambia,ZM,Sub-Saharan Africa,Lower middle income,2,30.0,30.0,30.0,0.0,1,0.0,30.0,,30.0,30.0,2
ZMB,2018,Zambia,ZM,Sub-Saharan Africa,Lower middle income,2,25.0,25.0,25.0,0.0,1,0.0,25.0,,25.0,25.0,2
ZMB,2019,Zambia,ZM,Sub-Saharan Africa,Lower middle income,2,17.5,15.0,20.0,3.5355339059327378,1,5.0,15.0,,20.0,17.5,2
ZMB,2020,Zambia,ZM,Sub-Saharan Africa,Lower middle income,2,0.0,0.0,0.0,0.0,1,0.0,0.0,,0.0,0.0,2
ZMB,2021,Zambia,ZM,Sub-Saharan Africa,Lower middle income,2,0.0,0.0,0.0,0.0,1,0.0,0.0,,0.0,0.0,2
ZMB,2022,Zambia,ZM,Sub-Saharan Africa,Lower middle income,2,0.0,0.0,0.0,0.0,1,0.0,0.0,,0.0,0.0,2
ZMB,2023,Zambia,ZM,Sub-Saharan Africa,Lower middle income,2,0.0,0.0,0.0,0.0,1,0.0,0.0,,0.0,0.0,2
ZMB,2024,Zambia,ZM,Sub-Saharan Africa,Lower middle income,2,0.0,0.0,0.0,0.0,1,0.0,0.0,,0.0,0.0,2
ZMB,2025,Zambia,ZM,Sub-Saharan Africa,Lower middle income,2,10.0,0.0,20.0,14.142135623730951,1,20.0,0.0,,20.0,10.0,2
