iso3,iso2,country,region,income_level,year,head_of_government,head_of_government_tenure_years,average_government_duration_since_2000,government_change_dummy,government_changes_previous_5y,global_competitiveness_index,fragile_states_index
ABW,AW,Aruba,Latin America & Caribbean,High income,2000,,,,,,,
ABW,AW,Aruba,Latin America & Caribbean,High income,2001,,,,,,,
ABW,AW,Aruba,Latin America & Caribbean,High income,2002,,,,,,,
ABW,AW,Aruba,Latin America & Caribbean,High income,2003,,,,,,,
ABW,AW,Aruba,Latin America & Caribbean,High income,2004,,,,,,,
ABW,AW,Aruba,Latin America & Caribbean,High income,2005,,,,,,,
ABW,AW,Aruba,Latin America & Caribbean,High income,2006,,,,,,,
ABW,AW,Aruba,Latin America & Caribbean,High income,2007,,,,,,,
ABW,AW,Aruba,Latin America & Caribbean,High income,2008,,,,,,,
ABW,AW,Aruba,Latin America & Caribbean,High income,2009,,,,,,,
ABW,AW,Aruba,Latin America & Caribbean,High income,2010,,,,,,,
ABW,AW,Aruba,Latin America & Caribbean,High income,2011,,,,,,,
ABW,AW,Aruba,Latin America & Caribbean,High income,2012,,,,,,,
ABW,AW,Aruba,Latin America & Caribbean,High income,2013,,,,,,,
ABW,AW,Aruba,Latin America & Caribbean,High income,2014,,,,,,,
ABW,AW,Aruba,Latin America & Caribbean,High income,2015,,,,,,,
ABW,AW,Aruba,Latin America & Caribbean,High income,2016,,,,,,,
ABW,AW,Aruba,Latin America & Caribbean,High income,2017,,,,,,,
ABW,AW,Aruba,Latin America & Caribbean,High income,2018,,,,,,,
ABW,AW,Aruba,Latin America & Caribbean,High income,2019,,,,,,,
ABW,AW,Aruba,Latin America & Caribbean,High income,2020,,,,,,,
ABW,AW,Aruba,Latin America & Caribbean,High income,2021,,,,,,,
ABW,AW,Aruba,Latin America & Caribbean,High income,2022,,,,,,,
ABW,AW,Aruba,Latin America & Caribbean,High income,2023,,,,,,,
ABW,AW,Aruba,Latin America & Caribbean,High income,2024,,,,,,,
AFG,AF,Afghanistan,"Middle East, North Africa, Afghanistan & Pakistan",Low income,2000,,,,0.0,0.0,,
AFG,AF,Afghanistan,"Middle East, North Africa, Afghanistan & Pakistan",Low income,2001,,,,0.0,0.0,,
AFG,AF,Afghanistan,"Middle East, North Africa, Afghanistan & Pakistan",Low income,2002,,,,0.0,0.0,,
AFG,AF,Afghanistan,"Middle East, North Africa, Afghanistan & Pakistan",Low income,2003,,,,0.0,0.0,,
AFG,AF,Afghanistan,"Middle East, North Africa, Afghanistan & Pakistan",Low income,2004,,,,0.0,0.0,,
AFG,AF,Afghanistan,"Middle East, North Africa, Afghanistan & Pakistan",Low income,2005,,,,0.0,0.0,,
AFG,AF,Afghanistan,"Middle East, North Africa, Afghanistan & Pakistan",Low income,2006,,,,0.0,0.0,,99.8
AFG,AF,Afghanistan,"Middle East, North Africa, Afghanistan & Pakistan",Low income,2007,,,,0.0,0.0,,102.3
AFG,AF,Afghanistan,"Middle East, North Africa, Afghanistan & Pakistan",Low income,2008,,,,0.0,0.0,,105.4
AFG,AF,Afghanistan,"Middle East, North Africa, Afghanistan & Pakistan",Low income,2009,,,,0.0,0.0,,108.2
AFG,AF,Afghanistan,"Middle East, North Africa, Afghanistan & Pakistan",Low income,2010,,,,0.0,0.0,,109.3
AFG,AF,Afghanistan,"Middle East, North Africa, Afghanistan & Pakistan",Low income,2011,,,,0.0,0.0,,107.5
AFG,AF,Afghanistan,"Middle East, North Africa, Afghanistan & Pakistan",Low income,2012,,,,0.0,0.0,,106.0
AFG,AF,Afghanistan,"Middle East, North Africa, Afghanistan & Pakistan",Low income,2013,,,,0.0,0.0,,106.7
AFG,AF,Afghanistan,"Middle East, North Africa, Afghanistan & Pakistan",Low income,2014,,,,0.0,0.0,,106.5
AFG,AF,Afghanistan,"Middle East, North Africa, Afghanistan & Pakistan",Low income,2015,,,,0.0,0.0,,107.9
AFG,AF,Afghanistan,"Middle East, North Africa, Afghanistan & Pakistan",Low income,2016,,,,0.0,0.0,,107.9
AFG,AF,Afghanistan,"Middle East, North Africa, Afghanistan & Pakistan",Low income,2017,,,,0.0,0.0,,107.3
AFG,AF,Afghanistan,"Middle East, North Africa, Afghanistan & Pakistan",Low income,2018,,,,0.0,0.0,,106.62076809859943
AFG,AF,Afghanistan,"Middle East, North Africa, Afghanistan & Pakistan",Low income,2019,,,,0.0,0.0,,105.0
AFG,AF,Afghanistan,"Middle East, North Africa, Afghanistan & Pakistan",Low income,2020,,,,0.0,0.0,,102.90118710068992
AFG,AF,Afghanistan,"Middle East, North Africa, Afghanistan & Pakistan",Low income,2021,Hassan Akhund,1.0,1.0,0.0,0.0,,102.1
AFG,AF,Afghanistan,"Middle East, North Africa, Afghanistan & Pakistan",Low income,2022,Hassan Akhund,2.0,2.0,0.0,0.0,,105.90000000000002
AFG,AF,Afghanistan,"Middle East, North Africa, Afghanistan & Pakistan",Low income,2023,Hassan Akhund,3.0,3.0,0.0,0.0,,106.60000000000001
AFG,AF,Afghanistan,"Middle East, North Africa, Afghanistan & Pakistan",Low income,2024,Hassan Akhund,4.0,4.0,0.0,0.0,,
AGO,AO,Angola,Sub-Saharan Africa,Lower middle income,2000,,,,0.0,0.0,,
AGO,AO,Angola,Sub-Saharan Africa,Lower middle income,2001,,,,0.0,0.0,,
AGO,AO,Angola,Sub-Saharan Africa,Lower middle income,2002,,,,0.0,0.0,,
AGO,AO,Angola,Sub-Saharan Africa,Lower middle income,2003,,,,0.0,0.0,,
AGO,AO,Angola,Sub-Saharan Africa,Lower middle income,2004,,,,0.0,0.0,,
AGO,AO,Angola,Sub-Saharan Africa,Lower middle income,2005,,,,0.0,0.0,,
AGO,AO,Angola,Sub-Saharan Africa,Lower middle income,2006,,,,0.0,0.0,,88.3
AGO,AO,Angola,Sub-Saharan Africa,Lower middle income,2007,,,,0.0,0.0,,84.9
AGO,AO,Angola,Sub-Saharan Africa,Lower middle income,2008,,,,0.0,0.0,,83.8
AGO,AO,Angola,Sub-Saharan Africa,Lower middle income,2009,,,,0.0,0.0,,85.0
AGO,AO,Angola,Sub-Saharan Africa,Lower middle income,2010,,,,0.0,0.0,2.93,83.7
AGO,AO,Angola,Sub-Saharan Africa,Lower middle income,2011,,,,0.0,0.0,2.96,84.6
AGO,AO,Angola,Sub-Saharan Africa,Lower middle income,2012,,,,0.0,0.0,,85.1
AGO,AO,Angola,Sub-Saharan Africa,Lower middle income,2013,,,,0.0,0.0,3.15,87.1
AGO,AO,Angola,Sub-Saharan Africa,Lower middle income,2014,,,,0.0,0.0,3.04,87.4
AGO,AO,Angola,Sub-Saharan Africa,Lower middle income,2015,,,,0.0,0.0,,87.9
AGO,AO,Angola,Sub-Saharan Africa,Lower middle income,2016,,,,0.0,0.0,,90.5
AGO,AO,Angola,Sub-Saharan Africa,Lower middle income,2017,,,,0.0,0.0,,91.1
AGO,AO,Angola,Sub-Saharan Africa,Lower middle income,2018,,,,0.0,0.0,,89.44029612068627
AGO,AO,Angola,Sub-Saharan Africa,Lower middle income,2019,,,,0.0,0.0,,87.8
AGO,AO,Angola,Sub-Saharan Africa,Lower middle income,2020,,,,0.0,0.0,,87.32003902658735
AGO,AO,Angola,Sub-Saharan Africa,Lower middle income,2021,,,,0.0,0.0,,89.0
AGO,AO,Angola,Sub-Saharan Africa,Lower middle income,2022,,,,0.0,0.0,,88.10000000000001
AGO,AO,Angola,Sub-Saharan Africa,Lower middle income,2023,,,,0.0,0.0,,86.9
AGO,AO,Angola,Sub-Saharan Africa,Lower middle income,2024,,,,0.0,0.0,,
ALB,AL,Albania,Europe & Central Asia,Upper middle income,2000,Ilir Rexhep Meta,1.0,1.0,0.0,0.0,,
ALB,AL,Albania,Europe & Central Asia,Upper middle income,2001,Ilir Rexhep Meta,2.0,2.0,0.0,0.0,,
ALB,AL,Albania,Europe & Central Asia,Upper middle income,2002,Fatos Thanas Nano,1.0,1.5,1.0,0.0,,
ALB,AL,Albania,Europe & Central Asia,Upper middle income,2003,Fatos Thanas Nano,2.0,2.0,0.0,1.0,,
ALB,AL,Albania,Europe & Central Asia,Upper middle income,2004,Fatos Thanas Nano,3.0,2.5,0.0,1.0,,
ALB,AL,Albania,Europe & Central Asia,Upper middle income,2005,Sali Berisha,1.0,2.0,1.0,1.0,,
ALB,AL,Albania,Europe & Central Asia,Upper middle income,2006,Sali Berisha,2.0,2.3333333333333335,0.0,2.0,,68.6
ALB,AL,Albania,Europe & Central Asia,Upper middle income,2007,Sali Berisha,3.0,2.6666666666666665,0.0,2.0,3.48,70.5
ALB,AL,Albania,Europe & Central Asia,Upper middle income,2008,Sali Berisha,4.0,3.0,0.0,1.0,3.55,69.7
ALB,AL,Albania,Europe & Central Asia,Upper middle income,2009,Sali Berisha,5.0,3.3333333333333335,0.0,1.0,3.72,70.0
ALB,AL,Albania,Europe & Central Asia,Upper middle income,2010,Sali Berisha,6.0,3.6666666666666665,0.0,1.0,3.94,67.1
ALB,AL,Albania,Europe & Central Asia,Upper middle income,2011,Sali Berisha,7.0,4.0,0.0,0.0,4.06,66.1
ALB,AL,Albania,Europe & Central Asia,Upper middle income,2012,Sali Berisha,8.0,4.333333333333333,0.0,0.0,3.91,66.1
ALB,AL,Albania,Europe & Central Asia,Upper middle income,2013,Edi Rama,1.0,3.5,1.0,0.0,3.85,65.2
ALB,AL,Albania,Europe & Central Asia,Upper middle income,2014,Edi Rama,2.0,3.75,0.0,1.0,3.84,63.6
ALB,AL,Albania,Europe & Central Asia,Upper middle income,2015,Edi Rama,3.0,4.0,0.0,1.0,3.93,61.9
ALB,AL,Albania,Europe & Central Asia,Upper middle income,2016,Edi Rama,4.0,4.25,0.0,1.0,4.06,61.2
ALB,AL,Albania,Europe & Central Asia,Upper middle income,2017,Edi Rama,5.0,4.5,0.0,1.0,4.18,60.5
ALB,AL,Albania,Europe & Central Asia,Upper middle income,2018,Edi Rama,6.0,4.75,0.0,1.0,,60.07930843597633
ALB,AL,Albania,Europe & Central Asia,Upper middle income,2019,Edi Rama,7.0,5.0,0.0,0.0,,58.9
ALB,AL,Albania,Europe & Central Asia,Upper middle income,2020,Edi Rama,8.0,5.25,0.0,0.0,,58.75381081040027
ALB,AL,Albania,Europe & Central Asia,Upper middle income,2021,Edi Rama,9.0,5.5,0.0,0.0,,59.00000000000001
ALB,AL,Albania,Europe & Central Asia,Upper middle income,2022,Edi Rama,10.0,5.75,0.0,0.0,,56.7
ALB,AL,Albania,Europe & Central Asia,Upper middle income,2023,Edi Rama,11.0,6.0,0.0,0.0,,56.8
ALB,AL,Albania,Europe & Central Asia,Upper middle income,2024,Edi Rama,12.0,6.25,0.0,0.0,,
AND,AD,Andorra,Europe & Central Asia,High income,2000,,,,,,,
AND,AD,Andorra,Europe & Central Asia,High income,2001,,,,,,,
AND,AD,Andorra,Europe & Central Asia,High income,2002,,,,,,,
AND,AD,Andorra,Europe & Central Asia,High income,2003,,,,,,,
AND,AD,Andorra,Europe & Central Asia,High income,2004,,,,,,,
AND,AD,Andorra,Europe & Central Asia,High income,2005,,,,,,,
AND,AD,Andorra,Europe & Central Asia,High income,2006,,,,,,,
AND,AD,Andorra,Europe & Central Asia,High income,2007,,,,,,,
AND,AD,Andorra,Europe & Central Asia,High income,2008,,,,,,,
AND,AD,Andorra,Europe & Central Asia,High income,2009,,,,,,,
AND,AD,Andorra,Europe & Central Asia,High income,2010,,,,,,,
AND,AD,Andorra,Europe & Central Asia,High income,2011,,,,,,,
AND,AD,Andorra,Europe & Central Asia,High income,2012,,,,,,,
AND,AD,Andorra,Europe & Central Asia,High income,2013,,,,,,,
AND,AD,Andorra,Europe & Central Asia,High income,2014,,,,,,,
AND,AD,Andorra,Europe & Central Asia,High income,2015,,,,,,,
AND,AD,Andorra,Europe & Central Asia,High income,2016,,,,,,,
AND,AD,Andorra,Europe & Central Asia,High income,2017,,,,,,,
AND,AD,Andorra,Europe & Central Asia,High income,2018,,,,,,,
AND,AD,Andorra,Europe & Central Asia,High income,2019,,,,,,,
AND,AD,Andorra,Europe & Central Asia,High income,2020,,,,,,,
AND,AD,Andorra,Europe & Central Asia,High income,2021,,,,,,,
AND,AD,Andorra,Europe & Central Asia,High income,2022,,,,,,,
AND,AD,Andorra,Europe & Central Asia,High income,2023,,,,,,,
AND,AD,Andorra,Europe & Central Asia,High income,2024,,,,,,,
ARE,AE,United Arab Emirates,"Middle East, North Africa, Afghanistan & Pakistan",High income,2000,Sheikh Maktum III ibn Rashid Al Maktum,1.0,1.0,0.0,0.0,,
ARE,AE,United Arab Emirates,"Middle East, North Africa, Afghanistan & Pakistan",High income,2001,Sheikh Maktum III ibn Rashid Al Maktum,2.0,2.0,0.0,0.0,,
ARE,AE,United Arab Emirates,"Middle East, North Africa, Afghanistan & Pakistan",High income,2002,Sheikh Maktum III ibn Rashid Al Maktum,3.0,3.0,0.0,0.0,,
ARE,AE,United Arab Emirates,"Middle East, North Africa, Afghanistan & Pakistan",High income,2003,Sheikh Maktum III ibn Rashid Al Maktum,4.0,4.0,0.0,0.0,,
ARE,AE,United Arab Emirates,"Middle East, North Africa, Afghanistan & Pakistan",High income,2004,Sheikh Maktum III ibn Rashid Al Maktum,5.0,5.0,0.0,0.0,,
ARE,AE,United Arab Emirates,"Middle East, North Africa, Afghanistan & Pakistan",High income,2005,Sheikh Maktum III ibn Rashid Al Maktum,6.0,6.0,0.0,0.0,,
ARE,AE,United Arab Emirates,"Middle East, North Africa, Afghanistan & Pakistan",High income,2006,Sheikh Mohammed bin Rashid Al Maktoum,1.0,3.5,1.0,0.0,,
ARE,AE,United Arab Emirates,"Middle East, North Africa, Afghanistan & Pakistan",High income,2007,Sheikh Mohammed bin Rashid Al Maktoum,2.0,4.0,0.0,1.0,4.5,51.6
ARE,AE,United Arab Emirates,"Middle East, North Africa, Afghanistan & Pakistan",High income,2008,Sheikh Mohammed bin Rashid Al Maktoum,3.0,4.5,0.0,1.0,4.68,51.2
ARE,AE,United Arab Emirates,"Middle East, North Africa, Afghanistan & Pakistan",High income,2009,Sheikh Mohammed bin Rashid Al Maktoum,4.0,5.0,0.0,1.0,4.92,51.8
ARE,AE,United Arab Emirates,"Middle East, North Africa, Afghanistan & Pakistan",High income,2010,Sheikh Mohammed bin Rashid Al Maktoum,5.0,5.5,0.0,1.0,4.89,52.4
ARE,AE,United Arab Emirates,"Middle East, North Africa, Afghanistan & Pakistan",High income,2011,Sheikh Mohammed bin Rashid Al Maktoum,6.0,6.0,0.0,1.0,4.89,50.4
ARE,AE,United Arab Emirates,"Middle East, North Africa, Afghanistan & Pakistan",High income,2012,Sheikh Mohammed bin Rashid Al Maktoum,7.0,6.5,0.0,0.0,5.07,48.9
ARE,AE,United Arab Emirates,"Middle East, North Africa, Afghanistan & Pakistan",High income,2013,Sheikh Mohammed bin Rashid Al Maktoum,8.0,7.0,0.0,0.0,5.11,47.3
ARE,AE,United Arab Emirates,"Middle East, North Africa, Afghanistan & Pakistan",High income,2014,Sheikh Mohammed bin Rashid Al Maktoum,9.0,7.5,0.0,0.0,5.33,47.6
ARE,AE,United Arab Emirates,"Middle East, North Africa, Afghanistan & Pakistan",High income,2015,Sheikh Mohammed bin Rashid Al Maktoum,10.0,8.0,0.0,0.0,5.24,46.2
ARE,AE,United Arab Emirates,"Middle East, North Africa, Afghanistan & Pakistan",High income,2016,Sheikh Mohammed bin Rashid Al Maktoum,11.0,8.5,0.0,0.0,5.26,44.5
ARE,AE,United Arab Emirates,"Middle East, North Africa, Afghanistan & Pakistan",High income,2017,Sheikh Mohammed bin Rashid Al Maktoum,12.0,9.0,0.0,0.0,5.3,43.7
ARE,AE,United Arab Emirates,"Middle East, North Africa, Afghanistan & Pakistan",High income,2018,Sheikh Mohammed bin Rashid Al Maktoum,13.0,9.5,0.0,0.0,,42.8292445126518
ARE,AE,United Arab Emirates,"Middle East, North Africa, Afghanistan & Pakistan",High income,2019,Sheikh Mohammed bin Rashid Al Maktoum,14.0,10.0,0.0,0.0,,40.1
ARE,AE,United Arab Emirates,"Middle East, North Africa, Afghanistan & Pakistan",High income,2020,Sheikh Mohammed bin Rashid Al Maktoum,15.0,10.5,0.0,0.0,,38.099225116036195
ARE,AE,United Arab Emirates,"Middle East, North Africa, Afghanistan & Pakistan",High income,2021,Sheikh Mohammed bin Rashid Al Maktoum,16.0,11.0,0.0,0.0,,40.29999999999999
ARE,AE,United Arab Emirates,"Middle East, North Africa, Afghanistan & Pakistan",High income,2022,Sheikh Mohammed bin Rashid Al Maktoum,17.0,11.5,0.0,0.0,,39.1
ARE,AE,United Arab Emirates,"Middle East, North Africa, Afghanistan & Pakistan",High income,2023,Sheikh Mohammed bin Rashid Al Maktoum,18.0,12.0,0.0,0.0,,37.0
ARE,AE,United Arab Emirates,"Middle East, North Africa, Afghanistan & Pakistan",High income,2024,Sheikh Mohammed bin Rashid Al Maktoum,19.0,12.5,0.0,0.0,,
ARG,AR,Argentina,Latin America & Caribbean,Upper middle income,2000,,,,0.0,0.0,,
ARG,AR,Argentina,Latin America & Caribbean,Upper middle income,2001,,,,0.0,0.0,,
ARG,AR,Argentina,Latin America & Caribbean,Upper middle income,2002,,,,0.0,0.0,,
ARG,AR,Argentina,Latin America & Caribbean,Upper middle income,2003,,,,0.0,0.0,,
ARG,AR,Argentina,Latin America & Caribbean,Upper middle income,2004,,,,0.0,0.0,,
ARG,AR,Argentina,Latin America & Caribbean,Upper middle income,2005,,,,0.0,0.0,,
ARG,AR,Argentina,Latin America & Caribbean,Upper middle income,2006,,,,0.0,0.0,,40.8
ARG,AR,Argentina,Latin America & Caribbean,Upper middle income,2007,,,,0.0,0.0,3.87,41.4
ARG,AR,Argentina,Latin America & Caribbean,Upper middle income,2008,,,,0.0,0.0,3.87,41.4
ARG,AR,Argentina,Latin America & Caribbean,Upper middle income,2009,,,,0.0,0.0,3.91,44.7
ARG,AR,Argentina,Latin America & Caribbean,Upper middle income,2010,,,,0.0,0.0,3.95,45.8
ARG,AR,Argentina,Latin America & Caribbean,Upper middle income,2011,,,,0.0,0.0,3.99,46.8
ARG,AR,Argentina,Latin America & Caribbean,Upper middle income,2012,,,,0.0,0.0,3.87,46.5
ARG,AR,Argentina,Latin America & Caribbean,Upper middle income,2013,,,,0.0,0.0,3.76,46.1
ARG,AR,Argentina,Latin America & Caribbean,Upper middle income,2014,,,,0.0,0.0,3.79,47.3
ARG,AR,Argentina,Latin America & Caribbean,Upper middle income,2015,,,,0.0,0.0,3.79,47.6
ARG,AR,Argentina,Latin America & Caribbean,Upper middle income,2016,,,,0.0,0.0,3.81,48.4
ARG,AR,Argentina,Latin America & Caribbean,Upper middle income,2017,,,,0.0,0.0,3.95,48.2
ARG,AR,Argentina,Latin America & Caribbean,Upper middle income,2018,,,,0.0,0.0,,46.06992256962885
ARG,AR,Argentina,Latin America & Caribbean,Upper middle income,2019,,,,0.0,0.0,,46.0
ARG,AR,Argentina,Latin America & Caribbean,Upper middle income,2020,,,,0.0,0.0,,46.087950434265025
ARG,AR,Argentina,Latin America & Caribbean,Upper middle income,2021,,,,0.0,0.0,,50.09999999999999
ARG,AR,Argentina,Latin America & Caribbean,Upper middle income,2022,,,,0.0,0.0,,47.9
ARG,AR,Argentina,Latin America & Caribbean,Upper middle income,2023,,,,0.0,0.0,,46.4
ARG,AR,Argentina,Latin America & Caribbean,Upper middle income,2024,,,,0.0,0.0,,
ARM,AM,Armenia,Europe & Central Asia,Upper middle income,2000,Andranik Nakhapeti Margaryan,1.0,1.0,0.0,0.0,,
ARM,AM,Armenia,Europe & Central Asia,Upper middle income,2001,Andranik Nakhapeti Margaryan,2.0,2.0,0.0,0.0,,
ARM,AM,Armenia,Europe & Central Asia,Upper middle income,2002,Andranik Nakhapeti Margaryan,3.0,3.0,0.0,0.0,,
ARM,AM,Armenia,Europe & Central Asia,Upper middle income,2003,Andranik Nakhapeti Margaryan,4.0,4.0,0.0,0.0,,
ARM,AM,Armenia,Europe & Central Asia,Upper middle income,2004,Andranik Nakhapeti Margaryan,5.0,5.0,0.0,0.0,,
ARM,AM,Armenia,Europe & Central Asia,Upper middle income,2005,Andranik Nakhapeti Margaryan,6.0,6.0,0.0,0.0,,
ARM,AM,Armenia,Europe & Central Asia,Upper middle income,2006,Andranik Nakhapeti Margaryan,7.0,7.0,0.0,0.0,,71.5
ARM,AM,Armenia,Europe & Central Asia,Upper middle income,2007,Serzh Azati Sargsyan,1.0,4.0,1.0,0.0,3.76,70.3
ARM,AM,Armenia,Europe & Central Asia,Upper middle income,2008,Tigran Sureni Sargsyan,1.0,3.0,1.0,1.0,3.73,70.7
ARM,AM,Armenia,Europe & Central Asia,Upper middle income,2009,Tigran Sureni Sargsyan,2.0,3.3333333333333335,0.0,2.0,3.71,74.3
ARM,AM,Armenia,Europe & Central Asia,Upper middle income,2010,Tigran Sureni Sargsyan,3.0,3.6666666666666665,0.0,2.0,3.76,74.1
ARM,AM,Armenia,Europe & Central Asia,Upper middle income,2011,Tigran Sureni Sargsyan,4.0,4.0,0.0,2.0,3.89,72.3
ARM,AM,Armenia,Europe & Central Asia,Upper middle income,2012,Tigran Sureni Sargsyan,5.0,4.333333333333333,0.0,2.0,4.02,72.2
ARM,AM,Armenia,Europe & Central Asia,Upper middle income,2013,Tigran Sureni Sargsyan,6.0,4.666666666666667,0.0,1.0,4.1,71.3
ARM,AM,Armenia,Europe & Central Asia,Upper middle income,2014,Hovik Abrahamyan,1.0,3.75,1.0,0.0,4.01,71.3
ARM,AM,Armenia,Europe & Central Asia,Upper middle income,2015,Hovik Abrahamyan,2.0,4.0,0.0,1.0,4.01,69.7
ARM,AM,Armenia,Europe & Central Asia,Upper middle income,2016,Karen Vilhelmi Karapetyan,1.0,3.4,1.0,1.0,4.07,69.6
ARM,AM,Armenia,Europe & Central Asia,Upper middle income,2017,Karen Vilhelmi Karapetyan,2.0,3.6,0.0,2.0,4.19,71.0
ARM,AM,Armenia,Europe & Central Asia,Upper middle income,2018,Nikol Pashinyan,1.0,3.1666666666666665,1.0,2.0,,69.5452238194412
ARM,AM,Armenia,Europe & Central Asia,Upper middle income,2019,Nikol Pashinyan,2.0,3.3333333333333335,0.0,3.0,,66.7
ARM,AM,Armenia,Europe & Central Asia,Upper middle income,2020,Nikol Pashinyan,3.0,3.5,0.0,2.0,,64.2
ARM,AM,Armenia,Europe & Central Asia,Upper middle income,2021,Nikol Pashinyan,4.0,3.6666666666666665,0.0,2.0,,69.8
ARM,AM,Armenia,Europe & Central Asia,Upper middle income,2022,Nikol Pashinyan,5.0,3.8333333333333335,0.0,1.0,,67.00000000000001
ARM,AM,Armenia,Europe & Central Asia,Upper middle income,2023,Nikol Pashinyan,6.0,4.0,0.0,1.0,,67.5
ARM,AM,Armenia,Europe & Central Asia,Upper middle income,2024,Nikol Pashinyan,7.0,4.166666666666667,0.0,0.0,,
ASM,AS,American Samoa,East Asia & Pacific,High income,2000,,,,,,,
ASM,AS,American Samoa,East Asia & Pacific,High income,2001,,,,,,,
ASM,AS,American Samoa,East Asia & Pacific,High income,2002,,,,,,,
ASM,AS,American Samoa,East Asia & Pacific,High income,2003,,,,,,,
ASM,AS,American Samoa,East Asia & Pacific,High income,2004,,,,,,,
ASM,AS,American Samoa,East Asia & Pacific,High income,2005,,,,,,,
ASM,AS,American Samoa,East Asia & Pacific,High income,2006,,,,,,,
ASM,AS,American Samoa,East Asia & Pacific,High income,2007,,,,,,,
ASM,AS,American Samoa,East Asia & Pacific,High income,2008,,,,,,,
ASM,AS,American Samoa,East Asia & Pacific,High income,2009,,,,,,,
ASM,AS,American Samoa,East Asia & Pacific,High income,2010,,,,,,,
ASM,AS,American Samoa,East Asia & Pacific,High income,2011,,,,,,,
ASM,AS,American Samoa,East Asia & Pacific,High income,2012,,,,,,,
ASM,AS,American Samoa,East Asia & Pacific,High income,2013,,,,,,,
ASM,AS,American Samoa,East Asia & Pacific,High income,2014,,,,,,,
ASM,AS,American Samoa,East Asia & Pacific,High income,2015,,,,,,,
ASM,AS,American Samoa,East Asia & Pacific,High income,2016,,,,,,,
ASM,AS,American Samoa,East Asia & Pacific,High income,2017,,,,,,,
ASM,AS,American Samoa,East Asia & Pacific,High income,2018,,,,,,,
ASM,AS,American Samoa,East Asia & Pacific,High income,2019,,,,,,,
ASM,AS,American Samoa,East Asia & Pacific,High income,2020,,,,,,,
ASM,AS,American Samoa,East Asia & Pacific,High income,2021,,,,,,,
ASM,AS,American Samoa,East Asia & Pacific,High income,2022,,,,,,,
ASM,AS,American Samoa,East Asia & Pacific,High income,2023,,,,,,,
ASM,AS,American Samoa,East Asia & Pacific,High income,2024,,,,,,,
ATG,AG,Antigua and Barbuda,Latin America & Caribbean,High income,2000,,,,,,,
ATG,AG,Antigua and Barbuda,Latin America & Caribbean,High income,2001,,,,,,,
ATG,AG,Antigua and Barbuda,Latin America & Caribbean,High income,2002,,,,,,,
ATG,AG,Antigua and Barbuda,Latin America & Caribbean,High income,2003,,,,,,,
ATG,AG,Antigua and Barbuda,Latin America & Caribbean,High income,2004,,,,,,,
ATG,AG,Antigua and Barbuda,Latin America & Caribbean,High income,2005,,,,,,,
ATG,AG,Antigua and Barbuda,Latin America & Caribbean,High income,2006,,,,,,,
ATG,AG,Antigua and Barbuda,Latin America & Caribbean,High income,2007,,,,,,,65.7
ATG,AG,Antigua and Barbuda,Latin America & Caribbean,High income,2008,,,,,,,64.1
ATG,AG,Antigua and Barbuda,Latin America & Caribbean,High income,2009,,,,,,,62.8
ATG,AG,Antigua and Barbuda,Latin America & Caribbean,High income,2010,,,,,,,60.9
ATG,AG,Antigua and Barbuda,Latin America & Caribbean,High income,2011,,,,,,,59.9
ATG,AG,Antigua and Barbuda,Latin America & Caribbean,High income,2012,,,,,,,58.9
ATG,AG,Antigua and Barbuda,Latin America & Caribbean,High income,2013,,,,,,,58.0
ATG,AG,Antigua and Barbuda,Latin America & Caribbean,High income,2014,,,,,,,59.0
ATG,AG,Antigua and Barbuda,Latin America & Caribbean,High income,2015,,,,,,,57.8
ATG,AG,Antigua and Barbuda,Latin America & Caribbean,High income,2016,,,,,,,56.2
ATG,AG,Antigua and Barbuda,Latin America & Caribbean,High income,2017,,,,,,,54.8
ATG,AG,Antigua and Barbuda,Latin America & Caribbean,High income,2018,,,,,,,55.6110407346696
ATG,AG,Antigua and Barbuda,Latin America & Caribbean,High income,2019,,,,,,,54.4
ATG,AG,Antigua and Barbuda,Latin America & Caribbean,High income,2020,,,,,,,52.06235185360498
ATG,AG,Antigua and Barbuda,Latin America & Caribbean,High income,2021,,,,,,,54.9
ATG,AG,Antigua and Barbuda,Latin America & Caribbean,High income,2022,,,,,,,54.2
ATG,AG,Antigua and Barbuda,Latin America & Caribbean,High income,2023,,,,,,,53.8
ATG,AG,Antigua and Barbuda,Latin America & Caribbean,High income,2024,,,,,,,
AUS,AU,Australia,East Asia & Pacific,High income,2000,John Winston Howard,1.0,1.0,0.0,0.0,,
AUS,AU,Australia,East Asia & Pacific,High income,2001,John Winston Howard,2.0,2.0,0.0,0.0,,
AUS,AU,Australia,East Asia & Pacific,High income,2002,John Winston Howard,3.0,3.0,0.0,0.0,,
AUS,AU,Australia,East Asia & Pacific,High income,2003,John Winston Howard,4.0,4.0,0.0,0.0,,
AUS,AU,Australia,East Asia & Pacific,High income,2004,John Winston Howard,5.0,5.0,0.0,0.0,,
AUS,AU,Australia,East Asia & Pacific,High income,2005,John Winston Howard,6.0,6.0,0.0,0.0,,
AUS,AU,Australia,East Asia & Pacific,High income,2006,John Winston Howard,7.0,7.0,0.0,0.0,,22.0
AUS,AU,Australia,East Asia & Pacific,High income,2007,Kevin Michael Rudd,1.0,4.0,1.0,0.0,5.17,23.2
AUS,AU,Australia,East Asia & Pacific,High income,2008,Kevin Michael Rudd,2.0,4.5,0.0,1.0,5.2,24.6
AUS,AU,Australia,East Asia & Pacific,High income,2009,Kevin Michael Rudd,3.0,5.0,0.0,1.0,5.15,25.9
AUS,AU,Australia,East Asia & Pacific,High income,2010,Julia Eileen Gillard,1.0,3.6666666666666665,1.0,1.0,5.11,27.3
AUS,AU,Australia,East Asia & Pacific,High income,2011,Julia Eileen Gillard,2.0,4.0,0.0,2.0,5.11,28.1
AUS,AU,Australia,East Asia & Pacific,High income,2012,Julia Eileen Gillard,3.0,4.333333333333333,0.0,2.0,5.12,29.2
AUS,AU,Australia,East Asia & Pacific,High income,2013,Anthony Abbott,1.0,3.5,1.0,1.0,5.09,25.4
AUS,AU,Australia,East Asia & Pacific,High income,2014,Anthony Abbott,2.0,3.75,0.0,2.0,5.08,26.3
AUS,AU,Australia,East Asia & Pacific,High income,2015,Malcolm Turnbull,1.0,3.2,1.0,2.0,5.15,24.3
AUS,AU,Australia,East Asia & Pacific,High income,2016,Malcolm Turnbull,2.0,3.4,0.0,2.0,5.19,22.5
AUS,AU,Australia,East Asia & Pacific,High income,2017,Malcolm Turnbull,3.0,3.6,0.0,2.0,5.19,22.3
AUS,AU,Australia,East Asia & Pacific,High income,2018,Scott Morrison,1.0,3.1666666666666665,1.0,2.0,,20.77076600209908
AUS,AU,Australia,East Asia & Pacific,High income,2019,Scott Morrison,2.0,3.3333333333333335,0.0,2.0,,19.7
AUS,AU,Australia,East Asia & Pacific,High income,2020,Scott Morrison,3.0,3.5,0.0,2.0,,19.746408857575208
AUS,AU,Australia,East Asia & Pacific,High income,2021,Scott Morrison,4.0,3.6666666666666665,0.0,1.0,,21.799999999999997
AUS,AU,Australia,East Asia & Pacific,High income,2022,Anthony Albanese,1.0,3.2857142857142856,1.0,1.0,,22.7
AUS,AU,Australia,East Asia & Pacific,High income,2023,Anthony Albanese,2.0,3.4285714285714284,0.0,2.0,,22.0
AUS,AU,Australia,East Asia & Pacific,High income,2024,Anthony Albanese,3.0,3.5714285714285716,0.0,1.0,,
AUT,AT,Austria,Europe & Central Asia,High income,2000,Wolfgang Schüssel,1.0,1.0,0.0,0.0,,
AUT,AT,Austria,Europe & Central Asia,High income,2001,Wolfgang Schüssel,2.0,2.0,0.0,0.0,,
AUT,AT,Austria,Europe & Central Asia,High income,2002,Wolfgang Schüssel,3.0,3.0,0.0,0.0,,
AUT,AT,Austria,Europe & Central Asia,High income,2003,Wolfgang Schüssel,4.0,4.0,0.0,0.0,,
AUT,AT,Austria,Europe & Central Asia,High income,2004,Wolfgang Schüssel,5.0,5.0,0.0,0.0,,
AUT,AT,Austria,Europe & Central Asia,High income,2005,Wolfgang Schüssel,6.0,6.0,0.0,0.0,,
AUT,AT,Austria,Europe & Central Asia,High income,2006,Wolfgang Schüssel,7.0,7.0,0.0,0.0,,26.1
AUT,AT,Austria,Europe & Central Asia,High income,2007,Alfred Gusenbauer,1.0,4.0,1.0,0.0,5.23,26.0
AUT,AT,Austria,Europe & Central Asia,High income,2008,Werner Faymann,1.0,3.0,1.0,1.0,5.23,25.9
AUT,AT,Austria,Europe & Central Asia,High income,2009,Werner Faymann,2.0,3.3333333333333335,0.0,2.0,5.13,27.6
AUT,AT,Austria,Europe & Central Asia,High income,2010,Werner Faymann,3.0,3.6666666666666665,0.0,2.0,5.09,27.2
AUT,AT,Austria,Europe & Central Asia,High income,2011,Werner Faymann,4.0,4.0,0.0,2.0,5.14,27.3
AUT,AT,Austria,Europe & Central Asia,High income,2012,Werner Faymann,5.0,4.333333333333333,0.0,2.0,5.22,27.5
AUT,AT,Austria,Europe & Central Asia,High income,2013,Werner Faymann,6.0,4.666666666666667,0.0,1.0,5.15,26.9
AUT,AT,Austria,Europe & Central Asia,High income,2014,Werner Faymann,7.0,5.0,0.0,0.0,5.16,28.5
AUT,AT,Austria,Europe & Central Asia,High income,2015,Werner Faymann,8.0,5.333333333333333,0.0,0.0,5.12,25.8
AUT,AT,Austria,Europe & Central Asia,High income,2016,Christian Kern,1.0,4.25,1.0,0.0,5.22,27.5
AUT,AT,Austria,Europe & Central Asia,High income,2017,Sebastian Kurz,1.0,3.6,1.0,1.0,5.25,27.7
AUT,AT,Austria,Europe & Central Asia,High income,2018,Sebastian Kurz,2.0,3.8,0.0,2.0,,26.181880301496445
AUT,AT,Austria,Europe & Central Asia,High income,2019,Brigitte Bierlein,1.0,3.3333333333333335,1.0,2.0,,25.0
AUT,AT,Austria,Europe & Central Asia,High income,2020,Sebastian Kurz,1.0,3.0,1.0,3.0,,24.108703082430992
AUT,AT,Austria,Europe & Central Asia,High income,2021,Karl Nehammer,1.0,2.75,1.0,4.0,,26.1
AUT,AT,Austria,Europe & Central Asia,High income,2022,Karl Nehammer,2.0,2.875,0.0,4.0,,25.4
AUT,AT,Austria,Europe & Central Asia,High income,2023,Karl Nehammer,3.0,3.0,0.0,3.0,,24.399999999999995
AUT,AT,Austria,Europe & Central Asia,High income,2024,Karl Nehammer,4.0,3.125,0.0,3.0,,
AZE,AZ,Azerbaijan,Europe & Central Asia,Upper middle income,2000,Artur Tairogly Rasizade,1.0,1.0,0.0,0.0,,
AZE,AZ,Azerbaijan,Europe & Central Asia,Upper middle income,2001,Artur Tairogly Rasizade,2.0,2.0,0.0,0.0,,
AZE,AZ,Azerbaijan,Europe & Central Asia,Upper middle income,2002,Artur Tairogly Rasizade,3.0,3.0,0.0,0.0,,
AZE,AZ,Azerbaijan,Europe & Central Asia,Upper middle income,2003,Artur Tairogly Rasizade,4.0,4.0,0.0,0.0,,
AZE,AZ,Azerbaijan,Europe & Central Asia,Upper middle income,2004,Artur Tairogly Rasizade,5.0,5.0,0.0,0.0,,
AZE,AZ,Azerbaijan,Europe & Central Asia,Upper middle income,2005,Artur Tairogly Rasizade,6.0,6.0,0.0,0.0,,
AZE,AZ,Azerbaijan,Europe & Central Asia,Upper middle income,2006,Artur Tairogly Rasizade,7.0,7.0,0.0,0.0,,81.9
AZE,AZ,Azerbaijan,Europe & Central Asia,Upper middle income,2007,Artur Tairogly Rasizade,8.0,8.0,0.0,0.0,4.07,81.2
AZE,AZ,Azerbaijan,Europe & Central Asia,Upper middle income,2008,Artur Tairogly Rasizade,9.0,9.0,0.0,0.0,4.1,81.0
AZE,AZ,Azerbaijan,Europe & Central Asia,Upper middle income,2009,Artur Tairogly Rasizade,10.0,10.0,0.0,0.0,4.3,84.6
AZE,AZ,Azerbaijan,Europe & Central Asia,Upper middle income,2010,Artur Tairogly Rasizade,11.0,11.0,0.0,0.0,4.29,84.4
AZE,AZ,Azerbaijan,Europe & Central Asia,Upper middle income,2011,Artur Tairogly Rasizade,12.0,12.0,0.0,0.0,4.31,81.9
AZE,AZ,Azerbaijan,Europe & Central Asia,Upper middle income,2012,Artur Tairogly Rasizade,13.0,13.0,0.0,0.0,4.41,79.8
AZE,AZ,Azerbaijan,Europe & Central Asia,Upper middle income,2013,Artur Tairogly Rasizade,14.0,14.0,0.0,0.0,4.51,78.2
AZE,AZ,Azerbaijan,Europe & Central Asia,Upper middle income,2014,Artur Tairogly Rasizade,15.0,15.0,0.0,0.0,4.53,77.8
AZE,AZ,Azerbaijan,Europe & Central Asia,Upper middle income,2015,Artur Tairogly Rasizade,16.0,16.0,0.0,0.0,4.5,77.3
AZE,AZ,Azerbaijan,Europe & Central Asia,Upper middle income,2016,Artur Tairogly Rasizade,17.0,17.0,0.0,0.0,4.55,76.3
AZE,AZ,Azerbaijan,Europe & Central Asia,Upper middle income,2017,Artur Tairogly Rasizade,18.0,18.0,0.0,0.0,4.69,76.3
AZE,AZ,Azerbaijan,Europe & Central Asia,Upper middle income,2018,Novruz Mammadov,1.0,9.5,1.0,0.0,,74.63031997786744
AZE,AZ,Azerbaijan,Europe & Central Asia,Upper middle income,2019,Ali Asadov,1.0,6.666666666666667,1.0,1.0,,73.2
AZE,AZ,Azerbaijan,Europe & Central Asia,Upper middle income,2020,Ali Asadov,2.0,7.0,0.0,2.0,,71.28215920806875
AZE,AZ,Azerbaijan,Europe & Central Asia,Upper middle income,2021,Ali Asadov,3.0,7.333333333333333,0.0,2.0,,75.10000000000001
AZE,AZ,Azerbaijan,Europe & Central Asia,Upper middle income,2022,Ali Asadov,4.0,7.666666666666667,0.0,2.0,,73.10000000000001
AZE,AZ,Azerbaijan,Europe & Central Asia,Upper middle income,2023,Ali Asadov,5.0,8.0,0.0,2.0,,72.69999999999999
AZE,AZ,Azerbaijan,Europe & Central Asia,Upper middle income,2024,Ali Asadov,6.0,8.333333333333334,0.0,1.0,,
BDI,BI,Burundi,Sub-Saharan Africa,Low income,2000,,,,0.0,0.0,,
BDI,BI,Burundi,Sub-Saharan Africa,Low income,2001,,,,0.0,0.0,,
BDI,BI,Burundi,Sub-Saharan Africa,Low income,2002,,,,0.0,0.0,,
BDI,BI,Burundi,Sub-Saharan Africa,Low income,2003,,,,0.0,0.0,,
BDI,BI,Burundi,Sub-Saharan Africa,Low income,2004,,,,0.0,0.0,,
BDI,BI,Burundi,Sub-Saharan Africa,Low income,2005,,,,0.0,0.0,,
BDI,BI,Burundi,Sub-Saharan Africa,Low income,2006,,,,0.0,0.0,,96.7
BDI,BI,Burundi,Sub-Saharan Africa,Low income,2007,,,,0.0,0.0,2.84,95.2
BDI,BI,Burundi,Sub-Saharan Africa,Low income,2008,,,,0.0,0.0,2.98,94.1
BDI,BI,Burundi,Sub-Saharan Africa,Low income,2009,,,,0.0,0.0,2.58,95.7
BDI,BI,Burundi,Sub-Saharan Africa,Low income,2010,,,,0.0,0.0,2.96,96.7
BDI,BI,Burundi,Sub-Saharan Africa,Low income,2011,,,,0.0,0.0,2.95,98.6
BDI,BI,Burundi,Sub-Saharan Africa,Low income,2012,,,,0.0,0.0,2.78,97.5
BDI,BI,Burundi,Sub-Saharan Africa,Low income,2013,,,,0.0,0.0,2.92,97.6
BDI,BI,Burundi,Sub-Saharan Africa,Low income,2014,,,,0.0,0.0,3.09,97.1
BDI,BI,Burundi,Sub-Saharan Africa,Low income,2015,,,,0.0,0.0,3.11,98.0
BDI,BI,Burundi,Sub-Saharan Africa,Low income,2016,,,,0.0,0.0,3.06,100.7
BDI,BI,Burundi,Sub-Saharan Africa,Low income,2017,,,,0.0,0.0,3.21,98.9
BDI,BI,Burundi,Sub-Saharan Africa,Low income,2018,,,,0.0,0.0,,97.36424028418537
BDI,BI,Burundi,Sub-Saharan Africa,Low income,2019,,,,0.0,0.0,,98.2
BDI,BI,Burundi,Sub-Saharan Africa,Low income,2020,Alain-Guillaume Bunyoni,1.0,1.0,0.0,0.0,,97.87602964557674
BDI,BI,Burundi,Sub-Saharan Africa,Low income,2021,Alain-Guillaume Bunyoni,2.0,2.0,0.0,0.0,,97.10000000000001
BDI,BI,Burundi,Sub-Saharan Africa,Low income,2022,Gervais Ndirakobuca,1.0,1.5,1.0,0.0,,95.40000000000002
BDI,BI,Burundi,Sub-Saharan Africa,Low income,2023,Gervais Ndirakobuca,2.0,2.0,0.0,1.0,,94.19999999999999
BDI,BI,Burundi,Sub-Saharan Africa,Low income,2024,Gervais Ndirakobuca,3.0,2.5,0.0,1.0,,
BEL,BE,Belgium,Europe & Central Asia,High income,2000,Guy Maurice Marie-Louise Verhofstadt,1.0,1.0,0.0,0.0,,
BEL,BE,Belgium,Europe & Central Asia,High income,2001,Guy Maurice Marie-Louise Verhofstadt,2.0,2.0,0.0,0.0,,
BEL,BE,Belgium,Europe & Central Asia,High income,2002,Guy Maurice Marie-Louise Verhofstadt,3.0,3.0,0.0,0.0,,
BEL,BE,Belgium,Europe & Central Asia,High income,2003,Guy Maurice Marie-Louise Verhofstadt,4.0,4.0,0.0,0.0,,
BEL,BE,Belgium,Europe & Central Asia,High income,2004,Guy Maurice Marie-Louise Verhofstadt,5.0,5.0,0.0,0.0,,
BEL,BE,Belgium,Europe & Central Asia,High income,2005,Guy Maurice Marie-Louise Verhofstadt,6.0,6.0,0.0,0.0,,
BEL,BE,Belgium,Europe & Central Asia,High income,2006,Guy Maurice Marie-Louise Verhofstadt,7.0,7.0,0.0,0.0,,24.0
BEL,BE,Belgium,Europe & Central Asia,High income,2007,Guy Maurice Marie-Louise Verhofstadt,8.0,8.0,0.0,0.0,5.1,25.5
BEL,BE,Belgium,Europe & Central Asia,High income,2008,Herman Achille Van Rompuy,1.0,4.5,1.0,0.0,5.14,29.0
BEL,BE,Belgium,Europe & Central Asia,High income,2009,Yves Camille Désiré Leterme,1.0,3.3333333333333335,1.0,1.0,5.09,33.5
BEL,BE,Belgium,Europe & Central Asia,High income,2010,Yves Camille Désiré Leterme,2.0,3.6666666666666665,0.0,2.0,5.07,32.0
BEL,BE,Belgium,Europe & Central Asia,High income,2011,Elio Di Rupo,1.0,3.0,1.0,2.0,5.2,34.1
BEL,BE,Belgium,Europe & Central Asia,High income,2012,Elio Di Rupo,2.0,3.25,0.0,3.0,5.21,33.5
BEL,BE,Belgium,Europe & Central Asia,High income,2013,Elio Di Rupo,3.0,3.5,0.0,3.0,5.13,30.9
BEL,BE,Belgium,Europe & Central Asia,High income,2014,Charles Michel,1.0,3.0,1.0,2.0,5.18,32.0
BEL,BE,Belgium,Europe & Central Asia,High income,2015,Charles Michel,2.0,3.2,0.0,2.0,5.2,30.5
BEL,BE,Belgium,Europe & Central Asia,High income,2016,Charles Michel,3.0,3.4,0.0,2.0,5.25,29.0
BEL,BE,Belgium,Europe & Central Asia,High income,2017,Charles Michel,4.0,3.6,0.0,1.0,5.23,30.8
BEL,BE,Belgium,Europe & Central Asia,High income,2018,Charles Michel,5.0,3.8,0.0,1.0,,29.653650451578354
BEL,BE,Belgium,Europe & Central Asia,High income,2019,Sophie Wilmès,1.0,3.3333333333333335,1.0,1.0,,28.6
BEL,BE,Belgium,Europe & Central Asia,High income,2020,Alexander De Croo,1.0,3.0,1.0,1.0,,27.098144674784415
BEL,BE,Belgium,Europe & Central Asia,High income,2021,Alexander De Croo,2.0,3.142857142857143,0.0,2.0,,31.000000000000004
BEL,BE,Belgium,Europe & Central Asia,High income,2022,Alexander De Croo,3.0,3.2857142857142856,0.0,2.0,,31.9
BEL,BE,Belgium,Europe & Central Asia,High income,2023,Alexander De Croo,4.0,3.4285714285714284,0.0,2.0,,31.4
BEL,BE,Belgium,Europe & Central Asia,High income,2024,Alexander De Croo,5.0,3.5714285714285716,0.0,2.0,,
BEN,BJ,Benin,Sub-Saharan Africa,Lower middle income,2000,,,,0.0,0.0,,
BEN,BJ,Benin,Sub-Saharan Africa,Lower middle income,2001,,,,0.0,0.0,,
BEN,BJ,Benin,Sub-Saharan Africa,Lower middle income,2002,,,,0.0,0.0,,
BEN,BJ,Benin,Sub-Saharan Africa,Lower middle income,2003,,,,0.0,0.0,,
BEN,BJ,Benin,Sub-Saharan Africa,Lower middle income,2004,,,,0.0,0.0,,
BEN,BJ,Benin,Sub-Saharan Africa,Lower middle income,2005,,,,0.0,0.0,,
BEN,BJ,Benin,Sub-Saharan Africa,Lower middle income,2006,,,,0.0,0.0,,70.9
BEN,BJ,Benin,Sub-Saharan Africa,Lower middle income,2007,,,,0.0,0.0,3.49,72.0
BEN,BJ,Benin,Sub-Saharan Africa,Lower middle income,2008,,,,0.0,0.0,3.56,72.8
BEN,BJ,Benin,Sub-Saharan Africa,Lower middle income,2009,,,,0.0,0.0,3.56,75.5
BEN,BJ,Benin,Sub-Saharan Africa,Lower middle income,2010,,,,0.0,0.0,3.69,76.8
BEN,BJ,Benin,Sub-Saharan Africa,Lower middle income,2011,,,,0.0,0.0,3.78,80.0
BEN,BJ,Benin,Sub-Saharan Africa,Lower middle income,2012,,,,0.0,0.0,3.61,78.6
BEN,BJ,Benin,Sub-Saharan Africa,Lower middle income,2013,,,,0.0,0.0,3.45,77.9
BEN,BJ,Benin,Sub-Saharan Africa,Lower middle income,2014,,,,0.0,0.0,,78.2
BEN,BJ,Benin,Sub-Saharan Africa,Lower middle income,2015,,,,0.0,0.0,3.55,78.8
BEN,BJ,Benin,Sub-Saharan Africa,Lower middle income,2016,,,,0.0,0.0,3.47,78.9
BEN,BJ,Benin,Sub-Saharan Africa,Lower middle income,2017,,,,0.0,0.0,3.47,77.6
BEN,BJ,Benin,Sub-Saharan Africa,Lower middle income,2018,,,,0.0,0.0,,75.69009689938682
BEN,BJ,Benin,Sub-Saharan Africa,Lower middle income,2019,,,,0.0,0.0,,73.6
BEN,BJ,Benin,Sub-Saharan Africa,Lower middle income,2020,,,,0.0,0.0,,72.54479808532312
BEN,BJ,Benin,Sub-Saharan Africa,Lower middle income,2021,,,,0.0,0.0,,72.8
BEN,BJ,Benin,Sub-Saharan Africa,Lower middle income,2022,,,,0.0,0.0,,72.5
BEN,BJ,Benin,Sub-Saharan Africa,Lower middle income,2023,,,,0.0,0.0,,73.30000000000001
BEN,BJ,Benin,Sub-Saharan Africa,Lower middle income,2024,,,,0.0,0.0,,
BFA,BF,Burkina Faso,Sub-Saharan Africa,Low income,2000,Paramanga Ernest Yonli,1.0,1.0,0.0,0.0,,
BFA,BF,Burkina Faso,Sub-Saharan Africa,Low income,2001,Paramanga Ernest Yonli,2.0,2.0,0.0,0.0,,
BFA,BF,Burkina Faso,Sub-Saharan Africa,Low income,2002,Paramanga Ernest Yonli,3.0,3.0,0.0,0.0,,
BFA,BF,Burkina Faso,Sub-Saharan Africa,Low income,2003,Paramanga Ernest Yonli,4.0,4.0,0.0,0.0,,
BFA,BF,Burkina Faso,Sub-Saharan Africa,Low income,2004,Paramanga Ernest Yonli,5.0,5.0,0.0,0.0,,
BFA,BF,Burkina Faso,Sub-Saharan Africa,Low income,2005,Paramanga Ernest Yonli,6.0,6.0,0.0,0.0,,
BFA,BF,Burkina Faso,Sub-Saharan Africa,Low income,2006,Paramanga Ernest Yonli,7.0,7.0,0.0,0.0,,89.7
BFA,BF,Burkina Faso,Sub-Saharan Africa,Low income,2007,Tertius Zongo,1.0,4.0,1.0,0.0,3.43,89.7
BFA,BF,Burkina Faso,Sub-Saharan Africa,Low income,2008,Tertius Zongo,2.0,4.5,0.0,1.0,3.36,89.9
BFA,BF,Burkina Faso,Sub-Saharan Africa,Low income,2009,Tertius Zongo,3.0,5.0,0.0,1.0,3.23,91.3
BFA,BF,Burkina Faso,Sub-Saharan Africa,Low income,2010,Tertius Zongo,4.0,5.5,0.0,1.0,3.2,90.7
BFA,BF,Burkina Faso,Sub-Saharan Africa,Low income,2011,Luc Adolphe Tiao,1.0,4.0,1.0,1.0,3.25,88.6
BFA,BF,Burkina Faso,Sub-Saharan Africa,Low income,2012,Luc Adolphe Tiao,2.0,4.333333333333333,0.0,2.0,3.34,87.4
BFA,BF,Burkina Faso,Sub-Saharan Africa,Low income,2013,Luc Adolphe Tiao,3.0,4.666666666666667,0.0,1.0,3.21,90.2
BFA,BF,Burkina Faso,Sub-Saharan Africa,Low income,2014,Isaac Yacouba Zida,1.0,3.75,1.0,1.0,3.21,89.0
BFA,BF,Burkina Faso,Sub-Saharan Africa,Low income,2015,Isaac Yacouba Zida,2.0,4.0,0.0,2.0,,89.2
BFA,BF,Burkina Faso,Sub-Saharan Africa,Low income,2016,Paul Kaba Thieba,1.0,3.4,1.0,2.0,,89.4
BFA,BF,Burkina Faso,Sub-Saharan Africa,Low income,2017,Paul Kaba Thieba,2.0,3.6,0.0,2.0,,88.0
BFA,BF,Burkina Faso,Sub-Saharan Africa,Low income,2018,Paul Kaba Thieba,3.0,3.8,0.0,2.0,,86.5236375122382
BFA,BF,Burkina Faso,Sub-Saharan Africa,Low income,2019,Christophe Joseph Marie Dabiré,1.0,3.3333333333333335,1.0,2.0,,83.9
BFA,BF,Burkina Faso,Sub-Saharan Africa,Low income,2020,Christophe Joseph Marie Dabiré,2.0,3.5,0.0,2.0,,85.92852306050814
BFA,BF,Burkina Faso,Sub-Saharan Africa,Low income,2021,Lassina Zerbo,1.0,3.142857142857143,1.0,2.0,,87.1
BFA,BF,Burkina Faso,Sub-Saharan Africa,Low income,2022,Apollinaire Joachim Kyélem de Tambèla,1.0,2.875,1.0,2.0,,90.5
BFA,BF,Burkina Faso,Sub-Saharan Africa,Low income,2023,Apollinaire Joachim Kyélem de Tambèla,2.0,3.0,0.0,3.0,,94.00000000000001
BFA,BF,Burkina Faso,Sub-Saharan Africa,Low income,2024,Rimtalba Jean Emmanuel Ouédraogo,1.0,2.7777777777777777,1.0,3.0,,
BGD,BD,Bangladesh,South Asia,Lower middle income,2000,Sheikh Hasina Wajed,1.0,1.0,0.0,0.0,,
BGD,BD,Bangladesh,South Asia,Lower middle income,2001,Khaleda Zia,1.0,1.0,1.0,0.0,,
BGD,BD,Bangladesh,South Asia,Lower middle income,2002,Khaleda Zia,2.0,1.5,0.0,1.0,,
BGD,BD,Bangladesh,South Asia,Lower middle income,2003,Khaleda Zia,3.0,2.0,0.0,1.0,,
BGD,BD,Bangladesh,South Asia,Lower middle income,2004,Khaleda Zia,4.0,2.5,0.0,1.0,,
BGD,BD,Bangladesh,South Asia,Lower middle income,2005,Khaleda Zia,5.0,3.0,0.0,1.0,,
BGD,BD,Bangladesh,South Asia,Lower middle income,2006,Khaleda Zia,6.0,3.5,0.0,1.0,,96.3
BGD,BD,Bangladesh,South Asia,Lower middle income,2007,Fakhruddin Ahmed,1.0,2.6666666666666665,1.0,0.0,3.55,95.9
BGD,BD,Bangladesh,South Asia,Lower middle income,2008,Fakhruddin Ahmed,2.0,3.0,0.0,1.0,3.51,100.3
BGD,BD,Bangladesh,South Asia,Lower middle income,2009,Sheikh Hasina Wajed,1.0,2.5,1.0,1.0,3.55,98.1
BGD,BD,Bangladesh,South Asia,Lower middle income,2010,Sheikh Hasina Wajed,2.0,2.75,0.0,2.0,3.64,96.1
BGD,BD,Bangladesh,South Asia,Lower middle income,2011,Sheikh Hasina Wajed,3.0,3.0,0.0,2.0,3.73,94.4
BGD,BD,Bangladesh,South Asia,Lower middle income,2012,Sheikh Hasina Wajed,4.0,3.25,0.0,2.0,3.65,92.2
BGD,BD,Bangladesh,South Asia,Lower middle income,2013,Sheikh Hasina Wajed,5.0,3.5,0.0,1.0,3.71,92.5
BGD,BD,Bangladesh,South Asia,Lower middle income,2014,Sheikh Hasina Wajed,6.0,3.75,0.0,1.0,3.72,92.8
BGD,BD,Bangladesh,South Asia,Lower middle income,2015,Sheikh Hasina Wajed,7.0,4.0,0.0,0.0,3.76,91.8
BGD,BD,Bangladesh,South Asia,Lower middle income,2016,Sheikh Hasina Wajed,8.0,4.25,0.0,0.0,3.8,90.7
BGD,BD,Bangladesh,South Asia,Lower middle income,2017,Sheikh Hasina Wajed,9.0,4.5,0.0,0.0,3.91,89.1
BGD,BD,Bangladesh,South Asia,Lower middle income,2018,Sheikh Hasina Wajed,10.0,4.75,0.0,0.0,,90.31281723205385
BGD,BD,Bangladesh,South Asia,Lower middle income,2019,Sheikh Hasina Wajed,11.0,5.0,0.0,0.0,,87.7
BGD,BD,Bangladesh,South Asia,Lower middle income,2020,Sheikh Hasina Wajed,12.0,5.25,0.0,0.0,,85.69999999999999
BGD,BD,Bangladesh,South Asia,Lower middle income,2021,Sheikh Hasina Wajed,13.0,5.5,0.0,0.0,,85.0
BGD,BD,Bangladesh,South Asia,Lower middle income,2022,Sheikh Hasina Wajed,14.0,5.75,0.0,0.0,,84.5
BGD,BD,Bangladesh,South Asia,Lower middle income,2023,Sheikh Hasina Wajed,15.0,6.0,0.0,0.0,,85.19999999999999
BGD,BD,Bangladesh,South Asia,Lower middle income,2024,Mohammad Yunus,1.0,5.0,1.0,0.0,,
BGR,BG,Bulgaria,Europe & Central Asia,High income,2000,Ivan Yordanov Kostov,1.0,1.0,0.0,0.0,,
BGR,BG,Bulgaria,Europe & Central Asia,High income,2001,Simeon Borisov Sakskoburggotski,1.0,1.0,1.0,0.0,,
BGR,BG,Bulgaria,Europe & Central Asia,High income,2002,Simeon Borisov Sakskoburggotski,2.0,1.5,0.0,1.0,,
BGR,BG,Bulgaria,Europe & Central Asia,High income,2003,Simeon Borisov Sakskoburggotski,3.0,2.0,0.0,1.0,,
BGR,BG,Bulgaria,Europe & Central Asia,High income,2004,Simeon Borisov Sakskoburggotski,4.0,2.5,0.0,1.0,,
BGR,BG,Bulgaria,Europe & Central Asia,High income,2005,Sergey Dimitryvich Stanishev,1.0,2.0,1.0,1.0,,
BGR,BG,Bulgaria,Europe & Central Asia,High income,2006,Sergey Dimitryvich Stanishev,2.0,2.3333333333333335,0.0,2.0,,62.1
BGR,BG,Bulgaria,Europe & Central Asia,High income,2007,Sergey Dimitryvich Stanishev,3.0,2.6666666666666665,0.0,1.0,3.93,60.3
BGR,BG,Bulgaria,Europe & Central Asia,High income,2008,Sergey Dimitryvich Stanishev,4.0,3.0,0.0,1.0,4.03,58.5
BGR,BG,Bulgaria,Europe & Central Asia,High income,2009,Boyko Metodiev Borisov,1.0,2.5,1.0,1.0,4.02,61.5
BGR,BG,Bulgaria,Europe & Central Asia,High income,2010,Boyko Metodiev Borisov,2.0,2.75,0.0,2.0,4.13,61.2
BGR,BG,Bulgaria,Europe & Central Asia,High income,2011,Boyko Metodiev Borisov,3.0,3.0,0.0,1.0,4.16,59.0
BGR,BG,Bulgaria,Europe & Central Asia,High income,2012,Boyko Metodiev Borisov,4.0,3.25,0.0,1.0,4.27,56.3
BGR,BG,Bulgaria,Europe & Central Asia,High income,2013,Plamen Vasilev Oresharski,1.0,2.8,1.0,1.0,4.31,55.0
BGR,BG,Bulgaria,Europe & Central Asia,High income,2014,Boyko Metodiev Borisov,1.0,2.5,1.0,2.0,4.37,54.4
BGR,BG,Bulgaria,Europe & Central Asia,High income,2015,Boyko Metodiev Borisov,2.0,2.6666666666666665,0.0,2.0,4.32,55.4
BGR,BG,Bulgaria,Europe & Central Asia,High income,2016,Boyko Metodiev Borisov,3.0,2.8333333333333335,0.0,2.0,4.44,53.7
BGR,BG,Bulgaria,Europe & Central Asia,High income,2017,Boyko Metodiev Borisov,4.0,3.0,0.0,2.0,4.46,53.7
BGR,BG,Bulgaria,Europe & Central Asia,High income,2018,Boyko Metodiev Borisov,5.0,3.1666666666666665,0.0,2.0,,51.65420796469111
BGR,BG,Bulgaria,Europe & Central Asia,High income,2019,Boyko Metodiev Borisov,6.0,3.3333333333333335,0.0,1.0,,50.6
BGR,BG,Bulgaria,Europe & Central Asia,High income,2020,Boyko Metodiev Borisov,7.0,3.5,0.0,0.0,,49.17165481543572
BGR,BG,Bulgaria,Europe & Central Asia,High income,2021,Kiril Petkov,1.0,3.142857142857143,1.0,0.0,,51.6
BGR,BG,Bulgaria,Europe & Central Asia,High income,2022,Galab Donev,1.0,2.875,1.0,1.0,,51.6
BGR,BG,Bulgaria,Europe & Central Asia,High income,2023,Nikolai Denkov,1.0,2.6666666666666665,1.0,2.0,,51.800000000000004
BGR,BG,Bulgaria,Europe & Central Asia,High income,2024,Dimităr Borisov Glavchev,1.0,2.5,1.0,3.0,,
BHR,BH,Bahrain,"Middle East, North Africa, Afghanistan & Pakistan",High income,2000,Prince Khalifa bin Salman Al Khalifa,1.0,1.0,0.0,0.0,,
BHR,BH,Bahrain,"Middle East, North Africa, Afghanistan & Pakistan",High income,2001,Prince Khalifa bin Salman Al Khalifa,2.0,2.0,0.0,0.0,,
BHR,BH,Bahrain,"Middle East, North Africa, Afghanistan & Pakistan",High income,2002,Prince Khalifa bin Salman Al Khalifa,3.0,3.0,0.0,0.0,,
BHR,BH,Bahrain,"Middle East, North Africa, Afghanistan & Pakistan",High income,2003,Prince Khalifa bin Salman Al Khalifa,4.0,4.0,0.0,0.0,,
BHR,BH,Bahrain,"Middle East, North Africa, Afghanistan & Pakistan",High income,2004,Prince Khalifa bin Salman Al Khalifa,5.0,5.0,0.0,0.0,,
BHR,BH,Bahrain,"Middle East, North Africa, Afghanistan & Pakistan",High income,2005,Prince Khalifa bin Salman Al Khalifa,6.0,6.0,0.0,0.0,,
BHR,BH,Bahrain,"Middle East, North Africa, Afghanistan & Pakistan",High income,2006,Prince Khalifa bin Salman Al Khalifa,7.0,7.0,0.0,0.0,,
BHR,BH,Bahrain,"Middle East, North Africa, Afghanistan & Pakistan",High income,2007,Prince Khalifa bin Salman Al Khalifa,8.0,8.0,0.0,0.0,4.42,57.0
BHR,BH,Bahrain,"Middle East, North Africa, Afghanistan & Pakistan",High income,2008,Prince Khalifa bin Salman Al Khalifa,9.0,9.0,0.0,0.0,4.57,56.8
BHR,BH,Bahrain,"Middle East, North Africa, Afghanistan & Pakistan",High income,2009,Prince Khalifa bin Salman Al Khalifa,10.0,10.0,0.0,0.0,4.54,59.0
BHR,BH,Bahrain,"Middle East, North Africa, Afghanistan & Pakistan",High income,2010,Prince Khalifa bin Salman Al Khalifa,11.0,11.0,0.0,0.0,4.54,58.8
BHR,BH,Bahrain,"Middle East, North Africa, Afghanistan & Pakistan",High income,2011,Prince Khalifa bin Salman Al Khalifa,12.0,12.0,0.0,0.0,4.54,59.0
BHR,BH,Bahrain,"Middle East, North Africa, Afghanistan & Pakistan",High income,2012,Prince Khalifa bin Salman Al Khalifa,13.0,13.0,0.0,0.0,4.63,62.2
BHR,BH,Bahrain,"Middle East, North Africa, Afghanistan & Pakistan",High income,2013,Prince Khalifa bin Salman Al Khalifa,14.0,14.0,0.0,0.0,4.45,62.9
BHR,BH,Bahrain,"Middle East, North Africa, Afghanistan & Pakistan",High income,2014,Prince Khalifa bin Salman Al Khalifa,15.0,15.0,0.0,0.0,4.48,64.7
BHR,BH,Bahrain,"Middle East, North Africa, Afghanistan & Pakistan",High income,2015,Prince Khalifa bin Salman Al Khalifa,16.0,16.0,0.0,0.0,4.52,64.4
BHR,BH,Bahrain,"Middle East, North Africa, Afghanistan & Pakistan",High income,2016,Prince Khalifa bin Salman Al Khalifa,17.0,17.0,0.0,0.0,4.47,63.4
BHR,BH,Bahrain,"Middle East, North Africa, Afghanistan & Pakistan",High income,2017,Prince Khalifa bin Salman Al Khalifa,18.0,18.0,0.0,0.0,4.54,64.9
BHR,BH,Bahrain,"Middle East, North Africa, Afghanistan & Pakistan",High income,2018,Prince Khalifa bin Salman Al Khalifa,19.0,19.0,0.0,0.0,,64.38675794712286
BHR,BH,Bahrain,"Middle East, North Africa, Afghanistan & Pakistan",High income,2019,Prince Khalifa bin Salman Al Khalifa,20.0,20.0,0.0,0.0,,63.8
BHR,BH,Bahrain,"Middle East, North Africa, Afghanistan & Pakistan",High income,2020,Salman bin Hamad Al Khalifa,1.0,10.5,1.0,0.0,,63.88791153504606
BHR,BH,Bahrain,"Middle East, North Africa, Afghanistan & Pakistan",High income,2021,Salman bin Hamad Al Khalifa,2.0,11.0,0.0,1.0,,66.7
BHR,BH,Bahrain,"Middle East, North Africa, Afghanistan & Pakistan",High income,2022,Salman bin Hamad Al Khalifa,3.0,11.5,0.0,1.0,,66.60000000000001
BHR,BH,Bahrain,"Middle East, North Africa, Afghanistan & Pakistan",High income,2023,Salman bin Hamad Al Khalifa,4.0,12.0,0.0,1.0,,65.1
BHR,BH,Bahrain,"Middle East, North Africa, Afghanistan & Pakistan",High income,2024,Salman bin Hamad Al Khalifa,5.0,12.5,0.0,1.0,,
BHS,BS,"Bahamas, The",Latin America & Caribbean,High income,2000,,,,,,,
BHS,BS,"Bahamas, The",Latin America & Caribbean,High income,2001,,,,,,,
BHS,BS,"Bahamas, The",Latin America & Caribbean,High income,2002,,,,,,,
BHS,BS,"Bahamas, The",Latin America & Caribbean,High income,2003,,,,,,,
BHS,BS,"Bahamas, The",Latin America & Caribbean,High income,2004,,,,,,,
BHS,BS,"Bahamas, The",Latin America & Caribbean,High income,2005,,,,,,,
BHS,BS,"Bahamas, The",Latin America & Caribbean,High income,2006,,,,,,,
BHS,BS,"Bahamas, The",Latin America & Caribbean,High income,2007,,,,,,,60.1
BHS,BS,"Bahamas, The",Latin America & Caribbean,High income,2008,,,,,,,60.5
BHS,BS,"Bahamas, The",Latin America & Caribbean,High income,2009,,,,,,,60.9
BHS,BS,"Bahamas, The",Latin America & Caribbean,High income,2010,,,,,,,58.9
BHS,BS,"Bahamas, The",Latin America & Caribbean,High income,2011,,,,,,,56.5
BHS,BS,"Bahamas, The",Latin America & Caribbean,High income,2012,,,,,,,55.1
BHS,BS,"Bahamas, The",Latin America & Caribbean,High income,2013,,,,,,,54.7
BHS,BS,"Bahamas, The",Latin America & Caribbean,High income,2014,,,,,,,54.1
BHS,BS,"Bahamas, The",Latin America & Caribbean,High income,2015,,,,,,,51.5
BHS,BS,"Bahamas, The",Latin America & Caribbean,High income,2016,,,,,,,51.6
BHS,BS,"Bahamas, The",Latin America & Caribbean,High income,2017,,,,,,,52.4
BHS,BS,"Bahamas, The",Latin America & Caribbean,High income,2018,,,,,,,49.99124184605109
BHS,BS,"Bahamas, The",Latin America & Caribbean,High income,2019,,,,,,,48.8
BHS,BS,"Bahamas, The",Latin America & Caribbean,High income,2020,,,,,,,49.86859355975667
BHS,BS,"Bahamas, The",Latin America & Caribbean,High income,2021,,,,,,,52.400000000000006
BHS,BS,"Bahamas, The",Latin America & Caribbean,High income,2022,,,,,,,50.6
BHS,BS,"Bahamas, The",Latin America & Caribbean,High income,2023,,,,,,,49.2
BHS,BS,"Bahamas, The",Latin America & Caribbean,High income,2024,,,,,,,
BIH,BA,Bosnia and Herzegovina,Europe & Central Asia,Upper middle income,2000,Martin Raguž,1.0,1.0,0.0,0.0,,
BIH,BA,Bosnia and Herzegovina,Europe & Central Asia,Upper middle income,2001,Zlatko Lagumdžija,1.0,1.0,1.0,0.0,,
BIH,BA,Bosnia and Herzegovina,Europe & Central Asia,Upper middle income,2002,Adnan Terzić,1.0,1.0,1.0,1.0,,
BIH,BA,Bosnia and Herzegovina,Europe & Central Asia,Upper middle income,2003,Adnan Terzić,2.0,1.3333333333333333,0.0,2.0,,
BIH,BA,Bosnia and Herzegovina,Europe & Central Asia,Upper middle income,2004,Adnan Terzić,3.0,1.6666666666666667,0.0,2.0,,
BIH,BA,Bosnia and Herzegovina,Europe & Central Asia,Upper middle income,2005,Adnan Terzić,4.0,2.0,0.0,2.0,,
BIH,BA,Bosnia and Herzegovina,Europe & Central Asia,Upper middle income,2006,Adnan Terzić,5.0,2.3333333333333335,0.0,2.0,,88.5
BIH,BA,Bosnia and Herzegovina,Europe & Central Asia,Upper middle income,2007,Nikola Špirić,1.0,2.0,1.0,1.0,3.55,84.5
BIH,BA,Bosnia and Herzegovina,Europe & Central Asia,Upper middle income,2008,Nikola Špirić,2.0,2.25,0.0,1.0,3.56,84.3
BIH,BA,Bosnia and Herzegovina,Europe & Central Asia,Upper middle income,2009,Nikola Špirić,3.0,2.5,0.0,1.0,3.53,83.3
BIH,BA,Bosnia and Herzegovina,Europe & Central Asia,Upper middle income,2010,Nikola Špirić,4.0,2.75,0.0,1.0,3.7,83.5
BIH,BA,Bosnia and Herzegovina,Europe & Central Asia,Upper middle income,2011,Nikola Špirić,5.0,3.0,0.0,1.0,3.83,80.9
BIH,BA,Bosnia and Herzegovina,Europe & Central Asia,Upper middle income,2012,Vjekoslav Bevanda,1.0,2.6,1.0,1.0,3.93,77.9
BIH,BA,Bosnia and Herzegovina,Europe & Central Asia,Upper middle income,2013,Vjekoslav Bevanda,2.0,2.8,0.0,1.0,4.02,76.5
BIH,BA,Bosnia and Herzegovina,Europe & Central Asia,Upper middle income,2014,Vjekoslav Bevanda,3.0,3.0,0.0,1.0,,75.9
BIH,BA,Bosnia and Herzegovina,Europe & Central Asia,Upper middle income,2015,Denis Zvizdić,1.0,2.6666666666666665,1.0,1.0,3.71,77.4
BIH,BA,Bosnia and Herzegovina,Europe & Central Asia,Upper middle income,2016,Denis Zvizdić,2.0,2.8333333333333335,0.0,2.0,3.8,74.6
BIH,BA,Bosnia and Herzegovina,Europe & Central Asia,Upper middle income,2017,Denis Zvizdić,3.0,3.0,0.0,2.0,3.87,73.0
BIH,BA,Bosnia and Herzegovina,Europe & Central Asia,Upper middle income,2018,Denis Zvizdić,4.0,3.1666666666666665,0.0,1.0,,71.33654613766848
BIH,BA,Bosnia and Herzegovina,Europe & Central Asia,Upper middle income,2019,Zoran Tegeltija,1.0,2.857142857142857,1.0,1.0,,71.3
BIH,BA,Bosnia and Herzegovina,Europe & Central Asia,Upper middle income,2020,Zoran Tegeltija,2.0,3.0,0.0,2.0,,70.22040622293711
BIH,BA,Bosnia and Herzegovina,Europe & Central Asia,Upper middle income,2021,Zoran Tegeltija,3.0,3.142857142857143,0.0,1.0,,72.89999999999999
BIH,BA,Bosnia and Herzegovina,Europe & Central Asia,Upper middle income,2022,Zoran Tegeltija,4.0,3.2857142857142856,0.0,1.0,,73.0
BIH,BA,Bosnia and Herzegovina,Europe & Central Asia,Upper middle income,2023,Borjana Krišto,1.0,3.0,1.0,1.0,,72.3
BIH,BA,Bosnia and Herzegovina,Europe & Central Asia,Upper middle income,2024,Borjana Krišto,2.0,3.125,0.0,2.0,,
BLR,BY,Belarus,Europe & Central Asia,Upper middle income,2000,Uladzimir Vasilyevich Jarmoshyn,1.0,1.0,0.0,0.0,,
BLR,BY,Belarus,Europe & Central Asia,Upper middle income,2001,Henadz Vasilyevich Navitski,1.0,1.0,1.0,0.0,,
BLR,BY,Belarus,Europe & Central Asia,Upper middle income,2002,Henadz Vasilyevich Navitski,2.0,1.5,0.0,1.0,,
BLR,BY,Belarus,Europe & Central Asia,Upper middle income,2003,Syarhey Syarheyevich Sidorski,1.0,1.3333333333333333,1.0,1.0,,
BLR,BY,Belarus,Europe & Central Asia,Upper middle income,2004,Syarhey Syarheyevich Sidorski,2.0,1.6666666666666667,0.0,2.0,,
BLR,BY,Belarus,Europe & Central Asia,Upper middle income,2005,Syarhey Syarheyevich Sidorski,3.0,2.0,0.0,2.0,,
BLR,BY,Belarus,Europe & Central Asia,Upper middle income,2006,Syarhey Syarheyevich Sidorski,4.0,2.3333333333333335,0.0,2.0,,84.5
BLR,BY,Belarus,Europe & Central Asia,Upper middle income,2007,Syarhey Syarheyevich Sidorski,5.0,2.6666666666666665,0.0,1.0,,85.2
BLR,BY,Belarus,Europe & Central Asia,Upper middle income,2008,Syarhey Syarheyevich Sidorski,6.0,3.0,0.0,1.0,,84.4
BLR,BY,Belarus,Europe & Central Asia,Upper middle income,2009,Syarhey Syarheyevich Sidorski,7.0,3.3333333333333335,0.0,0.0,,82.3
BLR,BY,Belarus,Europe & Central Asia,Upper middle income,2010,Mikhail Uladzimiravich Myasnikovich,1.0,2.75,1.0,0.0,,78.7
BLR,BY,Belarus,Europe & Central Asia,Upper middle income,2011,Mikhail Uladzimiravich Myasnikovich,2.0,3.0,0.0,1.0,,77.6
BLR,BY,Belarus,Europe & Central Asia,Upper middle income,2012,Mikhail Uladzimiravich Myasnikovich,3.0,3.25,0.0,1.0,,76.6
BLR,BY,Belarus,Europe & Central Asia,Upper middle income,2013,Mikhail Uladzimiravich Myasnikovich,4.0,3.5,0.0,1.0,,76.7
BLR,BY,Belarus,Europe & Central Asia,Upper middle income,2014,Andrey Uladzimiravich Kabyakow,1.0,3.0,1.0,1.0,,75.0
BLR,BY,Belarus,Europe & Central Asia,Upper middle income,2015,Andrey Uladzimiravich Kabyakow,2.0,3.2,0.0,2.0,,75.6
BLR,BY,Belarus,Europe & Central Asia,Upper middle income,2016,Andrey Uladzimiravich Kabyakow,3.0,3.4,0.0,1.0,,73.9
BLR,BY,Belarus,Europe & Central Asia,Upper middle income,2017,Andrey Uladzimiravich Kabyakow,4.0,3.6,0.0,1.0,,72.4
BLR,BY,Belarus,Europe & Central Asia,Upper middle income,2018,Sergei Rumas,1.0,3.1666666666666665,1.0,1.0,,70.54071433248335
BLR,BY,Belarus,Europe & Central Asia,Upper middle income,2019,Sergei Rumas,2.0,3.3333333333333335,0.0,2.0,,68.2
BLR,BY,Belarus,Europe & Central Asia,Upper middle income,2020,Roman Alexandrovich Golovchenko,1.0,3.0,1.0,1.0,,65.75186010132514
BLR,BY,Belarus,Europe & Central Asia,Upper middle income,2021,Roman Alexandrovich Golovchenko,2.0,3.142857142857143,0.0,2.0,,67.99999999999999
BLR,BY,Belarus,Europe & Central Asia,Upper middle income,2022,Roman Alexandrovich Golovchenko,3.0,3.2857142857142856,0.0,2.0,,68.69999999999999
BLR,BY,Belarus,Europe & Central Asia,Upper middle income,2023,Roman Alexandrovich Golovchenko,4.0,3.4285714285714284,0.0,2.0,,69.9
BLR,BY,Belarus,Europe & Central Asia,Upper middle income,2024,Roman Alexandrovich Golovchenko,5.0,3.5714285714285716,0.0,1.0,,
BLZ,BZ,Belize,Latin America & Caribbean,Upper middle income,2000,,,,,,,
BLZ,BZ,Belize,Latin America & Caribbean,Upper middle income,2001,,,,,,,
BLZ,BZ,Belize,Latin America & Caribbean,Upper middle income,2002,,,,,,,
BLZ,BZ,Belize,Latin America & Caribbean,Upper middle income,2003,,,,,,,
BLZ,BZ,Belize,Latin America & Caribbean,Upper middle income,2004,,,,,,,
BLZ,BZ,Belize,Latin America & Caribbean,Upper middle income,2005,,,,,,,
BLZ,BZ,Belize,Latin America & Caribbean,Upper middle income,2006,,,,,,,
BLZ,BZ,Belize,Latin America & Caribbean,Upper middle income,2007,,,,,,,69.8
BLZ,BZ,Belize,Latin America & Caribbean,Upper middle income,2008,,,,,,,70.2
BLZ,BZ,Belize,Latin America & Caribbean,Upper middle income,2009,,,,,,,69.5
BLZ,BZ,Belize,Latin America & Caribbean,Upper middle income,2010,,,,,,,68.7
BLZ,BZ,Belize,Latin America & Caribbean,Upper middle income,2011,,,,,,3.52,67.7
BLZ,BZ,Belize,Latin America & Caribbean,Upper middle income,2012,,,,,,,67.2
BLZ,BZ,Belize,Latin America & Caribbean,Upper middle income,2013,,,,,,,67.2
BLZ,BZ,Belize,Latin America & Caribbean,Upper middle income,2014,,,,,,,67.0
BLZ,BZ,Belize,Latin America & Caribbean,Upper middle income,2015,,,,,,,65.3
BLZ,BZ,Belize,Latin America & Caribbean,Upper middle income,2016,,,,,,,66.0
BLZ,BZ,Belize,Latin America & Caribbean,Upper middle income,2017,,,,,,,65.5
BLZ,BZ,Belize,Latin America & Caribbean,Upper middle income,2018,,,,,,,63.71214888532026
BLZ,BZ,Belize,Latin America & Caribbean,Upper middle income,2019,,,,,,,62.5
BLZ,BZ,Belize,Latin America & Caribbean,Upper middle income,2020,,,,,,,60.79466738189765
BLZ,BZ,Belize,Latin America & Caribbean,Upper middle income,2021,,,,,,,64.2
BLZ,BZ,Belize,Latin America & Caribbean,Upper middle income,2022,,,,,,,62.099999999999994
BLZ,BZ,Belize,Latin America & Caribbean,Upper middle income,2023,,,,,,,59.8
BLZ,BZ,Belize,Latin America & Caribbean,Upper middle income,2024,,,,,,,
BMU,BM,Bermuda,North America,High income,2000,,,,,,,
BMU,BM,Bermuda,North America,High income,2001,,,,,,,
BMU,BM,Bermuda,North America,High income,2002,,,,,,,
BMU,BM,Bermuda,North America,High income,2003,,,,,,,
BMU,BM,Bermuda,North America,High income,2004,,,,,,,
BMU,BM,Bermuda,North America,High income,2005,,,,,,,
BMU,BM,Bermuda,North America,High income,2006,,,,,,,
BMU,BM,Bermuda,North America,High income,2007,,,,,,,
BMU,BM,Bermuda,North America,High income,2008,,,,,,,
BMU,BM,Bermuda,North America,High income,2009,,,,,,,
BMU,BM,Bermuda,North America,High income,2010,,,,,,,
BMU,BM,Bermuda,North America,High income,2011,,,,,,,
BMU,BM,Bermuda,North America,High income,2012,,,,,,,
BMU,BM,Bermuda,North America,High income,2013,,,,,,,
BMU,BM,Bermuda,North America,High income,2014,,,,,,,
BMU,BM,Bermuda,North America,High income,2015,,,,,,,
BMU,BM,Bermuda,North America,High income,2016,,,,,,,
BMU,BM,Bermuda,North America,High income,2017,,,,,,,
BMU,BM,Bermuda,North America,High income,2018,,,,,,,
BMU,BM,Bermuda,North America,High income,2019,,,,,,,
BMU,BM,Bermuda,North America,High income,2020,,,,,,,
BMU,BM,Bermuda,North America,High income,2021,,,,,,,
BMU,BM,Bermuda,North America,High income,2022,,,,,,,
BMU,BM,Bermuda,North America,High income,2023,,,,,,,
BMU,BM,Bermuda,North America,High income,2024,,,,,,,
BOL,BO,Bolivia,Latin America & Caribbean,Lower middle income,2000,,,,0.0,0.0,,
BOL,BO,Bolivia,Latin America & Caribbean,Lower middle income,2001,,,,0.0,0.0,,
BOL,BO,Bolivia,Latin America & Caribbean,Lower middle income,2002,,,,0.0,0.0,,
BOL,BO,Bolivia,Latin America & Caribbean,Lower middle income,2003,,,,0.0,0.0,,
BOL,BO,Bolivia,Latin America & Caribbean,Lower middle income,2004,,,,0.0,0.0,,
BOL,BO,Bolivia,Latin America & Caribbean,Lower middle income,2005,,,,0.0,0.0,,
BOL,BO,Bolivia,Latin America & Caribbean,Lower middle income,2006,,,,0.0,0.0,,82.9
BOL,BO,Bolivia,Latin America & Caribbean,Lower middle income,2007,,,,0.0,0.0,3.55,82.0
BOL,BO,Bolivia,Latin America & Caribbean,Lower middle income,2008,,,,0.0,0.0,3.42,84.2
BOL,BO,Bolivia,Latin America & Caribbean,Lower middle income,2009,,,,0.0,0.0,3.42,86.3
BOL,BO,Bolivia,Latin America & Caribbean,Lower middle income,2010,,,,0.0,0.0,3.64,84.9
BOL,BO,Bolivia,Latin America & Caribbean,Lower middle income,2011,,,,0.0,0.0,3.82,82.9
BOL,BO,Bolivia,Latin America & Caribbean,Lower middle income,2012,,,,0.0,0.0,3.78,82.1
BOL,BO,Bolivia,Latin America & Caribbean,Lower middle income,2013,,,,0.0,0.0,3.84,80.8
BOL,BO,Bolivia,Latin America & Caribbean,Lower middle income,2014,,,,0.0,0.0,3.77,78.9
BOL,BO,Bolivia,Latin America & Caribbean,Lower middle income,2015,,,,0.0,0.0,3.6,78.1
BOL,BO,Bolivia,Latin America & Caribbean,Lower middle income,2016,,,,0.0,0.0,3.54,78.5
BOL,BO,Bolivia,Latin America & Caribbean,Lower middle income,2017,,,,0.0,0.0,,76.8
BOL,BO,Bolivia,Latin America & Caribbean,Lower middle income,2018,,,,0.0,0.0,,75.22337886150169
BOL,BO,Bolivia,Latin America & Caribbean,Lower middle income,2019,,,,0.0,0.0,,72.9
BOL,BO,Bolivia,Latin America & Caribbean,Lower middle income,2020,,,,0.0,0.0,,74.96686955912168
BOL,BO,Bolivia,Latin America & Caribbean,Lower middle income,2021,,,,0.0,0.0,,74.89999999999998
BOL,BO,Bolivia,Latin America & Caribbean,Lower middle income,2022,,,,0.0,0.0,,73.4
BOL,BO,Bolivia,Latin America & Caribbean,Lower middle income,2023,,,,0.0,0.0,,70.7
BOL,BO,Bolivia,Latin America & Caribbean,Lower middle income,2024,,,,0.0,0.0,,
BRA,BR,Brazil,Latin America & Caribbean,Upper middle income,2000,,,,0.0,0.0,,
BRA,BR,Brazil,Latin America & Caribbean,Upper middle income,2001,,,,0.0,0.0,,
BRA,BR,Brazil,Latin America & Caribbean,Upper middle income,2002,,,,0.0,0.0,,
BRA,BR,Brazil,Latin America & Caribbean,Upper middle income,2003,,,,0.0,0.0,,
BRA,BR,Brazil,Latin America & Caribbean,Upper middle income,2004,,,,0.0,0.0,,
BRA,BR,Brazil,Latin America & Caribbean,Upper middle income,2005,,,,0.0,0.0,,
BRA,BR,Brazil,Latin America & Caribbean,Upper middle income,2006,,,,0.0,0.0,,63.1
BRA,BR,Brazil,Latin America & Caribbean,Upper middle income,2007,,,,0.0,0.0,3.99,66.9
BRA,BR,Brazil,Latin America & Caribbean,Upper middle income,2008,,,,0.0,0.0,4.13,67.6
BRA,BR,Brazil,Latin America & Caribbean,Upper middle income,2009,,,,0.0,0.0,4.23,69.1
BRA,BR,Brazil,Latin America & Caribbean,Upper middle income,2010,,,,0.0,0.0,4.28,67.4
BRA,BR,Brazil,Latin America & Caribbean,Upper middle income,2011,,,,0.0,0.0,4.32,65.1
BRA,BR,Brazil,Latin America & Caribbean,Upper middle income,2012,,,,0.0,0.0,4.4,64.1
BRA,BR,Brazil,Latin America & Caribbean,Upper middle income,2013,,,,0.0,0.0,4.33,62.1
BRA,BR,Brazil,Latin America & Caribbean,Upper middle income,2014,,,,0.0,0.0,4.34,61.4
BRA,BR,Brazil,Latin America & Caribbean,Upper middle income,2015,,,,0.0,0.0,4.08,62.7
BRA,BR,Brazil,Latin America & Caribbean,Upper middle income,2016,,,,0.0,0.0,4.06,65.3
BRA,BR,Brazil,Latin America & Caribbean,Upper middle income,2017,,,,0.0,0.0,4.14,68.2
BRA,BR,Brazil,Latin America & Caribbean,Upper middle income,2018,,,,0.0,0.0,,68.7131308082741
BRA,BR,Brazil,Latin America & Caribbean,Upper middle income,2019,,,,0.0,0.0,,71.8
BRA,BR,Brazil,Latin America & Caribbean,Upper middle income,2020,,,,0.0,0.0,,72.99411372588226
BRA,BR,Brazil,Latin America & Caribbean,Upper middle income,2021,,,,0.0,0.0,,75.79999999999998
BRA,BR,Brazil,Latin America & Caribbean,Upper middle income,2022,,,,0.0,0.0,,73.9
BRA,BR,Brazil,Latin America & Caribbean,Upper middle income,2023,,,,0.0,0.0,,74.5
BRA,BR,Brazil,Latin America & Caribbean,Upper middle income,2024,,,,0.0,0.0,,
BRB,BB,Barbados,Latin America & Caribbean,High income,2000,Owen Seymour Arthur,1.0,1.0,0.0,0.0,,
BRB,BB,Barbados,Latin America & Caribbean,High income,2001,Owen Seymour Arthur,2.0,2.0,0.0,0.0,,
BRB,BB,Barbados,Latin America & Caribbean,High income,2002,Owen Seymour Arthur,3.0,3.0,0.0,0.0,,
BRB,BB,Barbados,Latin America & Caribbean,High income,2003,Owen Seymour Arthur,4.0,4.0,0.0,0.0,,
BRB,BB,Barbados,Latin America & Caribbean,High income,2004,Owen Seymour Arthur,5.0,5.0,0.0,0.0,,
BRB,BB,Barbados,Latin America & Caribbean,High income,2005,Owen Seymour Arthur,6.0,6.0,0.0,0.0,,
BRB,BB,Barbados,Latin America & Caribbean,High income,2006,Owen Seymour Arthur,7.0,7.0,0.0,0.0,,
BRB,BB,Barbados,Latin America & Caribbean,High income,2007,Owen Seymour Arthur,8.0,8.0,0.0,0.0,4.32,59.9
BRB,BB,Barbados,Latin America & Caribbean,High income,2008,David Thompson,1.0,4.5,1.0,0.0,4.4,58.5
BRB,BB,Barbados,Latin America & Caribbean,High income,2009,David Thompson,2.0,5.0,0.0,1.0,4.35,57.2
BRB,BB,Barbados,Latin America & Caribbean,High income,2010,Freundel Stuart,1.0,3.6666666666666665,1.0,1.0,4.45,55.4
BRB,BB,Barbados,Latin America & Caribbean,High income,2011,Freundel Stuart,2.0,4.0,0.0,2.0,4.44,52.8
BRB,BB,Barbados,Latin America & Caribbean,High income,2012,Freundel Stuart,3.0,4.333333333333333,0.0,2.0,4.42,52.0
BRB,BB,Barbados,Latin America & Caribbean,High income,2013,Freundel Stuart,4.0,4.666666666666667,0.0,2.0,4.42,50.8
BRB,BB,Barbados,Latin America & Caribbean,High income,2014,Freundel Stuart,5.0,5.0,0.0,1.0,4.36,51.4
BRB,BB,Barbados,Latin America & Caribbean,High income,2015,Freundel Stuart,6.0,5.333333333333333,0.0,1.0,,49.3
BRB,BB,Barbados,Latin America & Caribbean,High income,2016,Freundel Stuart,7.0,5.666666666666667,0.0,0.0,4.19,49.0
BRB,BB,Barbados,Latin America & Caribbean,High income,2017,Freundel Stuart,8.0,6.0,0.0,0.0,,49.6
BRB,BB,Barbados,Latin America & Caribbean,High income,2018,Mia Amor Mottley,1.0,4.75,1.0,0.0,,48.18332936752863
BRB,BB,Barbados,Latin America & Caribbean,High income,2019,Mia Amor Mottley,2.0,5.0,0.0,1.0,,48.0
BRB,BB,Barbados,Latin America & Caribbean,High income,2020,Mia Amor Mottley,3.0,5.25,0.0,1.0,,46.40725753500914
BRB,BB,Barbados,Latin America & Caribbean,High income,2021,Mia Amor Mottley,4.0,5.5,0.0,1.0,,46.99999999999999
BRB,BB,Barbados,Latin America & Caribbean,High income,2022,Mia Amor Mottley,5.0,5.75,0.0,1.0,,45.9
BRB,BB,Barbados,Latin America & Caribbean,High income,2023,Mia Amor Mottley,6.0,6.0,0.0,1.0,,45.400000000000006
BRB,BB,Barbados,Latin America & Caribbean,High income,2024,Mia Amor Mottley,7.0,6.25,0.0,0.0,,
BRN,BN,Brunei Darussalam,East Asia & Pacific,High income,2000,,,,,,,
BRN,BN,Brunei Darussalam,East Asia & Pacific,High income,2001,,,,,,,
BRN,BN,Brunei Darussalam,East Asia & Pacific,High income,2002,,,,,,,
BRN,BN,Brunei Darussalam,East Asia & Pacific,High income,2003,,,,,,,
BRN,BN,Brunei Darussalam,East Asia & Pacific,High income,2004,,,,,,,
BRN,BN,Brunei Darussalam,East Asia & Pacific,High income,2005,,,,,,,
BRN,BN,Brunei Darussalam,East Asia & Pacific,High income,2006,,,,,,,
BRN,BN,Brunei Darussalam,East Asia & Pacific,High income,2007,,,,,,,71.2
BRN,BN,Brunei Darussalam,East Asia & Pacific,High income,2008,,,,,,4.54,68.5
BRN,BN,Brunei Darussalam,East Asia & Pacific,High income,2009,,,,,,4.64,68.1
BRN,BN,Brunei Darussalam,East Asia & Pacific,High income,2010,,,,,,4.75,67.6
BRN,BN,Brunei Darussalam,East Asia & Pacific,High income,2011,,,,,,4.78,65.8
BRN,BN,Brunei Darussalam,East Asia & Pacific,High income,2012,,,,,,4.87,64.1
BRN,BN,Brunei Darussalam,East Asia & Pacific,High income,2013,,,,,,4.95,63.2
BRN,BN,Brunei Darussalam,East Asia & Pacific,High income,2014,,,,,,,63.6
BRN,BN,Brunei Darussalam,East Asia & Pacific,High income,2015,,,,,,,63.0
BRN,BN,Brunei Darussalam,East Asia & Pacific,High income,2016,,,,,,4.35,62.0
BRN,BN,Brunei Darussalam,East Asia & Pacific,High income,2017,,,,,,4.52,61.6
BRN,BN,Brunei Darussalam,East Asia & Pacific,High income,2018,,,,,,,59.80623958429162
BRN,BN,Brunei Darussalam,East Asia & Pacific,High income,2019,,,,,,,57.5
BRN,BN,Brunei Darussalam,East Asia & Pacific,High income,2020,,,,,,,56.60002751710281
BRN,BN,Brunei Darussalam,East Asia & Pacific,High income,2021,,,,,,,56.3
BRN,BN,Brunei Darussalam,East Asia & Pacific,High income,2022,,,,,,,55.099999999999994
BRN,BN,Brunei Darussalam,East Asia & Pacific,High income,2023,,,,,,,54.699999999999996
BRN,BN,Brunei Darussalam,East Asia & Pacific,High income,2024,,,,,,,
BTN,BT,Bhutan,South Asia,Lower middle income,2000,Lyonpo Yeshey Zimba,1.0,1.0,0.0,0.0,,
BTN,BT,Bhutan,South Asia,Lower middle income,2001,Lyonpo Khandu Wangchuk,1.0,1.0,1.0,0.0,,
BTN,BT,Bhutan,South Asia,Lower middle income,2002,Lyonpo Kinzang Dorji,1.0,1.0,1.0,1.0,,
BTN,BT,Bhutan,South Asia,Lower middle income,2003,Lyonpo Jigmi Thinley,1.0,1.0,1.0,2.0,,
BTN,BT,Bhutan,South Asia,Lower middle income,2004,Lyonpo Yeshey Zimba,1.0,1.0,1.0,3.0,,
BTN,BT,Bhutan,South Asia,Lower middle income,2005,Lyonpo Sangay Ngedup,1.0,1.0,1.0,4.0,,
BTN,BT,Bhutan,South Asia,Lower middle income,2006,Lyonpo Khandu Wangchuk,1.0,1.0,1.0,5.0,,87.9
BTN,BT,Bhutan,South Asia,Lower middle income,2007,Lyonpo Kinzang Dorji,1.0,1.0,1.0,5.0,,86.4
BTN,BT,Bhutan,South Asia,Lower middle income,2008,Lyonchen Jigmi Thinley,1.0,1.0,1.0,5.0,,85.4
BTN,BT,Bhutan,South Asia,Lower middle income,2009,Lyonchen Jigmi Thinley,2.0,1.1111111111111112,0.0,5.0,,87.3
BTN,BT,Bhutan,South Asia,Lower middle income,2010,Lyonchen Jigmi Thinley,3.0,1.2222222222222223,0.0,4.0,,87.3
BTN,BT,Bhutan,South Asia,Lower middle income,2011,Lyonchen Jigmi Thinley,4.0,1.3333333333333333,0.0,3.0,,85.0
BTN,BT,Bhutan,South Asia,Lower middle income,2012,Lyonchen Jigmi Thinley,5.0,1.4444444444444444,0.0,2.0,,82.4
BTN,BT,Bhutan,South Asia,Lower middle income,2013,Lyonchen Tshering Tobgay,1.0,1.4,1.0,1.0,3.73,81.8
BTN,BT,Bhutan,South Asia,Lower middle income,2014,Lyonchen Tshering Tobgay,2.0,1.5,0.0,1.0,3.8,80.9
BTN,BT,Bhutan,South Asia,Lower middle income,2015,Lyonchen Tshering Tobgay,3.0,1.6,0.0,1.0,3.8,78.7
BTN,BT,Bhutan,South Asia,Lower middle income,2016,Lyonchen Tshering Tobgay,4.0,1.7,0.0,1.0,3.87,77.6
BTN,BT,Bhutan,South Asia,Lower middle income,2017,Lyonchen Tshering Tobgay,5.0,1.8,0.0,1.0,4.1,76.0
BTN,BT,Bhutan,South Asia,Lower middle income,2018,Lotay Tshering,1.0,1.7272727272727273,1.0,1.0,,74.27398470769302
BTN,BT,Bhutan,South Asia,Lower middle income,2019,Lotay Tshering,2.0,1.8181818181818181,0.0,1.0,,72.0
BTN,BT,Bhutan,South Asia,Lower middle income,2020,Lotay Tshering,3.0,1.9090909090909092,0.0,1.0,,69.50902262964706
BTN,BT,Bhutan,South Asia,Lower middle income,2021,Lotay Tshering,4.0,2.0,0.0,1.0,,68.3
BTN,BT,Bhutan,South Asia,Lower middle income,2022,Lotay Tshering,5.0,2.090909090909091,0.0,1.0,,67.39999999999999
BTN,BT,Bhutan,South Asia,Lower middle income,2023,Chogyal Dago Rigdzin,1.0,2.0,1.0,1.0,,66.4
BTN,BT,Bhutan,South Asia,Lower middle income,2024,Tshering Tobgay,1.0,1.9230769230769231,1.0,1.0,,
BWA,BW,Botswana,Sub-Saharan Africa,Upper middle income,2000,,,,0.0,0.0,,
BWA,BW,Botswana,Sub-Saharan Africa,Upper middle income,2001,,,,0.0,0.0,,
BWA,BW,Botswana,Sub-Saharan Africa,Upper middle income,2002,,,,0.0,0.0,,
BWA,BW,Botswana,Sub-Saharan Africa,Upper middle income,2003,,,,0.0,0.0,,
BWA,BW,Botswana,Sub-Saharan Africa,Upper middle income,2004,,,,0.0,0.0,,
BWA,BW,Botswana,Sub-Saharan Africa,Upper middle income,2005,,,,0.0,0.0,,
BWA,BW,Botswana,Sub-Saharan Africa,Upper middle income,2006,,,,0.0,0.0,,66.9
BWA,BW,Botswana,Sub-Saharan Africa,Upper middle income,2007,,,,0.0,0.0,3.96,66.4
BWA,BW,Botswana,Sub-Saharan Africa,Upper middle income,2008,,,,0.0,0.0,4.25,65.9
BWA,BW,Botswana,Sub-Saharan Africa,Upper middle income,2009,,,,0.0,0.0,4.08,68.8
BWA,BW,Botswana,Sub-Saharan Africa,Upper middle income,2010,,,,0.0,0.0,4.05,68.6
BWA,BW,Botswana,Sub-Saharan Africa,Upper middle income,2011,,,,0.0,0.0,4.05,67.9
BWA,BW,Botswana,Sub-Saharan Africa,Upper middle income,2012,,,,0.0,0.0,4.06,66.5
BWA,BW,Botswana,Sub-Saharan Africa,Upper middle income,2013,,,,0.0,0.0,4.13,64.0
BWA,BW,Botswana,Sub-Saharan Africa,Upper middle income,2014,,,,0.0,0.0,4.15,64.5
BWA,BW,Botswana,Sub-Saharan Africa,Upper middle income,2015,,,,0.0,0.0,4.19,62.8
BWA,BW,Botswana,Sub-Saharan Africa,Upper middle income,2016,,,,0.0,0.0,4.29,63.5
BWA,BW,Botswana,Sub-Saharan Africa,Upper middle income,2017,,,,0.0,0.0,4.3,63.8
BWA,BW,Botswana,Sub-Saharan Africa,Upper middle income,2018,,,,0.0,0.0,,61.98745014345976
BWA,BW,Botswana,Sub-Saharan Africa,Upper middle income,2019,,,,0.0,0.0,,59.5
BWA,BW,Botswana,Sub-Saharan Africa,Upper middle income,2020,,,,0.0,0.0,,57.07123296987986
BWA,BW,Botswana,Sub-Saharan Africa,Upper middle income,2021,,,,0.0,0.0,,56.99999999999999
BWA,BW,Botswana,Sub-Saharan Africa,Upper middle income,2022,,,,0.0,0.0,,56.1
BWA,BW,Botswana,Sub-Saharan Africa,Upper middle income,2023,,,,0.0,0.0,,55.29999999999999
BWA,BW,Botswana,Sub-Saharan Africa,Upper middle income,2024,,,,0.0,0.0,,
CAF,CF,Central African Republic,Sub-Saharan Africa,Low income,2000,Anicet-Georges Dologuélé,1.0,1.0,0.0,0.0,,
CAF,CF,Central African Republic,Sub-Saharan Africa,Low income,2001,Martin Ziguélé,1.0,1.0,1.0,0.0,,
CAF,CF,Central African Republic,Sub-Saharan Africa,Low income,2002,Martin Ziguélé,2.0,1.5,0.0,1.0,,
CAF,CF,Central African Republic,Sub-Saharan Africa,Low income,2003,Célestin Leroy Gaombalet,1.0,1.3333333333333333,1.0,1.0,,
CAF,CF,Central African Republic,Sub-Saharan Africa,Low income,2004,Célestin Leroy Gaombalet,2.0,1.6666666666666667,0.0,2.0,,
CAF,CF,Central African Republic,Sub-Saharan Africa,Low income,2005,Élie Doté,1.0,1.5,1.0,2.0,,
CAF,CF,Central African Republic,Sub-Saharan Africa,Low income,2006,Élie Doté,2.0,1.75,0.0,3.0,,97.5
CAF,CF,Central African Republic,Sub-Saharan Africa,Low income,2007,Élie Doté,3.0,2.0,0.0,2.0,,101.0
CAF,CF,Central African Republic,Sub-Saharan Africa,Low income,2008,Faustin-Archange Touadéra,1.0,1.8,1.0,2.0,,103.7
CAF,CF,Central African Republic,Sub-Saharan Africa,Low income,2009,Faustin-Archange Touadéra,2.0,2.0,0.0,2.0,,105.4
CAF,CF,Central African Republic,Sub-Saharan Africa,Low income,2010,Faustin-Archange Touadéra,3.0,2.2,0.0,2.0,,106.4
CAF,CF,Central African Republic,Sub-Saharan Africa,Low income,2011,Faustin-Archange Touadéra,4.0,2.4,0.0,1.0,,105.0
CAF,CF,Central African Republic,Sub-Saharan Africa,Low income,2012,Faustin-Archange Touadéra,5.0,2.6,0.0,1.0,,103.8
CAF,CF,Central African Republic,Sub-Saharan Africa,Low income,2013,Nicolas Tiangaye,1.0,2.3333333333333335,1.0,1.0,,105.3
CAF,CF,Central African Republic,Sub-Saharan Africa,Low income,2014,Mahamat Kamoun,1.0,2.142857142857143,1.0,1.0,,110.6
CAF,CF,Central African Republic,Sub-Saharan Africa,Low income,2015,Mahamat Kamoun,2.0,2.2857142857142856,0.0,2.0,,111.9
CAF,CF,Central African Republic,Sub-Saharan Africa,Low income,2016,Simplice Sarandji,1.0,2.125,1.0,2.0,,112.1
CAF,CF,Central African Republic,Sub-Saharan Africa,Low income,2017,Simplice Sarandji,2.0,2.25,0.0,3.0,,112.6
CAF,CF,Central African Republic,Sub-Saharan Africa,Low income,2018,Simplice Sarandji,3.0,2.375,0.0,3.0,,111.12634461231347
CAF,CF,Central African Republic,Sub-Saharan Africa,Low income,2019,Firmin Ngrébada,1.0,2.2222222222222223,1.0,2.0,,108.9
CAF,CF,Central African Republic,Sub-Saharan Africa,Low income,2020,Firmin Ngrébada,2.0,2.3333333333333335,0.0,2.0,,107.48660467238278
CAF,CF,Central African Republic,Sub-Saharan Africa,Low income,2021,Henri Marie Dondra,1.0,2.2,1.0,2.0,,107.0
CAF,CF,Central African Republic,Sub-Saharan Africa,Low income,2022,Félix Moloua,1.0,2.090909090909091,1.0,2.0,,108.10000000000001
CAF,CF,Central African Republic,Sub-Saharan Africa,Low income,2023,Félix Moloua,2.0,2.1818181818181817,0.0,3.0,,105.70000000000002
CAF,CF,Central African Republic,Sub-Saharan Africa,Low income,2024,Félix Moloua,3.0,2.272727272727273,0.0,3.0,,
CAN,CA,Canada,North America,High income,2000,Joseph Jacques Jean Chrétien,1.0,1.0,0.0,0.0,,
CAN,CA,Canada,North America,High income,2001,Joseph Jacques Jean Chrétien,2.0,2.0,0.0,0.0,,
CAN,CA,Canada,North America,High income,2002,Joseph Jacques Jean Chrétien,3.0,3.0,0.0,0.0,,
CAN,CA,Canada,North America,High income,2003,Paul Martin Jr.,1.0,2.0,1.0,0.0,,
CAN,CA,Canada,North America,High income,2004,Paul Martin Jr.,2.0,2.5,0.0,1.0,,
CAN,CA,Canada,North America,High income,2005,Paul Martin Jr.,3.0,3.0,0.0,1.0,,
CAN,CA,Canada,North America,High income,2006,Stephen Harper,1.0,2.3333333333333335,1.0,1.0,,23.1
CAN,CA,Canada,North America,High income,2007,Stephen Harper,2.0,2.6666666666666665,0.0,2.0,5.34,25.1
CAN,CA,Canada,North America,High income,2008,Stephen Harper,3.0,3.0,0.0,2.0,5.37,26.3
CAN,CA,Canada,North America,High income,2009,Stephen Harper,4.0,3.3333333333333335,0.0,1.0,5.33,27.7
CAN,CA,Canada,North America,High income,2010,Stephen Harper,5.0,3.6666666666666665,0.0,1.0,5.3,27.9
CAN,CA,Canada,North America,High income,2011,Stephen Harper,6.0,4.0,0.0,1.0,5.33,27.7
CAN,CA,Canada,North America,High income,2012,Stephen Harper,7.0,4.333333333333333,0.0,0.0,5.27,26.8
CAN,CA,Canada,North America,High income,2013,Stephen Harper,8.0,4.666666666666667,0.0,0.0,5.2,26.0
CAN,CA,Canada,North America,High income,2014,Stephen Harper,9.0,5.0,0.0,0.0,5.24,27.4
CAN,CA,Canada,North America,High income,2015,Justin Trudeau,1.0,4.0,1.0,0.0,5.31,25.6
CAN,CA,Canada,North America,High income,2016,Justin Trudeau,2.0,4.25,0.0,1.0,5.27,23.8
CAN,CA,Canada,North America,High income,2017,Justin Trudeau,3.0,4.5,0.0,1.0,5.35,22.6
CAN,CA,Canada,North America,High income,2018,Justin Trudeau,4.0,4.75,0.0,1.0,,21.505583938323312
CAN,CA,Canada,North America,High income,2019,Justin Trudeau,5.0,5.0,0.0,1.0,,20.0
CAN,CA,Canada,North America,High income,2020,Justin Trudeau,6.0,5.25,0.0,1.0,,18.668898507980952
CAN,CA,Canada,North America,High income,2021,Justin Trudeau,7.0,5.5,0.0,0.0,,21.7
CAN,CA,Canada,North America,High income,2022,Justin Trudeau,8.0,5.75,0.0,0.0,,20.099999999999998
CAN,CA,Canada,North America,High income,2023,Justin Trudeau,9.0,6.0,0.0,0.0,,18.9
CAN,CA,Canada,North America,High income,2024,Justin Trudeau,10.0,6.25,0.0,0.0,,
CHE,CH,Switzerland,Europe & Central Asia,High income,2000,,,,0.0,0.0,,
CHE,CH,Switzerland,Europe & Central Asia,High income,2001,,,,0.0,0.0,,
CHE,CH,Switzerland,Europe & Central Asia,High income,2002,,,,0.0,0.0,,
CHE,CH,Switzerland,Europe & Central Asia,High income,2003,,,,0.0,0.0,,
CHE,CH,Switzerland,Europe & Central Asia,High income,2004,,,,0.0,0.0,,
CHE,CH,Switzerland,Europe & Central Asia,High income,2005,,,,0.0,0.0,,
CHE,CH,Switzerland,Europe & Central Asia,High income,2006,,,,0.0,0.0,,18.7
CHE,CH,Switzerland,Europe & Central Asia,High income,2007,,,,0.0,0.0,5.62,20.2
CHE,CH,Switzerland,Europe & Central Asia,High income,2008,,,,0.0,0.0,5.61,20.3
CHE,CH,Switzerland,Europe & Central Asia,High income,2009,,,,0.0,0.0,5.6,21.2
CHE,CH,Switzerland,Europe & Central Asia,High income,2010,,,,0.0,0.0,5.63,21.8
CHE,CH,Switzerland,Europe & Central Asia,High income,2011,,,,0.0,0.0,5.74,23.2
CHE,CH,Switzerland,Europe & Central Asia,High income,2012,,,,0.0,0.0,5.72,23.3
CHE,CH,Switzerland,Europe & Central Asia,High income,2013,,,,0.0,0.0,5.67,21.5
CHE,CH,Switzerland,Europe & Central Asia,High income,2014,,,,0.0,0.0,5.7,23.3
CHE,CH,Switzerland,Europe & Central Asia,High income,2015,,,,0.0,0.0,5.76,22.3
CHE,CH,Switzerland,Europe & Central Asia,High income,2016,,,,0.0,0.0,5.81,21.8
CHE,CH,Switzerland,Europe & Central Asia,High income,2017,,,,0.0,0.0,5.86,21.1
CHE,CH,Switzerland,Europe & Central Asia,High income,2018,,,,0.0,0.0,,19.20952631375106
CHE,CH,Switzerland,Europe & Central Asia,High income,2019,,,,0.0,0.0,,18.7
CHE,CH,Switzerland,Europe & Central Asia,High income,2020,,,,0.0,0.0,,17.094085702623488
CHE,CH,Switzerland,Europe & Central Asia,High income,2021,,,,0.0,0.0,,19.900000000000002
CHE,CH,Switzerland,Europe & Central Asia,High income,2022,,,,0.0,0.0,,18.900000000000002
CHE,CH,Switzerland,Europe & Central Asia,High income,2023,,,,0.0,0.0,,17.799999999999997
CHE,CH,Switzerland,Europe & Central Asia,High income,2024,,,,0.0,0.0,,
CHI,JG,Channel Islands,Europe & Central Asia,High income,2000,,,,,,,
CHI,JG,Channel Islands,Europe & Central Asia,High income,2001,,,,,,,
CHI,JG,Channel Islands,Europe & Central Asia,High income,2002,,,,,,,
CHI,JG,Channel Islands,Europe & Central Asia,High income,2003,,,,,,,
CHI,JG,Channel Islands,Europe & Central Asia,High income,2004,,,,,,,
CHI,JG,Channel Islands,Europe & Central Asia,High income,2005,,,,,,,
CHI,JG,Channel Islands,Europe & Central Asia,High income,2006,,,,,,,
CHI,JG,Channel Islands,Europe & Central Asia,High income,2007,,,,,,,
CHI,JG,Channel Islands,Europe & Central Asia,High income,2008,,,,,,,
CHI,JG,Channel Islands,Europe & Central Asia,High income,2009,,,,,,,
CHI,JG,Channel Islands,Europe & Central Asia,High income,2010,,,,,,,
CHI,JG,Channel Islands,Europe & Central Asia,High income,2011,,,,,,,
CHI,JG,Channel Islands,Europe & Central Asia,High income,2012,,,,,,,
CHI,JG,Channel Islands,Europe & Central Asia,High income,2013,,,,,,,
CHI,JG,Channel Islands,Europe & Central Asia,High income,2014,,,,,,,
CHI,JG,Channel Islands,Europe & Central Asia,High income,2015,,,,,,,
CHI,JG,Channel Islands,Europe & Central Asia,High income,2016,,,,,,,
CHI,JG,Channel Islands,Europe & Central Asia,High income,2017,,,,,,,
CHI,JG,Channel Islands,Europe & Central Asia,High income,2018,,,,,,,
CHI,JG,Channel Islands,Europe & Central Asia,High income,2019,,,,,,,
CHI,JG,Channel Islands,Europe & Central Asia,High income,2020,,,,,,,
CHI,JG,Channel Islands,Europe & Central Asia,High income,2021,,,,,,,
CHI,JG,Channel Islands,Europe & Central Asia,High income,2022,,,,,,,
CHI,JG,Channel Islands,Europe & Central Asia,High income,2023,,,,,,,
CHI,JG,Channel Islands,Europe & Central Asia,High income,2024,,,,,,,
CHL,CL,Chile,Latin America & Caribbean,High income,2000,,,,0.0,0.0,,
CHL,CL,Chile,Latin America & Caribbean,High income,2001,,,,0.0,0.0,,
CHL,CL,Chile,Latin America & Caribbean,High income,2002,,,,0.0,0.0,,
CHL,CL,Chile,Latin America & Caribbean,High income,2003,,,,0.0,0.0,,
CHL,CL,Chile,Latin America & Caribbean,High income,2004,,,,0.0,0.0,,
CHL,CL,Chile,Latin America & Caribbean,High income,2005,,,,0.0,0.0,,
CHL,CL,Chile,Latin America & Caribbean,High income,2006,,,,0.0,0.0,,32.0
CHL,CL,Chile,Latin America & Caribbean,High income,2007,,,,0.0,0.0,4.77,33.8
CHL,CL,Chile,Latin America & Caribbean,High income,2008,,,,0.0,0.0,4.72,36.3
CHL,CL,Chile,Latin America & Caribbean,High income,2009,,,,0.0,0.0,4.7,37.5
CHL,CL,Chile,Latin America & Caribbean,High income,2010,,,,0.0,0.0,4.69,38.0
CHL,CL,Chile,Latin America & Caribbean,High income,2011,,,,0.0,0.0,4.7,40.7
CHL,CL,Chile,Latin America & Caribbean,High income,2012,,,,0.0,0.0,4.65,43.5
CHL,CL,Chile,Latin America & Caribbean,High income,2013,,,,0.0,0.0,4.61,42.3
CHL,CL,Chile,Latin America & Caribbean,High income,2014,,,,0.0,0.0,4.6,42.0
CHL,CL,Chile,Latin America & Caribbean,High income,2015,,,,0.0,0.0,4.58,41.5
CHL,CL,Chile,Latin America & Caribbean,High income,2016,,,,0.0,0.0,4.64,41.9
CHL,CL,Chile,Latin America & Caribbean,High income,2017,,,,0.0,0.0,4.71,41.1
CHL,CL,Chile,Latin America & Caribbean,High income,2018,,,,0.0,0.0,,40.69103612258534
CHL,CL,Chile,Latin America & Caribbean,High income,2019,,,,0.0,0.0,,38.9
CHL,CL,Chile,Latin America & Caribbean,High income,2020,,,,0.0,0.0,,42.51352691171396
CHL,CL,Chile,Latin America & Caribbean,High income,2021,,,,0.0,0.0,,44.099999999999994
CHL,CL,Chile,Latin America & Caribbean,High income,2022,,,,0.0,0.0,,43.199999999999996
CHL,CL,Chile,Latin America & Caribbean,High income,2023,,,,0.0,0.0,,42.2
CHL,CL,Chile,Latin America & Caribbean,High income,2024,,,,0.0,0.0,,
CHN,CN,China,East Asia & Pacific,Upper middle income,2000,Zhu Rongji,1.0,1.0,0.0,0.0,,
CHN,CN,China,East Asia & Pacific,Upper middle income,2001,Zhu Rongji,2.0,2.0,0.0,0.0,,
CHN,CN,China,East Asia & Pacific,Upper middle income,2002,Zhu Rongji,3.0,3.0,0.0,0.0,,
CHN,CN,China,East Asia & Pacific,Upper middle income,2003,Wen Jiabao,1.0,2.0,1.0,0.0,,
CHN,CN,China,East Asia & Pacific,Upper middle income,2004,Wen Jiabao,2.0,2.5,0.0,1.0,,
CHN,CN,China,East Asia & Pacific,Upper middle income,2005,Wen Jiabao,3.0,3.0,0.0,1.0,,
CHN,CN,China,East Asia & Pacific,Upper middle income,2006,Wen Jiabao,4.0,3.5,0.0,1.0,,82.5
CHN,CN,China,East Asia & Pacific,Upper middle income,2007,Wen Jiabao,5.0,4.0,0.0,1.0,4.57,81.2
CHN,CN,China,East Asia & Pacific,Upper middle income,2008,Wen Jiabao,6.0,4.5,0.0,1.0,4.7,80.3
CHN,CN,China,East Asia & Pacific,Upper middle income,2009,Wen Jiabao,7.0,5.0,0.0,0.0,4.74,84.6
CHN,CN,China,East Asia & Pacific,Upper middle income,2010,Wen Jiabao,8.0,5.5,0.0,0.0,4.84,83.0
CHN,CN,China,East Asia & Pacific,Upper middle income,2011,Wen Jiabao,9.0,6.0,0.0,0.0,4.9,80.1
CHN,CN,China,East Asia & Pacific,Upper middle income,2012,Wen Jiabao,10.0,6.5,0.0,0.0,4.83,78.3
CHN,CN,China,East Asia & Pacific,Upper middle income,2013,Li Keqiang,1.0,4.666666666666667,1.0,0.0,4.84,80.9
CHN,CN,China,East Asia & Pacific,Upper middle income,2014,Li Keqiang,2.0,5.0,0.0,1.0,4.89,79.0
CHN,CN,China,East Asia & Pacific,Upper middle income,2015,Li Keqiang,3.0,5.333333333333333,0.0,1.0,4.89,76.5
CHN,CN,China,East Asia & Pacific,Upper middle income,2016,Li Keqiang,4.0,5.666666666666667,0.0,1.0,4.95,74.9
CHN,CN,China,East Asia & Pacific,Upper middle income,2017,Li Keqiang,5.0,6.0,0.0,1.0,5.0,74.7
CHN,CN,China,East Asia & Pacific,Upper middle income,2018,Li Keqiang,6.0,6.333333333333333,0.0,1.0,,72.39504122741063
CHN,CN,China,East Asia & Pacific,Upper middle income,2019,Li Keqiang,7.0,6.666666666666667,0.0,0.0,,71.1
CHN,CN,China,East Asia & Pacific,Upper middle income,2020,Li Keqiang,8.0,7.0,0.0,0.0,,69.85878789983346
CHN,CN,China,East Asia & Pacific,Upper middle income,2021,Li Keqiang,9.0,7.333333333333333,0.0,0.0,,68.89999999999999
CHN,CN,China,East Asia & Pacific,Upper middle income,2022,Li Keqiang,10.0,7.666666666666667,0.0,0.0,,66.9
CHN,CN,China,East Asia & Pacific,Upper middle income,2023,Li Qiang,1.0,6.0,1.0,0.0,,65.1
CHN,CN,China,East Asia & Pacific,Upper middle income,2024,Li Qiang,2.0,6.25,0.0,1.0,,
CIV,CI,Cote d'Ivoire,Sub-Saharan Africa,Lower middle income,2000,Pascal Affi N'Guessan,1.0,1.0,0.0,0.0,,
CIV,CI,Cote d'Ivoire,Sub-Saharan Africa,Lower middle income,2001,Pascal Affi N'Guessan,2.0,2.0,0.0,0.0,,
CIV,CI,Cote d'Ivoire,Sub-Saharan Africa,Lower middle income,2002,Pascal Affi N'Guessan,3.0,3.0,0.0,0.0,,
CIV,CI,Cote d'Ivoire,Sub-Saharan Africa,Lower middle income,2003,Seydou Elimane Diarra,1.0,2.0,1.0,0.0,,
CIV,CI,Cote d'Ivoire,Sub-Saharan Africa,Lower middle income,2004,Seydou Elimane Diarra,2.0,2.5,0.0,1.0,,
CIV,CI,Cote d'Ivoire,Sub-Saharan Africa,Lower middle income,2005,Charles Konan Banny,1.0,2.0,1.0,1.0,,
CIV,CI,Cote d'Ivoire,Sub-Saharan Africa,Lower middle income,2006,Charles Konan Banny,2.0,2.3333333333333335,0.0,2.0,,109.2
CIV,CI,Cote d'Ivoire,Sub-Saharan Africa,Lower middle income,2007,Guillaume Kigbafori Soro,1.0,2.0,1.0,2.0,,107.3
CIV,CI,Cote d'Ivoire,Sub-Saharan Africa,Lower middle income,2008,Guillaume Kigbafori Soro,2.0,2.25,0.0,3.0,3.51,104.6
CIV,CI,Cote d'Ivoire,Sub-Saharan Africa,Lower middle income,2009,Guillaume Kigbafori Soro,3.0,2.5,0.0,2.0,3.43,102.5
CIV,CI,Cote d'Ivoire,Sub-Saharan Africa,Lower middle income,2010,Gilbert Marie N'gbo Aké,1.0,2.2,1.0,2.0,3.35,101.2
CIV,CI,Cote d'Ivoire,Sub-Saharan Africa,Lower middle income,2011,Guillaume Kigbafori Soro,1.0,2.0,1.0,2.0,3.37,102.8
CIV,CI,Cote d'Ivoire,Sub-Saharan Africa,Lower middle income,2012,Daniel Kablan Duncan,1.0,1.8571428571428572,1.0,3.0,3.36,103.6
CIV,CI,Cote d'Ivoire,Sub-Saharan Africa,Lower middle income,2013,Daniel Kablan Duncan,2.0,2.0,0.0,3.0,3.5,103.5
CIV,CI,Cote d'Ivoire,Sub-Saharan Africa,Lower middle income,2014,Daniel Kablan Duncan,3.0,2.142857142857143,0.0,3.0,3.67,101.7
CIV,CI,Cote d'Ivoire,Sub-Saharan Africa,Lower middle income,2015,Daniel Kablan Duncan,4.0,2.2857142857142856,0.0,3.0,3.93,100.1
CIV,CI,Cote d'Ivoire,Sub-Saharan Africa,Lower middle income,2016,Daniel Kablan Duncan,5.0,2.4285714285714284,0.0,2.0,3.86,97.9
CIV,CI,Cote d'Ivoire,Sub-Saharan Africa,Lower middle income,2017,Amadou Gon Coulibaly,1.0,2.25,1.0,1.0,,96.5
CIV,CI,Cote d'Ivoire,Sub-Saharan Africa,Lower middle income,2018,Amadou Gon Coulibaly,2.0,2.375,0.0,1.0,,94.56151916975632
CIV,CI,Cote d'Ivoire,Sub-Saharan Africa,Lower middle income,2019,Amadou Gon Coulibaly,3.0,2.5,0.0,1.0,,92.1
CIV,CI,Cote d'Ivoire,Sub-Saharan Africa,Lower middle income,2020,Hamed Bakayoko,1.0,2.3333333333333335,1.0,1.0,,89.72267369142226
CIV,CI,Cote d'Ivoire,Sub-Saharan Africa,Lower middle income,2021,Patrick Jérôme Achi,1.0,2.2,1.0,2.0,,90.69999999999999
CIV,CI,Cote d'Ivoire,Sub-Saharan Africa,Lower middle income,2022,Patrick Jérôme Achi,2.0,2.3,0.0,3.0,,89.60000000000001
CIV,CI,Cote d'Ivoire,Sub-Saharan Africa,Lower middle income,2023,Robert Beugré Mambé,1.0,2.1818181818181817,1.0,2.0,,87.10000000000001
CIV,CI,Cote d'Ivoire,Sub-Saharan Africa,Lower middle income,2024,Robert Beugré Mambé,2.0,2.272727272727273,0.0,3.0,,
CMR,CM,Cameroon,Sub-Saharan Africa,Lower middle income,2000,Peter Mafany Musonge,1.0,1.0,0.0,0.0,,
CMR,CM,Cameroon,Sub-Saharan Africa,Lower middle income,2001,Peter Mafany Musonge,2.0,2.0,0.0,0.0,,
CMR,CM,Cameroon,Sub-Saharan Africa,Lower middle income,2002,Peter Mafany Musonge,3.0,3.0,0.0,0.0,,
CMR,CM,Cameroon,Sub-Saharan Africa,Lower middle income,2003,Peter Mafany Musonge,4.0,4.0,0.0,0.0,,
CMR,CM,Cameroon,Sub-Saharan Africa,Lower middle income,2004,Ephraïm Inoni,1.0,2.5,1.0,0.0,,
CMR,CM,Cameroon,Sub-Saharan Africa,Lower middle income,2005,Ephraïm Inoni,2.0,3.0,0.0,1.0,,
CMR,CM,Cameroon,Sub-Saharan Africa,Lower middle income,2006,Ephraïm Inoni,3.0,3.5,0.0,1.0,,88.4
CMR,CM,Cameroon,Sub-Saharan Africa,Lower middle income,2007,Ephraïm Inoni,4.0,4.0,0.0,1.0,3.37,89.4
CMR,CM,Cameroon,Sub-Saharan Africa,Lower middle income,2008,Ephraïm Inoni,5.0,4.5,0.0,1.0,3.48,91.2
CMR,CM,Cameroon,Sub-Saharan Africa,Lower middle income,2009,Philémon Yunji Yang,1.0,3.3333333333333335,1.0,1.0,3.5,95.3
CMR,CM,Cameroon,Sub-Saharan Africa,Lower middle income,2010,Philémon Yunji Yang,2.0,3.6666666666666665,0.0,1.0,3.58,95.4
CMR,CM,Cameroon,Sub-Saharan Africa,Lower middle income,2011,Philémon Yunji Yang,3.0,4.0,0.0,1.0,3.61,94.6
CMR,CM,Cameroon,Sub-Saharan Africa,Lower middle income,2012,Philémon Yunji Yang,4.0,4.333333333333333,0.0,1.0,3.69,93.1
CMR,CM,Cameroon,Sub-Saharan Africa,Lower middle income,2013,Philémon Yunji Yang,5.0,4.666666666666667,0.0,1.0,3.68,93.5
CMR,CM,Cameroon,Sub-Saharan Africa,Lower middle income,2014,Philémon Yunji Yang,6.0,5.0,0.0,1.0,3.66,93.1
CMR,CM,Cameroon,Sub-Saharan Africa,Lower middle income,2015,Philémon Yunji Yang,7.0,5.333333333333333,0.0,0.0,3.69,94.3
CMR,CM,Cameroon,Sub-Saharan Africa,Lower middle income,2016,Philémon Yunji Yang,8.0,5.666666666666667,0.0,0.0,3.58,97.8
CMR,CM,Cameroon,Sub-Saharan Africa,Lower middle income,2017,Philémon Yunji Yang,9.0,6.0,0.0,0.0,3.65,95.6
CMR,CM,Cameroon,Sub-Saharan Africa,Lower middle income,2018,Philémon Yunji Yang,10.0,6.333333333333333,0.0,0.0,,95.31218119378651
CMR,CM,Cameroon,Sub-Saharan Africa,Lower middle income,2019,Joseph Dion Ngute,1.0,5.0,1.0,0.0,,97.0
CMR,CM,Cameroon,Sub-Saharan Africa,Lower middle income,2020,Joseph Dion Ngute,2.0,5.25,0.0,1.0,,97.85508160571896
CMR,CM,Cameroon,Sub-Saharan Africa,Lower middle income,2021,Joseph Dion Ngute,3.0,5.5,0.0,1.0,,97.19999999999999
CMR,CM,Cameroon,Sub-Saharan Africa,Lower middle income,2022,Joseph Dion Ngute,4.0,5.75,0.0,1.0,,96.0
CMR,CM,Cameroon,Sub-Saharan Africa,Lower middle income,2023,Joseph Dion Ngute,5.0,6.0,0.0,1.0,,93.99999999999999
CMR,CM,Cameroon,Sub-Saharan Africa,Lower middle income,2024,Joseph Dion Ngute,6.0,6.25,0.0,1.0,,
COD,CD,"Congo, Dem. Rep.",Sub-Saharan Africa,Low income,2000,,,,0.0,0.0,,
COD,CD,"Congo, Dem. Rep.",Sub-Saharan Africa,Low income,2001,,,,0.0,0.0,,
COD,CD,"Congo, Dem. Rep.",Sub-Saharan Africa,Low income,2002,,,,0.0,0.0,,
COD,CD,"Congo, Dem. Rep.",Sub-Saharan Africa,Low income,2003,,,,0.0,0.0,,
COD,CD,"Congo, Dem. Rep.",Sub-Saharan Africa,Low income,2004,,,,0.0,0.0,,
COD,CD,"Congo, Dem. Rep.",Sub-Saharan Africa,Low income,2005,,,,0.0,0.0,,
COD,CD,"Congo, Dem. Rep.",Sub-Saharan Africa,Low income,2006,Antoine Gizenga,1.0,1.0,0.0,0.0,,110.1
COD,CD,"Congo, Dem. Rep.",Sub-Saharan Africa,Low income,2007,Antoine Gizenga,2.0,2.0,0.0,0.0,,105.5
COD,CD,"Congo, Dem. Rep.",Sub-Saharan Africa,Low income,2008,Adolphe Muzito,1.0,1.5,1.0,0.0,,106.7
COD,CD,"Congo, Dem. Rep.",Sub-Saharan Africa,Low income,2009,Adolphe Muzito,2.0,2.0,0.0,1.0,,108.7
COD,CD,"Congo, Dem. Rep.",Sub-Saharan Africa,Low income,2010,Adolphe Muzito,3.0,2.5,0.0,1.0,,109.9
COD,CD,"Congo, Dem. Rep.",Sub-Saharan Africa,Low income,2011,Adolphe Muzito,4.0,3.0,0.0,1.0,,108.2
COD,CD,"Congo, Dem. Rep.",Sub-Saharan Africa,Low income,2012,Augustin Matata Ponyo Mapon,1.0,2.3333333333333335,1.0,1.0,,111.2
COD,CD,"Congo, Dem. Rep.",Sub-Saharan Africa,Low income,2013,Augustin Matata Ponyo Mapon,2.0,2.6666666666666665,0.0,2.0,,111.9
COD,CD,"Congo, Dem. Rep.",Sub-Saharan Africa,Low income,2014,Augustin Matata Ponyo Mapon,3.0,3.0,0.0,1.0,,110.2
COD,CD,"Congo, Dem. Rep.",Sub-Saharan Africa,Low income,2015,Augustin Matata Ponyo Mapon,4.0,3.3333333333333335,0.0,1.0,,109.7
COD,CD,"Congo, Dem. Rep.",Sub-Saharan Africa,Low income,2016,Samy Badibanga Ntita,1.0,2.75,1.0,1.0,3.29,110.0
COD,CD,"Congo, Dem. Rep.",Sub-Saharan Africa,Low income,2017,Bruno Tshibala Nzenze,1.0,2.4,1.0,2.0,3.27,110.0
COD,CD,"Congo, Dem. Rep.",Sub-Saharan Africa,Low income,2018,Bruno Tshibala Nzenze,2.0,2.6,0.0,2.0,,110.67036484651267
COD,CD,"Congo, Dem. Rep.",Sub-Saharan Africa,Low income,2019,Sylvestre Ilunga Ilukamba,1.0,2.3333333333333335,1.0,2.0,,110.2
COD,CD,"Congo, Dem. Rep.",Sub-Saharan Africa,Low income,2020,Sylvestre Ilunga Ilukamba,2.0,2.5,0.0,3.0,,109.39462095485345
COD,CD,"Congo, Dem. Rep.",Sub-Saharan Africa,Low income,2021,Jean-Michel Sama Lukonde,1.0,2.2857142857142856,1.0,3.0,,108.39999999999999
COD,CD,"Congo, Dem. Rep.",Sub-Saharan Africa,Low income,2022,Jean-Michel Sama Lukonde,2.0,2.4285714285714284,0.0,3.0,,107.29999999999998
COD,CD,"Congo, Dem. Rep.",Sub-Saharan Africa,Low income,2023,Jean-Michel Sama Lukonde,3.0,2.5714285714285716,0.0,2.0,,107.19999999999997
COD,CD,"Congo, Dem. Rep.",Sub-Saharan Africa,Low income,2024,Judith Suminwa Tuluka,1.0,2.375,1.0,2.0,,
COG,CG,"Congo, Rep.",Sub-Saharan Africa,Lower middle income,2000,,,,0.0,0.0,,
COG,CG,"Congo, Rep.",Sub-Saharan Africa,Lower middle income,2001,,,,0.0,0.0,,
COG,CG,"Congo, Rep.",Sub-Saharan Africa,Lower middle income,2002,,,,0.0,0.0,,
COG,CG,"Congo, Rep.",Sub-Saharan Africa,Lower middle income,2003,,,,0.0,0.0,,
COG,CG,"Congo, Rep.",Sub-Saharan Africa,Lower middle income,2004,,,,0.0,0.0,,
COG,CG,"Congo, Rep.",Sub-Saharan Africa,Lower middle income,2005,Isidore Mvouba,1.0,1.0,0.0,0.0,,
COG,CG,"Congo, Rep.",Sub-Saharan Africa,Lower middle income,2006,Isidore Mvouba,2.0,2.0,0.0,0.0,,
COG,CG,"Congo, Rep.",Sub-Saharan Africa,Lower middle income,2007,Isidore Mvouba,3.0,3.0,0.0,0.0,,93.0
COG,CG,"Congo, Rep.",Sub-Saharan Africa,Lower middle income,2008,Isidore Mvouba,4.0,4.0,0.0,0.0,,93.4
COG,CG,"Congo, Rep.",Sub-Saharan Africa,Lower middle income,2009,,,4.0,0.0,0.0,,93.1
COG,CG,"Congo, Rep.",Sub-Saharan Africa,Lower middle income,2010,,,4.0,0.0,0.0,,92.5
COG,CG,"Congo, Rep.",Sub-Saharan Africa,Lower middle income,2011,,,4.0,0.0,0.0,,91.4
COG,CG,"Congo, Rep.",Sub-Saharan Africa,Lower middle income,2012,,,4.0,0.0,0.0,,90.1
COG,CG,"Congo, Rep.",Sub-Saharan Africa,Lower middle income,2013,,,4.0,0.0,0.0,,90.0
COG,CG,"Congo, Rep.",Sub-Saharan Africa,Lower middle income,2014,,,4.0,0.0,0.0,,89.6
COG,CG,"Congo, Rep.",Sub-Saharan Africa,Lower middle income,2015,,,4.0,0.0,0.0,,90.8
COG,CG,"Congo, Rep.",Sub-Saharan Africa,Lower middle income,2016,Clément Mouamba,1.0,2.5,0.0,0.0,,92.2
COG,CG,"Congo, Rep.",Sub-Saharan Africa,Lower middle income,2017,Clément Mouamba,2.0,3.0,0.0,0.0,,93.4
COG,CG,"Congo, Rep.",Sub-Saharan Africa,Lower middle income,2018,Clément Mouamba,3.0,3.5,0.0,0.0,,93.12762985550377
COG,CG,"Congo, Rep.",Sub-Saharan Africa,Lower middle income,2019,Clément Mouamba,4.0,4.0,0.0,0.0,,92.5
COG,CG,"Congo, Rep.",Sub-Saharan Africa,Lower middle income,2020,Clément Mouamba,5.0,4.5,0.0,0.0,,92.06819972980338
COG,CG,"Congo, Rep.",Sub-Saharan Africa,Lower middle income,2021,Anatole Collinet Makosso,1.0,3.3333333333333335,1.0,0.0,,92.39999999999999
COG,CG,"Congo, Rep.",Sub-Saharan Africa,Lower middle income,2022,Anatole Collinet Makosso,2.0,3.6666666666666665,0.0,1.0,,92.2
COG,CG,"Congo, Rep.",Sub-Saharan Africa,Lower middle income,2023,Anatole Collinet Makosso,3.0,4.0,0.0,1.0,,90.7
COG,CG,"Congo, Rep.",Sub-Saharan Africa,Lower middle income,2024,Anatole Collinet Makosso,4.0,4.333333333333333,0.0,1.0,,
COL,CO,Colombia,Latin America & Caribbean,Upper middle income,2000,,,,0.0,0.0,,
COL,CO,Colombia,Latin America & Caribbean,Upper middle income,2001,,,,0.0,0.0,,
COL,CO,Colombia,Latin America & Caribbean,Upper middle income,2002,,,,0.0,0.0,,
COL,CO,Colombia,Latin America & Caribbean,Upper middle income,2003,,,,0.0,0.0,,
COL,CO,Colombia,Latin America & Caribbean,Upper middle income,2004,,,,0.0,0.0,,
COL,CO,Colombia,Latin America & Caribbean,Upper middle income,2005,,,,0.0,0.0,,
COL,CO,Colombia,Latin America & Caribbean,Upper middle income,2006,,,,0.0,0.0,,91.8
COL,CO,Colombia,Latin America & Caribbean,Upper middle income,2007,,,,0.0,0.0,4.04,89.7
COL,CO,Colombia,Latin America & Caribbean,Upper middle income,2008,,,,0.0,0.0,4.05,89.0
COL,CO,Colombia,Latin America & Caribbean,Upper middle income,2009,,,,0.0,0.0,4.05,89.2
COL,CO,Colombia,Latin America & Caribbean,Upper middle income,2010,,,,0.0,0.0,4.14,88.2
COL,CO,Colombia,Latin America & Caribbean,Upper middle income,2011,,,,0.0,0.0,4.2,87.0
COL,CO,Colombia,Latin America & Caribbean,Upper middle income,2012,,,,0.0,0.0,4.18,84.4
COL,CO,Colombia,Latin America & Caribbean,Upper middle income,2013,,,,0.0,0.0,4.19,83.8
COL,CO,Colombia,Latin America & Caribbean,Upper middle income,2014,,,,0.0,0.0,4.23,83.1
COL,CO,Colombia,Latin America & Caribbean,Upper middle income,2015,,,,0.0,0.0,4.28,82.5
COL,CO,Colombia,Latin America & Caribbean,Upper middle income,2016,,,,0.0,0.0,4.3,80.2
COL,CO,Colombia,Latin America & Caribbean,Upper middle income,2017,,,,0.0,0.0,4.29,78.9
COL,CO,Colombia,Latin America & Caribbean,Upper middle income,2018,,,,0.0,0.0,,76.62792958051614
COL,CO,Colombia,Latin America & Caribbean,Upper middle income,2019,,,,0.0,0.0,,75.7
COL,CO,Colombia,Latin America & Caribbean,Upper middle income,2020,,,,0.0,0.0,,76.61419215568088
COL,CO,Colombia,Latin America & Caribbean,Upper middle income,2021,,,,0.0,0.0,,79.3
COL,CO,Colombia,Latin America & Caribbean,Upper middle income,2022,,,,0.0,0.0,,78.39999999999999
COL,CO,Colombia,Latin America & Caribbean,Upper middle income,2023,,,,0.0,0.0,,78.1
COL,CO,Colombia,Latin America & Caribbean,Upper middle income,2024,,,,0.0,0.0,,
COM,KM,Comoros,Sub-Saharan Africa,Lower middle income,2000,Hamada Madi,1.0,1.0,0.0,0.0,,
COM,KM,Comoros,Sub-Saharan Africa,Lower middle income,2001,Hamada Madi,2.0,2.0,0.0,0.0,,
COM,KM,Comoros,Sub-Saharan Africa,Lower middle income,2002,,,2.0,0.0,0.0,,
COM,KM,Comoros,Sub-Saharan Africa,Lower middle income,2003,,,2.0,0.0,0.0,,
COM,KM,Comoros,Sub-Saharan Africa,Lower middle income,2004,,,2.0,0.0,0.0,,
COM,KM,Comoros,Sub-Saharan Africa,Lower middle income,2005,,,2.0,0.0,0.0,,
COM,KM,Comoros,Sub-Saharan Africa,Lower middle income,2006,,,2.0,0.0,0.0,,
COM,KM,Comoros,Sub-Saharan Africa,Lower middle income,2007,,,2.0,0.0,0.0,,77.8
COM,KM,Comoros,Sub-Saharan Africa,Lower middle income,2008,,,2.0,0.0,0.0,,79.6
COM,KM,Comoros,Sub-Saharan Africa,Lower middle income,2009,,,2.0,0.0,0.0,,86.3
COM,KM,Comoros,Sub-Saharan Africa,Lower middle income,2010,,,2.0,0.0,0.0,,85.1
COM,KM,Comoros,Sub-Saharan Africa,Lower middle income,2011,,,2.0,0.0,0.0,,83.8
COM,KM,Comoros,Sub-Saharan Africa,Lower middle income,2012,,,2.0,0.0,0.0,,83.0
COM,KM,Comoros,Sub-Saharan Africa,Lower middle income,2013,,,2.0,0.0,0.0,,84.0
COM,KM,Comoros,Sub-Saharan Africa,Lower middle income,2014,,,2.0,0.0,0.0,,85.1
COM,KM,Comoros,Sub-Saharan Africa,Lower middle income,2015,,,2.0,0.0,0.0,,83.3
COM,KM,Comoros,Sub-Saharan Africa,Lower middle income,2016,,,2.0,0.0,0.0,,83.8
COM,KM,Comoros,Sub-Saharan Africa,Lower middle income,2017,,,2.0,0.0,0.0,,84.8
COM,KM,Comoros,Sub-Saharan Africa,Lower middle income,2018,,,2.0,0.0,0.0,,82.62279134247851
COM,KM,Comoros,Sub-Saharan Africa,Lower middle income,2019,,,2.0,0.0,0.0,,81.7
COM,KM,Comoros,Sub-Saharan Africa,Lower middle income,2020,,,2.0,0.0,0.0,,81.24901232562686
COM,KM,Comoros,Sub-Saharan Africa,Lower middle income,2021,,,2.0,0.0,0.0,,82.49999999999999
COM,KM,Comoros,Sub-Saharan Africa,Lower middle income,2022,,,2.0,0.0,0.0,,82.3
COM,KM,Comoros,Sub-Saharan Africa,Lower middle income,2023,,,2.0,0.0,0.0,,82.2
COM,KM,Comoros,Sub-Saharan Africa,Lower middle income,2024,,,2.0,0.0,0.0,,
CPV,CV,Cabo Verde,Sub-Saharan Africa,Upper middle income,2000,António Gualberto do Rosário,1.0,1.0,0.0,0.0,,
CPV,CV,Cabo Verde,Sub-Saharan Africa,Upper middle income,2001,José Maria Pereira Neves,1.0,1.0,1.0,0.0,,
CPV,CV,Cabo Verde,Sub-Saharan Africa,Upper middle income,2002,José Maria Pereira Neves,2.0,1.5,0.0,1.0,,
CPV,CV,Cabo Verde,Sub-Saharan Africa,Upper middle income,2003,José Maria Pereira Neves,3.0,2.0,0.0,1.0,,
CPV,CV,Cabo Verde,Sub-Saharan Africa,Upper middle income,2004,José Maria Pereira Neves,4.0,2.5,0.0,1.0,,
CPV,CV,Cabo Verde,Sub-Saharan Africa,Upper middle income,2005,José Maria Pereira Neves,5.0,3.0,0.0,1.0,,
CPV,CV,Cabo Verde,Sub-Saharan Africa,Upper middle income,2006,José Maria Pereira Neves,6.0,3.5,0.0,1.0,,
CPV,CV,Cabo Verde,Sub-Saharan Africa,Upper middle income,2007,José Maria Pereira Neves,7.0,4.0,0.0,0.0,,81.1
CPV,CV,Cabo Verde,Sub-Saharan Africa,Upper middle income,2008,José Maria Pereira Neves,8.0,4.5,0.0,0.0,,80.7
CPV,CV,Cabo Verde,Sub-Saharan Africa,Upper middle income,2009,José Maria Pereira Neves,9.0,5.0,0.0,0.0,,78.5
CPV,CV,Cabo Verde,Sub-Saharan Africa,Upper middle income,2010,José Maria Pereira Neves,10.0,5.5,0.0,0.0,3.51,77.2
CPV,CV,Cabo Verde,Sub-Saharan Africa,Upper middle income,2011,José Maria Pereira Neves,11.0,6.0,0.0,0.0,3.58,75.8
CPV,CV,Cabo Verde,Sub-Saharan Africa,Upper middle income,2012,José Maria Pereira Neves,12.0,6.5,0.0,0.0,3.55,74.7
CPV,CV,Cabo Verde,Sub-Saharan Africa,Upper middle income,2013,José Maria Pereira Neves,13.0,7.0,0.0,0.0,3.53,73.7
CPV,CV,Cabo Verde,Sub-Saharan Africa,Upper middle income,2014,José Maria Pereira Neves,14.0,7.5,0.0,0.0,3.68,74.1
CPV,CV,Cabo Verde,Sub-Saharan Africa,Upper middle income,2015,José Maria Pereira Neves,15.0,8.0,0.0,0.0,3.7,73.5
CPV,CV,Cabo Verde,Sub-Saharan Africa,Upper middle income,2016,Ulisses Correia e Silva,1.0,5.666666666666667,1.0,0.0,3.76,71.5
CPV,CV,Cabo Verde,Sub-Saharan Africa,Upper middle income,2017,Ulisses Correia e Silva,2.0,6.0,0.0,1.0,3.76,70.1
CPV,CV,Cabo Verde,Sub-Saharan Africa,Upper middle income,2018,Ulisses Correia e Silva,3.0,6.333333333333333,0.0,1.0,,68.00000000000001
CPV,CV,Cabo Verde,Sub-Saharan Africa,Upper middle income,2019,Ulisses Correia e Silva,4.0,6.666666666666667,0.0,1.0,,66.6
CPV,CV,Cabo Verde,Sub-Saharan Africa,Upper middle income,2020,Ulisses Correia e Silva,5.0,7.0,0.0,1.0,,64.7781708998417
CPV,CV,Cabo Verde,Sub-Saharan Africa,Upper middle income,2021,Ulisses Correia e Silva,6.0,7.333333333333333,0.0,1.0,,64.2
CPV,CV,Cabo Verde,Sub-Saharan Africa,Upper middle income,2022,Ulisses Correia e Silva,7.0,7.666666666666667,0.0,0.0,,61.4
CPV,CV,Cabo Verde,Sub-Saharan Africa,Upper middle income,2023,Ulisses Correia e Silva,8.0,8.0,0.0,0.0,,60.1
CPV,CV,Cabo Verde,Sub-Saharan Africa,Upper middle income,2024,Ulisses Correia e Silva,9.0,8.333333333333334,0.0,0.0,,
CRI,CR,Costa Rica,Latin America & Caribbean,High income,2000,,,,0.0,0.0,,
CRI,CR,Costa Rica,Latin America & Caribbean,High income,2001,,,,0.0,0.0,,
CRI,CR,Costa Rica,Latin America & Caribbean,High income,2002,,,,0.0,0.0,,
CRI,CR,Costa Rica,Latin America & Caribbean,High income,2003,,,,0.0,0.0,,
CRI,CR,Costa Rica,Latin America & Caribbean,High income,2004,,,,0.0,0.0,,
CRI,CR,Costa Rica,Latin America & Caribbean,High income,2005,,,,0.0,0.0,,
CRI,CR,Costa Rica,Latin America & Caribbean,High income,2006,,,,0.0,0.0,,49.6
CRI,CR,Costa Rica,Latin America & Caribbean,High income,2007,,,,0.0,0.0,4.11,50.5
CRI,CR,Costa Rica,Latin America & Caribbean,High income,2008,,,,0.0,0.0,4.23,50.9
CRI,CR,Costa Rica,Latin America & Caribbean,High income,2009,,,,0.0,0.0,4.25,52.5
CRI,CR,Costa Rica,Latin America & Caribbean,High income,2010,,,,0.0,0.0,4.31,52.0
CRI,CR,Costa Rica,Latin America & Caribbean,High income,2011,,,,0.0,0.0,4.27,50.6
CRI,CR,Costa Rica,Latin America & Caribbean,High income,2012,,,,0.0,0.0,4.34,49.7
CRI,CR,Costa Rica,Latin America & Caribbean,High income,2013,,,,0.0,0.0,4.35,48.7
CRI,CR,Costa Rica,Latin America & Caribbean,High income,2014,,,,0.0,0.0,4.42,48.5
CRI,CR,Costa Rica,Latin America & Caribbean,High income,2015,,,,0.0,0.0,4.33,46.8
CRI,CR,Costa Rica,Latin America & Caribbean,High income,2016,,,,0.0,0.0,4.41,45.1
CRI,CR,Costa Rica,Latin America & Caribbean,High income,2017,,,,0.0,0.0,4.5,44.1
CRI,CR,Costa Rica,Latin America & Caribbean,High income,2018,,,,0.0,0.0,,43.236723940075855
CRI,CR,Costa Rica,Latin America & Caribbean,High income,2019,,,,0.0,0.0,,42.0
CRI,CR,Costa Rica,Latin America & Caribbean,High income,2020,,,,0.0,0.0,,40.184017849675776
CRI,CR,Costa Rica,Latin America & Caribbean,High income,2021,,,,0.0,0.0,,42.49999999999999
CRI,CR,Costa Rica,Latin America & Caribbean,High income,2022,,,,0.0,0.0,,41.0
CRI,CR,Costa Rica,Latin America & Caribbean,High income,2023,,,,0.0,0.0,,40.4
CRI,CR,Costa Rica,Latin America & Caribbean,High income,2024,,,,0.0,0.0,,
CUB,CU,Cuba,Latin America & Caribbean,Upper middle income,2000,,,,0.0,0.0,,
CUB,CU,Cuba,Latin America & Caribbean,Upper middle income,2001,,,,0.0,0.0,,
CUB,CU,Cuba,Latin America & Caribbean,Upper middle income,2002,,,,0.0,0.0,,
CUB,CU,Cuba,Latin America & Caribbean,Upper middle income,2003,,,,0.0,0.0,,
CUB,CU,Cuba,Latin America & Caribbean,Upper middle income,2004,,,,0.0,0.0,,
CUB,CU,Cuba,Latin America & Caribbean,Upper middle income,2005,,,,0.0,0.0,,
CUB,CU,Cuba,Latin America & Caribbean,Upper middle income,2006,,,,0.0,0.0,,81.9
CUB,CU,Cuba,Latin America & Caribbean,Upper middle income,2007,,,,0.0,0.0,,78.6
CUB,CU,Cuba,Latin America & Caribbean,Upper middle income,2008,,,,0.0,0.0,,78.6
CUB,CU,Cuba,Latin America & Caribbean,Upper middle income,2009,,,,0.0,0.0,,80.6
CUB,CU,Cuba,Latin America & Caribbean,Upper middle income,2010,,,,0.0,0.0,,79.4
CUB,CU,Cuba,Latin America & Caribbean,Upper middle income,2011,,,,0.0,0.0,,76.6
CUB,CU,Cuba,Latin America & Caribbean,Upper middle income,2012,,,,0.0,0.0,,73.1
CUB,CU,Cuba,Latin America & Caribbean,Upper middle income,2013,,,,0.0,0.0,,72.8
CUB,CU,Cuba,Latin America & Caribbean,Upper middle income,2014,,,,0.0,0.0,,70.8
CUB,CU,Cuba,Latin America & Caribbean,Upper middle income,2015,,,,0.0,0.0,,67.4
CUB,CU,Cuba,Latin America & Caribbean,Upper middle income,2016,,,,0.0,0.0,,66.3
CUB,CU,Cuba,Latin America & Caribbean,Upper middle income,2017,,,,0.0,0.0,,64.6
CUB,CU,Cuba,Latin America & Caribbean,Upper middle income,2018,,,,0.0,0.0,,62.89031679299263
CUB,CU,Cuba,Latin America & Caribbean,Upper middle income,2019,Manuel Marrero Cruz,1.0,1.0,0.0,0.0,,60.8
CUB,CU,Cuba,Latin America & Caribbean,Upper middle income,2020,Manuel Marrero Cruz,2.0,2.0,0.0,0.0,,59.227756982641615
CUB,CU,Cuba,Latin America & Caribbean,Upper middle income,2021,Manuel Marrero Cruz,3.0,3.0,0.0,0.0,,59.5
CUB,CU,Cuba,Latin America & Caribbean,Upper middle income,2022,Manuel Marrero Cruz,4.0,4.0,0.0,0.0,,60.10000000000001
CUB,CU,Cuba,Latin America & Caribbean,Upper middle income,2023,Manuel Marrero Cruz,5.0,5.0,0.0,0.0,,59.49999999999999
CUB,CU,Cuba,Latin America & Caribbean,Upper middle income,2024,Manuel Marrero Cruz,6.0,6.0,0.0,0.0,,
CUW,CW,Curacao,Latin America & Caribbean,High income,2000,,,,,,,
CUW,CW,Curacao,Latin America & Caribbean,High income,2001,,,,,,,
CUW,CW,Curacao,Latin America & Caribbean,High income,2002,,,,,,,
CUW,CW,Curacao,Latin America & Caribbean,High income,2003,,,,,,,
CUW,CW,Curacao,Latin America & Caribbean,High income,2004,,,,,,,
CUW,CW,Curacao,Latin America & Caribbean,High income,2005,,,,,,,
CUW,CW,Curacao,Latin America & Caribbean,High income,2006,,,,,,,
CUW,CW,Curacao,Latin America & Caribbean,High income,2007,,,,,,,
CUW,CW,Curacao,Latin America & Caribbean,High income,2008,,,,,,,
CUW,CW,Curacao,Latin America & Caribbean,High income,2009,,,,,,,
CUW,CW,Curacao,Latin America & Caribbean,High income,2010,,,,,,,
CUW,CW,Curacao,Latin America & Caribbean,High income,2011,,,,,,,
CUW,CW,Curacao,Latin America & Caribbean,High income,2012,,,,,,,
CUW,CW,Curacao,Latin America & Caribbean,High income,2013,,,,,,,
CUW,CW,Curacao,Latin America & Caribbean,High income,2014,,,,,,,
CUW,CW,Curacao,Latin America & Caribbean,High income,2015,,,,,,,
CUW,CW,Curacao,Latin America & Caribbean,High income,2016,,,,,,,
CUW,CW,Curacao,Latin America & Caribbean,High income,2017,,,,,,,
CUW,CW,Curacao,Latin America & Caribbean,High income,2018,,,,,,,
CUW,CW,Curacao,Latin America & Caribbean,High income,2019,,,,,,,
CUW,CW,Curacao,Latin America & Caribbean,High income,2020,,,,,,,
CUW,CW,Curacao,Latin America & Caribbean,High income,2021,,,,,,,
CUW,CW,Curacao,Latin America & Caribbean,High income,2022,,,,,,,
CUW,CW,Curacao,Latin America & Caribbean,High income,2023,,,,,,,
CUW,CW,Curacao,Latin America & Caribbean,High income,2024,,,,,,,
CYM,KY,Cayman Islands,Latin America & Caribbean,High income,2000,,,,,,,
CYM,KY,Cayman Islands,Latin America & Caribbean,High income,2001,,,,,,,
CYM,KY,Cayman Islands,Latin America & Caribbean,High income,2002,,,,,,,
CYM,KY,Cayman Islands,Latin America & Caribbean,High income,2003,,,,,,,
CYM,KY,Cayman Islands,Latin America & Caribbean,High income,2004,,,,,,,
CYM,KY,Cayman Islands,Latin America & Caribbean,High income,2005,,,,,,,
CYM,KY,Cayman Islands,Latin America & Caribbean,High income,2006,,,,,,,
CYM,KY,Cayman Islands,Latin America & Caribbean,High income,2007,,,,,,,
CYM,KY,Cayman Islands,Latin America & Caribbean,High income,2008,,,,,,,
CYM,KY,Cayman Islands,Latin America & Caribbean,High income,2009,,,,,,,
CYM,KY,Cayman Islands,Latin America & Caribbean,High income,2010,,,,,,,
CYM,KY,Cayman Islands,Latin America & Caribbean,High income,2011,,,,,,,
CYM,KY,Cayman Islands,Latin America & Caribbean,High income,2012,,,,,,,
CYM,KY,Cayman Islands,Latin America & Caribbean,High income,2013,,,,,,,
CYM,KY,Cayman Islands,Latin America & Caribbean,High income,2014,,,,,,,
CYM,KY,Cayman Islands,Latin America & Caribbean,High income,2015,,,,,,,
CYM,KY,Cayman Islands,Latin America & Caribbean,High income,2016,,,,,,,
CYM,KY,Cayman Islands,Latin America & Caribbean,High income,2017,,,,,,,
CYM,KY,Cayman Islands,Latin America & Caribbean,High income,2018,,,,,,,
CYM,KY,Cayman Islands,Latin America & Caribbean,High income,2019,,,,,,,
CYM,KY,Cayman Islands,Latin America & Caribbean,High income,2020,,,,,,,
CYM,KY,Cayman Islands,Latin America & Caribbean,High income,2021,,,,,,,
CYM,KY,Cayman Islands,Latin America & Caribbean,High income,2022,,,,,,,
CYM,KY,Cayman Islands,Latin America & Caribbean,High income,2023,,,,,,,
CYM,KY,Cayman Islands,Latin America & Caribbean,High income,2024,,,,,,,
CYP,CY,Cyprus,Europe & Central Asia,High income,2000,,,,0.0,0.0,,
CYP,CY,Cyprus,Europe & Central Asia,High income,2001,,,,0.0,0.0,,
CYP,CY,Cyprus,Europe & Central Asia,High income,2002,,,,0.0,0.0,,
CYP,CY,Cyprus,Europe & Central Asia,High income,2003,,,,0.0,0.0,,
CYP,CY,Cyprus,Europe & Central Asia,High income,2004,,,,0.0,0.0,,
CYP,CY,Cyprus,Europe & Central Asia,High income,2005,,,,0.0,0.0,,
CYP,CY,Cyprus,Europe & Central Asia,High income,2006,,,,0.0,0.0,,70.5
CYP,CY,Cyprus,Europe & Central Asia,High income,2007,,,,0.0,0.0,4.23,70.2
CYP,CY,Cyprus,Europe & Central Asia,High income,2008,,,,0.0,0.0,4.53,69.7
CYP,CY,Cyprus,Europe & Central Asia,High income,2009,,,,0.0,0.0,4.57,68.9
CYP,CY,Cyprus,Europe & Central Asia,High income,2010,,,,0.0,0.0,4.5,68.0
CYP,CY,Cyprus,Europe & Central Asia,High income,2011,,,,0.0,0.0,4.36,67.6
CYP,CY,Cyprus,Europe & Central Asia,High income,2012,,,,0.0,0.0,4.32,66.8
CYP,CY,Cyprus,Europe & Central Asia,High income,2013,,,,0.0,0.0,4.3,67.0
CYP,CY,Cyprus,Europe & Central Asia,High income,2014,,,,0.0,0.0,4.31,67.9
CYP,CY,Cyprus,Europe & Central Asia,High income,2015,,,,0.0,0.0,4.23,66.2
CYP,CY,Cyprus,Europe & Central Asia,High income,2016,,,,0.0,0.0,4.04,64.0
CYP,CY,Cyprus,Europe & Central Asia,High income,2017,,,,0.0,0.0,4.3,62.6
CYP,CY,Cyprus,Europe & Central Asia,High income,2018,,,,0.0,0.0,,60.286306956278125
CYP,CY,Cyprus,Europe & Central Asia,High income,2019,,,,0.0,0.0,,57.8
CYP,CY,Cyprus,Europe & Central Asia,High income,2020,,,,0.0,0.0,,56.05796495249495
CYP,CY,Cyprus,Europe & Central Asia,High income,2021,,,,0.0,0.0,,57.39999999999999
CYP,CY,Cyprus,Europe & Central Asia,High income,2022,,,,0.0,0.0,,56.900000000000006
CYP,CY,Cyprus,Europe & Central Asia,High income,2023,,,,0.0,0.0,,57.0
CYP,CY,Cyprus,Europe & Central Asia,High income,2024,,,,0.0,0.0,,
CZE,CZ,Czechia,Europe & Central Asia,High income,2000,Milos Zeman,1.0,1.0,0.0,0.0,,
CZE,CZ,Czechia,Europe & Central Asia,High income,2001,Milos Zeman,2.0,2.0,0.0,0.0,,
CZE,CZ,Czechia,Europe & Central Asia,High income,2002,Vladimír Spidla,1.0,1.5,1.0,0.0,,
CZE,CZ,Czechia,Europe & Central Asia,High income,2003,Vladimír Spidla,2.0,2.0,0.0,1.0,,
CZE,CZ,Czechia,Europe & Central Asia,High income,2004,Stanislav Gross,1.0,1.6666666666666667,1.0,1.0,,
CZE,CZ,Czechia,Europe & Central Asia,High income,2005,Jirí Paroubek,1.0,1.5,1.0,2.0,,
CZE,CZ,Czechia,Europe & Central Asia,High income,2006,Mirek Topolánek,1.0,1.4,1.0,3.0,,41.8
CZE,CZ,Czechia,Europe & Central Asia,High income,2007,Mirek Topolánek,2.0,1.6,0.0,4.0,4.58,42.1
CZE,CZ,Czechia,Europe & Central Asia,High income,2008,Mirek Topolánek,3.0,1.8,0.0,3.0,4.62,42.1
CZE,CZ,Czechia,Europe & Central Asia,High income,2009,Jan Fischer,1.0,1.6666666666666667,1.0,3.0,4.67,42.6
CZE,CZ,Czechia,Europe & Central Asia,High income,2010,Petr Necas,1.0,1.5714285714285714,1.0,3.0,4.57,41.5
CZE,CZ,Czechia,Europe & Central Asia,High income,2011,Petr Necas,2.0,1.7142857142857142,0.0,3.0,4.52,42.4
CZE,CZ,Czechia,Europe & Central Asia,High income,2012,Petr Necas,3.0,1.8571428571428572,0.0,2.0,4.51,39.5
CZE,CZ,Czechia,Europe & Central Asia,High income,2013,Petr Necas,4.0,2.0,0.0,2.0,4.43,39.9
CZE,CZ,Czechia,Europe & Central Asia,High income,2014,Bohuslav Sobotka,1.0,1.875,1.0,2.0,4.53,39.4
CZE,CZ,Czechia,Europe & Central Asia,High income,2015,Bohuslav Sobotka,2.0,2.0,0.0,2.0,4.69,37.4
CZE,CZ,Czechia,Europe & Central Asia,High income,2016,Bohuslav Sobotka,3.0,2.125,0.0,1.0,4.72,40.8
CZE,CZ,Czechia,Europe & Central Asia,High income,2017,Andrej Babiš,1.0,2.0,1.0,1.0,4.77,40.1
CZE,CZ,Czechia,Europe & Central Asia,High income,2018,Andrej Babiš,2.0,2.111111111111111,0.0,2.0,,39.047601456270876
CZE,CZ,Czechia,Europe & Central Asia,High income,2019,Andrej Babiš,3.0,2.2222222222222223,0.0,2.0,,37.6
CZE,CZ,Czechia,Europe & Central Asia,High income,2020,Andrej Babiš,4.0,2.3333333333333335,0.0,1.0,,35.74161611006048
CZE,CZ,Czechia,Europe & Central Asia,High income,2021,Petr Fiala,1.0,2.2,1.0,1.0,,39.300000000000004
CZE,CZ,Czechia,Europe & Central Asia,High income,2022,Petr Fiala,2.0,2.3,0.0,2.0,,39.89999999999999
CZE,CZ,Czechia,Europe & Central Asia,High income,2023,Petr Fiala,3.0,2.4,0.0,1.0,,40.199999999999996
CZE,CZ,Czechia,Europe & Central Asia,High income,2024,Petr Fiala,4.0,2.5,0.0,1.0,,
DEU,DE,Germany,Europe & Central Asia,High income,2000,Gerhard Schröder,1.0,1.0,0.0,0.0,,
DEU,DE,Germany,Europe & Central Asia,High income,2001,Gerhard Schröder,2.0,2.0,0.0,0.0,,
DEU,DE,Germany,Europe & Central Asia,High income,2002,Gerhard Schröder,3.0,3.0,0.0,0.0,,
DEU,DE,Germany,Europe & Central Asia,High income,2003,Gerhard Schröder,4.0,4.0,0.0,0.0,,
DEU,DE,Germany,Europe & Central Asia,High income,2004,Gerhard Schröder,5.0,5.0,0.0,0.0,,
DEU,DE,Germany,Europe & Central Asia,High income,2005,Angela Merkel,1.0,3.0,1.0,0.0,,
DEU,DE,Germany,Europe & Central Asia,High income,2006,Angela Merkel,2.0,3.5,0.0,1.0,,39.7
DEU,DE,Germany,Europe & Central Asia,High income,2007,Angela Merkel,3.0,4.0,0.0,1.0,5.51,38.4
DEU,DE,Germany,Europe & Central Asia,High income,2008,Angela Merkel,4.0,4.5,0.0,1.0,5.46,37.3
DEU,DE,Germany,Europe & Central Asia,High income,2009,Angela Merkel,5.0,5.0,0.0,1.0,5.37,36.2
DEU,DE,Germany,Europe & Central Asia,High income,2010,Angela Merkel,6.0,5.5,0.0,1.0,5.39,35.4
DEU,DE,Germany,Europe & Central Asia,High income,2011,Angela Merkel,7.0,6.0,0.0,0.0,5.41,33.9
DEU,DE,Germany,Europe & Central Asia,High income,2012,Angela Merkel,8.0,6.5,0.0,0.0,5.48,31.7
DEU,DE,Germany,Europe & Central Asia,High income,2013,Angela Merkel,9.0,7.0,0.0,0.0,5.51,29.7
DEU,DE,Germany,Europe & Central Asia,High income,2014,Angela Merkel,10.0,7.5,0.0,0.0,5.49,30.6
DEU,DE,Germany,Europe & Central Asia,High income,2015,Angela Merkel,11.0,8.0,0.0,0.0,5.53,28.1
DEU,DE,Germany,Europe & Central Asia,High income,2016,Angela Merkel,12.0,8.5,0.0,0.0,5.57,28.6
DEU,DE,Germany,Europe & Central Asia,High income,2017,Angela Merkel,13.0,9.0,0.0,0.0,5.65,28.1
DEU,DE,Germany,Europe & Central Asia,High income,2018,Angela Merkel,14.0,9.5,0.0,0.0,,25.83337235566515
DEU,DE,Germany,Europe & Central Asia,High income,2019,Angela Merkel,15.0,10.0,0.0,0.0,,24.7
DEU,DE,Germany,Europe & Central Asia,High income,2020,Angela Merkel,16.0,10.5,0.0,0.0,,23.188488518886743
DEU,DE,Germany,Europe & Central Asia,High income,2021,Olaf Scholz,1.0,7.333333333333333,1.0,0.0,,24.8
DEU,DE,Germany,Europe & Central Asia,High income,2022,Olaf Scholz,2.0,7.666666666666667,0.0,1.0,,23.6
DEU,DE,Germany,Europe & Central Asia,High income,2023,Olaf Scholz,3.0,8.0,0.0,1.0,,24.6
DEU,DE,Germany,Europe & Central Asia,High income,2024,Olaf Scholz,4.0,8.333333333333334,0.0,1.0,,
DJI,DJ,Djibouti,"Middle East, North Africa, Afghanistan & Pakistan",Lower middle income,2000,Barkat Gourad Hamadou,1.0,1.0,0.0,0.0,,
DJI,DJ,Djibouti,"Middle East, North Africa, Afghanistan & Pakistan",Lower middle income,2001,Dileita Mohamed Dileita,1.0,1.0,1.0,0.0,,
DJI,DJ,Djibouti,"Middle East, North Africa, Afghanistan & Pakistan",Lower middle income,2002,Dileita Mohamed Dileita,2.0,1.5,0.0,1.0,,
DJI,DJ,Djibouti,"Middle East, North Africa, Afghanistan & Pakistan",Lower middle income,2003,Dileita Mohamed Dileita,3.0,2.0,0.0,1.0,,
DJI,DJ,Djibouti,"Middle East, North Africa, Afghanistan & Pakistan",Lower middle income,2004,Dileita Mohamed Dileita,4.0,2.5,0.0,1.0,,
DJI,DJ,Djibouti,"Middle East, North Africa, Afghanistan & Pakistan",Lower middle income,2005,Dileita Mohamed Dileita,5.0,3.0,0.0,1.0,,
DJI,DJ,Djibouti,"Middle East, North Africa, Afghanistan & Pakistan",Lower middle income,2006,Dileita Mohamed Dileita,6.0,3.5,0.0,1.0,,
DJI,DJ,Djibouti,"Middle East, North Africa, Afghanistan & Pakistan",Lower middle income,2007,Dileita Mohamed Dileita,7.0,4.0,0.0,0.0,,80.3
DJI,DJ,Djibouti,"Middle East, North Africa, Afghanistan & Pakistan",Lower middle income,2008,Dileita Mohamed Dileita,8.0,4.5,0.0,0.0,,80.0
DJI,DJ,Djibouti,"Middle East, North Africa, Afghanistan & Pakistan",Lower middle income,2009,Dileita Mohamed Dileita,9.0,5.0,0.0,0.0,,80.6
DJI,DJ,Djibouti,"Middle East, North Africa, Afghanistan & Pakistan",Lower middle income,2010,Dileita Mohamed Dileita,10.0,5.5,0.0,0.0,,81.9
DJI,DJ,Djibouti,"Middle East, North Africa, Afghanistan & Pakistan",Lower middle income,2011,Dileita Mohamed Dileita,11.0,6.0,0.0,0.0,,82.6
DJI,DJ,Djibouti,"Middle East, North Africa, Afghanistan & Pakistan",Lower middle income,2012,Dileita Mohamed Dileita,12.0,6.5,0.0,0.0,,83.8
DJI,DJ,Djibouti,"Middle East, North Africa, Afghanistan & Pakistan",Lower middle income,2013,Abdoulkader Kamil Mohamed,1.0,4.666666666666667,1.0,0.0,,85.5
DJI,DJ,Djibouti,"Middle East, North Africa, Afghanistan & Pakistan",Lower middle income,2014,Abdoulkader Kamil Mohamed,2.0,5.0,0.0,1.0,,87.1
DJI,DJ,Djibouti,"Middle East, North Africa, Afghanistan & Pakistan",Lower middle income,2015,Abdoulkader Kamil Mohamed,3.0,5.333333333333333,0.0,1.0,,88.0
DJI,DJ,Djibouti,"Middle East, North Africa, Afghanistan & Pakistan",Lower middle income,2016,Abdoulkader Kamil Mohamed,4.0,5.666666666666667,0.0,1.0,,89.7
DJI,DJ,Djibouti,"Middle East, North Africa, Afghanistan & Pakistan",Lower middle income,2017,Abdoulkader Kamil Mohamed,5.0,6.0,0.0,1.0,,88.9
DJI,DJ,Djibouti,"Middle East, North Africa, Afghanistan & Pakistan",Lower middle income,2018,Abdoulkader Kamil Mohamed,6.0,6.333333333333333,0.0,1.0,,87.11477754799978
DJI,DJ,Djibouti,"Middle East, North Africa, Afghanistan & Pakistan",Lower middle income,2019,Abdoulkader Kamil Mohamed,7.0,6.666666666666667,0.0,0.0,,85.1
DJI,DJ,Djibouti,"Middle East, North Africa, Afghanistan & Pakistan",Lower middle income,2020,Abdoulkader Kamil Mohamed,8.0,7.0,0.0,0.0,,82.72548312161723
DJI,DJ,Djibouti,"Middle East, North Africa, Afghanistan & Pakistan",Lower middle income,2021,Abdoulkader Kamil Mohamed,9.0,7.333333333333333,0.0,0.0,,82.39999999999999
DJI,DJ,Djibouti,"Middle East, North Africa, Afghanistan & Pakistan",Lower middle income,2022,Abdoulkader Kamil Mohamed,10.0,7.666666666666667,0.0,0.0,,81.3
DJI,DJ,Djibouti,"Middle East, North Africa, Afghanistan & Pakistan",Lower middle income,2023,Abdoulkader Kamil Mohamed,11.0,8.0,0.0,0.0,,82.19999999999999
DJI,DJ,Djibouti,"Middle East, North Africa, Afghanistan & Pakistan",Lower middle income,2024,Abdoulkader Kamil Mohamed,12.0,8.333333333333334,0.0,0.0,,
DMA,DM,Dominica,Latin America & Caribbean,Upper middle income,2000,,,,,,,
DMA,DM,Dominica,Latin America & Caribbean,Upper middle income,2001,,,,,,,
DMA,DM,Dominica,Latin America & Caribbean,Upper middle income,2002,,,,,,,
DMA,DM,Dominica,Latin America & Caribbean,Upper middle income,2003,,,,,,,
DMA,DM,Dominica,Latin America & Caribbean,Upper middle income,2004,,,,,,,
DMA,DM,Dominica,Latin America & Caribbean,Upper middle income,2005,,,,,,,
DMA,DM,Dominica,Latin America & Caribbean,Upper middle income,2006,,,,,,,
DMA,DM,Dominica,Latin America & Caribbean,Upper middle income,2007,,,,,,,
DMA,DM,Dominica,Latin America & Caribbean,Upper middle income,2008,,,,,,,
DMA,DM,Dominica,Latin America & Caribbean,Upper middle income,2009,,,,,,,
DMA,DM,Dominica,Latin America & Caribbean,Upper middle income,2010,,,,,,,
DMA,DM,Dominica,Latin America & Caribbean,Upper middle income,2011,,,,,,,
DMA,DM,Dominica,Latin America & Caribbean,Upper middle income,2012,,,,,,,
DMA,DM,Dominica,Latin America & Caribbean,Upper middle income,2013,,,,,,,
DMA,DM,Dominica,Latin America & Caribbean,Upper middle income,2014,,,,,,,
DMA,DM,Dominica,Latin America & Caribbean,Upper middle income,2015,,,,,,,
DMA,DM,Dominica,Latin America & Caribbean,Upper middle income,2016,,,,,,,
DMA,DM,Dominica,Latin America & Caribbean,Upper middle income,2017,,,,,,,
DMA,DM,Dominica,Latin America & Caribbean,Upper middle income,2018,,,,,,,
DMA,DM,Dominica,Latin America & Caribbean,Upper middle income,2019,,,,,,,
DMA,DM,Dominica,Latin America & Caribbean,Upper middle income,2020,,,,,,,
DMA,DM,Dominica,Latin America & Caribbean,Upper middle income,2021,,,,,,,
DMA,DM,Dominica,Latin America & Caribbean,Upper middle income,2022,,,,,,,
DMA,DM,Dominica,Latin America & Caribbean,Upper middle income,2023,,,,,,,
DMA,DM,Dominica,Latin America & Caribbean,Upper middle income,2024,,,,,,,
DNK,DK,Denmark,Europe & Central Asia,High income,2000,Poul Nyrup Rasmussen,1.0,1.0,0.0,0.0,,
DNK,DK,Denmark,Europe & Central Asia,High income,2001,Anders Fogh Rasmussen,1.0,1.0,1.0,0.0,,
DNK,DK,Denmark,Europe & Central Asia,High income,2002,Anders Fogh Rasmussen,2.0,1.5,0.0,1.0,,
DNK,DK,Denmark,Europe & Central Asia,High income,2003,Anders Fogh Rasmussen,3.0,2.0,0.0,1.0,,
DNK,DK,Denmark,Europe & Central Asia,High income,2004,Anders Fogh Rasmussen,4.0,2.5,0.0,1.0,,
DNK,DK,Denmark,Europe & Central Asia,High income,2005,Anders Fogh Rasmussen,5.0,3.0,0.0,1.0,,
DNK,DK,Denmark,Europe & Central Asia,High income,2006,Anders Fogh Rasmussen,6.0,3.5,0.0,1.0,,24.8
DNK,DK,Denmark,Europe & Central Asia,High income,2007,Anders Fogh Rasmussen,7.0,4.0,0.0,0.0,5.55,22.2
DNK,DK,Denmark,Europe & Central Asia,High income,2008,Anders Fogh Rasmussen,8.0,4.5,0.0,0.0,5.58,21.5
DNK,DK,Denmark,Europe & Central Asia,High income,2009,Lars Løkke Rasmussen,1.0,3.3333333333333335,1.0,0.0,5.46,23.2
DNK,DK,Denmark,Europe & Central Asia,High income,2010,Lars Løkke Rasmussen,2.0,3.6666666666666665,0.0,1.0,5.32,22.9
DNK,DK,Denmark,Europe & Central Asia,High income,2011,Helle Thorning-Schmidt,1.0,3.0,1.0,1.0,5.4,23.8
DNK,DK,Denmark,Europe & Central Asia,High income,2012,Helle Thorning-Schmidt,2.0,3.25,0.0,2.0,5.29,23.0
DNK,DK,Denmark,Europe & Central Asia,High income,2013,Helle Thorning-Schmidt,3.0,3.5,0.0,2.0,5.18,21.9
DNK,DK,Denmark,Europe & Central Asia,High income,2014,Helle Thorning-Schmidt,4.0,3.75,0.0,2.0,5.29,22.8
DNK,DK,Denmark,Europe & Central Asia,High income,2015,Lars Loekke Rasmussen,1.0,3.2,1.0,1.0,5.33,21.4
DNK,DK,Denmark,Europe & Central Asia,High income,2016,Lars Loekke Rasmussen,2.0,3.4,0.0,2.0,5.35,21.5
DNK,DK,Denmark,Europe & Central Asia,High income,2017,Lars Loekke Rasmussen,3.0,3.6,0.0,1.0,5.39,21.5
DNK,DK,Denmark,Europe & Central Asia,High income,2018,Lars Loekke Rasmussen,4.0,3.8,0.0,1.0,,19.785177227543933
DNK,DK,Denmark,Europe & Central Asia,High income,2019,Mette Frederiksen,1.0,3.3333333333333335,1.0,1.0,,19.5
DNK,DK,Denmark,Europe & Central Asia,High income,2020,Mette Frederiksen,2.0,3.5,0.0,2.0,,17.213586679528063
DNK,DK,Denmark,Europe & Central Asia,High income,2021,Mette Frederiksen,3.0,3.6666666666666665,0.0,1.0,,18.8
DNK,DK,Denmark,Europe & Central Asia,High income,2022,Mette Frederiksen,4.0,3.8333333333333335,0.0,1.0,,18.099999999999998
DNK,DK,Denmark,Europe & Central Asia,High income,2023,Mette Frederiksen,5.0,4.0,0.0,1.0,,17.900000000000002
DNK,DK,Denmark,Europe & Central Asia,High income,2024,Mette Frederiksen,6.0,4.166666666666667,0.0,1.0,,
DOM,DO,Dominican Republic,Latin America & Caribbean,Upper middle income,2000,,,,0.0,0.0,,
DOM,DO,Dominican Republic,Latin America & Caribbean,Upper middle income,2001,,,,0.0,0.0,,
DOM,DO,Dominican Republic,Latin America & Caribbean,Upper middle income,2002,,,,0.0,0.0,,
DOM,DO,Dominican Republic,Latin America & Caribbean,Upper middle income,2003,,,,0.0,0.0,,
DOM,DO,Dominican Republic,Latin America & Caribbean,Upper middle income,2004,,,,0.0,0.0,,
DOM,DO,Dominican Republic,Latin America & Caribbean,Upper middle income,2005,,,,0.0,0.0,,
DOM,DO,Dominican Republic,Latin America & Caribbean,Upper middle income,2006,,,,0.0,0.0,,85.0
DOM,DO,Dominican Republic,Latin America & Caribbean,Upper middle income,2007,,,,0.0,0.0,3.65,80.6
DOM,DO,Dominican Republic,Latin America & Caribbean,Upper middle income,2008,,,,0.0,0.0,3.72,78.4
DOM,DO,Dominican Republic,Latin America & Caribbean,Upper middle income,2009,,,,0.0,0.0,3.75,77.7
DOM,DO,Dominican Republic,Latin America & Caribbean,Upper middle income,2010,,,,0.0,0.0,3.72,76.8
DOM,DO,Dominican Republic,Latin America & Caribbean,Upper middle income,2011,,,,0.0,0.0,3.73,76.9
DOM,DO,Dominican Republic,Latin America & Caribbean,Upper middle income,2012,,,,0.0,0.0,3.77,74.1
DOM,DO,Dominican Republic,Latin America & Caribbean,Upper middle income,2013,,,,0.0,0.0,3.76,73.2
DOM,DO,Dominican Republic,Latin America & Caribbean,Upper middle income,2014,,,,0.0,0.0,3.82,73.4
DOM,DO,Dominican Republic,Latin America & Caribbean,Upper middle income,2015,,,,0.0,0.0,3.86,71.2
DOM,DO,Dominican Republic,Latin America & Caribbean,Upper middle income,2016,,,,0.0,0.0,3.94,70.8
DOM,DO,Dominican Republic,Latin America & Caribbean,Upper middle income,2017,,,,0.0,0.0,3.87,69.0
DOM,DO,Dominican Republic,Latin America & Caribbean,Upper middle income,2018,,,,0.0,0.0,,69.19632518627424
DOM,DO,Dominican Republic,Latin America & Caribbean,Upper middle income,2019,,,,0.0,0.0,,66.2
DOM,DO,Dominican Republic,Latin America & Caribbean,Upper middle income,2020,,,,0.0,0.0,,64.35620204936144
DOM,DO,Dominican Republic,Latin America & Caribbean,Upper middle income,2021,,,,0.0,0.0,,64.7
DOM,DO,Dominican Republic,Latin America & Caribbean,Upper middle income,2022,,,,0.0,0.0,,62.800000000000004
DOM,DO,Dominican Republic,Latin America & Caribbean,Upper middle income,2023,,,,0.0,0.0,,60.800000000000004
DOM,DO,Dominican Republic,Latin America & Caribbean,Upper middle income,2024,,,,0.0,0.0,,
DZA,DZ,Algeria,"Middle East, North Africa, Afghanistan & Pakistan",Upper middle income,2000,Ali Benflis,1.0,1.0,0.0,0.0,,
DZA,DZ,Algeria,"Middle East, North Africa, Afghanistan & Pakistan",Upper middle income,2001,Ali Benflis,2.0,2.0,0.0,0.0,,
DZA,DZ,Algeria,"Middle East, North Africa, Afghanistan & Pakistan",Upper middle income,2002,Ali Benflis,3.0,3.0,0.0,0.0,,
DZA,DZ,Algeria,"Middle East, North Africa, Afghanistan & Pakistan",Upper middle income,2003,Ahmed Ouyahia,1.0,2.0,1.0,0.0,,
DZA,DZ,Algeria,"Middle East, North Africa, Afghanistan & Pakistan",Upper middle income,2004,Ahmed Ouyahia,2.0,2.5,0.0,1.0,,
DZA,DZ,Algeria,"Middle East, North Africa, Afghanistan & Pakistan",Upper middle income,2005,Ahmed Ouyahia,3.0,3.0,0.0,1.0,,
DZA,DZ,Algeria,"Middle East, North Africa, Afghanistan & Pakistan",Upper middle income,2006,Abdelaziz Belkhadem,1.0,2.3333333333333335,1.0,1.0,,77.8
DZA,DZ,Algeria,"Middle East, North Africa, Afghanistan & Pakistan",Upper middle income,2007,Abdelaziz Belkhadem,2.0,2.6666666666666665,0.0,2.0,3.91,75.9
DZA,DZ,Algeria,"Middle East, North Africa, Afghanistan & Pakistan",Upper middle income,2008,Ahmed Ouyahia,1.0,2.25,1.0,2.0,3.71,77.8
DZA,DZ,Algeria,"Middle East, North Africa, Afghanistan & Pakistan",Upper middle income,2009,Ahmed Ouyahia,2.0,2.5,0.0,2.0,3.95,80.6
DZA,DZ,Algeria,"Middle East, North Africa, Afghanistan & Pakistan",Upper middle income,2010,Ahmed Ouyahia,3.0,2.75,0.0,2.0,3.96,81.3
DZA,DZ,Algeria,"Middle East, North Africa, Afghanistan & Pakistan",Upper middle income,2011,Ahmed Ouyahia,4.0,3.0,0.0,2.0,3.96,78.0
DZA,DZ,Algeria,"Middle East, North Africa, Afghanistan & Pakistan",Upper middle income,2012,Abdelmalek Sellal,1.0,2.6,1.0,1.0,3.72,78.1
DZA,DZ,Algeria,"Middle East, North Africa, Afghanistan & Pakistan",Upper middle income,2013,Abdelmalek Sellal,2.0,2.8,0.0,2.0,3.79,78.7
DZA,DZ,Algeria,"Middle East, North Africa, Afghanistan & Pakistan",Upper middle income,2014,Abdelmalek Sellal,3.0,3.0,0.0,1.0,4.08,78.8
DZA,DZ,Algeria,"Middle East, North Africa, Afghanistan & Pakistan",Upper middle income,2015,Abdelmalek Sellal,4.0,3.2,0.0,1.0,3.97,79.6
DZA,DZ,Algeria,"Middle East, North Africa, Afghanistan & Pakistan",Upper middle income,2016,Abdelmalek Sellal,5.0,3.4,0.0,1.0,3.98,78.3
DZA,DZ,Algeria,"Middle East, North Africa, Afghanistan & Pakistan",Upper middle income,2017,Ahmed Ouyahia,1.0,3.0,1.0,1.0,4.07,76.8
DZA,DZ,Algeria,"Middle East, North Africa, Afghanistan & Pakistan",Upper middle income,2018,Ahmed Ouyahia,2.0,3.1666666666666665,0.0,1.0,,75.78505154191771
DZA,DZ,Algeria,"Middle East, North Africa, Afghanistan & Pakistan",Upper middle income,2019,Abdelaziz Djerad,1.0,2.857142857142857,1.0,1.0,,75.4
DZA,DZ,Algeria,"Middle East, North Africa, Afghanistan & Pakistan",Upper middle income,2020,Abdelaziz Djerad,2.0,3.0,0.0,2.0,,74.57518290066574
DZA,DZ,Algeria,"Middle East, North Africa, Afghanistan & Pakistan",Upper middle income,2021,Ayman Benabderrahmane,1.0,2.75,1.0,2.0,,73.6
DZA,DZ,Algeria,"Middle East, North Africa, Afghanistan & Pakistan",Upper middle income,2022,Ayman Benabderrahmane,2.0,2.875,0.0,3.0,,72.2
DZA,DZ,Algeria,"Middle East, North Africa, Afghanistan & Pakistan",Upper middle income,2023,Mohamed Nadir Larbaoui,1.0,2.6666666666666665,1.0,2.0,,69.99999999999999
DZA,DZ,Algeria,"Middle East, North Africa, Afghanistan & Pakistan",Upper middle income,2024,Mohamed Nadir Larbaoui,2.0,2.7777777777777777,0.0,3.0,,
ECU,EC,Ecuador,Latin America & Caribbean,Upper middle income,2000,,,,0.0,0.0,,
ECU,EC,Ecuador,Latin America & Caribbean,Upper middle income,2001,,,,0.0,0.0,,
ECU,EC,Ecuador,Latin America & Caribbean,Upper middle income,2002,,,,0.0,0.0,,
ECU,EC,Ecuador,Latin America & Caribbean,Upper middle income,2003,,,,0.0,0.0,,
ECU,EC,Ecuador,Latin America & Caribbean,Upper middle income,2004,,,,0.0,0.0,,
ECU,EC,Ecuador,Latin America & Caribbean,Upper middle income,2005,,,,0.0,0.0,,
ECU,EC,Ecuador,Latin America & Caribbean,Upper middle income,2006,,,,0.0,0.0,,81.2
ECU,EC,Ecuador,Latin America & Caribbean,Upper middle income,2007,,,,0.0,0.0,3.57,79.9
ECU,EC,Ecuador,Latin America & Caribbean,Upper middle income,2008,,,,0.0,0.0,3.58,80.3
ECU,EC,Ecuador,Latin America & Caribbean,Upper middle income,2009,,,,0.0,0.0,3.56,81.2
ECU,EC,Ecuador,Latin America & Caribbean,Upper middle income,2010,,,,0.0,0.0,3.65,81.7
ECU,EC,Ecuador,Latin America & Caribbean,Upper middle income,2011,,,,0.0,0.0,3.82,82.2
ECU,EC,Ecuador,Latin America & Caribbean,Upper middle income,2012,,,,0.0,0.0,3.94,80.1
ECU,EC,Ecuador,Latin America & Caribbean,Upper middle income,2013,,,,0.0,0.0,4.18,78.6
ECU,EC,Ecuador,Latin America & Caribbean,Upper middle income,2014,,,,0.0,0.0,,77.3
ECU,EC,Ecuador,Latin America & Caribbean,Upper middle income,2015,,,,0.0,0.0,4.07,75.9
ECU,EC,Ecuador,Latin America & Caribbean,Upper middle income,2016,,,,0.0,0.0,3.96,75.6
ECU,EC,Ecuador,Latin America & Caribbean,Upper middle income,2017,,,,0.0,0.0,3.91,77.3
ECU,EC,Ecuador,Latin America & Caribbean,Upper middle income,2018,,,,0.0,0.0,,74.23122556430408
ECU,EC,Ecuador,Latin America & Caribbean,Upper middle income,2019,,,,0.0,0.0,,71.2
ECU,EC,Ecuador,Latin America & Caribbean,Upper middle income,2020,,,,0.0,0.0,,69.40303455188986
ECU,EC,Ecuador,Latin America & Caribbean,Upper middle income,2021,,,,0.0,0.0,,71.2
ECU,EC,Ecuador,Latin America & Caribbean,Upper middle income,2022,,,,0.0,0.0,,69.1
ECU,EC,Ecuador,Latin America & Caribbean,Upper middle income,2023,,,,0.0,0.0,,69.39999999999999
ECU,EC,Ecuador,Latin America & Caribbean,Upper middle income,2024,,,,0.0,0.0,,
EGY,EG,"Egypt, Arab Rep.","Middle East, North Africa, Afghanistan & Pakistan",Lower middle income,2000,Atef Ebeid,1.0,1.0,0.0,0.0,,
EGY,EG,"Egypt, Arab Rep.","Middle East, North Africa, Afghanistan & Pakistan",Lower middle income,2001,Atef Ebeid,2.0,2.0,0.0,0.0,,
EGY,EG,"Egypt, Arab Rep.","Middle East, North Africa, Afghanistan & Pakistan",Lower middle income,2002,Atef Ebeid,3.0,3.0,0.0,0.0,,
EGY,EG,"Egypt, Arab Rep.","Middle East, North Africa, Afghanistan & Pakistan",Lower middle income,2003,Atef Ebeid,4.0,4.0,0.0,0.0,,
EGY,EG,"Egypt, Arab Rep.","Middle East, North Africa, Afghanistan & Pakistan",Lower middle income,2004,Ahmed Nazif,1.0,2.5,1.0,0.0,,
EGY,EG,"Egypt, Arab Rep.","Middle East, North Africa, Afghanistan & Pakistan",Lower middle income,2005,Ahmed Nazif,2.0,3.0,0.0,1.0,,
EGY,EG,"Egypt, Arab Rep.","Middle East, North Africa, Afghanistan & Pakistan",Lower middle income,2006,Ahmed Nazif,3.0,3.5,0.0,1.0,,89.5
EGY,EG,"Egypt, Arab Rep.","Middle East, North Africa, Afghanistan & Pakistan",Lower middle income,2007,Ahmed Nazif,4.0,4.0,0.0,1.0,3.96,89.2
EGY,EG,"Egypt, Arab Rep.","Middle East, North Africa, Afghanistan & Pakistan",Lower middle income,2008,Ahmed Nazif,5.0,4.5,0.0,1.0,3.98,88.7
EGY,EG,"Egypt, Arab Rep.","Middle East, North Africa, Afghanistan & Pakistan",Lower middle income,2009,Ahmed Nazif,6.0,5.0,0.0,1.0,4.04,89.0
EGY,EG,"Egypt, Arab Rep.","Middle East, North Africa, Afghanistan & Pakistan",Lower middle income,2010,Ahmed Nazif,7.0,5.5,0.0,0.0,4.0,87.6
EGY,EG,"Egypt, Arab Rep.","Middle East, North Africa, Afghanistan & Pakistan",Lower middle income,2011,Kamal Ganzouri,1.0,4.0,1.0,0.0,3.88,86.8
EGY,EG,"Egypt, Arab Rep.","Middle East, North Africa, Afghanistan & Pakistan",Lower middle income,2012,Hisham Qandil,1.0,3.25,1.0,1.0,3.73,90.4
EGY,EG,"Egypt, Arab Rep.","Middle East, North Africa, Afghanistan & Pakistan",Lower middle income,2013,Hazem el-Beblawi,1.0,2.8,1.0,2.0,3.63,90.6
EGY,EG,"Egypt, Arab Rep.","Middle East, North Africa, Afghanistan & Pakistan",Lower middle income,2014,Ibrahim Mahlab,1.0,2.5,1.0,3.0,3.6,91.0
EGY,EG,"Egypt, Arab Rep.","Middle East, North Africa, Afghanistan & Pakistan",Lower middle income,2015,Sherif Ismail,1.0,2.2857142857142856,1.0,4.0,3.66,89.9
EGY,EG,"Egypt, Arab Rep.","Middle East, North Africa, Afghanistan & Pakistan",Lower middle income,2016,Sherif Ismail,2.0,2.4285714285714284,0.0,5.0,3.67,90.2
EGY,EG,"Egypt, Arab Rep.","Middle East, North Africa, Afghanistan & Pakistan",Lower middle income,2017,Sherif Ismail,3.0,2.5714285714285716,0.0,4.0,3.9,89.8
EGY,EG,"Egypt, Arab Rep.","Middle East, North Africa, Afghanistan & Pakistan",Lower middle income,2018,Mostafa Madbouly,1.0,2.375,1.0,3.0,,88.73736287679192
EGY,EG,"Egypt, Arab Rep.","Middle East, North Africa, Afghanistan & Pakistan",Lower middle income,2019,Mostafa Madbouly,2.0,2.5,0.0,3.0,,88.4
EGY,EG,"Egypt, Arab Rep.","Middle East, North Africa, Afghanistan & Pakistan",Lower middle income,2020,Mostafa Madbouly,3.0,2.625,0.0,2.0,,86.00613825029183
EGY,EG,"Egypt, Arab Rep.","Middle East, North Africa, Afghanistan & Pakistan",Lower middle income,2021,Mostafa Madbouly,4.0,2.75,0.0,1.0,,85.0
EGY,EG,"Egypt, Arab Rep.","Middle East, North Africa, Afghanistan & Pakistan",Lower middle income,2022,Mostafa Madbouly,5.0,2.875,0.0,1.0,,83.60000000000001
EGY,EG,"Egypt, Arab Rep.","Middle East, North Africa, Afghanistan & Pakistan",Lower middle income,2023,Mostafa Madbouly,6.0,3.0,0.0,1.0,,81.6
EGY,EG,"Egypt, Arab Rep.","Middle East, North Africa, Afghanistan & Pakistan",Lower middle income,2024,Mostafa Madbouly,7.0,3.125,0.0,0.0,,
ERI,ER,Eritrea,Sub-Saharan Africa,Low income,2000,,,,0.0,0.0,,
ERI,ER,Eritrea,Sub-Saharan Africa,Low income,2001,,,,0.0,0.0,,
ERI,ER,Eritrea,Sub-Saharan Africa,Low income,2002,,,,0.0,0.0,,
ERI,ER,Eritrea,Sub-Saharan Africa,Low income,2003,,,,0.0,0.0,,
ERI,ER,Eritrea,Sub-Saharan Africa,Low income,2004,,,,0.0,0.0,,
ERI,ER,Eritrea,Sub-Saharan Africa,Low income,2005,,,,0.0,0.0,,
ERI,ER,Eritrea,Sub-Saharan Africa,Low income,2006,,,,0.0,0.0,,83.9
ERI,ER,Eritrea,Sub-Saharan Africa,Low income,2007,,,,0.0,0.0,,85.5
ERI,ER,Eritrea,Sub-Saharan Africa,Low income,2008,,,,0.0,0.0,,87.4
ERI,ER,Eritrea,Sub-Saharan Africa,Low income,2009,,,,0.0,0.0,,90.3
ERI,ER,Eritrea,Sub-Saharan Africa,Low income,2010,,,,0.0,0.0,,93.3
ERI,ER,Eritrea,Sub-Saharan Africa,Low income,2011,,,,0.0,0.0,,93.6
ERI,ER,Eritrea,Sub-Saharan Africa,Low income,2012,,,,0.0,0.0,,94.5
ERI,ER,Eritrea,Sub-Saharan Africa,Low income,2013,,,,0.0,0.0,,95.0
ERI,ER,Eritrea,Sub-Saharan Africa,Low income,2014,,,,0.0,0.0,,95.5
ERI,ER,Eritrea,Sub-Saharan Africa,Low income,2015,,,,0.0,0.0,,96.9
ERI,ER,Eritrea,Sub-Saharan Africa,Low income,2016,,,,0.0,0.0,,98.6
ERI,ER,Eritrea,Sub-Saharan Africa,Low income,2017,,,,0.0,0.0,,98.1
ERI,ER,Eritrea,Sub-Saharan Africa,Low income,2018,,,,0.0,0.0,,97.20823903623204
ERI,ER,Eritrea,Sub-Saharan Africa,Low income,2019,,,,0.0,0.0,,96.4
ERI,ER,Eritrea,Sub-Saharan Africa,Low income,2020,,,,0.0,0.0,,95.8442307280238
ERI,ER,Eritrea,Sub-Saharan Africa,Low income,2021,,,,0.0,0.0,,97.00000000000001
ERI,ER,Eritrea,Sub-Saharan Africa,Low income,2022,,,,0.0,0.0,,95.90000000000002
ERI,ER,Eritrea,Sub-Saharan Africa,Low income,2023,,,,0.0,0.0,,94.49999999999999
ERI,ER,Eritrea,Sub-Saharan Africa,Low income,2024,,,,0.0,0.0,,
ESP,ES,Spain,Europe & Central Asia,High income,2000,José María Aznar López,1.0,1.0,0.0,0.0,,
ESP,ES,Spain,Europe & Central Asia,High income,2001,José María Aznar López,2.0,2.0,0.0,0.0,,
ESP,ES,Spain,Europe & Central Asia,High income,2002,José María Aznar López,3.0,3.0,0.0,0.0,,
ESP,ES,Spain,Europe & Central Asia,High income,2003,José María Aznar López,4.0,4.0,0.0,0.0,,
ESP,ES,Spain,Europe & Central Asia,High income,2004,José Luis Rodríguez Zapatero,1.0,2.5,1.0,0.0,,
ESP,ES,Spain,Europe & Central Asia,High income,2005,José Luis Rodríguez Zapatero,2.0,3.0,0.0,1.0,,
ESP,ES,Spain,Europe & Central Asia,High income,2006,José Luis Rodríguez Zapatero,3.0,3.5,0.0,1.0,,37.4
ESP,ES,Spain,Europe & Central Asia,High income,2007,José Luis Rodríguez Zapatero,4.0,4.0,0.0,1.0,4.66,39.2
ESP,ES,Spain,Europe & Central Asia,High income,2008,José Luis Rodríguez Zapatero,5.0,4.5,0.0,1.0,4.72,41.6
ESP,ES,Spain,Europe & Central Asia,High income,2009,José Luis Rodríguez Zapatero,6.0,5.0,0.0,1.0,4.59,43.3
ESP,ES,Spain,Europe & Central Asia,High income,2010,José Luis Rodríguez Zapatero,7.0,5.5,0.0,0.0,4.49,43.5
ESP,ES,Spain,Europe & Central Asia,High income,2011,Mariano Rajoy,1.0,4.0,1.0,0.0,4.54,43.1
ESP,ES,Spain,Europe & Central Asia,High income,2012,Mariano Rajoy,2.0,4.333333333333333,0.0,1.0,4.6,42.8
ESP,ES,Spain,Europe & Central Asia,High income,2013,Mariano Rajoy,3.0,4.666666666666667,0.0,1.0,4.57,44.4
ESP,ES,Spain,Europe & Central Asia,High income,2014,Mariano Rajoy,4.0,5.0,0.0,1.0,4.55,43.1
ESP,ES,Spain,Europe & Central Asia,High income,2015,Mariano Rajoy,5.0,5.333333333333333,0.0,1.0,4.59,40.9
ESP,ES,Spain,Europe & Central Asia,High income,2016,Mariano Rajoy,6.0,5.666666666666667,0.0,1.0,4.68,39.8
ESP,ES,Spain,Europe & Central Asia,High income,2017,Mariano Rajoy,7.0,6.0,0.0,0.0,4.7,37.9
ESP,ES,Spain,Europe & Central Asia,High income,2018,Pedro Sanchez Perez-Castejon,1.0,4.75,1.0,0.0,,41.38298112031969
ESP,ES,Spain,Europe & Central Asia,High income,2019,Pedro Sanchez Perez-Castejon,2.0,5.0,0.0,1.0,,40.7
ESP,ES,Spain,Europe & Central Asia,High income,2020,Pedro Sanchez Perez-Castejon,3.0,5.25,0.0,1.0,,40.35163335620069
ESP,ES,Spain,Europe & Central Asia,High income,2021,Pedro Sanchez Perez-Castejon,4.0,5.5,0.0,1.0,,44.800000000000004
ESP,ES,Spain,Europe & Central Asia,High income,2022,Pedro Sanchez Perez-Castejon,5.0,5.75,0.0,1.0,,44.4
ESP,ES,Spain,Europe & Central Asia,High income,2023,Pedro Sanchez Perez-Castejon,6.0,6.0,0.0,1.0,,43.49999999999999
ESP,ES,Spain,Europe & Central Asia,High income,2024,Pedro Sanchez Perez-Castejon,7.0,6.25,0.0,0.0,,
EST,EE,Estonia,Europe & Central Asia,High income,2000,Mart Laar,1.0,1.0,0.0,0.0,,
EST,EE,Estonia,Europe & Central Asia,High income,2001,Mart Laar,2.0,2.0,0.0,0.0,,
EST,EE,Estonia,Europe & Central Asia,High income,2002,Siim Kallas,1.0,1.5,1.0,0.0,,
EST,EE,Estonia,Europe & Central Asia,High income,2003,Juhan Parts,1.0,1.3333333333333333,1.0,1.0,,
EST,EE,Estonia,Europe & Central Asia,High income,2004,Juhan Parts,2.0,1.6666666666666667,0.0,2.0,,
EST,EE,Estonia,Europe & Central Asia,High income,2005,Andrus Ansip,1.0,1.5,1.0,2.0,,
EST,EE,Estonia,Europe & Central Asia,High income,2006,Andrus Ansip,2.0,1.75,0.0,3.0,,51.0
EST,EE,Estonia,Europe & Central Asia,High income,2007,Andrus Ansip,3.0,2.0,0.0,3.0,4.74,50.5
EST,EE,Estonia,Europe & Central Asia,High income,2008,Andrus Ansip,4.0,2.25,0.0,2.0,4.67,51.0
EST,EE,Estonia,Europe & Central Asia,High income,2009,Andrus Ansip,5.0,2.5,0.0,1.0,4.56,51.2
EST,EE,Estonia,Europe & Central Asia,High income,2010,Andrus Ansip,6.0,2.75,0.0,1.0,4.61,50.7
EST,EE,Estonia,Europe & Central Asia,High income,2011,Andrus Ansip,7.0,3.0,0.0,0.0,4.62,49.3
EST,EE,Estonia,Europe & Central Asia,High income,2012,Andrus Ansip,8.0,3.25,0.0,0.0,4.64,47.5
EST,EE,Estonia,Europe & Central Asia,High income,2013,Andrus Ansip,9.0,3.5,0.0,0.0,4.65,45.3
EST,EE,Estonia,Europe & Central Asia,High income,2014,Taavi Rõivas,1.0,3.0,1.0,0.0,4.71,45.2
EST,EE,Estonia,Europe & Central Asia,High income,2015,Taavi Rõivas,2.0,3.2,0.0,1.0,4.74,43.7
EST,EE,Estonia,Europe & Central Asia,High income,2016,Jüri Ratas,1.0,2.8333333333333335,1.0,1.0,4.78,43.4
EST,EE,Estonia,Europe & Central Asia,High income,2017,Jüri Ratas,2.0,3.0,0.0,2.0,4.85,44.7
EST,EE,Estonia,Europe & Central Asia,High income,2018,Jüri Ratas,3.0,3.1666666666666665,0.0,2.0,,42.990053644081904
EST,EE,Estonia,Europe & Central Asia,High income,2019,Jüri Ratas,4.0,3.3333333333333335,0.0,2.0,,40.8
EST,EE,Estonia,Europe & Central Asia,High income,2020,Jüri Ratas,5.0,3.5,0.0,1.0,,38.52345451018706
EST,EE,Estonia,Europe & Central Asia,High income,2021,Kaja Kallas,1.0,3.142857142857143,1.0,1.0,,39.50000000000001
EST,EE,Estonia,Europe & Central Asia,High income,2022,Kaja Kallas,2.0,3.2857142857142856,0.0,1.0,,37.699999999999996
EST,EE,Estonia,Europe & Central Asia,High income,2023,Kaja Kallas,3.0,3.4285714285714284,0.0,1.0,,38.6
EST,EE,Estonia,Europe & Central Asia,High income,2024,Kristen Michal,1.0,3.125,1.0,1.0,,
ETH,ET,Ethiopia,Sub-Saharan Africa,Low income,2000,Meles Zenawi,1.0,1.0,0.0,0.0,,
ETH,ET,Ethiopia,Sub-Saharan Africa,Low income,2001,Meles Zenawi,2.0,2.0,0.0,0.0,,
ETH,ET,Ethiopia,Sub-Saharan Africa,Low income,2002,Meles Zenawi,3.0,3.0,0.0,0.0,,
ETH,ET,Ethiopia,Sub-Saharan Africa,Low income,2003,Meles Zenawi,4.0,4.0,0.0,0.0,,
ETH,ET,Ethiopia,Sub-Saharan Africa,Low income,2004,Meles Zenawi,5.0,5.0,0.0,0.0,,
ETH,ET,Ethiopia,Sub-Saharan Africa,Low income,2005,Meles Zenawi,6.0,6.0,0.0,0.0,,
ETH,ET,Ethiopia,Sub-Saharan Africa,Low income,2006,Meles Zenawi,7.0,7.0,0.0,0.0,,91.9
ETH,ET,Ethiopia,Sub-Saharan Africa,Low income,2007,Meles Zenawi,8.0,8.0,0.0,0.0,3.28,95.3
ETH,ET,Ethiopia,Sub-Saharan Africa,Low income,2008,Meles Zenawi,9.0,9.0,0.0,0.0,3.41,96.1
ETH,ET,Ethiopia,Sub-Saharan Africa,Low income,2009,Meles Zenawi,10.0,10.0,0.0,0.0,3.43,98.9
ETH,ET,Ethiopia,Sub-Saharan Africa,Low income,2010,Meles Zenawi,11.0,11.0,0.0,0.0,3.51,98.8
ETH,ET,Ethiopia,Sub-Saharan Africa,Low income,2011,Meles Zenawi,12.0,12.0,0.0,0.0,3.76,98.2
ETH,ET,Ethiopia,Sub-Saharan Africa,Low income,2012,Hailemariam Desalegn,1.0,6.5,1.0,0.0,3.56,97.9
ETH,ET,Ethiopia,Sub-Saharan Africa,Low income,2013,Hailemariam Desalegn,2.0,7.0,0.0,1.0,3.5,98.9
ETH,ET,Ethiopia,Sub-Saharan Africa,Low income,2014,Hailemariam Desalegn,3.0,7.5,0.0,1.0,3.6,97.9
ETH,ET,Ethiopia,Sub-Saharan Africa,Low income,2015,Hailemariam Desalegn,4.0,8.0,0.0,1.0,3.74,97.5
ETH,ET,Ethiopia,Sub-Saharan Africa,Low income,2016,Hailemariam Desalegn,5.0,8.5,0.0,1.0,3.77,97.2
ETH,ET,Ethiopia,Sub-Saharan Africa,Low income,2017,Hailemariam Desalegn,6.0,9.0,0.0,1.0,3.78,101.1
ETH,ET,Ethiopia,Sub-Saharan Africa,Low income,2018,Abiy Ahmed Ali,1.0,6.333333333333333,1.0,0.0,,99.56909778499838
ETH,ET,Ethiopia,Sub-Saharan Africa,Low income,2019,Abiy Ahmed Ali,2.0,6.666666666666667,0.0,1.0,,94.2
ETH,ET,Ethiopia,Sub-Saharan Africa,Low income,2020,Abiy Ahmed Ali,3.0,7.0,0.0,1.0,,94.59577634557802
ETH,ET,Ethiopia,Sub-Saharan Africa,Low income,2021,Abiy Ahmed Ali,4.0,7.333333333333333,0.0,1.0,,99.00000000000001
ETH,ET,Ethiopia,Sub-Saharan Africa,Low income,2022,Abiy Ahmed Ali,5.0,7.666666666666667,0.0,1.0,,99.30000000000001
ETH,ET,Ethiopia,Sub-Saharan Africa,Low income,2023,Abiy Ahmed Ali,6.0,8.0,0.0,1.0,,100.39999999999999
ETH,ET,Ethiopia,Sub-Saharan Africa,Low income,2024,Abiy Ahmed Ali,7.0,8.333333333333334,0.0,0.0,,
FIN,FI,Finland,Europe & Central Asia,High income,2000,Paavo Tapio Lipponen,1.0,1.0,0.0,0.0,,
FIN,FI,Finland,Europe & Central Asia,High income,2001,Paavo Tapio Lipponen,2.0,2.0,0.0,0.0,,
FIN,FI,Finland,Europe & Central Asia,High income,2002,Paavo Tapio Lipponen,3.0,3.0,0.0,0.0,,
FIN,FI,Finland,Europe & Central Asia,High income,2003,Matti Taneli Vanhanen,1.0,2.0,1.0,0.0,,
FIN,FI,Finland,Europe & Central Asia,High income,2004,Matti Taneli Vanhanen,2.0,2.5,0.0,1.0,,
FIN,FI,Finland,Europe & Central Asia,High income,2005,Matti Taneli Vanhanen,3.0,3.0,0.0,1.0,,
FIN,FI,Finland,Europe & Central Asia,High income,2006,Matti Taneli Vanhanen,4.0,3.5,0.0,1.0,,18.2
FIN,FI,Finland,Europe & Central Asia,High income,2007,Matti Taneli Vanhanen,5.0,4.0,0.0,1.0,5.49,18.5
FIN,FI,Finland,Europe & Central Asia,High income,2008,Matti Taneli Vanhanen,6.0,4.5,0.0,1.0,5.5,18.4
FIN,FI,Finland,Europe & Central Asia,High income,2009,Matti Taneli Vanhanen,7.0,5.0,0.0,0.0,5.43,19.2
FIN,FI,Finland,Europe & Central Asia,High income,2010,Mari Johanna Kiviniemi,1.0,3.6666666666666665,1.0,0.0,5.37,19.3
FIN,FI,Finland,Europe & Central Asia,High income,2011,Jyrki Tapani Katainen,1.0,3.0,1.0,1.0,5.47,19.7
FIN,FI,Finland,Europe & Central Asia,High income,2012,Jyrki Tapani Katainen,2.0,3.25,0.0,2.0,5.55,20.0
FIN,FI,Finland,Europe & Central Asia,High income,2013,Jyrki Tapani Katainen,3.0,3.5,0.0,2.0,5.54,18.0
FIN,FI,Finland,Europe & Central Asia,High income,2014,Alexander Stubb,1.0,3.0,1.0,2.0,5.5,18.7
FIN,FI,Finland,Europe & Central Asia,High income,2015,Juha Sipila,1.0,2.6666666666666665,1.0,3.0,5.45,17.7
FIN,FI,Finland,Europe & Central Asia,High income,2016,Juha Sipila,2.0,2.8333333333333335,0.0,3.0,5.44,18.8
FIN,FI,Finland,Europe & Central Asia,High income,2017,Juha Sipila,3.0,3.0,0.0,2.0,5.49,18.7
FIN,FI,Finland,Europe & Central Asia,High income,2018,Juha Sipila,4.0,3.1666666666666665,0.0,2.0,,17.934251926521828
FIN,FI,Finland,Europe & Central Asia,High income,2019,Sanna Marin,1.0,2.857142857142857,1.0,2.0,,16.9
FIN,FI,Finland,Europe & Central Asia,High income,2020,Sanna Marin,2.0,3.0,0.0,2.0,,14.626666190916625
FIN,FI,Finland,Europe & Central Asia,High income,2021,Sanna Marin,3.0,3.142857142857143,0.0,1.0,,16.2
FIN,FI,Finland,Europe & Central Asia,High income,2022,Sanna Marin,4.0,3.2857142857142856,0.0,1.0,,15.100000000000003
FIN,FI,Finland,Europe & Central Asia,High income,2023,Antti Petteri Orpo,1.0,3.0,1.0,1.0,,16.0
FIN,FI,Finland,Europe & Central Asia,High income,2024,Antti Petteri Orpo,2.0,3.125,0.0,2.0,,
FJI,FJ,Fiji,East Asia & Pacific,Upper middle income,2000,Laisenia Qarase,1.0,1.0,0.0,0.0,,
FJI,FJ,Fiji,East Asia & Pacific,Upper middle income,2001,Laisenia Qarase,2.0,2.0,0.0,0.0,,
FJI,FJ,Fiji,East Asia & Pacific,Upper middle income,2002,Laisenia Qarase,3.0,3.0,0.0,0.0,,
FJI,FJ,Fiji,East Asia & Pacific,Upper middle income,2003,Laisenia Qarase,4.0,4.0,0.0,0.0,,
FJI,FJ,Fiji,East Asia & Pacific,Upper middle income,2004,Laisenia Qarase,5.0,5.0,0.0,0.0,,
FJI,FJ,Fiji,East Asia & Pacific,Upper middle income,2005,Laisenia Qarase,6.0,6.0,0.0,0.0,,
FJI,FJ,Fiji,East Asia & Pacific,Upper middle income,2006,Laisenia Qarase,7.0,7.0,0.0,0.0,,
FJI,FJ,Fiji,East Asia & Pacific,Upper middle income,2007,Josaia Voreqe Bainimarama,1.0,4.0,1.0,0.0,,75.7
FJI,FJ,Fiji,East Asia & Pacific,Upper middle income,2008,Josaia Voreqe Bainimarama,2.0,4.5,0.0,1.0,,76.6
FJI,FJ,Fiji,East Asia & Pacific,Upper middle income,2009,Josaia Voreqe Bainimarama,3.0,5.0,0.0,1.0,,78.8
FJI,FJ,Fiji,East Asia & Pacific,Upper middle income,2010,Josaia Voreqe Bainimarama,4.0,5.5,0.0,1.0,,80.5
FJI,FJ,Fiji,East Asia & Pacific,Upper middle income,2011,Josaia Voreqe Bainimarama,5.0,6.0,0.0,1.0,,81.1
FJI,FJ,Fiji,East Asia & Pacific,Upper middle income,2012,Josaia Voreqe Bainimarama,6.0,6.5,0.0,1.0,,80.5
FJI,FJ,Fiji,East Asia & Pacific,Upper middle income,2013,Josaia Voreqe Bainimarama,7.0,7.0,0.0,0.0,,80.8
FJI,FJ,Fiji,East Asia & Pacific,Upper middle income,2014,Josaia Voreqe Bainimarama,8.0,7.5,0.0,0.0,,79.0
FJI,FJ,Fiji,East Asia & Pacific,Upper middle income,2015,Josaia Voreqe Bainimarama,9.0,8.0,0.0,0.0,,76.7
FJI,FJ,Fiji,East Asia & Pacific,Upper middle income,2016,Josaia Voreqe Bainimarama,10.0,8.5,0.0,0.0,,76.2
FJI,FJ,Fiji,East Asia & Pacific,Upper middle income,2017,Josaia Voreqe Bainimarama,11.0,9.0,0.0,0.0,,76.9
FJI,FJ,Fiji,East Asia & Pacific,Upper middle income,2018,Josaia Voreqe Bainimarama,12.0,9.5,0.0,0.0,,74.51822129476686
FJI,FJ,Fiji,East Asia & Pacific,Upper middle income,2019,Josaia Voreqe Bainimarama,13.0,10.0,0.0,0.0,,71.7
FJI,FJ,Fiji,East Asia & Pacific,Upper middle income,2020,Josaia Voreqe Bainimarama,14.0,10.5,0.0,0.0,,69.85212211648623
FJI,FJ,Fiji,East Asia & Pacific,Upper middle income,2021,Josaia Voreqe Bainimarama,15.0,11.0,0.0,0.0,,70.4
FJI,FJ,Fiji,East Asia & Pacific,Upper middle income,2022,Sitiveni Ligamamada Rabuka,1.0,7.666666666666667,1.0,0.0,,68.9
FJI,FJ,Fiji,East Asia & Pacific,Upper middle income,2023,Sitiveni Ligamamada Rabuka,2.0,8.0,0.0,1.0,,70.19999999999999
FJI,FJ,Fiji,East Asia & Pacific,Upper middle income,2024,Sitiveni Ligamamada Rabuka,3.0,8.333333333333334,0.0,1.0,,
FRA,FR,France,Europe & Central Asia,High income,2000,Lionel Jospin,1.0,1.0,0.0,0.0,,
FRA,FR,France,Europe & Central Asia,High income,2001,Lionel Jospin,2.0,2.0,0.0,0.0,,
FRA,FR,France,Europe & Central Asia,High income,2002,Jean-Pierre Raffarin,1.0,1.5,1.0,0.0,,
FRA,FR,France,Europe & Central Asia,High income,2003,Jean-Pierre Raffarin,2.0,2.0,0.0,1.0,,
FRA,FR,France,Europe & Central Asia,High income,2004,Jean-Pierre Raffarin,3.0,2.5,0.0,1.0,,
FRA,FR,France,Europe & Central Asia,High income,2005,Dominique Galouzeau de Villepin,1.0,2.0,1.0,1.0,,
FRA,FR,France,Europe & Central Asia,High income,2006,Dominique Galouzeau de Villepin,2.0,2.3333333333333335,0.0,2.0,,34.3
FRA,FR,France,Europe & Central Asia,High income,2007,François Fillon,1.0,2.0,1.0,2.0,5.18,34.1
FRA,FR,France,Europe & Central Asia,High income,2008,François Fillon,2.0,2.25,0.0,2.0,5.22,34.8
FRA,FR,France,Europe & Central Asia,High income,2009,François Fillon,3.0,2.5,0.0,2.0,5.13,35.3
FRA,FR,France,Europe & Central Asia,High income,2010,François Fillon,4.0,2.75,0.0,2.0,5.13,34.9
FRA,FR,France,Europe & Central Asia,High income,2011,François Fillon,5.0,3.0,0.0,1.0,5.14,34.0
FRA,FR,France,Europe & Central Asia,High income,2012,Jean-Marc Ayrault,1.0,2.6,1.0,1.0,5.11,33.6
FRA,FR,France,Europe & Central Asia,High income,2013,Jean-Marc Ayrault,2.0,2.8,0.0,1.0,5.05,32.6
FRA,FR,France,Europe & Central Asia,High income,2014,Manuel Valls,1.0,2.5,1.0,1.0,5.08,34.8
FRA,FR,France,Europe & Central Asia,High income,2015,Manuel Valls,2.0,2.6666666666666665,0.0,2.0,5.13,33.7
FRA,FR,France,Europe & Central Asia,High income,2016,Bernard Cazeneuve,1.0,2.4285714285714284,1.0,2.0,5.2,34.5
FRA,FR,France,Europe & Central Asia,High income,2017,Édouard Philippe,1.0,2.25,1.0,3.0,5.18,33.5
FRA,FR,France,Europe & Central Asia,High income,2018,Édouard Philippe,2.0,2.375,0.0,3.0,,32.22701109659329
FRA,FR,France,Europe & Central Asia,High income,2019,Édouard Philippe,3.0,2.5,0.0,3.0,,32.0
FRA,FR,France,Europe & Central Asia,High income,2020,Jean Castex,1.0,2.3333333333333335,1.0,2.0,,30.481111070323838
FRA,FR,France,Europe & Central Asia,High income,2021,Jean Castex,2.0,2.4444444444444446,0.0,3.0,,32.5
FRA,FR,France,Europe & Central Asia,High income,2022,Élisabeth Borne,1.0,2.3,1.0,2.0,,30.900000000000002
FRA,FR,France,Europe & Central Asia,High income,2023,Élisabeth Borne,2.0,2.4,0.0,2.0,,28.799999999999997
FRA,FR,France,Europe & Central Asia,High income,2024,François Bayrou,1.0,2.272727272727273,1.0,2.0,,
FRO,FO,Faroe Islands,Europe & Central Asia,High income,2000,,,,,,,
FRO,FO,Faroe Islands,Europe & Central Asia,High income,2001,,,,,,,
FRO,FO,Faroe Islands,Europe & Central Asia,High income,2002,,,,,,,
FRO,FO,Faroe Islands,Europe & Central Asia,High income,2003,,,,,,,
FRO,FO,Faroe Islands,Europe & Central Asia,High income,2004,,,,,,,
FRO,FO,Faroe Islands,Europe & Central Asia,High income,2005,,,,,,,
FRO,FO,Faroe Islands,Europe & Central Asia,High income,2006,,,,,,,
FRO,FO,Faroe Islands,Europe & Central Asia,High income,2007,,,,,,,
FRO,FO,Faroe Islands,Europe & Central Asia,High income,2008,,,,,,,
FRO,FO,Faroe Islands,Europe & Central Asia,High income,2009,,,,,,,
FRO,FO,Faroe Islands,Europe & Central Asia,High income,2010,,,,,,,
FRO,FO,Faroe Islands,Europe & Central Asia,High income,2011,,,,,,,
FRO,FO,Faroe Islands,Europe & Central Asia,High income,2012,,,,,,,
FRO,FO,Faroe Islands,Europe & Central Asia,High income,2013,,,,,,,
FRO,FO,Faroe Islands,Europe & Central Asia,High income,2014,,,,,,,
FRO,FO,Faroe Islands,Europe & Central Asia,High income,2015,,,,,,,
FRO,FO,Faroe Islands,Europe & Central Asia,High income,2016,,,,,,,
FRO,FO,Faroe Islands,Europe & Central Asia,High income,2017,,,,,,,
FRO,FO,Faroe Islands,Europe & Central Asia,High income,2018,,,,,,,
FRO,FO,Faroe Islands,Europe & Central Asia,High income,2019,,,,,,,
FRO,FO,Faroe Islands,Europe & Central Asia,High income,2020,,,,,,,
FRO,FO,Faroe Islands,Europe & Central Asia,High income,2021,,,,,,,
FRO,FO,Faroe Islands,Europe & Central Asia,High income,2022,,,,,,,
FRO,FO,Faroe Islands,Europe & Central Asia,High income,2023,,,,,,,
FRO,FO,Faroe Islands,Europe & Central Asia,High income,2024,,,,,,,
FSM,FM,"Micronesia, Fed. Sts.",East Asia & Pacific,Upper middle income,2000,,,,,,,
FSM,FM,"Micronesia, Fed. Sts.",East Asia & Pacific,Upper middle income,2001,,,,,,,
FSM,FM,"Micronesia, Fed. Sts.",East Asia & Pacific,Upper middle income,2002,,,,,,,
FSM,FM,"Micronesia, Fed. Sts.",East Asia & Pacific,Upper middle income,2003,,,,,,,
FSM,FM,"Micronesia, Fed. Sts.",East Asia & Pacific,Upper middle income,2004,,,,,,,
FSM,FM,"Micronesia, Fed. Sts.",East Asia & Pacific,Upper middle income,2005,,,,,,,
FSM,FM,"Micronesia, Fed. Sts.",East Asia & Pacific,Upper middle income,2006,,,,,,,
FSM,FM,"Micronesia, Fed. Sts.",East Asia & Pacific,Upper middle income,2007,,,,,,,73.5
FSM,FM,"Micronesia, Fed. Sts.",East Asia & Pacific,Upper middle income,2008,,,,,,,74.0
FSM,FM,"Micronesia, Fed. Sts.",East Asia & Pacific,Upper middle income,2009,,,,,,,71.9
FSM,FM,"Micronesia, Fed. Sts.",East Asia & Pacific,Upper middle income,2010,,,,,,,70.6
FSM,FM,"Micronesia, Fed. Sts.",East Asia & Pacific,Upper middle income,2011,,,,,,,71.9
FSM,FM,"Micronesia, Fed. Sts.",East Asia & Pacific,Upper middle income,2012,,,,,,,71.9
FSM,FM,"Micronesia, Fed. Sts.",East Asia & Pacific,Upper middle income,2013,,,,,,,72.9
FSM,FM,"Micronesia, Fed. Sts.",East Asia & Pacific,Upper middle income,2014,,,,,,,74.6
FSM,FM,"Micronesia, Fed. Sts.",East Asia & Pacific,Upper middle income,2015,,,,,,,73.5
FSM,FM,"Micronesia, Fed. Sts.",East Asia & Pacific,Upper middle income,2016,,,,,,,77.1
FSM,FM,"Micronesia, Fed. Sts.",East Asia & Pacific,Upper middle income,2017,,,,,,,76.4
FSM,FM,"Micronesia, Fed. Sts.",East Asia & Pacific,Upper middle income,2018,,,,,,,74.4370879237946
FSM,FM,"Micronesia, Fed. Sts.",East Asia & Pacific,Upper middle income,2019,,,,,,,73.0
FSM,FM,"Micronesia, Fed. Sts.",East Asia & Pacific,Upper middle income,2020,,,,,,,71.23563007855653
FSM,FM,"Micronesia, Fed. Sts.",East Asia & Pacific,Upper middle income,2021,,,,,,,71.7
FSM,FM,"Micronesia, Fed. Sts.",East Asia & Pacific,Upper middle income,2022,,,,,,,71.0
FSM,FM,"Micronesia, Fed. Sts.",East Asia & Pacific,Upper middle income,2023,,,,,,,69.30000000000001
FSM,FM,"Micronesia, Fed. Sts.",East Asia & Pacific,Upper middle income,2024,,,,,,,
GAB,GA,Gabon,Sub-Saharan Africa,Upper middle income,2000,Jean-François Ntoutoume-Émane,1.0,1.0,0.0,0.0,,
GAB,GA,Gabon,Sub-Saharan Africa,Upper middle income,2001,Jean-François Ntoutoume-Émane,2.0,2.0,0.0,0.0,,
GAB,GA,Gabon,Sub-Saharan Africa,Upper middle income,2002,Jean-François Ntoutoume-Émane,3.0,3.0,0.0,0.0,,
GAB,GA,Gabon,Sub-Saharan Africa,Upper middle income,2003,Jean-François Ntoutoume-Émane,4.0,4.0,0.0,0.0,,
GAB,GA,Gabon,Sub-Saharan Africa,Upper middle income,2004,Jean-François Ntoutoume-Émane,5.0,5.0,0.0,0.0,,
GAB,GA,Gabon,Sub-Saharan Africa,Upper middle income,2005,Jean-François Ntoutoume-Émane,6.0,6.0,0.0,0.0,,
GAB,GA,Gabon,Sub-Saharan Africa,Upper middle income,2006,Jean Eyeghe Ndong,1.0,3.5,1.0,0.0,,73.6
GAB,GA,Gabon,Sub-Saharan Africa,Upper middle income,2007,Jean Eyeghe Ndong,2.0,4.0,0.0,1.0,,73.3
GAB,GA,Gabon,Sub-Saharan Africa,Upper middle income,2008,Jean Eyeghe Ndong,3.0,4.5,0.0,1.0,,75.0
GAB,GA,Gabon,Sub-Saharan Africa,Upper middle income,2009,Paul Biyoghé Mba,1.0,3.3333333333333335,1.0,1.0,,74.4
GAB,GA,Gabon,Sub-Saharan Africa,Upper middle income,2010,Paul Biyoghé Mba,2.0,3.6666666666666665,0.0,2.0,,75.3
GAB,GA,Gabon,Sub-Saharan Africa,Upper middle income,2011,Paul Biyoghé Mba,3.0,4.0,0.0,2.0,,75.3
GAB,GA,Gabon,Sub-Saharan Africa,Upper middle income,2012,Raymond Ndong Sima,1.0,3.25,1.0,1.0,3.82,74.6
GAB,GA,Gabon,Sub-Saharan Africa,Upper middle income,2013,Raymond Ndong Sima,2.0,3.5,0.0,2.0,3.7,72.9
GAB,GA,Gabon,Sub-Saharan Africa,Upper middle income,2014,Daniel Ona Ondo,1.0,3.0,1.0,2.0,3.74,72.2
GAB,GA,Gabon,Sub-Saharan Africa,Upper middle income,2015,Daniel Ona Ondo,2.0,3.2,0.0,2.0,3.83,71.2
GAB,GA,Gabon,Sub-Saharan Africa,Upper middle income,2016,Franck Emmanuel Issoze-Ngondet,1.0,2.8333333333333335,1.0,2.0,3.79,72.0
GAB,GA,Gabon,Sub-Saharan Africa,Upper middle income,2017,Franck Emmanuel Issoze-Ngondet,2.0,3.0,0.0,3.0,,73.8
GAB,GA,Gabon,Sub-Saharan Africa,Upper middle income,2018,Franck Emmanuel Issoze-Ngondet,3.0,3.1666666666666665,0.0,2.0,,72.47628284232633
GAB,GA,Gabon,Sub-Saharan Africa,Upper middle income,2019,Julien Nkoghe Bekalé,1.0,2.857142857142857,1.0,2.0,,70.5
GAB,GA,Gabon,Sub-Saharan Africa,Upper middle income,2020,Rose Christiane Ossouka Raponda,1.0,2.625,1.0,2.0,,69.08700133545015
GAB,GA,Gabon,Sub-Saharan Africa,Upper middle income,2021,Rose Christiane Ossouka Raponda,2.0,2.75,0.0,3.0,,67.4
GAB,GA,Gabon,Sub-Saharan Africa,Upper middle income,2022,Rose Christiane Ossouka Raponda,3.0,2.875,0.0,2.0,,66.7
GAB,GA,Gabon,Sub-Saharan Africa,Upper middle income,2023,Raymond Ndong Sima,1.0,2.6666666666666665,1.0,2.0,,65.50000000000001
GAB,GA,Gabon,Sub-Saharan Africa,Upper middle income,2024,Raymond Ndong Sima,2.0,2.7777777777777777,0.0,3.0,,
GBR,GB,United Kingdom,Europe & Central Asia,High income,2000,Anthony Blair,1.0,1.0,0.0,0.0,,
GBR,GB,United Kingdom,Europe & Central Asia,High income,2001,Anthony Blair,2.0,2.0,0.0,0.0,,
GBR,GB,United Kingdom,Europe & Central Asia,High income,2002,Anthony Blair,3.0,3.0,0.0,0.0,,
GBR,GB,United Kingdom,Europe & Central Asia,High income,2003,Anthony Blair,4.0,4.0,0.0,0.0,,
GBR,GB,United Kingdom,Europe & Central Asia,High income,2004,Anthony Blair,5.0,5.0,0.0,0.0,,
GBR,GB,United Kingdom,Europe & Central Asia,High income,2005,Anthony Blair,6.0,6.0,0.0,0.0,,
GBR,GB,United Kingdom,Europe & Central Asia,High income,2006,Anthony Blair,7.0,7.0,0.0,0.0,,34.2
GBR,GB,United Kingdom,Europe & Central Asia,High income,2007,Gordon Brown,1.0,4.0,1.0,0.0,5.41,34.1
GBR,GB,United Kingdom,Europe & Central Asia,High income,2008,Gordon Brown,2.0,4.5,0.0,1.0,5.3,32.9
GBR,GB,United Kingdom,Europe & Central Asia,High income,2009,Gordon Brown,3.0,5.0,0.0,1.0,5.19,33.6
GBR,GB,United Kingdom,Europe & Central Asia,High income,2010,David Cameron,1.0,3.6666666666666665,1.0,1.0,5.25,33.9
GBR,GB,United Kingdom,Europe & Central Asia,High income,2011,David Cameron,2.0,4.0,0.0,2.0,5.39,34.1
GBR,GB,United Kingdom,Europe & Central Asia,High income,2012,David Cameron,3.0,4.333333333333333,0.0,2.0,5.45,35.3
GBR,GB,United Kingdom,Europe & Central Asia,High income,2013,David Cameron,4.0,4.666666666666667,0.0,1.0,5.37,33.2
GBR,GB,United Kingdom,Europe & Central Asia,High income,2014,David Cameron,5.0,5.0,0.0,1.0,5.41,34.3
GBR,GB,United Kingdom,Europe & Central Asia,High income,2015,David Cameron,6.0,5.333333333333333,0.0,1.0,5.43,33.4
GBR,GB,United Kingdom,Europe & Central Asia,High income,2016,Theresa May,1.0,4.25,1.0,0.0,5.49,32.4
GBR,GB,United Kingdom,Europe & Central Asia,High income,2017,Theresa May,2.0,4.5,0.0,1.0,5.51,33.2
GBR,GB,United Kingdom,Europe & Central Asia,High income,2018,Theresa May,3.0,4.75,0.0,1.0,,34.29882224337588
GBR,GB,United Kingdom,Europe & Central Asia,High income,2019,Boris Johnson,1.0,4.0,1.0,1.0,,36.7
GBR,GB,United Kingdom,Europe & Central Asia,High income,2020,Boris Johnson,2.0,4.2,0.0,2.0,,38.260475361020404
GBR,GB,United Kingdom,Europe & Central Asia,High income,2021,Boris Johnson,3.0,4.4,0.0,2.0,,41.50000000000001
GBR,GB,United Kingdom,Europe & Central Asia,High income,2022,Rishi Sunak,1.0,3.8333333333333335,1.0,1.0,,40.599999999999994
GBR,GB,United Kingdom,Europe & Central Asia,High income,2023,Rishi Sunak,2.0,4.0,0.0,2.0,,41.9
GBR,GB,United Kingdom,Europe & Central Asia,High income,2024,Keir Rodney Starmer,1.0,3.5714285714285716,1.0,2.0,,
GEO,GE,Georgia,Europe & Central Asia,Upper middle income,2000,Giorgi Longinozovich Arsenishvili,1.0,1.0,0.0,0.0,,
GEO,GE,Georgia,Europe & Central Asia,Upper middle income,2001,Avtandil Khristoforovich Jorbenadze,1.0,1.0,1.0,0.0,,
GEO,GE,Georgia,Europe & Central Asia,Upper middle income,2002,Avtandil Khristoforovich Jorbenadze,2.0,1.5,0.0,1.0,,
GEO,GE,Georgia,Europe & Central Asia,Upper middle income,2003,Avtandil Khristoforovich Jorbenadze,3.0,2.0,0.0,1.0,,
GEO,GE,Georgia,Europe & Central Asia,Upper middle income,2004,Zurab Besarionisdze Zhvania,1.0,1.6666666666666667,1.0,1.0,,
GEO,GE,Georgia,Europe & Central Asia,Upper middle income,2005,Zurab Teymurazovich Nogaideli,1.0,1.5,1.0,2.0,,
GEO,GE,Georgia,Europe & Central Asia,Upper middle income,2006,Zurab Teymurazovich Nogaideli,2.0,1.75,0.0,3.0,,82.2
GEO,GE,Georgia,Europe & Central Asia,Upper middle income,2007,Vladimer Gurgenidze,1.0,1.6,1.0,2.0,3.83,82.3
GEO,GE,Georgia,Europe & Central Asia,Upper middle income,2008,Vladimer Gurgenidze,2.0,1.8,0.0,3.0,3.86,83.8
GEO,GE,Georgia,Europe & Central Asia,Upper middle income,2009,Nikoloz Gilauri,1.0,1.6666666666666667,1.0,3.0,3.81,91.8
GEO,GE,Georgia,Europe & Central Asia,Upper middle income,2010,Nikoloz Gilauri,2.0,1.8333333333333333,0.0,3.0,3.86,90.4
GEO,GE,Georgia,Europe & Central Asia,Upper middle income,2011,Nikoloz Gilauri,3.0,2.0,0.0,2.0,3.95,86.4
GEO,GE,Georgia,Europe & Central Asia,Upper middle income,2012,Bidzina Ivanishvili,1.0,1.8571428571428572,1.0,2.0,4.07,84.8
GEO,GE,Georgia,Europe & Central Asia,Upper middle income,2013,Irakli Garibashvili,1.0,1.75,1.0,2.0,4.15,84.2
GEO,GE,Georgia,Europe & Central Asia,Upper middle income,2014,Irakli Garibashvili,2.0,1.875,0.0,3.0,4.22,82.7
GEO,GE,Georgia,Europe & Central Asia,Upper middle income,2015,Giorgi Kvirikashvili,1.0,1.7777777777777777,1.0,2.0,4.22,79.2
GEO,GE,Georgia,Europe & Central Asia,Upper middle income,2016,Giorgi Kvirikashvili,2.0,1.8888888888888888,0.0,3.0,4.32,78.9
GEO,GE,Georgia,Europe & Central Asia,Upper middle income,2017,Giorgi Kvirikashvili,3.0,2.0,0.0,3.0,4.28,76.5
GEO,GE,Georgia,Europe & Central Asia,Upper middle income,2018,Mamuka Bakhtadze,1.0,1.9,1.0,2.0,,74.00003923403446
GEO,GE,Georgia,Europe & Central Asia,Upper middle income,2019,Giorgi Gakharia,1.0,1.8181818181818181,1.0,2.0,,72.0
GEO,GE,Georgia,Europe & Central Asia,Upper middle income,2020,Giorgi Gakharia,2.0,1.9090909090909092,0.0,3.0,,71.15229518395927
GEO,GE,Georgia,Europe & Central Asia,Upper middle income,2021,Irakli Garibashvili,1.0,1.8333333333333333,1.0,2.0,,72.6
GEO,GE,Georgia,Europe & Central Asia,Upper middle income,2022,Irakli Garibashvili,2.0,1.9166666666666667,0.0,3.0,,71.8
GEO,GE,Georgia,Europe & Central Asia,Upper middle income,2023,Irakli Garibashvili,3.0,2.0,0.0,3.0,,71.89999999999999
GEO,GE,Georgia,Europe & Central Asia,Upper middle income,2024,Irakli Kobakhidze,1.0,1.9230769230769231,1.0,2.0,,
GHA,GH,Ghana,Sub-Saharan Africa,Lower middle income,2000,,,,0.0,0.0,,
GHA,GH,Ghana,Sub-Saharan Africa,Lower middle income,2001,,,,0.0,0.0,,
GHA,GH,Ghana,Sub-Saharan Africa,Lower middle income,2002,,,,0.0,0.0,,
GHA,GH,Ghana,Sub-Saharan Africa,Lower middle income,2003,,,,0.0,0.0,,
GHA,GH,Ghana,Sub-Saharan Africa,Lower middle income,2004,,,,0.0,0.0,,
GHA,GH,Ghana,Sub-Saharan Africa,Lower middle income,2005,,,,0.0,0.0,,
GHA,GH,Ghana,Sub-Saharan Africa,Lower middle income,2006,,,,0.0,0.0,,60.5
GHA,GH,Ghana,Sub-Saharan Africa,Lower middle income,2007,,,,0.0,0.0,,61.9
GHA,GH,Ghana,Sub-Saharan Africa,Lower middle income,2008,,,,0.0,0.0,3.62,64.6
GHA,GH,Ghana,Sub-Saharan Africa,Lower middle income,2009,,,,0.0,0.0,3.45,66.2
GHA,GH,Ghana,Sub-Saharan Africa,Lower middle income,2010,,,,0.0,0.0,3.56,67.1
GHA,GH,Ghana,Sub-Saharan Africa,Lower middle income,2011,,,,0.0,0.0,3.65,67.7
GHA,GH,Ghana,Sub-Saharan Africa,Lower middle income,2012,,,,0.0,0.0,3.79,67.5
GHA,GH,Ghana,Sub-Saharan Africa,Lower middle income,2013,,,,0.0,0.0,3.69,69.1
GHA,GH,Ghana,Sub-Saharan Africa,Lower middle income,2014,,,,0.0,0.0,3.71,70.7
GHA,GH,Ghana,Sub-Saharan Africa,Lower middle income,2015,,,,0.0,0.0,3.58,71.8
GHA,GH,Ghana,Sub-Saharan Africa,Lower middle income,2016,,,,0.0,0.0,3.68,71.2
GHA,GH,Ghana,Sub-Saharan Africa,Lower middle income,2017,,,,0.0,0.0,3.72,69.7
GHA,GH,Ghana,Sub-Saharan Africa,Lower middle income,2018,,,,0.0,0.0,,68.1221863165064
GHA,GH,Ghana,Sub-Saharan Africa,Lower middle income,2019,,,,0.0,0.0,,65.9
GHA,GH,Ghana,Sub-Saharan Africa,Lower middle income,2020,,,,0.0,0.0,,64.15816913182405
GHA,GH,Ghana,Sub-Saharan Africa,Lower middle income,2021,,,,0.0,0.0,,63.900000000000006
GHA,GH,Ghana,Sub-Saharan Africa,Lower middle income,2022,,,,0.0,0.0,,63.0
GHA,GH,Ghana,Sub-Saharan Africa,Lower middle income,2023,,,,0.0,0.0,,62.29999999999999
GHA,GH,Ghana,Sub-Saharan Africa,Lower middle income,2024,,,,0.0,0.0,,
GIB,GI,Gibraltar,Europe & Central Asia,High income,2000,,,,,,,
GIB,GI,Gibraltar,Europe & Central Asia,High income,2001,,,,,,,
GIB,GI,Gibraltar,Europe & Central Asia,High income,2002,,,,,,,
GIB,GI,Gibraltar,Europe & Central Asia,High income,2003,,,,,,,
GIB,GI,Gibraltar,Europe & Central Asia,High income,2004,,,,,,,
GIB,GI,Gibraltar,Europe & Central Asia,High income,2005,,,,,,,
GIB,GI,Gibraltar,Europe & Central Asia,High income,2006,,,,,,,
GIB,GI,Gibraltar,Europe & Central Asia,High income,2007,,,,,,,
GIB,GI,Gibraltar,Europe & Central Asia,High income,2008,,,,,,,
GIB,GI,Gibraltar,Europe & Central Asia,High income,2009,,,,,,,
GIB,GI,Gibraltar,Europe & Central Asia,High income,2010,,,,,,,
GIB,GI,Gibraltar,Europe & Central Asia,High income,2011,,,,,,,
GIB,GI,Gibraltar,Europe & Central Asia,High income,2012,,,,,,,
GIB,GI,Gibraltar,Europe & Central Asia,High income,2013,,,,,,,
GIB,GI,Gibraltar,Europe & Central Asia,High income,2014,,,,,,,
GIB,GI,Gibraltar,Europe & Central Asia,High income,2015,,,,,,,
GIB,GI,Gibraltar,Europe & Central Asia,High income,2016,,,,,,,
GIB,GI,Gibraltar,Europe & Central Asia,High income,2017,,,,,,,
GIB,GI,Gibraltar,Europe & Central Asia,High income,2018,,,,,,,
GIB,GI,Gibraltar,Europe & Central Asia,High income,2019,,,,,,,
GIB,GI,Gibraltar,Europe & Central Asia,High income,2020,,,,,,,
GIB,GI,Gibraltar,Europe & Central Asia,High income,2021,,,,,,,
GIB,GI,Gibraltar,Europe & Central Asia,High income,2022,,,,,,,
GIB,GI,Gibraltar,Europe & Central Asia,High income,2023,,,,,,,
GIB,GI,Gibraltar,Europe & Central Asia,High income,2024,,,,,,,
GIN,GN,Guinea,Sub-Saharan Africa,Lower middle income,2000,Lamine Sidimé,1.0,1.0,0.0,0.0,,
GIN,GN,Guinea,Sub-Saharan Africa,Lower middle income,2001,Lamine Sidimé,2.0,2.0,0.0,0.0,,
GIN,GN,Guinea,Sub-Saharan Africa,Lower middle income,2002,Lamine Sidimé,3.0,3.0,0.0,0.0,,
GIN,GN,Guinea,Sub-Saharan Africa,Lower middle income,2003,Lamine Sidimé,4.0,4.0,0.0,0.0,,
GIN,GN,Guinea,Sub-Saharan Africa,Lower middle income,2004,Cellou Dalein Diallo,1.0,2.5,1.0,0.0,,
GIN,GN,Guinea,Sub-Saharan Africa,Lower middle income,2005,Cellou Dalein Diallo,2.0,3.0,0.0,1.0,,
GIN,GN,Guinea,Sub-Saharan Africa,Lower middle income,2006,Cellou Dalein Diallo,3.0,3.5,0.0,1.0,,99.0
GIN,GN,Guinea,Sub-Saharan Africa,Lower middle income,2007,Lansana Kouyaté,1.0,2.6666666666666665,1.0,1.0,,101.3
GIN,GN,Guinea,Sub-Saharan Africa,Lower middle income,2008,Ahmed Tidiane Souaré,1.0,2.25,1.0,2.0,,101.8
GIN,GN,Guinea,Sub-Saharan Africa,Lower middle income,2009,Kabiné Komara,1.0,2.0,1.0,3.0,,104.6
GIN,GN,Guinea,Sub-Saharan Africa,Lower middle income,2010,Mohamed Said Fofana,1.0,1.8333333333333333,1.0,3.0,,105.0
GIN,GN,Guinea,Sub-Saharan Africa,Lower middle income,2011,Mohamed Said Fofana,2.0,2.0,0.0,4.0,,102.5
GIN,GN,Guinea,Sub-Saharan Africa,Lower middle income,2012,Mohamed Said Fofana,3.0,2.1666666666666665,0.0,4.0,2.9,101.9
GIN,GN,Guinea,Sub-Saharan Africa,Lower middle income,2013,Mohamed Said Fofana,4.0,2.3333333333333335,0.0,3.0,2.91,101.3
GIN,GN,Guinea,Sub-Saharan Africa,Lower middle income,2014,Mohamed Said Fofana,5.0,2.5,0.0,2.0,2.79,102.7
GIN,GN,Guinea,Sub-Saharan Africa,Lower middle income,2015,Mamady Youla,1.0,2.2857142857142856,1.0,1.0,2.84,104.9
GIN,GN,Guinea,Sub-Saharan Africa,Lower middle income,2016,Mamady Youla,2.0,2.4285714285714284,0.0,1.0,,103.8
GIN,GN,Guinea,Sub-Saharan Africa,Lower middle income,2017,Mamady Youla,3.0,2.5714285714285716,0.0,1.0,3.47,102.4
GIN,GN,Guinea,Sub-Saharan Africa,Lower middle income,2018,Ibrahima Fofana,1.0,2.375,1.0,1.0,,101.6167424753827
GIN,GN,Guinea,Sub-Saharan Africa,Lower middle income,2019,Ibrahima Fofana,2.0,2.5,0.0,2.0,,99.4
GIN,GN,Guinea,Sub-Saharan Africa,Lower middle income,2020,Ibrahima Fofana,3.0,2.625,0.0,2.0,,97.16761117146424
GIN,GN,Guinea,Sub-Saharan Africa,Lower middle income,2021,Mohamed Beavogui,1.0,2.4444444444444446,1.0,1.0,,97.39999999999999
GIN,GN,Guinea,Sub-Saharan Africa,Lower middle income,2022,Bernard Goumou,1.0,2.3,1.0,2.0,,99.6
GIN,GN,Guinea,Sub-Saharan Africa,Lower middle income,2023,Bernard Goumou,2.0,2.4,0.0,3.0,,98.50000000000001
GIN,GN,Guinea,Sub-Saharan Africa,Lower middle income,2024,Amadou Oury Bah,1.0,2.272727272727273,1.0,2.0,,
GMB,GM,"Gambia, The",Sub-Saharan Africa,Low income,2000,,,,0.0,0.0,,
GMB,GM,"Gambia, The",Sub-Saharan Africa,Low income,2001,,,,0.0,0.0,,
GMB,GM,"Gambia, The",Sub-Saharan Africa,Low income,2002,,,,0.0,0.0,,
GMB,GM,"Gambia, The",Sub-Saharan Africa,Low income,2003,,,,0.0,0.0,,
GMB,GM,"Gambia, The",Sub-Saharan Africa,Low income,2004,,,,0.0,0.0,,
GMB,GM,"Gambia, The",Sub-Saharan Africa,Low income,2005,,,,0.0,0.0,,
GMB,GM,"Gambia, The",Sub-Saharan Africa,Low income,2006,,,,0.0,0.0,,74.0
GMB,GM,"Gambia, The",Sub-Saharan Africa,Low income,2007,,,,0.0,0.0,3.59,76.0
GMB,GM,"Gambia, The",Sub-Saharan Africa,Low income,2008,,,,0.0,0.0,3.88,76.9
GMB,GM,"Gambia, The",Sub-Saharan Africa,Low income,2009,,,,0.0,0.0,3.96,79.0
GMB,GM,"Gambia, The",Sub-Saharan Africa,Low income,2010,,,,0.0,0.0,3.9,80.2
GMB,GM,"Gambia, The",Sub-Saharan Africa,Low income,2011,,,,0.0,0.0,3.84,80.9
GMB,GM,"Gambia, The",Sub-Saharan Africa,Low income,2012,,,,0.0,0.0,3.83,80.6
GMB,GM,"Gambia, The",Sub-Saharan Africa,Low income,2013,,,,0.0,0.0,3.67,81.8
GMB,GM,"Gambia, The",Sub-Saharan Africa,Low income,2014,,,,0.0,0.0,3.53,83.1
GMB,GM,"Gambia, The",Sub-Saharan Africa,Low income,2015,,,,0.0,0.0,3.48,85.4
GMB,GM,"Gambia, The",Sub-Saharan Africa,Low income,2016,,,,0.0,0.0,3.47,86.8
GMB,GM,"Gambia, The",Sub-Saharan Africa,Low income,2017,,,,0.0,0.0,3.61,89.4
GMB,GM,"Gambia, The",Sub-Saharan Africa,Low income,2018,,,,0.0,0.0,,87.06418531960836
GMB,GM,"Gambia, The",Sub-Saharan Africa,Low income,2019,,,,0.0,0.0,,83.9
GMB,GM,"Gambia, The",Sub-Saharan Africa,Low income,2020,,,,0.0,0.0,,82.21463956781182
GMB,GM,"Gambia, The",Sub-Saharan Africa,Low income,2021,,,,0.0,0.0,,80.5
GMB,GM,"Gambia, The",Sub-Saharan Africa,Low income,2022,,,,0.0,0.0,,78.6
GMB,GM,"Gambia, The",Sub-Saharan Africa,Low income,2023,,,,0.0,0.0,,76.10000000000001
GMB,GM,"Gambia, The",Sub-Saharan Africa,Low income,2024,,,,0.0,0.0,,
GNB,GW,Guinea-Bissau,Sub-Saharan Africa,Low income,2000,Caetano N'Tchama,1.0,1.0,0.0,0.0,,
GNB,GW,Guinea-Bissau,Sub-Saharan Africa,Low income,2001,Alamara Ntchina Nhassè,1.0,1.0,1.0,0.0,,
GNB,GW,Guinea-Bissau,Sub-Saharan Africa,Low income,2002,Mário Pires,1.0,1.0,1.0,1.0,,
GNB,GW,Guinea-Bissau,Sub-Saharan Africa,Low income,2003,António Artur Sanhá,1.0,1.0,1.0,2.0,,
GNB,GW,Guinea-Bissau,Sub-Saharan Africa,Low income,2004,Carlos Gomes Júnior,1.0,1.0,1.0,3.0,,
GNB,GW,Guinea-Bissau,Sub-Saharan Africa,Low income,2005,Aristides Gomes,1.0,1.0,1.0,4.0,,
GNB,GW,Guinea-Bissau,Sub-Saharan Africa,Low income,2006,Aristides Gomes,2.0,1.1666666666666667,0.0,5.0,,85.4
GNB,GW,Guinea-Bissau,Sub-Saharan Africa,Low income,2007,Martinho Ndafa Kabi,1.0,1.1428571428571428,1.0,4.0,,88.8
GNB,GW,Guinea-Bissau,Sub-Saharan Africa,Low income,2008,Carlos Correia,1.0,1.125,1.0,4.0,,91.3
GNB,GW,Guinea-Bissau,Sub-Saharan Africa,Low income,2009,Carlos Gomes Júnior,1.0,1.1111111111111112,1.0,4.0,,94.8
GNB,GW,Guinea-Bissau,Sub-Saharan Africa,Low income,2010,Carlos Gomes Júnior,2.0,1.2222222222222223,0.0,4.0,,97.2
GNB,GW,Guinea-Bissau,Sub-Saharan Africa,Low income,2011,Carlos Gomes Júnior,3.0,1.3333333333333333,0.0,3.0,,98.3
GNB,GW,Guinea-Bissau,Sub-Saharan Africa,Low income,2012,Rui Duarte de Barros,1.0,1.3,1.0,3.0,,99.2
GNB,GW,Guinea-Bissau,Sub-Saharan Africa,Low income,2013,Rui Duarte de Barros,2.0,1.4,0.0,3.0,,101.1
GNB,GW,Guinea-Bissau,Sub-Saharan Africa,Low income,2014,Domingos Simões Pereira,1.0,1.3636363636363635,1.0,2.0,,100.6
GNB,GW,Guinea-Bissau,Sub-Saharan Africa,Low income,2015,Carlos Correia,1.0,1.3333333333333333,1.0,2.0,,99.9
GNB,GW,Guinea-Bissau,Sub-Saharan Africa,Low income,2016,Umaro Sissoco Embalo,1.0,1.3076923076923077,1.0,3.0,,99.8
GNB,GW,Guinea-Bissau,Sub-Saharan Africa,Low income,2017,Umaro Sissoco Embalo,2.0,1.3846153846153846,0.0,4.0,,99.5
GNB,GW,Guinea-Bissau,Sub-Saharan Africa,Low income,2018,Aristides Gomes,1.0,1.3571428571428572,1.0,3.0,,98.09458991085195
GNB,GW,Guinea-Bissau,Sub-Saharan Africa,Low income,2019,Faustino Fudut Imbali,1.0,1.3333333333333333,1.0,4.0,,95.5
GNB,GW,Guinea-Bissau,Sub-Saharan Africa,Low income,2020,Nuno Gomes Nabiam,1.0,1.3125,1.0,4.0,,92.90207550854626
GNB,GW,Guinea-Bissau,Sub-Saharan Africa,Low income,2021,Nuno Gomes Nabiam,2.0,1.375,0.0,4.0,,91.99999999999999
GNB,GW,Guinea-Bissau,Sub-Saharan Africa,Low income,2022,Nuno Gomes Nabiam,3.0,1.4375,0.0,3.0,,91.3
GNB,GW,Guinea-Bissau,Sub-Saharan Africa,Low income,2023,Rui Duarte de Barros,1.0,1.411764705882353,1.0,3.0,,89.90000000000002
GNB,GW,Guinea-Bissau,Sub-Saharan Africa,Low income,2024,Rui Duarte de Barros,2.0,1.4705882352941178,0.0,3.0,,
GNQ,GQ,Equatorial Guinea,Sub-Saharan Africa,Upper middle income,2000,,,,0.0,0.0,,
GNQ,GQ,Equatorial Guinea,Sub-Saharan Africa,Upper middle income,2001,,,,0.0,0.0,,
GNQ,GQ,Equatorial Guinea,Sub-Saharan Africa,Upper middle income,2002,,,,0.0,0.0,,
GNQ,GQ,Equatorial Guinea,Sub-Saharan Africa,Upper middle income,2003,,,,0.0,0.0,,
GNQ,GQ,Equatorial Guinea,Sub-Saharan Africa,Upper middle income,2004,,,,0.0,0.0,,
GNQ,GQ,Equatorial Guinea,Sub-Saharan Africa,Upper middle income,2005,,,,0.0,0.0,,
GNQ,GQ,Equatorial Guinea,Sub-Saharan Africa,Upper middle income,2006,,,,0.0,0.0,,84.0
GNQ,GQ,Equatorial Guinea,Sub-Saharan Africa,Upper middle income,2007,,,,0.0,0.0,,88.2
GNQ,GQ,Equatorial Guinea,Sub-Saharan Africa,Upper middle income,2008,,,,0.0,0.0,,88.0
GNQ,GQ,Equatorial Guinea,Sub-Saharan Africa,Upper middle income,2009,,,,0.0,0.0,,88.3
GNQ,GQ,Equatorial Guinea,Sub-Saharan Africa,Upper middle income,2010,,,,0.0,0.0,,88.5
GNQ,GQ,Equatorial Guinea,Sub-Saharan Africa,Upper middle income,2011,,,,0.0,0.0,,88.1
GNQ,GQ,Equatorial Guinea,Sub-Saharan Africa,Upper middle income,2012,,,,0.0,0.0,,86.3
GNQ,GQ,Equatorial Guinea,Sub-Saharan Africa,Upper middle income,2013,,,,0.0,0.0,,86.1
GNQ,GQ,Equatorial Guinea,Sub-Saharan Africa,Upper middle income,2014,,,,0.0,0.0,,85.3
GNQ,GQ,Equatorial Guinea,Sub-Saharan Africa,Upper middle income,2015,,,,0.0,0.0,,84.8
GNQ,GQ,Equatorial Guinea,Sub-Saharan Africa,Upper middle income,2016,,,,0.0,0.0,,85.2
GNQ,GQ,Equatorial Guinea,Sub-Saharan Africa,Upper middle income,2017,,,,0.0,0.0,,85.0
GNQ,GQ,Equatorial Guinea,Sub-Saharan Africa,Upper middle income,2018,,,,0.0,0.0,,83.39889583816712
GNQ,GQ,Equatorial Guinea,Sub-Saharan Africa,Upper middle income,2019,,,,0.0,0.0,,82.6
GNQ,GQ,Equatorial Guinea,Sub-Saharan Africa,Upper middle income,2020,,,,0.0,0.0,,83.01620385538543
GNQ,GQ,Equatorial Guinea,Sub-Saharan Africa,Upper middle income,2021,,,,0.0,0.0,,84.10000000000001
GNQ,GQ,Equatorial Guinea,Sub-Saharan Africa,Upper middle income,2022,,,,0.0,0.0,,84.1
GNQ,GQ,Equatorial Guinea,Sub-Saharan Africa,Upper middle income,2023,,,,0.0,0.0,,84.4
GNQ,GQ,Equatorial Guinea,Sub-Saharan Africa,Upper middle income,2024,,,,0.0,0.0,,
GRC,GR,Greece,Europe & Central Asia,High income,2000,Konstantinos Georgiou Simitis,1.0,1.0,0.0,0.0,,
GRC,GR,Greece,Europe & Central Asia,High income,2001,Konstantinos Georgiou Simitis,2.0,2.0,0.0,0.0,,
GRC,GR,Greece,Europe & Central Asia,High income,2002,Konstantinos Georgiou Simitis,3.0,3.0,0.0,0.0,,
GRC,GR,Greece,Europe & Central Asia,High income,2003,Konstantinos Georgiou Simitis,4.0,4.0,0.0,0.0,,
GRC,GR,Greece,Europe & Central Asia,High income,2004,Konstantinos Alexandrou Karamanlis,1.0,2.5,1.0,0.0,,
GRC,GR,Greece,Europe & Central Asia,High income,2005,Konstantinos Alexandrou Karamanlis,2.0,3.0,0.0,1.0,,
GRC,GR,Greece,Europe & Central Asia,High income,2006,Konstantinos Alexandrou Karamanlis,3.0,3.5,0.0,1.0,,41.1
GRC,GR,Greece,Europe & Central Asia,High income,2007,Konstantinos Alexandrou Karamanlis,4.0,4.0,0.0,1.0,4.08,43.5
GRC,GR,Greece,Europe & Central Asia,High income,2008,Konstantinos Alexandrou Karamanlis,5.0,4.5,0.0,1.0,4.11,45.4
GRC,GR,Greece,Europe & Central Asia,High income,2009,Georgios Andreou Papandreou,1.0,3.3333333333333335,1.0,1.0,4.04,46.1
GRC,GR,Greece,Europe & Central Asia,High income,2010,Georgios Andreou Papandreou,2.0,3.6666666666666665,0.0,1.0,3.99,45.9
GRC,GR,Greece,Europe & Central Asia,High income,2011,Loukas Dimitriou Papadimos,1.0,3.0,1.0,1.0,3.92,47.4
GRC,GR,Greece,Europe & Central Asia,High income,2012,Antonios Konstantinou Samaras,1.0,2.6,1.0,2.0,3.86,50.4
GRC,GR,Greece,Europe & Central Asia,High income,2013,Antonios Konstantinou Samaras,2.0,2.8,0.0,3.0,3.93,50.6
GRC,GR,Greece,Europe & Central Asia,High income,2014,Antonios Konstantinou Samaras,3.0,3.0,0.0,3.0,4.04,52.1
GRC,GR,Greece,Europe & Central Asia,High income,2015,Alexis Tsipras,1.0,2.6666666666666665,1.0,2.0,4.02,52.6
GRC,GR,Greece,Europe & Central Asia,High income,2016,Alexis Tsipras,2.0,2.8333333333333335,0.0,3.0,4.0,55.9
GRC,GR,Greece,Europe & Central Asia,High income,2017,Alexis Tsipras,3.0,3.0,0.0,2.0,4.02,57.5
GRC,GR,Greece,Europe & Central Asia,High income,2018,Alexis Tsipras,4.0,3.1666666666666665,0.0,1.0,,55.28241010073139
GRC,GR,Greece,Europe & Central Asia,High income,2019,Kyriakos Mitsotakis,1.0,2.857142857142857,1.0,1.0,,53.9
GRC,GR,Greece,Europe & Central Asia,High income,2020,Kyriakos Mitsotakis,2.0,3.0,0.0,2.0,,52.14869722028766
GRC,GR,Greece,Europe & Central Asia,High income,2021,Kyriakos Mitsotakis,3.0,3.142857142857143,0.0,1.0,,54.49999999999999
GRC,GR,Greece,Europe & Central Asia,High income,2022,Kyriakos Mitsotakis,4.0,3.2857142857142856,0.0,1.0,,55.8
GRC,GR,Greece,Europe & Central Asia,High income,2023,Kyriakos Mitsotakis,5.0,3.4285714285714284,0.0,1.0,,55.099999999999994
GRC,GR,Greece,Europe & Central Asia,High income,2024,Kyriakos Mitsotakis,6.0,3.5714285714285716,0.0,1.0,,
GRD,GD,Grenada,Latin America & Caribbean,Upper middle income,2000,,,,,,,
GRD,GD,Grenada,Latin America & Caribbean,Upper middle income,2001,,,,,,,
GRD,GD,Grenada,Latin America & Caribbean,Upper middle income,2002,,,,,,,
GRD,GD,Grenada,Latin America & Caribbean,Upper middle income,2003,,,,,,,
GRD,GD,Grenada,Latin America & Caribbean,Upper middle income,2004,,,,,,,
GRD,GD,Grenada,Latin America & Caribbean,Upper middle income,2005,,,,,,,
GRD,GD,Grenada,Latin America & Caribbean,Upper middle income,2006,,,,,,,
GRD,GD,Grenada,Latin America & Caribbean,Upper middle income,2007,,,,,,,71.6
GRD,GD,Grenada,Latin America & Caribbean,Upper middle income,2008,,,,,,,69.0
GRD,GD,Grenada,Latin America & Caribbean,Upper middle income,2009,,,,,,,67.9
GRD,GD,Grenada,Latin America & Caribbean,Upper middle income,2010,,,,,,,67.0
GRD,GD,Grenada,Latin America & Caribbean,Upper middle income,2011,,,,,,,66.4
GRD,GD,Grenada,Latin America & Caribbean,Upper middle income,2012,,,,,,,65.0
GRD,GD,Grenada,Latin America & Caribbean,Upper middle income,2013,,,,,,,64.6
GRD,GD,Grenada,Latin America & Caribbean,Upper middle income,2014,,,,,,,65.2
GRD,GD,Grenada,Latin America & Caribbean,Upper middle income,2015,,,,,,,63.5
GRD,GD,Grenada,Latin America & Caribbean,Upper middle income,2016,,,,,,,63.0
GRD,GD,Grenada,Latin America & Caribbean,Upper middle income,2017,,,,,,,61.5
GRD,GD,Grenada,Latin America & Caribbean,Upper middle income,2018,,,,,,,59.9
GRD,GD,Grenada,Latin America & Caribbean,Upper middle income,2019,,,,,,,57.6
GRD,GD,Grenada,Latin America & Caribbean,Upper middle income,2020,,,,,,,55.24684546356435
GRD,GD,Grenada,Latin America & Caribbean,Upper middle income,2021,,,,,,,56.099999999999994
GRD,GD,Grenada,Latin America & Caribbean,Upper middle income,2022,,,,,,,54.3
GRD,GD,Grenada,Latin America & Caribbean,Upper middle income,2023,,,,,,,53.699999999999996
GRD,GD,Grenada,Latin America & Caribbean,Upper middle income,2024,,,,,,,
GRL,GL,Greenland,Europe & Central Asia,High income,2000,,,,,,,
GRL,GL,Greenland,Europe & Central Asia,High income,2001,,,,,,,
GRL,GL,Greenland,Europe & Central Asia,High income,2002,,,,,,,
GRL,GL,Greenland,Europe & Central Asia,High income,2003,,,,,,,
GRL,GL,Greenland,Europe & Central Asia,High income,2004,,,,,,,
GRL,GL,Greenland,Europe & Central Asia,High income,2005,,,,,,,
GRL,GL,Greenland,Europe & Central Asia,High income,2006,,,,,,,
GRL,GL,Greenland,Europe & Central Asia,High income,2007,,,,,,,
GRL,GL,Greenland,Europe & Central Asia,High income,2008,,,,,,,
GRL,GL,Greenland,Europe & Central Asia,High income,2009,,,,,,,
GRL,GL,Greenland,Europe & Central Asia,High income,2010,,,,,,,
GRL,GL,Greenland,Europe & Central Asia,High income,2011,,,,,,,
GRL,GL,Greenland,Europe & Central Asia,High income,2012,,,,,,,
GRL,GL,Greenland,Europe & Central Asia,High income,2013,,,,,,,
GRL,GL,Greenland,Europe & Central Asia,High income,2014,,,,,,,
GRL,GL,Greenland,Europe & Central Asia,High income,2015,,,,,,,
GRL,GL,Greenland,Europe & Central Asia,High income,2016,,,,,,,
GRL,GL,Greenland,Europe & Central Asia,High income,2017,,,,,,,
GRL,GL,Greenland,Europe & Central Asia,High income,2018,,,,,,,
GRL,GL,Greenland,Europe & Central Asia,High income,2019,,,,,,,
GRL,GL,Greenland,Europe & Central Asia,High income,2020,,,,,,,
GRL,GL,Greenland,Europe & Central Asia,High income,2021,,,,,,,
GRL,GL,Greenland,Europe & Central Asia,High income,2022,,,,,,,
GRL,GL,Greenland,Europe & Central Asia,High income,2023,,,,,,,
GRL,GL,Greenland,Europe & Central Asia,High income,2024,,,,,,,
GTM,GT,Guatemala,Latin America & Caribbean,Upper middle income,2000,,,,0.0,0.0,,
GTM,GT,Guatemala,Latin America & Caribbean,Upper middle income,2001,,,,0.0,0.0,,
GTM,GT,Guatemala,Latin America & Caribbean,Upper middle income,2002,,,,0.0,0.0,,
GTM,GT,Guatemala,Latin America & Caribbean,Upper middle income,2003,,,,0.0,0.0,,
GTM,GT,Guatemala,Latin America & Caribbean,Upper middle income,2004,,,,0.0,0.0,,
GTM,GT,Guatemala,Latin America & Caribbean,Upper middle income,2005,,,,0.0,0.0,,
GTM,GT,Guatemala,Latin America & Caribbean,Upper middle income,2006,,,,0.0,0.0,,84.3
GTM,GT,Guatemala,Latin America & Caribbean,Upper middle income,2007,,,,0.0,0.0,3.86,81.4
GTM,GT,Guatemala,Latin America & Caribbean,Upper middle income,2008,,,,0.0,0.0,3.94,80.6
GTM,GT,Guatemala,Latin America & Caribbean,Upper middle income,2009,,,,0.0,0.0,3.96,80.6
GTM,GT,Guatemala,Latin America & Caribbean,Upper middle income,2010,,,,0.0,0.0,4.04,81.2
GTM,GT,Guatemala,Latin America & Caribbean,Upper middle income,2011,,,,0.0,0.0,4.0,80.1
GTM,GT,Guatemala,Latin America & Caribbean,Upper middle income,2012,,,,0.0,0.0,4.01,79.4
GTM,GT,Guatemala,Latin America & Caribbean,Upper middle income,2013,,,,0.0,0.0,4.04,80.7
GTM,GT,Guatemala,Latin America & Caribbean,Upper middle income,2014,,,,0.0,0.0,4.1,80.3
GTM,GT,Guatemala,Latin America & Caribbean,Upper middle income,2015,,,,0.0,0.0,4.05,80.4
GTM,GT,Guatemala,Latin America & Caribbean,Upper middle income,2016,,,,0.0,0.0,4.08,83.2
GTM,GT,Guatemala,Latin America & Caribbean,Upper middle income,2017,,,,0.0,0.0,4.08,83.1
GTM,GT,Guatemala,Latin America & Caribbean,Upper middle income,2018,,,,0.0,0.0,,81.83670919240136
GTM,GT,Guatemala,Latin America & Caribbean,Upper middle income,2019,,,,0.0,0.0,,81.4
GTM,GT,Guatemala,Latin America & Caribbean,Upper middle income,2020,,,,0.0,0.0,,79.17634843834767
GTM,GT,Guatemala,Latin America & Caribbean,Upper middle income,2021,,,,0.0,0.0,,79.4
GTM,GT,Guatemala,Latin America & Caribbean,Upper middle income,2022,,,,0.0,0.0,,77.5
GTM,GT,Guatemala,Latin America & Caribbean,Upper middle income,2023,,,,0.0,0.0,,77.3
GTM,GT,Guatemala,Latin America & Caribbean,Upper middle income,2024,,,,0.0,0.0,,
GUM,GU,Guam,East Asia & Pacific,High income,2000,,,,,,,
GUM,GU,Guam,East Asia & Pacific,High income,2001,,,,,,,
GUM,GU,Guam,East Asia & Pacific,High income,2002,,,,,,,
GUM,GU,Guam,East Asia & Pacific,High income,2003,,,,,,,
GUM,GU,Guam,East Asia & Pacific,High income,2004,,,,,,,
GUM,GU,Guam,East Asia & Pacific,High income,2005,,,,,,,
GUM,GU,Guam,East Asia & Pacific,High income,2006,,,,,,,
GUM,GU,Guam,East Asia & Pacific,High income,2007,,,,,,,
GUM,GU,Guam,East Asia & Pacific,High income,2008,,,,,,,
GUM,GU,Guam,East Asia & Pacific,High income,2009,,,,,,,
GUM,GU,Guam,East Asia & Pacific,High income,2010,,,,,,,
GUM,GU,Guam,East Asia & Pacific,High income,2011,,,,,,,
GUM,GU,Guam,East Asia & Pacific,High income,2012,,,,,,,
GUM,GU,Guam,East Asia & Pacific,High income,2013,,,,,,,
GUM,GU,Guam,East Asia & Pacific,High income,2014,,,,,,,
GUM,GU,Guam,East Asia & Pacific,High income,2015,,,,,,,
GUM,GU,Guam,East Asia & Pacific,High income,2016,,,,,,,
GUM,GU,Guam,East Asia & Pacific,High income,2017,,,,,,,
GUM,GU,Guam,East Asia & Pacific,High income,2018,,,,,,,
GUM,GU,Guam,East Asia & Pacific,High income,2019,,,,,,,
GUM,GU,Guam,East Asia & Pacific,High income,2020,,,,,,,
GUM,GU,Guam,East Asia & Pacific,High income,2021,,,,,,,
GUM,GU,Guam,East Asia & Pacific,High income,2022,,,,,,,
GUM,GU,Guam,East Asia & Pacific,High income,2023,,,,,,,
GUM,GU,Guam,East Asia & Pacific,High income,2024,,,,,,,
GUY,GY,Guyana,Latin America & Caribbean,High income,2000,,,,0.0,0.0,,
GUY,GY,Guyana,Latin America & Caribbean,High income,2001,,,,0.0,0.0,,
GUY,GY,Guyana,Latin America & Caribbean,High income,2002,,,,0.0,0.0,,
GUY,GY,Guyana,Latin America & Caribbean,High income,2003,,,,0.0,0.0,,
GUY,GY,Guyana,Latin America & Caribbean,High income,2004,,,,0.0,0.0,,
GUY,GY,Guyana,Latin America & Caribbean,High income,2005,,,,0.0,0.0,,
GUY,GY,Guyana,Latin America & Caribbean,High income,2006,,,,0.0,0.0,,
GUY,GY,Guyana,Latin America & Caribbean,High income,2007,,,,0.0,0.0,3.25,73.3
GUY,GY,Guyana,Latin America & Caribbean,High income,2008,,,,0.0,0.0,3.47,72.2
GUY,GY,Guyana,Latin America & Caribbean,High income,2009,,,,0.0,0.0,3.56,73.0
GUY,GY,Guyana,Latin America & Caribbean,High income,2010,,,,0.0,0.0,3.62,73.0
GUY,GY,Guyana,Latin America & Caribbean,High income,2011,,,,0.0,0.0,3.73,72.6
GUY,GY,Guyana,Latin America & Caribbean,High income,2012,,,,0.0,0.0,3.73,71.4
GUY,GY,Guyana,Latin America & Caribbean,High income,2013,,,,0.0,0.0,3.77,70.8
GUY,GY,Guyana,Latin America & Caribbean,High income,2014,,,,0.0,0.0,3.65,71.0
GUY,GY,Guyana,Latin America & Caribbean,High income,2015,,,,0.0,0.0,3.56,70.5
GUY,GY,Guyana,Latin America & Caribbean,High income,2016,,,,0.0,0.0,,70.9
GUY,GY,Guyana,Latin America & Caribbean,High income,2017,,,,0.0,0.0,,71.3
GUY,GY,Guyana,Latin America & Caribbean,High income,2018,,,,0.0,0.0,,70.35847016331266
GUY,GY,Guyana,Latin America & Caribbean,High income,2019,,,,0.0,0.0,,68.2
GUY,GY,Guyana,Latin America & Caribbean,High income,2020,,,,0.0,0.0,,65.95105985340093
GUY,GY,Guyana,Latin America & Caribbean,High income,2021,,,,0.0,0.0,,66.1
GUY,GY,Guyana,Latin America & Caribbean,High income,2022,,,,0.0,0.0,,64.19999999999999
GUY,GY,Guyana,Latin America & Caribbean,High income,2023,,,,0.0,0.0,,61.599999999999994
GUY,GY,Guyana,Latin America & Caribbean,High income,2024,,,,0.0,0.0,,
HKG,HK,"Hong Kong SAR, China",East Asia & Pacific,High income,2000,,,,0.0,0.0,,
HKG,HK,"Hong Kong SAR, China",East Asia & Pacific,High income,2001,,,,0.0,0.0,,
HKG,HK,"Hong Kong SAR, China",East Asia & Pacific,High income,2002,,,,0.0,0.0,,
HKG,HK,"Hong Kong SAR, China",East Asia & Pacific,High income,2003,,,,0.0,0.0,,
HKG,HK,"Hong Kong SAR, China",East Asia & Pacific,High income,2004,,,,0.0,0.0,,
HKG,HK,"Hong Kong SAR, China",East Asia & Pacific,High income,2005,,,,0.0,0.0,,
HKG,HK,"Hong Kong SAR, China",East Asia & Pacific,High income,2006,,,,0.0,0.0,,
HKG,HK,"Hong Kong SAR, China",East Asia & Pacific,High income,2007,,,,0.0,0.0,5.37,
HKG,HK,"Hong Kong SAR, China",East Asia & Pacific,High income,2008,,,,0.0,0.0,5.33,
HKG,HK,"Hong Kong SAR, China",East Asia & Pacific,High income,2009,,,,0.0,0.0,5.22,
HKG,HK,"Hong Kong SAR, China",East Asia & Pacific,High income,2010,,,,0.0,0.0,5.3,
HKG,HK,"Hong Kong SAR, China",East Asia & Pacific,High income,2011,,,,0.0,0.0,5.36,
HKG,HK,"Hong Kong SAR, China",East Asia & Pacific,High income,2012,,,,0.0,0.0,5.41,
HKG,HK,"Hong Kong SAR, China",East Asia & Pacific,High income,2013,,,,0.0,0.0,5.47,
HKG,HK,"Hong Kong SAR, China",East Asia & Pacific,High income,2014,,,,0.0,0.0,5.46,
HKG,HK,"Hong Kong SAR, China",East Asia & Pacific,High income,2015,,,,0.0,0.0,5.46,
HKG,HK,"Hong Kong SAR, China",East Asia & Pacific,High income,2016,,,,0.0,0.0,5.48,
HKG,HK,"Hong Kong SAR, China",East Asia & Pacific,High income,2017,,,,0.0,0.0,5.53,
HKG,HK,"Hong Kong SAR, China",East Asia & Pacific,High income,2018,,,,0.0,0.0,,
HKG,HK,"Hong Kong SAR, China",East Asia & Pacific,High income,2019,,,,0.0,0.0,,
HKG,HK,"Hong Kong SAR, China",East Asia & Pacific,High income,2020,,,,0.0,0.0,,
HKG,HK,"Hong Kong SAR, China",East Asia & Pacific,High income,2021,,,,0.0,0.0,,
HKG,HK,"Hong Kong SAR, China",East Asia & Pacific,High income,2022,,,,0.0,0.0,,
HKG,HK,"Hong Kong SAR, China",East Asia & Pacific,High income,2023,,,,0.0,0.0,,
HKG,HK,"Hong Kong SAR, China",East Asia & Pacific,High income,2024,,,,0.0,0.0,,
HND,HN,Honduras,Latin America & Caribbean,Lower middle income,2000,,,,0.0,0.0,,
HND,HN,Honduras,Latin America & Caribbean,Lower middle income,2001,,,,0.0,0.0,,
HND,HN,Honduras,Latin America & Caribbean,Lower middle income,2002,,,,0.0,0.0,,
HND,HN,Honduras,Latin America & Caribbean,Lower middle income,2003,,,,0.0,0.0,,
HND,HN,Honduras,Latin America & Caribbean,Lower middle income,2004,,,,0.0,0.0,,
HND,HN,Honduras,Latin America & Caribbean,Lower middle income,2005,,,,0.0,0.0,,
HND,HN,Honduras,Latin America & Caribbean,Lower middle income,2006,,,,0.0,0.0,,76.7
HND,HN,Honduras,Latin America & Caribbean,Lower middle income,2007,,,,0.0,0.0,3.89,74.8
HND,HN,Honduras,Latin America & Caribbean,Lower middle income,2008,,,,0.0,0.0,3.98,74.9
HND,HN,Honduras,Latin America & Caribbean,Lower middle income,2009,,,,0.0,0.0,3.86,77.2
HND,HN,Honduras,Latin America & Caribbean,Lower middle income,2010,,,,0.0,0.0,3.89,80.0
HND,HN,Honduras,Latin America & Caribbean,Lower middle income,2011,,,,0.0,0.0,3.98,78.3
HND,HN,Honduras,Latin America & Caribbean,Lower middle income,2012,,,,0.0,0.0,3.88,78.5
HND,HN,Honduras,Latin America & Caribbean,Lower middle income,2013,,,,0.0,0.0,3.7,78.3
HND,HN,Honduras,Latin America & Caribbean,Lower middle income,2014,,,,0.0,0.0,3.82,77.9
HND,HN,Honduras,Latin America & Caribbean,Lower middle income,2015,,,,0.0,0.0,3.95,78.1
HND,HN,Honduras,Latin America & Caribbean,Lower middle income,2016,,,,0.0,0.0,3.98,79.8
HND,HN,Honduras,Latin America & Caribbean,Lower middle income,2017,,,,0.0,0.0,3.92,79.1
HND,HN,Honduras,Latin America & Caribbean,Lower middle income,2018,,,,0.0,0.0,,77.2624416679196
HND,HN,Honduras,Latin America & Caribbean,Lower middle income,2019,,,,0.0,0.0,,77.8
HND,HN,Honduras,Latin America & Caribbean,Lower middle income,2020,,,,0.0,0.0,,76.78897699605234
HND,HN,Honduras,Latin America & Caribbean,Lower middle income,2021,,,,0.0,0.0,,79.4
HND,HN,Honduras,Latin America & Caribbean,Lower middle income,2022,,,,0.0,0.0,,78.69999999999999
HND,HN,Honduras,Latin America & Caribbean,Lower middle income,2023,,,,0.0,0.0,,79.6
HND,HN,Honduras,Latin America & Caribbean,Lower middle income,2024,,,,0.0,0.0,,
HRV,HR,Croatia,Europe & Central Asia,High income,2000,Ivica Racan,1.0,1.0,0.0,0.0,,
HRV,HR,Croatia,Europe & Central Asia,High income,2001,Ivica Racan,2.0,2.0,0.0,0.0,,
HRV,HR,Croatia,Europe & Central Asia,High income,2002,Ivica Racan,3.0,3.0,0.0,0.0,,
HRV,HR,Croatia,Europe & Central Asia,High income,2003,Ivo Sanader,1.0,2.0,1.0,0.0,,
HRV,HR,Croatia,Europe & Central Asia,High income,2004,Ivo Sanader,2.0,2.5,0.0,1.0,,
HRV,HR,Croatia,Europe & Central Asia,High income,2005,Ivo Sanader,3.0,3.0,0.0,1.0,,
HRV,HR,Croatia,Europe & Central Asia,High income,2006,Ivo Sanader,4.0,3.5,0.0,1.0,,61.9
HRV,HR,Croatia,Europe & Central Asia,High income,2007,Ivo Sanader,5.0,4.0,0.0,1.0,4.2,60.5
HRV,HR,Croatia,Europe & Central Asia,High income,2008,Ivo Sanader,6.0,4.5,0.0,1.0,4.22,59.4
HRV,HR,Croatia,Europe & Central Asia,High income,2009,Jadranka Kosor,1.0,3.3333333333333335,1.0,0.0,4.03,60.1
HRV,HR,Croatia,Europe & Central Asia,High income,2010,Jadranka Kosor,2.0,3.6666666666666665,0.0,1.0,4.04,59.0
HRV,HR,Croatia,Europe & Central Asia,High income,2011,Zoran Milanovic,1.0,3.0,1.0,1.0,4.08,57.3
HRV,HR,Croatia,Europe & Central Asia,High income,2012,Zoran Milanovic,2.0,3.25,0.0,2.0,4.04,56.3
HRV,HR,Croatia,Europe & Central Asia,High income,2013,Zoran Milanovic,3.0,3.5,0.0,2.0,4.13,54.1
HRV,HR,Croatia,Europe & Central Asia,High income,2014,Zoran Milanovic,4.0,3.75,0.0,2.0,4.13,52.9
HRV,HR,Croatia,Europe & Central Asia,High income,2015,Zoran Milanovic,5.0,4.0,0.0,1.0,4.07,51.0
HRV,HR,Croatia,Europe & Central Asia,High income,2016,Andrej Plenković,1.0,3.4,1.0,1.0,4.15,52.4
HRV,HR,Croatia,Europe & Central Asia,High income,2017,Andrej Plenković,2.0,3.6,0.0,1.0,4.19,50.6
HRV,HR,Croatia,Europe & Central Asia,High income,2018,Andrej Plenković,3.0,3.8,0.0,1.0,,48.71641829811867
HRV,HR,Croatia,Europe & Central Asia,High income,2019,Andrej Plenković,4.0,4.0,0.0,1.0,,47.5
HRV,HR,Croatia,Europe & Central Asia,High income,2020,Andrej Plenković,5.0,4.2,0.0,1.0,,46.094521183346394
HRV,HR,Croatia,Europe & Central Asia,High income,2021,Andrej Plenković,6.0,4.4,0.0,1.0,,49.800000000000004
HRV,HR,Croatia,Europe & Central Asia,High income,2022,Andrej Plenković,7.0,4.6,0.0,0.0,,49.29999999999999
HRV,HR,Croatia,Europe & Central Asia,High income,2023,Andrej Plenković,8.0,4.8,0.0,0.0,,48.699999999999996
HRV,HR,Croatia,Europe & Central Asia,High income,2024,Andrej Plenković,9.0,5.0,0.0,0.0,,
HTI,HT,Haiti,Latin America & Caribbean,Lower middle income,2000,Jacques-Édouard Alexis,1.0,1.0,0.0,0.0,,
HTI,HT,Haiti,Latin America & Caribbean,Lower middle income,2001,Jean-Marie Chérestal,1.0,1.0,1.0,0.0,,
HTI,HT,Haiti,Latin America & Caribbean,Lower middle income,2002,Yvon Neptune,1.0,1.0,1.0,1.0,,
HTI,HT,Haiti,Latin America & Caribbean,Lower middle income,2003,Yvon Neptune,2.0,1.3333333333333333,0.0,2.0,,
HTI,HT,Haiti,Latin America & Caribbean,Lower middle income,2004,Gérard Latortue,1.0,1.25,1.0,2.0,,
HTI,HT,Haiti,Latin America & Caribbean,Lower middle income,2005,Gérard Latortue,2.0,1.5,0.0,3.0,,
HTI,HT,Haiti,Latin America & Caribbean,Lower middle income,2006,Jacques-Édouard Alexis,1.0,1.4,1.0,3.0,,104.6
HTI,HT,Haiti,Latin America & Caribbean,Lower middle income,2007,Jacques-Édouard Alexis,2.0,1.6,0.0,3.0,,100.9
HTI,HT,Haiti,Latin America & Caribbean,Lower middle income,2008,Michele Duvivier Pierre-Louis,1.0,1.5,1.0,2.0,,99.3
HTI,HT,Haiti,Latin America & Caribbean,Lower middle income,2009,Jean-Max Bellerive,1.0,1.4285714285714286,1.0,3.0,,101.8
HTI,HT,Haiti,Latin America & Caribbean,Lower middle income,2010,Jean-Max Bellerive,2.0,1.5714285714285714,0.0,3.0,,101.6
HTI,HT,Haiti,Latin America & Caribbean,Lower middle income,2011,Garry Conille,1.0,1.5,1.0,3.0,2.9,108.0
HTI,HT,Haiti,Latin America & Caribbean,Lower middle income,2012,Laurent Lamothe,1.0,1.4444444444444444,1.0,3.0,2.9,104.9
HTI,HT,Haiti,Latin America & Caribbean,Lower middle income,2013,Laurent Lamothe,2.0,1.5555555555555556,0.0,4.0,3.11,105.8
HTI,HT,Haiti,Latin America & Caribbean,Lower middle income,2014,Laurent Lamothe,3.0,1.6666666666666667,0.0,3.0,3.14,104.3
HTI,HT,Haiti,Latin America & Caribbean,Lower middle income,2015,Evans Paul,1.0,1.6,1.0,2.0,3.18,104.5
HTI,HT,Haiti,Latin America & Caribbean,Lower middle income,2016,Enex Jean-Charles,1.0,1.5454545454545454,1.0,3.0,,105.1
HTI,HT,Haiti,Latin America & Caribbean,Lower middle income,2017,Jack Guy Lafontant,1.0,1.5,1.0,3.0,3.22,105.3
HTI,HT,Haiti,Latin America & Caribbean,Lower middle income,2018,Jean Henry Céant,1.0,1.4615384615384615,1.0,3.0,,101.96955214756449
HTI,HT,Haiti,Latin America & Caribbean,Lower middle income,2019,Fritz-William Michel,1.0,1.4285714285714286,1.0,4.0,,99.3
HTI,HT,Haiti,Latin America & Caribbean,Lower middle income,2020,Joseph Jouthe,1.0,1.4,1.0,5.0,,97.67900000000002
HTI,HT,Haiti,Latin America & Caribbean,Lower middle income,2021,,,1.4,0.0,5.0,,97.49999999999999
HTI,HT,Haiti,Latin America & Caribbean,Lower middle income,2022,,,1.4,0.0,4.0,,99.7
HTI,HT,Haiti,Latin America & Caribbean,Lower middle income,2023,,,1.4,0.0,3.0,,102.89999999999999
HTI,HT,Haiti,Latin America & Caribbean,Lower middle income,2024,Alix Didier Fils-Aimé,1.0,1.375,0.0,2.0,,
HUN,HU,Hungary,Europe & Central Asia,High income,2000,Viktor Orbán,1.0,1.0,0.0,0.0,,
HUN,HU,Hungary,Europe & Central Asia,High income,2001,Viktor Orbán,2.0,2.0,0.0,0.0,,
HUN,HU,Hungary,Europe & Central Asia,High income,2002,Péter Medgyessy,1.0,1.5,1.0,0.0,,
HUN,HU,Hungary,Europe & Central Asia,High income,2003,Péter Medgyessy,2.0,2.0,0.0,1.0,,
HUN,HU,Hungary,Europe & Central Asia,High income,2004,Ferenc Gyurcsány,1.0,1.6666666666666667,1.0,1.0,,
HUN,HU,Hungary,Europe & Central Asia,High income,2005,Ferenc Gyurcsány,2.0,2.0,0.0,2.0,,
HUN,HU,Hungary,Europe & Central Asia,High income,2006,Ferenc Gyurcsány,3.0,2.3333333333333335,0.0,2.0,,46.7
HUN,HU,Hungary,Europe & Central Asia,High income,2007,Ferenc Gyurcsány,4.0,2.6666666666666665,0.0,2.0,4.35,51.2
HUN,HU,Hungary,Europe & Central Asia,High income,2008,Ferenc Gyurcsány,5.0,3.0,0.0,1.0,4.22,50.9
HUN,HU,Hungary,Europe & Central Asia,High income,2009,Gordon Bajnai,1.0,2.5,1.0,1.0,4.22,50.7
HUN,HU,Hungary,Europe & Central Asia,High income,2010,Viktor Orbán,1.0,2.2,1.0,1.0,4.33,50.1
HUN,HU,Hungary,Europe & Central Asia,High income,2011,Viktor Orbán,2.0,2.4,0.0,2.0,4.36,48.7
HUN,HU,Hungary,Europe & Central Asia,High income,2012,Viktor Orbán,3.0,2.6,0.0,2.0,4.3,48.3
HUN,HU,Hungary,Europe & Central Asia,High income,2013,Viktor Orbán,4.0,2.8,0.0,2.0,4.25,47.6
HUN,HU,Hungary,Europe & Central Asia,High income,2014,Viktor Orbán,5.0,3.0,0.0,2.0,4.28,48.3
HUN,HU,Hungary,Europe & Central Asia,High income,2015,Viktor Orbán,6.0,3.2,0.0,1.0,4.25,49.1
HUN,HU,Hungary,Europe & Central Asia,High income,2016,Viktor Orbán,7.0,3.4,0.0,0.0,4.2,52.7
HUN,HU,Hungary,Europe & Central Asia,High income,2017,Viktor Orbán,8.0,3.6,0.0,0.0,4.33,52.0
HUN,HU,Hungary,Europe & Central Asia,High income,2018,Viktor Orbán,9.0,3.8,0.0,0.0,,50.20431326900252
HUN,HU,Hungary,Europe & Central Asia,High income,2019,Viktor Orbán,10.0,4.0,0.0,0.0,,49.6
HUN,HU,Hungary,Europe & Central Asia,High income,2020,Viktor Orbán,11.0,4.2,0.0,0.0,,47.62085657690617
HUN,HU,Hungary,Europe & Central Asia,High income,2021,Viktor Orbán,12.0,4.4,0.0,0.0,,51.09999999999999
HUN,HU,Hungary,Europe & Central Asia,High income,2022,Viktor Orbán,13.0,4.6,0.0,0.0,,50.8
HUN,HU,Hungary,Europe & Central Asia,High income,2023,Viktor Orbán,14.0,4.8,0.0,0.0,,48.8
HUN,HU,Hungary,Europe & Central Asia,High income,2024,Viktor Orbán,15.0,5.0,0.0,0.0,,
IDN,ID,Indonesia,East Asia & Pacific,Upper middle income,2000,,,,0.0,0.0,,
IDN,ID,Indonesia,East Asia & Pacific,Upper middle income,2001,,,,0.0,0.0,,
IDN,ID,Indonesia,East Asia & Pacific,Upper middle income,2002,,,,0.0,0.0,,
IDN,ID,Indonesia,East Asia & Pacific,Upper middle income,2003,,,,0.0,0.0,,
IDN,ID,Indonesia,East Asia & Pacific,Upper middle income,2004,,,,0.0,0.0,,
IDN,ID,Indonesia,East Asia & Pacific,Upper middle income,2005,,,,0.0,0.0,,
IDN,ID,Indonesia,East Asia & Pacific,Upper middle income,2006,,,,0.0,0.0,,89.2
IDN,ID,Indonesia,East Asia & Pacific,Upper middle income,2007,,,,0.0,0.0,4.24,84.4
IDN,ID,Indonesia,East Asia & Pacific,Upper middle income,2008,,,,0.0,0.0,4.25,83.3
IDN,ID,Indonesia,East Asia & Pacific,Upper middle income,2009,,,,0.0,0.0,4.26,84.1
IDN,ID,Indonesia,East Asia & Pacific,Upper middle income,2010,,,,0.0,0.0,4.43,83.1
IDN,ID,Indonesia,East Asia & Pacific,Upper middle income,2011,,,,0.0,0.0,4.38,81.6
IDN,ID,Indonesia,East Asia & Pacific,Upper middle income,2012,,,,0.0,0.0,4.4,80.6
IDN,ID,Indonesia,East Asia & Pacific,Upper middle income,2013,,,,0.0,0.0,4.53,78.2
IDN,ID,Indonesia,East Asia & Pacific,Upper middle income,2014,,,,0.0,0.0,4.57,76.8
IDN,ID,Indonesia,East Asia & Pacific,Upper middle income,2015,,,,0.0,0.0,4.52,75.0
IDN,ID,Indonesia,East Asia & Pacific,Upper middle income,2016,,,,0.0,0.0,4.52,74.9
IDN,ID,Indonesia,East Asia & Pacific,Upper middle income,2017,,,,0.0,0.0,4.68,72.9
IDN,ID,Indonesia,East Asia & Pacific,Upper middle income,2018,,,,0.0,0.0,,72.29772813709069
IDN,ID,Indonesia,East Asia & Pacific,Upper middle income,2019,,,,0.0,0.0,,70.4
IDN,ID,Indonesia,East Asia & Pacific,Upper middle income,2020,,,,0.0,0.0,,67.84550475118697
IDN,ID,Indonesia,East Asia & Pacific,Upper middle income,2021,,,,0.0,0.0,,67.6
IDN,ID,Indonesia,East Asia & Pacific,Upper middle income,2022,,,,0.0,0.0,,66.60000000000001
IDN,ID,Indonesia,East Asia & Pacific,Upper middle income,2023,,,,0.0,0.0,,65.60000000000001
IDN,ID,Indonesia,East Asia & Pacific,Upper middle income,2024,,,,0.0,0.0,,
IMN,IM,Isle of Man,Europe & Central Asia,High income,2000,,,,,,,
IMN,IM,Isle of Man,Europe & Central Asia,High income,2001,,,,,,,
IMN,IM,Isle of Man,Europe & Central Asia,High income,2002,,,,,,,
IMN,IM,Isle of Man,Europe & Central Asia,High income,2003,,,,,,,
IMN,IM,Isle of Man,Europe & Central Asia,High income,2004,,,,,,,
IMN,IM,Isle of Man,Europe & Central Asia,High income,2005,,,,,,,
IMN,IM,Isle of Man,Europe & Central Asia,High income,2006,,,,,,,
IMN,IM,Isle of Man,Europe & Central Asia,High income,2007,,,,,,,
IMN,IM,Isle of Man,Europe & Central Asia,High income,2008,,,,,,,
IMN,IM,Isle of Man,Europe & Central Asia,High income,2009,,,,,,,
IMN,IM,Isle of Man,Europe & Central Asia,High income,2010,,,,,,,
IMN,IM,Isle of Man,Europe & Central Asia,High income,2011,,,,,,,
IMN,IM,Isle of Man,Europe & Central Asia,High income,2012,,,,,,,
IMN,IM,Isle of Man,Europe & Central Asia,High income,2013,,,,,,,
IMN,IM,Isle of Man,Europe & Central Asia,High income,2014,,,,,,,
IMN,IM,Isle of Man,Europe & Central Asia,High income,2015,,,,,,,
IMN,IM,Isle of Man,Europe & Central Asia,High income,2016,,,,,,,
IMN,IM,Isle of Man,Europe & Central Asia,High income,2017,,,,,,,
IMN,IM,Isle of Man,Europe & Central Asia,High income,2018,,,,,,,
IMN,IM,Isle of Man,Europe & Central Asia,High income,2019,,,,,,,
IMN,IM,Isle of Man,Europe & Central Asia,High income,2020,,,,,,,
IMN,IM,Isle of Man,Europe & Central Asia,High income,2021,,,,,,,
IMN,IM,Isle of Man,Europe & Central Asia,High income,2022,,,,,,,
IMN,IM,Isle of Man,Europe & Central Asia,High income,2023,,,,,,,
IMN,IM,Isle of Man,Europe & Central Asia,High income,2024,,,,,,,
IND,IN,India,South Asia,Lower middle income,2000,Atal Bihari Vajpayee,1.0,1.0,0.0,0.0,,
IND,IN,India,South Asia,Lower middle income,2001,Atal Bihari Vajpayee,2.0,2.0,0.0,0.0,,
IND,IN,India,South Asia,Lower middle income,2002,Atal Bihari Vajpayee,3.0,3.0,0.0,0.0,,
IND,IN,India,South Asia,Lower middle income,2003,Atal Bihari Vajpayee,4.0,4.0,0.0,0.0,,
IND,IN,India,South Asia,Lower middle income,2004,Manmohan Singh,1.0,2.5,1.0,0.0,,
IND,IN,India,South Asia,Lower middle income,2005,Manmohan Singh,2.0,3.0,0.0,1.0,,
IND,IN,India,South Asia,Lower middle income,2006,Manmohan Singh,3.0,3.5,0.0,1.0,,70.4
IND,IN,India,South Asia,Lower middle income,2007,Manmohan Singh,4.0,4.0,0.0,1.0,4.33,70.8
IND,IN,India,South Asia,Lower middle income,2008,Manmohan Singh,5.0,4.5,0.0,1.0,4.33,72.9
IND,IN,India,South Asia,Lower middle income,2009,Manmohan Singh,6.0,5.0,0.0,1.0,4.3,77.8
IND,IN,India,South Asia,Lower middle income,2010,Manmohan Singh,7.0,5.5,0.0,0.0,4.33,79.2
IND,IN,India,South Asia,Lower middle income,2011,Manmohan Singh,8.0,6.0,0.0,0.0,4.3,79.3
IND,IN,India,South Asia,Lower middle income,2012,Manmohan Singh,9.0,6.5,0.0,0.0,4.32,78.0
IND,IN,India,South Asia,Lower middle income,2013,Manmohan Singh,10.0,7.0,0.0,0.0,4.28,77.5
IND,IN,India,South Asia,Lower middle income,2014,Narendra Modi,1.0,5.0,1.0,0.0,4.21,76.9
IND,IN,India,South Asia,Lower middle income,2015,Narendra Modi,2.0,5.333333333333333,0.0,1.0,4.31,79.3
IND,IN,India,South Asia,Lower middle income,2016,Narendra Modi,3.0,5.666666666666667,0.0,1.0,4.52,79.6
IND,IN,India,South Asia,Lower middle income,2017,Narendra Modi,4.0,6.0,0.0,1.0,4.59,77.9
IND,IN,India,South Asia,Lower middle income,2018,Narendra Modi,5.0,6.333333333333333,0.0,1.0,,76.30850993941235
IND,IN,India,South Asia,Lower middle income,2019,Narendra Modi,6.0,6.666666666666667,0.0,1.0,,74.4
IND,IN,India,South Asia,Lower middle income,2020,Narendra Modi,7.0,7.0,0.0,0.0,,75.30743258442217
IND,IN,India,South Asia,Lower middle income,2021,Narendra Modi,8.0,7.333333333333333,0.0,0.0,,76.99999999999999
IND,IN,India,South Asia,Lower middle income,2022,Narendra Modi,9.0,7.666666666666667,0.0,0.0,,75.3
IND,IN,India,South Asia,Lower middle income,2023,Narendra Modi,10.0,8.0,0.0,0.0,,74.10000000000001
IND,IN,India,South Asia,Lower middle income,2024,Narendra Modi,11.0,8.333333333333334,0.0,0.0,,
IRL,IE,Ireland,Europe & Central Asia,High income,2000,Bartholomew Patrick Ahern,1.0,1.0,0.0,0.0,,
IRL,IE,Ireland,Europe & Central Asia,High income,2001,Bartholomew Patrick Ahern,2.0,2.0,0.0,0.0,,
IRL,IE,Ireland,Europe & Central Asia,High income,2002,Bartholomew Patrick Ahern,3.0,3.0,0.0,0.0,,
IRL,IE,Ireland,Europe & Central Asia,High income,2003,Bartholomew Patrick Ahern,4.0,4.0,0.0,0.0,,
IRL,IE,Ireland,Europe & Central Asia,High income,2004,Bartholomew Patrick Ahern,5.0,5.0,0.0,0.0,,
IRL,IE,Ireland,Europe & Central Asia,High income,2005,Bartholomew Patrick Ahern,6.0,6.0,0.0,0.0,,
IRL,IE,Ireland,Europe & Central Asia,High income,2006,Bartholomew Patrick Ahern,7.0,7.0,0.0,0.0,,18.6
IRL,IE,Ireland,Europe & Central Asia,High income,2007,Bartholomew Patrick Ahern,8.0,8.0,0.0,0.0,5.03,19.5
IRL,IE,Ireland,Europe & Central Asia,High income,2008,Brian Cowen,1.0,4.5,1.0,0.0,4.99,19.9
IRL,IE,Ireland,Europe & Central Asia,High income,2009,Brian Cowen,2.0,5.0,0.0,1.0,4.84,21.6
IRL,IE,Ireland,Europe & Central Asia,High income,2010,Brian Cowen,3.0,5.5,0.0,1.0,4.74,22.4
IRL,IE,Ireland,Europe & Central Asia,High income,2011,Enda Kenny,1.0,4.0,1.0,1.0,4.77,25.3
IRL,IE,Ireland,Europe & Central Asia,High income,2012,Enda Kenny,2.0,4.333333333333333,0.0,2.0,4.91,26.5
IRL,IE,Ireland,Europe & Central Asia,High income,2013,Enda Kenny,3.0,4.666666666666667,0.0,2.0,4.92,24.8
IRL,IE,Ireland,Europe & Central Asia,High income,2014,Enda Kenny,4.0,5.0,0.0,1.0,4.98,26.1
IRL,IE,Ireland,Europe & Central Asia,High income,2015,Enda Kenny,5.0,5.333333333333333,0.0,1.0,5.11,24.6
IRL,IE,Ireland,Europe & Central Asia,High income,2016,Enda Kenny,6.0,5.666666666666667,0.0,1.0,5.18,22.5
IRL,IE,Ireland,Europe & Central Asia,High income,2017,Leo Eric Varadkar,1.0,4.5,1.0,0.0,5.16,22.3
IRL,IE,Ireland,Europe & Central Asia,High income,2018,Leo Eric Varadkar,2.0,4.75,0.0,1.0,,20.7393047786885
IRL,IE,Ireland,Europe & Central Asia,High income,2019,Leo Eric Varadkar,3.0,5.0,0.0,1.0,,20.6
IRL,IE,Ireland,Europe & Central Asia,High income,2020,Micheál Martin,1.0,4.2,1.0,1.0,,19.93941688089731
IRL,IE,Ireland,Europe & Central Asia,High income,2021,Micheál Martin,2.0,4.4,0.0,2.0,,22.200000000000003
IRL,IE,Ireland,Europe & Central Asia,High income,2022,Leo Eric Varadkar,1.0,3.8333333333333335,1.0,2.0,,20.799999999999997
IRL,IE,Ireland,Europe & Central Asia,High income,2023,Leo Eric Varadkar,2.0,4.0,0.0,2.0,,19.5
IRL,IE,Ireland,Europe & Central Asia,High income,2024,Simon Harris,1.0,3.5714285714285716,1.0,2.0,,
IRN,IR,"Iran, Islamic Rep.","Middle East, North Africa, Afghanistan & Pakistan",Upper middle income,2000,Hojatolislam Mohammad Khatami,1.0,1.0,0.0,0.0,,
IRN,IR,"Iran, Islamic Rep.","Middle East, North Africa, Afghanistan & Pakistan",Upper middle income,2001,Hojatolislam Mohammad Khatami,2.0,2.0,0.0,0.0,,
IRN,IR,"Iran, Islamic Rep.","Middle East, North Africa, Afghanistan & Pakistan",Upper middle income,2002,Hojatolislam Mohammad Khatami,3.0,3.0,0.0,0.0,,
IRN,IR,"Iran, Islamic Rep.","Middle East, North Africa, Afghanistan & Pakistan",Upper middle income,2003,Hojatolislam Mohammad Khatami,4.0,4.0,0.0,0.0,,
IRN,IR,"Iran, Islamic Rep.","Middle East, North Africa, Afghanistan & Pakistan",Upper middle income,2004,Hojatolislam Mohammad Khatami,5.0,5.0,0.0,0.0,,
IRN,IR,"Iran, Islamic Rep.","Middle East, North Africa, Afghanistan & Pakistan",Upper middle income,2005,Mahmoud Ahmadinejad,1.0,3.0,1.0,0.0,,
IRN,IR,"Iran, Islamic Rep.","Middle East, North Africa, Afghanistan & Pakistan",Upper middle income,2006,Mahmoud Ahmadinejad,2.0,3.5,0.0,1.0,,84.0
IRN,IR,"Iran, Islamic Rep.","Middle East, North Africa, Afghanistan & Pakistan",Upper middle income,2007,Mahmoud Ahmadinejad,3.0,4.0,0.0,1.0,,82.8
IRN,IR,"Iran, Islamic Rep.","Middle East, North Africa, Afghanistan & Pakistan",Upper middle income,2008,Mahmoud Ahmadinejad,4.0,4.5,0.0,1.0,,85.7
IRN,IR,"Iran, Islamic Rep.","Middle East, North Africa, Afghanistan & Pakistan",Upper middle income,2009,Mahmoud Ahmadinejad,5.0,5.0,0.0,1.0,,90.0
IRN,IR,"Iran, Islamic Rep.","Middle East, North Africa, Afghanistan & Pakistan",Upper middle income,2010,Mahmoud Ahmadinejad,6.0,5.5,0.0,1.0,4.14,92.2
IRN,IR,"Iran, Islamic Rep.","Middle East, North Africa, Afghanistan & Pakistan",Upper middle income,2011,Mahmoud Ahmadinejad,7.0,6.0,0.0,0.0,4.26,90.2
IRN,IR,"Iran, Islamic Rep.","Middle East, North Africa, Afghanistan & Pakistan",Upper middle income,2012,Mahmoud Ahmadinejad,8.0,6.5,0.0,0.0,4.22,89.6
IRN,IR,"Iran, Islamic Rep.","Middle East, North Africa, Afghanistan & Pakistan",Upper middle income,2013,Hojatolislam Hassan Rouhani,1.0,4.666666666666667,1.0,0.0,4.07,89.7
IRN,IR,"Iran, Islamic Rep.","Middle East, North Africa, Afghanistan & Pakistan",Upper middle income,2014,Hojatolislam Hassan Rouhani,2.0,5.0,0.0,1.0,4.03,87.2
IRN,IR,"Iran, Islamic Rep.","Middle East, North Africa, Afghanistan & Pakistan",Upper middle income,2015,Hojatolislam Hassan Rouhani,3.0,5.333333333333333,0.0,1.0,4.09,87.1
IRN,IR,"Iran, Islamic Rep.","Middle East, North Africa, Afghanistan & Pakistan",Upper middle income,2016,Hojatolislam Hassan Rouhani,4.0,5.666666666666667,0.0,1.0,4.12,86.9
IRN,IR,"Iran, Islamic Rep.","Middle East, North Africa, Afghanistan & Pakistan",Upper middle income,2017,Hojatolislam Hassan Rouhani,5.0,6.0,0.0,1.0,4.27,85.8
IRN,IR,"Iran, Islamic Rep.","Middle East, North Africa, Afghanistan & Pakistan",Upper middle income,2018,Hojatolislam Hassan Rouhani,6.0,6.333333333333333,0.0,1.0,,84.27111516741917
IRN,IR,"Iran, Islamic Rep.","Middle East, North Africa, Afghanistan & Pakistan",Upper middle income,2019,Hojatolislam Hassan Rouhani,7.0,6.666666666666667,0.0,0.0,,83.0
IRN,IR,"Iran, Islamic Rep.","Middle East, North Africa, Afghanistan & Pakistan",Upper middle income,2020,Hojatolislam Hassan Rouhani,8.0,7.0,0.0,0.0,,83.3866086520676
IRN,IR,"Iran, Islamic Rep.","Middle East, North Africa, Afghanistan & Pakistan",Upper middle income,2021,Seyyed Ebrahim Raisi,1.0,5.5,1.0,0.0,,84.5
IRN,IR,"Iran, Islamic Rep.","Middle East, North Africa, Afghanistan & Pakistan",Upper middle income,2022,Seyyed Ebrahim Raisi,2.0,5.75,0.0,1.0,,84.1
IRN,IR,"Iran, Islamic Rep.","Middle East, North Africa, Afghanistan & Pakistan",Upper middle income,2023,Seyyed Ebrahim Raisi,3.0,6.0,0.0,1.0,,85.39999999999999
IRN,IR,"Iran, Islamic Rep.","Middle East, North Africa, Afghanistan & Pakistan",Upper middle income,2024,Masoud Pezeshkian,1.0,5.0,1.0,1.0,,
IRQ,IQ,Iraq,"Middle East, North Africa, Afghanistan & Pakistan",Upper middle income,2000,,,,0.0,0.0,,
IRQ,IQ,Iraq,"Middle East, North Africa, Afghanistan & Pakistan",Upper middle income,2001,,,,0.0,0.0,,
IRQ,IQ,Iraq,"Middle East, North Africa, Afghanistan & Pakistan",Upper middle income,2002,,,,0.0,0.0,,
IRQ,IQ,Iraq,"Middle East, North Africa, Afghanistan & Pakistan",Upper middle income,2003,Lewis Paul Bremer III,1.0,1.0,0.0,0.0,,
IRQ,IQ,Iraq,"Middle East, North Africa, Afghanistan & Pakistan",Upper middle income,2004,Iyad Allawi,1.0,1.0,1.0,0.0,,
IRQ,IQ,Iraq,"Middle East, North Africa, Afghanistan & Pakistan",Upper middle income,2005,Ibrahim al-Jaafari,1.0,1.0,1.0,1.0,,
IRQ,IQ,Iraq,"Middle East, North Africa, Afghanistan & Pakistan",Upper middle income,2006,Nouri al-Maliki,1.0,1.0,1.0,2.0,,109.0
IRQ,IQ,Iraq,"Middle East, North Africa, Afghanistan & Pakistan",Upper middle income,2007,Nouri al-Maliki,2.0,1.25,0.0,3.0,,111.4
IRQ,IQ,Iraq,"Middle East, North Africa, Afghanistan & Pakistan",Upper middle income,2008,Nouri al-Maliki,3.0,1.5,0.0,3.0,,110.6
IRQ,IQ,Iraq,"Middle East, North Africa, Afghanistan & Pakistan",Upper middle income,2009,Nouri al-Maliki,4.0,1.75,0.0,3.0,,108.6
IRQ,IQ,Iraq,"Middle East, North Africa, Afghanistan & Pakistan",Upper middle income,2010,Nouri al-Maliki,5.0,2.0,0.0,2.0,,107.3
IRQ,IQ,Iraq,"Middle East, North Africa, Afghanistan & Pakistan",Upper middle income,2011,Nouri al-Maliki,6.0,2.25,0.0,1.0,,104.8
IRQ,IQ,Iraq,"Middle East, North Africa, Afghanistan & Pakistan",Upper middle income,2012,Nouri al-Maliki,7.0,2.5,0.0,0.0,,104.3
IRQ,IQ,Iraq,"Middle East, North Africa, Afghanistan & Pakistan",Upper middle income,2013,Nouri al-Maliki,8.0,2.75,0.0,0.0,,103.9
IRQ,IQ,Iraq,"Middle East, North Africa, Afghanistan & Pakistan",Upper middle income,2014,Haider Jawad Kadhim al-Abadi,1.0,2.4,1.0,0.0,,102.2
IRQ,IQ,Iraq,"Middle East, North Africa, Afghanistan & Pakistan",Upper middle income,2015,Haider Jawad Kadhim al-Abadi,2.0,2.6,0.0,1.0,,104.4
IRQ,IQ,Iraq,"Middle East, North Africa, Afghanistan & Pakistan",Upper middle income,2016,Haider Jawad Kadhim al-Abadi,3.0,2.8,0.0,1.0,,104.7
IRQ,IQ,Iraq,"Middle East, North Africa, Afghanistan & Pakistan",Upper middle income,2017,Haider Jawad Kadhim al-Abadi,4.0,3.0,0.0,1.0,,105.4
IRQ,IQ,Iraq,"Middle East, North Africa, Afghanistan & Pakistan",Upper middle income,2018,Adil Abdul-Mahdi,1.0,2.6666666666666665,1.0,1.0,,102.20568542153825
IRQ,IQ,Iraq,"Middle East, North Africa, Afghanistan & Pakistan",Upper middle income,2019,Adil Abdul-Mahdi,2.0,2.8333333333333335,0.0,2.0,,99.1
IRQ,IQ,Iraq,"Middle East, North Africa, Afghanistan & Pakistan",Upper middle income,2020,Mustafa al-Kadhimi,1.0,2.5714285714285716,1.0,1.0,,95.94116979347217
IRQ,IQ,Iraq,"Middle East, North Africa, Afghanistan & Pakistan",Upper middle income,2021,Mustafa al-Kadhimi,2.0,2.7142857142857144,0.0,2.0,,96.2
IRQ,IQ,Iraq,"Middle East, North Africa, Afghanistan & Pakistan",Upper middle income,2022,Mohammed Shia al-Sudani,1.0,2.5,1.0,2.0,,93.8
IRQ,IQ,Iraq,"Middle East, North Africa, Afghanistan & Pakistan",Upper middle income,2023,Mohammed Shia al-Sudani,2.0,2.625,0.0,3.0,,91.39999999999999
IRQ,IQ,Iraq,"Middle East, North Africa, Afghanistan & Pakistan",Upper middle income,2024,Mohammed Shia al-Sudani,3.0,2.75,0.0,2.0,,
ISL,IS,Iceland,Europe & Central Asia,High income,2000,Davíd Oddsson,1.0,1.0,0.0,0.0,,
ISL,IS,Iceland,Europe & Central Asia,High income,2001,Davíd Oddsson,2.0,2.0,0.0,0.0,,
ISL,IS,Iceland,Europe & Central Asia,High income,2002,Davíd Oddsson,3.0,3.0,0.0,0.0,,
ISL,IS,Iceland,Europe & Central Asia,High income,2003,Davíd Oddsson,4.0,4.0,0.0,0.0,,
ISL,IS,Iceland,Europe & Central Asia,High income,2004,Halldór Ásgrímsson,1.0,2.5,1.0,0.0,,
ISL,IS,Iceland,Europe & Central Asia,High income,2005,Halldór Ásgrímsson,2.0,3.0,0.0,1.0,,
ISL,IS,Iceland,Europe & Central Asia,High income,2006,Geir Hilmar Haarde,1.0,2.3333333333333335,1.0,1.0,,
ISL,IS,Iceland,Europe & Central Asia,High income,2007,Geir Hilmar Haarde,2.0,2.6666666666666665,0.0,2.0,5.02,21.1
ISL,IS,Iceland,Europe & Central Asia,High income,2008,Geir Hilmar Haarde,3.0,3.0,0.0,2.0,5.05,20.9
ISL,IS,Iceland,Europe & Central Asia,High income,2009,Jóhanna Sigurdardóttir,1.0,2.5,1.0,2.0,4.8,29.0
ISL,IS,Iceland,Europe & Central Asia,High income,2010,Jóhanna Sigurdardóttir,2.0,2.75,0.0,2.0,4.68,29.8
ISL,IS,Iceland,Europe & Central Asia,High income,2011,Jóhanna Sigurdardóttir,3.0,3.0,0.0,2.0,4.75,30.1
ISL,IS,Iceland,Europe & Central Asia,High income,2012,Jóhanna Sigurdardóttir,4.0,3.25,0.0,1.0,4.74,29.1
ISL,IS,Iceland,Europe & Central Asia,High income,2013,Sigmundur Davíd Gunnlaugsson,1.0,2.8,1.0,1.0,4.66,24.7
ISL,IS,Iceland,Europe & Central Asia,High income,2014,Sigmundur Davíd Gunnlaugsson,2.0,3.0,0.0,2.0,4.71,25.9
ISL,IS,Iceland,Europe & Central Asia,High income,2015,Sigmundur Davíd Gunnlaugsson,3.0,3.2,0.0,1.0,4.83,23.4
ISL,IS,Iceland,Europe & Central Asia,High income,2016,Sigurdur Ingi Jóhannsson,1.0,2.8333333333333335,1.0,1.0,4.96,22.8
ISL,IS,Iceland,Europe & Central Asia,High income,2017,Katrín Jakobsdóttir,1.0,2.5714285714285716,1.0,2.0,4.99,22.5
ISL,IS,Iceland,Europe & Central Asia,High income,2018,Katrín Jakobsdóttir,2.0,2.7142857142857144,0.0,3.0,,20.3
ISL,IS,Iceland,Europe & Central Asia,High income,2019,Katrín Jakobsdóttir,3.0,2.857142857142857,0.0,2.0,,19.8
ISL,IS,Iceland,Europe & Central Asia,High income,2020,Katrín Jakobsdóttir,4.0,3.0,0.0,2.0,,17.799999999999997
ISL,IS,Iceland,Europe & Central Asia,High income,2021,Katrín Jakobsdóttir,5.0,3.142857142857143,0.0,2.0,,18.0
ISL,IS,Iceland,Europe & Central Asia,High income,2022,Katrín Jakobsdóttir,6.0,3.2857142857142856,0.0,1.0,,17.1
ISL,IS,Iceland,Europe & Central Asia,High income,2023,Katrín Jakobsdóttir,7.0,3.4285714285714284,0.0,0.0,,15.700000000000001
ISL,IS,Iceland,Europe & Central Asia,High income,2024,Kristrún Mjöll Frostadóttir,1.0,3.125,1.0,0.0,,
ISR,IL,Israel,"Middle East, North Africa, Afghanistan & Pakistan",High income,2000,Ehud Barak,1.0,1.0,0.0,0.0,,
ISR,IL,Israel,"Middle East, North Africa, Afghanistan & Pakistan",High income,2001,Ariel Sharon,1.0,1.0,1.0,0.0,,
ISR,IL,Israel,"Middle East, North Africa, Afghanistan & Pakistan",High income,2002,Ariel Sharon,2.0,1.5,0.0,1.0,,
ISR,IL,Israel,"Middle East, North Africa, Afghanistan & Pakistan",High income,2003,Ariel Sharon,3.0,2.0,0.0,1.0,,
ISR,IL,Israel,"Middle East, North Africa, Afghanistan & Pakistan",High income,2004,Ariel Sharon,4.0,2.5,0.0,1.0,,
ISR,IL,Israel,"Middle East, North Africa, Afghanistan & Pakistan",High income,2005,Ariel Sharon,5.0,3.0,0.0,1.0,,
ISR,IL,Israel,"Middle East, North Africa, Afghanistan & Pakistan",High income,2006,Ehud Olmert,1.0,2.3333333333333335,1.0,1.0,,
ISR,IL,Israel,"Middle East, North Africa, Afghanistan & Pakistan",High income,2007,Ehud Olmert,2.0,2.6666666666666665,0.0,1.0,5.2,
ISR,IL,Israel,"Middle East, North Africa, Afghanistan & Pakistan",High income,2008,Ehud Olmert,3.0,3.0,0.0,1.0,4.97,
ISR,IL,Israel,"Middle East, North Africa, Afghanistan & Pakistan",High income,2009,Benjamin Netanyahu,1.0,2.5,1.0,1.0,4.8,
ISR,IL,Israel,"Middle East, North Africa, Afghanistan & Pakistan",High income,2010,Benjamin Netanyahu,2.0,2.75,0.0,2.0,4.91,
ISR,IL,Israel,"Middle East, North Africa, Afghanistan & Pakistan",High income,2011,Benjamin Netanyahu,3.0,3.0,0.0,2.0,5.07,
ISR,IL,Israel,"Middle East, North Africa, Afghanistan & Pakistan",High income,2012,Benjamin Netanyahu,4.0,3.25,0.0,1.0,5.02,
ISR,IL,Israel,"Middle East, North Africa, Afghanistan & Pakistan",High income,2013,Benjamin Netanyahu,5.0,3.5,0.0,1.0,4.94,
ISR,IL,Israel,"Middle East, North Africa, Afghanistan & Pakistan",High income,2014,Benjamin Netanyahu,6.0,3.75,0.0,1.0,4.95,
ISR,IL,Israel,"Middle East, North Africa, Afghanistan & Pakistan",High income,2015,Benjamin Netanyahu,7.0,4.0,0.0,0.0,4.98,
ISR,IL,Israel,"Middle East, North Africa, Afghanistan & Pakistan",High income,2016,Benjamin Netanyahu,8.0,4.25,0.0,0.0,5.18,
ISR,IL,Israel,"Middle East, North Africa, Afghanistan & Pakistan",High income,2017,Benjamin Netanyahu,9.0,4.5,0.0,0.0,5.31,
ISR,IL,Israel,"Middle East, North Africa, Afghanistan & Pakistan",High income,2018,Benjamin Netanyahu,10.0,4.75,0.0,0.0,,
ISR,IL,Israel,"Middle East, North Africa, Afghanistan & Pakistan",High income,2019,Benjamin Netanyahu,11.0,5.0,0.0,0.0,,
ISR,IL,Israel,"Middle East, North Africa, Afghanistan & Pakistan",High income,2020,Benjamin Netanyahu,12.0,5.25,0.0,0.0,,
ISR,IL,Israel,"Middle East, North Africa, Afghanistan & Pakistan",High income,2021,Naftali Bennett,1.0,4.4,1.0,0.0,,43.0
ISR,IL,Israel,"Middle East, North Africa, Afghanistan & Pakistan",High income,2022,Benjamin Netanyahu,1.0,3.8333333333333335,1.0,1.0,,42.599999999999994
ISR,IL,Israel,"Middle East, North Africa, Afghanistan & Pakistan",High income,2023,Benjamin Netanyahu,2.0,4.0,0.0,2.0,,44.1
ISR,IL,Israel,"Middle East, North Africa, Afghanistan & Pakistan",High income,2024,Benjamin Netanyahu,3.0,4.166666666666667,0.0,2.0,,
ITA,IT,Italy,Europe & Central Asia,High income,2000,Giuliano Amato,1.0,1.0,0.0,0.0,,
ITA,IT,Italy,Europe & Central Asia,High income,2001,Silvio Berlusconi,1.0,1.0,1.0,0.0,,
ITA,IT,Italy,Europe & Central Asia,High income,2002,Silvio Berlusconi,2.0,1.5,0.0,1.0,,
ITA,IT,Italy,Europe & Central Asia,High income,2003,Silvio Berlusconi,3.0,2.0,0.0,1.0,,
ITA,IT,Italy,Europe & Central Asia,High income,2004,Silvio Berlusconi,4.0,2.5,0.0,1.0,,
ITA,IT,Italy,Europe & Central Asia,High income,2005,Silvio Berlusconi,5.0,3.0,0.0,1.0,,
ITA,IT,Italy,Europe & Central Asia,High income,2006,Romano Prodi,1.0,2.3333333333333335,1.0,1.0,,35.1
ITA,IT,Italy,Europe & Central Asia,High income,2007,Romano Prodi,2.0,2.6666666666666665,0.0,1.0,4.36,37.1
ITA,IT,Italy,Europe & Central Asia,High income,2008,Silvio Berlusconi,1.0,2.25,1.0,1.0,4.35,39.9
ITA,IT,Italy,Europe & Central Asia,High income,2009,Silvio Berlusconi,2.0,2.5,0.0,2.0,4.31,43.9
ITA,IT,Italy,Europe & Central Asia,High income,2010,Silvio Berlusconi,3.0,2.75,0.0,2.0,4.37,45.7
ITA,IT,Italy,Europe & Central Asia,High income,2011,Mario Monti,1.0,2.4,1.0,2.0,4.43,45.8
ITA,IT,Italy,Europe & Central Asia,High income,2012,Mario Monti,2.0,2.6,0.0,2.0,4.46,45.8
ITA,IT,Italy,Europe & Central Asia,High income,2013,Enrico Letta,1.0,2.3333333333333335,1.0,2.0,4.41,44.6
ITA,IT,Italy,Europe & Central Asia,High income,2014,Matteo Renzi,1.0,2.142857142857143,1.0,2.0,4.42,43.4
ITA,IT,Italy,Europe & Central Asia,High income,2015,Matteo Renzi,2.0,2.2857142857142856,0.0,3.0,4.46,43.2
ITA,IT,Italy,Europe & Central Asia,High income,2016,Paolo Gentiloni Silveri,1.0,2.125,1.0,3.0,4.5,43.1
ITA,IT,Italy,Europe & Central Asia,High income,2017,Paolo Gentiloni Silveri,2.0,2.25,0.0,3.0,4.54,45.2
ITA,IT,Italy,Europe & Central Asia,High income,2018,Giuseppe Conte,1.0,2.111111111111111,1.0,3.0,,43.8
ITA,IT,Italy,Europe & Central Asia,High income,2019,Giuseppe Conte,2.0,2.2222222222222223,0.0,3.0,,43.8
ITA,IT,Italy,Europe & Central Asia,High income,2020,Giuseppe Conte,3.0,2.3333333333333335,0.0,2.0,,42.35313024887805
ITA,IT,Italy,Europe & Central Asia,High income,2021,Mario Draghi,1.0,2.2,1.0,2.0,,45.2
ITA,IT,Italy,Europe & Central Asia,High income,2022,Giorgia Meloni,1.0,2.090909090909091,1.0,2.0,,43.4
ITA,IT,Italy,Europe & Central Asia,High income,2023,Giorgia Meloni,2.0,2.1818181818181817,0.0,3.0,,42.6
ITA,IT,Italy,Europe & Central Asia,High income,2024,Giorgia Meloni,3.0,2.272727272727273,0.0,2.0,,
JAM,JM,Jamaica,Latin America & Caribbean,Upper middle income,2000,Percival Noel James Patterson,1.0,1.0,0.0,0.0,,
JAM,JM,Jamaica,Latin America & Caribbean,Upper middle income,2001,Percival Noel James Patterson,2.0,2.0,0.0,0.0,,
JAM,JM,Jamaica,Latin America & Caribbean,Upper middle income,2002,Percival Noel James Patterson,3.0,3.0,0.0,0.0,,
JAM,JM,Jamaica,Latin America & Caribbean,Upper middle income,2003,Percival Noel James Patterson,4.0,4.0,0.0,0.0,,
JAM,JM,Jamaica,Latin America & Caribbean,Upper middle income,2004,Percival Noel James Patterson,5.0,5.0,0.0,0.0,,
JAM,JM,Jamaica,Latin America & Caribbean,Upper middle income,2005,Percival Noel James Patterson,6.0,6.0,0.0,0.0,,
JAM,JM,Jamaica,Latin America & Caribbean,Upper middle income,2006,Portia Simpson Miller,1.0,3.5,1.0,0.0,,66.8
JAM,JM,Jamaica,Latin America & Caribbean,Upper middle income,2007,Bruce Golding,1.0,2.6666666666666665,1.0,1.0,3.95,65.1
JAM,JM,Jamaica,Latin America & Caribbean,Upper middle income,2008,Bruce Golding,2.0,3.0,0.0,2.0,3.89,65.7
JAM,JM,Jamaica,Latin America & Caribbean,Upper middle income,2009,Bruce Golding,3.0,3.3333333333333335,0.0,2.0,3.81,68.6
JAM,JM,Jamaica,Latin America & Caribbean,Upper middle income,2010,Bruce Golding,4.0,3.6666666666666665,0.0,2.0,3.85,67.4
JAM,JM,Jamaica,Latin America & Caribbean,Upper middle income,2011,Bruce Golding,5.0,4.0,0.0,2.0,3.76,67.1
JAM,JM,Jamaica,Latin America & Caribbean,Upper middle income,2012,Portia Simpson Miller,1.0,3.25,1.0,1.0,3.84,65.8
JAM,JM,Jamaica,Latin America & Caribbean,Upper middle income,2013,Portia Simpson Miller,2.0,3.5,0.0,1.0,3.86,65.6
JAM,JM,Jamaica,Latin America & Caribbean,Upper middle income,2014,Portia Simpson Miller,3.0,3.75,0.0,1.0,3.98,64.9
JAM,JM,Jamaica,Latin America & Caribbean,Upper middle income,2015,Portia Simpson Miller,4.0,4.0,0.0,1.0,3.97,64.6
JAM,JM,Jamaica,Latin America & Caribbean,Upper middle income,2016,Andrew Michael Holness,1.0,3.4,1.0,1.0,4.13,65.0
JAM,JM,Jamaica,Latin America & Caribbean,Upper middle income,2017,Andrew Michael Holness,2.0,3.6,0.0,2.0,4.25,65.2
JAM,JM,Jamaica,Latin America & Caribbean,Upper middle income,2018,Andrew Michael Holness,3.0,3.8,0.0,1.0,,63.11945865018858
JAM,JM,Jamaica,Latin America & Caribbean,Upper middle income,2019,Andrew Michael Holness,4.0,4.0,0.0,1.0,,61.2
JAM,JM,Jamaica,Latin America & Caribbean,Upper middle income,2020,Andrew Michael Holness,5.0,4.2,0.0,1.0,,60.02494703870308
JAM,JM,Jamaica,Latin America & Caribbean,Upper middle income,2021,Andrew Michael Holness,6.0,4.4,0.0,1.0,,61.2
JAM,JM,Jamaica,Latin America & Caribbean,Upper middle income,2022,Andrew Michael Holness,7.0,4.6,0.0,0.0,,62.1
JAM,JM,Jamaica,Latin America & Caribbean,Upper middle income,2023,Andrew Michael Holness,8.0,4.8,0.0,0.0,,61.90000000000001
JAM,JM,Jamaica,Latin America & Caribbean,Upper middle income,2024,Andrew Michael Holness,9.0,5.0,0.0,0.0,,
JOR,JO,Jordan,"Middle East, North Africa, Afghanistan & Pakistan",Upper middle income,2000,Ali Abu al-Ragheb,1.0,1.0,0.0,0.0,,
JOR,JO,Jordan,"Middle East, North Africa, Afghanistan & Pakistan",Upper middle income,2001,Ali Abu al-Ragheb,2.0,2.0,0.0,0.0,,
JOR,JO,Jordan,"Middle East, North Africa, Afghanistan & Pakistan",Upper middle income,2002,Ali Abu al-Ragheb,3.0,3.0,0.0,0.0,,
JOR,JO,Jordan,"Middle East, North Africa, Afghanistan & Pakistan",Upper middle income,2003,Faisal al-Fayez,1.0,2.0,1.0,0.0,,
JOR,JO,Jordan,"Middle East, North Africa, Afghanistan & Pakistan",Upper middle income,2004,Faisal al-Fayez,2.0,2.5,0.0,1.0,,
JOR,JO,Jordan,"Middle East, North Africa, Afghanistan & Pakistan",Upper middle income,2005,Marouf al-Bakhit,1.0,2.0,1.0,1.0,,
JOR,JO,Jordan,"Middle East, North Africa, Afghanistan & Pakistan",Upper middle income,2006,Marouf al-Bakhit,2.0,2.3333333333333335,0.0,2.0,,77.0
JOR,JO,Jordan,"Middle East, North Africa, Afghanistan & Pakistan",Upper middle income,2007,Nader Dahabi,1.0,2.0,1.0,2.0,4.32,76.6
JOR,JO,Jordan,"Middle East, North Africa, Afghanistan & Pakistan",Upper middle income,2008,Nader Dahabi,2.0,2.25,0.0,3.0,4.37,77.3
JOR,JO,Jordan,"Middle East, North Africa, Afghanistan & Pakistan",Upper middle income,2009,Samir al-Rifai,1.0,2.0,1.0,2.0,4.3,77.9
JOR,JO,Jordan,"Middle East, North Africa, Afghanistan & Pakistan",Upper middle income,2010,Samir al-Rifai,2.0,2.2,0.0,3.0,4.21,77.0
JOR,JO,Jordan,"Middle East, North Africa, Afghanistan & Pakistan",Upper middle income,2011,Awn Shawkat al-Khasawneh,1.0,2.0,1.0,2.0,4.19,74.5
JOR,JO,Jordan,"Middle East, North Africa, Afghanistan & Pakistan",Upper middle income,2012,Fayez al-Tarawneh,1.0,1.8571428571428572,1.0,3.0,4.23,74.8
JOR,JO,Jordan,"Middle East, North Africa, Afghanistan & Pakistan",Upper middle income,2013,Abdullah Ensour,1.0,1.75,1.0,3.0,4.2,75.7
JOR,JO,Jordan,"Middle East, North Africa, Afghanistan & Pakistan",Upper middle income,2014,Abdullah Ensour,2.0,1.875,0.0,4.0,4.25,76.7
JOR,JO,Jordan,"Middle East, North Africa, Afghanistan & Pakistan",Upper middle income,2015,Abdullah Ensour,3.0,2.0,0.0,3.0,4.23,76.9
JOR,JO,Jordan,"Middle East, North Africa, Afghanistan & Pakistan",Upper middle income,2016,Hani Mulki,1.0,1.8888888888888888,1.0,3.0,4.29,78.0
JOR,JO,Jordan,"Middle East, North Africa, Afghanistan & Pakistan",Upper middle income,2017,Hani Mulki,2.0,2.0,0.0,3.0,4.3,78.7
JOR,JO,Jordan,"Middle East, North Africa, Afghanistan & Pakistan",Upper middle income,2018,Omar al-Razzaz,1.0,1.9,1.0,2.0,,76.75207113512026
JOR,JO,Jordan,"Middle East, North Africa, Afghanistan & Pakistan",Upper middle income,2019,Omar al-Razzaz,2.0,2.0,0.0,2.0,,75.9
JOR,JO,Jordan,"Middle East, North Africa, Afghanistan & Pakistan",Upper middle income,2020,Bisher Al Khasawneh,1.0,1.9090909090909092,1.0,2.0,,75.42853052941282
JOR,JO,Jordan,"Middle East, North Africa, Afghanistan & Pakistan",Upper middle income,2021,Bisher Al Khasawneh,2.0,2.0,0.0,3.0,,76.8
JOR,JO,Jordan,"Middle East, North Africa, Afghanistan & Pakistan",Upper middle income,2022,Bisher Al Khasawneh,3.0,2.090909090909091,0.0,2.0,,76.60000000000001
JOR,JO,Jordan,"Middle East, North Africa, Afghanistan & Pakistan",Upper middle income,2023,Bisher Al Khasawneh,4.0,2.1818181818181817,0.0,2.0,,75.7
JOR,JO,Jordan,"Middle East, North Africa, Afghanistan & Pakistan",Upper middle income,2024,Jafar Hassan,1.0,2.0833333333333335,1.0,1.0,,
JPN,JP,Japan,East Asia & Pacific,High income,2000,Yoshiro Mori,1.0,1.0,0.0,0.0,,
JPN,JP,Japan,East Asia & Pacific,High income,2001,Junichiro Koizumi,1.0,1.0,1.0,0.0,,
JPN,JP,Japan,East Asia & Pacific,High income,2002,Junichiro Koizumi,2.0,1.5,0.0,1.0,,
JPN,JP,Japan,East Asia & Pacific,High income,2003,Junichiro Koizumi,3.0,2.0,0.0,1.0,,
JPN,JP,Japan,East Asia & Pacific,High income,2004,Junichiro Koizumi,4.0,2.5,0.0,1.0,,
JPN,JP,Japan,East Asia & Pacific,High income,2005,Junichiro Koizumi,5.0,3.0,0.0,1.0,,
JPN,JP,Japan,East Asia & Pacific,High income,2006,Shinzo Abe,1.0,2.3333333333333335,1.0,1.0,,28.0
JPN,JP,Japan,East Asia & Pacific,High income,2007,Yasuo Fukuda,1.0,2.0,1.0,1.0,5.43,28.5
JPN,JP,Japan,East Asia & Pacific,High income,2008,Taro Aso,1.0,1.8,1.0,2.0,5.38,29.7
JPN,JP,Japan,East Asia & Pacific,High income,2009,Yukio Hatoyama,1.0,1.6666666666666667,1.0,3.0,5.37,31.2
JPN,JP,Japan,East Asia & Pacific,High income,2010,Naoto Kan,1.0,1.5714285714285714,1.0,4.0,5.37,31.3
JPN,JP,Japan,East Asia & Pacific,High income,2011,Yoshihiko Noda,1.0,1.5,1.0,5.0,5.4,31.0
JPN,JP,Japan,East Asia & Pacific,High income,2012,Shinzo Abe,1.0,1.4444444444444444,1.0,5.0,5.4,43.5
JPN,JP,Japan,East Asia & Pacific,High income,2013,Shinzo Abe,2.0,1.5555555555555556,0.0,5.0,5.4,36.1
JPN,JP,Japan,East Asia & Pacific,High income,2014,Shinzo Abe,3.0,1.6666666666666667,0.0,4.0,5.47,36.3
JPN,JP,Japan,East Asia & Pacific,High income,2015,Shinzo Abe,4.0,1.7777777777777777,0.0,3.0,5.47,36.0
JPN,JP,Japan,East Asia & Pacific,High income,2016,Shinzo Abe,5.0,1.8888888888888888,0.0,2.0,5.48,35.1
JPN,JP,Japan,East Asia & Pacific,High income,2017,Shinzo Abe,6.0,2.0,0.0,1.0,5.49,37.4
JPN,JP,Japan,East Asia & Pacific,High income,2018,Shinzo Abe,7.0,2.111111111111111,0.0,0.0,,34.47489966723306
JPN,JP,Japan,East Asia & Pacific,High income,2019,Shinzo Abe,8.0,2.2222222222222223,0.0,0.0,,34.3
JPN,JP,Japan,East Asia & Pacific,High income,2020,Yoshihide Suga,1.0,2.1,1.0,0.0,,32.332289117028274
JPN,JP,Japan,East Asia & Pacific,High income,2021,Fumio Kishida,1.0,2.0,1.0,1.0,,32.2
JPN,JP,Japan,East Asia & Pacific,High income,2022,Fumio Kishida,2.0,2.090909090909091,0.0,2.0,,31.0
JPN,JP,Japan,East Asia & Pacific,High income,2023,Fumio Kishida,3.0,2.1818181818181817,0.0,2.0,,30.500000000000004
JPN,JP,Japan,East Asia & Pacific,High income,2024,Shigeru Ishiba,1.0,2.0833333333333335,1.0,2.0,,
KAZ,KZ,Kazakhstan,Europe & Central Asia,Upper middle income,2000,Kasymzhomart Kemelevich Tokayev,1.0,1.0,0.0,0.0,,
KAZ,KZ,Kazakhstan,Europe & Central Asia,Upper middle income,2001,Kasymzhomart Kemelevich Tokayev,2.0,2.0,0.0,0.0,,
KAZ,KZ,Kazakhstan,Europe & Central Asia,Upper middle income,2002,Imangali Nurgaliyevich Tasmagambetov,1.0,1.5,1.0,0.0,,
KAZ,KZ,Kazakhstan,Europe & Central Asia,Upper middle income,2003,Danial Kenzhetayevich Akhmetov,1.0,1.3333333333333333,1.0,1.0,,
KAZ,KZ,Kazakhstan,Europe & Central Asia,Upper middle income,2004,Danial Kenzhetayevich Akhmetov,2.0,1.6666666666666667,0.0,2.0,,
KAZ,KZ,Kazakhstan,Europe & Central Asia,Upper middle income,2005,Danial Kenzhetayevich Akhmetov,3.0,2.0,0.0,2.0,,
KAZ,KZ,Kazakhstan,Europe & Central Asia,Upper middle income,2006,Danial Kenzhetayevich Akhmetov,4.0,2.3333333333333335,0.0,2.0,,71.9
KAZ,KZ,Kazakhstan,Europe & Central Asia,Upper middle income,2007,Karim Kazhymkanovich Masimov,1.0,2.0,1.0,2.0,4.14,72.3
KAZ,KZ,Kazakhstan,Europe & Central Asia,Upper middle income,2008,Karim Kazhymkanovich Masimov,2.0,2.25,0.0,2.0,4.11,72.4
KAZ,KZ,Kazakhstan,Europe & Central Asia,Upper middle income,2009,Karim Kazhymkanovich Masimov,3.0,2.5,0.0,1.0,4.08,72.5
KAZ,KZ,Kazakhstan,Europe & Central Asia,Upper middle income,2010,Karim Kazhymkanovich Masimov,4.0,2.75,0.0,1.0,4.12,72.7
KAZ,KZ,Kazakhstan,Europe & Central Asia,Upper middle income,2011,Karim Kazhymkanovich Masimov,5.0,3.0,0.0,1.0,4.18,70.2
KAZ,KZ,Kazakhstan,Europe & Central Asia,Upper middle income,2012,Serik Nyghmetuly Akhmetov,1.0,2.6,1.0,1.0,4.38,70.9
KAZ,KZ,Kazakhstan,Europe & Central Asia,Upper middle income,2013,Serik Nyghmetuly Akhmetov,2.0,2.8,0.0,1.0,4.41,69.8
KAZ,KZ,Kazakhstan,Europe & Central Asia,Upper middle income,2014,Karim Kazhymkanovich Masimov,1.0,2.5,1.0,1.0,4.42,68.5
KAZ,KZ,Kazakhstan,Europe & Central Asia,Upper middle income,2015,Karim Kazhymkanovich Masimov,2.0,2.6666666666666665,0.0,2.0,4.48,68.3
KAZ,KZ,Kazakhstan,Europe & Central Asia,Upper middle income,2016,Bakytzhan Abdirovich Sagintayev,1.0,2.4285714285714284,1.0,2.0,4.41,66.5
KAZ,KZ,Kazakhstan,Europe & Central Asia,Upper middle income,2017,Bakytzhan Abdirovich Sagintayev,2.0,2.5714285714285716,0.0,3.0,4.35,65.9
KAZ,KZ,Kazakhstan,Europe & Central Asia,Upper middle income,2018,Bakytzhan Abdirovich Sagintayev,3.0,2.7142857142857144,0.0,2.0,,63.43851484252681
KAZ,KZ,Kazakhstan,Europe & Central Asia,Upper middle income,2019,Askar Uzakbaiuly Mamin,1.0,2.5,1.0,2.0,,61.6
KAZ,KZ,Kazakhstan,Europe & Central Asia,Upper middle income,2020,Askar Uzakbaiuly Mamin,2.0,2.625,0.0,2.0,,59.770101356315976
KAZ,KZ,Kazakhstan,Europe & Central Asia,Upper middle income,2021,Askar Uzakbaiuly Mamin,3.0,2.75,0.0,2.0,,61.20000000000001
KAZ,KZ,Kazakhstan,Europe & Central Asia,Upper middle income,2022,Alikhan Smailov,1.0,2.5555555555555554,1.0,1.0,,59.5
KAZ,KZ,Kazakhstan,Europe & Central Asia,Upper middle income,2023,Alikhan Smailov,2.0,2.6666666666666665,0.0,2.0,,60.6
KAZ,KZ,Kazakhstan,Europe & Central Asia,Upper middle income,2024,Oljas Abayulı Bektenov,1.0,2.5,1.0,2.0,,
KEN,KE,Kenya,Sub-Saharan Africa,Lower middle income,2000,,,,0.0,0.0,,
KEN,KE,Kenya,Sub-Saharan Africa,Lower middle income,2001,,,,0.0,0.0,,
KEN,KE,Kenya,Sub-Saharan Africa,Lower middle income,2002,,,,0.0,0.0,,
KEN,KE,Kenya,Sub-Saharan Africa,Lower middle income,2003,,,,0.0,0.0,,
KEN,KE,Kenya,Sub-Saharan Africa,Lower middle income,2004,,,,0.0,0.0,,
KEN,KE,Kenya,Sub-Saharan Africa,Lower middle income,2005,,,,0.0,0.0,,
KEN,KE,Kenya,Sub-Saharan Africa,Lower middle income,2006,,,,0.0,0.0,,88.6
KEN,KE,Kenya,Sub-Saharan Africa,Lower middle income,2007,,,,0.0,0.0,3.61,91.3
KEN,KE,Kenya,Sub-Saharan Africa,Lower middle income,2008,Raila Amolo Odinga,1.0,1.0,0.0,0.0,3.84,93.4
KEN,KE,Kenya,Sub-Saharan Africa,Lower middle income,2009,Raila Amolo Odinga,2.0,2.0,0.0,0.0,3.67,101.4
KEN,KE,Kenya,Sub-Saharan Africa,Lower middle income,2010,Raila Amolo Odinga,3.0,3.0,0.0,0.0,3.65,100.7
KEN,KE,Kenya,Sub-Saharan Africa,Lower middle income,2011,Raila Amolo Odinga,4.0,4.0,0.0,0.0,3.82,98.7
KEN,KE,Kenya,Sub-Saharan Africa,Lower middle income,2012,Raila Amolo Odinga,5.0,5.0,0.0,0.0,3.75,98.4
KEN,KE,Kenya,Sub-Saharan Africa,Lower middle income,2013,,,5.0,0.0,0.0,3.85,99.6
KEN,KE,Kenya,Sub-Saharan Africa,Lower middle income,2014,,,5.0,0.0,0.0,3.93,99.0
KEN,KE,Kenya,Sub-Saharan Africa,Lower middle income,2015,,,5.0,0.0,0.0,3.85,97.3
KEN,KE,Kenya,Sub-Saharan Africa,Lower middle income,2016,,,5.0,0.0,0.0,3.9,98.3
KEN,KE,Kenya,Sub-Saharan Africa,Lower middle income,2017,,,5.0,0.0,0.0,3.98,96.4
KEN,KE,Kenya,Sub-Saharan Africa,Lower middle income,2018,,,5.0,0.0,0.0,,97.38051499327098
KEN,KE,Kenya,Sub-Saharan Africa,Lower middle income,2019,,,5.0,0.0,0.0,,93.5
KEN,KE,Kenya,Sub-Saharan Africa,Lower middle income,2020,,,5.0,0.0,0.0,,90.31586992597771
KEN,KE,Kenya,Sub-Saharan Africa,Lower middle income,2021,,,5.0,0.0,0.0,,89.2
KEN,KE,Kenya,Sub-Saharan Africa,Lower middle income,2022,,,5.0,0.0,0.0,,88.19999999999997
KEN,KE,Kenya,Sub-Saharan Africa,Lower middle income,2023,,,5.0,0.0,0.0,,87.8
KEN,KE,Kenya,Sub-Saharan Africa,Lower middle income,2024,,,5.0,0.0,0.0,,
KGZ,KG,Kyrgyz Republic,Europe & Central Asia,Lower middle income,2000,Kurmanbek Saliyevich Bakiyev,1.0,1.0,0.0,0.0,,
KGZ,KG,Kyrgyz Republic,Europe & Central Asia,Lower middle income,2001,Kurmanbek Saliyevich Bakiyev,2.0,2.0,0.0,0.0,,
KGZ,KG,Kyrgyz Republic,Europe & Central Asia,Lower middle income,2002,Nikolay Timofeyevich Tanayev,1.0,1.5,1.0,0.0,,
KGZ,KG,Kyrgyz Republic,Europe & Central Asia,Lower middle income,2003,Nikolay Timofeyevich Tanayev,2.0,2.0,0.0,1.0,,
KGZ,KG,Kyrgyz Republic,Europe & Central Asia,Lower middle income,2004,Nikolay Timofeyevich Tanayev,3.0,2.5,0.0,1.0,,
KGZ,KG,Kyrgyz Republic,Europe & Central Asia,Lower middle income,2005,Feliks Sharshenbayevich Kulov,1.0,2.0,1.0,1.0,,
KGZ,KG,Kyrgyz Republic,Europe & Central Asia,Lower middle income,2006,Feliks Sharshenbayevich Kulov,2.0,2.3333333333333335,0.0,2.0,,90.3
KGZ,KG,Kyrgyz Republic,Europe & Central Asia,Lower middle income,2007,Igor Vitalyevich Chudinov,1.0,2.0,1.0,2.0,3.34,88.2
KGZ,KG,Kyrgyz Republic,Europe & Central Asia,Lower middle income,2008,Igor Vitalyevich Chudinov,2.0,2.25,0.0,2.0,3.4,88.8
KGZ,KG,Kyrgyz Republic,Europe & Central Asia,Lower middle income,2009,Daniyar Toktogulovich Usenov,1.0,2.0,1.0,2.0,3.36,89.1
KGZ,KG,Kyrgyz Republic,Europe & Central Asia,Lower middle income,2010,Almazbek Sharshenovich Atambayev,1.0,1.8333333333333333,1.0,3.0,3.49,88.4
KGZ,KG,Kyrgyz Republic,Europe & Central Asia,Lower middle income,2011,Omurbek Toktogulovich Babanov,1.0,1.7142857142857142,1.0,3.0,3.45,91.8
KGZ,KG,Kyrgyz Republic,Europe & Central Asia,Lower middle income,2012,Zhantoro Zholdoshevich Satybaldiyev,1.0,1.625,1.0,4.0,3.44,87.4
KGZ,KG,Kyrgyz Republic,Europe & Central Asia,Lower middle income,2013,Zhantoro Zholdoshevich Satybaldiyev,2.0,1.75,0.0,4.0,3.57,85.7
KGZ,KG,Kyrgyz Republic,Europe & Central Asia,Lower middle income,2014,Zhoomart Kaipovich Otorbayev,1.0,1.6666666666666667,1.0,4.0,3.73,83.9
KGZ,KG,Kyrgyz Republic,Europe & Central Asia,Lower middle income,2015,Temir Argembayevich Sariyev,1.0,1.6,1.0,4.0,3.83,82.2
KGZ,KG,Kyrgyz Republic,Europe & Central Asia,Lower middle income,2016,Sooronbay Jeenbekov,1.0,1.5454545454545454,1.0,4.0,3.75,81.1
KGZ,KG,Kyrgyz Republic,Europe & Central Asia,Lower middle income,2017,Sapar Dzhumakadyrovich Isakov,1.0,1.5,1.0,4.0,3.9,80.3
KGZ,KG,Kyrgyz Republic,Europe & Central Asia,Lower middle income,2018,Mukhammedkalyy Abylgaziev,1.0,1.4615384615384615,1.0,4.0,,78.6341219093271
KGZ,KG,Kyrgyz Republic,Europe & Central Asia,Lower middle income,2019,Mukhammedkalyy Abylgaziev,2.0,1.5384615384615385,0.0,5.0,,76.2
KGZ,KG,Kyrgyz Republic,Europe & Central Asia,Lower middle income,2020,Artem Novikov,1.0,1.5,1.0,4.0,,73.92936357080953
KGZ,KG,Kyrgyz Republic,Europe & Central Asia,Lower middle income,2021,,,1.5,0.0,4.0,,76.4
KGZ,KG,Kyrgyz Republic,Europe & Central Asia,Lower middle income,2022,,,1.5,0.0,3.0,,77.1
KGZ,KG,Kyrgyz Republic,Europe & Central Asia,Lower middle income,2023,,,1.5,0.0,2.0,,75.60000000000001
KGZ,KG,Kyrgyz Republic,Europe & Central Asia,Lower middle income,2024,,,1.5,0.0,1.0,,
KHM,KH,Cambodia,East Asia & Pacific,Lower middle income,2000,Hun Sen,1.0,1.0,0.0,0.0,,
KHM,KH,Cambodia,East Asia & Pacific,Lower middle income,2001,Hun Sen,2.0,2.0,0.0,0.0,,
KHM,KH,Cambodia,East Asia & Pacific,Lower middle income,2002,Hun Sen,3.0,3.0,0.0,0.0,,
KHM,KH,Cambodia,East Asia & Pacific,Lower middle income,2003,Hun Sen,4.0,4.0,0.0,0.0,,
KHM,KH,Cambodia,East Asia & Pacific,Lower middle income,2004,Hun Sen,5.0,5.0,0.0,0.0,,
KHM,KH,Cambodia,East Asia & Pacific,Lower middle income,2005,Hun Sen,6.0,6.0,0.0,0.0,,
KHM,KH,Cambodia,East Asia & Pacific,Lower middle income,2006,Hun Sen,7.0,7.0,0.0,0.0,,85.0
KHM,KH,Cambodia,East Asia & Pacific,Lower middle income,2007,Hun Sen,8.0,8.0,0.0,0.0,3.48,85.7
KHM,KH,Cambodia,East Asia & Pacific,Lower middle income,2008,Hun Sen,9.0,9.0,0.0,0.0,3.53,85.8
KHM,KH,Cambodia,East Asia & Pacific,Lower middle income,2009,Hun Sen,10.0,10.0,0.0,0.0,3.51,87.3
KHM,KH,Cambodia,East Asia & Pacific,Lower middle income,2010,Hun Sen,11.0,11.0,0.0,0.0,3.63,88.7
KHM,KH,Cambodia,East Asia & Pacific,Lower middle income,2011,Hun Sen,12.0,12.0,0.0,0.0,3.85,88.5
KHM,KH,Cambodia,East Asia & Pacific,Lower middle income,2012,Hun Sen,13.0,13.0,0.0,0.0,4.01,88.7
KHM,KH,Cambodia,East Asia & Pacific,Lower middle income,2013,Hun Sen,14.0,14.0,0.0,0.0,4.01,88.0
KHM,KH,Cambodia,East Asia & Pacific,Lower middle income,2014,Hun Sen,15.0,15.0,0.0,0.0,3.89,88.5
KHM,KH,Cambodia,East Asia & Pacific,Lower middle income,2015,Hun Sen,16.0,16.0,0.0,0.0,3.94,87.9
KHM,KH,Cambodia,East Asia & Pacific,Lower middle income,2016,Hun Sen,17.0,17.0,0.0,0.0,3.98,87.4
KHM,KH,Cambodia,East Asia & Pacific,Lower middle income,2017,Hun Sen,18.0,18.0,0.0,0.0,3.93,85.7
KHM,KH,Cambodia,East Asia & Pacific,Lower middle income,2018,Hun Sen,19.0,19.0,0.0,0.0,,84.04889218927363
KHM,KH,Cambodia,East Asia & Pacific,Lower middle income,2019,Hun Sen,20.0,20.0,0.0,0.0,,82.5
KHM,KH,Cambodia,East Asia & Pacific,Lower middle income,2020,Hun Sen,21.0,21.0,0.0,0.0,,80.30838110384798
KHM,KH,Cambodia,East Asia & Pacific,Lower middle income,2021,Hun Sen,22.0,22.0,0.0,0.0,,80.60000000000001
KHM,KH,Cambodia,East Asia & Pacific,Lower middle income,2022,Hun Sen,23.0,23.0,0.0,0.0,,80.5
KHM,KH,Cambodia,East Asia & Pacific,Lower middle income,2023,Hun Manet,1.0,12.0,1.0,0.0,,80.30000000000001
KHM,KH,Cambodia,East Asia & Pacific,Lower middle income,2024,Hun Manet,2.0,12.5,0.0,1.0,,
KIR,KI,Kiribati,East Asia & Pacific,Lower middle income,2000,,,,,,,
KIR,KI,Kiribati,East Asia & Pacific,Lower middle income,2001,,,,,,,
KIR,KI,Kiribati,East Asia & Pacific,Lower middle income,2002,,,,,,,
KIR,KI,Kiribati,East Asia & Pacific,Lower middle income,2003,,,,,,,
KIR,KI,Kiribati,East Asia & Pacific,Lower middle income,2004,,,,,,,
KIR,KI,Kiribati,East Asia & Pacific,Lower middle income,2005,,,,,,,
KIR,KI,Kiribati,East Asia & Pacific,Lower middle income,2006,,,,,,,
KIR,KI,Kiribati,East Asia & Pacific,Lower middle income,2007,,,,,,,
KIR,KI,Kiribati,East Asia & Pacific,Lower middle income,2008,,,,,,,
KIR,KI,Kiribati,East Asia & Pacific,Lower middle income,2009,,,,,,,
KIR,KI,Kiribati,East Asia & Pacific,Lower middle income,2010,,,,,,,
KIR,KI,Kiribati,East Asia & Pacific,Lower middle income,2011,,,,,,,
KIR,KI,Kiribati,East Asia & Pacific,Lower middle income,2012,,,,,,,
KIR,KI,Kiribati,East Asia & Pacific,Lower middle income,2013,,,,,,,
KIR,KI,Kiribati,East Asia & Pacific,Lower middle income,2014,,,,,,,
KIR,KI,Kiribati,East Asia & Pacific,Lower middle income,2015,,,,,,,
KIR,KI,Kiribati,East Asia & Pacific,Lower middle income,2016,,,,,,,
KIR,KI,Kiribati,East Asia & Pacific,Lower middle income,2017,,,,,,,
KIR,KI,Kiribati,East Asia & Pacific,Lower middle income,2018,,,,,,,
KIR,KI,Kiribati,East Asia & Pacific,Lower middle income,2019,,,,,,,
KIR,KI,Kiribati,East Asia & Pacific,Lower middle income,2020,,,,,,,
KIR,KI,Kiribati,East Asia & Pacific,Lower middle income,2021,,,,,,,
KIR,KI,Kiribati,East Asia & Pacific,Lower middle income,2022,,,,,,,
KIR,KI,Kiribati,East Asia & Pacific,Lower middle income,2023,,,,,,,
KIR,KI,Kiribati,East Asia & Pacific,Lower middle income,2024,,,,,,,
KNA,KN,St. Kitts and Nevis,Latin America & Caribbean,High income,2000,,,,,,,
KNA,KN,St. Kitts and Nevis,Latin America & Caribbean,High income,2001,,,,,,,
KNA,KN,St. Kitts and Nevis,Latin America & Caribbean,High income,2002,,,,,,,
KNA,KN,St. Kitts and Nevis,Latin America & Caribbean,High income,2003,,,,,,,
KNA,KN,St. Kitts and Nevis,Latin America & Caribbean,High income,2004,,,,,,,
KNA,KN,St. Kitts and Nevis,Latin America & Caribbean,High income,2005,,,,,,,
KNA,KN,St. Kitts and Nevis,Latin America & Caribbean,High income,2006,,,,,,,
KNA,KN,St. Kitts and Nevis,Latin America & Caribbean,High income,2007,,,,,,,
KNA,KN,St. Kitts and Nevis,Latin America & Caribbean,High income,2008,,,,,,,
KNA,KN,St. Kitts and Nevis,Latin America & Caribbean,High income,2009,,,,,,,
KNA,KN,St. Kitts and Nevis,Latin America & Caribbean,High income,2010,,,,,,,
KNA,KN,St. Kitts and Nevis,Latin America & Caribbean,High income,2011,,,,,,,
KNA,KN,St. Kitts and Nevis,Latin America & Caribbean,High income,2012,,,,,,,
KNA,KN,St. Kitts and Nevis,Latin America & Caribbean,High income,2013,,,,,,,
KNA,KN,St. Kitts and Nevis,Latin America & Caribbean,High income,2014,,,,,,,
KNA,KN,St. Kitts and Nevis,Latin America & Caribbean,High income,2015,,,,,,,
KNA,KN,St. Kitts and Nevis,Latin America & Caribbean,High income,2016,,,,,,,
KNA,KN,St. Kitts and Nevis,Latin America & Caribbean,High income,2017,,,,,,,
KNA,KN,St. Kitts and Nevis,Latin America & Caribbean,High income,2018,,,,,,,
KNA,KN,St. Kitts and Nevis,Latin America & Caribbean,High income,2019,,,,,,,
KNA,KN,St. Kitts and Nevis,Latin America & Caribbean,High income,2020,,,,,,,
KNA,KN,St. Kitts and Nevis,Latin America & Caribbean,High income,2021,,,,,,,
KNA,KN,St. Kitts and Nevis,Latin America & Caribbean,High income,2022,,,,,,,
KNA,KN,St. Kitts and Nevis,Latin America & Caribbean,High income,2023,,,,,,,
KNA,KN,St. Kitts and Nevis,Latin America & Caribbean,High income,2024,,,,,,,
KOR,KR,"Korea, Rep.",East Asia & Pacific,High income,2000,,,,0.0,0.0,,
KOR,KR,"Korea, Rep.",East Asia & Pacific,High income,2001,,,,0.0,0.0,,
KOR,KR,"Korea, Rep.",East Asia & Pacific,High income,2002,,,,0.0,0.0,,
KOR,KR,"Korea, Rep.",East Asia & Pacific,High income,2003,,,,0.0,0.0,,
KOR,KR,"Korea, Rep.",East Asia & Pacific,High income,2004,,,,0.0,0.0,,
KOR,KR,"Korea, Rep.",East Asia & Pacific,High income,2005,,,,0.0,0.0,,
KOR,KR,"Korea, Rep.",East Asia & Pacific,High income,2006,,,,0.0,0.0,,39.9
KOR,KR,"Korea, Rep.",East Asia & Pacific,High income,2007,,,,0.0,0.0,5.4,39.7
KOR,KR,"Korea, Rep.",East Asia & Pacific,High income,2008,,,,0.0,0.0,5.28,40.6
KOR,KR,"Korea, Rep.",East Asia & Pacific,High income,2009,,,,0.0,0.0,5.0,41.6
KOR,KR,"Korea, Rep.",East Asia & Pacific,High income,2010,,,,0.0,0.0,4.93,41.3
KOR,KR,"Korea, Rep.",East Asia & Pacific,High income,2011,,,,0.0,0.0,5.02,38.8
KOR,KR,"Korea, Rep.",East Asia & Pacific,High income,2012,,,,0.0,0.0,5.12,37.6
KOR,KR,"Korea, Rep.",East Asia & Pacific,High income,2013,,,,0.0,0.0,5.01,35.4
KOR,KR,"Korea, Rep.",East Asia & Pacific,High income,2014,,,,0.0,0.0,4.96,36.4
KOR,KR,"Korea, Rep.",East Asia & Pacific,High income,2015,,,,0.0,0.0,4.99,36.3
KOR,KR,"Korea, Rep.",East Asia & Pacific,High income,2016,,,,0.0,0.0,5.03,36.1
KOR,KR,"Korea, Rep.",East Asia & Pacific,High income,2017,,,,0.0,0.0,5.07,38.1
KOR,KR,"Korea, Rep.",East Asia & Pacific,High income,2018,,,,0.0,0.0,,35.73391458947191
KOR,KR,"Korea, Rep.",East Asia & Pacific,High income,2019,,,,0.0,0.0,,33.7
KOR,KR,"Korea, Rep.",East Asia & Pacific,High income,2020,,,,0.0,0.0,,32.01527342958986
KOR,KR,"Korea, Rep.",East Asia & Pacific,High income,2021,,,,0.0,0.0,,32.50000000000001
KOR,KR,"Korea, Rep.",East Asia & Pacific,High income,2022,,,,0.0,0.0,,32.699999999999996
KOR,KR,"Korea, Rep.",East Asia & Pacific,High income,2023,,,,0.0,0.0,,31.5
KOR,KR,"Korea, Rep.",East Asia & Pacific,High income,2024,,,,0.0,0.0,,
KWT,KW,Kuwait,"Middle East, North Africa, Afghanistan & Pakistan",High income,2000,Sheikh Saad Al Abdullah Al Salim Al Sabah,1.0,1.0,0.0,0.0,,
KWT,KW,Kuwait,"Middle East, North Africa, Afghanistan & Pakistan",High income,2001,,,1.0,0.0,0.0,,
KWT,KW,Kuwait,"Middle East, North Africa, Afghanistan & Pakistan",High income,2002,Sheikh Saad Al Abdullah Al Salim Al Sabah,1.0,1.0,0.0,0.0,,
KWT,KW,Kuwait,"Middle East, North Africa, Afghanistan & Pakistan",High income,2003,Sheikh Saad Al Abdullah Al Salim Al Sabah,2.0,1.5,0.0,0.0,,
KWT,KW,Kuwait,"Middle East, North Africa, Afghanistan & Pakistan",High income,2004,Sheikh Saad Al Abdullah Al Salim Al Sabah,3.0,2.0,0.0,0.0,,
KWT,KW,Kuwait,"Middle East, North Africa, Afghanistan & Pakistan",High income,2005,Sheikh Saad Al Abdullah Al Salim Al Sabah,4.0,2.5,0.0,0.0,,
KWT,KW,Kuwait,"Middle East, North Africa, Afghanistan & Pakistan",High income,2006,Sheikh Nasser Muhammad Al Ahmad Al Sabah,1.0,2.0,1.0,0.0,,60.8
KWT,KW,Kuwait,"Middle East, North Africa, Afghanistan & Pakistan",High income,2007,Sheikh Nasser Muhammad Al Ahmad Al Sabah,2.0,2.3333333333333335,0.0,1.0,4.66,62.1
KWT,KW,Kuwait,"Middle East, North Africa, Afghanistan & Pakistan",High income,2008,Sheikh Nasser Muhammad Al Ahmad Al Sabah,3.0,2.6666666666666665,0.0,1.0,4.58,62.0
KWT,KW,Kuwait,"Middle East, North Africa, Afghanistan & Pakistan",High income,2009,Sheikh Nasser Muhammad Al Ahmad Al Sabah,4.0,3.0,0.0,1.0,4.53,63.4
KWT,KW,Kuwait,"Middle East, North Africa, Afghanistan & Pakistan",High income,2010,Sheikh Nasser Muhammad Al Ahmad Al Sabah,5.0,3.3333333333333335,0.0,1.0,4.59,61.5
KWT,KW,Kuwait,"Middle East, North Africa, Afghanistan & Pakistan",High income,2011,Sheikh Jaber Mubarak Hamad Al-Sabah,1.0,2.75,1.0,1.0,4.62,59.5
KWT,KW,Kuwait,"Middle East, North Africa, Afghanistan & Pakistan",High income,2012,Sheikh Jaber Mubarak Hamad Al-Sabah,2.0,3.0,0.0,1.0,4.56,58.8
KWT,KW,Kuwait,"Middle East, North Africa, Afghanistan & Pakistan",High income,2013,Sheikh Jaber Mubarak Hamad Al-Sabah,3.0,3.25,0.0,1.0,4.56,59.6
KWT,KW,Kuwait,"Middle East, North Africa, Afghanistan & Pakistan",High income,2014,Sheikh Jaber Mubarak Hamad Al-Sabah,4.0,3.5,0.0,1.0,4.51,59.0
KWT,KW,Kuwait,"Middle East, North Africa, Afghanistan & Pakistan",High income,2015,Sheikh Jaber Mubarak Hamad Al-Sabah,5.0,3.75,0.0,1.0,4.59,57.5
KWT,KW,Kuwait,"Middle East, North Africa, Afghanistan & Pakistan",High income,2016,Sheikh Jaber Mubarak Hamad Al-Sabah,6.0,4.0,0.0,1.0,4.53,58.5
KWT,KW,Kuwait,"Middle East, North Africa, Afghanistan & Pakistan",High income,2017,Sheikh Jaber Mubarak Hamad Al-Sabah,7.0,4.25,0.0,0.0,4.43,58.5
KWT,KW,Kuwait,"Middle East, North Africa, Afghanistan & Pakistan",High income,2018,Sheikh Jaber Mubarak Hamad Al-Sabah,8.0,4.5,0.0,0.0,,55.8914871882463
KWT,KW,Kuwait,"Middle East, North Africa, Afghanistan & Pakistan",High income,2019,Sheikh Sabah Al-Khaled Al-Hamad Al-Sabah,1.0,3.8,1.0,0.0,,53.2
KWT,KW,Kuwait,"Middle East, North Africa, Afghanistan & Pakistan",High income,2020,Sheikh Sabah Al-Khaled Al-Hamad Al-Sabah,2.0,4.0,0.0,1.0,,50.899274182096256
KWT,KW,Kuwait,"Middle East, North Africa, Afghanistan & Pakistan",High income,2021,Sheikh Sabah Al-Khaled Al-Hamad Al-Sabah,3.0,4.2,0.0,1.0,,52.900000000000006
KWT,KW,Kuwait,"Middle East, North Africa, Afghanistan & Pakistan",High income,2022,Sheikh Ahmad Nawaf Al-Ahmad Al-Sabah,1.0,3.6666666666666665,1.0,1.0,,52.2
KWT,KW,Kuwait,"Middle East, North Africa, Afghanistan & Pakistan",High income,2023,Sheikh Ahmad Nawaf Al-Ahmad Al-Sabah,2.0,3.8333333333333335,0.0,2.0,,51.2
KWT,KW,Kuwait,"Middle East, North Africa, Afghanistan & Pakistan",High income,2024,Sheikh Ahmad Abdullah Al Ahmad Al Sabah,1.0,3.4285714285714284,1.0,2.0,,
LAO,LA,Lao PDR,East Asia & Pacific,Lower middle income,2000,Sisavath Keobounphanh,1.0,1.0,0.0,0.0,,
LAO,LA,Lao PDR,East Asia & Pacific,Lower middle income,2001,Boungnang Vorachith,1.0,1.0,1.0,0.0,,
LAO,LA,Lao PDR,East Asia & Pacific,Lower middle income,2002,Boungnang Vorachith,2.0,1.5,0.0,1.0,,
LAO,LA,Lao PDR,East Asia & Pacific,Lower middle income,2003,Boungnang Vorachith,3.0,2.0,0.0,1.0,,
LAO,LA,Lao PDR,East Asia & Pacific,Lower middle income,2004,Boungnang Vorachith,4.0,2.5,0.0,1.0,,
LAO,LA,Lao PDR,East Asia & Pacific,Lower middle income,2005,Boungnang Vorachith,5.0,3.0,0.0,1.0,,
LAO,LA,Lao PDR,East Asia & Pacific,Lower middle income,2006,Bouasone Bouphavanh,1.0,2.3333333333333335,1.0,1.0,,87.9
LAO,LA,Lao PDR,East Asia & Pacific,Lower middle income,2007,Bouasone Bouphavanh,2.0,2.6666666666666665,0.0,1.0,,87.2
LAO,LA,Lao PDR,East Asia & Pacific,Lower middle income,2008,Bouasone Bouphavanh,3.0,3.0,0.0,1.0,,88.7
LAO,LA,Lao PDR,East Asia & Pacific,Lower middle income,2009,Bouasone Bouphavanh,4.0,3.3333333333333335,0.0,1.0,,89.0
LAO,LA,Lao PDR,East Asia & Pacific,Lower middle income,2010,Thongsing Thammavong,1.0,2.75,1.0,1.0,,88.7
LAO,LA,Lao PDR,East Asia & Pacific,Lower middle income,2011,Thongsing Thammavong,2.0,3.0,0.0,2.0,,86.7
LAO,LA,Lao PDR,East Asia & Pacific,Lower middle income,2012,Thongsing Thammavong,3.0,3.25,0.0,1.0,,85.5
LAO,LA,Lao PDR,East Asia & Pacific,Lower middle income,2013,Thongsing Thammavong,4.0,3.5,0.0,1.0,4.08,83.7
LAO,LA,Lao PDR,East Asia & Pacific,Lower middle income,2014,Thongsing Thammavong,5.0,3.75,0.0,1.0,3.91,84.3
LAO,LA,Lao PDR,East Asia & Pacific,Lower middle income,2015,Thongsing Thammavong,6.0,4.0,0.0,1.0,4.0,84.4
LAO,LA,Lao PDR,East Asia & Pacific,Lower middle income,2016,Thongloun Sisoulith,1.0,3.4,1.0,0.0,3.93,84.4
LAO,LA,Lao PDR,East Asia & Pacific,Lower middle income,2017,Thongloun Sisoulith,2.0,3.6,0.0,1.0,3.91,82.4
LAO,LA,Lao PDR,East Asia & Pacific,Lower middle income,2018,Thongloun Sisoulith,3.0,3.8,0.0,1.0,,80.72431003670523
LAO,LA,Lao PDR,East Asia & Pacific,Lower middle income,2019,Thongloun Sisoulith,4.0,4.0,0.0,1.0,,78.7
LAO,LA,Lao PDR,East Asia & Pacific,Lower middle income,2020,Thongloun Sisoulith,5.0,4.2,0.0,1.0,,76.86018745028443
LAO,LA,Lao PDR,East Asia & Pacific,Lower middle income,2021,Phankham Viphavanh,1.0,3.6666666666666665,1.0,1.0,,76.0
LAO,LA,Lao PDR,East Asia & Pacific,Lower middle income,2022,Sonexay Siphandone,1.0,3.2857142857142856,1.0,1.0,,75.5
LAO,LA,Lao PDR,East Asia & Pacific,Lower middle income,2023,Sonexay Siphandone,2.0,3.4285714285714284,0.0,2.0,,74.69999999999999
LAO,LA,Lao PDR,East Asia & Pacific,Lower middle income,2024,Sonexay Siphandone,3.0,3.5714285714285716,0.0,2.0,,
LBN,LB,Lebanon,"Middle East, North Africa, Afghanistan & Pakistan",Lower middle income,2000,Rafiq Bahaeddine al-Hariri,1.0,1.0,0.0,0.0,,
LBN,LB,Lebanon,"Middle East, North Africa, Afghanistan & Pakistan",Lower middle income,2001,Rafiq Bahaeddine al-Hariri,2.0,2.0,0.0,0.0,,
LBN,LB,Lebanon,"Middle East, North Africa, Afghanistan & Pakistan",Lower middle income,2002,Rafiq Bahaeddine al-Hariri,3.0,3.0,0.0,0.0,,
LBN,LB,Lebanon,"Middle East, North Africa, Afghanistan & Pakistan",Lower middle income,2003,Rafiq Bahaeddine al-Hariri,4.0,4.0,0.0,0.0,,
LBN,LB,Lebanon,"Middle East, North Africa, Afghanistan & Pakistan",Lower middle income,2004,Omar Karami,1.0,2.5,1.0,0.0,,
LBN,LB,Lebanon,"Middle East, North Africa, Afghanistan & Pakistan",Lower middle income,2005,Fouad Siniora,1.0,2.0,1.0,1.0,,
LBN,LB,Lebanon,"Middle East, North Africa, Afghanistan & Pakistan",Lower middle income,2006,Fouad Siniora,2.0,2.3333333333333335,0.0,2.0,,80.5
LBN,LB,Lebanon,"Middle East, North Africa, Afghanistan & Pakistan",Lower middle income,2007,,,2.3333333333333335,0.0,2.0,,92.4
LBN,LB,Lebanon,"Middle East, North Africa, Afghanistan & Pakistan",Lower middle income,2008,Fouad Siniora,1.0,2.0,0.0,2.0,,95.7
LBN,LB,Lebanon,"Middle East, North Africa, Afghanistan & Pakistan",Lower middle income,2009,Saad Hariri,1.0,1.8,1.0,2.0,,93.5
LBN,LB,Lebanon,"Middle East, North Africa, Afghanistan & Pakistan",Lower middle income,2010,Saad Hariri,2.0,2.0,0.0,2.0,3.89,90.9
LBN,LB,Lebanon,"Middle East, North Africa, Afghanistan & Pakistan",Lower middle income,2011,Najib Azmi Mikati,1.0,1.8333333333333333,1.0,1.0,3.95,87.7
LBN,LB,Lebanon,"Middle East, North Africa, Afghanistan & Pakistan",Lower middle income,2012,Najib Azmi Mikati,2.0,2.0,0.0,2.0,3.88,85.8
LBN,LB,Lebanon,"Middle East, North Africa, Afghanistan & Pakistan",Lower middle income,2013,Najib Azmi Mikati,3.0,2.1666666666666665,0.0,2.0,3.77,86.3
LBN,LB,Lebanon,"Middle East, North Africa, Afghanistan & Pakistan",Lower middle income,2014,,,2.1666666666666665,0.0,2.0,3.68,86.9
LBN,LB,Lebanon,"Middle East, North Africa, Afghanistan & Pakistan",Lower middle income,2015,,,2.1666666666666665,0.0,1.0,3.84,88.1
LBN,LB,Lebanon,"Middle East, North Africa, Afghanistan & Pakistan",Lower middle income,2016,Saad Hariri,1.0,2.0,0.0,1.0,3.84,89.6
LBN,LB,Lebanon,"Middle East, North Africa, Afghanistan & Pakistan",Lower middle income,2017,Saad Hariri,2.0,2.142857142857143,0.0,0.0,3.84,88.2
LBN,LB,Lebanon,"Middle East, North Africa, Afghanistan & Pakistan",Lower middle income,2018,Saad Hariri,3.0,2.2857142857142856,0.0,0.0,,86.81328586730942
LBN,LB,Lebanon,"Middle East, North Africa, Afghanistan & Pakistan",Lower middle income,2019,Saad Hariri,4.0,2.4285714285714284,0.0,0.0,,85.0
LBN,LB,Lebanon,"Middle East, North Africa, Afghanistan & Pakistan",Lower middle income,2020,Saad Hariri,5.0,2.5714285714285716,0.0,0.0,,84.72043333917239
LBN,LB,Lebanon,"Middle East, North Africa, Afghanistan & Pakistan",Lower middle income,2021,Najib Azmi Mikati,1.0,2.375,1.0,0.0,,89.0
LBN,LB,Lebanon,"Middle East, North Africa, Afghanistan & Pakistan",Lower middle income,2022,Najib Azmi Mikati,2.0,2.5,0.0,1.0,,91.29999999999998
LBN,LB,Lebanon,"Middle East, North Africa, Afghanistan & Pakistan",Lower middle income,2023,Najib Azmi Mikati,3.0,2.625,0.0,1.0,,91.79999999999998
LBN,LB,Lebanon,"Middle East, North Africa, Afghanistan & Pakistan",Lower middle income,2024,Najib Azmi Mikati,4.0,2.75,0.0,1.0,,
LBR,LR,Liberia,Sub-Saharan Africa,Low income,2000,,,,0.0,0.0,,
LBR,LR,Liberia,Sub-Saharan Africa,Low income,2001,,,,0.0,0.0,,
LBR,LR,Liberia,Sub-Saharan Africa,Low income,2002,,,,0.0,0.0,,
LBR,LR,Liberia,Sub-Saharan Africa,Low income,2003,,,,0.0,0.0,,
LBR,LR,Liberia,Sub-Saharan Africa,Low income,2004,,,,0.0,0.0,,
LBR,LR,Liberia,Sub-Saharan Africa,Low income,2005,,,,0.0,0.0,,
LBR,LR,Liberia,Sub-Saharan Africa,Low income,2006,,,,0.0,0.0,,99.0
LBR,LR,Liberia,Sub-Saharan Africa,Low income,2007,,,,0.0,0.0,,92.9
LBR,LR,Liberia,Sub-Saharan Africa,Low income,2008,,,,0.0,0.0,,91.0
LBR,LR,Liberia,Sub-Saharan Africa,Low income,2009,,,,0.0,0.0,,91.8
LBR,LR,Liberia,Sub-Saharan Africa,Low income,2010,,,,0.0,0.0,,91.7
LBR,LR,Liberia,Sub-Saharan Africa,Low income,2011,,,,0.0,0.0,,94.0
LBR,LR,Liberia,Sub-Saharan Africa,Low income,2012,,,,0.0,0.0,3.71,93.3
LBR,LR,Liberia,Sub-Saharan Africa,Low income,2013,,,,0.0,0.0,3.45,95.1
LBR,LR,Liberia,Sub-Saharan Africa,Low income,2014,,,,0.0,0.0,,94.3
LBR,LR,Liberia,Sub-Saharan Africa,Low income,2015,,,,0.0,0.0,3.37,97.3
LBR,LR,Liberia,Sub-Saharan Africa,Low income,2016,,,,0.0,0.0,3.21,95.5
LBR,LR,Liberia,Sub-Saharan Africa,Low income,2017,,,,0.0,0.0,3.08,93.8
LBR,LR,Liberia,Sub-Saharan Africa,Low income,2018,,,,0.0,0.0,,92.560250792477
LBR,LR,Liberia,Sub-Saharan Africa,Low income,2019,,,,0.0,0.0,,90.2
LBR,LR,Liberia,Sub-Saharan Africa,Low income,2020,,,,0.0,0.0,,90.04390059160053
LBR,LR,Liberia,Sub-Saharan Africa,Low income,2021,,,,0.0,0.0,,89.49999999999999
LBR,LR,Liberia,Sub-Saharan Africa,Low income,2022,,,,0.0,0.0,,88.2
LBR,LR,Liberia,Sub-Saharan Africa,Low income,2023,,,,0.0,0.0,,88.89999999999999
LBR,LR,Liberia,Sub-Saharan Africa,Low income,2024,,,,0.0,0.0,,
LBY,LY,Libya,"Middle East, North Africa, Afghanistan & Pakistan",Upper middle income,2000,Mubarak Abdallah al-Shamikh,1.0,1.0,0.0,0.0,,
LBY,LY,Libya,"Middle East, North Africa, Afghanistan & Pakistan",Upper middle income,2001,Mubarak Abdallah al-Shamikh,2.0,2.0,0.0,0.0,,
LBY,LY,Libya,"Middle East, North Africa, Afghanistan & Pakistan",Upper middle income,2002,Mubarak Abdallah al-Shamikh,3.0,3.0,0.0,0.0,,
LBY,LY,Libya,"Middle East, North Africa, Afghanistan & Pakistan",Upper middle income,2003,Shukri Muhammad Ghanem,1.0,2.0,1.0,0.0,,
LBY,LY,Libya,"Middle East, North Africa, Afghanistan & Pakistan",Upper middle income,2004,Shukri Muhammad Ghanem,2.0,2.5,0.0,1.0,,
LBY,LY,Libya,"Middle East, North Africa, Afghanistan & Pakistan",Upper middle income,2005,Shukri Muhammad Ghanem,3.0,3.0,0.0,1.0,,
LBY,LY,Libya,"Middle East, North Africa, Afghanistan & Pakistan",Upper middle income,2006,Al-Baghdadi Ali al-Mahmudi,1.0,2.3333333333333335,1.0,1.0,,68.5
LBY,LY,Libya,"Middle East, North Africa, Afghanistan & Pakistan",Upper middle income,2007,Al-Baghdadi Ali al-Mahmudi,2.0,2.6666666666666665,0.0,2.0,3.85,69.3
LBY,LY,Libya,"Middle East, North Africa, Afghanistan & Pakistan",Upper middle income,2008,Al-Baghdadi Ali al-Mahmudi,3.0,3.0,0.0,2.0,3.85,70.0
LBY,LY,Libya,"Middle East, North Africa, Afghanistan & Pakistan",Upper middle income,2009,Al-Baghdadi Ali al-Mahmudi,4.0,3.3333333333333335,0.0,1.0,3.9,69.4
LBY,LY,Libya,"Middle East, North Africa, Afghanistan & Pakistan",Upper middle income,2010,Al-Baghdadi Ali al-Mahmudi,5.0,3.6666666666666665,0.0,1.0,3.74,69.1
LBY,LY,Libya,"Middle East, North Africa, Afghanistan & Pakistan",Upper middle income,2011,Abdel Rahim al-Kib,1.0,3.0,1.0,1.0,,68.7
LBY,LY,Libya,"Middle East, North Africa, Afghanistan & Pakistan",Upper middle income,2012,Ali Zeidan,1.0,2.6,1.0,1.0,3.68,84.9
LBY,LY,Libya,"Middle East, North Africa, Afghanistan & Pakistan",Upper middle income,2013,Ali Zeidan,2.0,2.8,0.0,2.0,3.73,84.5
LBY,LY,Libya,"Middle East, North Africa, Afghanistan & Pakistan",Upper middle income,2014,Omar al-Hassi,1.0,2.5,1.0,2.0,3.48,87.8
LBY,LY,Libya,"Middle East, North Africa, Afghanistan & Pakistan",Upper middle income,2015,Khalifa al-Ghwayl,1.0,2.2857142857142856,1.0,3.0,,95.3
LBY,LY,Libya,"Middle East, North Africa, Afghanistan & Pakistan",Upper middle income,2016,,,2.2857142857142856,0.0,4.0,,96.4
LBY,LY,Libya,"Middle East, North Africa, Afghanistan & Pakistan",Upper middle income,2017,,,2.2857142857142856,0.0,3.0,,96.3
LBY,LY,Libya,"Middle East, North Africa, Afghanistan & Pakistan",Upper middle income,2018,,,2.2857142857142856,0.0,2.0,,94.60000000000001
LBY,LY,Libya,"Middle East, North Africa, Afghanistan & Pakistan",Upper middle income,2019,,,2.2857142857142856,0.0,2.0,,92.2
LBY,LY,Libya,"Middle East, North Africa, Afghanistan & Pakistan",Upper middle income,2020,,,2.2857142857142856,0.0,1.0,,95.19371849236182
LBY,LY,Libya,"Middle East, North Africa, Afghanistan & Pakistan",Upper middle income,2021,Abdul Hamid Dbeibah,1.0,2.125,0.0,0.0,,97.00000000000001
LBY,LY,Libya,"Middle East, North Africa, Afghanistan & Pakistan",Upper middle income,2022,Abdul Hamid Dbeibah,2.0,2.25,0.0,0.0,,94.29999999999998
LBY,LY,Libya,"Middle East, North Africa, Afghanistan & Pakistan",Upper middle income,2023,Abdul Hamid Dbeibah,3.0,2.375,0.0,0.0,,96.1
LBY,LY,Libya,"Middle East, North Africa, Afghanistan & Pakistan",Upper middle income,2024,Abdul Hamid Dbeibah,4.0,2.5,0.0,0.0,,
LCA,LC,St. Lucia,Latin America & Caribbean,Upper middle income,2000,,,,,,,
LCA,LC,St. Lucia,Latin America & Caribbean,Upper middle income,2001,,,,,,,
LCA,LC,St. Lucia,Latin America & Caribbean,Upper middle income,2002,,,,,,,
LCA,LC,St. Lucia,Latin America & Caribbean,Upper middle income,2003,,,,,,,
LCA,LC,St. Lucia,Latin America & Caribbean,Upper middle income,2004,,,,,,,
LCA,LC,St. Lucia,Latin America & Caribbean,Upper middle income,2005,,,,,,,
LCA,LC,St. Lucia,Latin America & Caribbean,Upper middle income,2006,,,,,,,
LCA,LC,St. Lucia,Latin America & Caribbean,Upper middle income,2007,,,,,,,
LCA,LC,St. Lucia,Latin America & Caribbean,Upper middle income,2008,,,,,,,
LCA,LC,St. Lucia,Latin America & Caribbean,Upper middle income,2009,,,,,,,
LCA,LC,St. Lucia,Latin America & Caribbean,Upper middle income,2010,,,,,,,
LCA,LC,St. Lucia,Latin America & Caribbean,Upper middle income,2011,,,,,,,
LCA,LC,St. Lucia,Latin America & Caribbean,Upper middle income,2012,,,,,,,
LCA,LC,St. Lucia,Latin America & Caribbean,Upper middle income,2013,,,,,,,
LCA,LC,St. Lucia,Latin America & Caribbean,Upper middle income,2014,,,,,,,
LCA,LC,St. Lucia,Latin America & Caribbean,Upper middle income,2015,,,,,,,
LCA,LC,St. Lucia,Latin America & Caribbean,Upper middle income,2016,,,,,,,
LCA,LC,St. Lucia,Latin America & Caribbean,Upper middle income,2017,,,,,,,
LCA,LC,St. Lucia,Latin America & Caribbean,Upper middle income,2018,,,,,,,
LCA,LC,St. Lucia,Latin America & Caribbean,Upper middle income,2019,,,,,,,
LCA,LC,St. Lucia,Latin America & Caribbean,Upper middle income,2020,,,,,,,
LCA,LC,St. Lucia,Latin America & Caribbean,Upper middle income,2021,,,,,,,
LCA,LC,St. Lucia,Latin America & Caribbean,Upper middle income,2022,,,,,,,
LCA,LC,St. Lucia,Latin America & Caribbean,Upper middle income,2023,,,,,,,
LCA,LC,St. Lucia,Latin America & Caribbean,Upper middle income,2024,,,,,,,
LIE,LI,Liechtenstein,Europe & Central Asia,High income,2000,,,,,,,
LIE,LI,Liechtenstein,Europe & Central Asia,High income,2001,,,,,,,
LIE,LI,Liechtenstein,Europe & Central Asia,High income,2002,,,,,,,
LIE,LI,Liechtenstein,Europe & Central Asia,High income,2003,,,,,,,
LIE,LI,Liechtenstein,Europe & Central Asia,High income,2004,,,,,,,
LIE,LI,Liechtenstein,Europe & Central Asia,High income,2005,,,,,,,
LIE,LI,Liechtenstein,Europe & Central Asia,High income,2006,,,,,,,
LIE,LI,Liechtenstein,Europe & Central Asia,High income,2007,,,,,,,
LIE,LI,Liechtenstein,Europe & Central Asia,High income,2008,,,,,,,
LIE,LI,Liechtenstein,Europe & Central Asia,High income,2009,,,,,,,
LIE,LI,Liechtenstein,Europe & Central Asia,High income,2010,,,,,,,
LIE,LI,Liechtenstein,Europe & Central Asia,High income,2011,,,,,,,
LIE,LI,Liechtenstein,Europe & Central Asia,High income,2012,,,,,,,
LIE,LI,Liechtenstein,Europe & Central Asia,High income,2013,,,,,,,
LIE,LI,Liechtenstein,Europe & Central Asia,High income,2014,,,,,,,
LIE,LI,Liechtenstein,Europe & Central Asia,High income,2015,,,,,,,
LIE,LI,Liechtenstein,Europe & Central Asia,High income,2016,,,,,,,
LIE,LI,Liechtenstein,Europe & Central Asia,High income,2017,,,,,,,
LIE,LI,Liechtenstein,Europe & Central Asia,High income,2018,,,,,,,
LIE,LI,Liechtenstein,Europe & Central Asia,High income,2019,,,,,,,
LIE,LI,Liechtenstein,Europe & Central Asia,High income,2020,,,,,,,
LIE,LI,Liechtenstein,Europe & Central Asia,High income,2021,,,,,,,
LIE,LI,Liechtenstein,Europe & Central Asia,High income,2022,,,,,,,
LIE,LI,Liechtenstein,Europe & Central Asia,High income,2023,,,,,,,
LIE,LI,Liechtenstein,Europe & Central Asia,High income,2024,,,,,,,
LKA,LK,Sri Lanka,South Asia,Upper middle income,2000,,,,0.0,0.0,,
LKA,LK,Sri Lanka,South Asia,Upper middle income,2001,,,,0.0,0.0,,
LKA,LK,Sri Lanka,South Asia,Upper middle income,2002,,,,0.0,0.0,,
LKA,LK,Sri Lanka,South Asia,Upper middle income,2003,,,,0.0,0.0,,
LKA,LK,Sri Lanka,South Asia,Upper middle income,2004,,,,0.0,0.0,,
LKA,LK,Sri Lanka,South Asia,Upper middle income,2005,,,,0.0,0.0,,
LKA,LK,Sri Lanka,South Asia,Upper middle income,2006,,,,0.0,0.0,,92.4
LKA,LK,Sri Lanka,South Asia,Upper middle income,2007,,,,0.0,0.0,3.99,93.1
LKA,LK,Sri Lanka,South Asia,Upper middle income,2008,,,,0.0,0.0,4.02,95.6
LKA,LK,Sri Lanka,South Asia,Upper middle income,2009,,,,0.0,0.0,4.01,96.7
LKA,LK,Sri Lanka,South Asia,Upper middle income,2010,,,,0.0,0.0,4.25,95.7
LKA,LK,Sri Lanka,South Asia,Upper middle income,2011,,,,0.0,0.0,4.33,93.1
LKA,LK,Sri Lanka,South Asia,Upper middle income,2012,,,,0.0,0.0,4.19,92.2
LKA,LK,Sri Lanka,South Asia,Upper middle income,2013,,,,0.0,0.0,4.22,92.9
LKA,LK,Sri Lanka,South Asia,Upper middle income,2014,,,,0.0,0.0,4.19,92.6
LKA,LK,Sri Lanka,South Asia,Upper middle income,2015,,,,0.0,0.0,4.21,90.7
LKA,LK,Sri Lanka,South Asia,Upper middle income,2016,,,,0.0,0.0,4.19,87.7
LKA,LK,Sri Lanka,South Asia,Upper middle income,2017,,,,0.0,0.0,4.08,86.6
LKA,LK,Sri Lanka,South Asia,Upper middle income,2018,,,,0.0,0.0,,84.89668808927048
LKA,LK,Sri Lanka,South Asia,Upper middle income,2019,,,,0.0,0.0,,84.0
LKA,LK,Sri Lanka,South Asia,Upper middle income,2020,,,,0.0,0.0,,81.8
LKA,LK,Sri Lanka,South Asia,Upper middle income,2021,,,,0.0,0.0,,80.50000000000001
LKA,LK,Sri Lanka,South Asia,Upper middle income,2022,,,,0.0,0.0,,79.30000000000001
LKA,LK,Sri Lanka,South Asia,Upper middle income,2023,,,,0.0,0.0,,90.30000000000001
LKA,LK,Sri Lanka,South Asia,Upper middle income,2024,,,,0.0,0.0,,
LSO,LS,Lesotho,Sub-Saharan Africa,Lower middle income,2000,Bethuel Pakalitha Mosisili,1.0,1.0,0.0,0.0,,
LSO,LS,Lesotho,Sub-Saharan Africa,Lower middle income,2001,Bethuel Pakalitha Mosisili,2.0,2.0,0.0,0.0,,
LSO,LS,Lesotho,Sub-Saharan Africa,Lower middle income,2002,Bethuel Pakalitha Mosisili,3.0,3.0,0.0,0.0,,
LSO,LS,Lesotho,Sub-Saharan Africa,Lower middle income,2003,Bethuel Pakalitha Mosisili,4.0,4.0,0.0,0.0,,
LSO,LS,Lesotho,Sub-Saharan Africa,Lower middle income,2004,Bethuel Pakalitha Mosisili,5.0,5.0,0.0,0.0,,
LSO,LS,Lesotho,Sub-Saharan Africa,Lower middle income,2005,Bethuel Pakalitha Mosisili,6.0,6.0,0.0,0.0,,
LSO,LS,Lesotho,Sub-Saharan Africa,Lower middle income,2006,Bethuel Pakalitha Mosisili,7.0,7.0,0.0,0.0,,
LSO,LS,Lesotho,Sub-Saharan Africa,Lower middle income,2007,Bethuel Pakalitha Mosisili,8.0,8.0,0.0,0.0,3.27,81.2
LSO,LS,Lesotho,Sub-Saharan Africa,Lower middle income,2008,Bethuel Pakalitha Mosisili,9.0,9.0,0.0,0.0,3.4,81.7
LSO,LS,Lesotho,Sub-Saharan Africa,Lower middle income,2009,Bethuel Pakalitha Mosisili,10.0,10.0,0.0,0.0,3.54,81.8
LSO,LS,Lesotho,Sub-Saharan Africa,Lower middle income,2010,Bethuel Pakalitha Mosisili,11.0,11.0,0.0,0.0,3.36,82.2
LSO,LS,Lesotho,Sub-Saharan Africa,Lower middle income,2011,Bethuel Pakalitha Mosisili,12.0,12.0,0.0,0.0,3.26,80.4
LSO,LS,Lesotho,Sub-Saharan Africa,Lower middle income,2012,Thomas Motsoahae Thabane,1.0,6.5,1.0,0.0,3.19,79.0
LSO,LS,Lesotho,Sub-Saharan Africa,Lower middle income,2013,Thomas Motsoahae Thabane,2.0,7.0,0.0,1.0,3.52,79.4
LSO,LS,Lesotho,Sub-Saharan Africa,Lower middle income,2014,Thomas Motsoahae Thabane,3.0,7.5,0.0,1.0,3.73,78.6
LSO,LS,Lesotho,Sub-Saharan Africa,Lower middle income,2015,Pakalitha Mosisili,1.0,5.333333333333333,1.0,1.0,3.7,79.9
LSO,LS,Lesotho,Sub-Saharan Africa,Lower middle income,2016,Pakalitha Mosisili,2.0,5.666666666666667,0.0,2.0,3.57,80.9
LSO,LS,Lesotho,Sub-Saharan Africa,Lower middle income,2017,Thomas Motsoahae Thabane,1.0,4.5,1.0,2.0,3.2,81.7
LSO,LS,Lesotho,Sub-Saharan Africa,Lower middle income,2018,Thomas Motsoahae Thabane,2.0,4.75,0.0,2.0,,80.13336187638737
LSO,LS,Lesotho,Sub-Saharan Africa,Lower middle income,2019,Thomas Motsoahae Thabane,3.0,5.0,0.0,2.0,,79.7
LSO,LS,Lesotho,Sub-Saharan Africa,Lower middle income,2020,Moeketsi Majoro,1.0,4.2,1.0,2.0,,78.29011539823739
LSO,LS,Lesotho,Sub-Saharan Africa,Lower middle income,2021,Moeketsi Majoro,2.0,4.4,0.0,2.0,,77.9
LSO,LS,Lesotho,Sub-Saharan Africa,Lower middle income,2022,Samuel Ntsokoane Matekane,1.0,3.8333333333333335,1.0,2.0,,77.4
LSO,LS,Lesotho,Sub-Saharan Africa,Lower middle income,2023,Samuel Ntsokoane Matekane,2.0,4.0,0.0,2.0,,76.3
LSO,LS,Lesotho,Sub-Saharan Africa,Lower middle income,2024,Samuel Ntsokoane Matekane,3.0,4.166666666666667,0.0,2.0,,
LTU,LT,Lithuania,Europe & Central Asia,High income,2000,Rolandas Paksas,1.0,1.0,0.0,0.0,,
LTU,LT,Lithuania,Europe & Central Asia,High income,2001,Algirdas Mykolas Brazauskas,1.0,1.0,1.0,0.0,,
LTU,LT,Lithuania,Europe & Central Asia,High income,2002,Algirdas Mykolas Brazauskas,2.0,1.5,0.0,1.0,,
LTU,LT,Lithuania,Europe & Central Asia,High income,2003,Algirdas Mykolas Brazauskas,3.0,2.0,0.0,1.0,,
LTU,LT,Lithuania,Europe & Central Asia,High income,2004,Algirdas Mykolas Brazauskas,4.0,2.5,0.0,1.0,,
LTU,LT,Lithuania,Europe & Central Asia,High income,2005,Algirdas Mykolas Brazauskas,5.0,3.0,0.0,1.0,,
LTU,LT,Lithuania,Europe & Central Asia,High income,2006,Gediminas Kirkilas,1.0,2.3333333333333335,1.0,1.0,,49.7
LTU,LT,Lithuania,Europe & Central Asia,High income,2007,Gediminas Kirkilas,2.0,2.6666666666666665,0.0,1.0,4.49,49.0
LTU,LT,Lithuania,Europe & Central Asia,High income,2008,Andrius Kubilius,1.0,2.25,1.0,1.0,4.45,48.7
LTU,LT,Lithuania,Europe & Central Asia,High income,2009,Andrius Kubilius,2.0,2.5,0.0,2.0,4.3,48.0
LTU,LT,Lithuania,Europe & Central Asia,High income,2010,Andrius Kubilius,3.0,2.75,0.0,2.0,4.38,47.8
LTU,LT,Lithuania,Europe & Central Asia,High income,2011,Andrius Kubilius,4.0,3.0,0.0,2.0,4.41,45.3
LTU,LT,Lithuania,Europe & Central Asia,High income,2012,Algirdas Butkevicius,1.0,2.6,1.0,1.0,4.41,44.2
LTU,LT,Lithuania,Europe & Central Asia,High income,2013,Algirdas Butkevicius,2.0,2.8,0.0,2.0,4.41,43.0
LTU,LT,Lithuania,Europe & Central Asia,High income,2014,Algirdas Butkevicius,3.0,3.0,0.0,1.0,4.51,43.2
LTU,LT,Lithuania,Europe & Central Asia,High income,2015,Algirdas Butkevicius,4.0,3.2,0.0,1.0,4.55,43.0
LTU,LT,Lithuania,Europe & Central Asia,High income,2016,Saulius Skvernelis,1.0,2.8333333333333335,1.0,1.0,4.6,42.4
LTU,LT,Lithuania,Europe & Central Asia,High income,2017,Saulius Skvernelis,2.0,3.0,0.0,2.0,4.58,41.7
LTU,LT,Lithuania,Europe & Central Asia,High income,2018,Saulius Skvernelis,3.0,3.1666666666666665,0.0,1.0,,39.40955428935555
LTU,LT,Lithuania,Europe & Central Asia,High income,2019,Saulius Skvernelis,4.0,3.3333333333333335,0.0,1.0,,38.1
LTU,LT,Lithuania,Europe & Central Asia,High income,2020,Ingrida Šimonytė,1.0,3.0,1.0,1.0,,36.47089084336904
LTU,LT,Lithuania,Europe & Central Asia,High income,2021,Ingrida Šimonytė,2.0,3.142857142857143,0.0,2.0,,38.699999999999996
LTU,LT,Lithuania,Europe & Central Asia,High income,2022,Ingrida Šimonytė,3.0,3.2857142857142856,0.0,1.0,,38.6
LTU,LT,Lithuania,Europe & Central Asia,High income,2023,Ingrida Šimonytė,4.0,3.4285714285714284,0.0,1.0,,39.39999999999999
LTU,LT,Lithuania,Europe & Central Asia,High income,2024,Gintautas Paluckas,1.0,3.125,1.0,1.0,,
LUX,LU,Luxembourg,Europe & Central Asia,High income,2000,Jean-Claude Juncker,1.0,1.0,0.0,0.0,,
LUX,LU,Luxembourg,Europe & Central Asia,High income,2001,Jean-Claude Juncker,2.0,2.0,0.0,0.0,,
LUX,LU,Luxembourg,Europe & Central Asia,High income,2002,Jean-Claude Juncker,3.0,3.0,0.0,0.0,,
LUX,LU,Luxembourg,Europe & Central Asia,High income,2003,Jean-Claude Juncker,4.0,4.0,0.0,0.0,,
LUX,LU,Luxembourg,Europe & Central Asia,High income,2004,Jean-Claude Juncker,5.0,5.0,0.0,0.0,,
LUX,LU,Luxembourg,Europe & Central Asia,High income,2005,Jean-Claude Juncker,6.0,6.0,0.0,0.0,,
LUX,LU,Luxembourg,Europe & Central Asia,High income,2006,Jean-Claude Juncker,7.0,7.0,0.0,0.0,,
LUX,LU,Luxembourg,Europe & Central Asia,High income,2007,Jean-Claude Juncker,8.0,8.0,0.0,0.0,4.88,28.1
LUX,LU,Luxembourg,Europe & Central Asia,High income,2008,Jean-Claude Juncker,9.0,9.0,0.0,0.0,4.85,27.9
LUX,LU,Luxembourg,Europe & Central Asia,High income,2009,Jean-Claude Juncker,10.0,10.0,0.0,0.0,4.96,27.6
LUX,LU,Luxembourg,Europe & Central Asia,High income,2010,Jean-Claude Juncker,11.0,11.0,0.0,0.0,5.05,27.3
LUX,LU,Luxembourg,Europe & Central Asia,High income,2011,Jean-Claude Juncker,12.0,12.0,0.0,0.0,5.03,26.1
LUX,LU,Luxembourg,Europe & Central Asia,High income,2012,Jean-Claude Juncker,13.0,13.0,0.0,0.0,5.09,25.5
LUX,LU,Luxembourg,Europe & Central Asia,High income,2013,Xavier Bettel,1.0,7.0,1.0,0.0,5.09,23.3
LUX,LU,Luxembourg,Europe & Central Asia,High income,2014,Xavier Bettel,2.0,7.5,0.0,1.0,5.17,24.6
LUX,LU,Luxembourg,Europe & Central Asia,High income,2015,Xavier Bettel,3.0,8.0,0.0,1.0,5.2,22.1
LUX,LU,Luxembourg,Europe & Central Asia,High income,2016,Xavier Bettel,4.0,8.5,0.0,1.0,5.2,24.1
LUX,LU,Luxembourg,Europe & Central Asia,High income,2017,Xavier Bettel,5.0,9.0,0.0,1.0,5.23,23.4
LUX,LU,Luxembourg,Europe & Central Asia,High income,2018,Xavier Bettel,6.0,9.5,0.0,1.0,,20.757276455472248
LUX,LU,Luxembourg,Europe & Central Asia,High income,2019,Xavier Bettel,7.0,10.0,0.0,0.0,,20.4
LUX,LU,Luxembourg,Europe & Central Asia,High income,2020,Xavier Bettel,8.0,10.5,0.0,0.0,,18.84924040750671
LUX,LU,Luxembourg,Europe & Central Asia,High income,2021,Xavier Bettel,9.0,11.0,0.0,0.0,,21.099999999999998
LUX,LU,Luxembourg,Europe & Central Asia,High income,2022,Xavier Bettel,10.0,11.5,0.0,0.0,,19.999999999999996
LUX,LU,Luxembourg,Europe & Central Asia,High income,2023,Luc Frieden,1.0,8.0,1.0,0.0,,19.5
LUX,LU,Luxembourg,Europe & Central Asia,High income,2024,Luc Frieden,2.0,8.333333333333334,0.0,1.0,,
LVA,LV,Latvia,Europe & Central Asia,High income,2000,Andris Berzins,1.0,1.0,0.0,0.0,,
LVA,LV,Latvia,Europe & Central Asia,High income,2001,Andris Berzins,2.0,2.0,0.0,0.0,,
LVA,LV,Latvia,Europe & Central Asia,High income,2002,Einars Repse,1.0,1.5,1.0,0.0,,
LVA,LV,Latvia,Europe & Central Asia,High income,2003,Einars Repse,2.0,2.0,0.0,1.0,,
LVA,LV,Latvia,Europe & Central Asia,High income,2004,Aigars Kalvitis,1.0,1.6666666666666667,1.0,1.0,,
LVA,LV,Latvia,Europe & Central Asia,High income,2005,Aigars Kalvitis,2.0,2.0,0.0,2.0,,
LVA,LV,Latvia,Europe & Central Asia,High income,2006,Aigars Kalvitis,3.0,2.3333333333333335,0.0,2.0,,56.2
LVA,LV,Latvia,Europe & Central Asia,High income,2007,Ivars Godmanis,1.0,2.0,1.0,2.0,4.41,56.7
LVA,LV,Latvia,Europe & Central Asia,High income,2008,Ivars Godmanis,2.0,2.25,0.0,2.0,4.26,54.5
LVA,LV,Latvia,Europe & Central Asia,High income,2009,Valdis Dombrovskis,1.0,2.0,1.0,2.0,4.06,54.6
LVA,LV,Latvia,Europe & Central Asia,High income,2010,Valdis Dombrovskis,2.0,2.2,0.0,2.0,4.14,55.4
LVA,LV,Latvia,Europe & Central Asia,High income,2011,Valdis Dombrovskis,3.0,2.4,0.0,2.0,4.24,54.2
LVA,LV,Latvia,Europe & Central Asia,High income,2012,Valdis Dombrovskis,4.0,2.6,0.0,2.0,4.35,51.9
LVA,LV,Latvia,Europe & Central Asia,High income,2013,Valdis Dombrovskis,5.0,2.8,0.0,1.0,4.4,47.9
LVA,LV,Latvia,Europe & Central Asia,High income,2014,Laimdota Straujuma,1.0,2.5,1.0,1.0,4.5,48.0
LVA,LV,Latvia,Europe & Central Asia,High income,2015,Laimdota Straujuma,2.0,2.6666666666666665,0.0,1.0,4.45,48.5
LVA,LV,Latvia,Europe & Central Asia,High income,2016,Māris Kučinskis,1.0,2.4285714285714284,1.0,1.0,4.45,47.4
LVA,LV,Latvia,Europe & Central Asia,High income,2017,Māris Kučinskis,2.0,2.5714285714285716,0.0,2.0,4.4,46.4
LVA,LV,Latvia,Europe & Central Asia,High income,2018,Māris Kučinskis,3.0,2.7142857142857144,0.0,2.0,,44.899921744994565
LVA,LV,Latvia,Europe & Central Asia,High income,2019,Arturs Krišjānis Kariņš,1.0,2.5,1.0,2.0,,43.9
LVA,LV,Latvia,Europe & Central Asia,High income,2020,Arturs Krišjānis Kariņš,2.0,2.625,0.0,2.0,,42.31122746144478
LVA,LV,Latvia,Europe & Central Asia,High income,2021,Arturs Krišjānis Kariņš,3.0,2.75,0.0,2.0,,44.0
LVA,LV,Latvia,Europe & Central Asia,High income,2022,Arturs Krišjānis Kariņš,4.0,2.875,0.0,1.0,,42.8
LVA,LV,Latvia,Europe & Central Asia,High income,2023,Evika Siliņa,1.0,2.6666666666666665,1.0,1.0,,43.3
LVA,LV,Latvia,Europe & Central Asia,High income,2024,Evika Siliņa,2.0,2.7777777777777777,0.0,2.0,,
MAC,MO,"Macao SAR, China",East Asia & Pacific,High income,2000,,,,,,,
MAC,MO,"Macao SAR, China",East Asia & Pacific,High income,2001,,,,,,,
MAC,MO,"Macao SAR, China",East Asia & Pacific,High income,2002,,,,,,,
MAC,MO,"Macao SAR, China",East Asia & Pacific,High income,2003,,,,,,,
MAC,MO,"Macao SAR, China",East Asia & Pacific,High income,2004,,,,,,,
MAC,MO,"Macao SAR, China",East Asia & Pacific,High income,2005,,,,,,,
MAC,MO,"Macao SAR, China",East Asia & Pacific,High income,2006,,,,,,,
MAC,MO,"Macao SAR, China",East Asia & Pacific,High income,2007,,,,,,,
MAC,MO,"Macao SAR, China",East Asia & Pacific,High income,2008,,,,,,,
MAC,MO,"Macao SAR, China",East Asia & Pacific,High income,2009,,,,,,,
MAC,MO,"Macao SAR, China",East Asia & Pacific,High income,2010,,,,,,,
MAC,MO,"Macao SAR, China",East Asia & Pacific,High income,2011,,,,,,,
MAC,MO,"Macao SAR, China",East Asia & Pacific,High income,2012,,,,,,,
MAC,MO,"Macao SAR, China",East Asia & Pacific,High income,2013,,,,,,,
MAC,MO,"Macao SAR, China",East Asia & Pacific,High income,2014,,,,,,,
MAC,MO,"Macao SAR, China",East Asia & Pacific,High income,2015,,,,,,,
MAC,MO,"Macao SAR, China",East Asia & Pacific,High income,2016,,,,,,,
MAC,MO,"Macao SAR, China",East Asia & Pacific,High income,2017,,,,,,,
MAC,MO,"Macao SAR, China",East Asia & Pacific,High income,2018,,,,,,,
MAC,MO,"Macao SAR, China",East Asia & Pacific,High income,2019,,,,,,,
MAC,MO,"Macao SAR, China",East Asia & Pacific,High income,2020,,,,,,,
MAC,MO,"Macao SAR, China",East Asia & Pacific,High income,2021,,,,,,,
MAC,MO,"Macao SAR, China",East Asia & Pacific,High income,2022,,,,,,,
MAC,MO,"Macao SAR, China",East Asia & Pacific,High income,2023,,,,,,,
MAC,MO,"Macao SAR, China",East Asia & Pacific,High income,2024,,,,,,,
MAF,MF,St. Martin (French part),Latin America & Caribbean,High income,2000,,,,,,,
MAF,MF,St. Martin (French part),Latin America & Caribbean,High income,2001,,,,,,,
MAF,MF,St. Martin (French part),Latin America & Caribbean,High income,2002,,,,,,,
MAF,MF,St. Martin (French part),Latin America & Caribbean,High income,2003,,,,,,,
MAF,MF,St. Martin (French part),Latin America & Caribbean,High income,2004,,,,,,,
MAF,MF,St. Martin (French part),Latin America & Caribbean,High income,2005,,,,,,,
MAF,MF,St. Martin (French part),Latin America & Caribbean,High income,2006,,,,,,,
MAF,MF,St. Martin (French part),Latin America & Caribbean,High income,2007,,,,,,,
MAF,MF,St. Martin (French part),Latin America & Caribbean,High income,2008,,,,,,,
MAF,MF,St. Martin (French part),Latin America & Caribbean,High income,2009,,,,,,,
MAF,MF,St. Martin (French part),Latin America & Caribbean,High income,2010,,,,,,,
MAF,MF,St. Martin (French part),Latin America & Caribbean,High income,2011,,,,,,,
MAF,MF,St. Martin (French part),Latin America & Caribbean,High income,2012,,,,,,,
MAF,MF,St. Martin (French part),Latin America & Caribbean,High income,2013,,,,,,,
MAF,MF,St. Martin (French part),Latin America & Caribbean,High income,2014,,,,,,,
MAF,MF,St. Martin (French part),Latin America & Caribbean,High income,2015,,,,,,,
MAF,MF,St. Martin (French part),Latin America & Caribbean,High income,2016,,,,,,,
MAF,MF,St. Martin (French part),Latin America & Caribbean,High income,2017,,,,,,,
MAF,MF,St. Martin (French part),Latin America & Caribbean,High income,2018,,,,,,,
MAF,MF,St. Martin (French part),Latin America & Caribbean,High income,2019,,,,,,,
MAF,MF,St. Martin (French part),Latin America & Caribbean,High income,2020,,,,,,,
MAF,MF,St. Martin (French part),Latin America & Caribbean,High income,2021,,,,,,,
MAF,MF,St. Martin (French part),Latin America & Caribbean,High income,2022,,,,,,,
MAF,MF,St. Martin (French part),Latin America & Caribbean,High income,2023,,,,,,,
MAF,MF,St. Martin (French part),Latin America & Caribbean,High income,2024,,,,,,,
MAR,MA,Morocco,"Middle East, North Africa, Afghanistan & Pakistan",Lower middle income,2000,Abderrahmane Youssoufi,1.0,1.0,0.0,0.0,,
MAR,MA,Morocco,"Middle East, North Africa, Afghanistan & Pakistan",Lower middle income,2001,Abderrahmane Youssoufi,2.0,2.0,0.0,0.0,,
MAR,MA,Morocco,"Middle East, North Africa, Afghanistan & Pakistan",Lower middle income,2002,Driss Jettou,1.0,1.5,1.0,0.0,,
MAR,MA,Morocco,"Middle East, North Africa, Afghanistan & Pakistan",Lower middle income,2003,Driss Jettou,2.0,2.0,0.0,1.0,,
MAR,MA,Morocco,"Middle East, North Africa, Afghanistan & Pakistan",Lower middle income,2004,Driss Jettou,3.0,2.5,0.0,1.0,,
MAR,MA,Morocco,"Middle East, North Africa, Afghanistan & Pakistan",Lower middle income,2005,Driss Jettou,4.0,3.0,0.0,1.0,,
MAR,MA,Morocco,"Middle East, North Africa, Afghanistan & Pakistan",Lower middle income,2006,Driss Jettou,5.0,3.5,0.0,1.0,,76.5
MAR,MA,Morocco,"Middle East, North Africa, Afghanistan & Pakistan",Lower middle income,2007,Abbas El Fassi,1.0,2.6666666666666665,1.0,1.0,4.08,76.0
MAR,MA,Morocco,"Middle East, North Africa, Afghanistan & Pakistan",Lower middle income,2008,Abbas El Fassi,2.0,3.0,0.0,1.0,4.08,75.8
MAR,MA,Morocco,"Middle East, North Africa, Afghanistan & Pakistan",Lower middle income,2009,Abbas El Fassi,3.0,3.3333333333333335,0.0,1.0,4.03,77.1
MAR,MA,Morocco,"Middle East, North Africa, Afghanistan & Pakistan",Lower middle income,2010,Abbas El Fassi,4.0,3.6666666666666665,0.0,1.0,4.08,77.0
MAR,MA,Morocco,"Middle East, North Africa, Afghanistan & Pakistan",Lower middle income,2011,Abdelilah Benkirane,1.0,3.0,1.0,1.0,4.16,76.3
MAR,MA,Morocco,"Middle East, North Africa, Afghanistan & Pakistan",Lower middle income,2012,Abdelilah Benkirane,2.0,3.25,0.0,2.0,4.15,76.1
MAR,MA,Morocco,"Middle East, North Africa, Afghanistan & Pakistan",Lower middle income,2013,Abdelilah Benkirane,3.0,3.5,0.0,1.0,4.11,74.3
MAR,MA,Morocco,"Middle East, North Africa, Afghanistan & Pakistan",Lower middle income,2014,Abdelilah Benkirane,4.0,3.75,0.0,1.0,4.21,74.4
MAR,MA,Morocco,"Middle East, North Africa, Afghanistan & Pakistan",Lower middle income,2015,Abdelilah Benkirane,5.0,4.0,0.0,1.0,4.16,74.6
MAR,MA,Morocco,"Middle East, North Africa, Afghanistan & Pakistan",Lower middle income,2016,Abdelilah Benkirane,6.0,4.25,0.0,1.0,4.2,74.2
MAR,MA,Morocco,"Middle East, North Africa, Afghanistan & Pakistan",Lower middle income,2017,Saadeddine El Othmani,1.0,3.6,1.0,0.0,4.24,74.9
MAR,MA,Morocco,"Middle East, North Africa, Afghanistan & Pakistan",Lower middle income,2018,Saadeddine El Othmani,2.0,3.8,0.0,1.0,,74.00415254787698
MAR,MA,Morocco,"Middle East, North Africa, Afghanistan & Pakistan",Lower middle income,2019,Saadeddine El Othmani,3.0,4.0,0.0,1.0,,73.0
MAR,MA,Morocco,"Middle East, North Africa, Afghanistan & Pakistan",Lower middle income,2020,Saadeddine El Othmani,4.0,4.2,0.0,1.0,,71.22105197870692
MAR,MA,Morocco,"Middle East, North Africa, Afghanistan & Pakistan",Lower middle income,2021,Aziz Akhannouch,1.0,3.6666666666666665,1.0,1.0,,71.5
MAR,MA,Morocco,"Middle East, North Africa, Afghanistan & Pakistan",Lower middle income,2022,Aziz Akhannouch,2.0,3.8333333333333335,0.0,2.0,,70.1
MAR,MA,Morocco,"Middle East, North Africa, Afghanistan & Pakistan",Lower middle income,2023,Aziz Akhannouch,3.0,4.0,0.0,1.0,,68.19999999999999
MAR,MA,Morocco,"Middle East, North Africa, Afghanistan & Pakistan",Lower middle income,2024,Aziz Akhannouch,4.0,4.166666666666667,0.0,1.0,,
MCO,MC,Monaco,Europe & Central Asia,High income,2000,,,,,,,
MCO,MC,Monaco,Europe & Central Asia,High income,2001,,,,,,,
MCO,MC,Monaco,Europe & Central Asia,High income,2002,,,,,,,
MCO,MC,Monaco,Europe & Central Asia,High income,2003,,,,,,,
MCO,MC,Monaco,Europe & Central Asia,High income,2004,,,,,,,
MCO,MC,Monaco,Europe & Central Asia,High income,2005,,,,,,,
MCO,MC,Monaco,Europe & Central Asia,High income,2006,,,,,,,
MCO,MC,Monaco,Europe & Central Asia,High income,2007,,,,,,,
MCO,MC,Monaco,Europe & Central Asia,High income,2008,,,,,,,
MCO,MC,Monaco,Europe & Central Asia,High income,2009,,,,,,,
MCO,MC,Monaco,Europe & Central Asia,High income,2010,,,,,,,
MCO,MC,Monaco,Europe & Central Asia,High income,2011,,,,,,,
MCO,MC,Monaco,Europe & Central Asia,High income,2012,,,,,,,
MCO,MC,Monaco,Europe & Central Asia,High income,2013,,,,,,,
MCO,MC,Monaco,Europe & Central Asia,High income,2014,,,,,,,
MCO,MC,Monaco,Europe & Central Asia,High income,2015,,,,,,,
MCO,MC,Monaco,Europe & Central Asia,High income,2016,,,,,,,
MCO,MC,Monaco,Europe & Central Asia,High income,2017,,,,,,,
MCO,MC,Monaco,Europe & Central Asia,High income,2018,,,,,,,
MCO,MC,Monaco,Europe & Central Asia,High income,2019,,,,,,,
MCO,MC,Monaco,Europe & Central Asia,High income,2020,,,,,,,
MCO,MC,Monaco,Europe & Central Asia,High income,2021,,,,,,,
MCO,MC,Monaco,Europe & Central Asia,High income,2022,,,,,,,
MCO,MC,Monaco,Europe & Central Asia,High income,2023,,,,,,,
MCO,MC,Monaco,Europe & Central Asia,High income,2024,,,,,,,
MDA,MD,Moldova,Europe & Central Asia,Upper middle income,2000,Dumitru Braghis,1.0,1.0,0.0,0.0,,
MDA,MD,Moldova,Europe & Central Asia,Upper middle income,2001,Vasile Petru Tarlev,1.0,1.0,1.0,0.0,,
MDA,MD,Moldova,Europe & Central Asia,Upper middle income,2002,Vasile Petru Tarlev,2.0,1.5,0.0,1.0,,
MDA,MD,Moldova,Europe & Central Asia,Upper middle income,2003,Vasile Petru Tarlev,3.0,2.0,0.0,1.0,,
MDA,MD,Moldova,Europe & Central Asia,Upper middle income,2004,Vasile Petru Tarlev,4.0,2.5,0.0,1.0,,
MDA,MD,Moldova,Europe & Central Asia,Upper middle income,2005,Vasile Petru Tarlev,5.0,3.0,0.0,1.0,,
MDA,MD,Moldova,Europe & Central Asia,Upper middle income,2006,Vasile Petru Tarlev,6.0,3.5,0.0,1.0,,82.5
MDA,MD,Moldova,Europe & Central Asia,Upper middle income,2007,Vasile Petru Tarlev,7.0,4.0,0.0,0.0,,85.7
MDA,MD,Moldova,Europe & Central Asia,Upper middle income,2008,Zinaida Greceanii,1.0,3.0,1.0,0.0,,85.7
MDA,MD,Moldova,Europe & Central Asia,Upper middle income,2009,Vlad Vasile Filat,1.0,2.5,1.0,1.0,,85.1
MDA,MD,Moldova,Europe & Central Asia,Upper middle income,2010,Vlad Vasile Filat,2.0,2.75,0.0,2.0,3.86,83.8
MDA,MD,Moldova,Europe & Central Asia,Upper middle income,2011,Vlad Vasile Filat,3.0,3.0,0.0,2.0,3.89,81.2
MDA,MD,Moldova,Europe & Central Asia,Upper middle income,2012,Vlad Vasile Filat,4.0,3.25,0.0,2.0,3.94,78.7
MDA,MD,Moldova,Europe & Central Asia,Upper middle income,2013,Iurie Leancă,1.0,2.8,1.0,2.0,3.94,76.5
MDA,MD,Moldova,Europe & Central Asia,Upper middle income,2014,Iurie Leancă,2.0,3.0,0.0,2.0,4.03,75.1
MDA,MD,Moldova,Europe & Central Asia,Upper middle income,2015,Valeriu Streleț,1.0,2.6666666666666665,1.0,1.0,4.0,73.0
MDA,MD,Moldova,Europe & Central Asia,Upper middle income,2016,Pavel Filip,1.0,2.4285714285714284,1.0,2.0,3.86,73.2
MDA,MD,Moldova,Europe & Central Asia,Upper middle income,2017,Pavel Filip,2.0,2.5714285714285716,0.0,3.0,3.99,72.0
MDA,MD,Moldova,Europe & Central Asia,Upper middle income,2018,Pavel Filip,3.0,2.7142857142857144,0.0,3.0,,69.54603613998039
MDA,MD,Moldova,Europe & Central Asia,Upper middle income,2019,Ion Chicu,1.0,2.5,1.0,2.0,,67.1
MDA,MD,Moldova,Europe & Central Asia,Upper middle income,2020,Ion Chicu,2.0,2.625,0.0,3.0,,65.97954327737929
MDA,MD,Moldova,Europe & Central Asia,Upper middle income,2021,Natalia Gavrilita,1.0,2.4444444444444446,1.0,2.0,,67.0
MDA,MD,Moldova,Europe & Central Asia,Upper middle income,2022,Natalia Gavrilita,2.0,2.5555555555555554,0.0,2.0,,64.5
MDA,MD,Moldova,Europe & Central Asia,Upper middle income,2023,Dorin Recean,1.0,2.4,1.0,2.0,,67.39999999999999
MDA,MD,Moldova,Europe & Central Asia,Upper middle income,2024,Dorin Recean,2.0,2.5,0.0,3.0,,
MDG,MG,Madagascar,Sub-Saharan Africa,Low income,2000,Tantely Andrianarivo,1.0,1.0,0.0,0.0,,
MDG,MG,Madagascar,Sub-Saharan Africa,Low income,2001,Tantely Andrianarivo,2.0,2.0,0.0,0.0,,
MDG,MG,Madagascar,Sub-Saharan Africa,Low income,2002,Jacques Sylla,1.0,1.5,1.0,0.0,,
MDG,MG,Madagascar,Sub-Saharan Africa,Low income,2003,Jacques Sylla,2.0,2.0,0.0,1.0,,
MDG,MG,Madagascar,Sub-Saharan Africa,Low income,2004,Jacques Sylla,3.0,2.5,0.0,1.0,,
MDG,MG,Madagascar,Sub-Saharan Africa,Low income,2005,Jacques Sylla,4.0,3.0,0.0,1.0,,
MDG,MG,Madagascar,Sub-Saharan Africa,Low income,2006,Jacques Sylla,5.0,3.5,0.0,1.0,,
MDG,MG,Madagascar,Sub-Saharan Africa,Low income,2007,Charles Rabemananjara,1.0,2.6666666666666665,1.0,1.0,3.36,76.5
MDG,MG,Madagascar,Sub-Saharan Africa,Low income,2008,Charles Rabemananjara,2.0,3.0,0.0,1.0,3.38,76.7
MDG,MG,Madagascar,Sub-Saharan Africa,Low income,2009,Albert Camille Vital,1.0,2.5,1.0,1.0,3.42,81.6
MDG,MG,Madagascar,Sub-Saharan Africa,Low income,2010,Albert Camille Vital,2.0,2.75,0.0,2.0,3.46,82.6
MDG,MG,Madagascar,Sub-Saharan Africa,Low income,2011,Omer Beriziky,1.0,2.4,1.0,2.0,3.36,83.2
MDG,MG,Madagascar,Sub-Saharan Africa,Low income,2012,Omer Beriziky,2.0,2.6,0.0,3.0,3.38,82.5
MDG,MG,Madagascar,Sub-Saharan Africa,Low income,2013,Omer Beriziky,3.0,2.8,0.0,2.0,3.42,82.7
MDG,MG,Madagascar,Sub-Saharan Africa,Low income,2014,Roger Kolo,1.0,2.5,1.0,2.0,3.41,83.1
MDG,MG,Madagascar,Sub-Saharan Africa,Low income,2015,Jean Ravelonarivo,1.0,2.2857142857142856,1.0,2.0,3.32,83.6
MDG,MG,Madagascar,Sub-Saharan Africa,Low income,2016,Solonandrasana Olivier Mahafaly,1.0,2.125,1.0,3.0,3.33,84.2
MDG,MG,Madagascar,Sub-Saharan Africa,Low income,2017,Solonandrasana Olivier Mahafaly,2.0,2.25,0.0,3.0,3.4,84.0
MDG,MG,Madagascar,Sub-Saharan Africa,Low income,2018,Christian Ntsay,1.0,2.111111111111111,1.0,3.0,,83.57162962089447
MDG,MG,Madagascar,Sub-Saharan Africa,Low income,2019,Christian Ntsay,2.0,2.2222222222222223,0.0,4.0,,80.9
MDG,MG,Madagascar,Sub-Saharan Africa,Low income,2020,Christian Ntsay,3.0,2.3333333333333335,0.0,3.0,,79.53029880171496
MDG,MG,Madagascar,Sub-Saharan Africa,Low income,2021,Christian Ntsay,4.0,2.4444444444444446,0.0,2.0,,79.49999999999999
MDG,MG,Madagascar,Sub-Saharan Africa,Low income,2022,Christian Ntsay,5.0,2.5555555555555554,0.0,1.0,,80.4
MDG,MG,Madagascar,Sub-Saharan Africa,Low income,2023,Christian Ntsay,6.0,2.6666666666666665,0.0,1.0,,81.7
MDG,MG,Madagascar,Sub-Saharan Africa,Low income,2024,Christian Ntsay,7.0,2.7777777777777777,0.0,0.0,,
MDV,MV,Maldives,South Asia,Upper middle income,2000,,,,0.0,0.0,,
MDV,MV,Maldives,South Asia,Upper middle income,2001,,,,0.0,0.0,,
MDV,MV,Maldives,South Asia,Upper middle income,2002,,,,0.0,0.0,,
MDV,MV,Maldives,South Asia,Upper middle income,2003,,,,0.0,0.0,,
MDV,MV,Maldives,South Asia,Upper middle income,2004,,,,0.0,0.0,,
MDV,MV,Maldives,South Asia,Upper middle income,2005,,,,0.0,0.0,,
MDV,MV,Maldives,South Asia,Upper middle income,2006,,,,0.0,0.0,,
MDV,MV,Maldives,South Asia,Upper middle income,2007,,,,0.0,0.0,,81.1
MDV,MV,Maldives,South Asia,Upper middle income,2008,,,,0.0,0.0,,80.4
MDV,MV,Maldives,South Asia,Upper middle income,2009,,,,0.0,0.0,,78.8
MDV,MV,Maldives,South Asia,Upper middle income,2010,,,,0.0,0.0,,78.3
MDV,MV,Maldives,South Asia,Upper middle income,2011,,,,0.0,0.0,,75.6
MDV,MV,Maldives,South Asia,Upper middle income,2012,,,,0.0,0.0,,75.1
MDV,MV,Maldives,South Asia,Upper middle income,2013,,,,0.0,0.0,,75.4
MDV,MV,Maldives,South Asia,Upper middle income,2014,,,,0.0,0.0,,75.4
MDV,MV,Maldives,South Asia,Upper middle income,2015,,,,0.0,0.0,,74.3
MDV,MV,Maldives,South Asia,Upper middle income,2016,,,,0.0,0.0,,74.0
MDV,MV,Maldives,South Asia,Upper middle income,2017,,,,0.0,0.0,,74.4
MDV,MV,Maldives,South Asia,Upper middle income,2018,,,,0.0,0.0,,72.4
MDV,MV,Maldives,South Asia,Upper middle income,2019,,,,0.0,0.0,,69.8
MDV,MV,Maldives,South Asia,Upper middle income,2020,,,,0.0,0.0,,66.2
MDV,MV,Maldives,South Asia,Upper middle income,2021,,,,0.0,0.0,,67.6
MDV,MV,Maldives,South Asia,Upper middle income,2022,,,,0.0,0.0,,64.50000000000001
MDV,MV,Maldives,South Asia,Upper middle income,2023,,,,0.0,0.0,,62.9
MDV,MV,Maldives,South Asia,Upper middle income,2024,,,,0.0,0.0,,
MEX,MX,Mexico,Latin America & Caribbean,Upper middle income,2000,,,,0.0,0.0,,
MEX,MX,Mexico,Latin America & Caribbean,Upper middle income,2001,,,,0.0,0.0,,
MEX,MX,Mexico,Latin America & Caribbean,Upper middle income,2002,,,,0.0,0.0,,
MEX,MX,Mexico,Latin America & Caribbean,Upper middle income,2003,,,,0.0,0.0,,
MEX,MX,Mexico,Latin America & Caribbean,Upper middle income,2004,,,,0.0,0.0,,
MEX,MX,Mexico,Latin America & Caribbean,Upper middle income,2005,,,,0.0,0.0,,
MEX,MX,Mexico,Latin America & Caribbean,Upper middle income,2006,,,,0.0,0.0,,73.1
MEX,MX,Mexico,Latin America & Caribbean,Upper middle income,2007,,,,0.0,0.0,4.26,72.6
MEX,MX,Mexico,Latin America & Caribbean,Upper middle income,2008,,,,0.0,0.0,4.23,72.2
MEX,MX,Mexico,Latin America & Caribbean,Upper middle income,2009,,,,0.0,0.0,4.19,75.4
MEX,MX,Mexico,Latin America & Caribbean,Upper middle income,2010,,,,0.0,0.0,4.19,76.1
MEX,MX,Mexico,Latin America & Caribbean,Upper middle income,2011,,,,0.0,0.0,4.29,75.1
MEX,MX,Mexico,Latin America & Caribbean,Upper middle income,2012,,,,0.0,0.0,4.36,73.6
MEX,MX,Mexico,Latin America & Caribbean,Upper middle income,2013,,,,0.0,0.0,4.34,73.1
MEX,MX,Mexico,Latin America & Caribbean,Upper middle income,2014,,,,0.0,0.0,4.27,71.1
MEX,MX,Mexico,Latin America & Caribbean,Upper middle income,2015,,,,0.0,0.0,4.29,71.9
MEX,MX,Mexico,Latin America & Caribbean,Upper middle income,2016,,,,0.0,0.0,4.41,70.4
MEX,MX,Mexico,Latin America & Caribbean,Upper middle income,2017,,,,0.0,0.0,4.44,74.3
MEX,MX,Mexico,Latin America & Caribbean,Upper middle income,2018,,,,0.0,0.0,,71.5181435915789
MEX,MX,Mexico,Latin America & Caribbean,Upper middle income,2019,,,,0.0,0.0,,69.7
MEX,MX,Mexico,Latin America & Caribbean,Upper middle income,2020,,,,0.0,0.0,,67.19999999999999
MEX,MX,Mexico,Latin America & Caribbean,Upper middle income,2021,,,,0.0,0.0,,69.89999999999999
MEX,MX,Mexico,Latin America & Caribbean,Upper middle income,2022,,,,0.0,0.0,,70.3
MEX,MX,Mexico,Latin America & Caribbean,Upper middle income,2023,,,,0.0,0.0,,69.8
MEX,MX,Mexico,Latin America & Caribbean,Upper middle income,2024,,,,0.0,0.0,,
MHL,MH,Marshall Islands,East Asia & Pacific,Upper middle income,2000,,,,,,,
MHL,MH,Marshall Islands,East Asia & Pacific,Upper middle income,2001,,,,,,,
MHL,MH,Marshall Islands,East Asia & Pacific,Upper middle income,2002,,,,,,,
MHL,MH,Marshall Islands,East Asia & Pacific,Upper middle income,2003,,,,,,,
MHL,MH,Marshall Islands,East Asia & Pacific,Upper middle income,2004,,,,,,,
MHL,MH,Marshall Islands,East Asia & Pacific,Upper middle income,2005,,,,,,,
MHL,MH,Marshall Islands,East Asia & Pacific,Upper middle income,2006,,,,,,,
MHL,MH,Marshall Islands,East Asia & Pacific,Upper middle income,2007,,,,,,,
MHL,MH,Marshall Islands,East Asia & Pacific,Upper middle income,2008,,,,,,,
MHL,MH,Marshall Islands,East Asia & Pacific,Upper middle income,2009,,,,,,,
MHL,MH,Marshall Islands,East Asia & Pacific,Upper middle income,2010,,,,,,,
MHL,MH,Marshall Islands,East Asia & Pacific,Upper middle income,2011,,,,,,,
MHL,MH,Marshall Islands,East Asia & Pacific,Upper middle income,2012,,,,,,,
MHL,MH,Marshall Islands,East Asia & Pacific,Upper middle income,2013,,,,,,,
MHL,MH,Marshall Islands,East Asia & Pacific,Upper middle income,2014,,,,,,,
MHL,MH,Marshall Islands,East Asia & Pacific,Upper middle income,2015,,,,,,,
MHL,MH,Marshall Islands,East Asia & Pacific,Upper middle income,2016,,,,,,,
MHL,MH,Marshall Islands,East Asia & Pacific,Upper middle income,2017,,,,,,,
MHL,MH,Marshall Islands,East Asia & Pacific,Upper middle income,2018,,,,,,,
MHL,MH,Marshall Islands,East Asia & Pacific,Upper middle income,2019,,,,,,,
MHL,MH,Marshall Islands,East Asia & Pacific,Upper middle income,2020,,,,,,,
MHL,MH,Marshall Islands,East Asia & Pacific,Upper middle income,2021,,,,,,,
MHL,MH,Marshall Islands,East Asia & Pacific,Upper middle income,2022,,,,,,,
MHL,MH,Marshall Islands,East Asia & Pacific,Upper middle income,2023,,,,,,,
MHL,MH,Marshall Islands,East Asia & Pacific,Upper middle income,2024,,,,,,,
MKD,MK,North Macedonia,Europe & Central Asia,Upper middle income,2000,Ljubco R. Georgievski,1.0,1.0,0.0,0.0,,
MKD,MK,North Macedonia,Europe & Central Asia,Upper middle income,2001,Ljubco R. Georgievski,2.0,2.0,0.0,0.0,,
MKD,MK,North Macedonia,Europe & Central Asia,Upper middle income,2002,Branko Crvenkovski,1.0,1.5,1.0,0.0,,
MKD,MK,North Macedonia,Europe & Central Asia,Upper middle income,2003,Branko Crvenkovski,2.0,2.0,0.0,1.0,,
MKD,MK,North Macedonia,Europe & Central Asia,Upper middle income,2004,Vlado Buckovski,1.0,1.6666666666666667,1.0,1.0,,
MKD,MK,North Macedonia,Europe & Central Asia,Upper middle income,2005,Vlado Buckovski,2.0,2.0,0.0,2.0,,
MKD,MK,North Macedonia,Europe & Central Asia,Upper middle income,2006,Nikola Gruevski,1.0,1.75,1.0,2.0,,75.1
MKD,MK,North Macedonia,Europe & Central Asia,Upper middle income,2007,Nikola Gruevski,2.0,2.0,0.0,3.0,3.73,74.1
MKD,MK,North Macedonia,Europe & Central Asia,Upper middle income,2008,Nikola Gruevski,3.0,2.25,0.0,2.0,3.87,74.6
MKD,MK,North Macedonia,Europe & Central Asia,Upper middle income,2009,Nikola Gruevski,4.0,2.5,0.0,2.0,3.95,74.4
MKD,MK,North Macedonia,Europe & Central Asia,Upper middle income,2010,Nikola Gruevski,5.0,2.75,0.0,1.0,4.02,72.7
MKD,MK,North Macedonia,Europe & Central Asia,Upper middle income,2011,Nikola Gruevski,6.0,3.0,0.0,1.0,4.05,71.0
MKD,MK,North Macedonia,Europe & Central Asia,Upper middle income,2012,Nikola Gruevski,7.0,3.25,0.0,0.0,4.04,69.1
MKD,MK,North Macedonia,Europe & Central Asia,Upper middle income,2013,Nikola Gruevski,8.0,3.5,0.0,0.0,4.14,68.0
MKD,MK,North Macedonia,Europe & Central Asia,Upper middle income,2014,Nikola Gruevski,9.0,3.75,0.0,0.0,4.26,66.4
MKD,MK,North Macedonia,Europe & Central Asia,Upper middle income,2015,Nikola Gruevski,10.0,4.0,0.0,0.0,4.28,64.5
MKD,MK,North Macedonia,Europe & Central Asia,Upper middle income,2016,Emil Dimitriev,1.0,3.4,1.0,0.0,4.23,67.0
MKD,MK,North Macedonia,Europe & Central Asia,Upper middle income,2017,Zoran Zaev,1.0,3.0,1.0,1.0,,66.1
MKD,MK,North Macedonia,Europe & Central Asia,Upper middle income,2018,Zoran Zaev,2.0,3.1666666666666665,0.0,2.0,,64.79715789270658
MKD,MK,North Macedonia,Europe & Central Asia,Upper middle income,2019,Zoran Zaev,3.0,3.3333333333333335,0.0,2.0,,64.6
MKD,MK,North Macedonia,Europe & Central Asia,Upper middle income,2020,Zoran Zaev,4.0,3.5,0.0,2.0,,62.13086384675053
MKD,MK,North Macedonia,Europe & Central Asia,Upper middle income,2021,Zoran Zaev,5.0,3.6666666666666665,0.0,2.0,,64.5
MKD,MK,North Macedonia,Europe & Central Asia,Upper middle income,2022,Dimitar Kovačevski,1.0,3.2857142857142856,1.0,1.0,,62.6
MKD,MK,North Macedonia,Europe & Central Asia,Upper middle income,2023,Dimitar Kovačevski,2.0,3.4285714285714284,0.0,1.0,,60.3
MKD,MK,North Macedonia,Europe & Central Asia,Upper middle income,2024,Hristijan Mickoski,1.0,3.125,1.0,1.0,,
MLI,ML,Mali,Sub-Saharan Africa,Low income,2000,Mandé Sidibé,1.0,1.0,0.0,0.0,,
MLI,ML,Mali,Sub-Saharan Africa,Low income,2001,Mandé Sidibé,2.0,2.0,0.0,0.0,,
MLI,ML,Mali,Sub-Saharan Africa,Low income,2002,Ahmed Mohamed Ag Hamani,1.0,1.5,1.0,0.0,,
MLI,ML,Mali,Sub-Saharan Africa,Low income,2003,Ahmed Mohamed Ag Hamani,2.0,2.0,0.0,1.0,,
MLI,ML,Mali,Sub-Saharan Africa,Low income,2004,Ousmane Issoufi Maïga,1.0,1.6666666666666667,1.0,1.0,,
MLI,ML,Mali,Sub-Saharan Africa,Low income,2005,Ousmane Issoufi Maïga,2.0,2.0,0.0,2.0,,
MLI,ML,Mali,Sub-Saharan Africa,Low income,2006,Ousmane Issoufi Maïga,3.0,2.3333333333333335,0.0,2.0,,74.6
MLI,ML,Mali,Sub-Saharan Africa,Low income,2007,Modibo Sidibé,1.0,2.0,1.0,2.0,3.37,75.5
MLI,ML,Mali,Sub-Saharan Africa,Low income,2008,Modibo Sidibé,2.0,2.25,0.0,2.0,3.43,75.6
MLI,ML,Mali,Sub-Saharan Africa,Low income,2009,Modibo Sidibé,3.0,2.5,0.0,2.0,3.22,78.7
MLI,ML,Mali,Sub-Saharan Africa,Low income,2010,Modibo Sidibé,4.0,2.75,0.0,1.0,3.28,79.3
MLI,ML,Mali,Sub-Saharan Africa,Low income,2011,Cissé Mariam Kaïdama Sidibé,1.0,2.4,1.0,1.0,3.39,79.3
MLI,ML,Mali,Sub-Saharan Africa,Low income,2012,Diango Cissoko,1.0,2.1666666666666665,1.0,2.0,3.43,77.9
MLI,ML,Mali,Sub-Saharan Africa,Low income,2013,Oumar Tatam Ly,1.0,2.0,1.0,2.0,3.33,89.3
MLI,ML,Mali,Sub-Saharan Africa,Low income,2014,Moussa Mara,1.0,1.875,1.0,3.0,3.43,89.8
MLI,ML,Mali,Sub-Saharan Africa,Low income,2015,Modibo Keita,1.0,1.7777777777777777,1.0,4.0,3.44,92.9
MLI,ML,Mali,Sub-Saharan Africa,Low income,2016,Modibo Keita,2.0,1.8888888888888888,0.0,5.0,3.46,95.2
MLI,ML,Mali,Sub-Saharan Africa,Low income,2017,Soumeylou Boubeye Maïga,1.0,1.8,1.0,4.0,3.33,92.9
MLI,ML,Mali,Sub-Saharan Africa,Low income,2018,Soumeylou Boubeye Maïga,2.0,1.9,0.0,4.0,,93.58132105894025
MLI,ML,Mali,Sub-Saharan Africa,Low income,2019,Boubou Cisse,1.0,1.8181818181818181,1.0,3.0,,94.5
MLI,ML,Mali,Sub-Saharan Africa,Low income,2020,Moctar Ouane,1.0,1.75,1.0,3.0,,96.04331296449108
MLI,ML,Mali,Sub-Saharan Africa,Low income,2021,Choguel Kokalla Maïga,1.0,1.6923076923076923,1.0,3.0,,96.6
MLI,ML,Mali,Sub-Saharan Africa,Low income,2022,Choguel Kokalla Maïga,2.0,1.7692307692307692,0.0,4.0,,98.60000000000002
MLI,ML,Mali,Sub-Saharan Africa,Low income,2023,Choguel Kokalla Maïga,3.0,1.8461538461538463,0.0,3.0,,99.5
MLI,ML,Mali,Sub-Saharan Africa,Low income,2024,Abdoulaye Maïga,1.0,1.7857142857142858,1.0,3.0,,
MLT,MT,Malta,"Middle East, North Africa, Afghanistan & Pakistan",High income,2000,Edward Fenech Adami,1.0,1.0,0.0,0.0,,
MLT,MT,Malta,"Middle East, North Africa, Afghanistan & Pakistan",High income,2001,Edward Fenech Adami,2.0,2.0,0.0,0.0,,
MLT,MT,Malta,"Middle East, North Africa, Afghanistan & Pakistan",High income,2002,Edward Fenech Adami,3.0,3.0,0.0,0.0,,
MLT,MT,Malta,"Middle East, North Africa, Afghanistan & Pakistan",High income,2003,Edward Fenech Adami,4.0,4.0,0.0,0.0,,
MLT,MT,Malta,"Middle East, North Africa, Afghanistan & Pakistan",High income,2004,Lawrence Gonzi,1.0,2.5,1.0,0.0,,
MLT,MT,Malta,"Middle East, North Africa, Afghanistan & Pakistan",High income,2005,Lawrence Gonzi,2.0,3.0,0.0,1.0,,
MLT,MT,Malta,"Middle East, North Africa, Afghanistan & Pakistan",High income,2006,Lawrence Gonzi,3.0,3.5,0.0,1.0,,
MLT,MT,Malta,"Middle East, North Africa, Afghanistan & Pakistan",High income,2007,Lawrence Gonzi,4.0,4.0,0.0,1.0,4.21,48.5
MLT,MT,Malta,"Middle East, North Africa, Afghanistan & Pakistan",High income,2008,Lawrence Gonzi,5.0,4.5,0.0,1.0,4.31,48.3
MLT,MT,Malta,"Middle East, North Africa, Afghanistan & Pakistan",High income,2009,Lawrence Gonzi,6.0,5.0,0.0,1.0,4.3,48.8
MLT,MT,Malta,"Middle East, North Africa, Afghanistan & Pakistan",High income,2010,Lawrence Gonzi,7.0,5.5,0.0,0.0,4.34,48.2
MLT,MT,Malta,"Middle East, North Africa, Afghanistan & Pakistan",High income,2011,Lawrence Gonzi,8.0,6.0,0.0,0.0,4.33,45.4
MLT,MT,Malta,"Middle East, North Africa, Afghanistan & Pakistan",High income,2012,Lawrence Gonzi,9.0,6.5,0.0,0.0,4.41,43.8
MLT,MT,Malta,"Middle East, North Africa, Afghanistan & Pakistan",High income,2013,Joseph Muscat,1.0,4.666666666666667,1.0,0.0,4.5,42.4
MLT,MT,Malta,"Middle East, North Africa, Afghanistan & Pakistan",High income,2014,Joseph Muscat,2.0,5.0,0.0,1.0,4.45,43.0
MLT,MT,Malta,"Middle East, North Africa, Afghanistan & Pakistan",High income,2015,Joseph Muscat,3.0,5.333333333333333,0.0,1.0,4.39,40.9
MLT,MT,Malta,"Middle East, North Africa, Afghanistan & Pakistan",High income,2016,Joseph Muscat,4.0,5.666666666666667,0.0,1.0,4.52,39.6
MLT,MT,Malta,"Middle East, North Africa, Afghanistan & Pakistan",High income,2017,Joseph Muscat,5.0,6.0,0.0,1.0,4.65,38.6
MLT,MT,Malta,"Middle East, North Africa, Afghanistan & Pakistan",High income,2018,Joseph Muscat,6.0,6.333333333333333,0.0,1.0,,36.2062447804085
MLT,MT,Malta,"Middle East, North Africa, Afghanistan & Pakistan",High income,2019,Joseph Muscat,7.0,6.666666666666667,0.0,0.0,,34.5
MLT,MT,Malta,"Middle East, North Africa, Afghanistan & Pakistan",High income,2020,Robert Abela,1.0,5.25,1.0,0.0,,33.593645802064856
MLT,MT,Malta,"Middle East, North Africa, Afghanistan & Pakistan",High income,2021,Robert Abela,2.0,5.5,0.0,1.0,,36.2
MLT,MT,Malta,"Middle East, North Africa, Afghanistan & Pakistan",High income,2022,Robert Abela,3.0,5.75,0.0,1.0,,34.7
MLT,MT,Malta,"Middle East, North Africa, Afghanistan & Pakistan",High income,2023,Robert Abela,4.0,6.0,0.0,1.0,,33.0
MLT,MT,Malta,"Middle East, North Africa, Afghanistan & Pakistan",High income,2024,Robert Abela,5.0,6.25,0.0,1.0,,
MMR,MM,Myanmar,East Asia & Pacific,Lower middle income,2000,,,,0.0,0.0,,
MMR,MM,Myanmar,East Asia & Pacific,Lower middle income,2001,,,,0.0,0.0,,
MMR,MM,Myanmar,East Asia & Pacific,Lower middle income,2002,,,,0.0,0.0,,
MMR,MM,Myanmar,East Asia & Pacific,Lower middle income,2003,Khin Nyunt,1.0,1.0,0.0,0.0,,
MMR,MM,Myanmar,East Asia & Pacific,Lower middle income,2004,Soe Win,1.0,1.0,1.0,0.0,,
MMR,MM,Myanmar,East Asia & Pacific,Lower middle income,2005,Soe Win,2.0,1.5,0.0,1.0,,
MMR,MM,Myanmar,East Asia & Pacific,Lower middle income,2006,Soe Win,3.0,2.0,0.0,1.0,,96.5
MMR,MM,Myanmar,East Asia & Pacific,Lower middle income,2007,Thein Sein,1.0,1.6666666666666667,1.0,1.0,,97.0
MMR,MM,Myanmar,East Asia & Pacific,Lower middle income,2008,Thein Sein,2.0,2.0,0.0,2.0,,100.3
MMR,MM,Myanmar,East Asia & Pacific,Lower middle income,2009,Thein Sein,3.0,2.3333333333333335,0.0,2.0,,101.5
MMR,MM,Myanmar,East Asia & Pacific,Lower middle income,2010,Thein Sein,4.0,2.6666666666666665,0.0,1.0,,99.4
MMR,MM,Myanmar,East Asia & Pacific,Lower middle income,2011,,,2.6666666666666665,0.0,1.0,,98.3
MMR,MM,Myanmar,East Asia & Pacific,Lower middle income,2012,,,2.6666666666666665,0.0,1.0,,96.2
MMR,MM,Myanmar,East Asia & Pacific,Lower middle income,2013,,,2.6666666666666665,0.0,0.0,3.23,94.6
MMR,MM,Myanmar,East Asia & Pacific,Lower middle income,2014,,,2.6666666666666665,0.0,0.0,3.24,94.3
MMR,MM,Myanmar,East Asia & Pacific,Lower middle income,2015,,,2.6666666666666665,0.0,0.0,3.32,94.7
MMR,MM,Myanmar,East Asia & Pacific,Lower middle income,2016,Aung San Suu Kyi,1.0,2.25,0.0,0.0,,96.3
MMR,MM,Myanmar,East Asia & Pacific,Lower middle income,2017,Aung San Suu Kyi,2.0,2.5,0.0,0.0,,95.7
MMR,MM,Myanmar,East Asia & Pacific,Lower middle income,2018,Aung San Suu Kyi,3.0,2.75,0.0,0.0,,96.09231014136056
MMR,MM,Myanmar,East Asia & Pacific,Lower middle income,2019,Aung San Suu Kyi,4.0,3.0,0.0,0.0,,94.3
MMR,MM,Myanmar,East Asia & Pacific,Lower middle income,2020,Aung San Suu Kyi,5.0,3.25,0.0,0.0,,94.0
MMR,MM,Myanmar,East Asia & Pacific,Lower middle income,2021,Min Aung Hlaing,1.0,2.8,1.0,0.0,,93.79999999999998
MMR,MM,Myanmar,East Asia & Pacific,Lower middle income,2022,Min Aung Hlaing,2.0,3.0,0.0,1.0,,100.0
MMR,MM,Myanmar,East Asia & Pacific,Lower middle income,2023,Min Aung Hlaing,3.0,3.2,0.0,1.0,,100.19999999999997
MMR,MM,Myanmar,East Asia & Pacific,Lower middle income,2024,,,3.2,0.0,1.0,,
MNE,ME,Montenegro,Europe & Central Asia,Upper middle income,2000,Filip Vujanovic,1.0,1.0,0.0,0.0,,
MNE,ME,Montenegro,Europe & Central Asia,Upper middle income,2001,Filip Vujanovic,2.0,2.0,0.0,0.0,,
MNE,ME,Montenegro,Europe & Central Asia,Upper middle income,2002,Dragan Đurović,1.0,1.5,1.0,0.0,,
MNE,ME,Montenegro,Europe & Central Asia,Upper middle income,2003,Milo Djukanovic,1.0,1.3333333333333333,1.0,1.0,,
MNE,ME,Montenegro,Europe & Central Asia,Upper middle income,2004,Milo Djukanovic,2.0,1.6666666666666667,0.0,2.0,,
MNE,ME,Montenegro,Europe & Central Asia,Upper middle income,2005,Milo Djukanovic,3.0,2.0,0.0,2.0,,
MNE,ME,Montenegro,Europe & Central Asia,Upper middle income,2006,Zeljko Sturanovic,1.0,1.75,1.0,2.0,,
MNE,ME,Montenegro,Europe & Central Asia,Upper middle income,2007,Zeljko Sturanovic,2.0,2.0,0.0,3.0,3.91,55.6
MNE,ME,Montenegro,Europe & Central Asia,Upper middle income,2008,Milo Djukanovic,1.0,1.8,1.0,2.0,4.11,55.8
MNE,ME,Montenegro,Europe & Central Asia,Upper middle income,2009,Milo Djukanovic,2.0,2.0,0.0,2.0,4.16,58.0
MNE,ME,Montenegro,Europe & Central Asia,Upper middle income,2010,Igor Luksic,1.0,1.8333333333333333,1.0,2.0,4.36,57.3
MNE,ME,Montenegro,Europe & Central Asia,Upper middle income,2011,Igor Luksic,2.0,2.0,0.0,3.0,4.27,56.3
MNE,ME,Montenegro,Europe & Central Asia,Upper middle income,2012,Milo Djukanovic,1.0,1.8571428571428572,1.0,2.0,4.14,55.5
MNE,ME,Montenegro,Europe & Central Asia,Upper middle income,2013,Milo Djukanovic,2.0,2.0,0.0,3.0,4.2,54.4
MNE,ME,Montenegro,Europe & Central Asia,Upper middle income,2014,Milo Djukanovic,3.0,2.142857142857143,0.0,2.0,4.23,55.7
MNE,ME,Montenegro,Europe & Central Asia,Upper middle income,2015,Milo Djukanovic,4.0,2.2857142857142856,0.0,2.0,4.2,54.2
MNE,ME,Montenegro,Europe & Central Asia,Upper middle income,2016,Duško Marković,1.0,2.125,1.0,1.0,4.05,55.2
MNE,ME,Montenegro,Europe & Central Asia,Upper middle income,2017,Duško Marković,2.0,2.25,0.0,2.0,4.15,55.7
MNE,ME,Montenegro,Europe & Central Asia,Upper middle income,2018,Duško Marković,3.0,2.375,0.0,1.0,,55.338419760815825
MNE,ME,Montenegro,Europe & Central Asia,Upper middle income,2019,Duško Marković,4.0,2.5,0.0,1.0,,55.3
MNE,ME,Montenegro,Europe & Central Asia,Upper middle income,2020,Zdravko Krivokapic,1.0,2.3333333333333335,1.0,1.0,,55.46679468409825
MNE,ME,Montenegro,Europe & Central Asia,Upper middle income,2021,Zdravko Krivokapic,2.0,2.4444444444444446,0.0,2.0,,58.49999999999999
MNE,ME,Montenegro,Europe & Central Asia,Upper middle income,2022,Dritan Abazović,1.0,2.3,1.0,1.0,,57.900000000000006
MNE,ME,Montenegro,Europe & Central Asia,Upper middle income,2023,Milojko Spajić,1.0,2.1818181818181817,1.0,2.0,,57.99999999999999
MNE,ME,Montenegro,Europe & Central Asia,Upper middle income,2024,Milojko Spajić,2.0,2.272727272727273,0.0,3.0,,
MNG,MN,Mongolia,East Asia & Pacific,Upper middle income,2000,Nambaryn Enkhbayar,1.0,1.0,0.0,0.0,,
MNG,MN,Mongolia,East Asia & Pacific,Upper middle income,2001,Nambaryn Enkhbayar,2.0,2.0,0.0,0.0,,
MNG,MN,Mongolia,East Asia & Pacific,Upper middle income,2002,Nambaryn Enkhbayar,3.0,3.0,0.0,0.0,,
MNG,MN,Mongolia,East Asia & Pacific,Upper middle income,2003,Nambaryn Enkhbayar,4.0,4.0,0.0,0.0,,
MNG,MN,Mongolia,East Asia & Pacific,Upper middle income,2004,Tsakhiagiyn Elbegdor,1.0,2.5,1.0,0.0,,
MNG,MN,Mongolia,East Asia & Pacific,Upper middle income,2005,Tsakhiagiyn Elbegdor,2.0,3.0,0.0,1.0,,
MNG,MN,Mongolia,East Asia & Pacific,Upper middle income,2006,Miyeegombo Enkhbold,1.0,2.3333333333333335,1.0,1.0,,58.4
MNG,MN,Mongolia,East Asia & Pacific,Upper middle income,2007,Sanj Bayar,1.0,2.0,1.0,2.0,3.6,58.4
MNG,MN,Mongolia,East Asia & Pacific,Upper middle income,2008,Sanj Bayar,2.0,2.25,0.0,3.0,3.65,57.8
MNG,MN,Mongolia,East Asia & Pacific,Upper middle income,2009,Sükhbaataryn Batbold,1.0,2.0,1.0,3.0,3.43,61.9
MNG,MN,Mongolia,East Asia & Pacific,Upper middle income,2010,Sükhbaataryn Batbold,2.0,2.2,0.0,3.0,3.75,60.1
MNG,MN,Mongolia,East Asia & Pacific,Upper middle income,2011,Sükhbaataryn Batbold,3.0,2.4,0.0,3.0,3.86,59.6
MNG,MN,Mongolia,East Asia & Pacific,Upper middle income,2012,Norov Altankhuyag,1.0,2.1666666666666665,1.0,2.0,3.87,58.7
MNG,MN,Mongolia,East Asia & Pacific,Upper middle income,2013,Norov Altankhuyag,2.0,2.3333333333333335,0.0,2.0,3.75,57.8
MNG,MN,Mongolia,East Asia & Pacific,Upper middle income,2014,Chimediin Saikhanbileg,1.0,2.142857142857143,1.0,2.0,3.83,58.1
MNG,MN,Mongolia,East Asia & Pacific,Upper middle income,2015,Chimediin Saikhanbileg,2.0,2.2857142857142856,0.0,2.0,3.81,57.0
MNG,MN,Mongolia,East Asia & Pacific,Upper middle income,2016,Jargaltulga Erdenebat,1.0,2.125,1.0,2.0,3.84,56.6
MNG,MN,Mongolia,East Asia & Pacific,Upper middle income,2017,Ukhnaagiin Khurelsukh,1.0,2.0,1.0,3.0,3.9,56.7
MNG,MN,Mongolia,East Asia & Pacific,Upper middle income,2018,Ukhnaagiin Khurelsukh,2.0,2.111111111111111,0.0,3.0,,54.87347128912537
MNG,MN,Mongolia,East Asia & Pacific,Upper middle income,2019,Ukhnaagiin Khurelsukh,3.0,2.2222222222222223,0.0,3.0,,54.1
MNG,MN,Mongolia,East Asia & Pacific,Upper middle income,2020,Ukhnaagiin Khurelsukh,4.0,2.3333333333333335,0.0,2.0,,51.93521252189043
MNG,MN,Mongolia,East Asia & Pacific,Upper middle income,2021,Luvsannamsrai Oyun-Erdene,1.0,2.2,1.0,2.0,,52.300000000000004
MNG,MN,Mongolia,East Asia & Pacific,Upper middle income,2022,Luvsannamsrai Oyun-Erdene,2.0,2.3,0.0,2.0,,51.6
MNG,MN,Mongolia,East Asia & Pacific,Upper middle income,2023,Luvsannamsrai Oyun-Erdene,3.0,2.4,0.0,1.0,,51.3
MNG,MN,Mongolia,East Asia & Pacific,Upper middle income,2024,Luvsannamsrai Oyun-Erdene,4.0,2.5,0.0,1.0,,
MNP,MP,Northern Mariana Islands,East Asia & Pacific,High income,2000,,,,,,,
MNP,MP,Northern Mariana Islands,East Asia & Pacific,High income,2001,,,,,,,
MNP,MP,Northern Mariana Islands,East Asia & Pacific,High income,2002,,,,,,,
MNP,MP,Northern Mariana Islands,East Asia & Pacific,High income,2003,,,,,,,
MNP,MP,Northern Mariana Islands,East Asia & Pacific,High income,2004,,,,,,,
MNP,MP,Northern Mariana Islands,East Asia & Pacific,High income,2005,,,,,,,
MNP,MP,Northern Mariana Islands,East Asia & Pacific,High income,2006,,,,,,,
MNP,MP,Northern Mariana Islands,East Asia & Pacific,High income,2007,,,,,,,
MNP,MP,Northern Mariana Islands,East Asia & Pacific,High income,2008,,,,,,,
MNP,MP,Northern Mariana Islands,East Asia & Pacific,High income,2009,,,,,,,
MNP,MP,Northern Mariana Islands,East Asia & Pacific,High income,2010,,,,,,,
MNP,MP,Northern Mariana Islands,East Asia & Pacific,High income,2011,,,,,,,
MNP,MP,Northern Mariana Islands,East Asia & Pacific,High income,2012,,,,,,,
MNP,MP,Northern Mariana Islands,East Asia & Pacific,High income,2013,,,,,,,
MNP,MP,Northern Mariana Islands,East Asia & Pacific,High income,2014,,,,,,,
MNP,MP,Northern Mariana Islands,East Asia & Pacific,High income,2015,,,,,,,
MNP,MP,Northern Mariana Islands,East Asia & Pacific,High income,2016,,,,,,,
MNP,MP,Northern Mariana Islands,East Asia & Pacific,High income,2017,,,,,,,
MNP,MP,Northern Mariana Islands,East Asia & Pacific,High income,2018,,,,,,,
MNP,MP,Northern Mariana Islands,East Asia & Pacific,High income,2019,,,,,,,
MNP,MP,Northern Mariana Islands,East Asia & Pacific,High income,2020,,,,,,,
MNP,MP,Northern Mariana Islands,East Asia & Pacific,High income,2021,,,,,,,
MNP,MP,Northern Mariana Islands,East Asia & Pacific,High income,2022,,,,,,,
MNP,MP,Northern Mariana Islands,East Asia & Pacific,High income,2023,,,,,,,
MNP,MP,Northern Mariana Islands,East Asia & Pacific,High income,2024,,,,,,,
MOZ,MZ,Mozambique,Sub-Saharan Africa,Low income,2000,,,,0.0,0.0,,
MOZ,MZ,Mozambique,Sub-Saharan Africa,Low income,2001,,,,0.0,0.0,,
MOZ,MZ,Mozambique,Sub-Saharan Africa,Low income,2002,,,,0.0,0.0,,
MOZ,MZ,Mozambique,Sub-Saharan Africa,Low income,2003,,,,0.0,0.0,,
MOZ,MZ,Mozambique,Sub-Saharan Africa,Low income,2004,,,,0.0,0.0,,
MOZ,MZ,Mozambique,Sub-Saharan Africa,Low income,2005,,,,0.0,0.0,,
MOZ,MZ,Mozambique,Sub-Saharan Africa,Low income,2006,,,,0.0,0.0,,74.8
MOZ,MZ,Mozambique,Sub-Saharan Africa,Low income,2007,,,,0.0,0.0,3.02,76.9
MOZ,MZ,Mozambique,Sub-Saharan Africa,Low income,2008,,,,0.0,0.0,3.15,76.8
MOZ,MZ,Mozambique,Sub-Saharan Africa,Low income,2009,,,,0.0,0.0,3.22,80.7
MOZ,MZ,Mozambique,Sub-Saharan Africa,Low income,2010,,,,0.0,0.0,3.32,81.7
MOZ,MZ,Mozambique,Sub-Saharan Africa,Low income,2011,,,,0.0,0.0,3.31,83.6
MOZ,MZ,Mozambique,Sub-Saharan Africa,Low income,2012,,,,0.0,0.0,3.17,82.4
MOZ,MZ,Mozambique,Sub-Saharan Africa,Low income,2013,,,,0.0,0.0,3.3,82.8
MOZ,MZ,Mozambique,Sub-Saharan Africa,Low income,2014,,,,0.0,0.0,3.24,85.9
MOZ,MZ,Mozambique,Sub-Saharan Africa,Low income,2015,,,,0.0,0.0,3.2,86.9
MOZ,MZ,Mozambique,Sub-Saharan Africa,Low income,2016,,,,0.0,0.0,3.13,87.8
MOZ,MZ,Mozambique,Sub-Saharan Africa,Low income,2017,,,,0.0,0.0,2.89,89.0
MOZ,MZ,Mozambique,Sub-Saharan Africa,Low income,2018,,,,0.0,0.0,,88.65413449837652
MOZ,MZ,Mozambique,Sub-Saharan Africa,Low income,2019,,,,0.0,0.0,,88.7
MOZ,MZ,Mozambique,Sub-Saharan Africa,Low income,2020,,,,0.0,0.0,,91.69371296150742
MOZ,MZ,Mozambique,Sub-Saharan Africa,Low income,2021,,,,0.0,0.0,,93.89999999999999
MOZ,MZ,Mozambique,Sub-Saharan Africa,Low income,2022,,,,0.0,0.0,,94.29999999999998
MOZ,MZ,Mozambique,Sub-Saharan Africa,Low income,2023,,,,0.0,0.0,,94.0
MOZ,MZ,Mozambique,Sub-Saharan Africa,Low income,2024,,,,0.0,0.0,,
MRT,MR,Mauritania,Sub-Saharan Africa,Lower middle income,2000,Cheikh El Avia Ould Mohamed Khouna,1.0,1.0,0.0,0.0,,
MRT,MR,Mauritania,Sub-Saharan Africa,Lower middle income,2001,Cheikh El Avia Ould Mohamed Khouna,2.0,2.0,0.0,0.0,,
MRT,MR,Mauritania,Sub-Saharan Africa,Lower middle income,2002,Cheikh El Avia Ould Mohamed Khouna,3.0,3.0,0.0,0.0,,
MRT,MR,Mauritania,Sub-Saharan Africa,Lower middle income,2003,Sghair Ould M'Bareck,1.0,2.0,1.0,0.0,,
MRT,MR,Mauritania,Sub-Saharan Africa,Lower middle income,2004,Sghair Ould M'Bareck,2.0,2.5,0.0,1.0,,
MRT,MR,Mauritania,Sub-Saharan Africa,Lower middle income,2005,Sidi Mohamed Ould Boubacar,1.0,2.0,1.0,1.0,,
MRT,MR,Mauritania,Sub-Saharan Africa,Lower middle income,2006,Sidi Mohamed Ould Boubacar,2.0,2.3333333333333335,0.0,2.0,,87.8
MRT,MR,Mauritania,Sub-Saharan Africa,Lower middle income,2007,Zeine Ould Zeidane,1.0,2.0,1.0,2.0,3.26,86.7
MRT,MR,Mauritania,Sub-Saharan Africa,Lower middle income,2008,Moulaye Ould Mohamed Laghdef,1.0,1.8,1.0,3.0,3.14,86.1
MRT,MR,Mauritania,Sub-Saharan Africa,Lower middle income,2009,Moulaye Ould Mohamed Laghdef,2.0,2.0,0.0,3.0,3.25,88.7
MRT,MR,Mauritania,Sub-Saharan Africa,Lower middle income,2010,Moulaye Ould Mohamed Laghdef,3.0,2.2,0.0,3.0,3.14,89.1
MRT,MR,Mauritania,Sub-Saharan Africa,Lower middle income,2011,Moulaye Ould Mohamed Laghdef,4.0,2.4,0.0,2.0,3.2,88.0
MRT,MR,Mauritania,Sub-Saharan Africa,Lower middle income,2012,Moulaye Ould Mohamed Laghdef,5.0,2.6,0.0,2.0,3.32,87.6
MRT,MR,Mauritania,Sub-Saharan Africa,Lower middle income,2013,Moulaye Ould Mohamed Laghdef,6.0,2.8,0.0,1.0,3.19,91.7
MRT,MR,Mauritania,Sub-Saharan Africa,Lower middle income,2014,Yahya Ould Hademine,1.0,2.5,1.0,0.0,3.0,93.0
MRT,MR,Mauritania,Sub-Saharan Africa,Lower middle income,2015,Yahya Ould Hademine,2.0,2.6666666666666665,0.0,1.0,3.03,94.9
MRT,MR,Mauritania,Sub-Saharan Africa,Lower middle income,2016,Yahya Ould Hademine,3.0,2.8333333333333335,0.0,1.0,2.94,95.4
MRT,MR,Mauritania,Sub-Saharan Africa,Lower middle income,2017,Yahya Ould Hademine,4.0,3.0,0.0,1.0,3.09,93.7
MRT,MR,Mauritania,Sub-Saharan Africa,Lower middle income,2018,Mohamed Salem Ould Béchir,1.0,2.7142857142857144,1.0,1.0,,92.15282858350263
MRT,MR,Mauritania,Sub-Saharan Africa,Lower middle income,2019,Ismail Ould Bedde Ould Cheikh Sidiya,1.0,2.5,1.0,2.0,,90.1
MRT,MR,Mauritania,Sub-Saharan Africa,Lower middle income,2020,Mohamed Ould Bilal,1.0,2.3333333333333335,1.0,2.0,,88.74246859603146
MRT,MR,Mauritania,Sub-Saharan Africa,Lower middle income,2021,Mohamed Ould Bilal,2.0,2.4444444444444446,0.0,3.0,,89.10000000000001
MRT,MR,Mauritania,Sub-Saharan Africa,Lower middle income,2022,Mohamed Ould Bilal,3.0,2.5555555555555554,0.0,3.0,,87.89999999999999
MRT,MR,Mauritania,Sub-Saharan Africa,Lower middle income,2023,Mohamed Ould Bilal,4.0,2.6666666666666665,0.0,3.0,,87.0
MRT,MR,Mauritania,Sub-Saharan Africa,Lower middle income,2024,Moktar Ould Diay,1.0,2.5,1.0,2.0,,
MUS,MU,Mauritius,Sub-Saharan Africa,Upper middle income,2000,Anerood Jugnauth,1.0,1.0,0.0,0.0,,
MUS,MU,Mauritius,Sub-Saharan Africa,Upper middle income,2001,Anerood Jugnauth,2.0,2.0,0.0,0.0,,
MUS,MU,Mauritius,Sub-Saharan Africa,Upper middle income,2002,Anerood Jugnauth,3.0,3.0,0.0,0.0,,
MUS,MU,Mauritius,Sub-Saharan Africa,Upper middle income,2003,Paul Raymond Bèrenger,1.0,2.0,1.0,0.0,,
MUS,MU,Mauritius,Sub-Saharan Africa,Upper middle income,2004,Paul Raymond Bèrenger,2.0,2.5,0.0,1.0,,
MUS,MU,Mauritius,Sub-Saharan Africa,Upper middle income,2005,Navinchandra Ramgoolam,1.0,2.0,1.0,1.0,,
MUS,MU,Mauritius,Sub-Saharan Africa,Upper middle income,2006,Navinchandra Ramgoolam,2.0,2.3333333333333335,0.0,2.0,,41.9
MUS,MU,Mauritius,Sub-Saharan Africa,Upper middle income,2007,Navinchandra Ramgoolam,3.0,2.6666666666666665,0.0,2.0,4.16,42.7
MUS,MU,Mauritius,Sub-Saharan Africa,Upper middle income,2008,Navinchandra Ramgoolam,4.0,3.0,0.0,2.0,4.25,42.4
MUS,MU,Mauritius,Sub-Saharan Africa,Upper middle income,2009,Navinchandra Ramgoolam,5.0,3.3333333333333335,0.0,1.0,4.22,44.7
MUS,MU,Mauritius,Sub-Saharan Africa,Upper middle income,2010,Navinchandra Ramgoolam,6.0,3.6666666666666665,0.0,1.0,4.32,44.4
MUS,MU,Mauritius,Sub-Saharan Africa,Upper middle income,2011,Navinchandra Ramgoolam,7.0,4.0,0.0,0.0,4.31,44.2
MUS,MU,Mauritius,Sub-Saharan Africa,Upper middle income,2012,Navinchandra Ramgoolam,8.0,4.333333333333333,0.0,0.0,4.35,44.7
MUS,MU,Mauritius,Sub-Saharan Africa,Upper middle income,2013,Navinchandra Ramgoolam,9.0,4.666666666666667,0.0,0.0,4.45,44.5
MUS,MU,Mauritius,Sub-Saharan Africa,Upper middle income,2014,Anerood Jugnauth,1.0,3.75,1.0,0.0,4.52,46.1
MUS,MU,Mauritius,Sub-Saharan Africa,Upper middle income,2015,Anerood Jugnauth,2.0,4.0,0.0,1.0,4.43,45.2
MUS,MU,Mauritius,Sub-Saharan Africa,Upper middle income,2016,Anerood Jugnauth,3.0,4.25,0.0,1.0,4.49,43.2
MUS,MU,Mauritius,Sub-Saharan Africa,Upper middle income,2017,Pravind Kumar Jugnauth,1.0,3.6,1.0,1.0,4.52,41.7
MUS,MU,Mauritius,Sub-Saharan Africa,Upper middle income,2018,Pravind Kumar Jugnauth,2.0,3.8,0.0,2.0,,40.49020053885572
MUS,MU,Mauritius,Sub-Saharan Africa,Upper middle income,2019,Pravind Kumar Jugnauth,3.0,4.0,0.0,2.0,,38.9
MUS,MU,Mauritius,Sub-Saharan Africa,Upper middle income,2020,Pravind Kumar Jugnauth,4.0,4.2,0.0,1.0,,37.18472003299283
MUS,MU,Mauritius,Sub-Saharan Africa,Upper middle income,2021,Pravind Kumar Jugnauth,5.0,4.4,0.0,1.0,,38.10000000000001
MUS,MU,Mauritius,Sub-Saharan Africa,Upper middle income,2022,Pravind Kumar Jugnauth,6.0,4.6,0.0,1.0,,37.900000000000006
MUS,MU,Mauritius,Sub-Saharan Africa,Upper middle income,2023,Pravind Kumar Jugnauth,7.0,4.8,0.0,0.0,,38.0
MUS,MU,Mauritius,Sub-Saharan Africa,Upper middle income,2024,Navinchandra Ramgoolam,1.0,4.166666666666667,1.0,0.0,,
MWI,MW,Malawi,Sub-Saharan Africa,Low income,2000,,,,0.0,0.0,,
MWI,MW,Malawi,Sub-Saharan Africa,Low income,2001,,,,0.0,0.0,,
MWI,MW,Malawi,Sub-Saharan Africa,Low income,2002,,,,0.0,0.0,,
MWI,MW,Malawi,Sub-Saharan Africa,Low income,2003,,,,0.0,0.0,,
MWI,MW,Malawi,Sub-Saharan Africa,Low income,2004,,,,0.0,0.0,,
MWI,MW,Malawi,Sub-Saharan Africa,Low income,2005,,,,0.0,0.0,,
MWI,MW,Malawi,Sub-Saharan Africa,Low income,2006,,,,0.0,0.0,,89.8
MWI,MW,Malawi,Sub-Saharan Africa,Low income,2007,,,,0.0,0.0,,92.2
MWI,MW,Malawi,Sub-Saharan Africa,Low income,2008,,,,0.0,0.0,3.42,92.9
MWI,MW,Malawi,Sub-Saharan Africa,Low income,2009,,,,0.0,0.0,3.42,93.8
MWI,MW,Malawi,Sub-Saharan Africa,Low income,2010,,,,0.0,0.0,3.45,93.6
MWI,MW,Malawi,Sub-Saharan Africa,Low income,2011,,,,0.0,0.0,3.58,91.2
MWI,MW,Malawi,Sub-Saharan Africa,Low income,2012,,,,0.0,0.0,3.38,88.8
MWI,MW,Malawi,Sub-Saharan Africa,Low income,2013,,,,0.0,0.0,3.32,89.2
MWI,MW,Malawi,Sub-Saharan Africa,Low income,2014,,,,0.0,0.0,3.25,89.1
MWI,MW,Malawi,Sub-Saharan Africa,Low income,2015,,,,0.0,0.0,3.15,86.9
MWI,MW,Malawi,Sub-Saharan Africa,Low income,2016,,,,0.0,0.0,3.08,87.6
MWI,MW,Malawi,Sub-Saharan Africa,Low income,2017,,,,0.0,0.0,3.11,88.0
MWI,MW,Malawi,Sub-Saharan Africa,Low income,2018,,,,0.0,0.0,,85.48762156104438
MWI,MW,Malawi,Sub-Saharan Africa,Low income,2019,,,,0.0,0.0,,83.3
MWI,MW,Malawi,Sub-Saharan Africa,Low income,2020,,,,0.0,0.0,,84.01636088313059
MWI,MW,Malawi,Sub-Saharan Africa,Low income,2021,,,,0.0,0.0,,83.2
MWI,MW,Malawi,Sub-Saharan Africa,Low income,2022,,,,0.0,0.0,,82.99999999999999
MWI,MW,Malawi,Sub-Saharan Africa,Low income,2023,,,,0.0,0.0,,83.2
MWI,MW,Malawi,Sub-Saharan Africa,Low income,2024,,,,0.0,0.0,,
MYS,MY,Malaysia,East Asia & Pacific,Upper middle income,2000,Dato'Seri Mahathir bin Mohamad,1.0,1.0,0.0,0.0,,
MYS,MY,Malaysia,East Asia & Pacific,Upper middle income,2001,Dato'Seri Mahathir bin Mohamad,2.0,2.0,0.0,0.0,,
MYS,MY,Malaysia,East Asia & Pacific,Upper middle income,2002,Dato'Seri Mahathir bin Mohamad,3.0,3.0,0.0,0.0,,
MYS,MY,Malaysia,East Asia & Pacific,Upper middle income,2003,Datuk Seri Abdullah Ahmad Badawi,1.0,2.0,1.0,0.0,,
MYS,MY,Malaysia,East Asia & Pacific,Upper middle income,2004,Datuk Seri Abdullah Ahmad Badawi,2.0,2.5,0.0,1.0,,
MYS,MY,Malaysia,East Asia & Pacific,Upper middle income,2005,Datuk Seri Abdullah Ahmad Badawi,3.0,3.0,0.0,1.0,,
MYS,MY,Malaysia,East Asia & Pacific,Upper middle income,2006,Datuk Seri Abdullah Ahmad Badawi,4.0,3.5,0.0,1.0,,66.1
MYS,MY,Malaysia,East Asia & Pacific,Upper middle income,2007,Datuk Seri Abdullah Ahmad Badawi,5.0,4.0,0.0,1.0,5.1,65.9
MYS,MY,Malaysia,East Asia & Pacific,Upper middle income,2008,Datuk Seri Abdullah Ahmad Badawi,6.0,4.5,0.0,1.0,5.04,67.2
MYS,MY,Malaysia,East Asia & Pacific,Upper middle income,2009,Datuk Seri Najib Tun Razak,1.0,3.3333333333333335,1.0,0.0,4.87,68.9
MYS,MY,Malaysia,East Asia & Pacific,Upper middle income,2010,Datuk Seri Najib Tun Razak,2.0,3.6666666666666665,0.0,1.0,4.88,69.2
MYS,MY,Malaysia,East Asia & Pacific,Upper middle income,2011,Datuk Seri Najib Tun Razak,3.0,4.0,0.0,1.0,5.08,68.7
MYS,MY,Malaysia,East Asia & Pacific,Upper middle income,2012,Datuk Seri Najib Tun Razak,4.0,4.333333333333333,0.0,1.0,5.06,68.5
MYS,MY,Malaysia,East Asia & Pacific,Upper middle income,2013,Datuk Seri Najib Tun Razak,5.0,4.666666666666667,0.0,1.0,5.03,66.1
MYS,MY,Malaysia,East Asia & Pacific,Upper middle income,2014,Datuk Seri Najib Tun Razak,6.0,5.0,0.0,1.0,5.16,66.2
MYS,MY,Malaysia,East Asia & Pacific,Upper middle income,2015,Datuk Seri Najib Tun Razak,7.0,5.333333333333333,0.0,0.0,5.23,65.9
MYS,MY,Malaysia,East Asia & Pacific,Upper middle income,2016,Datuk Seri Najib Tun Razak,8.0,5.666666666666667,0.0,0.0,5.16,66.1
MYS,MY,Malaysia,East Asia & Pacific,Upper middle income,2017,Datuk Seri Najib Tun Razak,9.0,6.0,0.0,0.0,5.17,65.4
MYS,MY,Malaysia,East Asia & Pacific,Upper middle income,2018,Mahathir Mohamad,1.0,4.75,1.0,0.0,,63.59483707832034
MYS,MY,Malaysia,East Asia & Pacific,Upper middle income,2019,Mahathir Mohamad,2.0,5.0,0.0,1.0,,60.5
MYS,MY,Malaysia,East Asia & Pacific,Upper middle income,2020,Muhyiddin Yassin,1.0,4.2,1.0,1.0,,57.561895525091394
MYS,MY,Malaysia,East Asia & Pacific,Upper middle income,2021,Ismail Sabri bin Yaakob,1.0,3.6666666666666665,1.0,2.0,,56.89999999999999
MYS,MY,Malaysia,East Asia & Pacific,Upper middle income,2022,Anwar bin Ibrahim,1.0,3.2857142857142856,1.0,3.0,,56.4
MYS,MY,Malaysia,East Asia & Pacific,Upper middle income,2023,Anwar bin Ibrahim,2.0,3.4285714285714284,0.0,4.0,,55.0
MYS,MY,Malaysia,East Asia & Pacific,Upper middle income,2024,Anwar bin Ibrahim,3.0,3.5714285714285716,0.0,3.0,,
NAM,NA,Namibia,Sub-Saharan Africa,Lower middle income,2000,,,,0.0,0.0,,
NAM,NA,Namibia,Sub-Saharan Africa,Lower middle income,2001,,,,0.0,0.0,,
NAM,NA,Namibia,Sub-Saharan Africa,Lower middle income,2002,,,,0.0,0.0,,
NAM,NA,Namibia,Sub-Saharan Africa,Lower middle income,2003,,,,0.0,0.0,,
NAM,NA,Namibia,Sub-Saharan Africa,Lower middle income,2004,,,,0.0,0.0,,
NAM,NA,Namibia,Sub-Saharan Africa,Lower middle income,2005,,,,0.0,0.0,,
NAM,NA,Namibia,Sub-Saharan Africa,Lower middle income,2006,,,,0.0,0.0,,70.7
NAM,NA,Namibia,Sub-Saharan Africa,Lower middle income,2007,,,,0.0,0.0,3.85,71.3
NAM,NA,Namibia,Sub-Saharan Africa,Lower middle income,2008,,,,0.0,0.0,3.99,72.9
NAM,NA,Namibia,Sub-Saharan Africa,Lower middle income,2009,,,,0.0,0.0,4.03,75.6
NAM,NA,Namibia,Sub-Saharan Africa,Lower middle income,2010,,,,0.0,0.0,4.09,74.5
NAM,NA,Namibia,Sub-Saharan Africa,Lower middle income,2011,,,,0.0,0.0,4.0,71.7
NAM,NA,Namibia,Sub-Saharan Africa,Lower middle income,2012,,,,0.0,0.0,3.88,71.0
NAM,NA,Namibia,Sub-Saharan Africa,Lower middle income,2013,,,,0.0,0.0,3.93,70.4
NAM,NA,Namibia,Sub-Saharan Africa,Lower middle income,2014,,,,0.0,0.0,3.96,71.5
NAM,NA,Namibia,Sub-Saharan Africa,Lower middle income,2015,,,,0.0,0.0,3.99,70.8
NAM,NA,Namibia,Sub-Saharan Africa,Lower middle income,2016,,,,0.0,0.0,4.02,71.1
NAM,NA,Namibia,Sub-Saharan Africa,Lower middle income,2017,,,,0.0,0.0,3.99,70.4
NAM,NA,Namibia,Sub-Saharan Africa,Lower middle income,2018,,,,0.0,0.0,,68.81558956891207
NAM,NA,Namibia,Sub-Saharan Africa,Lower middle income,2019,,,,0.0,0.0,,66.4
NAM,NA,Namibia,Sub-Saharan Africa,Lower middle income,2020,,,,0.0,0.0,,65.09591525499161
NAM,NA,Namibia,Sub-Saharan Africa,Lower middle income,2021,,,,0.0,0.0,,64.30000000000001
NAM,NA,Namibia,Sub-Saharan Africa,Lower middle income,2022,,,,0.0,0.0,,62.9
NAM,NA,Namibia,Sub-Saharan Africa,Lower middle income,2023,,,,0.0,0.0,,60.300000000000004
NAM,NA,Namibia,Sub-Saharan Africa,Lower middle income,2024,,,,0.0,0.0,,
NCL,NC,New Caledonia,East Asia & Pacific,High income,2000,,,,,,,
NCL,NC,New Caledonia,East Asia & Pacific,High income,2001,,,,,,,
NCL,NC,New Caledonia,East Asia & Pacific,High income,2002,,,,,,,
NCL,NC,New Caledonia,East Asia & Pacific,High income,2003,,,,,,,
NCL,NC,New Caledonia,East Asia & Pacific,High income,2004,,,,,,,
NCL,NC,New Caledonia,East Asia & Pacific,High income,2005,,,,,,,
NCL,NC,New Caledonia,East Asia & Pacific,High income,2006,,,,,,,
NCL,NC,New Caledonia,East Asia & Pacific,High income,2007,,,,,,,
NCL,NC,New Caledonia,East Asia & Pacific,High income,2008,,,,,,,
NCL,NC,New Caledonia,East Asia & Pacific,High income,2009,,,,,,,
NCL,NC,New Caledonia,East Asia & Pacific,High income,2010,,,,,,,
NCL,NC,New Caledonia,East Asia & Pacific,High income,2011,,,,,,,
NCL,NC,New Caledonia,East Asia & Pacific,High income,2012,,,,,,,
NCL,NC,New Caledonia,East Asia & Pacific,High income,2013,,,,,,,
NCL,NC,New Caledonia,East Asia & Pacific,High income,2014,,,,,,,
NCL,NC,New Caledonia,East Asia & Pacific,High income,2015,,,,,,,
NCL,NC,New Caledonia,East Asia & Pacific,High income,2016,,,,,,,
NCL,NC,New Caledonia,East Asia & Pacific,High income,2017,,,,,,,
NCL,NC,New Caledonia,East Asia & Pacific,High income,2018,,,,,,,
NCL,NC,New Caledonia,East Asia & Pacific,High income,2019,,,,,,,
NCL,NC,New Caledonia,East Asia & Pacific,High income,2020,,,,,,,
NCL,NC,New Caledonia,East Asia & Pacific,High income,2021,,,,,,,
NCL,NC,New Caledonia,East Asia & Pacific,High income,2022,,,,,,,
NCL,NC,New Caledonia,East Asia & Pacific,High income,2023,,,,,,,
NCL,NC,New Caledonia,East Asia & Pacific,High income,2024,,,,,,,
NER,NE,Niger,Sub-Saharan Africa,Low income,2000,Hama Amadou,1.0,1.0,0.0,0.0,,
NER,NE,Niger,Sub-Saharan Africa,Low income,2001,Hama Amadou,2.0,2.0,0.0,0.0,,
NER,NE,Niger,Sub-Saharan Africa,Low income,2002,Hama Amadou,3.0,3.0,0.0,0.0,,
NER,NE,Niger,Sub-Saharan Africa,Low income,2003,Hama Amadou,4.0,4.0,0.0,0.0,,
NER,NE,Niger,Sub-Saharan Africa,Low income,2004,Hama Amadou,5.0,5.0,0.0,0.0,,
NER,NE,Niger,Sub-Saharan Africa,Low income,2005,Hama Amadou,6.0,6.0,0.0,0.0,,
NER,NE,Niger,Sub-Saharan Africa,Low income,2006,Hama Amadou,7.0,7.0,0.0,0.0,,87.0
NER,NE,Niger,Sub-Saharan Africa,Low income,2007,Seyni Oumarou,1.0,4.0,1.0,0.0,,91.2
NER,NE,Niger,Sub-Saharan Africa,Low income,2008,Seyni Oumarou,2.0,4.5,0.0,1.0,,94.5
NER,NE,Niger,Sub-Saharan Africa,Low income,2009,Ali Badjo Gamatié,1.0,3.3333333333333335,1.0,1.0,,96.5
NER,NE,Niger,Sub-Saharan Africa,Low income,2010,Mahamadou Danda,1.0,2.75,1.0,2.0,,97.8
NER,NE,Niger,Sub-Saharan Africa,Low income,2011,Brigi Rafini,1.0,2.4,1.0,3.0,,99.1
NER,NE,Niger,Sub-Saharan Africa,Low income,2012,Brigi Rafini,2.0,2.6,0.0,4.0,,96.9
NER,NE,Niger,Sub-Saharan Africa,Low income,2013,Brigi Rafini,3.0,2.8,0.0,3.0,,99.0
NER,NE,Niger,Sub-Saharan Africa,Low income,2014,Brigi Rafini,4.0,3.0,0.0,3.0,,97.9
NER,NE,Niger,Sub-Saharan Africa,Low income,2015,Brigi Rafini,5.0,3.2,0.0,2.0,,97.8
NER,NE,Niger,Sub-Saharan Africa,Low income,2016,Brigi Rafini,6.0,3.4,0.0,1.0,,98.4
NER,NE,Niger,Sub-Saharan Africa,Low income,2017,Brigi Rafini,7.0,3.6,0.0,0.0,,97.4
NER,NE,Niger,Sub-Saharan Africa,Low income,2018,Brigi Rafini,8.0,3.8,0.0,0.0,,96.1529034434838
NER,NE,Niger,Sub-Saharan Africa,Low income,2019,Brigi Rafini,9.0,4.0,0.0,0.0,,96.2
NER,NE,Niger,Sub-Saharan Africa,Low income,2020,Brigi Rafini,10.0,4.2,0.0,0.0,,95.31488303494451
NER,NE,Niger,Sub-Saharan Africa,Low income,2021,Ouhoumoudou Mahamadou,1.0,3.6666666666666665,1.0,0.0,,95.99999999999999
NER,NE,Niger,Sub-Saharan Africa,Low income,2022,Ouhoumoudou Mahamadou,2.0,3.8333333333333335,0.0,1.0,,95.19999999999999
NER,NE,Niger,Sub-Saharan Africa,Low income,2023,Ali Mahamane Lamine Zène,1.0,3.4285714285714284,1.0,1.0,,93.39999999999999
NER,NE,Niger,Sub-Saharan Africa,Low income,2024,Ali Mahamane Lamine Zène,2.0,3.5714285714285716,0.0,2.0,,
NGA,NG,Nigeria,Sub-Saharan Africa,Lower middle income,2000,,,,0.0,0.0,,
NGA,NG,Nigeria,Sub-Saharan Africa,Lower middle income,2001,,,,0.0,0.0,,
NGA,NG,Nigeria,Sub-Saharan Africa,Lower middle income,2002,,,,0.0,0.0,,
NGA,NG,Nigeria,Sub-Saharan Africa,Lower middle income,2003,,,,0.0,0.0,,
NGA,NG,Nigeria,Sub-Saharan Africa,Lower middle income,2004,,,,0.0,0.0,,
NGA,NG,Nigeria,Sub-Saharan Africa,Lower middle income,2005,,,,0.0,0.0,,
NGA,NG,Nigeria,Sub-Saharan Africa,Lower middle income,2006,,,,0.0,0.0,,94.4
NGA,NG,Nigeria,Sub-Saharan Africa,Lower middle income,2007,,,,0.0,0.0,3.69,95.6
NGA,NG,Nigeria,Sub-Saharan Africa,Lower middle income,2008,,,,0.0,0.0,3.81,95.7
NGA,NG,Nigeria,Sub-Saharan Africa,Lower middle income,2009,,,,0.0,0.0,3.65,99.8
NGA,NG,Nigeria,Sub-Saharan Africa,Lower middle income,2010,,,,0.0,0.0,3.38,100.2
NGA,NG,Nigeria,Sub-Saharan Africa,Lower middle income,2011,,,,0.0,0.0,3.45,99.9
NGA,NG,Nigeria,Sub-Saharan Africa,Lower middle income,2012,,,,0.0,0.0,3.67,101.1
NGA,NG,Nigeria,Sub-Saharan Africa,Lower middle income,2013,,,,0.0,0.0,3.57,100.7
NGA,NG,Nigeria,Sub-Saharan Africa,Lower middle income,2014,,,,0.0,0.0,3.44,99.7
NGA,NG,Nigeria,Sub-Saharan Africa,Lower middle income,2015,,,,0.0,0.0,3.46,102.5
NGA,NG,Nigeria,Sub-Saharan Africa,Lower middle income,2016,,,,0.0,0.0,3.39,103.5
NGA,NG,Nigeria,Sub-Saharan Africa,Lower middle income,2017,,,,0.0,0.0,3.3,101.6
NGA,NG,Nigeria,Sub-Saharan Africa,Lower middle income,2018,,,,0.0,0.0,,99.90823160615737
NGA,NG,Nigeria,Sub-Saharan Africa,Lower middle income,2019,,,,0.0,0.0,,98.5
NGA,NG,Nigeria,Sub-Saharan Africa,Lower middle income,2020,,,,0.0,0.0,,97.2675111298435
NGA,NG,Nigeria,Sub-Saharan Africa,Lower middle income,2021,,,,0.0,0.0,,98.0
NGA,NG,Nigeria,Sub-Saharan Africa,Lower middle income,2022,,,,0.0,0.0,,97.20000000000002
NGA,NG,Nigeria,Sub-Saharan Africa,Lower middle income,2023,,,,0.0,0.0,,97.99999999999999
NGA,NG,Nigeria,Sub-Saharan Africa,Lower middle income,2024,,,,0.0,0.0,,
NIC,NI,Nicaragua,Latin America & Caribbean,Lower middle income,2000,,,,0.0,0.0,,
NIC,NI,Nicaragua,Latin America & Caribbean,Lower middle income,2001,,,,0.0,0.0,,
NIC,NI,Nicaragua,Latin America & Caribbean,Lower middle income,2002,,,,0.0,0.0,,
NIC,NI,Nicaragua,Latin America & Caribbean,Lower middle income,2003,,,,0.0,0.0,,
NIC,NI,Nicaragua,Latin America & Caribbean,Lower middle income,2004,,,,0.0,0.0,,
NIC,NI,Nicaragua,Latin America & Caribbean,Lower middle income,2005,,,,0.0,0.0,,
NIC,NI,Nicaragua,Latin America & Caribbean,Lower middle income,2006,,,,0.0,0.0,,82.4
NIC,NI,Nicaragua,Latin America & Caribbean,Lower middle income,2007,,,,0.0,0.0,3.45,80.0
NIC,NI,Nicaragua,Latin America & Caribbean,Lower middle income,2008,,,,0.0,0.0,3.41,81.7
NIC,NI,Nicaragua,Latin America & Caribbean,Lower middle income,2009,,,,0.0,0.0,3.44,82.6
NIC,NI,Nicaragua,Latin America & Caribbean,Lower middle income,2010,,,,0.0,0.0,3.57,82.5
NIC,NI,Nicaragua,Latin America & Caribbean,Lower middle income,2011,,,,0.0,0.0,3.61,81.2
NIC,NI,Nicaragua,Latin America & Caribbean,Lower middle income,2012,,,,0.0,0.0,3.73,79.6
NIC,NI,Nicaragua,Latin America & Caribbean,Lower middle income,2013,,,,0.0,0.0,3.84,79.2
NIC,NI,Nicaragua,Latin America & Caribbean,Lower middle income,2014,,,,0.0,0.0,3.82,78.4
NIC,NI,Nicaragua,Latin America & Caribbean,Lower middle income,2015,,,,0.0,0.0,3.75,79.0
NIC,NI,Nicaragua,Latin America & Caribbean,Lower middle income,2016,,,,0.0,0.0,3.81,79.0
NIC,NI,Nicaragua,Latin America & Caribbean,Lower middle income,2017,,,,0.0,0.0,3.95,77.4
NIC,NI,Nicaragua,Latin America & Caribbean,Lower middle income,2018,,,,0.0,0.0,,75.32932129736191
NIC,NI,Nicaragua,Latin America & Caribbean,Lower middle income,2019,,,,0.0,0.0,,78.1
NIC,NI,Nicaragua,Latin America & Caribbean,Lower middle income,2020,,,,0.0,0.0,,77.07751153310853
NIC,NI,Nicaragua,Latin America & Caribbean,Lower middle income,2021,,,,0.0,0.0,,77.1
NIC,NI,Nicaragua,Latin America & Caribbean,Lower middle income,2022,,,,0.0,0.0,,77.69999999999999
NIC,NI,Nicaragua,Latin America & Caribbean,Lower middle income,2023,,,,0.0,0.0,,77.7
NIC,NI,Nicaragua,Latin America & Caribbean,Lower middle income,2024,,,,0.0,0.0,,
NLD,NL,Netherlands,Europe & Central Asia,High income,2000,Willem Kok,1.0,1.0,0.0,0.0,,
NLD,NL,Netherlands,Europe & Central Asia,High income,2001,Willem Kok,2.0,2.0,0.0,0.0,,
NLD,NL,Netherlands,Europe & Central Asia,High income,2002,Jan Peter Balkenende,1.0,1.5,1.0,0.0,,
NLD,NL,Netherlands,Europe & Central Asia,High income,2003,Jan Peter Balkenende,2.0,2.0,0.0,1.0,,
NLD,NL,Netherlands,Europe & Central Asia,High income,2004,Jan Peter Balkenende,3.0,2.5,0.0,1.0,,
NLD,NL,Netherlands,Europe & Central Asia,High income,2005,Jan Peter Balkenende,4.0,3.0,0.0,1.0,,
NLD,NL,Netherlands,Europe & Central Asia,High income,2006,Jan Peter Balkenende,5.0,3.5,0.0,1.0,,28.1
NLD,NL,Netherlands,Europe & Central Asia,High income,2007,Jan Peter Balkenende,6.0,4.0,0.0,1.0,5.4,28.6
NLD,NL,Netherlands,Europe & Central Asia,High income,2008,Jan Peter Balkenende,7.0,4.5,0.0,0.0,5.41,27.3
NLD,NL,Netherlands,Europe & Central Asia,High income,2009,Jan Peter Balkenende,8.0,5.0,0.0,0.0,5.32,27.0
NLD,NL,Netherlands,Europe & Central Asia,High income,2010,Mark Rutte,1.0,3.6666666666666665,1.0,0.0,5.33,27.9
NLD,NL,Netherlands,Europe & Central Asia,High income,2011,Mark Rutte,2.0,4.0,0.0,1.0,5.41,28.3
NLD,NL,Netherlands,Europe & Central Asia,High income,2012,Mark Rutte,3.0,4.333333333333333,0.0,1.0,5.5,28.1
NLD,NL,Netherlands,Europe & Central Asia,High income,2013,Mark Rutte,4.0,4.666666666666667,0.0,1.0,5.42,26.9
NLD,NL,Netherlands,Europe & Central Asia,High income,2014,Mark Rutte,5.0,5.0,0.0,1.0,5.45,28.6
NLD,NL,Netherlands,Europe & Central Asia,High income,2015,Mark Rutte,6.0,5.333333333333333,0.0,1.0,5.5,26.9
NLD,NL,Netherlands,Europe & Central Asia,High income,2016,Mark Rutte,7.0,5.666666666666667,0.0,0.0,5.57,28.2
NLD,NL,Netherlands,Europe & Central Asia,High income,2017,Mark Rutte,8.0,6.0,0.0,0.0,5.66,27.4
NLD,NL,Netherlands,Europe & Central Asia,High income,2018,Mark Rutte,9.0,6.333333333333333,0.0,0.0,,26.16998872873363
NLD,NL,Netherlands,Europe & Central Asia,High income,2019,Mark Rutte,10.0,6.666666666666667,0.0,0.0,,24.8
NLD,NL,Netherlands,Europe & Central Asia,High income,2020,Mark Rutte,11.0,7.0,0.0,0.0,,22.859835187501513
NLD,NL,Netherlands,Europe & Central Asia,High income,2021,Mark Rutte,12.0,7.333333333333333,0.0,0.0,,24.1
NLD,NL,Netherlands,Europe & Central Asia,High income,2022,Mark Rutte,13.0,7.666666666666667,0.0,0.0,,22.1
NLD,NL,Netherlands,Europe & Central Asia,High income,2023,Mark Rutte,14.0,8.0,0.0,0.0,,20.999999999999996
NLD,NL,Netherlands,Europe & Central Asia,High income,2024,Hendrikus Wilhelmus Maria Schoof,1.0,6.25,1.0,0.0,,
NOR,NO,Norway,Europe & Central Asia,High income,2000,Jens Stoltenberg,1.0,1.0,0.0,0.0,,
NOR,NO,Norway,Europe & Central Asia,High income,2001,Kjell Magne Bondevik,1.0,1.0,1.0,0.0,,
NOR,NO,Norway,Europe & Central Asia,High income,2002,Kjell Magne Bondevik,2.0,1.5,0.0,1.0,,
NOR,NO,Norway,Europe & Central Asia,High income,2003,Kjell Magne Bondevik,3.0,2.0,0.0,1.0,,
NOR,NO,Norway,Europe & Central Asia,High income,2004,Kjell Magne Bondevik,4.0,2.5,0.0,1.0,,
NOR,NO,Norway,Europe & Central Asia,High income,2005,Jens Stoltenberg,1.0,2.0,1.0,1.0,,
NOR,NO,Norway,Europe & Central Asia,High income,2006,Jens Stoltenberg,2.0,2.3333333333333335,0.0,2.0,,16.8
NOR,NO,Norway,Europe & Central Asia,High income,2007,Jens Stoltenberg,3.0,2.6666666666666665,0.0,1.0,5.2,17.1
NOR,NO,Norway,Europe & Central Asia,High income,2008,Jens Stoltenberg,4.0,3.0,0.0,1.0,5.22,16.8
NOR,NO,Norway,Europe & Central Asia,High income,2009,Jens Stoltenberg,5.0,3.3333333333333335,0.0,1.0,5.17,18.3
NOR,NO,Norway,Europe & Central Asia,High income,2010,Jens Stoltenberg,6.0,3.6666666666666665,0.0,1.0,5.14,18.7
NOR,NO,Norway,Europe & Central Asia,High income,2011,Jens Stoltenberg,7.0,4.0,0.0,0.0,5.18,20.4
NOR,NO,Norway,Europe & Central Asia,High income,2012,Jens Stoltenberg,8.0,4.333333333333333,0.0,0.0,5.27,23.9
NOR,NO,Norway,Europe & Central Asia,High income,2013,Erna Solberg,1.0,3.5,1.0,0.0,5.33,21.5
NOR,NO,Norway,Europe & Central Asia,High income,2014,Erna Solberg,2.0,3.75,0.0,1.0,5.35,23.0
NOR,NO,Norway,Europe & Central Asia,High income,2015,Erna Solberg,3.0,4.0,0.0,1.0,5.41,20.9
NOR,NO,Norway,Europe & Central Asia,High income,2016,Erna Solberg,4.0,4.25,0.0,1.0,5.44,21.2
NOR,NO,Norway,Europe & Central Asia,High income,2017,Erna Solberg,5.0,4.5,0.0,1.0,5.4,20.5
NOR,NO,Norway,Europe & Central Asia,High income,2018,Erna Solberg,6.0,4.75,0.0,1.0,,18.25872156828166
NOR,NO,Norway,Europe & Central Asia,High income,2019,Erna Solberg,7.0,5.0,0.0,0.0,,18.0
NOR,NO,Norway,Europe & Central Asia,High income,2020,Erna Solberg,8.0,5.25,0.0,0.0,,16.19121048702654
NOR,NO,Norway,Europe & Central Asia,High income,2021,Jonas Gahr Støre,1.0,4.4,1.0,0.0,,16.6
NOR,NO,Norway,Europe & Central Asia,High income,2022,Jonas Gahr Støre,2.0,4.6,0.0,1.0,,15.600000000000001
NOR,NO,Norway,Europe & Central Asia,High income,2023,Jonas Gahr Støre,3.0,4.8,0.0,1.0,,14.5
NOR,NO,Norway,Europe & Central Asia,High income,2024,Jonas Gahr Støre,4.0,5.0,0.0,1.0,,
NPL,NP,Nepal,South Asia,Lower middle income,2000,Girija Prasad Koirala,1.0,1.0,0.0,0.0,,
NPL,NP,Nepal,South Asia,Lower middle income,2001,Sher Bahadur Deuba,1.0,1.0,1.0,0.0,,
NPL,NP,Nepal,South Asia,Lower middle income,2002,Lokendra Bahadur Chand,1.0,1.0,1.0,1.0,,
NPL,NP,Nepal,South Asia,Lower middle income,2003,,,1.0,0.0,2.0,,
NPL,NP,Nepal,South Asia,Lower middle income,2004,,,1.0,0.0,2.0,,
NPL,NP,Nepal,South Asia,Lower middle income,2005,,,1.0,0.0,2.0,,
NPL,NP,Nepal,South Asia,Lower middle income,2006,Girija Prasad Koirala,1.0,1.0,0.0,2.0,,95.4
NPL,NP,Nepal,South Asia,Lower middle income,2007,,,1.0,0.0,1.0,3.38,93.6
NPL,NP,Nepal,South Asia,Lower middle income,2008,Pushpa Kamal Dahal,1.0,1.0,0.0,0.0,3.37,94.2
NPL,NP,Nepal,South Asia,Lower middle income,2009,Madhav Kumar Nepal,1.0,1.0,1.0,0.0,3.34,95.4
NPL,NP,Nepal,South Asia,Lower middle income,2010,Madhav Kumar Nepal,2.0,1.1666666666666667,0.0,1.0,3.34,95.4
NPL,NP,Nepal,South Asia,Lower middle income,2011,Baburam Bhattarai,1.0,1.1428571428571428,1.0,1.0,3.47,93.7
NPL,NP,Nepal,South Asia,Lower middle income,2012,Baburam Bhattarai,2.0,1.2857142857142858,0.0,2.0,3.49,93.0
NPL,NP,Nepal,South Asia,Lower middle income,2013,Khil Raj Regmi,1.0,1.25,1.0,2.0,3.66,91.8
NPL,NP,Nepal,South Asia,Lower middle income,2014,Sushil Koirala,1.0,1.2222222222222223,1.0,3.0,3.81,91.0
NPL,NP,Nepal,South Asia,Lower middle income,2015,Khadga Prasad Sharma Oli,1.0,1.2,1.0,3.0,3.85,90.5
NPL,NP,Nepal,South Asia,Lower middle income,2016,Pushpa Kamal Dahal,1.0,1.1818181818181819,1.0,4.0,3.87,91.2
NPL,NP,Nepal,South Asia,Lower middle income,2017,Sher Bahadur Deuba,1.0,1.1666666666666667,1.0,4.0,4.02,91.0
NPL,NP,Nepal,South Asia,Lower middle income,2018,Khadga Prasad Sharma Oli,1.0,1.1538461538461537,1.0,5.0,,87.87642693759165
NPL,NP,Nepal,South Asia,Lower middle income,2019,Khadga Prasad Sharma Oli,2.0,1.2307692307692308,0.0,5.0,,84.7
NPL,NP,Nepal,South Asia,Lower middle income,2020,Khadga Prasad Sharma Oli,3.0,1.3076923076923077,0.0,4.0,,82.56660214637142
NPL,NP,Nepal,South Asia,Lower middle income,2021,Sher Bahadur Deuba,1.0,1.2857142857142858,1.0,3.0,,82.2
NPL,NP,Nepal,South Asia,Lower middle income,2022,Pushpa Kamal Dahal,1.0,1.2666666666666666,1.0,3.0,,80.6
NPL,NP,Nepal,South Asia,Lower middle income,2023,Pushpa Kamal Dahal,2.0,1.3333333333333333,0.0,3.0,,80.2
NPL,NP,Nepal,South Asia,Lower middle income,2024,Khadga Prasad Sharma Oli,1.0,1.3125,1.0,2.0,,
NRU,NR,Naoero,East Asia & Pacific,High income,2000,,,,,,,
NRU,NR,Naoero,East Asia & Pacific,High income,2001,,,,,,,
NRU,NR,Naoero,East Asia & Pacific,High income,2002,,,,,,,
NRU,NR,Naoero,East Asia & Pacific,High income,2003,,,,,,,
NRU,NR,Naoero,East Asia & Pacific,High income,2004,,,,,,,
NRU,NR,Naoero,East Asia & Pacific,High income,2005,,,,,,,
NRU,NR,Naoero,East Asia & Pacific,High income,2006,,,,,,,
NRU,NR,Naoero,East Asia & Pacific,High income,2007,,,,,,,
NRU,NR,Naoero,East Asia & Pacific,High income,2008,,,,,,,
NRU,NR,Naoero,East Asia & Pacific,High income,2009,,,,,,,
NRU,NR,Naoero,East Asia & Pacific,High income,2010,,,,,,,
NRU,NR,Naoero,East Asia & Pacific,High income,2011,,,,,,,
NRU,NR,Naoero,East Asia & Pacific,High income,2012,,,,,,,
NRU,NR,Naoero,East Asia & Pacific,High income,2013,,,,,,,
NRU,NR,Naoero,East Asia & Pacific,High income,2014,,,,,,,
NRU,NR,Naoero,East Asia & Pacific,High income,2015,,,,,,,
NRU,NR,Naoero,East Asia & Pacific,High income,2016,,,,,,,
NRU,NR,Naoero,East Asia & Pacific,High income,2017,,,,,,,
NRU,NR,Naoero,East Asia & Pacific,High income,2018,,,,,,,
NRU,NR,Naoero,East Asia & Pacific,High income,2019,,,,,,,
NRU,NR,Naoero,East Asia & Pacific,High income,2020,,,,,,,
NRU,NR,Naoero,East Asia & Pacific,High income,2021,,,,,,,
NRU,NR,Naoero,East Asia & Pacific,High income,2022,,,,,,,
NRU,NR,Naoero,East Asia & Pacific,High income,2023,,,,,,,
NRU,NR,Naoero,East Asia & Pacific,High income,2024,,,,,,,
NZL,NZ,New Zealand,East Asia & Pacific,High income,2000,Helen Elizabeth Clark,1.0,1.0,0.0,0.0,,
NZL,NZ,New Zealand,East Asia & Pacific,High income,2001,Helen Elizabeth Clark,2.0,2.0,0.0,0.0,,
NZL,NZ,New Zealand,East Asia & Pacific,High income,2002,Helen Elizabeth Clark,3.0,3.0,0.0,0.0,,
NZL,NZ,New Zealand,East Asia & Pacific,High income,2003,Helen Elizabeth Clark,4.0,4.0,0.0,0.0,,
NZL,NZ,New Zealand,East Asia & Pacific,High income,2004,Helen Elizabeth Clark,5.0,5.0,0.0,0.0,,
NZL,NZ,New Zealand,East Asia & Pacific,High income,2005,Helen Elizabeth Clark,6.0,6.0,0.0,0.0,,
NZL,NZ,New Zealand,East Asia & Pacific,High income,2006,Helen Elizabeth Clark,7.0,7.0,0.0,0.0,,19.4
NZL,NZ,New Zealand,East Asia & Pacific,High income,2007,Helen Elizabeth Clark,8.0,8.0,0.0,0.0,4.98,20.5
NZL,NZ,New Zealand,East Asia & Pacific,High income,2008,John Phillip Key,1.0,4.5,1.0,0.0,4.93,21.4
NZL,NZ,New Zealand,East Asia & Pacific,High income,2009,John Phillip Key,2.0,5.0,0.0,1.0,4.98,23.3
NZL,NZ,New Zealand,East Asia & Pacific,High income,2010,John Phillip Key,3.0,5.5,0.0,1.0,4.92,23.9
NZL,NZ,New Zealand,East Asia & Pacific,High income,2011,John Phillip Key,4.0,6.0,0.0,1.0,4.93,24.8
NZL,NZ,New Zealand,East Asia & Pacific,High income,2012,John Phillip Key,5.0,6.5,0.0,1.0,5.09,25.6
NZL,NZ,New Zealand,East Asia & Pacific,High income,2013,John Phillip Key,6.0,7.0,0.0,1.0,5.11,22.7
NZL,NZ,New Zealand,East Asia & Pacific,High income,2014,John Phillip Key,7.0,7.5,0.0,0.0,5.2,24.1
NZL,NZ,New Zealand,East Asia & Pacific,High income,2015,John Phillip Key,8.0,8.0,0.0,0.0,5.25,22.6
NZL,NZ,New Zealand,East Asia & Pacific,High income,2016,Bill English,1.0,5.666666666666667,1.0,0.0,5.31,21.3
NZL,NZ,New Zealand,East Asia & Pacific,High income,2017,Jacinda Ardern,1.0,4.5,1.0,1.0,5.37,22.6
NZL,NZ,New Zealand,East Asia & Pacific,High income,2018,Jacinda Ardern,2.0,4.75,0.0,2.0,,20.888699780987427
NZL,NZ,New Zealand,East Asia & Pacific,High income,2019,Jacinda Ardern,3.0,5.0,0.0,2.0,,20.1
NZL,NZ,New Zealand,East Asia & Pacific,High income,2020,Jacinda Ardern,4.0,5.25,0.0,2.0,,17.879896291384675
NZL,NZ,New Zealand,East Asia & Pacific,High income,2021,Jacinda Ardern,5.0,5.5,0.0,2.0,,18.400000000000002
NZL,NZ,New Zealand,East Asia & Pacific,High income,2022,Jacinda Ardern,6.0,5.75,0.0,1.0,,17.5
NZL,NZ,New Zealand,East Asia & Pacific,High income,2023,Christopher Mark Luxon,1.0,4.8,1.0,0.0,,16.7
NZL,NZ,New Zealand,East Asia & Pacific,High income,2024,Christopher Mark Luxon,2.0,5.0,0.0,1.0,,
OMN,OM,Oman,"Middle East, North Africa, Afghanistan & Pakistan",High income,2000,,,,0.0,0.0,,
OMN,OM,Oman,"Middle East, North Africa, Afghanistan & Pakistan",High income,2001,,,,0.0,0.0,,
OMN,OM,Oman,"Middle East, North Africa, Afghanistan & Pakistan",High income,2002,,,,0.0,0.0,,
OMN,OM,Oman,"Middle East, North Africa, Afghanistan & Pakistan",High income,2003,,,,0.0,0.0,,
OMN,OM,Oman,"Middle East, North Africa, Afghanistan & Pakistan",High income,2004,,,,0.0,0.0,,
OMN,OM,Oman,"Middle East, North Africa, Afghanistan & Pakistan",High income,2005,,,,0.0,0.0,,
OMN,OM,Oman,"Middle East, North Africa, Afghanistan & Pakistan",High income,2006,,,,0.0,0.0,,43.8
OMN,OM,Oman,"Middle East, North Africa, Afghanistan & Pakistan",High income,2007,,,,0.0,0.0,4.43,45.5
OMN,OM,Oman,"Middle East, North Africa, Afghanistan & Pakistan",High income,2008,,,,0.0,0.0,4.55,47.4
OMN,OM,Oman,"Middle East, North Africa, Afghanistan & Pakistan",High income,2009,,,,0.0,0.0,4.49,47.2
OMN,OM,Oman,"Middle East, North Africa, Afghanistan & Pakistan",High income,2010,,,,0.0,0.0,4.61,48.7
OMN,OM,Oman,"Middle East, North Africa, Afghanistan & Pakistan",High income,2011,,,,0.0,0.0,4.64,49.3
OMN,OM,Oman,"Middle East, North Africa, Afghanistan & Pakistan",High income,2012,,,,0.0,0.0,4.65,51.7
OMN,OM,Oman,"Middle East, North Africa, Afghanistan & Pakistan",High income,2013,,,,0.0,0.0,4.64,52.0
OMN,OM,Oman,"Middle East, North Africa, Afghanistan & Pakistan",High income,2014,,,,0.0,0.0,4.46,53.1
OMN,OM,Oman,"Middle East, North Africa, Afghanistan & Pakistan",High income,2015,,,,0.0,0.0,4.25,52.0
OMN,OM,Oman,"Middle East, North Africa, Afghanistan & Pakistan",High income,2016,,,,0.0,0.0,4.28,51.6
OMN,OM,Oman,"Middle East, North Africa, Afghanistan & Pakistan",High income,2017,,,,0.0,0.0,4.31,52.5
OMN,OM,Oman,"Middle East, North Africa, Afghanistan & Pakistan",High income,2018,,,,0.0,0.0,,52.64980160350626
OMN,OM,Oman,"Middle East, North Africa, Afghanistan & Pakistan",High income,2019,,,,0.0,0.0,,50.0
OMN,OM,Oman,"Middle East, North Africa, Afghanistan & Pakistan",High income,2020,,,,0.0,0.0,,47.99116056937856
OMN,OM,Oman,"Middle East, North Africa, Afghanistan & Pakistan",High income,2021,,,,0.0,0.0,,50.4
OMN,OM,Oman,"Middle East, North Africa, Afghanistan & Pakistan",High income,2022,,,,0.0,0.0,,49.5
OMN,OM,Oman,"Middle East, North Africa, Afghanistan & Pakistan",High income,2023,,,,0.0,0.0,,48.7
OMN,OM,Oman,"Middle East, North Africa, Afghanistan & Pakistan",High income,2024,,,,0.0,0.0,,
PAK,PK,Pakistan,"Middle East, North Africa, Afghanistan & Pakistan",Lower middle income,2000,General Pervez Musharraf,1.0,1.0,0.0,0.0,,
PAK,PK,Pakistan,"Middle East, North Africa, Afghanistan & Pakistan",Lower middle income,2001,,,1.0,0.0,0.0,,
PAK,PK,Pakistan,"Middle East, North Africa, Afghanistan & Pakistan",Lower middle income,2002,Mir Zafarullah Khan Jamali,1.0,1.0,0.0,0.0,,
PAK,PK,Pakistan,"Middle East, North Africa, Afghanistan & Pakistan",Lower middle income,2003,Mir Zafarullah Khan Jamali,2.0,1.5,0.0,0.0,,
PAK,PK,Pakistan,"Middle East, North Africa, Afghanistan & Pakistan",Lower middle income,2004,Shaukat Aziz,1.0,1.3333333333333333,1.0,0.0,,
PAK,PK,Pakistan,"Middle East, North Africa, Afghanistan & Pakistan",Lower middle income,2005,Shaukat Aziz,2.0,1.6666666666666667,0.0,1.0,,
PAK,PK,Pakistan,"Middle East, North Africa, Afghanistan & Pakistan",Lower middle income,2006,Shaukat Aziz,3.0,2.0,0.0,1.0,,103.1
PAK,PK,Pakistan,"Middle East, North Africa, Afghanistan & Pakistan",Lower middle income,2007,Mohammadmian Soomro,1.0,1.75,1.0,1.0,3.77,100.1
PAK,PK,Pakistan,"Middle East, North Africa, Afghanistan & Pakistan",Lower middle income,2008,Yousaf Raza Gillani,1.0,1.6,1.0,2.0,3.65,103.8
PAK,PK,Pakistan,"Middle East, North Africa, Afghanistan & Pakistan",Lower middle income,2009,Yousaf Raza Gillani,2.0,1.8,0.0,3.0,3.58,104.1
PAK,PK,Pakistan,"Middle East, North Africa, Afghanistan & Pakistan",Lower middle income,2010,Yousaf Raza Gillani,3.0,2.0,0.0,2.0,3.48,102.5
PAK,PK,Pakistan,"Middle East, North Africa, Afghanistan & Pakistan",Lower middle income,2011,Yousaf Raza Gillani,4.0,2.2,0.0,2.0,3.58,102.3
PAK,PK,Pakistan,"Middle East, North Africa, Afghanistan & Pakistan",Lower middle income,2012,Raja Pervez Ashraf,1.0,2.0,1.0,2.0,3.52,101.6
PAK,PK,Pakistan,"Middle East, North Africa, Afghanistan & Pakistan",Lower middle income,2013,Mian Muhammad Nawaz Sharif,1.0,1.8571428571428572,1.0,2.0,3.41,102.9
PAK,PK,Pakistan,"Middle East, North Africa, Afghanistan & Pakistan",Lower middle income,2014,Mian Muhammad Nawaz Sharif,2.0,2.0,0.0,2.0,3.42,103.0
PAK,PK,Pakistan,"Middle East, North Africa, Afghanistan & Pakistan",Lower middle income,2015,Mian Muhammad Nawaz Sharif,3.0,2.142857142857143,0.0,2.0,3.45,103.0
PAK,PK,Pakistan,"Middle East, North Africa, Afghanistan & Pakistan",Lower middle income,2016,Mian Muhammad Nawaz Sharif,4.0,2.2857142857142856,0.0,2.0,3.49,101.7
PAK,PK,Pakistan,"Middle East, North Africa, Afghanistan & Pakistan",Lower middle income,2017,Shahid Khaqan Abbasi,1.0,2.125,1.0,2.0,3.67,98.9
PAK,PK,Pakistan,"Middle East, North Africa, Afghanistan & Pakistan",Lower middle income,2018,Imran Khan,1.0,2.0,1.0,2.0,,96.33806005544712
PAK,PK,Pakistan,"Middle East, North Africa, Afghanistan & Pakistan",Lower middle income,2019,Imran Khan,2.0,2.111111111111111,0.0,2.0,,94.2
PAK,PK,Pakistan,"Middle East, North Africa, Afghanistan & Pakistan",Lower middle income,2020,Imran Khan,3.0,2.2222222222222223,0.0,2.0,,92.07809303255931
PAK,PK,Pakistan,"Middle East, North Africa, Afghanistan & Pakistan",Lower middle income,2021,Imran Khan,4.0,2.3333333333333335,0.0,2.0,,90.5
PAK,PK,Pakistan,"Middle East, North Africa, Afghanistan & Pakistan",Lower middle income,2022,Mian Muhammad Shahbaz Sharif,1.0,2.2,1.0,2.0,,89.70000000000002
PAK,PK,Pakistan,"Middle East, North Africa, Afghanistan & Pakistan",Lower middle income,2023,Anwaar-ul-Haq Kakar,1.0,2.090909090909091,1.0,2.0,,89.89999999999999
PAK,PK,Pakistan,"Middle East, North Africa, Afghanistan & Pakistan",Lower middle income,2024,Mian Mohammad Shehbaz Sharif,1.0,2.0,1.0,2.0,,
PAN,PA,Panama,Latin America & Caribbean,High income,2000,,,,0.0,0.0,,
PAN,PA,Panama,Latin America & Caribbean,High income,2001,,,,0.0,0.0,,
PAN,PA,Panama,Latin America & Caribbean,High income,2002,,,,0.0,0.0,,
PAN,PA,Panama,Latin America & Caribbean,High income,2003,,,,0.0,0.0,,
PAN,PA,Panama,Latin America & Caribbean,High income,2004,,,,0.0,0.0,,
PAN,PA,Panama,Latin America & Caribbean,High income,2005,,,,0.0,0.0,,
PAN,PA,Panama,Latin America & Caribbean,High income,2006,,,,0.0,0.0,,59.6
PAN,PA,Panama,Latin America & Caribbean,High income,2007,,,,0.0,0.0,4.18,59.4
PAN,PA,Panama,Latin America & Caribbean,High income,2008,,,,0.0,0.0,4.24,58.6
PAN,PA,Panama,Latin America & Caribbean,High income,2009,,,,0.0,0.0,4.21,59.7
PAN,PA,Panama,Latin America & Caribbean,High income,2010,,,,0.0,0.0,4.33,59.3
PAN,PA,Panama,Latin America & Caribbean,High income,2011,,,,0.0,0.0,4.35,57.8
PAN,PA,Panama,Latin America & Caribbean,High income,2012,,,,0.0,0.0,4.49,56.1
PAN,PA,Panama,Latin America & Caribbean,High income,2013,,,,0.0,0.0,4.5,55.8
PAN,PA,Panama,Latin America & Caribbean,High income,2014,,,,0.0,0.0,4.43,55.7
PAN,PA,Panama,Latin America & Caribbean,High income,2015,,,,0.0,0.0,4.38,54.6
PAN,PA,Panama,Latin America & Caribbean,High income,2016,,,,0.0,0.0,4.51,53.2
PAN,PA,Panama,Latin America & Caribbean,High income,2017,,,,0.0,0.0,4.44,50.7
PAN,PA,Panama,Latin America & Caribbean,High income,2018,,,,0.0,0.0,,49.48072267554133
PAN,PA,Panama,Latin America & Caribbean,High income,2019,,,,0.0,0.0,,47.0
PAN,PA,Panama,Latin America & Caribbean,High income,2020,,,,0.0,0.0,,45.98191488845223
PAN,PA,Panama,Latin America & Caribbean,High income,2021,,,,0.0,0.0,,48.699999999999996
PAN,PA,Panama,Latin America & Caribbean,High income,2022,,,,0.0,0.0,,47.5
PAN,PA,Panama,Latin America & Caribbean,High income,2023,,,,0.0,0.0,,48.7
PAN,PA,Panama,Latin America & Caribbean,High income,2024,,,,0.0,0.0,,
PER,PE,Peru,Latin America & Caribbean,Upper middle income,2000,,,,0.0,0.0,,
PER,PE,Peru,Latin America & Caribbean,Upper middle income,2001,,,,0.0,0.0,,
PER,PE,Peru,Latin America & Caribbean,Upper middle income,2002,,,,0.0,0.0,,
PER,PE,Peru,Latin America & Caribbean,Upper middle income,2003,,,,0.0,0.0,,
PER,PE,Peru,Latin America & Caribbean,Upper middle income,2004,,,,0.0,0.0,,
PER,PE,Peru,Latin America & Caribbean,Upper middle income,2005,,,,0.0,0.0,,
PER,PE,Peru,Latin America & Caribbean,Upper middle income,2006,,,,0.0,0.0,,79.2
PER,PE,Peru,Latin America & Caribbean,Upper middle income,2007,,,,0.0,0.0,3.87,76.4
PER,PE,Peru,Latin America & Caribbean,Upper middle income,2008,,,,0.0,0.0,3.95,77.5
PER,PE,Peru,Latin America & Caribbean,Upper middle income,2009,,,,0.0,0.0,4.01,77.1
PER,PE,Peru,Latin America & Caribbean,Upper middle income,2010,,,,0.0,0.0,4.11,76.9
PER,PE,Peru,Latin America & Caribbean,Upper middle income,2011,,,,0.0,0.0,4.21,73.6
PER,PE,Peru,Latin America & Caribbean,Upper middle income,2012,,,,0.0,0.0,4.28,73.5
PER,PE,Peru,Latin America & Caribbean,Upper middle income,2013,,,,0.0,0.0,4.25,72.3
PER,PE,Peru,Latin America & Caribbean,Upper middle income,2014,,,,0.0,0.0,4.24,72.9
PER,PE,Peru,Latin America & Caribbean,Upper middle income,2015,,,,0.0,0.0,4.21,72.0
PER,PE,Peru,Latin America & Caribbean,Upper middle income,2016,,,,0.0,0.0,4.23,72.0
PER,PE,Peru,Latin America & Caribbean,Upper middle income,2017,,,,0.0,0.0,4.22,70.3
PER,PE,Peru,Latin America & Caribbean,Upper middle income,2018,,,,0.0,0.0,,70.0729820656276
PER,PE,Peru,Latin America & Caribbean,Upper middle income,2019,,,,0.0,0.0,,68.2
PER,PE,Peru,Latin America & Caribbean,Upper middle income,2020,,,,0.0,0.0,,67.62810848276709
PER,PE,Peru,Latin America & Caribbean,Upper middle income,2021,,,,0.0,0.0,,71.4
PER,PE,Peru,Latin America & Caribbean,Upper middle income,2022,,,,0.0,0.0,,69.8
PER,PE,Peru,Latin America & Caribbean,Upper middle income,2023,,,,0.0,0.0,,73.10000000000001
PER,PE,Peru,Latin America & Caribbean,Upper middle income,2024,,,,0.0,0.0,,
PHL,PH,Philippines,East Asia & Pacific,Upper middle income,2000,,,,0.0,0.0,,
PHL,PH,Philippines,East Asia & Pacific,Upper middle income,2001,,,,0.0,0.0,,
PHL,PH,Philippines,East Asia & Pacific,Upper middle income,2002,,,,0.0,0.0,,
PHL,PH,Philippines,East Asia & Pacific,Upper middle income,2003,,,,0.0,0.0,,
PHL,PH,Philippines,East Asia & Pacific,Upper middle income,2004,,,,0.0,0.0,,
PHL,PH,Philippines,East Asia & Pacific,Upper middle income,2005,,,,0.0,0.0,,
PHL,PH,Philippines,East Asia & Pacific,Upper middle income,2006,,,,0.0,0.0,,79.2
PHL,PH,Philippines,East Asia & Pacific,Upper middle income,2007,,,,0.0,0.0,3.99,83.2
PHL,PH,Philippines,East Asia & Pacific,Upper middle income,2008,,,,0.0,0.0,4.09,83.4
PHL,PH,Philippines,East Asia & Pacific,Upper middle income,2009,,,,0.0,0.0,3.9,85.8
PHL,PH,Philippines,East Asia & Pacific,Upper middle income,2010,,,,0.0,0.0,3.96,87.1
PHL,PH,Philippines,East Asia & Pacific,Upper middle income,2011,,,,0.0,0.0,4.08,85.0
PHL,PH,Philippines,East Asia & Pacific,Upper middle income,2012,,,,0.0,0.0,4.23,83.2
PHL,PH,Philippines,East Asia & Pacific,Upper middle income,2013,,,,0.0,0.0,4.29,82.8
PHL,PH,Philippines,East Asia & Pacific,Upper middle income,2014,,,,0.0,0.0,4.4,85.3
PHL,PH,Philippines,East Asia & Pacific,Upper middle income,2015,,,,0.0,0.0,4.39,86.2
PHL,PH,Philippines,East Asia & Pacific,Upper middle income,2016,,,,0.0,0.0,4.36,84.7
PHL,PH,Philippines,East Asia & Pacific,Upper middle income,2017,,,,0.0,0.0,4.35,84.4
PHL,PH,Philippines,East Asia & Pacific,Upper middle income,2018,,,,0.0,0.0,,85.49988187329669
PHL,PH,Philippines,East Asia & Pacific,Upper middle income,2019,,,,0.0,0.0,,83.1
PHL,PH,Philippines,East Asia & Pacific,Upper middle income,2020,,,,0.0,0.0,,80.99999999999999
PHL,PH,Philippines,East Asia & Pacific,Upper middle income,2021,,,,0.0,0.0,,82.39999999999999
PHL,PH,Philippines,East Asia & Pacific,Upper middle income,2022,,,,0.0,0.0,,80.5
PHL,PH,Philippines,East Asia & Pacific,Upper middle income,2023,,,,0.0,0.0,,77.8
PHL,PH,Philippines,East Asia & Pacific,Upper middle income,2024,,,,0.0,0.0,,
PLW,PW,Palau,East Asia & Pacific,High income,2000,,,,,,,
PLW,PW,Palau,East Asia & Pacific,High income,2001,,,,,,,
PLW,PW,Palau,East Asia & Pacific,High income,2002,,,,,,,
PLW,PW,Palau,East Asia & Pacific,High income,2003,,,,,,,
PLW,PW,Palau,East Asia & Pacific,High income,2004,,,,,,,
PLW,PW,Palau,East Asia & Pacific,High income,2005,,,,,,,
PLW,PW,Palau,East Asia & Pacific,High income,2006,,,,,,,
PLW,PW,Palau,East Asia & Pacific,High income,2007,,,,,,,
PLW,PW,Palau,East Asia & Pacific,High income,2008,,,,,,,
PLW,PW,Palau,East Asia & Pacific,High income,2009,,,,,,,
PLW,PW,Palau,East Asia & Pacific,High income,2010,,,,,,,
PLW,PW,Palau,East Asia & Pacific,High income,2011,,,,,,,
PLW,PW,Palau,East Asia & Pacific,High income,2012,,,,,,,
PLW,PW,Palau,East Asia & Pacific,High income,2013,,,,,,,
PLW,PW,Palau,East Asia & Pacific,High income,2014,,,,,,,
PLW,PW,Palau,East Asia & Pacific,High income,2015,,,,,,,
PLW,PW,Palau,East Asia & Pacific,High income,2016,,,,,,,
PLW,PW,Palau,East Asia & Pacific,High income,2017,,,,,,,
PLW,PW,Palau,East Asia & Pacific,High income,2018,,,,,,,
PLW,PW,Palau,East Asia & Pacific,High income,2019,,,,,,,
PLW,PW,Palau,East Asia & Pacific,High income,2020,,,,,,,
PLW,PW,Palau,East Asia & Pacific,High income,2021,,,,,,,
PLW,PW,Palau,East Asia & Pacific,High income,2022,,,,,,,
PLW,PW,Palau,East Asia & Pacific,High income,2023,,,,,,,
PLW,PW,Palau,East Asia & Pacific,High income,2024,,,,,,,
PNG,PG,Papua New Guinea,East Asia & Pacific,Lower middle income,2000,Mekere Morauta,1.0,1.0,0.0,0.0,,
PNG,PG,Papua New Guinea,East Asia & Pacific,Lower middle income,2001,Mekere Morauta,2.0,2.0,0.0,0.0,,
PNG,PG,Papua New Guinea,East Asia & Pacific,Lower middle income,2002,Michael Thomas Somare,1.0,1.5,1.0,0.0,,
PNG,PG,Papua New Guinea,East Asia & Pacific,Lower middle income,2003,Michael Thomas Somare,2.0,2.0,0.0,1.0,,
PNG,PG,Papua New Guinea,East Asia & Pacific,Lower middle income,2004,Michael Thomas Somare,3.0,2.5,0.0,1.0,,
PNG,PG,Papua New Guinea,East Asia & Pacific,Lower middle income,2005,Michael Thomas Somare,4.0,3.0,0.0,1.0,,
PNG,PG,Papua New Guinea,East Asia & Pacific,Lower middle income,2006,Michael Thomas Somare,5.0,3.5,0.0,1.0,,84.6
PNG,PG,Papua New Guinea,East Asia & Pacific,Lower middle income,2007,Michael Thomas Somare,6.0,4.0,0.0,1.0,,85.1
PNG,PG,Papua New Guinea,East Asia & Pacific,Lower middle income,2008,Michael Thomas Somare,7.0,4.5,0.0,0.0,,84.6
PNG,PG,Papua New Guinea,East Asia & Pacific,Lower middle income,2009,Michael Thomas Somare,8.0,5.0,0.0,0.0,,84.1
PNG,PG,Papua New Guinea,East Asia & Pacific,Lower middle income,2010,Michael Thomas Somare,9.0,5.5,0.0,0.0,,83.9
PNG,PG,Papua New Guinea,East Asia & Pacific,Lower middle income,2011,Peter O'Neil,1.0,4.0,1.0,0.0,,84.2
PNG,PG,Papua New Guinea,East Asia & Pacific,Lower middle income,2012,Peter O'Neil,2.0,4.333333333333333,0.0,1.0,,83.7
PNG,PG,Papua New Guinea,East Asia & Pacific,Lower middle income,2013,Peter O'Neil,3.0,4.666666666666667,0.0,1.0,,84.9
PNG,PG,Papua New Guinea,East Asia & Pacific,Lower middle income,2014,Peter O'Neil,4.0,5.0,0.0,1.0,,84.1
PNG,PG,Papua New Guinea,East Asia & Pacific,Lower middle income,2015,Peter O'Neil,5.0,5.333333333333333,0.0,1.0,,83.4
PNG,PG,Papua New Guinea,East Asia & Pacific,Lower middle income,2016,Peter O'Neil,6.0,5.666666666666667,0.0,1.0,,86.2
PNG,PG,Papua New Guinea,East Asia & Pacific,Lower middle income,2017,Peter O'Neil,7.0,6.0,0.0,0.0,,86.4
PNG,PG,Papua New Guinea,East Asia & Pacific,Lower middle income,2018,Peter O'Neil,8.0,6.333333333333333,0.0,0.0,,84.77026579816999
PNG,PG,Papua New Guinea,East Asia & Pacific,Lower middle income,2019,James Marape,1.0,5.0,1.0,0.0,,83.1
PNG,PG,Papua New Guinea,East Asia & Pacific,Lower middle income,2020,James Marape,2.0,5.25,0.0,1.0,,82.29729048388526
PNG,PG,Papua New Guinea,East Asia & Pacific,Lower middle income,2021,James Marape,3.0,5.5,0.0,1.0,,80.89999999999999
PNG,PG,Papua New Guinea,East Asia & Pacific,Lower middle income,2022,James Marape,4.0,5.75,0.0,1.0,,79.49999999999999
PNG,PG,Papua New Guinea,East Asia & Pacific,Lower middle income,2023,James Marape,5.0,6.0,0.0,1.0,,78.1
PNG,PG,Papua New Guinea,East Asia & Pacific,Lower middle income,2024,James Marape,6.0,6.25,0.0,1.0,,
POL,PL,Poland,Europe & Central Asia,High income,2000,Jerzy Karol Buzek,1.0,1.0,0.0,0.0,,
POL,PL,Poland,Europe & Central Asia,High income,2001,Leszek Cezary Miller,1.0,1.0,1.0,0.0,,
POL,PL,Poland,Europe & Central Asia,High income,2002,Leszek Cezary Miller,2.0,1.5,0.0,1.0,,
POL,PL,Poland,Europe & Central Asia,High income,2003,Leszek Cezary Miller,3.0,2.0,0.0,1.0,,
POL,PL,Poland,Europe & Central Asia,High income,2004,Marek Belka,1.0,1.6666666666666667,1.0,1.0,,
POL,PL,Poland,Europe & Central Asia,High income,2005,Kazimierz Marcinkiewicz,1.0,1.5,1.0,2.0,,
POL,PL,Poland,Europe & Central Asia,High income,2006,Jarosław Aleksander Kaczyński,1.0,1.4,1.0,3.0,,47.9
POL,PL,Poland,Europe & Central Asia,High income,2007,Donald Tusk,1.0,1.3333333333333333,1.0,3.0,4.28,47.6
POL,PL,Poland,Europe & Central Asia,High income,2008,Donald Tusk,2.0,1.5,0.0,4.0,4.28,47.6
POL,PL,Poland,Europe & Central Asia,High income,2009,Donald Tusk,3.0,1.6666666666666667,0.0,4.0,4.33,49.6
POL,PL,Poland,Europe & Central Asia,High income,2010,Donald Tusk,4.0,1.8333333333333333,0.0,3.0,4.51,49.0
POL,PL,Poland,Europe & Central Asia,High income,2011,Donald Tusk,5.0,2.0,0.0,2.0,4.46,46.8
POL,PL,Poland,Europe & Central Asia,High income,2012,Donald Tusk,6.0,2.1666666666666665,0.0,1.0,4.46,44.3
POL,PL,Poland,Europe & Central Asia,High income,2013,Donald Tusk,7.0,2.3333333333333335,0.0,0.0,4.46,40.9
POL,PL,Poland,Europe & Central Asia,High income,2014,Ewa Kopacz,1.0,2.142857142857143,1.0,0.0,4.48,42.1
POL,PL,Poland,Europe & Central Asia,High income,2015,Beata Maria Szydło,1.0,2.0,1.0,1.0,4.49,39.8
POL,PL,Poland,Europe & Central Asia,High income,2016,Beata Maria Szydło,2.0,2.125,0.0,2.0,4.56,40.7
POL,PL,Poland,Europe & Central Asia,High income,2017,Mateusz Jakub Morawiecki,1.0,2.0,1.0,2.0,4.59,40.8
POL,PL,Poland,Europe & Central Asia,High income,2018,Mateusz Jakub Morawiecki,2.0,2.111111111111111,0.0,3.0,,41.46116976149038
POL,PL,Poland,Europe & Central Asia,High income,2019,Mateusz Jakub Morawiecki,3.0,2.2222222222222223,0.0,3.0,,42.8
POL,PL,Poland,Europe & Central Asia,High income,2020,Mateusz Jakub Morawiecki,4.0,2.3333333333333335,0.0,2.0,,41.028733918699864
POL,PL,Poland,Europe & Central Asia,High income,2021,Mateusz Jakub Morawiecki,5.0,2.4444444444444446,0.0,1.0,,43.099999999999994
POL,PL,Poland,Europe & Central Asia,High income,2022,Mateusz Jakub Morawiecki,6.0,2.5555555555555554,0.0,1.0,,42.2
POL,PL,Poland,Europe & Central Asia,High income,2023,Donald Franciszek Tusk,1.0,2.4,1.0,0.0,,45.199999999999996
POL,PL,Poland,Europe & Central Asia,High income,2024,Donald Franciszek Tusk,2.0,2.5,0.0,1.0,,
PRI,PR,Puerto Rico (US),Latin America & Caribbean,High income,2000,,,,,,,
PRI,PR,Puerto Rico (US),Latin America & Caribbean,High income,2001,,,,,,,
PRI,PR,Puerto Rico (US),Latin America & Caribbean,High income,2002,,,,,,,
PRI,PR,Puerto Rico (US),Latin America & Caribbean,High income,2003,,,,,,,
PRI,PR,Puerto Rico (US),Latin America & Caribbean,High income,2004,,,,,,,
PRI,PR,Puerto Rico (US),Latin America & Caribbean,High income,2005,,,,,,,
PRI,PR,Puerto Rico (US),Latin America & Caribbean,High income,2006,,,,,,,
PRI,PR,Puerto Rico (US),Latin America & Caribbean,High income,2007,,,,,,4.5,
PRI,PR,Puerto Rico (US),Latin America & Caribbean,High income,2008,,,,,,4.51,
PRI,PR,Puerto Rico (US),Latin America & Caribbean,High income,2009,,,,,,4.48,
PRI,PR,Puerto Rico (US),Latin America & Caribbean,High income,2010,,,,,,4.49,
PRI,PR,Puerto Rico (US),Latin America & Caribbean,High income,2011,,,,,,4.58,
PRI,PR,Puerto Rico (US),Latin America & Caribbean,High income,2012,,,,,,4.67,
PRI,PR,Puerto Rico (US),Latin America & Caribbean,High income,2013,,,,,,4.67,
PRI,PR,Puerto Rico (US),Latin America & Caribbean,High income,2014,,,,,,4.64,
PRI,PR,Puerto Rico (US),Latin America & Caribbean,High income,2015,,,,,,,
PRI,PR,Puerto Rico (US),Latin America & Caribbean,High income,2016,,,,,,,
PRI,PR,Puerto Rico (US),Latin America & Caribbean,High income,2017,,,,,,,
PRI,PR,Puerto Rico (US),Latin America & Caribbean,High income,2018,,,,,,,
PRI,PR,Puerto Rico (US),Latin America & Caribbean,High income,2019,,,,,,,
PRI,PR,Puerto Rico (US),Latin America & Caribbean,High income,2020,,,,,,,
PRI,PR,Puerto Rico (US),Latin America & Caribbean,High income,2021,,,,,,,
PRI,PR,Puerto Rico (US),Latin America & Caribbean,High income,2022,,,,,,,
PRI,PR,Puerto Rico (US),Latin America & Caribbean,High income,2023,,,,,,,
PRI,PR,Puerto Rico (US),Latin America & Caribbean,High income,2024,,,,,,,
PRK,KP,"Korea, Dem. People's Rep.",East Asia & Pacific,Low income,2000,Hong Song Nam,1.0,1.0,0.0,0.0,,
PRK,KP,"Korea, Dem. People's Rep.",East Asia & Pacific,Low income,2001,Hong Song Nam,2.0,2.0,0.0,0.0,,
PRK,KP,"Korea, Dem. People's Rep.",East Asia & Pacific,Low income,2002,Hong Song Nam,3.0,3.0,0.0,0.0,,
PRK,KP,"Korea, Dem. People's Rep.",East Asia & Pacific,Low income,2003,Pak Pong Ju,1.0,2.0,1.0,0.0,,
PRK,KP,"Korea, Dem. People's Rep.",East Asia & Pacific,Low income,2004,Pak Pong Ju,2.0,2.5,0.0,1.0,,
PRK,KP,"Korea, Dem. People's Rep.",East Asia & Pacific,Low income,2005,Pak Pong Ju,3.0,3.0,0.0,1.0,,
PRK,KP,"Korea, Dem. People's Rep.",East Asia & Pacific,Low income,2006,Pak Pong Ju,4.0,3.5,0.0,1.0,,97.3
PRK,KP,"Korea, Dem. People's Rep.",East Asia & Pacific,Low income,2007,Kim Yong Il,1.0,2.6666666666666665,1.0,1.0,,97.7
PRK,KP,"Korea, Dem. People's Rep.",East Asia & Pacific,Low income,2008,Kim Yong Il,2.0,3.0,0.0,2.0,,97.7
PRK,KP,"Korea, Dem. People's Rep.",East Asia & Pacific,Low income,2009,Kim Yong Il,3.0,3.3333333333333335,0.0,1.0,,98.3
PRK,KP,"Korea, Dem. People's Rep.",East Asia & Pacific,Low income,2010,Choe Yong Rim,1.0,2.75,1.0,1.0,,97.8
PRK,KP,"Korea, Dem. People's Rep.",East Asia & Pacific,Low income,2011,Choe Yong Rim,2.0,3.0,0.0,2.0,,95.6
PRK,KP,"Korea, Dem. People's Rep.",East Asia & Pacific,Low income,2012,Choe Yong Rim,3.0,3.25,0.0,2.0,,95.5
PRK,KP,"Korea, Dem. People's Rep.",East Asia & Pacific,Low income,2013,Pak Pong Ju,1.0,2.8,1.0,1.0,,95.1
PRK,KP,"Korea, Dem. People's Rep.",East Asia & Pacific,Low income,2014,Pak Pong Ju,2.0,3.0,0.0,2.0,,94.0
PRK,KP,"Korea, Dem. People's Rep.",East Asia & Pacific,Low income,2015,Pak Pong Ju,3.0,3.2,0.0,2.0,,93.8
PRK,KP,"Korea, Dem. People's Rep.",East Asia & Pacific,Low income,2016,Pak Pong Ju,4.0,3.4,0.0,1.0,,93.9
PRK,KP,"Korea, Dem. People's Rep.",East Asia & Pacific,Low income,2017,Pak Pong Ju,5.0,3.6,0.0,1.0,,93.3
PRK,KP,"Korea, Dem. People's Rep.",East Asia & Pacific,Low income,2018,Pak Pong Ju,6.0,3.8,0.0,1.0,,93.2
PRK,KP,"Korea, Dem. People's Rep.",East Asia & Pacific,Low income,2019,Kim Jae Ryong,1.0,3.3333333333333335,1.0,0.0,,92.7
PRK,KP,"Korea, Dem. People's Rep.",East Asia & Pacific,Low income,2020,Kim Tok-hun,1.0,3.0,1.0,1.0,,90.21129784524969
PRK,KP,"Korea, Dem. People's Rep.",East Asia & Pacific,Low income,2021,Kim Tok-hun,2.0,3.142857142857143,0.0,2.0,,89.99999999999999
PRK,KP,"Korea, Dem. People's Rep.",East Asia & Pacific,Low income,2022,Kim Tok-hun,3.0,3.2857142857142856,0.0,2.0,,89.10000000000001
PRK,KP,"Korea, Dem. People's Rep.",East Asia & Pacific,Low income,2023,Kim Tok-hun,4.0,3.4285714285714284,0.0,2.0,,87.0
PRK,KP,"Korea, Dem. People's Rep.",East Asia & Pacific,Low income,2024,Pak Thae-song,1.0,3.125,1.0,2.0,,
PRT,PT,Portugal,Europe & Central Asia,High income,2000,António Manuel de Oliveira Guterres,1.0,1.0,0.0,0.0,,
PRT,PT,Portugal,Europe & Central Asia,High income,2001,António Manuel de Oliveira Guterres,2.0,2.0,0.0,0.0,,
PRT,PT,Portugal,Europe & Central Asia,High income,2002,José Manuel Durão Barroso,1.0,1.5,1.0,0.0,,
PRT,PT,Portugal,Europe & Central Asia,High income,2003,José Manuel Durão Barroso,2.0,2.0,0.0,1.0,,
PRT,PT,Portugal,Europe & Central Asia,High income,2004,Pedro Miguel Santana Lopes,1.0,1.6666666666666667,1.0,1.0,,
PRT,PT,Portugal,Europe & Central Asia,High income,2005,José Sócrates Carvalho Pinto de Sousa,1.0,1.5,1.0,2.0,,
PRT,PT,Portugal,Europe & Central Asia,High income,2006,José Sócrates Carvalho Pinto de Sousa,2.0,1.75,0.0,3.0,,32.7
PRT,PT,Portugal,Europe & Central Asia,High income,2007,José Sócrates Carvalho Pinto de Sousa,3.0,2.0,0.0,3.0,4.48,32.4
PRT,PT,Portugal,Europe & Central Asia,High income,2008,José Sócrates Carvalho Pinto de Sousa,4.0,2.25,0.0,2.0,4.47,31.8
PRT,PT,Portugal,Europe & Central Asia,High income,2009,José Sócrates Carvalho Pinto de Sousa,5.0,2.5,0.0,2.0,4.4,32.7
PRT,PT,Portugal,Europe & Central Asia,High income,2010,José Sócrates Carvalho Pinto de Sousa,6.0,2.75,0.0,1.0,4.38,33.1
PRT,PT,Portugal,Europe & Central Asia,High income,2011,Pedro Passos Coelho,1.0,2.4,1.0,0.0,4.4,32.3
PRT,PT,Portugal,Europe & Central Asia,High income,2012,Pedro Passos Coelho,2.0,2.6,0.0,1.0,4.4,34.2
PRT,PT,Portugal,Europe & Central Asia,High income,2013,Pedro Passos Coelho,3.0,2.8,0.0,1.0,4.4,32.6
PRT,PT,Portugal,Europe & Central Asia,High income,2014,Pedro Passos Coelho,4.0,3.0,0.0,1.0,4.54,33.1
PRT,PT,Portugal,Europe & Central Asia,High income,2015,António Luís Santos da Costa,1.0,2.6666666666666665,1.0,1.0,4.52,29.7
PRT,PT,Portugal,Europe & Central Asia,High income,2016,António Luís Santos da Costa,2.0,2.8333333333333335,0.0,2.0,4.48,29.2
PRT,PT,Portugal,Europe & Central Asia,High income,2017,António Luís Santos da Costa,3.0,3.0,0.0,1.0,4.57,29.0
PRT,PT,Portugal,Europe & Central Asia,High income,2018,António Luís Santos da Costa,4.0,3.1666666666666665,0.0,1.0,,27.273450536625276
PRT,PT,Portugal,Europe & Central Asia,High income,2019,António Luís Santos da Costa,5.0,3.3333333333333335,0.0,1.0,,25.3
PRT,PT,Portugal,Europe & Central Asia,High income,2020,António Luís Santos da Costa,6.0,3.5,0.0,1.0,,23.51466331089092
PRT,PT,Portugal,Europe & Central Asia,High income,2021,António Luís Santos da Costa,7.0,3.6666666666666665,0.0,0.0,,26.8
PRT,PT,Portugal,Europe & Central Asia,High income,2022,António Luís Santos da Costa,8.0,3.8333333333333335,0.0,0.0,,27.500000000000004
PRT,PT,Portugal,Europe & Central Asia,High income,2023,António Luís Santos da Costa,9.0,4.0,0.0,0.0,,25.7
PRT,PT,Portugal,Europe & Central Asia,High income,2024,Luís Filipe Montenegro Cardoso de Morais Esteves,1.0,3.5714285714285716,1.0,0.0,,
PRY,PY,Paraguay,Latin America & Caribbean,Upper middle income,2000,,,,0.0,0.0,,
PRY,PY,Paraguay,Latin America & Caribbean,Upper middle income,2001,,,,0.0,0.0,,
PRY,PY,Paraguay,Latin America & Caribbean,Upper middle income,2002,,,,0.0,0.0,,
PRY,PY,Paraguay,Latin America & Caribbean,Upper middle income,2003,,,,0.0,0.0,,
PRY,PY,Paraguay,Latin America & Caribbean,Upper middle income,2004,,,,0.0,0.0,,
PRY,PY,Paraguay,Latin America & Caribbean,Upper middle income,2005,,,,0.0,0.0,,
PRY,PY,Paraguay,Latin America & Caribbean,Upper middle income,2006,,,,0.0,0.0,,72.0
PRY,PY,Paraguay,Latin America & Caribbean,Upper middle income,2007,,,,0.0,0.0,3.3,72.9
PRY,PY,Paraguay,Latin America & Caribbean,Upper middle income,2008,,,,0.0,0.0,3.4,72.3
PRY,PY,Paraguay,Latin America & Caribbean,Upper middle income,2009,,,,0.0,0.0,3.35,72.0
PRY,PY,Paraguay,Latin America & Caribbean,Upper middle income,2010,,,,0.0,0.0,3.49,72.1
PRY,PY,Paraguay,Latin America & Caribbean,Upper middle income,2011,,,,0.0,0.0,3.53,72.4
PRY,PY,Paraguay,Latin America & Caribbean,Upper middle income,2012,,,,0.0,0.0,3.67,70.9
PRY,PY,Paraguay,Latin America & Caribbean,Upper middle income,2013,,,,0.0,0.0,3.61,71.8
PRY,PY,Paraguay,Latin America & Caribbean,Upper middle income,2014,,,,0.0,0.0,3.59,71.6
PRY,PY,Paraguay,Latin America & Caribbean,Upper middle income,2015,,,,0.0,0.0,3.6,71.3
PRY,PY,Paraguay,Latin America & Caribbean,Upper middle income,2016,,,,0.0,0.0,3.65,72.6
PRY,PY,Paraguay,Latin America & Caribbean,Upper middle income,2017,,,,0.0,0.0,3.71,71.6
PRY,PY,Paraguay,Latin America & Caribbean,Upper middle income,2018,,,,0.0,0.0,,69.75151701076081
PRY,PY,Paraguay,Latin America & Caribbean,Upper middle income,2019,,,,0.0,0.0,,67.0
PRY,PY,Paraguay,Latin America & Caribbean,Upper middle income,2020,,,,0.0,0.0,,65.17819421791758
PRY,PY,Paraguay,Latin America & Caribbean,Upper middle income,2021,,,,0.0,0.0,,66.4
PRY,PY,Paraguay,Latin America & Caribbean,Upper middle income,2022,,,,0.0,0.0,,65.4
PRY,PY,Paraguay,Latin America & Caribbean,Upper middle income,2023,,,,0.0,0.0,,63.7
PRY,PY,Paraguay,Latin America & Caribbean,Upper middle income,2024,,,,0.0,0.0,,
PSE,PS,West Bank and Gaza,"Middle East, North Africa, Afghanistan & Pakistan",Lower middle income,2000,,,,0.0,0.0,,
PSE,PS,West Bank and Gaza,"Middle East, North Africa, Afghanistan & Pakistan",Lower middle income,2001,,,,0.0,0.0,,
PSE,PS,West Bank and Gaza,"Middle East, North Africa, Afghanistan & Pakistan",Lower middle income,2002,,,,0.0,0.0,,
PSE,PS,West Bank and Gaza,"Middle East, North Africa, Afghanistan & Pakistan",Lower middle income,2003,Ahmed Qurei,1.0,1.0,0.0,0.0,,
PSE,PS,West Bank and Gaza,"Middle East, North Africa, Afghanistan & Pakistan",Lower middle income,2004,Ahmed Qurei,2.0,2.0,0.0,0.0,,
PSE,PS,West Bank and Gaza,"Middle East, North Africa, Afghanistan & Pakistan",Lower middle income,2005,Ahmed Qurei,3.0,3.0,0.0,0.0,,
PSE,PS,West Bank and Gaza,"Middle East, North Africa, Afghanistan & Pakistan",Lower middle income,2006,Ismail Haniyeh,1.0,2.0,1.0,0.0,,
PSE,PS,West Bank and Gaza,"Middle East, North Africa, Afghanistan & Pakistan",Lower middle income,2007,Salam Fayyad,1.0,1.6666666666666667,1.0,1.0,,
PSE,PS,West Bank and Gaza,"Middle East, North Africa, Afghanistan & Pakistan",Lower middle income,2008,Salam Fayyad,2.0,2.0,0.0,2.0,,
PSE,PS,West Bank and Gaza,"Middle East, North Africa, Afghanistan & Pakistan",Lower middle income,2009,Salam Fayyad,3.0,2.3333333333333335,0.0,2.0,,
PSE,PS,West Bank and Gaza,"Middle East, North Africa, Afghanistan & Pakistan",Lower middle income,2010,Salam Fayyad,4.0,2.6666666666666665,0.0,2.0,,
PSE,PS,West Bank and Gaza,"Middle East, North Africa, Afghanistan & Pakistan",Lower middle income,2011,Salam Fayyad,5.0,3.0,0.0,2.0,,
PSE,PS,West Bank and Gaza,"Middle East, North Africa, Afghanistan & Pakistan",Lower middle income,2012,Salam Fayyad,6.0,3.3333333333333335,0.0,1.0,,
PSE,PS,West Bank and Gaza,"Middle East, North Africa, Afghanistan & Pakistan",Lower middle income,2013,Rami Hamdallah,1.0,2.75,1.0,0.0,,
PSE,PS,West Bank and Gaza,"Middle East, North Africa, Afghanistan & Pakistan",Lower middle income,2014,Rami Hamdallah,2.0,3.0,0.0,1.0,,
PSE,PS,West Bank and Gaza,"Middle East, North Africa, Afghanistan & Pakistan",Lower middle income,2015,Rami Hamdallah,3.0,3.25,0.0,1.0,,
PSE,PS,West Bank and Gaza,"Middle East, North Africa, Afghanistan & Pakistan",Lower middle income,2016,Rami Hamdallah,4.0,3.5,0.0,1.0,,
PSE,PS,West Bank and Gaza,"Middle East, North Africa, Afghanistan & Pakistan",Lower middle income,2017,Rami Hamdallah,5.0,3.75,0.0,1.0,,
PSE,PS,West Bank and Gaza,"Middle East, North Africa, Afghanistan & Pakistan",Lower middle income,2018,Rami Hamdallah,6.0,4.0,0.0,1.0,,
PSE,PS,West Bank and Gaza,"Middle East, North Africa, Afghanistan & Pakistan",Lower middle income,2019,Mohammad Shtayyeh,1.0,3.4,1.0,0.0,,
PSE,PS,West Bank and Gaza,"Middle East, North Africa, Afghanistan & Pakistan",Lower middle income,2020,Mohammad Shtayyeh,2.0,3.6,0.0,1.0,,
PSE,PS,West Bank and Gaza,"Middle East, North Africa, Afghanistan & Pakistan",Lower middle income,2021,Mohammad Shtayyeh,3.0,3.8,0.0,1.0,,86.0
PSE,PS,West Bank and Gaza,"Middle East, North Africa, Afghanistan & Pakistan",Lower middle income,2022,Mohammad Shtayyeh,4.0,4.0,0.0,1.0,,85.60000000000001
PSE,PS,West Bank and Gaza,"Middle East, North Africa, Afghanistan & Pakistan",Lower middle income,2023,Mohammad Shtayyeh,5.0,4.2,0.0,1.0,,87.9
PSE,PS,West Bank and Gaza,"Middle East, North Africa, Afghanistan & Pakistan",Lower middle income,2024,Muhammad Mustafa,1.0,3.6666666666666665,1.0,1.0,,
PYF,PF,French Polynesia,East Asia & Pacific,High income,2000,,,,,,,
PYF,PF,French Polynesia,East Asia & Pacific,High income,2001,,,,,,,
PYF,PF,French Polynesia,East Asia & Pacific,High income,2002,,,,,,,
PYF,PF,French Polynesia,East Asia & Pacific,High income,2003,,,,,,,
PYF,PF,French Polynesia,East Asia & Pacific,High income,2004,,,,,,,
PYF,PF,French Polynesia,East Asia & Pacific,High income,2005,,,,,,,
PYF,PF,French Polynesia,East Asia & Pacific,High income,2006,,,,,,,
PYF,PF,French Polynesia,East Asia & Pacific,High income,2007,,,,,,,
PYF,PF,French Polynesia,East Asia & Pacific,High income,2008,,,,,,,
PYF,PF,French Polynesia,East Asia & Pacific,High income,2009,,,,,,,
PYF,PF,French Polynesia,East Asia & Pacific,High income,2010,,,,,,,
PYF,PF,French Polynesia,East Asia & Pacific,High income,2011,,,,,,,
PYF,PF,French Polynesia,East Asia & Pacific,High income,2012,,,,,,,
PYF,PF,French Polynesia,East Asia & Pacific,High income,2013,,,,,,,
PYF,PF,French Polynesia,East Asia & Pacific,High income,2014,,,,,,,
PYF,PF,French Polynesia,East Asia & Pacific,High income,2015,,,,,,,
PYF,PF,French Polynesia,East Asia & Pacific,High income,2016,,,,,,,
PYF,PF,French Polynesia,East Asia & Pacific,High income,2017,,,,,,,
PYF,PF,French Polynesia,East Asia & Pacific,High income,2018,,,,,,,
PYF,PF,French Polynesia,East Asia & Pacific,High income,2019,,,,,,,
PYF,PF,French Polynesia,East Asia & Pacific,High income,2020,,,,,,,
PYF,PF,French Polynesia,East Asia & Pacific,High income,2021,,,,,,,
PYF,PF,French Polynesia,East Asia & Pacific,High income,2022,,,,,,,
PYF,PF,French Polynesia,East Asia & Pacific,High income,2023,,,,,,,
PYF,PF,French Polynesia,East Asia & Pacific,High income,2024,,,,,,,
QAT,QA,Qatar,"Middle East, North Africa, Afghanistan & Pakistan",High income,2000,Abdullah ibn Khalifah Al Thani,1.0,1.0,0.0,0.0,,
QAT,QA,Qatar,"Middle East, North Africa, Afghanistan & Pakistan",High income,2001,Abdullah ibn Khalifah Al Thani,2.0,2.0,0.0,0.0,,
QAT,QA,Qatar,"Middle East, North Africa, Afghanistan & Pakistan",High income,2002,Abdullah ibn Khalifah Al Thani,3.0,3.0,0.0,0.0,,
QAT,QA,Qatar,"Middle East, North Africa, Afghanistan & Pakistan",High income,2003,Abdullah ibn Khalifah Al Thani,4.0,4.0,0.0,0.0,,
QAT,QA,Qatar,"Middle East, North Africa, Afghanistan & Pakistan",High income,2004,Abdullah ibn Khalifah Al Thani,5.0,5.0,0.0,0.0,,
QAT,QA,Qatar,"Middle East, North Africa, Afghanistan & Pakistan",High income,2005,Abdullah ibn Khalifah Al Thani,6.0,6.0,0.0,0.0,,
QAT,QA,Qatar,"Middle East, North Africa, Afghanistan & Pakistan",High income,2006,Abdullah ibn Khalifah Al Thani,7.0,7.0,0.0,0.0,,
QAT,QA,Qatar,"Middle East, North Africa, Afghanistan & Pakistan",High income,2007,Hamad ibn Jassim ibn Jabr Al Thani,1.0,4.0,1.0,0.0,4.63,53.6
QAT,QA,Qatar,"Middle East, North Africa, Afghanistan & Pakistan",High income,2008,Hamad ibn Jassim ibn Jabr Al Thani,2.0,4.5,0.0,1.0,4.83,52.7
QAT,QA,Qatar,"Middle East, North Africa, Afghanistan & Pakistan",High income,2009,Hamad ibn Jassim ibn Jabr Al Thani,3.0,5.0,0.0,1.0,4.95,51.9
QAT,QA,Qatar,"Middle East, North Africa, Afghanistan & Pakistan",High income,2010,Hamad ibn Jassim ibn Jabr Al Thani,4.0,5.5,0.0,1.0,5.1,51.8
QAT,QA,Qatar,"Middle East, North Africa, Afghanistan & Pakistan",High income,2011,Hamad ibn Jassim ibn Jabr Al Thani,5.0,6.0,0.0,1.0,5.24,49.5
QAT,QA,Qatar,"Middle East, North Africa, Afghanistan & Pakistan",High income,2012,Hamad ibn Jassim ibn Jabr Al Thani,6.0,6.5,0.0,1.0,5.38,48.0
QAT,QA,Qatar,"Middle East, North Africa, Afghanistan & Pakistan",High income,2013,Sheikh Abdullah bin Nasser bin Khalifa Al Thani,1.0,4.666666666666667,1.0,0.0,5.24,47.1
QAT,QA,Qatar,"Middle East, North Africa, Afghanistan & Pakistan",High income,2014,Sheikh Abdullah bin Nasser bin Khalifa Al Thani,2.0,5.0,0.0,1.0,5.24,48.9
QAT,QA,Qatar,"Middle East, North Africa, Afghanistan & Pakistan",High income,2015,Sheikh Abdullah bin Nasser bin Khalifa Al Thani,3.0,5.333333333333333,0.0,1.0,5.3,46.3
QAT,QA,Qatar,"Middle East, North Africa, Afghanistan & Pakistan",High income,2016,Sheikh Abdullah bin Nasser bin Khalifa Al Thani,4.0,5.666666666666667,0.0,1.0,5.23,45.1
QAT,QA,Qatar,"Middle East, North Africa, Afghanistan & Pakistan",High income,2017,Sheikh Abdullah bin Nasser bin Khalifa Al Thani,5.0,6.0,0.0,1.0,5.11,44.0
QAT,QA,Qatar,"Middle East, North Africa, Afghanistan & Pakistan",High income,2018,Sheikh Abdullah bin Nasser bin Khalifa Al Thani,6.0,6.333333333333333,0.0,1.0,,48.06415433835673
QAT,QA,Qatar,"Middle East, North Africa, Afghanistan & Pakistan",High income,2019,Sheikh Abdullah bin Nasser bin Khalifa Al Thani,7.0,6.666666666666667,0.0,0.0,,45.4
QAT,QA,Qatar,"Middle East, North Africa, Afghanistan & Pakistan",High income,2020,Sheikh Khalid bin Khalifa bin al-Thani,1.0,5.25,1.0,0.0,,43.73987834909789
QAT,QA,Qatar,"Middle East, North Africa, Afghanistan & Pakistan",High income,2021,Sheikh Khalid bin Khalifa bin al-Thani,2.0,5.5,0.0,1.0,,44.099999999999994
QAT,QA,Qatar,"Middle East, North Africa, Afghanistan & Pakistan",High income,2022,Sheikh Khalid bin Khalifa bin al-Thani,3.0,5.75,0.0,1.0,,42.300000000000004
QAT,QA,Qatar,"Middle East, North Africa, Afghanistan & Pakistan",High income,2023,Sheikh Mohammed bin Abdulrahman bin Jassim Al Thani,1.0,4.8,1.0,1.0,,40.5
QAT,QA,Qatar,"Middle East, North Africa, Afghanistan & Pakistan",High income,2024,Sheikh Mohammed bin Abdulrahman bin Jassim Al Thani,2.0,5.0,0.0,2.0,,
ROU,RO,Romania,Europe & Central Asia,High income,2000,Adrian Nastase,1.0,1.0,0.0,0.0,,
ROU,RO,Romania,Europe & Central Asia,High income,2001,Adrian Nastase,2.0,2.0,0.0,0.0,,
ROU,RO,Romania,Europe & Central Asia,High income,2002,Adrian Nastase,3.0,3.0,0.0,0.0,,
ROU,RO,Romania,Europe & Central Asia,High income,2003,Adrian Nastase,4.0,4.0,0.0,0.0,,
ROU,RO,Romania,Europe & Central Asia,High income,2004,Calin Popescu-Tariceanu,1.0,2.5,1.0,0.0,,
ROU,RO,Romania,Europe & Central Asia,High income,2005,Calin Popescu-Tariceanu,2.0,3.0,0.0,1.0,,
ROU,RO,Romania,Europe & Central Asia,High income,2006,Calin Popescu-Tariceanu,3.0,3.5,0.0,1.0,,62.6
ROU,RO,Romania,Europe & Central Asia,High income,2007,Calin Popescu-Tariceanu,4.0,4.0,0.0,1.0,3.97,60.9
ROU,RO,Romania,Europe & Central Asia,High income,2008,Emil Boc,1.0,3.0,1.0,1.0,4.1,59.9
ROU,RO,Romania,Europe & Central Asia,High income,2009,Emil Boc,2.0,3.3333333333333335,0.0,2.0,4.11,61.3
ROU,RO,Romania,Europe & Central Asia,High income,2010,Emil Boc,3.0,3.6666666666666665,0.0,1.0,4.16,60.2
ROU,RO,Romania,Europe & Central Asia,High income,2011,Emil Boc,4.0,4.0,0.0,1.0,4.08,59.8
ROU,RO,Romania,Europe & Central Asia,High income,2012,Victor Ponta,1.0,3.25,1.0,1.0,4.07,59.5
ROU,RO,Romania,Europe & Central Asia,High income,2013,Victor Ponta,2.0,3.5,0.0,2.0,4.13,57.4
ROU,RO,Romania,Europe & Central Asia,High income,2014,Victor Ponta,3.0,3.75,0.0,1.0,4.3,56.9
ROU,RO,Romania,Europe & Central Asia,High income,2015,Dacian Julien Cioloș,1.0,3.2,1.0,1.0,4.32,54.2
ROU,RO,Romania,Europe & Central Asia,High income,2016,Dacian Julien Cioloș,2.0,3.4,0.0,2.0,4.3,52.9
ROU,RO,Romania,Europe & Central Asia,High income,2017,Mihai Tudose,1.0,3.0,1.0,2.0,4.28,50.9
ROU,RO,Romania,Europe & Central Asia,High income,2018,Viorica Dăncilă,1.0,2.7142857142857144,1.0,2.0,,49.36140868153144
ROU,RO,Romania,Europe & Central Asia,High income,2019,Ludovic Orban,1.0,2.5,1.0,3.0,,47.8
ROU,RO,Romania,Europe & Central Asia,High income,2020,Florin Citu,1.0,2.3333333333333335,1.0,4.0,,46.65460149468231
ROU,RO,Romania,Europe & Central Asia,High income,2021,Nicolae Ciucă,1.0,2.2,1.0,4.0,,51.0
ROU,RO,Romania,Europe & Central Asia,High income,2022,Nicolae Ciucă,2.0,2.3,0.0,5.0,,50.8
ROU,RO,Romania,Europe & Central Asia,High income,2023,Ion-Marcel Ciolacu,1.0,2.1818181818181817,1.0,4.0,,53.0
ROU,RO,Romania,Europe & Central Asia,High income,2024,Ion-Marcel Ciolacu,2.0,2.272727272727273,0.0,4.0,,
RUS,RU,Russian Federation,Europe & Central Asia,High income,2000,Mikhail Mikhailovich Kasyanov,1.0,1.0,0.0,0.0,,
RUS,RU,Russian Federation,Europe & Central Asia,High income,2001,Mikhail Mikhailovich Kasyanov,2.0,2.0,0.0,0.0,,
RUS,RU,Russian Federation,Europe & Central Asia,High income,2002,Mikhail Mikhailovich Kasyanov,3.0,3.0,0.0,0.0,,
RUS,RU,Russian Federation,Europe & Central Asia,High income,2003,Mikhail Mikhailovich Kasyanov,4.0,4.0,0.0,0.0,,
RUS,RU,Russian Federation,Europe & Central Asia,High income,2004,Mikhail Yefimovich Fradkov,1.0,2.5,1.0,0.0,,
RUS,RU,Russian Federation,Europe & Central Asia,High income,2005,Mikhail Yefimovich Fradkov,2.0,3.0,0.0,1.0,,
RUS,RU,Russian Federation,Europe & Central Asia,High income,2006,Mikhail Yefimovich Fradkov,3.0,3.5,0.0,1.0,,87.1
RUS,RU,Russian Federation,Europe & Central Asia,High income,2007,Viktor Alekseyevich Zubkov,1.0,2.6666666666666665,1.0,1.0,4.19,81.2
RUS,RU,Russian Federation,Europe & Central Asia,High income,2008,Vladimir Vladimirovich Putin,1.0,2.25,1.0,2.0,4.31,79.7
RUS,RU,Russian Federation,Europe & Central Asia,High income,2009,Vladimir Vladimirovich Putin,2.0,2.5,0.0,3.0,4.15,80.8
RUS,RU,Russian Federation,Europe & Central Asia,High income,2010,Vladimir Vladimirovich Putin,3.0,2.75,0.0,2.0,4.24,79.0
RUS,RU,Russian Federation,Europe & Central Asia,High income,2011,Vladimir Vladimirovich Putin,4.0,3.0,0.0,2.0,4.21,77.7
RUS,RU,Russian Federation,Europe & Central Asia,High income,2012,Dmitry Anatolyevich Medvedev,1.0,2.6,1.0,2.0,4.2,77.1
RUS,RU,Russian Federation,Europe & Central Asia,High income,2013,Dmitry Anatolyevich Medvedev,2.0,2.8,0.0,2.0,4.25,77.1
RUS,RU,Russian Federation,Europe & Central Asia,High income,2014,Dmitry Anatolyevich Medvedev,3.0,3.0,0.0,1.0,4.37,76.5
RUS,RU,Russian Federation,Europe & Central Asia,High income,2015,Dmitry Anatolyevich Medvedev,4.0,3.2,0.0,1.0,4.44,80.0
RUS,RU,Russian Federation,Europe & Central Asia,High income,2016,Dmitry Anatolyevich Medvedev,5.0,3.4,0.0,1.0,4.51,81.0
RUS,RU,Russian Federation,Europe & Central Asia,High income,2017,Dmitry Anatolyevich Medvedev,6.0,3.6,0.0,1.0,4.64,79.2
RUS,RU,Russian Federation,Europe & Central Asia,High income,2018,Dmitry Anatolyevich Medvedev,7.0,3.8,0.0,0.0,,77.16545659420007
RUS,RU,Russian Federation,Europe & Central Asia,High income,2019,Dmitry Anatolyevich Medvedev,8.0,4.0,0.0,0.0,,74.7
RUS,RU,Russian Federation,Europe & Central Asia,High income,2020,Mikhail Vladimirovich Mishustin,1.0,3.5,1.0,0.0,,72.55858319621083
RUS,RU,Russian Federation,Europe & Central Asia,High income,2021,Mikhail Vladimirovich Mishustin,2.0,3.6666666666666665,0.0,1.0,,73.59999999999998
RUS,RU,Russian Federation,Europe & Central Asia,High income,2022,Mikhail Vladimirovich Mishustin,3.0,3.8333333333333335,0.0,1.0,,72.6
RUS,RU,Russian Federation,Europe & Central Asia,High income,2023,Mikhail Vladimirovich Mishustin,4.0,4.0,0.0,1.0,,80.7
RUS,RU,Russian Federation,Europe & Central Asia,High income,2024,Mikhail Vladimirovich Mishustin,5.0,4.166666666666667,0.0,1.0,,
RWA,RW,Rwanda,Sub-Saharan Africa,Low income,2000,Bernard Makuza,1.0,1.0,0.0,0.0,,
RWA,RW,Rwanda,Sub-Saharan Africa,Low income,2001,Bernard Makuza,2.0,2.0,0.0,0.0,,
RWA,RW,Rwanda,Sub-Saharan Africa,Low income,2002,Bernard Makuza,3.0,3.0,0.0,0.0,,
RWA,RW,Rwanda,Sub-Saharan Africa,Low income,2003,Bernard Makuza,4.0,4.0,0.0,0.0,,
RWA,RW,Rwanda,Sub-Saharan Africa,Low income,2004,Bernard Makuza,5.0,5.0,0.0,0.0,,
RWA,RW,Rwanda,Sub-Saharan Africa,Low income,2005,Bernard Makuza,6.0,6.0,0.0,0.0,,
RWA,RW,Rwanda,Sub-Saharan Africa,Low income,2006,Bernard Makuza,7.0,7.0,0.0,0.0,,92.9
RWA,RW,Rwanda,Sub-Saharan Africa,Low income,2007,Bernard Makuza,8.0,8.0,0.0,0.0,,89.2
RWA,RW,Rwanda,Sub-Saharan Africa,Low income,2008,Bernard Makuza,9.0,9.0,0.0,0.0,,88.0
RWA,RW,Rwanda,Sub-Saharan Africa,Low income,2009,Bernard Makuza,10.0,10.0,0.0,0.0,,89.0
RWA,RW,Rwanda,Sub-Saharan Africa,Low income,2010,Bernard Makuza,11.0,11.0,0.0,0.0,4.0,88.7
RWA,RW,Rwanda,Sub-Saharan Africa,Low income,2011,Pierre Damien Habumuremyi,1.0,6.0,1.0,0.0,4.19,91.0
RWA,RW,Rwanda,Sub-Saharan Africa,Low income,2012,Pierre Damien Habumuremyi,2.0,6.5,0.0,1.0,4.24,89.3
RWA,RW,Rwanda,Sub-Saharan Africa,Low income,2013,Pierre Damien Habumuremyi,3.0,7.0,0.0,1.0,4.21,89.3
RWA,RW,Rwanda,Sub-Saharan Africa,Low income,2014,Anastase Murekezi,1.0,5.0,1.0,1.0,4.27,90.5
RWA,RW,Rwanda,Sub-Saharan Africa,Low income,2015,Anastase Murekezi,2.0,5.333333333333333,0.0,2.0,4.29,90.2
RWA,RW,Rwanda,Sub-Saharan Africa,Low income,2016,Anastase Murekezi,3.0,5.666666666666667,0.0,2.0,4.41,91.3
RWA,RW,Rwanda,Sub-Saharan Africa,Low income,2017,Edouard Ngirente,1.0,4.5,1.0,1.0,4.35,90.8
RWA,RW,Rwanda,Sub-Saharan Africa,Low income,2018,Edouard Ngirente,2.0,4.75,0.0,2.0,,89.28772432240727
RWA,RW,Rwanda,Sub-Saharan Africa,Low income,2019,Edouard Ngirente,3.0,5.0,0.0,2.0,,87.5
RWA,RW,Rwanda,Sub-Saharan Africa,Low income,2020,Edouard Ngirente,4.0,5.25,0.0,1.0,,86.02952230051775
RWA,RW,Rwanda,Sub-Saharan Africa,Low income,2021,Edouard Ngirente,5.0,5.5,0.0,1.0,,84.99999999999999
RWA,RW,Rwanda,Sub-Saharan Africa,Low income,2022,Edouard Ngirente,6.0,5.75,0.0,1.0,,83.7
RWA,RW,Rwanda,Sub-Saharan Africa,Low income,2023,Edouard Ngirente,7.0,6.0,0.0,0.0,,82.30000000000001
RWA,RW,Rwanda,Sub-Saharan Africa,Low income,2024,Edouard Ngirente,8.0,6.25,0.0,0.0,,
SAU,SA,Saudi Arabia,"Middle East, North Africa, Afghanistan & Pakistan",High income,2000,,,,0.0,0.0,,
SAU,SA,Saudi Arabia,"Middle East, North Africa, Afghanistan & Pakistan",High income,2001,,,,0.0,0.0,,
SAU,SA,Saudi Arabia,"Middle East, North Africa, Afghanistan & Pakistan",High income,2002,,,,0.0,0.0,,
SAU,SA,Saudi Arabia,"Middle East, North Africa, Afghanistan & Pakistan",High income,2003,,,,0.0,0.0,,
SAU,SA,Saudi Arabia,"Middle East, North Africa, Afghanistan & Pakistan",High income,2004,,,,0.0,0.0,,
SAU,SA,Saudi Arabia,"Middle East, North Africa, Afghanistan & Pakistan",High income,2005,,,,0.0,0.0,,
SAU,SA,Saudi Arabia,"Middle East, North Africa, Afghanistan & Pakistan",High income,2006,,,,0.0,0.0,,77.2
SAU,SA,Saudi Arabia,"Middle East, North Africa, Afghanistan & Pakistan",High income,2007,,,,0.0,0.0,4.55,76.5
SAU,SA,Saudi Arabia,"Middle East, North Africa, Afghanistan & Pakistan",High income,2008,,,,0.0,0.0,4.72,76.9
SAU,SA,Saudi Arabia,"Middle East, North Africa, Afghanistan & Pakistan",High income,2009,,,,0.0,0.0,4.75,77.5
SAU,SA,Saudi Arabia,"Middle East, North Africa, Afghanistan & Pakistan",High income,2010,,,,0.0,0.0,4.95,77.5
SAU,SA,Saudi Arabia,"Middle East, North Africa, Afghanistan & Pakistan",High income,2011,,,,0.0,0.0,5.17,75.2
SAU,SA,Saudi Arabia,"Middle East, North Africa, Afghanistan & Pakistan",High income,2012,,,,0.0,0.0,5.19,73.4
SAU,SA,Saudi Arabia,"Middle East, North Africa, Afghanistan & Pakistan",High income,2013,,,,0.0,0.0,5.1,72.7
SAU,SA,Saudi Arabia,"Middle East, North Africa, Afghanistan & Pakistan",High income,2014,,,,0.0,0.0,5.06,73.1
SAU,SA,Saudi Arabia,"Middle East, North Africa, Afghanistan & Pakistan",High income,2015,,,,0.0,0.0,5.07,71.6
SAU,SA,Saudi Arabia,"Middle East, North Africa, Afghanistan & Pakistan",High income,2016,,,,0.0,0.0,4.84,72.2
SAU,SA,Saudi Arabia,"Middle East, North Africa, Afghanistan & Pakistan",High income,2017,,,,0.0,0.0,4.83,71.2
SAU,SA,Saudi Arabia,"Middle East, North Africa, Afghanistan & Pakistan",High income,2018,,,,0.0,0.0,,70.23498732317032
SAU,SA,Saudi Arabia,"Middle East, North Africa, Afghanistan & Pakistan",High income,2019,,,,0.0,0.0,,70.4
SAU,SA,Saudi Arabia,"Middle East, North Africa, Afghanistan & Pakistan",High income,2020,,,,0.0,0.0,,68.80000000000001
SAU,SA,Saudi Arabia,"Middle East, North Africa, Afghanistan & Pakistan",High income,2021,,,,0.0,0.0,,69.7
SAU,SA,Saudi Arabia,"Middle East, North Africa, Afghanistan & Pakistan",High income,2022,Mohammed bin Salman,1.0,1.0,0.0,0.0,,67.5
SAU,SA,Saudi Arabia,"Middle East, North Africa, Afghanistan & Pakistan",High income,2023,Mohammed bin Salman,2.0,2.0,0.0,0.0,,65.3
SAU,SA,Saudi Arabia,"Middle East, North Africa, Afghanistan & Pakistan",High income,2024,Mohammed bin Salman,3.0,3.0,0.0,0.0,,
SDN,SD,Sudan,Sub-Saharan Africa,Low income,2000,,,,0.0,0.0,,
SDN,SD,Sudan,Sub-Saharan Africa,Low income,2001,,,,0.0,0.0,,
SDN,SD,Sudan,Sub-Saharan Africa,Low income,2002,,,,0.0,0.0,,
SDN,SD,Sudan,Sub-Saharan Africa,Low income,2003,,,,0.0,0.0,,
SDN,SD,Sudan,Sub-Saharan Africa,Low income,2004,,,,0.0,0.0,,
SDN,SD,Sudan,Sub-Saharan Africa,Low income,2005,,,,0.0,0.0,,
SDN,SD,Sudan,Sub-Saharan Africa,Low income,2006,,,,0.0,0.0,,112.3
SDN,SD,Sudan,Sub-Saharan Africa,Low income,2007,,,,0.0,0.0,,113.7
SDN,SD,Sudan,Sub-Saharan Africa,Low income,2008,,,,0.0,0.0,,113.0
SDN,SD,Sudan,Sub-Saharan Africa,Low income,2009,,,,0.0,0.0,,112.4
SDN,SD,Sudan,Sub-Saharan Africa,Low income,2010,,,,0.0,0.0,,111.8
SDN,SD,Sudan,Sub-Saharan Africa,Low income,2011,,,,0.0,0.0,,108.7
SDN,SD,Sudan,Sub-Saharan Africa,Low income,2012,,,,0.0,0.0,,109.4
SDN,SD,Sudan,Sub-Saharan Africa,Low income,2013,,,,0.0,0.0,,111.0
SDN,SD,Sudan,Sub-Saharan Africa,Low income,2014,,,,0.0,0.0,,110.1
SDN,SD,Sudan,Sub-Saharan Africa,Low income,2015,,,,0.0,0.0,,110.8
SDN,SD,Sudan,Sub-Saharan Africa,Low income,2016,,,,0.0,0.0,,111.5
SDN,SD,Sudan,Sub-Saharan Africa,Low income,2017,Bakri Hasan Saleh,1.0,1.0,0.0,0.0,,110.6
SDN,SD,Sudan,Sub-Saharan Africa,Low income,2018,Motazz Moussa,1.0,1.0,1.0,0.0,,108.66319439644046
SDN,SD,Sudan,Sub-Saharan Africa,Low income,2019,Abdalla Hamdok,1.0,1.0,1.0,1.0,,108.0
SDN,SD,Sudan,Sub-Saharan Africa,Low income,2020,Abdalla Hamdok,2.0,1.3333333333333333,0.0,2.0,,104.76588517295875
SDN,SD,Sudan,Sub-Saharan Africa,Low income,2021,Abdalla Hamdok,3.0,1.6666666666666667,0.0,2.0,,105.19999999999999
SDN,SD,Sudan,Sub-Saharan Africa,Low income,2022,Osman Hussein,1.0,1.5,1.0,2.0,,107.1
SDN,SD,Sudan,Sub-Saharan Africa,Low income,2023,Osman Hussein,2.0,1.75,0.0,3.0,,106.19999999999999
SDN,SD,Sudan,Sub-Saharan Africa,Low income,2024,Osman Hussein,3.0,2.0,0.0,2.0,,
SEN,SN,Senegal,Sub-Saharan Africa,Lower middle income,2000,Moustapha Niasse,1.0,1.0,0.0,0.0,,
SEN,SN,Senegal,Sub-Saharan Africa,Lower middle income,2001,Mame Madior Boye,1.0,1.0,1.0,0.0,,
SEN,SN,Senegal,Sub-Saharan Africa,Lower middle income,2002,Idrissa Seck,1.0,1.0,1.0,1.0,,
SEN,SN,Senegal,Sub-Saharan Africa,Lower middle income,2003,Idrissa Seck,2.0,1.3333333333333333,0.0,2.0,,
SEN,SN,Senegal,Sub-Saharan Africa,Lower middle income,2004,Macky Sall,1.0,1.25,1.0,2.0,,
SEN,SN,Senegal,Sub-Saharan Africa,Lower middle income,2005,Macky Sall,2.0,1.5,0.0,3.0,,
SEN,SN,Senegal,Sub-Saharan Africa,Lower middle income,2006,Macky Sall,3.0,1.75,0.0,3.0,,66.1
SEN,SN,Senegal,Sub-Saharan Africa,Lower middle income,2007,Cheikh Hadjibou Soumaré,1.0,1.6,1.0,2.0,3.61,66.9
SEN,SN,Senegal,Sub-Saharan Africa,Lower middle income,2008,Cheikh Hadjibou Soumaré,2.0,1.8,0.0,2.0,3.73,70.9
SEN,SN,Senegal,Sub-Saharan Africa,Lower middle income,2009,Souleymane Ndéné Ndiaye,1.0,1.6666666666666667,1.0,2.0,3.78,74.2
SEN,SN,Senegal,Sub-Saharan Africa,Lower middle income,2010,Souleymane Ndéné Ndiaye,2.0,1.8333333333333333,0.0,2.0,3.67,74.6
SEN,SN,Senegal,Sub-Saharan Africa,Lower middle income,2011,Souleymane Ndéné Ndiaye,3.0,2.0,0.0,2.0,3.7,76.8
SEN,SN,Senegal,Sub-Saharan Africa,Lower middle income,2012,Abdoul Mbaye,1.0,1.8571428571428572,1.0,2.0,3.66,79.3
SEN,SN,Senegal,Sub-Saharan Africa,Lower middle income,2013,Aminata Touré,1.0,1.75,1.0,2.0,3.7,81.4
SEN,SN,Senegal,Sub-Saharan Africa,Lower middle income,2014,Mohamed Dionne,1.0,1.6666666666666667,1.0,3.0,3.7,82.8
SEN,SN,Senegal,Sub-Saharan Africa,Lower middle income,2015,Mohamed Dionne,2.0,1.7777777777777777,0.0,3.0,3.73,82.9
SEN,SN,Senegal,Sub-Saharan Africa,Lower middle income,2016,Mohamed Dionne,3.0,1.8888888888888888,0.0,3.0,3.74,83.6
SEN,SN,Senegal,Sub-Saharan Africa,Lower middle income,2017,Mohamed Dionne,4.0,2.0,0.0,3.0,3.81,82.3
SEN,SN,Senegal,Sub-Saharan Africa,Lower middle income,2018,Mohamed Dionne,5.0,2.111111111111111,0.0,2.0,,79.62828847155544
SEN,SN,Senegal,Sub-Saharan Africa,Lower middle income,2019,,,2.111111111111111,0.0,1.0,,77.2
SEN,SN,Senegal,Sub-Saharan Africa,Lower middle income,2020,,,2.111111111111111,0.0,0.0,,74.5646477541905
SEN,SN,Senegal,Sub-Saharan Africa,Lower middle income,2021,,,2.111111111111111,0.0,0.0,,73.39999999999999
SEN,SN,Senegal,Sub-Saharan Africa,Lower middle income,2022,Amadou Ba,1.0,2.0,0.0,0.0,,72.10000000000001
SEN,SN,Senegal,Sub-Saharan Africa,Lower middle income,2023,Amadou Ba,2.0,2.1,0.0,0.0,,71.50000000000001
SEN,SN,Senegal,Sub-Saharan Africa,Lower middle income,2024,Ousmane Sonko,1.0,2.0,1.0,0.0,,
SGP,SG,Singapore,East Asia & Pacific,High income,2000,Goh Chok Tong,1.0,1.0,0.0,0.0,,
SGP,SG,Singapore,East Asia & Pacific,High income,2001,Goh Chok Tong,2.0,2.0,0.0,0.0,,
SGP,SG,Singapore,East Asia & Pacific,High income,2002,Goh Chok Tong,3.0,3.0,0.0,0.0,,
SGP,SG,Singapore,East Asia & Pacific,High income,2003,Goh Chok Tong,4.0,4.0,0.0,0.0,,
SGP,SG,Singapore,East Asia & Pacific,High income,2004,Lee Hsien Loong,1.0,2.5,1.0,0.0,,
SGP,SG,Singapore,East Asia & Pacific,High income,2005,Lee Hsien Loong,2.0,3.0,0.0,1.0,,
SGP,SG,Singapore,East Asia & Pacific,High income,2006,Lee Hsien Loong,3.0,3.5,0.0,1.0,,30.8
SGP,SG,Singapore,East Asia & Pacific,High income,2007,Lee Hsien Loong,4.0,4.0,0.0,1.0,5.45,33.0
SGP,SG,Singapore,East Asia & Pacific,High income,2008,Lee Hsien Loong,5.0,4.5,0.0,1.0,5.53,33.3
SGP,SG,Singapore,East Asia & Pacific,High income,2009,Lee Hsien Loong,6.0,5.0,0.0,1.0,5.55,33.8
SGP,SG,Singapore,East Asia & Pacific,High income,2010,Lee Hsien Loong,7.0,5.5,0.0,0.0,5.48,34.8
SGP,SG,Singapore,East Asia & Pacific,High income,2011,Lee Hsien Loong,8.0,6.0,0.0,0.0,5.63,35.1
SGP,SG,Singapore,East Asia & Pacific,High income,2012,Lee Hsien Loong,9.0,6.5,0.0,0.0,5.67,35.6
SGP,SG,Singapore,East Asia & Pacific,High income,2013,Lee Hsien Loong,10.0,7.0,0.0,0.0,5.61,34.0
SGP,SG,Singapore,East Asia & Pacific,High income,2014,Lee Hsien Loong,11.0,7.5,0.0,0.0,5.65,35.9
SGP,SG,Singapore,East Asia & Pacific,High income,2015,Lee Hsien Loong,12.0,8.0,0.0,0.0,5.68,34.4
SGP,SG,Singapore,East Asia & Pacific,High income,2016,Lee Hsien Loong,13.0,8.5,0.0,0.0,5.72,32.9
SGP,SG,Singapore,East Asia & Pacific,High income,2017,Lee Hsien Loong,14.0,9.0,0.0,0.0,5.71,32.5
SGP,SG,Singapore,East Asia & Pacific,High income,2018,Lee Hsien Loong,15.0,9.5,0.0,0.0,,30.421202731235
SGP,SG,Singapore,East Asia & Pacific,High income,2019,Lee Hsien Loong,16.0,10.0,0.0,0.0,,28.1
SGP,SG,Singapore,East Asia & Pacific,High income,2020,Lee Hsien Loong,17.0,10.5,0.0,0.0,,26.3261946557654
SGP,SG,Singapore,East Asia & Pacific,High income,2021,Lee Hsien Loong,18.0,11.0,0.0,0.0,,26.6
SGP,SG,Singapore,East Asia & Pacific,High income,2022,Lee Hsien Loong,19.0,11.5,0.0,0.0,,25.799999999999997
SGP,SG,Singapore,East Asia & Pacific,High income,2023,Lee Hsien Loong,20.0,12.0,0.0,0.0,,25.499999999999996
SGP,SG,Singapore,East Asia & Pacific,High income,2024,Lawrence Wong,1.0,8.333333333333334,1.0,0.0,,
SLB,SB,Solomon Islands,East Asia & Pacific,Lower middle income,2000,Manasseh Damukana Sogavare,1.0,1.0,0.0,0.0,,
SLB,SB,Solomon Islands,East Asia & Pacific,Lower middle income,2001,Allan Kemakeza,1.0,1.0,1.0,0.0,,
SLB,SB,Solomon Islands,East Asia & Pacific,Lower middle income,2002,Allan Kemakeza,2.0,1.5,0.0,1.0,,
SLB,SB,Solomon Islands,East Asia & Pacific,Lower middle income,2003,Allan Kemakeza,3.0,2.0,0.0,1.0,,
SLB,SB,Solomon Islands,East Asia & Pacific,Lower middle income,2004,Allan Kemakeza,4.0,2.5,0.0,1.0,,
SLB,SB,Solomon Islands,East Asia & Pacific,Lower middle income,2005,Allan Kemakeza,5.0,3.0,0.0,1.0,,
SLB,SB,Solomon Islands,East Asia & Pacific,Lower middle income,2006,Manasseh Damukana Sogavare,1.0,2.3333333333333335,1.0,1.0,,
SLB,SB,Solomon Islands,East Asia & Pacific,Lower middle income,2007,Derek Sikua,1.0,2.0,1.0,1.0,,92.0
SLB,SB,Solomon Islands,East Asia & Pacific,Lower middle income,2008,Derek Sikua,2.0,2.25,0.0,2.0,,92.4
SLB,SB,Solomon Islands,East Asia & Pacific,Lower middle income,2009,Derek Sikua,3.0,2.5,0.0,2.0,,89.6
SLB,SB,Solomon Islands,East Asia & Pacific,Lower middle income,2010,Danny Philip,1.0,2.2,1.0,2.0,,88.6
SLB,SB,Solomon Islands,East Asia & Pacific,Lower middle income,2011,Gordon Darcy Lilo,1.0,2.0,1.0,3.0,,85.9
SLB,SB,Solomon Islands,East Asia & Pacific,Lower middle income,2012,Gordon Darcy Lilo,2.0,2.1666666666666665,0.0,3.0,,85.6
SLB,SB,Solomon Islands,East Asia & Pacific,Lower middle income,2013,Gordon Darcy Lilo,3.0,2.3333333333333335,0.0,2.0,,85.2
SLB,SB,Solomon Islands,East Asia & Pacific,Lower middle income,2014,Manasseh Damukana Sogavare,1.0,2.142857142857143,1.0,2.0,,86.4
SLB,SB,Solomon Islands,East Asia & Pacific,Lower middle income,2015,Manasseh Damukana Sogavare,2.0,2.2857142857142856,0.0,3.0,,85.9
SLB,SB,Solomon Islands,East Asia & Pacific,Lower middle income,2016,Manasseh Damukana Sogavare,3.0,2.4285714285714284,0.0,2.0,,85.3
SLB,SB,Solomon Islands,East Asia & Pacific,Lower middle income,2017,Rick 'Hou' Houenipwela,1.0,2.25,1.0,1.0,,84.8
SLB,SB,Solomon Islands,East Asia & Pacific,Lower middle income,2018,Rick 'Hou' Houenipwela,2.0,2.375,0.0,2.0,,83.10491831793692
SLB,SB,Solomon Islands,East Asia & Pacific,Lower middle income,2019,Manasseh Damukana Sogavare,1.0,2.2222222222222223,1.0,2.0,,81.9
SLB,SB,Solomon Islands,East Asia & Pacific,Lower middle income,2020,Manasseh Damukana Sogavare,2.0,2.3333333333333335,0.0,2.0,,79.74524648137532
SLB,SB,Solomon Islands,East Asia & Pacific,Lower middle income,2021,Manasseh Damukana Sogavare,3.0,2.4444444444444446,0.0,2.0,,79.30000000000001
SLB,SB,Solomon Islands,East Asia & Pacific,Lower middle income,2022,Manasseh Damukana Sogavare,4.0,2.5555555555555554,0.0,2.0,,80.39999999999999
SLB,SB,Solomon Islands,East Asia & Pacific,Lower middle income,2023,Manasseh Damukana Sogavare,5.0,2.6666666666666665,0.0,1.0,,79.60000000000001
SLB,SB,Solomon Islands,East Asia & Pacific,Lower middle income,2024,Jeremiah Manele,1.0,2.5,1.0,1.0,,
SLE,SL,Sierra Leone,Sub-Saharan Africa,Low income,2000,,,,0.0,0.0,,
SLE,SL,Sierra Leone,Sub-Saharan Africa,Low income,2001,,,,0.0,0.0,,
SLE,SL,Sierra Leone,Sub-Saharan Africa,Low income,2002,,,,0.0,0.0,,
SLE,SL,Sierra Leone,Sub-Saharan Africa,Low income,2003,,,,0.0,0.0,,
SLE,SL,Sierra Leone,Sub-Saharan Africa,Low income,2004,,,,0.0,0.0,,
SLE,SL,Sierra Leone,Sub-Saharan Africa,Low income,2005,,,,0.0,0.0,,
SLE,SL,Sierra Leone,Sub-Saharan Africa,Low income,2006,,,,0.0,0.0,,96.6
SLE,SL,Sierra Leone,Sub-Saharan Africa,Low income,2007,,,,0.0,0.0,,93.4
SLE,SL,Sierra Leone,Sub-Saharan Africa,Low income,2008,,,,0.0,0.0,,92.3
SLE,SL,Sierra Leone,Sub-Saharan Africa,Low income,2009,,,,0.0,0.0,,92.1
SLE,SL,Sierra Leone,Sub-Saharan Africa,Low income,2010,,,,0.0,0.0,,93.6
SLE,SL,Sierra Leone,Sub-Saharan Africa,Low income,2011,,,,0.0,0.0,,92.1
SLE,SL,Sierra Leone,Sub-Saharan Africa,Low income,2012,,,,0.0,0.0,2.82,90.4
SLE,SL,Sierra Leone,Sub-Saharan Africa,Low income,2013,,,,0.0,0.0,3.01,91.2
SLE,SL,Sierra Leone,Sub-Saharan Africa,Low income,2014,,,,0.0,0.0,3.1,89.9
SLE,SL,Sierra Leone,Sub-Saharan Africa,Low income,2015,,,,0.0,0.0,3.06,91.9
SLE,SL,Sierra Leone,Sub-Saharan Africa,Low income,2016,,,,0.0,0.0,3.16,91.0
SLE,SL,Sierra Leone,Sub-Saharan Africa,Low income,2017,,,,0.0,0.0,3.2,89.3
SLE,SL,Sierra Leone,Sub-Saharan Africa,Low income,2018,,,,0.0,0.0,,89.08699644672271
SLE,SL,Sierra Leone,Sub-Saharan Africa,Low income,2019,,,,0.0,0.0,,86.8
SLE,SL,Sierra Leone,Sub-Saharan Africa,Low income,2020,,,,0.0,0.0,,84.35580251344358
SLE,SL,Sierra Leone,Sub-Saharan Africa,Low income,2021,,,,0.0,0.0,,83.4
SLE,SL,Sierra Leone,Sub-Saharan Africa,Low income,2022,,,,0.0,0.0,,82.39999999999999
SLE,SL,Sierra Leone,Sub-Saharan Africa,Low income,2023,,,,0.0,0.0,,81.39999999999999
SLE,SL,Sierra Leone,Sub-Saharan Africa,Low income,2024,,,,0.0,0.0,,
SLV,SV,El Salvador,Latin America & Caribbean,Upper middle income,2000,,,,0.0,0.0,,
SLV,SV,El Salvador,Latin America & Caribbean,Upper middle income,2001,,,,0.0,0.0,,
SLV,SV,El Salvador,Latin America & Caribbean,Upper middle income,2002,,,,0.0,0.0,,
SLV,SV,El Salvador,Latin America & Caribbean,Upper middle income,2003,,,,0.0,0.0,,
SLV,SV,El Salvador,Latin America & Caribbean,Upper middle income,2004,,,,0.0,0.0,,
SLV,SV,El Salvador,Latin America & Caribbean,Upper middle income,2005,,,,0.0,0.0,,
SLV,SV,El Salvador,Latin America & Caribbean,Upper middle income,2006,,,,0.0,0.0,,76.1
SLV,SV,El Salvador,Latin America & Caribbean,Upper middle income,2007,,,,0.0,0.0,4.05,74.9
SLV,SV,El Salvador,Latin America & Caribbean,Upper middle income,2008,,,,0.0,0.0,3.99,75.5
SLV,SV,El Salvador,Latin America & Caribbean,Upper middle income,2009,,,,0.0,0.0,4.02,77.2
SLV,SV,El Salvador,Latin America & Caribbean,Upper middle income,2010,,,,0.0,0.0,3.99,78.1
SLV,SV,El Salvador,Latin America & Caribbean,Upper middle income,2011,,,,0.0,0.0,3.89,76.0
SLV,SV,El Salvador,Latin America & Caribbean,Upper middle income,2012,,,,0.0,0.0,3.8,74.4
SLV,SV,El Salvador,Latin America & Caribbean,Upper middle income,2013,,,,0.0,0.0,3.84,73.2
SLV,SV,El Salvador,Latin America & Caribbean,Upper middle income,2014,,,,0.0,0.0,4.01,72.0
SLV,SV,El Salvador,Latin America & Caribbean,Upper middle income,2015,,,,0.0,0.0,3.87,71.4
SLV,SV,El Salvador,Latin America & Caribbean,Upper middle income,2016,,,,0.0,0.0,3.81,72.5
SLV,SV,El Salvador,Latin America & Caribbean,Upper middle income,2017,,,,0.0,0.0,3.77,73.1
SLV,SV,El Salvador,Latin America & Caribbean,Upper middle income,2018,,,,0.0,0.0,,71.16006105064231
SLV,SV,El Salvador,Latin America & Caribbean,Upper middle income,2019,,,,0.0,0.0,,69.8
SLV,SV,El Salvador,Latin America & Caribbean,Upper middle income,2020,,,,0.0,0.0,,68.89464371164277
SLV,SV,El Salvador,Latin America & Caribbean,Upper middle income,2021,,,,0.0,0.0,,71.6
SLV,SV,El Salvador,Latin America & Caribbean,Upper middle income,2022,,,,0.0,0.0,,70.8
SLV,SV,El Salvador,Latin America & Caribbean,Upper middle income,2023,,,,0.0,0.0,,69.3
SLV,SV,El Salvador,Latin America & Caribbean,Upper middle income,2024,,,,0.0,0.0,,
SMR,SM,San Marino,Europe & Central Asia,High income,2000,,,,,,,
SMR,SM,San Marino,Europe & Central Asia,High income,2001,,,,,,,
SMR,SM,San Marino,Europe & Central Asia,High income,2002,,,,,,,
SMR,SM,San Marino,Europe & Central Asia,High income,2003,,,,,,,
SMR,SM,San Marino,Europe & Central Asia,High income,2004,,,,,,,
SMR,SM,San Marino,Europe & Central Asia,High income,2005,,,,,,,
SMR,SM,San Marino,Europe & Central Asia,High income,2006,,,,,,,
SMR,SM,San Marino,Europe & Central Asia,High income,2007,,,,,,,
SMR,SM,San Marino,Europe & Central Asia,High income,2008,,,,,,,
SMR,SM,San Marino,Europe & Central Asia,High income,2009,,,,,,,
SMR,SM,San Marino,Europe & Central Asia,High income,2010,,,,,,,
SMR,SM,San Marino,Europe & Central Asia,High income,2011,,,,,,,
SMR,SM,San Marino,Europe & Central Asia,High income,2012,,,,,,,
SMR,SM,San Marino,Europe & Central Asia,High income,2013,,,,,,,
SMR,SM,San Marino,Europe & Central Asia,High income,2014,,,,,,,
SMR,SM,San Marino,Europe & Central Asia,High income,2015,,,,,,,
SMR,SM,San Marino,Europe & Central Asia,High income,2016,,,,,,,
SMR,SM,San Marino,Europe & Central Asia,High income,2017,,,,,,,
SMR,SM,San Marino,Europe & Central Asia,High income,2018,,,,,,,
SMR,SM,San Marino,Europe & Central Asia,High income,2019,,,,,,,
SMR,SM,San Marino,Europe & Central Asia,High income,2020,,,,,,,
SMR,SM,San Marino,Europe & Central Asia,High income,2021,,,,,,,
SMR,SM,San Marino,Europe & Central Asia,High income,2022,,,,,,,
SMR,SM,San Marino,Europe & Central Asia,High income,2023,,,,,,,
SMR,SM,San Marino,Europe & Central Asia,High income,2024,,,,,,,
SOM,SO,"Somalia, Fed. Rep.",Sub-Saharan Africa,Low income,2000,Ali Khalif Galaid,1.0,1.0,0.0,0.0,,
SOM,SO,"Somalia, Fed. Rep.",Sub-Saharan Africa,Low income,2001,Hassan Abshir Farah,1.0,1.0,1.0,0.0,,
SOM,SO,"Somalia, Fed. Rep.",Sub-Saharan Africa,Low income,2002,Hassan Abshir Farah,2.0,1.5,0.0,1.0,,
SOM,SO,"Somalia, Fed. Rep.",Sub-Saharan Africa,Low income,2003,Muhammad Abdi Yusuf,1.0,1.3333333333333333,1.0,1.0,,
SOM,SO,"Somalia, Fed. Rep.",Sub-Saharan Africa,Low income,2004,Muhammad Abdi Yusuf,2.0,1.6666666666666667,0.0,2.0,,
SOM,SO,"Somalia, Fed. Rep.",Sub-Saharan Africa,Low income,2005,Ali Muhammad Ghedi,1.0,1.5,1.0,2.0,,
SOM,SO,"Somalia, Fed. Rep.",Sub-Saharan Africa,Low income,2006,Ali Muhammad Ghedi,2.0,1.75,0.0,3.0,,105.9
SOM,SO,"Somalia, Fed. Rep.",Sub-Saharan Africa,Low income,2007,Nur Hassan Hussein,1.0,1.6,1.0,2.0,,111.1
SOM,SO,"Somalia, Fed. Rep.",Sub-Saharan Africa,Low income,2008,Nur Hassan Hussein,2.0,1.8,0.0,3.0,,114.2
SOM,SO,"Somalia, Fed. Rep.",Sub-Saharan Africa,Low income,2009,Omar Abdirashid Ali Sharmarke,1.0,1.6666666666666667,1.0,2.0,,114.7
SOM,SO,"Somalia, Fed. Rep.",Sub-Saharan Africa,Low income,2010,Mohamed Abdullahi Mohamed,1.0,1.5714285714285714,1.0,3.0,,114.3
SOM,SO,"Somalia, Fed. Rep.",Sub-Saharan Africa,Low income,2011,Abdiweli Mohamed Ali,1.0,1.5,1.0,3.0,,113.4
SOM,SO,"Somalia, Fed. Rep.",Sub-Saharan Africa,Low income,2012,Abdiweli Mohamed Ali,2.0,1.625,0.0,4.0,,114.9
SOM,SO,"Somalia, Fed. Rep.",Sub-Saharan Africa,Low income,2013,Abdiweli Sheikh Ahmed,1.0,1.5555555555555556,1.0,3.0,,113.9
SOM,SO,"Somalia, Fed. Rep.",Sub-Saharan Africa,Low income,2014,Omar Abdirashid Ali Sharmarke,1.0,1.5,1.0,4.0,,112.6
SOM,SO,"Somalia, Fed. Rep.",Sub-Saharan Africa,Low income,2015,Omar Abdirashid Ali Sharmarke,2.0,1.6,0.0,4.0,,114.0
SOM,SO,"Somalia, Fed. Rep.",Sub-Saharan Africa,Low income,2016,Omar Abdirashid Ali Sharmarke,3.0,1.7,0.0,3.0,,114.0
SOM,SO,"Somalia, Fed. Rep.",Sub-Saharan Africa,Low income,2017,Hassan Ali Khayre,1.0,1.6363636363636365,1.0,2.0,,113.4
SOM,SO,"Somalia, Fed. Rep.",Sub-Saharan Africa,Low income,2018,Hassan Ali Khayre,2.0,1.7272727272727273,0.0,3.0,,113.20079608219345
SOM,SO,"Somalia, Fed. Rep.",Sub-Saharan Africa,Low income,2019,Hassan Ali Khayre,3.0,1.8181818181818181,0.0,2.0,,112.3
SOM,SO,"Somalia, Fed. Rep.",Sub-Saharan Africa,Low income,2020,Mohamed Hussein Roble,1.0,1.75,1.0,1.0,,110.88895932474605
SOM,SO,"Somalia, Fed. Rep.",Sub-Saharan Africa,Low income,2021,Mohamed Hussein Roble,2.0,1.8333333333333333,0.0,2.0,,110.9
SOM,SO,"Somalia, Fed. Rep.",Sub-Saharan Africa,Low income,2022,Hamza Abdi Barre,1.0,1.7692307692307692,1.0,2.0,,110.5
SOM,SO,"Somalia, Fed. Rep.",Sub-Saharan Africa,Low income,2023,Hamza Abdi Barre,2.0,1.8461538461538463,0.0,2.0,,111.89999999999999
SOM,SO,"Somalia, Fed. Rep.",Sub-Saharan Africa,Low income,2024,Hamza Abdi Barre,3.0,1.9230769230769231,0.0,2.0,,
SRB,RS,Serbia,Europe & Central Asia,Upper middle income,2000,Mirko Marjanovic,1.0,1.0,0.0,0.0,,
SRB,RS,Serbia,Europe & Central Asia,Upper middle income,2001,Zoran Djindjic,1.0,1.0,1.0,0.0,,
SRB,RS,Serbia,Europe & Central Asia,Upper middle income,2002,Zoran Djindjic,2.0,1.5,0.0,1.0,,
SRB,RS,Serbia,Europe & Central Asia,Upper middle income,2003,Zoran Zivkovic,1.0,1.3333333333333333,1.0,1.0,,
SRB,RS,Serbia,Europe & Central Asia,Upper middle income,2004,Vojislav Kostunica,1.0,1.25,1.0,2.0,,
SRB,RS,Serbia,Europe & Central Asia,Upper middle income,2005,Vojislav Kostunica,2.0,1.5,0.0,3.0,,
SRB,RS,Serbia,Europe & Central Asia,Upper middle income,2006,Vojislav Kostunica,3.0,1.75,0.0,3.0,,83.8
SRB,RS,Serbia,Europe & Central Asia,Upper middle income,2007,Vojislav Kostunica,4.0,2.0,0.0,2.0,3.78,81.1
SRB,RS,Serbia,Europe & Central Asia,Upper middle income,2008,Mirko Cvetkovic,1.0,1.8,1.0,2.0,3.9,80.1
SRB,RS,Serbia,Europe & Central Asia,Upper middle income,2009,Mirko Cvetkovic,2.0,2.0,0.0,2.0,3.77,79.2
SRB,RS,Serbia,Europe & Central Asia,Upper middle income,2010,Mirko Cvetkovic,3.0,2.2,0.0,1.0,3.84,77.8
SRB,RS,Serbia,Europe & Central Asia,Upper middle income,2011,Mirko Cvetkovic,4.0,2.4,0.0,1.0,3.88,74.4
SRB,RS,Serbia,Europe & Central Asia,Upper middle income,2012,Ivica Dacic,1.0,2.1666666666666665,1.0,1.0,3.87,75.0
SRB,RS,Serbia,Europe & Central Asia,Upper middle income,2013,Ivica Dacic,2.0,2.3333333333333335,0.0,2.0,3.77,74.4
SRB,RS,Serbia,Europe & Central Asia,Upper middle income,2014,Aleksandar Vucic,1.0,2.142857142857143,1.0,1.0,3.9,72.0
SRB,RS,Serbia,Europe & Central Asia,Upper middle income,2015,Aleksandar Vucic,2.0,2.2857142857142856,0.0,2.0,3.89,73.8
SRB,RS,Serbia,Europe & Central Asia,Upper middle income,2016,Aleksandar Vucic,3.0,2.4285714285714284,0.0,2.0,3.97,72.0
SRB,RS,Serbia,Europe & Central Asia,Upper middle income,2017,Ana Brnabic,1.0,2.25,1.0,2.0,4.14,70.0
SRB,RS,Serbia,Europe & Central Asia,Upper middle income,2018,Ana Brnabic,2.0,2.375,0.0,2.0,,68.0600623653456
SRB,RS,Serbia,Europe & Central Asia,Upper middle income,2019,Ana Brnabic,3.0,2.5,0.0,2.0,,68.0
SRB,RS,Serbia,Europe & Central Asia,Upper middle income,2020,Ana Brnabic,4.0,2.625,0.0,1.0,,66.11626143786188
SRB,RS,Serbia,Europe & Central Asia,Upper middle income,2021,Ana Brnabic,5.0,2.75,0.0,1.0,,67.4
SRB,RS,Serbia,Europe & Central Asia,Upper middle income,2022,Ana Brnabic,6.0,2.875,0.0,1.0,,67.8
SRB,RS,Serbia,Europe & Central Asia,Upper middle income,2023,Ana Brnabic,7.0,3.0,0.0,0.0,,67.9
SRB,RS,Serbia,Europe & Central Asia,Upper middle income,2024,Miloš Vučević,1.0,2.7777777777777777,1.0,0.0,,
SSD,SS,South Sudan,Sub-Saharan Africa,Low income,2000,,,,,,,
SSD,SS,South Sudan,Sub-Saharan Africa,Low income,2001,,,,,,,
SSD,SS,South Sudan,Sub-Saharan Africa,Low income,2002,,,,,,,
SSD,SS,South Sudan,Sub-Saharan Africa,Low income,2003,,,,,,,
SSD,SS,South Sudan,Sub-Saharan Africa,Low income,2004,,,,,,,
SSD,SS,South Sudan,Sub-Saharan Africa,Low income,2005,,,,,,,
SSD,SS,South Sudan,Sub-Saharan Africa,Low income,2006,,,,,,,
SSD,SS,South Sudan,Sub-Saharan Africa,Low income,2007,,,,,,,
SSD,SS,South Sudan,Sub-Saharan Africa,Low income,2008,,,,,,,
SSD,SS,South Sudan,Sub-Saharan Africa,Low income,2009,,,,,,,
SSD,SS,South Sudan,Sub-Saharan Africa,Low income,2010,,,,,,,
SSD,SS,South Sudan,Sub-Saharan Africa,Low income,2011,,,,0.0,0.0,,
SSD,SS,South Sudan,Sub-Saharan Africa,Low income,2012,,,,0.0,0.0,,108.4
SSD,SS,South Sudan,Sub-Saharan Africa,Low income,2013,,,,0.0,0.0,,110.6
SSD,SS,South Sudan,Sub-Saharan Africa,Low income,2014,,,,0.0,0.0,,112.9
SSD,SS,South Sudan,Sub-Saharan Africa,Low income,2015,,,,0.0,0.0,,114.5
SSD,SS,South Sudan,Sub-Saharan Africa,Low income,2016,,,,0.0,0.0,,113.8
SSD,SS,South Sudan,Sub-Saharan Africa,Low income,2017,,,,0.0,0.0,,113.9
SSD,SS,South Sudan,Sub-Saharan Africa,Low income,2018,,,,0.0,0.0,,113.35731518994112
SSD,SS,South Sudan,Sub-Saharan Africa,Low income,2019,,,,0.0,0.0,,112.2
SSD,SS,South Sudan,Sub-Saharan Africa,Low income,2020,,,,0.0,0.0,,110.75219038198196
SSD,SS,South Sudan,Sub-Saharan Africa,Low income,2021,,,,0.0,0.0,,109.4
SSD,SS,South Sudan,Sub-Saharan Africa,Low income,2022,,,,0.0,0.0,,108.39999999999999
SSD,SS,South Sudan,Sub-Saharan Africa,Low income,2023,,,,0.0,0.0,,108.50000000000001
SSD,SS,South Sudan,Sub-Saharan Africa,Low income,2024,,,,0.0,0.0,,
STP,ST,Sao Tome and Principe,Sub-Saharan Africa,Lower middle income,2000,Guilherme Posser de Costa,1.0,1.0,0.0,0.0,,
STP,ST,Sao Tome and Principe,Sub-Saharan Africa,Lower middle income,2001,Evaristo do Espírito Santo Carvalho,1.0,1.0,1.0,0.0,,
STP,ST,Sao Tome and Principe,Sub-Saharan Africa,Lower middle income,2002,Mariadas Neves Ceita Baptista de Sousa,1.0,1.0,1.0,1.0,,
STP,ST,Sao Tome and Principe,Sub-Saharan Africa,Lower middle income,2003,Mariadas Neves Ceita Baptista de Sousa,2.0,1.3333333333333333,0.0,2.0,,
STP,ST,Sao Tome and Principe,Sub-Saharan Africa,Lower middle income,2004,Damião Vaz d'Almeida,1.0,1.25,1.0,2.0,,
STP,ST,Sao Tome and Principe,Sub-Saharan Africa,Lower middle income,2005,Mariado Carmo Trovoada Pires de Carvalho Silveira,1.0,1.2,1.0,3.0,,
STP,ST,Sao Tome and Principe,Sub-Saharan Africa,Lower middle income,2006,Tomé Soares da Vera Cruz,1.0,1.1666666666666667,1.0,4.0,,
STP,ST,Sao Tome and Principe,Sub-Saharan Africa,Lower middle income,2007,Tomé Soares da Vera Cruz,2.0,1.3333333333333333,0.0,4.0,,78.6
STP,ST,Sao Tome and Principe,Sub-Saharan Africa,Lower middle income,2008,Joaquim Rafael Branco,1.0,1.2857142857142858,1.0,3.0,,78.3
STP,ST,Sao Tome and Principe,Sub-Saharan Africa,Lower middle income,2009,Joaquim Rafael Branco,2.0,1.4285714285714286,0.0,4.0,,76.7
STP,ST,Sao Tome and Principe,Sub-Saharan Africa,Lower middle income,2010,Patrice Emery Trovoada,1.0,1.375,1.0,3.0,,75.8
STP,ST,Sao Tome and Principe,Sub-Saharan Africa,Lower middle income,2011,Patrice Emery Trovoada,2.0,1.5,0.0,3.0,,74.5
STP,ST,Sao Tome and Principe,Sub-Saharan Africa,Lower middle income,2012,Gabriel Arcanjo Ferreirada Costa,1.0,1.4444444444444444,1.0,2.0,,73.9
STP,ST,Sao Tome and Principe,Sub-Saharan Africa,Lower middle income,2013,Gabriel Arcanjo Ferreirada Costa,2.0,1.5555555555555556,0.0,3.0,,74.6
STP,ST,Sao Tome and Principe,Sub-Saharan Africa,Lower middle income,2014,Patrice Emery Trovoada,1.0,1.5,1.0,2.0,,75.8
STP,ST,Sao Tome and Principe,Sub-Saharan Africa,Lower middle income,2015,Patrice Emery Trovoada,2.0,1.6,0.0,3.0,,73.7
STP,ST,Sao Tome and Principe,Sub-Saharan Africa,Lower middle income,2016,Patrice Emery Trovoada,3.0,1.7,0.0,2.0,,72.9
STP,ST,Sao Tome and Principe,Sub-Saharan Africa,Lower middle income,2017,Patrice Emery Trovoada,4.0,1.8,0.0,2.0,,72.1
STP,ST,Sao Tome and Principe,Sub-Saharan Africa,Lower middle income,2018,Jorge Lopes Bom Jesus,1.0,1.7272727272727273,1.0,1.0,,72.1307816493097
STP,ST,Sao Tome and Principe,Sub-Saharan Africa,Lower middle income,2019,Jorge Lopes Bom Jesus,2.0,1.8181818181818181,0.0,2.0,,71.1
STP,ST,Sao Tome and Principe,Sub-Saharan Africa,Lower middle income,2020,Jorge Lopes Bom Jesus,3.0,1.9090909090909092,0.0,1.0,,70.28190046461518
STP,ST,Sao Tome and Principe,Sub-Saharan Africa,Lower middle income,2021,Jorge Lopes Bom Jesus,4.0,2.0,0.0,1.0,,71.5
STP,ST,Sao Tome and Principe,Sub-Saharan Africa,Lower middle income,2022,Patrice Emery Trovoada,1.0,1.9166666666666667,1.0,1.0,,70.4
STP,ST,Sao Tome and Principe,Sub-Saharan Africa,Lower middle income,2023,Patrice Emery Trovoada,2.0,2.0,0.0,2.0,,69.7
STP,ST,Sao Tome and Principe,Sub-Saharan Africa,Lower middle income,2024,Patrice Emery Trovoada,3.0,2.0833333333333335,0.0,1.0,,
SUR,SR,Suriname,Latin America & Caribbean,Upper middle income,2000,,,,0.0,0.0,,
SUR,SR,Suriname,Latin America & Caribbean,Upper middle income,2001,,,,0.0,0.0,,
SUR,SR,Suriname,Latin America & Caribbean,Upper middle income,2002,,,,0.0,0.0,,
SUR,SR,Suriname,Latin America & Caribbean,Upper middle income,2003,,,,0.0,0.0,,
SUR,SR,Suriname,Latin America & Caribbean,Upper middle income,2004,,,,0.0,0.0,,
SUR,SR,Suriname,Latin America & Caribbean,Upper middle income,2005,,,,0.0,0.0,,
SUR,SR,Suriname,Latin America & Caribbean,Upper middle income,2006,,,,0.0,0.0,,
SUR,SR,Suriname,Latin America & Caribbean,Upper middle income,2007,,,,0.0,0.0,,73.9
SUR,SR,Suriname,Latin America & Caribbean,Upper middle income,2008,,,,0.0,0.0,,72.4
SUR,SR,Suriname,Latin America & Caribbean,Upper middle income,2009,,,,0.0,0.0,,73.2
SUR,SR,Suriname,Latin America & Caribbean,Upper middle income,2010,,,,0.0,0.0,,72.5
SUR,SR,Suriname,Latin America & Caribbean,Upper middle income,2011,,,,0.0,0.0,3.67,71.1
SUR,SR,Suriname,Latin America & Caribbean,Upper middle income,2012,,,,0.0,0.0,3.68,71.2
SUR,SR,Suriname,Latin America & Caribbean,Upper middle income,2013,,,,0.0,0.0,3.75,71.2
SUR,SR,Suriname,Latin America & Caribbean,Upper middle income,2014,,,,0.0,0.0,3.71,70.6
SUR,SR,Suriname,Latin America & Caribbean,Upper middle income,2015,,,,0.0,0.0,,68.4
SUR,SR,Suriname,Latin America & Caribbean,Upper middle income,2016,,,,0.0,0.0,,66.7
SUR,SR,Suriname,Latin America & Caribbean,Upper middle income,2017,,,,0.0,0.0,,65.9
SUR,SR,Suriname,Latin America & Caribbean,Upper middle income,2018,,,,0.0,0.0,,64.01235952203785
SUR,SR,Suriname,Latin America & Caribbean,Upper middle income,2019,,,,0.0,0.0,,61.9
SUR,SR,Suriname,Latin America & Caribbean,Upper middle income,2020,,,,0.0,0.0,,60.12230683109472
SUR,SR,Suriname,Latin America & Caribbean,Upper middle income,2021,,,,0.0,0.0,,61.50000000000001
SUR,SR,Suriname,Latin America & Caribbean,Upper middle income,2022,,,,0.0,0.0,,60.800000000000004
SUR,SR,Suriname,Latin America & Caribbean,Upper middle income,2023,,,,0.0,0.0,,59.699999999999996
SUR,SR,Suriname,Latin America & Caribbean,Upper middle income,2024,,,,0.0,0.0,,
SVK,SK,Slovak Republic,Europe & Central Asia,High income,2000,Mikulás Dzurinda,1.0,1.0,0.0,0.0,,
SVK,SK,Slovak Republic,Europe & Central Asia,High income,2001,Mikulás Dzurinda,2.0,2.0,0.0,0.0,,
SVK,SK,Slovak Republic,Europe & Central Asia,High income,2002,Mikulás Dzurinda,3.0,3.0,0.0,0.0,,
SVK,SK,Slovak Republic,Europe & Central Asia,High income,2003,Mikulás Dzurinda,4.0,4.0,0.0,0.0,,
SVK,SK,Slovak Republic,Europe & Central Asia,High income,2004,Mikulás Dzurinda,5.0,5.0,0.0,0.0,,
SVK,SK,Slovak Republic,Europe & Central Asia,High income,2005,Mikulás Dzurinda,6.0,6.0,0.0,0.0,,
SVK,SK,Slovak Republic,Europe & Central Asia,High income,2006,Robert Fico,1.0,3.5,1.0,0.0,,49.9
SVK,SK,Slovak Republic,Europe & Central Asia,High income,2007,Robert Fico,2.0,4.0,0.0,1.0,4.45,49.3
SVK,SK,Slovak Republic,Europe & Central Asia,High income,2008,Robert Fico,3.0,4.5,0.0,1.0,4.4,48.8
SVK,SK,Slovak Republic,Europe & Central Asia,High income,2009,Robert Fico,4.0,5.0,0.0,1.0,4.31,48.6
SVK,SK,Slovak Republic,Europe & Central Asia,High income,2010,Iveta Radicová,1.0,3.6666666666666665,1.0,1.0,4.25,48.8
SVK,SK,Slovak Republic,Europe & Central Asia,High income,2011,Iveta Radicová,2.0,4.0,0.0,2.0,4.19,47.1
SVK,SK,Slovak Republic,Europe & Central Asia,High income,2012,Robert Fico,1.0,3.25,1.0,1.0,4.14,47.4
SVK,SK,Slovak Republic,Europe & Central Asia,High income,2013,Robert Fico,2.0,3.5,0.0,2.0,4.1,45.3
SVK,SK,Slovak Republic,Europe & Central Asia,High income,2014,Robert Fico,3.0,3.75,0.0,2.0,4.15,45.3
SVK,SK,Slovak Republic,Europe & Central Asia,High income,2015,Robert Fico,4.0,4.0,0.0,2.0,4.22,42.6
SVK,SK,Slovak Republic,Europe & Central Asia,High income,2016,Robert Fico,5.0,4.25,0.0,1.0,4.28,44.9
SVK,SK,Slovak Republic,Europe & Central Asia,High income,2017,Robert Fico,6.0,4.5,0.0,1.0,4.33,44.3
SVK,SK,Slovak Republic,Europe & Central Asia,High income,2018,Peter Pellegrini,1.0,3.8,1.0,0.0,,42.47488888000861
SVK,SK,Slovak Republic,Europe & Central Asia,High income,2019,Peter Pellegrini,2.0,4.0,0.0,1.0,,40.5
SVK,SK,Slovak Republic,Europe & Central Asia,High income,2020,Igor Matovic,1.0,3.5,1.0,1.0,,38.22181460375541
SVK,SK,Slovak Republic,Europe & Central Asia,High income,2021,Eduard Heger,1.0,3.142857142857143,1.0,2.0,,39.00000000000001
SVK,SK,Slovak Republic,Europe & Central Asia,High income,2022,Eduard Heger,2.0,3.2857142857142856,0.0,3.0,,37.099999999999994
SVK,SK,Slovak Republic,Europe & Central Asia,High income,2023,Robert Fico,1.0,3.0,1.0,3.0,,37.800000000000004
SVK,SK,Slovak Republic,Europe & Central Asia,High income,2024,Robert Fico,2.0,3.125,0.0,3.0,,
SVN,SI,Slovenia,Europe & Central Asia,High income,2000,Janez Drnovsek,1.0,1.0,0.0,0.0,,
SVN,SI,Slovenia,Europe & Central Asia,High income,2001,Janez Drnovsek,2.0,2.0,0.0,0.0,,
SVN,SI,Slovenia,Europe & Central Asia,High income,2002,Anton Rop,1.0,1.5,1.0,0.0,,
SVN,SI,Slovenia,Europe & Central Asia,High income,2003,Anton Rop,2.0,2.0,0.0,1.0,,
SVN,SI,Slovenia,Europe & Central Asia,High income,2004,Janez Jansa,1.0,1.6666666666666667,1.0,1.0,,
SVN,SI,Slovenia,Europe & Central Asia,High income,2005,Janez Jansa,2.0,2.0,0.0,2.0,,
SVN,SI,Slovenia,Europe & Central Asia,High income,2006,Janez Jansa,3.0,2.3333333333333335,0.0,2.0,,36.8
SVN,SI,Slovenia,Europe & Central Asia,High income,2007,Janez Jansa,4.0,2.6666666666666665,0.0,2.0,4.48,37.5
SVN,SI,Slovenia,Europe & Central Asia,High income,2008,Borut Pahor,1.0,2.25,1.0,1.0,4.5,37.1
SVN,SI,Slovenia,Europe & Central Asia,High income,2009,Borut Pahor,2.0,2.5,0.0,2.0,4.55,36.3
SVN,SI,Slovenia,Europe & Central Asia,High income,2010,Borut Pahor,3.0,2.75,0.0,1.0,4.42,36.0
SVN,SI,Slovenia,Europe & Central Asia,High income,2011,Borut Pahor,4.0,3.0,0.0,1.0,4.3,35.5
SVN,SI,Slovenia,Europe & Central Asia,High income,2012,Janez Jansa,1.0,2.6,1.0,1.0,4.34,34.0
SVN,SI,Slovenia,Europe & Central Asia,High income,2013,Alenka Bratušek,1.0,2.3333333333333335,1.0,2.0,4.25,32.3
SVN,SI,Slovenia,Europe & Central Asia,High income,2014,Miro Cerar,1.0,2.142857142857143,1.0,2.0,4.22,32.6
SVN,SI,Slovenia,Europe & Central Asia,High income,2015,Miro Cerar,2.0,2.2857142857142856,0.0,3.0,4.28,31.5
SVN,SI,Slovenia,Europe & Central Asia,High income,2016,Miro Cerar,3.0,2.4285714285714284,0.0,3.0,4.39,33.9
SVN,SI,Slovenia,Europe & Central Asia,High income,2017,Miro Cerar,4.0,2.5714285714285716,0.0,3.0,4.48,32.4
SVN,SI,Slovenia,Europe & Central Asia,High income,2018,Marjan Šarec,1.0,2.375,1.0,2.0,,30.33350186495465
SVN,SI,Slovenia,Europe & Central Asia,High income,2019,Marjan Šarec,2.0,2.5,0.0,2.0,,28.0
SVN,SI,Slovenia,Europe & Central Asia,High income,2020,Janez Jansa,1.0,2.3333333333333335,1.0,1.0,,25.84648022438141
SVN,SI,Slovenia,Europe & Central Asia,High income,2021,Janez Jansa,2.0,2.4444444444444446,0.0,2.0,,28.2
SVN,SI,Slovenia,Europe & Central Asia,High income,2022,Robert Golob,1.0,2.3,1.0,2.0,,27.7
SVN,SI,Slovenia,Europe & Central Asia,High income,2023,Robert Golob,2.0,2.4,0.0,3.0,,27.299999999999997
SVN,SI,Slovenia,Europe & Central Asia,High income,2024,Robert Golob,3.0,2.5,0.0,2.0,,
SWE,SE,Sweden,Europe & Central Asia,High income,2000,Göran Persson,1.0,1.0,0.0,0.0,,
SWE,SE,Sweden,Europe & Central Asia,High income,2001,Göran Persson,2.0,2.0,0.0,0.0,,
SWE,SE,Sweden,Europe & Central Asia,High income,2002,Göran Persson,3.0,3.0,0.0,0.0,,
SWE,SE,Sweden,Europe & Central Asia,High income,2003,Göran Persson,4.0,4.0,0.0,0.0,,
SWE,SE,Sweden,Europe & Central Asia,High income,2004,Göran Persson,5.0,5.0,0.0,0.0,,
SWE,SE,Sweden,Europe & Central Asia,High income,2005,Göran Persson,6.0,6.0,0.0,0.0,,
SWE,SE,Sweden,Europe & Central Asia,High income,2006,Fredrik Reinfeldt,1.0,3.5,1.0,0.0,,18.2
SWE,SE,Sweden,Europe & Central Asia,High income,2007,Fredrik Reinfeldt,2.0,4.0,0.0,1.0,5.54,19.3
SWE,SE,Sweden,Europe & Central Asia,High income,2008,Fredrik Reinfeldt,3.0,4.5,0.0,1.0,5.53,19.8
SWE,SE,Sweden,Europe & Central Asia,High income,2009,Fredrik Reinfeldt,4.0,5.0,0.0,1.0,5.51,20.6
SWE,SE,Sweden,Europe & Central Asia,High income,2010,Fredrik Reinfeldt,5.0,5.5,0.0,1.0,5.56,20.9
SWE,SE,Sweden,Europe & Central Asia,High income,2011,Fredrik Reinfeldt,6.0,6.0,0.0,1.0,5.61,22.8
SWE,SE,Sweden,Europe & Central Asia,High income,2012,Fredrik Reinfeldt,7.0,6.5,0.0,0.0,5.53,21.3
SWE,SE,Sweden,Europe & Central Asia,High income,2013,Fredrik Reinfeldt,8.0,7.0,0.0,0.0,5.48,19.7
SWE,SE,Sweden,Europe & Central Asia,High income,2014,Stefan Löfven,1.0,5.0,1.0,0.0,5.41,21.4
SWE,SE,Sweden,Europe & Central Asia,High income,2015,Stefan Löfven,2.0,5.333333333333333,0.0,1.0,5.43,20.2
SWE,SE,Sweden,Europe & Central Asia,High income,2016,Stefan Löfven,3.0,5.666666666666667,0.0,1.0,5.53,22.6
SWE,SE,Sweden,Europe & Central Asia,High income,2017,Stefan Löfven,4.0,6.0,0.0,1.0,5.52,22.1
SWE,SE,Sweden,Europe & Central Asia,High income,2018,Stefan Löfven,5.0,6.333333333333333,0.0,1.0,,20.818812325589526
SWE,SE,Sweden,Europe & Central Asia,High income,2019,Stefan Löfven,6.0,6.666666666666667,0.0,1.0,,20.3
SWE,SE,Sweden,Europe & Central Asia,High income,2020,Stefan Löfven,7.0,7.0,0.0,0.0,,18.209201949895153
SWE,SE,Sweden,Europe & Central Asia,High income,2021,Magdalena Andersson,1.0,5.5,1.0,0.0,,21.4
SWE,SE,Sweden,Europe & Central Asia,High income,2022,Ulf Kristersson,1.0,4.6,1.0,1.0,,20.9
SWE,SE,Sweden,Europe & Central Asia,High income,2023,Ulf Kristersson,2.0,4.8,0.0,2.0,,20.6
SWE,SE,Sweden,Europe & Central Asia,High income,2024,Ulf Kristersson,3.0,5.0,0.0,2.0,,
SWZ,SZ,Eswatini,Sub-Saharan Africa,Lower middle income,2000,Barnabas Sibusiso Dlamini,1.0,1.0,0.0,0.0,,
SWZ,SZ,Eswatini,Sub-Saharan Africa,Lower middle income,2001,Barnabas Sibusiso Dlamini,2.0,2.0,0.0,0.0,,
SWZ,SZ,Eswatini,Sub-Saharan Africa,Lower middle income,2002,Barnabas Sibusiso Dlamini,3.0,3.0,0.0,0.0,,
SWZ,SZ,Eswatini,Sub-Saharan Africa,Lower middle income,2003,Prince Themba Dlamini,1.0,2.0,1.0,0.0,,
SWZ,SZ,Eswatini,Sub-Saharan Africa,Lower middle income,2004,Prince Themba Dlamini,2.0,2.5,0.0,1.0,,
SWZ,SZ,Eswatini,Sub-Saharan Africa,Lower middle income,2005,Prince Themba Dlamini,3.0,3.0,0.0,1.0,,
SWZ,SZ,Eswatini,Sub-Saharan Africa,Lower middle income,2006,Prince Themba Dlamini,4.0,3.5,0.0,1.0,,
SWZ,SZ,Eswatini,Sub-Saharan Africa,Lower middle income,2007,Prince Themba Dlamini,5.0,4.0,0.0,1.0,,81.3
SWZ,SZ,Eswatini,Sub-Saharan Africa,Lower middle income,2008,Barnabas Sibusiso Dlamini,1.0,3.0,1.0,1.0,,80.0
SWZ,SZ,Eswatini,Sub-Saharan Africa,Lower middle income,2009,Barnabas Sibusiso Dlamini,2.0,3.3333333333333335,0.0,1.0,,82.4
SWZ,SZ,Eswatini,Sub-Saharan Africa,Lower middle income,2010,Barnabas Sibusiso Dlamini,3.0,3.6666666666666665,0.0,1.0,3.4,82.8
SWZ,SZ,Eswatini,Sub-Saharan Africa,Lower middle income,2011,Barnabas Sibusiso Dlamini,4.0,4.0,0.0,1.0,3.3,82.5
SWZ,SZ,Eswatini,Sub-Saharan Africa,Lower middle income,2012,Barnabas Sibusiso Dlamini,5.0,4.333333333333333,0.0,1.0,3.28,83.5
SWZ,SZ,Eswatini,Sub-Saharan Africa,Lower middle income,2013,Barnabas Sibusiso Dlamini,6.0,4.666666666666667,0.0,1.0,3.52,85.6
SWZ,SZ,Eswatini,Sub-Saharan Africa,Lower middle income,2014,Barnabas Sibusiso Dlamini,7.0,5.0,0.0,0.0,3.55,85.8
SWZ,SZ,Eswatini,Sub-Saharan Africa,Lower middle income,2015,Barnabas Sibusiso Dlamini,8.0,5.333333333333333,0.0,0.0,3.4,86.2
SWZ,SZ,Eswatini,Sub-Saharan Africa,Lower middle income,2016,Barnabas Sibusiso Dlamini,9.0,5.666666666666667,0.0,0.0,,87.6
SWZ,SZ,Eswatini,Sub-Saharan Africa,Lower middle income,2017,Barnabas Sibusiso Dlamini,10.0,6.0,0.0,0.0,3.35,88.8
SWZ,SZ,Eswatini,Sub-Saharan Africa,Lower middle income,2018,Ambrose Mandvulo Dlamini,1.0,4.75,1.0,0.0,,87.54065035971811
SWZ,SZ,Eswatini,Sub-Saharan Africa,Lower middle income,2019,Ambrose Mandvulo Dlamini,2.0,5.0,0.0,1.0,,85.3
SWZ,SZ,Eswatini,Sub-Saharan Africa,Lower middle income,2020,Themba Nhlanganiso Masuku,1.0,4.2,1.0,1.0,,83.0
SWZ,SZ,Eswatini,Sub-Saharan Africa,Lower middle income,2021,Cleopas Sipho Dlamini,1.0,3.6666666666666665,1.0,2.0,,82.5
SWZ,SZ,Eswatini,Sub-Saharan Africa,Lower middle income,2022,Cleopas Sipho Dlamini,2.0,3.8333333333333335,0.0,3.0,,80.4
SWZ,SZ,Eswatini,Sub-Saharan Africa,Lower middle income,2023,Russell Mmiso Dlamini,1.0,3.4285714285714284,1.0,3.0,,79.1
SWZ,SZ,Eswatini,Sub-Saharan Africa,Lower middle income,2024,Russell Mmiso Dlamini,2.0,3.5714285714285716,0.0,3.0,,
SXM,SX,Sint Maarten (Dutch part),Latin America & Caribbean,High income,2000,,,,,,,
SXM,SX,Sint Maarten (Dutch part),Latin America & Caribbean,High income,2001,,,,,,,
SXM,SX,Sint Maarten (Dutch part),Latin America & Caribbean,High income,2002,,,,,,,
SXM,SX,Sint Maarten (Dutch part),Latin America & Caribbean,High income,2003,,,,,,,
SXM,SX,Sint Maarten (Dutch part),Latin America & Caribbean,High income,2004,,,,,,,
SXM,SX,Sint Maarten (Dutch part),Latin America & Caribbean,High income,2005,,,,,,,
SXM,SX,Sint Maarten (Dutch part),Latin America & Caribbean,High income,2006,,,,,,,
SXM,SX,Sint Maarten (Dutch part),Latin America & Caribbean,High income,2007,,,,,,,
SXM,SX,Sint Maarten (Dutch part),Latin America & Caribbean,High income,2008,,,,,,,
SXM,SX,Sint Maarten (Dutch part),Latin America & Caribbean,High income,2009,,,,,,,
SXM,SX,Sint Maarten (Dutch part),Latin America & Caribbean,High income,2010,,,,,,,
SXM,SX,Sint Maarten (Dutch part),Latin America & Caribbean,High income,2011,,,,,,,
SXM,SX,Sint Maarten (Dutch part),Latin America & Caribbean,High income,2012,,,,,,,
SXM,SX,Sint Maarten (Dutch part),Latin America & Caribbean,High income,2013,,,,,,,
SXM,SX,Sint Maarten (Dutch part),Latin America & Caribbean,High income,2014,,,,,,,
SXM,SX,Sint Maarten (Dutch part),Latin America & Caribbean,High income,2015,,,,,,,
SXM,SX,Sint Maarten (Dutch part),Latin America & Caribbean,High income,2016,,,,,,,
SXM,SX,Sint Maarten (Dutch part),Latin America & Caribbean,High income,2017,,,,,,,
SXM,SX,Sint Maarten (Dutch part),Latin America & Caribbean,High income,2018,,,,,,,
SXM,SX,Sint Maarten (Dutch part),Latin America & Caribbean,High income,2019,,,,,,,
SXM,SX,Sint Maarten (Dutch part),Latin America & Caribbean,High income,2020,,,,,,,
SXM,SX,Sint Maarten (Dutch part),Latin America & Caribbean,High income,2021,,,,,,,
SXM,SX,Sint Maarten (Dutch part),Latin America & Caribbean,High income,2022,,,,,,,
SXM,SX,Sint Maarten (Dutch part),Latin America & Caribbean,High income,2023,,,,,,,
SXM,SX,Sint Maarten (Dutch part),Latin America & Caribbean,High income,2024,,,,,,,
SYC,SC,Seychelles,Sub-Saharan Africa,High income,2000,,,,0.0,0.0,,
SYC,SC,Seychelles,Sub-Saharan Africa,High income,2001,,,,0.0,0.0,,
SYC,SC,Seychelles,Sub-Saharan Africa,High income,2002,,,,0.0,0.0,,
SYC,SC,Seychelles,Sub-Saharan Africa,High income,2003,,,,0.0,0.0,,
SYC,SC,Seychelles,Sub-Saharan Africa,High income,2004,,,,0.0,0.0,,
SYC,SC,Seychelles,Sub-Saharan Africa,High income,2005,,,,0.0,0.0,,
SYC,SC,Seychelles,Sub-Saharan Africa,High income,2006,,,,0.0,0.0,,
SYC,SC,Seychelles,Sub-Saharan Africa,High income,2007,,,,0.0,0.0,,71.3
SYC,SC,Seychelles,Sub-Saharan Africa,High income,2008,,,,0.0,0.0,,69.5
SYC,SC,Seychelles,Sub-Saharan Africa,High income,2009,,,,0.0,0.0,,67.7
SYC,SC,Seychelles,Sub-Saharan Africa,High income,2010,,,,0.0,0.0,,67.9
SYC,SC,Seychelles,Sub-Saharan Africa,High income,2011,,,,0.0,0.0,,67.0
SYC,SC,Seychelles,Sub-Saharan Africa,High income,2012,,,,0.0,0.0,4.1,65.1
SYC,SC,Seychelles,Sub-Saharan Africa,High income,2013,,,,0.0,0.0,4.1,64.0
SYC,SC,Seychelles,Sub-Saharan Africa,High income,2014,,,,0.0,0.0,3.91,63.7
SYC,SC,Seychelles,Sub-Saharan Africa,High income,2015,,,,0.0,0.0,3.86,62.1
SYC,SC,Seychelles,Sub-Saharan Africa,High income,2016,,,,0.0,0.0,,60.2
SYC,SC,Seychelles,Sub-Saharan Africa,High income,2017,,,,0.0,0.0,3.8,59.4
SYC,SC,Seychelles,Sub-Saharan Africa,High income,2018,,,,0.0,0.0,,56.754155689071474
SYC,SC,Seychelles,Sub-Saharan Africa,High income,2019,,,,0.0,0.0,,55.2
SYC,SC,Seychelles,Sub-Saharan Africa,High income,2020,,,,0.0,0.0,,54.6754977355289
SYC,SC,Seychelles,Sub-Saharan Africa,High income,2021,,,,0.0,0.0,,56.300000000000004
SYC,SC,Seychelles,Sub-Saharan Africa,High income,2022,,,,0.0,0.0,,54.199999999999996
SYC,SC,Seychelles,Sub-Saharan Africa,High income,2023,,,,0.0,0.0,,53.3
SYC,SC,Seychelles,Sub-Saharan Africa,High income,2024,,,,0.0,0.0,,
SYR,SY,Syrian Arab Republic,"Middle East, North Africa, Afghanistan & Pakistan",Low income,2000,Muhammed Mustafa Mero,1.0,1.0,0.0,0.0,,
SYR,SY,Syrian Arab Republic,"Middle East, North Africa, Afghanistan & Pakistan",Low income,2001,Muhammed Mustafa Mero,2.0,2.0,0.0,0.0,,
SYR,SY,Syrian Arab Republic,"Middle East, North Africa, Afghanistan & Pakistan",Low income,2002,Muhammed Mustafa Mero,3.0,3.0,0.0,0.0,,
SYR,SY,Syrian Arab Republic,"Middle East, North Africa, Afghanistan & Pakistan",Low income,2003,Muhammad Naji al-Otari,1.0,2.0,1.0,0.0,,
SYR,SY,Syrian Arab Republic,"Middle East, North Africa, Afghanistan & Pakistan",Low income,2004,Muhammad Naji al-Otari,2.0,2.5,0.0,1.0,,
SYR,SY,Syrian Arab Republic,"Middle East, North Africa, Afghanistan & Pakistan",Low income,2005,Muhammad Naji al-Otari,3.0,3.0,0.0,1.0,,
SYR,SY,Syrian Arab Republic,"Middle East, North Africa, Afghanistan & Pakistan",Low income,2006,Muhammad Naji al-Otari,4.0,3.5,0.0,1.0,,88.6
SYR,SY,Syrian Arab Republic,"Middle East, North Africa, Afghanistan & Pakistan",Low income,2007,Muhammad Naji al-Otari,5.0,4.0,0.0,1.0,3.91,88.6
SYR,SY,Syrian Arab Republic,"Middle East, North Africa, Afghanistan & Pakistan",Low income,2008,Muhammad Naji al-Otari,6.0,4.5,0.0,1.0,3.99,90.1
SYR,SY,Syrian Arab Republic,"Middle East, North Africa, Afghanistan & Pakistan",Low income,2009,Muhammad Naji al-Otari,7.0,5.0,0.0,0.0,3.76,89.8
SYR,SY,Syrian Arab Republic,"Middle East, North Africa, Afghanistan & Pakistan",Low income,2010,Muhammad Naji al-Otari,8.0,5.5,0.0,0.0,3.79,87.9
SYR,SY,Syrian Arab Republic,"Middle East, North Africa, Afghanistan & Pakistan",Low income,2011,Adel Safar,1.0,4.0,1.0,0.0,3.85,85.9
SYR,SY,Syrian Arab Republic,"Middle East, North Africa, Afghanistan & Pakistan",Low income,2012,Wael Nader al-Halqi,1.0,3.25,1.0,1.0,,94.5
SYR,SY,Syrian Arab Republic,"Middle East, North Africa, Afghanistan & Pakistan",Low income,2013,Wael Nader al-Halqi,2.0,3.5,0.0,2.0,,97.4
SYR,SY,Syrian Arab Republic,"Middle East, North Africa, Afghanistan & Pakistan",Low income,2014,Wael Nader al-Halqi,3.0,3.75,0.0,2.0,,101.6
SYR,SY,Syrian Arab Republic,"Middle East, North Africa, Afghanistan & Pakistan",Low income,2015,Wael Nader al-Halqi,4.0,4.0,0.0,2.0,,107.8
SYR,SY,Syrian Arab Republic,"Middle East, North Africa, Afghanistan & Pakistan",Low income,2016,Imad Muhammad Dib Khamis,1.0,3.4,1.0,2.0,,110.8
SYR,SY,Syrian Arab Republic,"Middle East, North Africa, Afghanistan & Pakistan",Low income,2017,Imad Muhammad Dib Khamis,2.0,3.6,0.0,2.0,,110.6
SYR,SY,Syrian Arab Republic,"Middle East, North Africa, Afghanistan & Pakistan",Low income,2018,Imad Muhammad Dib Khamis,3.0,3.8,0.0,1.0,,111.39303110352296
SYR,SY,Syrian Arab Republic,"Middle East, North Africa, Afghanistan & Pakistan",Low income,2019,Imad Muhammad Dib Khamis,4.0,4.0,0.0,1.0,,111.5
SYR,SY,Syrian Arab Republic,"Middle East, North Africa, Afghanistan & Pakistan",Low income,2020,Hussein Arnous,1.0,3.5,1.0,1.0,,110.74969653593257
SYR,SY,Syrian Arab Republic,"Middle East, North Africa, Afghanistan & Pakistan",Low income,2021,Hussein Arnous,2.0,3.6666666666666665,0.0,2.0,,110.69999999999999
SYR,SY,Syrian Arab Republic,"Middle East, North Africa, Afghanistan & Pakistan",Low income,2022,Hussein Arnous,3.0,3.8333333333333335,0.0,1.0,,108.4
SYR,SY,Syrian Arab Republic,"Middle East, North Africa, Afghanistan & Pakistan",Low income,2023,Hussein Arnous,4.0,4.0,0.0,1.0,,107.10000000000001
SYR,SY,Syrian Arab Republic,"Middle East, North Africa, Afghanistan & Pakistan",Low income,2024,Muhammad Ghazi al-Jalali,1.0,3.5714285714285716,1.0,1.0,,
TCA,TC,Turks and Caicos Islands,Latin America & Caribbean,High income,2000,,,,,,,
TCA,TC,Turks and Caicos Islands,Latin America & Caribbean,High income,2001,,,,,,,
TCA,TC,Turks and Caicos Islands,Latin America & Caribbean,High income,2002,,,,,,,
TCA,TC,Turks and Caicos Islands,Latin America & Caribbean,High income,2003,,,,,,,
TCA,TC,Turks and Caicos Islands,Latin America & Caribbean,High income,2004,,,,,,,
TCA,TC,Turks and Caicos Islands,Latin America & Caribbean,High income,2005,,,,,,,
TCA,TC,Turks and Caicos Islands,Latin America & Caribbean,High income,2006,,,,,,,
TCA,TC,Turks and Caicos Islands,Latin America & Caribbean,High income,2007,,,,,,,
TCA,TC,Turks and Caicos Islands,Latin America & Caribbean,High income,2008,,,,,,,
TCA,TC,Turks and Caicos Islands,Latin America & Caribbean,High income,2009,,,,,,,
TCA,TC,Turks and Caicos Islands,Latin America & Caribbean,High income,2010,,,,,,,
TCA,TC,Turks and Caicos Islands,Latin America & Caribbean,High income,2011,,,,,,,
TCA,TC,Turks and Caicos Islands,Latin America & Caribbean,High income,2012,,,,,,,
TCA,TC,Turks and Caicos Islands,Latin America & Caribbean,High income,2013,,,,,,,
TCA,TC,Turks and Caicos Islands,Latin America & Caribbean,High income,2014,,,,,,,
TCA,TC,Turks and Caicos Islands,Latin America & Caribbean,High income,2015,,,,,,,
TCA,TC,Turks and Caicos Islands,Latin America & Caribbean,High income,2016,,,,,,,
TCA,TC,Turks and Caicos Islands,Latin America & Caribbean,High income,2017,,,,,,,
TCA,TC,Turks and Caicos Islands,Latin America & Caribbean,High income,2018,,,,,,,
TCA,TC,Turks and Caicos Islands,Latin America & Caribbean,High income,2019,,,,,,,
TCA,TC,Turks and Caicos Islands,Latin America & Caribbean,High income,2020,,,,,,,
TCA,TC,Turks and Caicos Islands,Latin America & Caribbean,High income,2021,,,,,,,
TCA,TC,Turks and Caicos Islands,Latin America & Caribbean,High income,2022,,,,,,,
TCA,TC,Turks and Caicos Islands,Latin America & Caribbean,High income,2023,,,,,,,
TCA,TC,Turks and Caicos Islands,Latin America & Caribbean,High income,2024,,,,,,,
TCD,TD,Chad,Sub-Saharan Africa,Low income,2000,Nagoum Yamassoum,1.0,1.0,0.0,0.0,,
TCD,TD,Chad,Sub-Saharan Africa,Low income,2001,Nagoum Yamassoum,2.0,2.0,0.0,0.0,,
TCD,TD,Chad,Sub-Saharan Africa,Low income,2002,Haroun Kabadi,1.0,1.5,1.0,0.0,,
TCD,TD,Chad,Sub-Saharan Africa,Low income,2003,Moussa Faki,1.0,1.3333333333333333,1.0,1.0,,
TCD,TD,Chad,Sub-Saharan Africa,Low income,2004,Moussa Faki,2.0,1.6666666666666667,0.0,2.0,,
TCD,TD,Chad,Sub-Saharan Africa,Low income,2005,Pascal Yoadimnadji,1.0,1.5,1.0,2.0,,
TCD,TD,Chad,Sub-Saharan Africa,Low income,2006,Pascal Yoadimnadji,2.0,1.75,0.0,3.0,,105.9
TCD,TD,Chad,Sub-Saharan Africa,Low income,2007,Delwa Kassire Koumakoye,1.0,1.6,1.0,3.0,2.78,108.8
TCD,TD,Chad,Sub-Saharan Africa,Low income,2008,Youssouf Saleh Abbas,1.0,1.5,1.0,3.0,2.85,110.9
TCD,TD,Chad,Sub-Saharan Africa,Low income,2009,Youssouf Saleh Abbas,2.0,1.6666666666666667,0.0,3.0,2.87,112.2
TCD,TD,Chad,Sub-Saharan Africa,Low income,2010,Emmanuel Nadingar,1.0,1.5714285714285714,1.0,3.0,2.73,113.3
TCD,TD,Chad,Sub-Saharan Africa,Low income,2011,Emmanuel Nadingar,2.0,1.7142857142857142,0.0,3.0,2.87,110.3
TCD,TD,Chad,Sub-Saharan Africa,Low income,2012,Emmanuel Nadingar,3.0,1.8571428571428572,0.0,3.0,3.05,107.6
TCD,TD,Chad,Sub-Saharan Africa,Low income,2013,Kalzeubé Pahimi Deubet,1.0,1.75,1.0,2.0,2.85,109.0
TCD,TD,Chad,Sub-Saharan Africa,Low income,2014,Kalzeubé Pahimi Deubet,2.0,1.875,0.0,2.0,2.85,108.7
TCD,TD,Chad,Sub-Saharan Africa,Low income,2015,Kalzeubé Pahimi Deubet,3.0,2.0,0.0,2.0,2.96,108.4
TCD,TD,Chad,Sub-Saharan Africa,Low income,2016,Albert Pahimi Padacké,1.0,1.8888888888888888,1.0,1.0,2.95,110.1
TCD,TD,Chad,Sub-Saharan Africa,Low income,2017,Albert Pahimi Padacké,2.0,2.0,0.0,2.0,2.99,109.4
TCD,TD,Chad,Sub-Saharan Africa,Low income,2018,,,2.0,0.0,2.0,,108.31187045747872
TCD,TD,Chad,Sub-Saharan Africa,Low income,2019,,,2.0,0.0,1.0,,108.5
TCD,TD,Chad,Sub-Saharan Africa,Low income,2020,,,2.0,0.0,1.0,,106.43382055499453
TCD,TD,Chad,Sub-Saharan Africa,Low income,2021,Albert Pahimi Padacké,1.0,1.9,0.0,1.0,,105.8
TCD,TD,Chad,Sub-Saharan Africa,Low income,2022,Saleh Kebzabo,1.0,1.8181818181818181,1.0,0.0,,105.69999999999999
TCD,TD,Chad,Sub-Saharan Africa,Low income,2023,Saleh Kebzabo,2.0,1.9090909090909092,0.0,1.0,,104.60000000000001
TCD,TD,Chad,Sub-Saharan Africa,Low income,2024,Allamaye Halina,1.0,1.8333333333333333,1.0,1.0,,
TGO,TG,Togo,Sub-Saharan Africa,Lower middle income,2000,Agbéyomé Messan Kodjo,1.0,1.0,0.0,0.0,,
TGO,TG,Togo,Sub-Saharan Africa,Lower middle income,2001,Agbéyomé Messan Kodjo,2.0,2.0,0.0,0.0,,
TGO,TG,Togo,Sub-Saharan Africa,Lower middle income,2002,Koffi Sama,1.0,1.5,1.0,0.0,,
TGO,TG,Togo,Sub-Saharan Africa,Lower middle income,2003,Koffi Sama,2.0,2.0,0.0,1.0,,
TGO,TG,Togo,Sub-Saharan Africa,Lower middle income,2004,Koffi Sama,3.0,2.5,0.0,1.0,,
TGO,TG,Togo,Sub-Saharan Africa,Lower middle income,2005,Édouard Kodjovi Kodjo,1.0,2.0,1.0,1.0,,
TGO,TG,Togo,Sub-Saharan Africa,Lower middle income,2006,Yawovi Madji Agboyibo,1.0,1.75,1.0,2.0,,88.3
TGO,TG,Togo,Sub-Saharan Africa,Lower middle income,2007,Komlan Mally,1.0,1.6,1.0,3.0,,86.6
TGO,TG,Togo,Sub-Saharan Africa,Lower middle income,2008,Gilbert Fossoun Houngbo,1.0,1.5,1.0,3.0,,86.8
TGO,TG,Togo,Sub-Saharan Africa,Lower middle income,2009,Gilbert Fossoun Houngbo,2.0,1.6666666666666667,0.0,4.0,,87.2
TGO,TG,Togo,Sub-Saharan Africa,Lower middle income,2010,Gilbert Fossoun Houngbo,3.0,1.8333333333333333,0.0,4.0,,88.1
TGO,TG,Togo,Sub-Saharan Africa,Lower middle income,2011,Gilbert Fossoun Houngbo,4.0,2.0,0.0,3.0,,89.4
TGO,TG,Togo,Sub-Saharan Africa,Lower middle income,2012,Kwesi Ahoomey-Zunu,1.0,1.8571428571428572,1.0,2.0,,87.5
TGO,TG,Togo,Sub-Saharan Africa,Lower middle income,2013,Kwesi Ahoomey-Zunu,2.0,2.0,0.0,2.0,,87.8
TGO,TG,Togo,Sub-Saharan Africa,Lower middle income,2014,Kwesi Ahoomey-Zunu,3.0,2.142857142857143,0.0,1.0,,87.8
TGO,TG,Togo,Sub-Saharan Africa,Lower middle income,2015,Komi Sélom Klassou,1.0,2.0,1.0,1.0,,86.8
TGO,TG,Togo,Sub-Saharan Africa,Lower middle income,2016,Komi Sélom Klassou,2.0,2.125,0.0,2.0,,85.8
TGO,TG,Togo,Sub-Saharan Africa,Lower middle income,2017,Komi Sélom Klassou,3.0,2.25,0.0,2.0,,83.9
TGO,TG,Togo,Sub-Saharan Africa,Lower middle income,2018,Komi Sélom Klassou,4.0,2.375,0.0,1.0,,85.15884542590535
TGO,TG,Togo,Sub-Saharan Africa,Lower middle income,2019,Komi Sélom Klassou,5.0,2.5,0.0,1.0,,87.4
TGO,TG,Togo,Sub-Saharan Africa,Lower middle income,2020,Victoire Sidémého Tomégah-Dogbé,1.0,2.3333333333333335,1.0,1.0,,85.84143116430509
TGO,TG,Togo,Sub-Saharan Africa,Lower middle income,2021,Victoire Sidémého Tomégah-Dogbé,2.0,2.4444444444444446,0.0,1.0,,85.1
TGO,TG,Togo,Sub-Saharan Africa,Lower middle income,2022,Victoire Sidémého Tomégah-Dogbé,3.0,2.5555555555555554,0.0,1.0,,83.59999999999998
TGO,TG,Togo,Sub-Saharan Africa,Lower middle income,2023,Victoire Sidémého Tomégah-Dogbé,4.0,2.6666666666666665,0.0,1.0,,82.1
TGO,TG,Togo,Sub-Saharan Africa,Lower middle income,2024,Victoire Sidémého Tomégah-Dogbé,5.0,2.7777777777777777,0.0,1.0,,
THA,TH,Thailand,East Asia & Pacific,Upper middle income,2000,Chuan Leekpai,1.0,1.0,0.0,0.0,,
THA,TH,Thailand,East Asia & Pacific,Upper middle income,2001,Thaksin Shinawatra,1.0,1.0,1.0,0.0,,
THA,TH,Thailand,East Asia & Pacific,Upper middle income,2002,Thaksin Shinawatra,2.0,1.5,0.0,1.0,,
THA,TH,Thailand,East Asia & Pacific,Upper middle income,2003,Thaksin Shinawatra,3.0,2.0,0.0,1.0,,
THA,TH,Thailand,East Asia & Pacific,Upper middle income,2004,Thaksin Shinawatra,4.0,2.5,0.0,1.0,,
THA,TH,Thailand,East Asia & Pacific,Upper middle income,2005,Thaksin Shinawatra,5.0,3.0,0.0,1.0,,
THA,TH,Thailand,East Asia & Pacific,Upper middle income,2006,Surayud Chulanont,1.0,2.3333333333333335,1.0,1.0,,74.9
THA,TH,Thailand,East Asia & Pacific,Upper middle income,2007,Surayud Chulanont,2.0,2.6666666666666665,0.0,1.0,4.7,76.0
THA,TH,Thailand,East Asia & Pacific,Upper middle income,2008,Abhisit Vejjajiva,1.0,2.25,1.0,1.0,4.6,75.6
THA,TH,Thailand,East Asia & Pacific,Upper middle income,2009,Abhisit Vejjajiva,2.0,2.5,0.0,2.0,4.56,79.2
THA,TH,Thailand,East Asia & Pacific,Upper middle income,2010,Abhisit Vejjajiva,3.0,2.75,0.0,2.0,4.51,78.8
THA,TH,Thailand,East Asia & Pacific,Upper middle income,2011,Yingluck Shinawatra,1.0,2.4,1.0,2.0,4.52,78.3
THA,TH,Thailand,East Asia & Pacific,Upper middle income,2012,Yingluck Shinawatra,2.0,2.6,0.0,2.0,4.52,77.0
THA,TH,Thailand,East Asia & Pacific,Upper middle income,2013,Yingluck Shinawatra,3.0,2.8,0.0,2.0,4.54,75.1
THA,TH,Thailand,East Asia & Pacific,Upper middle income,2014,Prayut Chan-o-cha,1.0,2.5,1.0,1.0,4.66,77.0
THA,TH,Thailand,East Asia & Pacific,Upper middle income,2015,Prayut Chan-o-cha,2.0,2.6666666666666665,0.0,2.0,4.64,79.1
THA,TH,Thailand,East Asia & Pacific,Upper middle income,2016,Prayut Chan-o-cha,3.0,2.8333333333333335,0.0,2.0,4.64,78.8
THA,TH,Thailand,East Asia & Pacific,Upper middle income,2017,Prayut Chan-o-cha,4.0,3.0,0.0,1.0,4.72,76.2
THA,TH,Thailand,East Asia & Pacific,Upper middle income,2018,Prayut Chan-o-cha,5.0,3.1666666666666665,0.0,1.0,,74.98003133114115
THA,TH,Thailand,East Asia & Pacific,Upper middle income,2019,Prayut Chan-o-cha,6.0,3.3333333333333335,0.0,1.0,,73.1
THA,TH,Thailand,East Asia & Pacific,Upper middle income,2020,Prayut Chan-o-cha,7.0,3.5,0.0,0.0,,70.81357974524154
THA,TH,Thailand,East Asia & Pacific,Upper middle income,2021,Prayut Chan-o-cha,8.0,3.6666666666666665,0.0,0.0,,70.89999999999999
THA,TH,Thailand,East Asia & Pacific,Upper middle income,2022,Prayut Chan-o-cha,9.0,3.8333333333333335,0.0,0.0,,70.0
THA,TH,Thailand,East Asia & Pacific,Upper middle income,2023,Srettha Thavisin,1.0,3.4285714285714284,1.0,0.0,,68.0
THA,TH,Thailand,East Asia & Pacific,Upper middle income,2024,Paetongtarn Shinawatra,1.0,3.125,1.0,1.0,,
TJK,TJ,Tajikistan,Europe & Central Asia,Lower middle income,2000,,,,0.0,0.0,,
TJK,TJ,Tajikistan,Europe & Central Asia,Lower middle income,2001,,,,0.0,0.0,,
TJK,TJ,Tajikistan,Europe & Central Asia,Lower middle income,2002,,,,0.0,0.0,,
TJK,TJ,Tajikistan,Europe & Central Asia,Lower middle income,2003,,,,0.0,0.0,,
TJK,TJ,Tajikistan,Europe & Central Asia,Lower middle income,2004,,,,0.0,0.0,,
TJK,TJ,Tajikistan,Europe & Central Asia,Lower middle income,2005,,,,0.0,0.0,,
TJK,TJ,Tajikistan,Europe & Central Asia,Lower middle income,2006,,,,0.0,0.0,,87.7
TJK,TJ,Tajikistan,Europe & Central Asia,Lower middle income,2007,,,,0.0,0.0,3.37,88.7
TJK,TJ,Tajikistan,Europe & Central Asia,Lower middle income,2008,,,,0.0,0.0,3.46,88.9
TJK,TJ,Tajikistan,Europe & Central Asia,Lower middle income,2009,,,,0.0,0.0,3.38,90.3
TJK,TJ,Tajikistan,Europe & Central Asia,Lower middle income,2010,,,,0.0,0.0,3.53,89.2
TJK,TJ,Tajikistan,Europe & Central Asia,Lower middle income,2011,,,,0.0,0.0,3.77,88.3
TJK,TJ,Tajikistan,Europe & Central Asia,Lower middle income,2012,,,,0.0,0.0,3.8,85.7
TJK,TJ,Tajikistan,Europe & Central Asia,Lower middle income,2013,,,,0.0,0.0,,85.2
TJK,TJ,Tajikistan,Europe & Central Asia,Lower middle income,2014,,,,0.0,0.0,3.93,84.6
TJK,TJ,Tajikistan,Europe & Central Asia,Lower middle income,2015,,,,0.0,0.0,4.03,83.4
TJK,TJ,Tajikistan,Europe & Central Asia,Lower middle income,2016,,,,0.0,0.0,4.12,83.8
TJK,TJ,Tajikistan,Europe & Central Asia,Lower middle income,2017,,,,0.0,0.0,4.14,81.8
TJK,TJ,Tajikistan,Europe & Central Asia,Lower middle income,2018,,,,0.0,0.0,,79.5020376295363
TJK,TJ,Tajikistan,Europe & Central Asia,Lower middle income,2019,,,,0.0,0.0,,77.7
TJK,TJ,Tajikistan,Europe & Central Asia,Lower middle income,2020,,,,0.0,0.0,,75.50515391672525
TJK,TJ,Tajikistan,Europe & Central Asia,Lower middle income,2021,,,,0.0,0.0,,75.1
TJK,TJ,Tajikistan,Europe & Central Asia,Lower middle income,2022,,,,0.0,0.0,,75.0
TJK,TJ,Tajikistan,Europe & Central Asia,Lower middle income,2023,,,,0.0,0.0,,74.2
TJK,TJ,Tajikistan,Europe & Central Asia,Lower middle income,2024,,,,0.0,0.0,,
TKM,TM,Turkmenistan,Europe & Central Asia,Upper middle income,2000,,,,0.0,0.0,,
TKM,TM,Turkmenistan,Europe & Central Asia,Upper middle income,2001,,,,0.0,0.0,,
TKM,TM,Turkmenistan,Europe & Central Asia,Upper middle income,2002,,,,0.0,0.0,,
TKM,TM,Turkmenistan,Europe & Central Asia,Upper middle income,2003,,,,0.0,0.0,,
TKM,TM,Turkmenistan,Europe & Central Asia,Upper middle income,2004,,,,0.0,0.0,,
TKM,TM,Turkmenistan,Europe & Central Asia,Upper middle income,2005,,,,0.0,0.0,,
TKM,TM,Turkmenistan,Europe & Central Asia,Upper middle income,2006,,,,0.0,0.0,,86.1
TKM,TM,Turkmenistan,Europe & Central Asia,Upper middle income,2007,,,,0.0,0.0,,87.5
TKM,TM,Turkmenistan,Europe & Central Asia,Upper middle income,2008,,,,0.0,0.0,,86.2
TKM,TM,Turkmenistan,Europe & Central Asia,Upper middle income,2009,,,,0.0,0.0,,84.3
TKM,TM,Turkmenistan,Europe & Central Asia,Upper middle income,2010,,,,0.0,0.0,,82.5
TKM,TM,Turkmenistan,Europe & Central Asia,Upper middle income,2011,,,,0.0,0.0,,79.7
TKM,TM,Turkmenistan,Europe & Central Asia,Upper middle income,2012,,,,0.0,0.0,,77.4
TKM,TM,Turkmenistan,Europe & Central Asia,Upper middle income,2013,,,,0.0,0.0,,76.7
TKM,TM,Turkmenistan,Europe & Central Asia,Upper middle income,2014,,,,0.0,0.0,,78.2
TKM,TM,Turkmenistan,Europe & Central Asia,Upper middle income,2015,,,,0.0,0.0,,77.4
TKM,TM,Turkmenistan,Europe & Central Asia,Upper middle income,2016,,,,0.0,0.0,,76.0
TKM,TM,Turkmenistan,Europe & Central Asia,Upper middle income,2017,,,,0.0,0.0,,74.4
TKM,TM,Turkmenistan,Europe & Central Asia,Upper middle income,2018,,,,0.0,0.0,,72.62111503765558
TKM,TM,Turkmenistan,Europe & Central Asia,Upper middle income,2019,,,,0.0,0.0,,71.4
TKM,TM,Turkmenistan,Europe & Central Asia,Upper middle income,2020,,,,0.0,0.0,,69.05814193586684
TKM,TM,Turkmenistan,Europe & Central Asia,Upper middle income,2021,,,,0.0,0.0,,68.20000000000002
TKM,TM,Turkmenistan,Europe & Central Asia,Upper middle income,2022,,,,0.0,0.0,,66.5
TKM,TM,Turkmenistan,Europe & Central Asia,Upper middle income,2023,,,,0.0,0.0,,64.5
TKM,TM,Turkmenistan,Europe & Central Asia,Upper middle income,2024,,,,0.0,0.0,,
TLS,TL,Timor-Leste,East Asia & Pacific,Lower middle income,2000,,,,0.0,0.0,,
TLS,TL,Timor-Leste,East Asia & Pacific,Lower middle income,2001,Mari Bim Amude Alkatiri,1.0,1.0,0.0,0.0,,
TLS,TL,Timor-Leste,East Asia & Pacific,Lower middle income,2002,Mari Bim Amude Alkatiri,2.0,2.0,0.0,0.0,,
TLS,TL,Timor-Leste,East Asia & Pacific,Lower middle income,2003,Mari Bim Amude Alkatiri,3.0,3.0,0.0,0.0,,
TLS,TL,Timor-Leste,East Asia & Pacific,Lower middle income,2004,Mari Bim Amude Alkatiri,4.0,4.0,0.0,0.0,,
TLS,TL,Timor-Leste,East Asia & Pacific,Lower middle income,2005,Mari Bim Amude Alkatiri,5.0,5.0,0.0,0.0,,
TLS,TL,Timor-Leste,East Asia & Pacific,Lower middle income,2006,José Manuel Ramos-Horta,1.0,3.0,1.0,0.0,,
TLS,TL,Timor-Leste,East Asia & Pacific,Lower middle income,2007,Kay Rala Xanana Gusmão,1.0,2.3333333333333335,1.0,1.0,3.2,94.9
TLS,TL,Timor-Leste,East Asia & Pacific,Lower middle income,2008,Kay Rala Xanana Gusmão,2.0,2.6666666666666665,0.0,2.0,3.15,93.8
TLS,TL,Timor-Leste,East Asia & Pacific,Lower middle income,2009,Kay Rala Xanana Gusmão,3.0,3.0,0.0,2.0,3.26,97.2
TLS,TL,Timor-Leste,East Asia & Pacific,Lower middle income,2010,Kay Rala Xanana Gusmão,4.0,3.3333333333333335,0.0,2.0,3.23,98.2
TLS,TL,Timor-Leste,East Asia & Pacific,Lower middle income,2011,Kay Rala Xanana Gusmão,5.0,3.6666666666666665,0.0,2.0,3.35,94.9
TLS,TL,Timor-Leste,East Asia & Pacific,Lower middle income,2012,Kay Rala Xanana Gusmão,6.0,4.0,0.0,1.0,3.27,92.7
TLS,TL,Timor-Leste,East Asia & Pacific,Lower middle income,2013,Kay Rala Xanana Gusmão,7.0,4.333333333333333,0.0,0.0,3.25,91.5
TLS,TL,Timor-Leste,East Asia & Pacific,Lower middle income,2014,Kay Rala Xanana Gusmão,8.0,4.666666666666667,0.0,0.0,3.17,91.0
TLS,TL,Timor-Leste,East Asia & Pacific,Lower middle income,2015,Rui Mariade Araújo,1.0,3.75,1.0,0.0,,90.5
TLS,TL,Timor-Leste,East Asia & Pacific,Lower middle income,2016,Rui Mariade Araújo,2.0,4.0,0.0,1.0,,90.8
TLS,TL,Timor-Leste,East Asia & Pacific,Lower middle income,2017,Mari Bim Amude Alkatiri,1.0,3.4,1.0,1.0,,90.5
TLS,TL,Timor-Leste,East Asia & Pacific,Lower middle income,2018,Taur Matan Ruak,1.0,3.0,1.0,2.0,,88.25683064064846
TLS,TL,Timor-Leste,East Asia & Pacific,Lower middle income,2019,Taur Matan Ruak,2.0,3.1666666666666665,0.0,3.0,,85.5
TLS,TL,Timor-Leste,East Asia & Pacific,Lower middle income,2020,Taur Matan Ruak,3.0,3.3333333333333335,0.0,3.0,,82.66311377505994
TLS,TL,Timor-Leste,East Asia & Pacific,Lower middle income,2021,Taur Matan Ruak,4.0,3.5,0.0,2.0,,80.9
TLS,TL,Timor-Leste,East Asia & Pacific,Lower middle income,2022,Taur Matan Ruak,5.0,3.6666666666666665,0.0,2.0,,79.3
TLS,TL,Timor-Leste,East Asia & Pacific,Lower middle income,2023,Kay Rala Xanana Gusmão,1.0,3.2857142857142856,1.0,1.0,,77.5
TLS,TL,Timor-Leste,East Asia & Pacific,Lower middle income,2024,Kay Rala Xanana Gusmão,2.0,3.4285714285714284,0.0,1.0,,
TON,TO,Tonga,East Asia & Pacific,Upper middle income,2000,,,,,,,
TON,TO,Tonga,East Asia & Pacific,Upper middle income,2001,,,,,,,
TON,TO,Tonga,East Asia & Pacific,Upper middle income,2002,,,,,,,
TON,TO,Tonga,East Asia & Pacific,Upper middle income,2003,,,,,,,
TON,TO,Tonga,East Asia & Pacific,Upper middle income,2004,,,,,,,
TON,TO,Tonga,East Asia & Pacific,Upper middle income,2005,,,,,,,
TON,TO,Tonga,East Asia & Pacific,Upper middle income,2006,,,,,,,
TON,TO,Tonga,East Asia & Pacific,Upper middle income,2007,,,,,,,
TON,TO,Tonga,East Asia & Pacific,Upper middle income,2008,,,,,,,
TON,TO,Tonga,East Asia & Pacific,Upper middle income,2009,,,,,,,
TON,TO,Tonga,East Asia & Pacific,Upper middle income,2010,,,,,,,
TON,TO,Tonga,East Asia & Pacific,Upper middle income,2011,,,,,,,
TON,TO,Tonga,East Asia & Pacific,Upper middle income,2012,,,,,,,
TON,TO,Tonga,East Asia & Pacific,Upper middle income,2013,,,,,,,
TON,TO,Tonga,East Asia & Pacific,Upper middle income,2014,,,,,,,
TON,TO,Tonga,East Asia & Pacific,Upper middle income,2015,,,,,,,
TON,TO,Tonga,East Asia & Pacific,Upper middle income,2016,,,,,,,
TON,TO,Tonga,East Asia & Pacific,Upper middle income,2017,,,,,,,
TON,TO,Tonga,East Asia & Pacific,Upper middle income,2018,,,,,,,
TON,TO,Tonga,East Asia & Pacific,Upper middle income,2019,,,,,,,
TON,TO,Tonga,East Asia & Pacific,Upper middle income,2020,,,,,,,
TON,TO,Tonga,East Asia & Pacific,Upper middle income,2021,,,,,,,
TON,TO,Tonga,East Asia & Pacific,Upper middle income,2022,,,,,,,
TON,TO,Tonga,East Asia & Pacific,Upper middle income,2023,,,,,,,
TON,TO,Tonga,East Asia & Pacific,Upper middle income,2024,,,,,,,
TTO,TT,Trinidad and Tobago,Latin America & Caribbean,High income,2000,Basdeo Panday,1.0,1.0,0.0,0.0,,
TTO,TT,Trinidad and Tobago,Latin America & Caribbean,High income,2001,Patrick Augustus Mervyn Manning,1.0,1.0,1.0,0.0,,
TTO,TT,Trinidad and Tobago,Latin America & Caribbean,High income,2002,Patrick Augustus Mervyn Manning,2.0,1.5,0.0,1.0,,
TTO,TT,Trinidad and Tobago,Latin America & Caribbean,High income,2003,Patrick Augustus Mervyn Manning,3.0,2.0,0.0,1.0,,
TTO,TT,Trinidad and Tobago,Latin America & Caribbean,High income,2004,Patrick Augustus Mervyn Manning,4.0,2.5,0.0,1.0,,
TTO,TT,Trinidad and Tobago,Latin America & Caribbean,High income,2005,Patrick Augustus Mervyn Manning,5.0,3.0,0.0,1.0,,
TTO,TT,Trinidad and Tobago,Latin America & Caribbean,High income,2006,Patrick Augustus Mervyn Manning,6.0,3.5,0.0,1.0,,
TTO,TT,Trinidad and Tobago,Latin America & Caribbean,High income,2007,Patrick Augustus Mervyn Manning,7.0,4.0,0.0,0.0,3.88,67.6
TTO,TT,Trinidad and Tobago,Latin America & Caribbean,High income,2008,Patrick Augustus Mervyn Manning,8.0,4.5,0.0,0.0,3.85,67.0
TTO,TT,Trinidad and Tobago,Latin America & Caribbean,High income,2009,Patrick Augustus Mervyn Manning,9.0,5.0,0.0,0.0,3.91,66.7
TTO,TT,Trinidad and Tobago,Latin America & Caribbean,High income,2010,Kamla Persad-Bissessar,1.0,3.6666666666666665,1.0,0.0,3.97,66.1
TTO,TT,Trinidad and Tobago,Latin America & Caribbean,High income,2011,Kamla Persad-Bissessar,2.0,4.0,0.0,1.0,4.0,63.7
TTO,TT,Trinidad and Tobago,Latin America & Caribbean,High income,2012,Kamla Persad-Bissessar,3.0,4.333333333333333,0.0,1.0,4.01,64.4
TTO,TT,Trinidad and Tobago,Latin America & Caribbean,High income,2013,Kamla Persad-Bissessar,4.0,4.666666666666667,0.0,1.0,3.91,62.6
TTO,TT,Trinidad and Tobago,Latin America & Caribbean,High income,2014,Kamla Persad-Bissessar,5.0,5.0,0.0,1.0,3.95,61.3
TTO,TT,Trinidad and Tobago,Latin America & Caribbean,High income,2015,Keith Christopher Rowley,1.0,4.0,1.0,1.0,3.94,58.7
TTO,TT,Trinidad and Tobago,Latin America & Caribbean,High income,2016,Keith Christopher Rowley,2.0,4.25,0.0,1.0,3.93,57.8
TTO,TT,Trinidad and Tobago,Latin America & Caribbean,High income,2017,Keith Christopher Rowley,3.0,4.5,0.0,1.0,4.09,56.7
TTO,TT,Trinidad and Tobago,Latin America & Caribbean,High income,2018,Keith Christopher Rowley,4.0,4.75,0.0,1.0,,54.605739840210504
TTO,TT,Trinidad and Tobago,Latin America & Caribbean,High income,2019,Keith Christopher Rowley,5.0,5.0,0.0,1.0,,53.0
TTO,TT,Trinidad and Tobago,Latin America & Caribbean,High income,2020,Keith Christopher Rowley,6.0,5.25,0.0,1.0,,51.9451410707907
TTO,TT,Trinidad and Tobago,Latin America & Caribbean,High income,2021,Keith Christopher Rowley,7.0,5.5,0.0,0.0,,52.9
TTO,TT,Trinidad and Tobago,Latin America & Caribbean,High income,2022,Keith Christopher Rowley,8.0,5.75,0.0,0.0,,52.4
TTO,TT,Trinidad and Tobago,Latin America & Caribbean,High income,2023,Keith Christopher Rowley,9.0,6.0,0.0,0.0,,52.89999999999999
TTO,TT,Trinidad and Tobago,Latin America & Caribbean,High income,2024,Keith Christopher Rowley,10.0,6.25,0.0,0.0,,
TUN,TN,Tunisia,"Middle East, North Africa, Afghanistan & Pakistan",Lower middle income,2000,Mohamed Ghannouchi,1.0,1.0,0.0,0.0,,
TUN,TN,Tunisia,"Middle East, North Africa, Afghanistan & Pakistan",Lower middle income,2001,Mohamed Ghannouchi,2.0,2.0,0.0,0.0,,
TUN,TN,Tunisia,"Middle East, North Africa, Afghanistan & Pakistan",Lower middle income,2002,Mohamed Ghannouchi,3.0,3.0,0.0,0.0,,
TUN,TN,Tunisia,"Middle East, North Africa, Afghanistan & Pakistan",Lower middle income,2003,Mohamed Ghannouchi,4.0,4.0,0.0,0.0,,
TUN,TN,Tunisia,"Middle East, North Africa, Afghanistan & Pakistan",Lower middle income,2004,Mohamed Ghannouchi,5.0,5.0,0.0,0.0,,
TUN,TN,Tunisia,"Middle East, North Africa, Afghanistan & Pakistan",Lower middle income,2005,Mohamed Ghannouchi,6.0,6.0,0.0,0.0,,
TUN,TN,Tunisia,"Middle East, North Africa, Afghanistan & Pakistan",Lower middle income,2006,Mohamed Ghannouchi,7.0,7.0,0.0,0.0,,65.4
TUN,TN,Tunisia,"Middle East, North Africa, Afghanistan & Pakistan",Lower middle income,2007,Mohamed Ghannouchi,8.0,8.0,0.0,0.0,4.59,65.6
TUN,TN,Tunisia,"Middle East, North Africa, Afghanistan & Pakistan",Lower middle income,2008,Mohamed Ghannouchi,9.0,9.0,0.0,0.0,4.58,65.6
TUN,TN,Tunisia,"Middle East, North Africa, Afghanistan & Pakistan",Lower middle income,2009,Mohamed Ghannouchi,10.0,10.0,0.0,0.0,4.5,67.6
TUN,TN,Tunisia,"Middle East, North Africa, Afghanistan & Pakistan",Lower middle income,2010,Mohamed Ghannouchi,11.0,11.0,0.0,0.0,4.65,67.5
TUN,TN,Tunisia,"Middle East, North Africa, Afghanistan & Pakistan",Lower middle income,2011,Hamadi Jebali,1.0,6.0,1.0,0.0,4.47,70.1
TUN,TN,Tunisia,"Middle East, North Africa, Afghanistan & Pakistan",Lower middle income,2012,Hamadi Jebali,2.0,6.5,0.0,1.0,,74.2
TUN,TN,Tunisia,"Middle East, North Africa, Afghanistan & Pakistan",Lower middle income,2013,Ali Laarayedh,1.0,4.666666666666667,1.0,1.0,4.06,76.5
TUN,TN,Tunisia,"Middle East, North Africa, Afghanistan & Pakistan",Lower middle income,2014,Mehdi Jomaa,1.0,3.75,1.0,2.0,3.96,77.5
TUN,TN,Tunisia,"Middle East, North Africa, Afghanistan & Pakistan",Lower middle income,2015,Habib Essid,1.0,3.2,1.0,3.0,3.93,75.7
TUN,TN,Tunisia,"Middle East, North Africa, Afghanistan & Pakistan",Lower middle income,2016,Youssef Chahed,1.0,2.8333333333333335,1.0,4.0,3.92,74.6
TUN,TN,Tunisia,"Middle East, North Africa, Afghanistan & Pakistan",Lower middle income,2017,Youssef Chahed,2.0,3.0,0.0,4.0,3.93,74.2
TUN,TN,Tunisia,"Middle East, North Africa, Afghanistan & Pakistan",Lower middle income,2018,Youssef Chahed,3.0,3.1666666666666665,0.0,4.0,,72.0706745688338
TUN,TN,Tunisia,"Middle East, North Africa, Afghanistan & Pakistan",Lower middle income,2019,Youssef Chahed,4.0,3.3333333333333335,0.0,3.0,,70.1
TUN,TN,Tunisia,"Middle East, North Africa, Afghanistan & Pakistan",Lower middle income,2020,Hichem Mechichi,1.0,3.0,1.0,2.0,,68.12591302617336
TUN,TN,Tunisia,"Middle East, North Africa, Afghanistan & Pakistan",Lower middle income,2021,Najla Bouden,1.0,2.75,1.0,2.0,,69.19999999999999
TUN,TN,Tunisia,"Middle East, North Africa, Afghanistan & Pakistan",Lower middle income,2022,Najla Bouden,2.0,2.875,0.0,2.0,,68.2
TUN,TN,Tunisia,"Middle East, North Africa, Afghanistan & Pakistan",Lower middle income,2023,Ahmed Hachani,1.0,2.6666666666666665,1.0,2.0,,66.39999999999999
TUN,TN,Tunisia,"Middle East, North Africa, Afghanistan & Pakistan",Lower middle income,2024,Kamel Madouri,1.0,2.5,1.0,3.0,,
TUR,TR,Turkiye,Europe & Central Asia,Upper middle income,2000,Mustafa Bülent Ecevit,1.0,1.0,0.0,0.0,,
TUR,TR,Turkiye,Europe & Central Asia,Upper middle income,2001,Mustafa Bülent Ecevit,2.0,2.0,0.0,0.0,,
TUR,TR,Turkiye,Europe & Central Asia,Upper middle income,2002,Abdullah Gül,1.0,1.5,1.0,0.0,,
TUR,TR,Turkiye,Europe & Central Asia,Upper middle income,2003,Recep Tayyip Erdogan,1.0,1.3333333333333333,1.0,1.0,,
TUR,TR,Turkiye,Europe & Central Asia,Upper middle income,2004,Recep Tayyip Erdogan,2.0,1.6666666666666667,0.0,2.0,,
TUR,TR,Turkiye,Europe & Central Asia,Upper middle income,2005,Recep Tayyip Erdogan,3.0,2.0,0.0,2.0,,
TUR,TR,Turkiye,Europe & Central Asia,Upper middle income,2006,Recep Tayyip Erdogan,4.0,2.3333333333333335,0.0,2.0,,74.4
TUR,TR,Turkiye,Europe & Central Asia,Upper middle income,2007,Recep Tayyip Erdogan,5.0,2.6666666666666665,0.0,2.0,4.25,74.9
TUR,TR,Turkiye,Europe & Central Asia,Upper middle income,2008,Recep Tayyip Erdogan,6.0,3.0,0.0,1.0,4.15,75.4
TUR,TR,Turkiye,Europe & Central Asia,Upper middle income,2009,Recep Tayyip Erdogan,7.0,3.3333333333333335,0.0,0.0,4.16,78.2
TUR,TR,Turkiye,Europe & Central Asia,Upper middle income,2010,Recep Tayyip Erdogan,8.0,3.6666666666666665,0.0,0.0,4.25,77.1
TUR,TR,Turkiye,Europe & Central Asia,Upper middle income,2011,Recep Tayyip Erdogan,9.0,4.0,0.0,0.0,4.28,74.9
TUR,TR,Turkiye,Europe & Central Asia,Upper middle income,2012,Recep Tayyip Erdogan,10.0,4.333333333333333,0.0,0.0,4.45,76.6
TUR,TR,Turkiye,Europe & Central Asia,Upper middle income,2013,Recep Tayyip Erdogan,11.0,4.666666666666667,0.0,0.0,4.45,75.9
TUR,TR,Turkiye,Europe & Central Asia,Upper middle income,2014,Ahmet Davutoğlu,1.0,3.75,1.0,0.0,4.46,74.1
TUR,TR,Turkiye,Europe & Central Asia,Upper middle income,2015,Ahmet Davutoğlu,2.0,4.0,0.0,1.0,4.37,74.6
TUR,TR,Turkiye,Europe & Central Asia,Upper middle income,2016,Binali Yildirim,1.0,3.4,1.0,1.0,4.39,77.3
TUR,TR,Turkiye,Europe & Central Asia,Upper middle income,2017,Binali Yildirim,2.0,3.6,0.0,2.0,4.42,80.8
TUR,TR,Turkiye,Europe & Central Asia,Upper middle income,2018,,,3.6,0.0,2.0,,82.21903599918711
TUR,TR,Turkiye,Europe & Central Asia,Upper middle income,2019,,,3.6,0.0,2.0,,80.3
TUR,TR,Turkiye,Europe & Central Asia,Upper middle income,2020,,,3.6,0.0,1.0,,79.14739400388918
TUR,TR,Turkiye,Europe & Central Asia,Upper middle income,2021,,,3.6,0.0,1.0,,79.7
TUR,TR,Turkiye,Europe & Central Asia,Upper middle income,2022,,,3.6,0.0,0.0,,78.1
TUR,TR,Turkiye,Europe & Central Asia,Upper middle income,2023,,,3.6,0.0,0.0,,81.19999999999999
TUR,TR,Turkiye,Europe & Central Asia,Upper middle income,2024,,,3.6,0.0,0.0,,
TUV,TV,Tuvalu,East Asia & Pacific,Upper middle income,2000,,,,,,,
TUV,TV,Tuvalu,East Asia & Pacific,Upper middle income,2001,,,,,,,
TUV,TV,Tuvalu,East Asia & Pacific,Upper middle income,2002,,,,,,,
TUV,TV,Tuvalu,East Asia & Pacific,Upper middle income,2003,,,,,,,
TUV,TV,Tuvalu,East Asia & Pacific,Upper middle income,2004,,,,,,,
TUV,TV,Tuvalu,East Asia & Pacific,Upper middle income,2005,,,,,,,
TUV,TV,Tuvalu,East Asia & Pacific,Upper middle income,2006,,,,,,,
TUV,TV,Tuvalu,East Asia & Pacific,Upper middle income,2007,,,,,,,
TUV,TV,Tuvalu,East Asia & Pacific,Upper middle income,2008,,,,,,,
TUV,TV,Tuvalu,East Asia & Pacific,Upper middle income,2009,,,,,,,
TUV,TV,Tuvalu,East Asia & Pacific,Upper middle income,2010,,,,,,,
TUV,TV,Tuvalu,East Asia & Pacific,Upper middle income,2011,,,,,,,
TUV,TV,Tuvalu,East Asia & Pacific,Upper middle income,2012,,,,,,,
TUV,TV,Tuvalu,East Asia & Pacific,Upper middle income,2013,,,,,,,
TUV,TV,Tuvalu,East Asia & Pacific,Upper middle income,2014,,,,,,,
TUV,TV,Tuvalu,East Asia & Pacific,Upper middle income,2015,,,,,,,
TUV,TV,Tuvalu,East Asia & Pacific,Upper middle income,2016,,,,,,,
TUV,TV,Tuvalu,East Asia & Pacific,Upper middle income,2017,,,,,,,
TUV,TV,Tuvalu,East Asia & Pacific,Upper middle income,2018,,,,,,,
TUV,TV,Tuvalu,East Asia & Pacific,Upper middle income,2019,,,,,,,
TUV,TV,Tuvalu,East Asia & Pacific,Upper middle income,2020,,,,,,,
TUV,TV,Tuvalu,East Asia & Pacific,Upper middle income,2021,,,,,,,
TUV,TV,Tuvalu,East Asia & Pacific,Upper middle income,2022,,,,,,,
TUV,TV,Tuvalu,East Asia & Pacific,Upper middle income,2023,,,,,,,
TUV,TV,Tuvalu,East Asia & Pacific,Upper middle income,2024,,,,,,,
TZA,TZ,Tanzania,Sub-Saharan Africa,Lower middle income,2000,,,,0.0,0.0,,
TZA,TZ,Tanzania,Sub-Saharan Africa,Lower middle income,2001,,,,0.0,0.0,,
TZA,TZ,Tanzania,Sub-Saharan Africa,Lower middle income,2002,,,,0.0,0.0,,
TZA,TZ,Tanzania,Sub-Saharan Africa,Lower middle income,2003,,,,0.0,0.0,,
TZA,TZ,Tanzania,Sub-Saharan Africa,Lower middle income,2004,,,,0.0,0.0,,
TZA,TZ,Tanzania,Sub-Saharan Africa,Lower middle income,2005,,,,0.0,0.0,,
TZA,TZ,Tanzania,Sub-Saharan Africa,Lower middle income,2006,,,,0.0,0.0,,78.3
TZA,TZ,Tanzania,Sub-Saharan Africa,Lower middle income,2007,,,,0.0,0.0,3.56,79.3
TZA,TZ,Tanzania,Sub-Saharan Africa,Lower middle income,2008,,,,0.0,0.0,3.49,79.1
TZA,TZ,Tanzania,Sub-Saharan Africa,Lower middle income,2009,,,,0.0,0.0,3.59,81.1
TZA,TZ,Tanzania,Sub-Saharan Africa,Lower middle income,2010,,,,0.0,0.0,3.56,81.2
TZA,TZ,Tanzania,Sub-Saharan Africa,Lower middle income,2011,,,,0.0,0.0,3.56,81.3
TZA,TZ,Tanzania,Sub-Saharan Africa,Lower middle income,2012,,,,0.0,0.0,3.6,80.4
TZA,TZ,Tanzania,Sub-Saharan Africa,Lower middle income,2013,,,,0.0,0.0,3.5,81.1
TZA,TZ,Tanzania,Sub-Saharan Africa,Lower middle income,2014,,,,0.0,0.0,3.57,80.8
TZA,TZ,Tanzania,Sub-Saharan Africa,Lower middle income,2015,,,,0.0,0.0,3.57,80.8
TZA,TZ,Tanzania,Sub-Saharan Africa,Lower middle income,2016,,,,0.0,0.0,3.67,81.8
TZA,TZ,Tanzania,Sub-Saharan Africa,Lower middle income,2017,,,,0.0,0.0,3.71,80.3
TZA,TZ,Tanzania,Sub-Saharan Africa,Lower middle income,2018,,,,0.0,0.0,,79.38569084972285
TZA,TZ,Tanzania,Sub-Saharan Africa,Lower middle income,2019,,,,0.0,0.0,,80.1
TZA,TZ,Tanzania,Sub-Saharan Africa,Lower middle income,2020,,,,0.0,0.0,,78.14413662466475
TZA,TZ,Tanzania,Sub-Saharan Africa,Lower middle income,2021,,,,0.0,0.0,,79.3
TZA,TZ,Tanzania,Sub-Saharan Africa,Lower middle income,2022,,,,0.0,0.0,,78.2
TZA,TZ,Tanzania,Sub-Saharan Africa,Lower middle income,2023,,,,0.0,0.0,,76.6
TZA,TZ,Tanzania,Sub-Saharan Africa,Lower middle income,2024,,,,0.0,0.0,,
UGA,UG,Uganda,Sub-Saharan Africa,Low income,2000,,,,0.0,0.0,,
UGA,UG,Uganda,Sub-Saharan Africa,Low income,2001,,,,0.0,0.0,,
UGA,UG,Uganda,Sub-Saharan Africa,Low income,2002,,,,0.0,0.0,,
UGA,UG,Uganda,Sub-Saharan Africa,Low income,2003,,,,0.0,0.0,,
UGA,UG,Uganda,Sub-Saharan Africa,Low income,2004,,,,0.0,0.0,,
UGA,UG,Uganda,Sub-Saharan Africa,Low income,2005,,,,0.0,0.0,,
UGA,UG,Uganda,Sub-Saharan Africa,Low income,2006,,,,0.0,0.0,,94.5
UGA,UG,Uganda,Sub-Saharan Africa,Low income,2007,,,,0.0,0.0,3.33,96.4
UGA,UG,Uganda,Sub-Saharan Africa,Low income,2008,,,,0.0,0.0,3.35,96.1
UGA,UG,Uganda,Sub-Saharan Africa,Low income,2009,,,,0.0,0.0,3.53,96.9
UGA,UG,Uganda,Sub-Saharan Africa,Low income,2010,,,,0.0,0.0,3.51,97.5
UGA,UG,Uganda,Sub-Saharan Africa,Low income,2011,,,,0.0,0.0,3.56,96.3
UGA,UG,Uganda,Sub-Saharan Africa,Low income,2012,,,,0.0,0.0,3.53,96.5
UGA,UG,Uganda,Sub-Saharan Africa,Low income,2013,,,,0.0,0.0,3.45,96.6
UGA,UG,Uganda,Sub-Saharan Africa,Low income,2014,,,,0.0,0.0,3.56,96.0
UGA,UG,Uganda,Sub-Saharan Africa,Low income,2015,,,,0.0,0.0,3.66,97.0
UGA,UG,Uganda,Sub-Saharan Africa,Low income,2016,,,,0.0,0.0,3.69,97.7
UGA,UG,Uganda,Sub-Saharan Africa,Low income,2017,,,,0.0,0.0,3.7,96.0
UGA,UG,Uganda,Sub-Saharan Africa,Low income,2018,,,,0.0,0.0,,95.14379555232746
UGA,UG,Uganda,Sub-Saharan Africa,Low income,2019,,,,0.0,0.0,,95.3
UGA,UG,Uganda,Sub-Saharan Africa,Low income,2020,,,,0.0,0.0,,92.7703684743757
UGA,UG,Uganda,Sub-Saharan Africa,Low income,2021,,,,0.0,0.0,,92.89999999999999
UGA,UG,Uganda,Sub-Saharan Africa,Low income,2022,,,,0.0,0.0,,92.1
UGA,UG,Uganda,Sub-Saharan Africa,Low income,2023,,,,0.0,0.0,,91.5
UGA,UG,Uganda,Sub-Saharan Africa,Low income,2024,,,,0.0,0.0,,
UKR,UA,Ukraine,Europe & Central Asia,Upper middle income,2000,Viktor Andriyovich Yushchenko,1.0,1.0,0.0,0.0,,
UKR,UA,Ukraine,Europe & Central Asia,Upper middle income,2001,Anatolii Kyrylovych Kinakh,1.0,1.0,1.0,0.0,,
UKR,UA,Ukraine,Europe & Central Asia,Upper middle income,2002,Viktor Fedorovych Yanukovych,1.0,1.0,1.0,1.0,,
UKR,UA,Ukraine,Europe & Central Asia,Upper middle income,2003,Viktor Fedorovych Yanukovych,2.0,1.3333333333333333,0.0,2.0,,
UKR,UA,Ukraine,Europe & Central Asia,Upper middle income,2004,Viktor Fedorovych Yanukovych,3.0,1.6666666666666667,0.0,2.0,,
UKR,UA,Ukraine,Europe & Central Asia,Upper middle income,2005,YuriiIvanovych Yekhanurov,1.0,1.5,1.0,2.0,,
UKR,UA,Ukraine,Europe & Central Asia,Upper middle income,2006,Viktor Fedorovych Yanukovych,1.0,1.4,1.0,3.0,,72.9
UKR,UA,Ukraine,Europe & Central Asia,Upper middle income,2007,Yulia Volodymyrivna Tymoshenko,1.0,1.3333333333333333,1.0,3.0,3.98,71.4
UKR,UA,Ukraine,Europe & Central Asia,Upper middle income,2008,Yulia Volodymyrivna Tymoshenko,2.0,1.5,0.0,3.0,4.09,70.8
UKR,UA,Ukraine,Europe & Central Asia,Upper middle income,2009,Yulia Volodymyrivna Tymoshenko,3.0,1.6666666666666667,0.0,3.0,3.95,69.7
UKR,UA,Ukraine,Europe & Central Asia,Upper middle income,2010,Mykola Yanovych Azarov,1.0,1.5714285714285714,1.0,3.0,3.9,69.5
UKR,UA,Ukraine,Europe & Central Asia,Upper middle income,2011,Mykola Yanovych Azarov,2.0,1.7142857142857142,0.0,3.0,4.0,69.0
UKR,UA,Ukraine,Europe & Central Asia,Upper middle income,2012,Mykola Yanovych Azarov,3.0,1.8571428571428572,0.0,2.0,4.14,67.2
UKR,UA,Ukraine,Europe & Central Asia,Upper middle income,2013,Mykola Yanovych Azarov,4.0,2.0,0.0,1.0,4.05,65.9
UKR,UA,Ukraine,Europe & Central Asia,Upper middle income,2014,Arseniy Petrovych Yatsenyuk,1.0,1.875,1.0,1.0,4.14,67.2
UKR,UA,Ukraine,Europe & Central Asia,Upper middle income,2015,Arseniy Petrovych Yatsenyuk,2.0,2.0,0.0,2.0,4.03,76.3
UKR,UA,Ukraine,Europe & Central Asia,Upper middle income,2016,Volodymyr Borysovych Groysman,1.0,1.8888888888888888,1.0,1.0,4.0,75.5
UKR,UA,Ukraine,Europe & Central Asia,Upper middle income,2017,Volodymyr Borysovych Groysman,2.0,2.0,0.0,2.0,4.11,74.0
UKR,UA,Ukraine,Europe & Central Asia,Upper middle income,2018,Volodymyr Borysovych Groysman,3.0,2.111111111111111,0.0,2.0,,72.56161244731106
UKR,UA,Ukraine,Europe & Central Asia,Upper middle income,2019,Oleksiy Valeriyovych Honcharuk,1.0,2.0,1.0,2.0,,71.0
UKR,UA,Ukraine,Europe & Central Asia,Upper middle income,2020,Denys Anatoliyovych Shmyhal,1.0,1.9090909090909092,1.0,2.0,,69.00704175599185
UKR,UA,Ukraine,Europe & Central Asia,Upper middle income,2021,Denys Anatoliyovych Shmyhal,2.0,2.0,0.0,3.0,,69.8
UKR,UA,Ukraine,Europe & Central Asia,Upper middle income,2022,Denys Anatoliyovych Shmyhal,3.0,2.090909090909091,0.0,2.0,,68.6
UKR,UA,Ukraine,Europe & Central Asia,Upper middle income,2023,Denys Anatoliyovych Shmyhal,4.0,2.1818181818181817,0.0,2.0,,95.89999999999999
UKR,UA,Ukraine,Europe & Central Asia,Upper middle income,2024,Denys Anatoliyovych Shmyhal,5.0,2.272727272727273,0.0,2.0,,
URY,UY,Uruguay,Latin America & Caribbean,High income,2000,,,,0.0,0.0,,
URY,UY,Uruguay,Latin America & Caribbean,High income,2001,,,,0.0,0.0,,
URY,UY,Uruguay,Latin America & Caribbean,High income,2002,,,,0.0,0.0,,
URY,UY,Uruguay,Latin America & Caribbean,High income,2003,,,,0.0,0.0,,
URY,UY,Uruguay,Latin America & Caribbean,High income,2004,,,,0.0,0.0,,
URY,UY,Uruguay,Latin America & Caribbean,High income,2005,,,,0.0,0.0,,
URY,UY,Uruguay,Latin America & Caribbean,High income,2006,,,,0.0,0.0,,41.2
URY,UY,Uruguay,Latin America & Caribbean,High income,2007,,,,0.0,0.0,3.97,40.9
URY,UY,Uruguay,Latin America & Caribbean,High income,2008,,,,0.0,0.0,4.04,41.4
URY,UY,Uruguay,Latin America & Caribbean,High income,2009,,,,0.0,0.0,4.1,41.2
URY,UY,Uruguay,Latin America & Caribbean,High income,2010,,,,0.0,0.0,4.23,41.3
URY,UY,Uruguay,Latin America & Caribbean,High income,2011,,,,0.0,0.0,4.25,40.4
URY,UY,Uruguay,Latin America & Caribbean,High income,2012,,,,0.0,0.0,4.13,40.5
URY,UY,Uruguay,Latin America & Caribbean,High income,2013,,,,0.0,0.0,4.05,38.4
URY,UY,Uruguay,Latin America & Caribbean,High income,2014,,,,0.0,0.0,4.04,37.9
URY,UY,Uruguay,Latin America & Caribbean,High income,2015,,,,0.0,0.0,4.09,36.4
URY,UY,Uruguay,Latin America & Caribbean,High income,2016,,,,0.0,0.0,4.17,36.2
URY,UY,Uruguay,Latin America & Caribbean,High income,2017,,,,0.0,0.0,4.15,36.8
URY,UY,Uruguay,Latin America & Caribbean,High income,2018,,,,0.0,0.0,,35.444748420198586
URY,UY,Uruguay,Latin America & Caribbean,High income,2019,,,,0.0,0.0,,34.0
URY,UY,Uruguay,Latin America & Caribbean,High income,2020,,,,0.0,0.0,,33.405777354578404
URY,UY,Uruguay,Latin America & Caribbean,High income,2021,,,,0.0,0.0,,35.900000000000006
URY,UY,Uruguay,Latin America & Caribbean,High income,2022,,,,0.0,0.0,,35.2
URY,UY,Uruguay,Latin America & Caribbean,High income,2023,,,,0.0,0.0,,34.4
URY,UY,Uruguay,Latin America & Caribbean,High income,2024,,,,0.0,0.0,,
USA,US,United States,North America,High income,2000,,,,0.0,0.0,,
USA,US,United States,North America,High income,2001,,,,0.0,0.0,,
USA,US,United States,North America,High income,2002,,,,0.0,0.0,,
USA,US,United States,North America,High income,2003,,,,0.0,0.0,,
USA,US,United States,North America,High income,2004,,,,0.0,0.0,,
USA,US,United States,North America,High income,2005,,,,0.0,0.0,,
USA,US,United States,North America,High income,2006,,,,0.0,0.0,,34.5
USA,US,United States,North America,High income,2007,,,,0.0,0.0,5.67,33.6
USA,US,United States,North America,High income,2008,,,,0.0,0.0,5.74,32.8
USA,US,United States,North America,High income,2009,,,,0.0,0.0,5.59,34.0
USA,US,United States,North America,High income,2010,,,,0.0,0.0,5.43,35.3
USA,US,United States,North America,High income,2011,,,,0.0,0.0,5.43,34.8
USA,US,United States,North America,High income,2012,,,,0.0,0.0,5.47,34.8
USA,US,United States,North America,High income,2013,,,,0.0,0.0,5.48,33.5
USA,US,United States,North America,High income,2014,,,,0.0,0.0,5.54,35.4
USA,US,United States,North America,High income,2015,,,,0.0,0.0,5.61,35.4
USA,US,United States,North America,High income,2016,,,,0.0,0.0,5.7,34.0
USA,US,United States,North America,High income,2017,,,,0.0,0.0,5.85,35.6
USA,US,United States,North America,High income,2018,,,,0.0,0.0,,37.7
USA,US,United States,North America,High income,2019,,,,0.0,0.0,,38.0
USA,US,United States,North America,High income,2020,,,,0.0,0.0,,38.27275827818653
USA,US,United States,North America,High income,2021,,,,0.0,0.0,,44.6
USA,US,United States,North America,High income,2022,,,,0.0,0.0,,46.6
USA,US,United States,North America,High income,2023,,,,0.0,0.0,,45.300000000000004
USA,US,United States,North America,High income,2024,,,,0.0,0.0,,
UZB,UZ,Uzbekistan,Europe & Central Asia,Lower middle income,2000,,,,0.0,0.0,,
UZB,UZ,Uzbekistan,Europe & Central Asia,Lower middle income,2001,,,,0.0,0.0,,
UZB,UZ,Uzbekistan,Europe & Central Asia,Lower middle income,2002,,,,0.0,0.0,,
UZB,UZ,Uzbekistan,Europe & Central Asia,Lower middle income,2003,,,,0.0,0.0,,
UZB,UZ,Uzbekistan,Europe & Central Asia,Lower middle income,2004,,,,0.0,0.0,,
UZB,UZ,Uzbekistan,Europe & Central Asia,Lower middle income,2005,,,,0.0,0.0,,
UZB,UZ,Uzbekistan,Europe & Central Asia,Lower middle income,2006,,,,0.0,0.0,,94.4
UZB,UZ,Uzbekistan,Europe & Central Asia,Lower middle income,2007,,,,0.0,0.0,,93.5
UZB,UZ,Uzbekistan,Europe & Central Asia,Lower middle income,2008,,,,0.0,0.0,,93.4
UZB,UZ,Uzbekistan,Europe & Central Asia,Lower middle income,2009,,,,0.0,0.0,,92.8
UZB,UZ,Uzbekistan,Europe & Central Asia,Lower middle income,2010,,,,0.0,0.0,,90.5
UZB,UZ,Uzbekistan,Europe & Central Asia,Lower middle income,2011,,,,0.0,0.0,,88.3
UZB,UZ,Uzbekistan,Europe & Central Asia,Lower middle income,2012,,,,0.0,0.0,,87.5
UZB,UZ,Uzbekistan,Europe & Central Asia,Lower middle income,2013,,,,0.0,0.0,,86.9
UZB,UZ,Uzbekistan,Europe & Central Asia,Lower middle income,2014,,,,0.0,0.0,,86.3
UZB,UZ,Uzbekistan,Europe & Central Asia,Lower middle income,2015,,,,0.0,0.0,,85.3
UZB,UZ,Uzbekistan,Europe & Central Asia,Lower middle income,2016,,,,0.0,0.0,,83.5
UZB,UZ,Uzbekistan,Europe & Central Asia,Lower middle income,2017,,,,0.0,0.0,,81.5
UZB,UZ,Uzbekistan,Europe & Central Asia,Lower middle income,2018,,,,0.0,0.0,,79.1
UZB,UZ,Uzbekistan,Europe & Central Asia,Lower middle income,2019,,,,0.0,0.0,,75.7
UZB,UZ,Uzbekistan,Europe & Central Asia,Lower middle income,2020,,,,0.0,0.0,,73.10388718030978
UZB,UZ,Uzbekistan,Europe & Central Asia,Lower middle income,2021,,,,0.0,0.0,,72.00000000000001
UZB,UZ,Uzbekistan,Europe & Central Asia,Lower middle income,2022,,,,0.0,0.0,,69.6
UZB,UZ,Uzbekistan,Europe & Central Asia,Lower middle income,2023,,,,0.0,0.0,,66.80000000000001
UZB,UZ,Uzbekistan,Europe & Central Asia,Lower middle income,2024,,,,0.0,0.0,,
VCT,VC,St. Vincent and the Grenadines,Latin America & Caribbean,Upper middle income,2000,,,,,,,
VCT,VC,St. Vincent and the Grenadines,Latin America & Caribbean,Upper middle income,2001,,,,,,,
VCT,VC,St. Vincent and the Grenadines,Latin America & Caribbean,Upper middle income,2002,,,,,,,
VCT,VC,St. Vincent and the Grenadines,Latin America & Caribbean,Upper middle income,2003,,,,,,,
VCT,VC,St. Vincent and the Grenadines,Latin America & Caribbean,Upper middle income,2004,,,,,,,
VCT,VC,St. Vincent and the Grenadines,Latin America & Caribbean,Upper middle income,2005,,,,,,,
VCT,VC,St. Vincent and the Grenadines,Latin America & Caribbean,Upper middle income,2006,,,,,,,
VCT,VC,St. Vincent and the Grenadines,Latin America & Caribbean,Upper middle income,2007,,,,,,,
VCT,VC,St. Vincent and the Grenadines,Latin America & Caribbean,Upper middle income,2008,,,,,,,
VCT,VC,St. Vincent and the Grenadines,Latin America & Caribbean,Upper middle income,2009,,,,,,,
VCT,VC,St. Vincent and the Grenadines,Latin America & Caribbean,Upper middle income,2010,,,,,,,
VCT,VC,St. Vincent and the Grenadines,Latin America & Caribbean,Upper middle income,2011,,,,,,,
VCT,VC,St. Vincent and the Grenadines,Latin America & Caribbean,Upper middle income,2012,,,,,,,
VCT,VC,St. Vincent and the Grenadines,Latin America & Caribbean,Upper middle income,2013,,,,,,,
VCT,VC,St. Vincent and the Grenadines,Latin America & Caribbean,Upper middle income,2014,,,,,,,
VCT,VC,St. Vincent and the Grenadines,Latin America & Caribbean,Upper middle income,2015,,,,,,,
VCT,VC,St. Vincent and the Grenadines,Latin America & Caribbean,Upper middle income,2016,,,,,,,
VCT,VC,St. Vincent and the Grenadines,Latin America & Caribbean,Upper middle income,2017,,,,,,,
VCT,VC,St. Vincent and the Grenadines,Latin America & Caribbean,Upper middle income,2018,,,,,,,
VCT,VC,St. Vincent and the Grenadines,Latin America & Caribbean,Upper middle income,2019,,,,,,,
VCT,VC,St. Vincent and the Grenadines,Latin America & Caribbean,Upper middle income,2020,,,,,,,
VCT,VC,St. Vincent and the Grenadines,Latin America & Caribbean,Upper middle income,2021,,,,,,,
VCT,VC,St. Vincent and the Grenadines,Latin America & Caribbean,Upper middle income,2022,,,,,,,
VCT,VC,St. Vincent and the Grenadines,Latin America & Caribbean,Upper middle income,2023,,,,,,,
VCT,VC,St. Vincent and the Grenadines,Latin America & Caribbean,Upper middle income,2024,,,,,,,
VEN,VE,"Venezuela, RB",Latin America & Caribbean,Lower middle income,2000,,,,0.0,0.0,,
VEN,VE,"Venezuela, RB",Latin America & Caribbean,Lower middle income,2001,,,,0.0,0.0,,
VEN,VE,"Venezuela, RB",Latin America & Caribbean,Lower middle income,2002,,,,0.0,0.0,,
VEN,VE,"Venezuela, RB",Latin America & Caribbean,Lower middle income,2003,,,,0.0,0.0,,
VEN,VE,"Venezuela, RB",Latin America & Caribbean,Lower middle income,2004,,,,0.0,0.0,,
VEN,VE,"Venezuela, RB",Latin America & Caribbean,Lower middle income,2005,,,,0.0,0.0,,
VEN,VE,"Venezuela, RB",Latin America & Caribbean,Lower middle income,2006,,,,0.0,0.0,,81.2
VEN,VE,"Venezuela, RB",Latin America & Caribbean,Lower middle income,2007,,,,0.0,0.0,3.63,79.8
VEN,VE,"Venezuela, RB",Latin America & Caribbean,Lower middle income,2008,,,,0.0,0.0,3.56,77.9
VEN,VE,"Venezuela, RB",Latin America & Caribbean,Lower middle income,2009,,,,0.0,0.0,3.48,79.5
VEN,VE,"Venezuela, RB",Latin America & Caribbean,Lower middle income,2010,,,,0.0,0.0,3.48,78.7
VEN,VE,"Venezuela, RB",Latin America & Caribbean,Lower middle income,2011,,,,0.0,0.0,3.51,78.2
VEN,VE,"Venezuela, RB",Latin America & Caribbean,Lower middle income,2012,,,,0.0,0.0,3.46,77.3
VEN,VE,"Venezuela, RB",Latin America & Caribbean,Lower middle income,2013,,,,0.0,0.0,3.35,75.3
VEN,VE,"Venezuela, RB",Latin America & Caribbean,Lower middle income,2014,,,,0.0,0.0,3.32,76.7
VEN,VE,"Venezuela, RB",Latin America & Caribbean,Lower middle income,2015,,,,0.0,0.0,3.3,78.7
VEN,VE,"Venezuela, RB",Latin America & Caribbean,Lower middle income,2016,,,,0.0,0.0,3.27,81.6
VEN,VE,"Venezuela, RB",Latin America & Caribbean,Lower middle income,2017,,,,0.0,0.0,3.23,82.9
VEN,VE,"Venezuela, RB",Latin America & Caribbean,Lower middle income,2018,,,,0.0,0.0,,86.20692501836953
VEN,VE,"Venezuela, RB",Latin America & Caribbean,Lower middle income,2019,,,,0.0,0.0,,89.3
VEN,VE,"Venezuela, RB",Latin America & Caribbean,Lower middle income,2020,,,,0.0,0.0,,91.15759122974585
VEN,VE,"Venezuela, RB",Latin America & Caribbean,Lower middle income,2021,,,,0.0,0.0,,92.60000000000001
VEN,VE,"Venezuela, RB",Latin America & Caribbean,Lower middle income,2022,,,,0.0,0.0,,91.60000000000001
VEN,VE,"Venezuela, RB",Latin America & Caribbean,Lower middle income,2023,,,,0.0,0.0,,90.5
VEN,VE,"Venezuela, RB",Latin America & Caribbean,Lower middle income,2024,,,,0.0,0.0,,
VGB,VG,British Virgin Islands,Latin America & Caribbean,High income,2000,,,,,,,
VGB,VG,British Virgin Islands,Latin America & Caribbean,High income,2001,,,,,,,
VGB,VG,British Virgin Islands,Latin America & Caribbean,High income,2002,,,,,,,
VGB,VG,British Virgin Islands,Latin America & Caribbean,High income,2003,,,,,,,
VGB,VG,British Virgin Islands,Latin America & Caribbean,High income,2004,,,,,,,
VGB,VG,British Virgin Islands,Latin America & Caribbean,High income,2005,,,,,,,
VGB,VG,British Virgin Islands,Latin America & Caribbean,High income,2006,,,,,,,
VGB,VG,British Virgin Islands,Latin America & Caribbean,High income,2007,,,,,,,
VGB,VG,British Virgin Islands,Latin America & Caribbean,High income,2008,,,,,,,
VGB,VG,British Virgin Islands,Latin America & Caribbean,High income,2009,,,,,,,
VGB,VG,British Virgin Islands,Latin America & Caribbean,High income,2010,,,,,,,
VGB,VG,British Virgin Islands,Latin America & Caribbean,High income,2011,,,,,,,
VGB,VG,British Virgin Islands,Latin America & Caribbean,High income,2012,,,,,,,
VGB,VG,British Virgin Islands,Latin America & Caribbean,High income,2013,,,,,,,
VGB,VG,British Virgin Islands,Latin America & Caribbean,High income,2014,,,,,,,
VGB,VG,British Virgin Islands,Latin America & Caribbean,High income,2015,,,,,,,
VGB,VG,British Virgin Islands,Latin America & Caribbean,High income,2016,,,,,,,
VGB,VG,British Virgin Islands,Latin America & Caribbean,High income,2017,,,,,,,
VGB,VG,British Virgin Islands,Latin America & Caribbean,High income,2018,,,,,,,
VGB,VG,British Virgin Islands,Latin America & Caribbean,High income,2019,,,,,,,
VGB,VG,British Virgin Islands,Latin America & Caribbean,High income,2020,,,,,,,
VGB,VG,British Virgin Islands,Latin America & Caribbean,High income,2021,,,,,,,
VGB,VG,British Virgin Islands,Latin America & Caribbean,High income,2022,,,,,,,
VGB,VG,British Virgin Islands,Latin America & Caribbean,High income,2023,,,,,,,
VGB,VG,British Virgin Islands,Latin America & Caribbean,High income,2024,,,,,,,
VIR,VI,Virgin Islands (U.S.),Latin America & Caribbean,High income,2000,,,,,,,
VIR,VI,Virgin Islands (U.S.),Latin America & Caribbean,High income,2001,,,,,,,
VIR,VI,Virgin Islands (U.S.),Latin America & Caribbean,High income,2002,,,,,,,
VIR,VI,Virgin Islands (U.S.),Latin America & Caribbean,High income,2003,,,,,,,
VIR,VI,Virgin Islands (U.S.),Latin America & Caribbean,High income,2004,,,,,,,
VIR,VI,Virgin Islands (U.S.),Latin America & Caribbean,High income,2005,,,,,,,
VIR,VI,Virgin Islands (U.S.),Latin America & Caribbean,High income,2006,,,,,,,
VIR,VI,Virgin Islands (U.S.),Latin America & Caribbean,High income,2007,,,,,,,
VIR,VI,Virgin Islands (U.S.),Latin America & Caribbean,High income,2008,,,,,,,
VIR,VI,Virgin Islands (U.S.),Latin America & Caribbean,High income,2009,,,,,,,
VIR,VI,Virgin Islands (U.S.),Latin America & Caribbean,High income,2010,,,,,,,
VIR,VI,Virgin Islands (U.S.),Latin America & Caribbean,High income,2011,,,,,,,
VIR,VI,Virgin Islands (U.S.),Latin America & Caribbean,High income,2012,,,,,,,
VIR,VI,Virgin Islands (U.S.),Latin America & Caribbean,High income,2013,,,,,,,
VIR,VI,Virgin Islands (U.S.),Latin America & Caribbean,High income,2014,,,,,,,
VIR,VI,Virgin Islands (U.S.),Latin America & Caribbean,High income,2015,,,,,,,
VIR,VI,Virgin Islands (U.S.),Latin America & Caribbean,High income,2016,,,,,,,
VIR,VI,Virgin Islands (U.S.),Latin America & Caribbean,High income,2017,,,,,,,
VIR,VI,Virgin Islands (U.S.),Latin America & Caribbean,High income,2018,,,,,,,
VIR,VI,Virgin Islands (U.S.),Latin America & Caribbean,High income,2019,,,,,,,
VIR,VI,Virgin Islands (U.S.),Latin America & Caribbean,High income,2020,,,,,,,
VIR,VI,Virgin Islands (U.S.),Latin America & Caribbean,High income,2021,,,,,,,
VIR,VI,Virgin Islands (U.S.),Latin America & Caribbean,High income,2022,,,,,,,
VIR,VI,Virgin Islands (U.S.),Latin America & Caribbean,High income,2023,,,,,,,
VIR,VI,Virgin Islands (U.S.),Latin America & Caribbean,High income,2024,,,,,,,
VNM,VN,Viet Nam,East Asia & Pacific,Upper middle income,2000,Le Kha Phieu,1.0,1.0,0.0,0.0,,
VNM,VN,Viet Nam,East Asia & Pacific,Upper middle income,2001,Nong Duc Manh,1.0,1.0,1.0,0.0,,
VNM,VN,Viet Nam,East Asia & Pacific,Upper middle income,2002,Nong Duc Manh,2.0,1.5,0.0,1.0,,
VNM,VN,Viet Nam,East Asia & Pacific,Upper middle income,2003,Nong Duc Manh,3.0,2.0,0.0,1.0,,
VNM,VN,Viet Nam,East Asia & Pacific,Upper middle income,2004,Nong Duc Manh,4.0,2.5,0.0,1.0,,
VNM,VN,Viet Nam,East Asia & Pacific,Upper middle income,2005,Nong Duc Manh,5.0,3.0,0.0,1.0,,
VNM,VN,Viet Nam,East Asia & Pacific,Upper middle income,2006,Nong Duc Manh,6.0,3.5,0.0,1.0,,78.6
VNM,VN,Viet Nam,East Asia & Pacific,Upper middle income,2007,Nong Duc Manh,7.0,4.0,0.0,0.0,4.04,77.8
VNM,VN,Viet Nam,East Asia & Pacific,Upper middle income,2008,Nong Duc Manh,8.0,4.5,0.0,0.0,4.1,74.6
VNM,VN,Viet Nam,East Asia & Pacific,Upper middle income,2009,Nong Duc Manh,9.0,5.0,0.0,0.0,4.03,76.9
VNM,VN,Viet Nam,East Asia & Pacific,Upper middle income,2010,Nong Duc Manh,10.0,5.5,0.0,0.0,4.27,76.6
VNM,VN,Viet Nam,East Asia & Pacific,Upper middle income,2011,Nguyen Phu Trong,1.0,4.0,1.0,0.0,4.24,76.1
VNM,VN,Viet Nam,East Asia & Pacific,Upper middle income,2012,Nguyen Phu Trong,2.0,4.333333333333333,0.0,1.0,4.11,74.0
VNM,VN,Viet Nam,East Asia & Pacific,Upper middle income,2013,Nguyen Phu Trong,3.0,4.666666666666667,0.0,1.0,4.18,73.1
VNM,VN,Viet Nam,East Asia & Pacific,Upper middle income,2014,Nguyen Phu Trong,4.0,5.0,0.0,1.0,4.23,72.7
VNM,VN,Viet Nam,East Asia & Pacific,Upper middle income,2015,Nguyen Phu Trong,5.0,5.333333333333333,0.0,1.0,4.3,72.4
VNM,VN,Viet Nam,East Asia & Pacific,Upper middle income,2016,Nguyen Phu Trong,6.0,5.666666666666667,0.0,1.0,4.31,70.7
VNM,VN,Viet Nam,East Asia & Pacific,Upper middle income,2017,Nguyen Phu Trong,7.0,6.0,0.0,0.0,4.36,70.2
VNM,VN,Viet Nam,East Asia & Pacific,Upper middle income,2018,Nguyen Xuan Phuc,1.0,4.75,1.0,0.0,,68.39565234056963
VNM,VN,Viet Nam,East Asia & Pacific,Upper middle income,2019,Nguyen Xuan Phuc,2.0,5.0,0.0,1.0,,66.1
VNM,VN,Viet Nam,East Asia & Pacific,Upper middle income,2020,Nguyen Xuan Phuc,3.0,5.25,0.0,1.0,,63.885397212926094
VNM,VN,Viet Nam,East Asia & Pacific,Upper middle income,2021,Nguyen Phu Trong,1.0,4.4,1.0,1.0,,63.29999999999999
VNM,VN,Viet Nam,East Asia & Pacific,Upper middle income,2022,Nguyen Phu Trong,2.0,4.6,0.0,2.0,,60.9
VNM,VN,Viet Nam,East Asia & Pacific,Upper middle income,2023,Nguyen Phu Trong,3.0,4.8,0.0,2.0,,58.300000000000004
VNM,VN,Viet Nam,East Asia & Pacific,Upper middle income,2024,To Lam,1.0,4.166666666666667,1.0,1.0,,
VUT,VU,Vanuatu,East Asia & Pacific,Lower middle income,2000,Barak Tame Sopé Mautamata,1.0,1.0,0.0,0.0,,
VUT,VU,Vanuatu,East Asia & Pacific,Lower middle income,2001,Nipake Edward Natapei Tua Fanua`ariki,1.0,1.0,1.0,0.0,,
VUT,VU,Vanuatu,East Asia & Pacific,Lower middle income,2002,Nipake Edward Natapei Tua Fanua`ariki,2.0,1.5,0.0,1.0,,
VUT,VU,Vanuatu,East Asia & Pacific,Lower middle income,2003,Nipake Edward Natapei Tua Fanua`ariki,3.0,2.0,0.0,1.0,,
VUT,VU,Vanuatu,East Asia & Pacific,Lower middle income,2004,Ham Lini Vanuarora,1.0,1.6666666666666667,1.0,1.0,,
VUT,VU,Vanuatu,East Asia & Pacific,Lower middle income,2005,Ham Lini Vanuarora,2.0,2.0,0.0,2.0,,
VUT,VU,Vanuatu,East Asia & Pacific,Lower middle income,2006,Ham Lini Vanuarora,3.0,2.3333333333333335,0.0,2.0,,
VUT,VU,Vanuatu,East Asia & Pacific,Lower middle income,2007,Ham Lini Vanuarora,4.0,2.6666666666666665,0.0,1.0,,
VUT,VU,Vanuatu,East Asia & Pacific,Lower middle income,2008,Nipake Edward Natapei Tua Fanua`ariki,1.0,2.25,1.0,1.0,,
VUT,VU,Vanuatu,East Asia & Pacific,Lower middle income,2009,Nipake Edward Natapei Tua Fanua`ariki,2.0,2.5,0.0,2.0,,
VUT,VU,Vanuatu,East Asia & Pacific,Lower middle income,2010,Meltek Sato Kilman Livtunvanu,1.0,2.2,1.0,1.0,,
VUT,VU,Vanuatu,East Asia & Pacific,Lower middle income,2011,Meltek Sato Kilman Livtunvanu,2.0,2.4,0.0,2.0,,
VUT,VU,Vanuatu,East Asia & Pacific,Lower middle income,2012,Meltek Sato Kilman Livtunvanu,3.0,2.6,0.0,2.0,,
VUT,VU,Vanuatu,East Asia & Pacific,Lower middle income,2013,Moana Carcasses Kalosil,1.0,2.3333333333333335,1.0,2.0,,
VUT,VU,Vanuatu,East Asia & Pacific,Lower middle income,2014,Joe Natuman,1.0,2.142857142857143,1.0,2.0,,
VUT,VU,Vanuatu,East Asia & Pacific,Lower middle income,2015,Meltek Sato Kilman Livtunvanu,1.0,2.0,1.0,3.0,,
VUT,VU,Vanuatu,East Asia & Pacific,Lower middle income,2016,Charlot Salwai Tabimasmas,1.0,1.8888888888888888,1.0,3.0,,
VUT,VU,Vanuatu,East Asia & Pacific,Lower middle income,2017,Charlot Salwai Tabimasmas,2.0,2.0,0.0,4.0,,
VUT,VU,Vanuatu,East Asia & Pacific,Lower middle income,2018,Charlot Salwai Tabimasmas,3.0,2.111111111111111,0.0,4.0,,
VUT,VU,Vanuatu,East Asia & Pacific,Lower middle income,2019,Charlot Salwai,1.0,2.0,1.0,3.0,,
VUT,VU,Vanuatu,East Asia & Pacific,Lower middle income,2020,Bob Loughman,1.0,1.9090909090909092,1.0,3.0,,
VUT,VU,Vanuatu,East Asia & Pacific,Lower middle income,2021,Bob Loughman,2.0,2.0,0.0,3.0,,
VUT,VU,Vanuatu,East Asia & Pacific,Lower middle income,2022,Alatoi Ishmael Kalsakau,1.0,1.9166666666666667,1.0,2.0,,
VUT,VU,Vanuatu,East Asia & Pacific,Lower middle income,2023,Charlot Salwai Tabimasmas,1.0,1.8461538461538463,1.0,3.0,,
VUT,VU,Vanuatu,East Asia & Pacific,Lower middle income,2024,Charlot Salwai Tabimasmas,2.0,1.9230769230769231,0.0,4.0,,
WSM,WS,Samoa,East Asia & Pacific,Upper middle income,2000,,,,,,,
WSM,WS,Samoa,East Asia & Pacific,Upper middle income,2001,,,,,,,
WSM,WS,Samoa,East Asia & Pacific,Upper middle income,2002,,,,,,,
WSM,WS,Samoa,East Asia & Pacific,Upper middle income,2003,,,,,,,
WSM,WS,Samoa,East Asia & Pacific,Upper middle income,2004,,,,,,,
WSM,WS,Samoa,East Asia & Pacific,Upper middle income,2005,,,,,,,
WSM,WS,Samoa,East Asia & Pacific,Upper middle income,2006,,,,,,,
WSM,WS,Samoa,East Asia & Pacific,Upper middle income,2007,,,,,,,73.8
WSM,WS,Samoa,East Asia & Pacific,Upper middle income,2008,,,,,,,72.4
WSM,WS,Samoa,East Asia & Pacific,Upper middle income,2009,,,,,,,71.4
WSM,WS,Samoa,East Asia & Pacific,Upper middle income,2010,,,,,,,71.1
WSM,WS,Samoa,East Asia & Pacific,Upper middle income,2011,,,,,,,69.5
WSM,WS,Samoa,East Asia & Pacific,Upper middle income,2012,,,,,,,68.5
WSM,WS,Samoa,East Asia & Pacific,Upper middle income,2013,,,,,,,68.7
WSM,WS,Samoa,East Asia & Pacific,Upper middle income,2014,,,,,,,69.3
WSM,WS,Samoa,East Asia & Pacific,Upper middle income,2015,,,,,,,68.2
WSM,WS,Samoa,East Asia & Pacific,Upper middle income,2016,,,,,,,67.6
WSM,WS,Samoa,East Asia & Pacific,Upper middle income,2017,,,,,,,67.1
WSM,WS,Samoa,East Asia & Pacific,Upper middle income,2018,,,,,,,65.53086971578227
WSM,WS,Samoa,East Asia & Pacific,Upper middle income,2019,,,,,,,64.2
WSM,WS,Samoa,East Asia & Pacific,Upper middle income,2020,,,,,,,63.296648558996196
WSM,WS,Samoa,East Asia & Pacific,Upper middle income,2021,,,,,,,64.2
WSM,WS,Samoa,East Asia & Pacific,Upper middle income,2022,,,,,,,64.8
WSM,WS,Samoa,East Asia & Pacific,Upper middle income,2023,,,,,,,65.1
WSM,WS,Samoa,East Asia & Pacific,Upper middle income,2024,,,,,,,
XKX,XK,Kosovo,Europe & Central Asia,Upper middle income,2000,,,,0.0,0.0,,
XKX,XK,Kosovo,Europe & Central Asia,Upper middle income,2001,,,,0.0,0.0,,
XKX,XK,Kosovo,Europe & Central Asia,Upper middle income,2002,Bajram Rexhepi,1.0,1.0,0.0,0.0,,
XKX,XK,Kosovo,Europe & Central Asia,Upper middle income,2003,Bajram Rexhepi,2.0,2.0,0.0,0.0,,
XKX,XK,Kosovo,Europe & Central Asia,Upper middle income,2004,Bajram Rexhepi,3.0,3.0,0.0,0.0,,
XKX,XK,Kosovo,Europe & Central Asia,Upper middle income,2005,Bajram Kosumi,1.0,2.0,1.0,0.0,,
XKX,XK,Kosovo,Europe & Central Asia,Upper middle income,2006,Agim Çeku,1.0,1.6666666666666667,1.0,1.0,,
XKX,XK,Kosovo,Europe & Central Asia,Upper middle income,2007,Agim Çeku,2.0,2.0,0.0,2.0,,
XKX,XK,Kosovo,Europe & Central Asia,Upper middle income,2008,Hashim Thaçi,1.0,1.75,1.0,2.0,,
XKX,XK,Kosovo,Europe & Central Asia,Upper middle income,2009,Hashim Thaçi,2.0,2.0,0.0,3.0,,
XKX,XK,Kosovo,Europe & Central Asia,Upper middle income,2010,Hashim Thaçi,3.0,2.25,0.0,3.0,,
XKX,XK,Kosovo,Europe & Central Asia,Upper middle income,2011,Hashim Thaçi,4.0,2.5,0.0,2.0,,
XKX,XK,Kosovo,Europe & Central Asia,Upper middle income,2012,Hashim Thaçi,5.0,2.75,0.0,1.0,,
XKX,XK,Kosovo,Europe & Central Asia,Upper middle income,2013,Hashim Thaçi,6.0,3.0,0.0,1.0,,
XKX,XK,Kosovo,Europe & Central Asia,Upper middle income,2014,Isa Mustafa,1.0,2.6,1.0,0.0,,
XKX,XK,Kosovo,Europe & Central Asia,Upper middle income,2015,Isa Mustafa,2.0,2.8,0.0,1.0,,
XKX,XK,Kosovo,Europe & Central Asia,Upper middle income,2016,Isa Mustafa,3.0,3.0,0.0,1.0,,
XKX,XK,Kosovo,Europe & Central Asia,Upper middle income,2017,Ramush Haradinaj,1.0,2.6666666666666665,1.0,1.0,,
XKX,XK,Kosovo,Europe & Central Asia,Upper middle income,2018,Ramush Haradinaj,2.0,2.8333333333333335,0.0,2.0,,
XKX,XK,Kosovo,Europe & Central Asia,Upper middle income,2019,Ramush Haradinaj,3.0,3.0,0.0,2.0,,
XKX,XK,Kosovo,Europe & Central Asia,Upper middle income,2020,Avdullah Hoti,1.0,2.7142857142857144,1.0,1.0,,
XKX,XK,Kosovo,Europe & Central Asia,Upper middle income,2021,Albin Kurti,1.0,2.5,1.0,2.0,,
XKX,XK,Kosovo,Europe & Central Asia,Upper middle income,2022,Albin Kurti,2.0,2.625,0.0,3.0,,
XKX,XK,Kosovo,Europe & Central Asia,Upper middle income,2023,Albin Kurti,3.0,2.75,0.0,2.0,,
XKX,XK,Kosovo,Europe & Central Asia,Upper middle income,2024,Albin Kurti,4.0,2.875,0.0,2.0,,
YEM,YE,"Yemen, Rep.","Middle East, North Africa, Afghanistan & Pakistan",Low income,2000,Abdul Karim Ali al-Iryani,1.0,1.0,0.0,0.0,,
YEM,YE,"Yemen, Rep.","Middle East, North Africa, Afghanistan & Pakistan",Low income,2001,Abdul Qader Bajamal,1.0,1.0,1.0,0.0,,
YEM,YE,"Yemen, Rep.","Middle East, North Africa, Afghanistan & Pakistan",Low income,2002,Abdul Qader Bajamal,2.0,1.5,0.0,1.0,,
YEM,YE,"Yemen, Rep.","Middle East, North Africa, Afghanistan & Pakistan",Low income,2003,Abdul Qader Bajamal,3.0,2.0,0.0,1.0,,
YEM,YE,"Yemen, Rep.","Middle East, North Africa, Afghanistan & Pakistan",Low income,2004,Abdul Qader Bajamal,4.0,2.5,0.0,1.0,,
YEM,YE,"Yemen, Rep.","Middle East, North Africa, Afghanistan & Pakistan",Low income,2005,Abdul Qader Bajamal,5.0,3.0,0.0,1.0,,
YEM,YE,"Yemen, Rep.","Middle East, North Africa, Afghanistan & Pakistan",Low income,2006,Abdul Qader Bajamal,6.0,3.5,0.0,1.0,,96.6
YEM,YE,"Yemen, Rep.","Middle East, North Africa, Afghanistan & Pakistan",Low income,2007,Ali Muhammad Mujawar,1.0,2.6666666666666665,1.0,0.0,,93.2
YEM,YE,"Yemen, Rep.","Middle East, North Africa, Afghanistan & Pakistan",Low income,2008,Ali Muhammad Mujawar,2.0,3.0,0.0,1.0,,95.4
YEM,YE,"Yemen, Rep.","Middle East, North Africa, Afghanistan & Pakistan",Low income,2009,Ali Muhammad Mujawar,3.0,3.3333333333333335,0.0,1.0,,98.1
YEM,YE,"Yemen, Rep.","Middle East, North Africa, Afghanistan & Pakistan",Low income,2010,Ali Muhammad Mujawar,4.0,3.6666666666666665,0.0,1.0,,100.0
YEM,YE,"Yemen, Rep.","Middle East, North Africa, Afghanistan & Pakistan",Low income,2011,Muhammad Salim Basindwah,1.0,3.0,1.0,1.0,3.06,100.3
YEM,YE,"Yemen, Rep.","Middle East, North Africa, Afghanistan & Pakistan",Low income,2012,Muhammad Salim Basindwah,2.0,3.25,0.0,2.0,2.97,104.8
YEM,YE,"Yemen, Rep.","Middle East, North Africa, Afghanistan & Pakistan",Low income,2013,Muhammad Salim Basindwah,3.0,3.5,0.0,1.0,2.98,107.0
YEM,YE,"Yemen, Rep.","Middle East, North Africa, Afghanistan & Pakistan",Low income,2014,Khaled Mahafoudh Bahah,1.0,3.0,1.0,1.0,2.96,105.4
YEM,YE,"Yemen, Rep.","Middle East, North Africa, Afghanistan & Pakistan",Low income,2015,Khaled Mahafoudh Bahah,2.0,3.2,0.0,2.0,,108.2
YEM,YE,"Yemen, Rep.","Middle East, North Africa, Afghanistan & Pakistan",Low income,2016,Ahmad Obaid Bin Daghr,1.0,2.8333333333333335,1.0,2.0,2.74,111.5
YEM,YE,"Yemen, Rep.","Middle East, North Africa, Afghanistan & Pakistan",Low income,2017,Ahmad Obaid Bin Daghr,2.0,3.0,0.0,2.0,2.87,111.1
YEM,YE,"Yemen, Rep.","Middle East, North Africa, Afghanistan & Pakistan",Low income,2018,Maeen Abdulmalik Saeed,1.0,2.7142857142857144,1.0,2.0,,112.6715037597987
YEM,YE,"Yemen, Rep.","Middle East, North Africa, Afghanistan & Pakistan",Low income,2019,Maeen Abdulmalik Saeed,2.0,2.857142857142857,0.0,3.0,,113.5
YEM,YE,"Yemen, Rep.","Middle East, North Africa, Afghanistan & Pakistan",Low income,2020,Maeen Abdulmalik Saeed,3.0,3.0,0.0,2.0,,112.43869382016283
YEM,YE,"Yemen, Rep.","Middle East, North Africa, Afghanistan & Pakistan",Low income,2021,Maeen Abdulmalik Saeed,4.0,3.142857142857143,0.0,2.0,,111.7
YEM,YE,"Yemen, Rep.","Middle East, North Africa, Afghanistan & Pakistan",Low income,2022,Maeen Abdulmalik Saeed,5.0,3.2857142857142856,0.0,1.0,,111.7
YEM,YE,"Yemen, Rep.","Middle East, North Africa, Afghanistan & Pakistan",Low income,2023,Maeen Abdulmalik Saeed,6.0,3.4285714285714284,0.0,1.0,,108.89999999999999
YEM,YE,"Yemen, Rep.","Middle East, North Africa, Afghanistan & Pakistan",Low income,2024,Ahmad Awad bin Mubarak,1.0,3.125,1.0,0.0,,
ZAF,ZA,South Africa,Sub-Saharan Africa,Upper middle income,2000,,,,0.0,0.0,,
ZAF,ZA,South Africa,Sub-Saharan Africa,Upper middle income,2001,,,,0.0,0.0,,
ZAF,ZA,South Africa,Sub-Saharan Africa,Upper middle income,2002,,,,0.0,0.0,,
ZAF,ZA,South Africa,Sub-Saharan Africa,Upper middle income,2003,,,,0.0,0.0,,
ZAF,ZA,South Africa,Sub-Saharan Africa,Upper middle income,2004,,,,0.0,0.0,,
ZAF,ZA,South Africa,Sub-Saharan Africa,Upper middle income,2005,,,,0.0,0.0,,
ZAF,ZA,South Africa,Sub-Saharan Africa,Upper middle income,2006,,,,0.0,0.0,,55.7
ZAF,ZA,South Africa,Sub-Saharan Africa,Upper middle income,2007,,,,0.0,0.0,4.42,57.4
ZAF,ZA,South Africa,Sub-Saharan Africa,Upper middle income,2008,,,,0.0,0.0,4.41,62.7
ZAF,ZA,South Africa,Sub-Saharan Africa,Upper middle income,2009,,,,0.0,0.0,4.34,67.4
ZAF,ZA,South Africa,Sub-Saharan Africa,Upper middle income,2010,,,,0.0,0.0,4.32,67.9
ZAF,ZA,South Africa,Sub-Saharan Africa,Upper middle income,2011,,,,0.0,0.0,4.34,67.6
ZAF,ZA,South Africa,Sub-Saharan Africa,Upper middle income,2012,,,,0.0,0.0,4.37,66.8
ZAF,ZA,South Africa,Sub-Saharan Africa,Upper middle income,2013,,,,0.0,0.0,4.37,67.6
ZAF,ZA,South Africa,Sub-Saharan Africa,Upper middle income,2014,,,,0.0,0.0,4.35,66.6
ZAF,ZA,South Africa,Sub-Saharan Africa,Upper middle income,2015,,,,0.0,0.0,4.39,67.0
ZAF,ZA,South Africa,Sub-Saharan Africa,Upper middle income,2016,,,,0.0,0.0,4.47,69.9
ZAF,ZA,South Africa,Sub-Saharan Africa,Upper middle income,2017,,,,0.0,0.0,4.32,72.3
ZAF,ZA,South Africa,Sub-Saharan Africa,Upper middle income,2018,,,,0.0,0.0,,72.89999999999999
ZAF,ZA,South Africa,Sub-Saharan Africa,Upper middle income,2019,,,,0.0,0.0,,71.1
ZAF,ZA,South Africa,Sub-Saharan Africa,Upper middle income,2020,,,,0.0,0.0,,70.1072430706828
ZAF,ZA,South Africa,Sub-Saharan Africa,Upper middle income,2021,,,,0.0,0.0,,70.0
ZAF,ZA,South Africa,Sub-Saharan Africa,Upper middle income,2022,,,,0.0,0.0,,72.0
ZAF,ZA,South Africa,Sub-Saharan Africa,Upper middle income,2023,,,,0.0,0.0,,72.0
ZAF,ZA,South Africa,Sub-Saharan Africa,Upper middle income,2024,,,,0.0,0.0,,
ZMB,ZM,Zambia,Sub-Saharan Africa,Lower middle income,2000,,,,0.0,0.0,,
ZMB,ZM,Zambia,Sub-Saharan Africa,Lower middle income,2001,,,,0.0,0.0,,
ZMB,ZM,Zambia,Sub-Saharan Africa,Lower middle income,2002,,,,0.0,0.0,,
ZMB,ZM,Zambia,Sub-Saharan Africa,Lower middle income,2003,,,,0.0,0.0,,
ZMB,ZM,Zambia,Sub-Saharan Africa,Lower middle income,2004,,,,0.0,0.0,,
ZMB,ZM,Zambia,Sub-Saharan Africa,Lower middle income,2005,,,,0.0,0.0,,
ZMB,ZM,Zambia,Sub-Saharan Africa,Lower middle income,2006,,,,0.0,0.0,,79.6
ZMB,ZM,Zambia,Sub-Saharan Africa,Lower middle income,2007,,,,0.0,0.0,3.29,80.6
ZMB,ZM,Zambia,Sub-Saharan Africa,Lower middle income,2008,,,,0.0,0.0,3.49,81.6
ZMB,ZM,Zambia,Sub-Saharan Africa,Lower middle income,2009,,,,0.0,0.0,3.5,84.2
ZMB,ZM,Zambia,Sub-Saharan Africa,Lower middle income,2010,,,,0.0,0.0,3.55,83.9
ZMB,ZM,Zambia,Sub-Saharan Africa,Lower middle income,2011,,,,0.0,0.0,3.67,83.8
ZMB,ZM,Zambia,Sub-Saharan Africa,Lower middle income,2012,,,,0.0,0.0,3.8,85.9
ZMB,ZM,Zambia,Sub-Saharan Africa,Lower middle income,2013,,,,0.0,0.0,3.86,86.6
ZMB,ZM,Zambia,Sub-Saharan Africa,Lower middle income,2014,,,,0.0,0.0,3.86,86.2
ZMB,ZM,Zambia,Sub-Saharan Africa,Lower middle income,2015,,,,0.0,0.0,3.87,85.1
ZMB,ZM,Zambia,Sub-Saharan Africa,Lower middle income,2016,,,,0.0,0.0,3.6,86.3
ZMB,ZM,Zambia,Sub-Saharan Africa,Lower middle income,2017,,,,0.0,0.0,3.52,87.8
ZMB,ZM,Zambia,Sub-Saharan Africa,Lower middle income,2018,,,,0.0,0.0,,87.22404970609999
ZMB,ZM,Zambia,Sub-Saharan Africa,Lower middle income,2019,,,,0.0,0.0,,85.7
ZMB,ZM,Zambia,Sub-Saharan Africa,Lower middle income,2020,,,,0.0,0.0,,84.47412891194057
ZMB,ZM,Zambia,Sub-Saharan Africa,Lower middle income,2021,,,,0.0,0.0,,84.89999999999999
ZMB,ZM,Zambia,Sub-Saharan Africa,Lower middle income,2022,,,,0.0,0.0,,83.60000000000001
ZMB,ZM,Zambia,Sub-Saharan Africa,Lower middle income,2023,,,,0.0,0.0,,81.8
ZMB,ZM,Zambia,Sub-Saharan Africa,Lower middle income,2024,,,,0.0,0.0,,
ZWE,ZW,Zimbabwe,Sub-Saharan Africa,Lower middle income,2000,,,,0.0,0.0,,
ZWE,ZW,Zimbabwe,Sub-Saharan Africa,Lower middle income,2001,,,,0.0,0.0,,
ZWE,ZW,Zimbabwe,Sub-Saharan Africa,Lower middle income,2002,,,,0.0,0.0,,
ZWE,ZW,Zimbabwe,Sub-Saharan Africa,Lower middle income,2003,,,,0.0,0.0,,
ZWE,ZW,Zimbabwe,Sub-Saharan Africa,Lower middle income,2004,,,,0.0,0.0,,
ZWE,ZW,Zimbabwe,Sub-Saharan Africa,Lower middle income,2005,,,,0.0,0.0,,
ZWE,ZW,Zimbabwe,Sub-Saharan Africa,Lower middle income,2006,,,,0.0,0.0,,108.9
ZWE,ZW,Zimbabwe,Sub-Saharan Africa,Lower middle income,2007,,,,0.0,0.0,2.88,110.1
ZWE,ZW,Zimbabwe,Sub-Saharan Africa,Lower middle income,2008,,,,0.0,0.0,2.88,112.5
ZWE,ZW,Zimbabwe,Sub-Saharan Africa,Lower middle income,2009,Morgan Tsvangirai,1.0,1.0,0.0,0.0,2.77,114.0
ZWE,ZW,Zimbabwe,Sub-Saharan Africa,Lower middle income,2010,Morgan Tsvangirai,2.0,2.0,0.0,0.0,3.03,110.2
ZWE,ZW,Zimbabwe,Sub-Saharan Africa,Lower middle income,2011,Morgan Tsvangirai,3.0,3.0,0.0,0.0,3.33,107.9
ZWE,ZW,Zimbabwe,Sub-Saharan Africa,Lower middle income,2012,Morgan Tsvangirai,4.0,4.0,0.0,0.0,3.34,106.3
ZWE,ZW,Zimbabwe,Sub-Saharan Africa,Lower middle income,2013,,,4.0,0.0,0.0,3.44,105.2
ZWE,ZW,Zimbabwe,Sub-Saharan Africa,Lower middle income,2014,,,4.0,0.0,0.0,3.54,102.8
ZWE,ZW,Zimbabwe,Sub-Saharan Africa,Lower middle income,2015,,,4.0,0.0,0.0,3.45,100.0
ZWE,ZW,Zimbabwe,Sub-Saharan Africa,Lower middle income,2016,,,4.0,0.0,0.0,3.41,100.5
ZWE,ZW,Zimbabwe,Sub-Saharan Africa,Lower middle income,2017,,,4.0,0.0,0.0,3.32,101.6
ZWE,ZW,Zimbabwe,Sub-Saharan Africa,Lower middle income,2018,,,4.0,0.0,0.0,,102.29375253209211
ZWE,ZW,Zimbabwe,Sub-Saharan Africa,Lower middle income,2019,,,4.0,0.0,0.0,,99.5
ZWE,ZW,Zimbabwe,Sub-Saharan Africa,Lower middle income,2020,,,4.0,0.0,0.0,,99.22085680550748
ZWE,ZW,Zimbabwe,Sub-Saharan Africa,Lower middle income,2021,,,4.0,0.0,0.0,,99.10000000000001
ZWE,ZW,Zimbabwe,Sub-Saharan Africa,Lower middle income,2022,,,4.0,0.0,0.0,,97.8
ZWE,ZW,Zimbabwe,Sub-Saharan Africa,Lower middle income,2023,,,4.0,0.0,0.0,,96.9
ZWE,ZW,Zimbabwe,Sub-Saharan Africa,Lower middle income,2024,,,4.0,0.0,0.0,,
