iso3,iso2,country,region,income_level,year,electoral_democracy_index
ABW,AW,Aruba,Latin America & Caribbean,High income,2000,
ABW,AW,Aruba,Latin America & Caribbean,High income,2001,
ABW,AW,Aruba,Latin America & Caribbean,High income,2002,
ABW,AW,Aruba,Latin America & Caribbean,High income,2003,
ABW,AW,Aruba,Latin America & Caribbean,High income,2004,
ABW,AW,Aruba,Latin America & Caribbean,High income,2005,
ABW,AW,Aruba,Latin America & Caribbean,High income,2006,
ABW,AW,Aruba,Latin America & Caribbean,High income,2007,
ABW,AW,Aruba,Latin America & Caribbean,High income,2008,
ABW,AW,Aruba,Latin America & Caribbean,High income,2009,
ABW,AW,Aruba,Latin America & Caribbean,High income,2010,
ABW,AW,Aruba,Latin America & Caribbean,High income,2011,
ABW,AW,Aruba,Latin America & Caribbean,High income,2012,
ABW,AW,Aruba,Latin America & Caribbean,High income,2013,
ABW,AW,Aruba,Latin America & Caribbean,High income,2014,
ABW,AW,Aruba,Latin America & Caribbean,High income,2015,
ABW,AW,Aruba,Latin America & Caribbean,High income,2016,
ABW,AW,Aruba,Latin America & Caribbean,High income,2017,
ABW,AW,Aruba,Latin America & Caribbean,High income,2018,
ABW,AW,Aruba,Latin America & Caribbean,High income,2019,
ABW,AW,Aruba,Latin America & Caribbean,High income,2020,
ABW,AW,Aruba,Latin America & Caribbean,High income,2021,
ABW,AW,Aruba,Latin America & Caribbean,High income,2022,
ABW,AW,Aruba,Latin America & Caribbean,High income,2023,
ABW,AW,Aruba,Latin America & Caribbean,High income,2024,
AFG,AF,Afghanistan,"Middle East, North Africa, Afghanistan & Pakistan",Low income,2000,0.073
AFG,AF,Afghanistan,"Middle East, North Africa, Afghanistan & Pakistan",Low income,2001,0.083
AFG,AF,Afghanistan,"Middle East, North Africa, Afghanistan & Pakistan",Low income,2002,0.218
AFG,AF,Afghanistan,"Middle East, North Africa, Afghanistan & Pakistan",Low income,2003,0.224
AFG,AF,Afghanistan,"Middle East, North Africa, Afghanistan & Pakistan",Low income,2004,0.235
AFG,AF,Afghanistan,"Middle East, North Africa, Afghanistan & Pakistan",Low income,2005,0.311
AFG,AF,Afghanistan,"Middle East, North Africa, Afghanistan & Pakistan",Low income,2006,0.364
AFG,AF,Afghanistan,"Middle East, North Africa, Afghanistan & Pakistan",Low income,2007,0.364
AFG,AF,Afghanistan,"Middle East, North Africa, Afghanistan & Pakistan",Low income,2008,0.368
AFG,AF,Afghanistan,"Middle East, North Africa, Afghanistan & Pakistan",Low income,2009,0.361
AFG,AF,Afghanistan,"Middle East, North Africa, Afghanistan & Pakistan",Low income,2010,0.347
AFG,AF,Afghanistan,"Middle East, North Africa, Afghanistan & Pakistan",Low income,2011,0.346
AFG,AF,Afghanistan,"Middle East, North Africa, Afghanistan & Pakistan",Low income,2012,0.35
AFG,AF,Afghanistan,"Middle East, North Africa, Afghanistan & Pakistan",Low income,2013,0.345
AFG,AF,Afghanistan,"Middle East, North Africa, Afghanistan & Pakistan",Low income,2014,0.35
AFG,AF,Afghanistan,"Middle East, North Africa, Afghanistan & Pakistan",Low income,2015,0.348
AFG,AF,Afghanistan,"Middle East, North Africa, Afghanistan & Pakistan",Low income,2016,0.34
AFG,AF,Afghanistan,"Middle East, North Africa, Afghanistan & Pakistan",Low income,2017,0.334
AFG,AF,Afghanistan,"Middle East, North Africa, Afghanistan & Pakistan",Low income,2018,0.33
AFG,AF,Afghanistan,"Middle East, North Africa, Afghanistan & Pakistan",Low income,2019,0.329
AFG,AF,Afghanistan,"Middle East, North Africa, Afghanistan & Pakistan",Low income,2020,0.336
AFG,AF,Afghanistan,"Middle East, North Africa, Afghanistan & Pakistan",Low income,2021,0.144
AFG,AF,Afghanistan,"Middle East, North Africa, Afghanistan & Pakistan",Low income,2022,0.076
AFG,AF,Afghanistan,"Middle East, North Africa, Afghanistan & Pakistan",Low income,2023,0.073
AFG,AF,Afghanistan,"Middle East, North Africa, Afghanistan & Pakistan",Low income,2024,0.08
AGO,AO,Angola,Sub-Saharan Africa,Lower middle income,2000,0.155
AGO,AO,Angola,Sub-Saharan Africa,Lower middle income,2001,0.155
AGO,AO,Angola,Sub-Saharan Africa,Lower middle income,2002,0.159
AGO,AO,Angola,Sub-Saharan Africa,Lower middle income,2003,0.166
AGO,AO,Angola,Sub-Saharan Africa,Lower middle income,2004,0.165
AGO,AO,Angola,Sub-Saharan Africa,Lower middle income,2005,0.168
AGO,AO,Angola,Sub-Saharan Africa,Lower middle income,2006,0.168
AGO,AO,Angola,Sub-Saharan Africa,Lower middle income,2007,0.168
AGO,AO,Angola,Sub-Saharan Africa,Lower middle income,2008,0.181
AGO,AO,Angola,Sub-Saharan Africa,Lower middle income,2009,0.209
AGO,AO,Angola,Sub-Saharan Africa,Lower middle income,2010,0.211
AGO,AO,Angola,Sub-Saharan Africa,Lower middle income,2011,0.295
AGO,AO,Angola,Sub-Saharan Africa,Lower middle income,2012,0.294
AGO,AO,Angola,Sub-Saharan Africa,Lower middle income,2013,0.29
AGO,AO,Angola,Sub-Saharan Africa,Lower middle income,2014,0.29
AGO,AO,Angola,Sub-Saharan Africa,Lower middle income,2015,0.29
AGO,AO,Angola,Sub-Saharan Africa,Lower middle income,2016,0.29
AGO,AO,Angola,Sub-Saharan Africa,Lower middle income,2017,0.307
AGO,AO,Angola,Sub-Saharan Africa,Lower middle income,2018,0.35
AGO,AO,Angola,Sub-Saharan Africa,Lower middle income,2019,0.347
AGO,AO,Angola,Sub-Saharan Africa,Lower middle income,2020,0.336
AGO,AO,Angola,Sub-Saharan Africa,Lower middle income,2021,0.325
AGO,AO,Angola,Sub-Saharan Africa,Lower middle income,2022,0.326
AGO,AO,Angola,Sub-Saharan Africa,Lower middle income,2023,0.329
AGO,AO,Angola,Sub-Saharan Africa,Lower middle income,2024,0.342
ALB,AL,Albania,Europe & Central Asia,Upper middle income,2000,0.402
ALB,AL,Albania,Europe & Central Asia,Upper middle income,2001,0.438
ALB,AL,Albania,Europe & Central Asia,Upper middle income,2002,0.48
ALB,AL,Albania,Europe & Central Asia,Upper middle income,2003,0.486
ALB,AL,Albania,Europe & Central Asia,Upper middle income,2004,0.491
ALB,AL,Albania,Europe & Central Asia,Upper middle income,2005,0.518
ALB,AL,Albania,Europe & Central Asia,Upper middle income,2006,0.546
ALB,AL,Albania,Europe & Central Asia,Upper middle income,2007,0.551
ALB,AL,Albania,Europe & Central Asia,Upper middle income,2008,0.551
ALB,AL,Albania,Europe & Central Asia,Upper middle income,2009,0.544
ALB,AL,Albania,Europe & Central Asia,Upper middle income,2010,0.539
ALB,AL,Albania,Europe & Central Asia,Upper middle income,2011,0.539
ALB,AL,Albania,Europe & Central Asia,Upper middle income,2012,0.54
ALB,AL,Albania,Europe & Central Asia,Upper middle income,2013,0.523
ALB,AL,Albania,Europe & Central Asia,Upper middle income,2014,0.522
ALB,AL,Albania,Europe & Central Asia,Upper middle income,2015,0.518
ALB,AL,Albania,Europe & Central Asia,Upper middle income,2016,0.52
ALB,AL,Albania,Europe & Central Asia,Upper middle income,2017,0.536
ALB,AL,Albania,Europe & Central Asia,Upper middle income,2018,0.524
ALB,AL,Albania,Europe & Central Asia,Upper middle income,2019,0.511
ALB,AL,Albania,Europe & Central Asia,Upper middle income,2020,0.528
ALB,AL,Albania,Europe & Central Asia,Upper middle income,2021,0.526
ALB,AL,Albania,Europe & Central Asia,Upper middle income,2022,0.517
ALB,AL,Albania,Europe & Central Asia,Upper middle income,2023,0.505
ALB,AL,Albania,Europe & Central Asia,Upper middle income,2024,0.51
AND,AD,Andorra,Europe & Central Asia,High income,2000,
AND,AD,Andorra,Europe & Central Asia,High income,2001,
AND,AD,Andorra,Europe & Central Asia,High income,2002,
AND,AD,Andorra,Europe & Central Asia,High income,2003,
AND,AD,Andorra,Europe & Central Asia,High income,2004,
AND,AD,Andorra,Europe & Central Asia,High income,2005,
AND,AD,Andorra,Europe & Central Asia,High income,2006,
AND,AD,Andorra,Europe & Central Asia,High income,2007,
AND,AD,Andorra,Europe & Central Asia,High income,2008,
AND,AD,Andorra,Europe & Central Asia,High income,2009,
AND,AD,Andorra,Europe & Central Asia,High income,2010,
AND,AD,Andorra,Europe & Central Asia,High income,2011,
AND,AD,Andorra,Europe & Central Asia,High income,2012,
AND,AD,Andorra,Europe & Central Asia,High income,2013,
AND,AD,Andorra,Europe & Central Asia,High income,2014,
AND,AD,Andorra,Europe & Central Asia,High income,2015,
AND,AD,Andorra,Europe & Central Asia,High income,2016,
AND,AD,Andorra,Europe & Central Asia,High income,2017,
AND,AD,Andorra,Europe & Central Asia,High income,2018,
AND,AD,Andorra,Europe & Central Asia,High income,2019,
AND,AD,Andorra,Europe & Central Asia,High income,2020,
AND,AD,Andorra,Europe & Central Asia,High income,2021,
AND,AD,Andorra,Europe & Central Asia,High income,2022,
AND,AD,Andorra,Europe & Central Asia,High income,2023,
AND,AD,Andorra,Europe & Central Asia,High income,2024,
ARE,AE,United Arab Emirates,"Middle East, North Africa, Afghanistan & Pakistan",High income,2000,0.028
ARE,AE,United Arab Emirates,"Middle East, North Africa, Afghanistan & Pakistan",High income,2001,0.028
ARE,AE,United Arab Emirates,"Middle East, North Africa, Afghanistan & Pakistan",High income,2002,0.025
ARE,AE,United Arab Emirates,"Middle East, North Africa, Afghanistan & Pakistan",High income,2003,0.025
ARE,AE,United Arab Emirates,"Middle East, North Africa, Afghanistan & Pakistan",High income,2004,0.019
ARE,AE,United Arab Emirates,"Middle East, North Africa, Afghanistan & Pakistan",High income,2005,0.021
ARE,AE,United Arab Emirates,"Middle East, North Africa, Afghanistan & Pakistan",High income,2006,0.024
ARE,AE,United Arab Emirates,"Middle East, North Africa, Afghanistan & Pakistan",High income,2007,0.071
ARE,AE,United Arab Emirates,"Middle East, North Africa, Afghanistan & Pakistan",High income,2008,0.071
ARE,AE,United Arab Emirates,"Middle East, North Africa, Afghanistan & Pakistan",High income,2009,0.071
ARE,AE,United Arab Emirates,"Middle East, North Africa, Afghanistan & Pakistan",High income,2010,0.072
ARE,AE,United Arab Emirates,"Middle East, North Africa, Afghanistan & Pakistan",High income,2011,0.081
ARE,AE,United Arab Emirates,"Middle East, North Africa, Afghanistan & Pakistan",High income,2012,0.09
ARE,AE,United Arab Emirates,"Middle East, North Africa, Afghanistan & Pakistan",High income,2013,0.091
ARE,AE,United Arab Emirates,"Middle East, North Africa, Afghanistan & Pakistan",High income,2014,0.089
ARE,AE,United Arab Emirates,"Middle East, North Africa, Afghanistan & Pakistan",High income,2015,0.095
ARE,AE,United Arab Emirates,"Middle East, North Africa, Afghanistan & Pakistan",High income,2016,0.1
ARE,AE,United Arab Emirates,"Middle East, North Africa, Afghanistan & Pakistan",High income,2017,0.095
ARE,AE,United Arab Emirates,"Middle East, North Africa, Afghanistan & Pakistan",High income,2018,0.096
ARE,AE,United Arab Emirates,"Middle East, North Africa, Afghanistan & Pakistan",High income,2019,0.102
ARE,AE,United Arab Emirates,"Middle East, North Africa, Afghanistan & Pakistan",High income,2020,0.102
ARE,AE,United Arab Emirates,"Middle East, North Africa, Afghanistan & Pakistan",High income,2021,0.1
ARE,AE,United Arab Emirates,"Middle East, North Africa, Afghanistan & Pakistan",High income,2022,0.101
ARE,AE,United Arab Emirates,"Middle East, North Africa, Afghanistan & Pakistan",High income,2023,0.102
ARE,AE,United Arab Emirates,"Middle East, North Africa, Afghanistan & Pakistan",High income,2024,0.104
ARG,AR,Argentina,Latin America & Caribbean,Upper middle income,2000,0.833
ARG,AR,Argentina,Latin America & Caribbean,Upper middle income,2001,0.833
ARG,AR,Argentina,Latin America & Caribbean,Upper middle income,2002,0.826
ARG,AR,Argentina,Latin America & Caribbean,Upper middle income,2003,0.807
ARG,AR,Argentina,Latin America & Caribbean,Upper middle income,2004,0.795
ARG,AR,Argentina,Latin America & Caribbean,Upper middle income,2005,0.793
ARG,AR,Argentina,Latin America & Caribbean,Upper middle income,2006,0.78
ARG,AR,Argentina,Latin America & Caribbean,Upper middle income,2007,0.781
ARG,AR,Argentina,Latin America & Caribbean,Upper middle income,2008,0.766
ARG,AR,Argentina,Latin America & Caribbean,Upper middle income,2009,0.756
ARG,AR,Argentina,Latin America & Caribbean,Upper middle income,2010,0.746
ARG,AR,Argentina,Latin America & Caribbean,Upper middle income,2011,0.749
ARG,AR,Argentina,Latin America & Caribbean,Upper middle income,2012,0.763
ARG,AR,Argentina,Latin America & Caribbean,Upper middle income,2013,0.772
ARG,AR,Argentina,Latin America & Caribbean,Upper middle income,2014,0.777
ARG,AR,Argentina,Latin America & Caribbean,Upper middle income,2015,0.765
ARG,AR,Argentina,Latin America & Caribbean,Upper middle income,2016,0.751
ARG,AR,Argentina,Latin America & Caribbean,Upper middle income,2017,0.751
ARG,AR,Argentina,Latin America & Caribbean,Upper middle income,2018,0.78
ARG,AR,Argentina,Latin America & Caribbean,Upper middle income,2019,0.779
ARG,AR,Argentina,Latin America & Caribbean,Upper middle income,2020,0.797
ARG,AR,Argentina,Latin America & Caribbean,Upper middle income,2021,0.796
ARG,AR,Argentina,Latin America & Caribbean,Upper middle income,2022,0.831
ARG,AR,Argentina,Latin America & Caribbean,Upper middle income,2023,0.838
ARG,AR,Argentina,Latin America & Caribbean,Upper middle income,2024,0.721
ARM,AM,Armenia,Europe & Central Asia,Upper middle income,2000,0.416
ARM,AM,Armenia,Europe & Central Asia,Upper middle income,2001,0.415
ARM,AM,Armenia,Europe & Central Asia,Upper middle income,2002,0.405
ARM,AM,Armenia,Europe & Central Asia,Upper middle income,2003,0.349
ARM,AM,Armenia,Europe & Central Asia,Upper middle income,2004,0.34
ARM,AM,Armenia,Europe & Central Asia,Upper middle income,2005,0.338
ARM,AM,Armenia,Europe & Central Asia,Upper middle income,2006,0.338
ARM,AM,Armenia,Europe & Central Asia,Upper middle income,2007,0.347
ARM,AM,Armenia,Europe & Central Asia,Upper middle income,2008,0.317
ARM,AM,Armenia,Europe & Central Asia,Upper middle income,2009,0.318
ARM,AM,Armenia,Europe & Central Asia,Upper middle income,2010,0.331
ARM,AM,Armenia,Europe & Central Asia,Upper middle income,2011,0.333
ARM,AM,Armenia,Europe & Central Asia,Upper middle income,2012,0.353
ARM,AM,Armenia,Europe & Central Asia,Upper middle income,2013,0.349
ARM,AM,Armenia,Europe & Central Asia,Upper middle income,2014,0.342
ARM,AM,Armenia,Europe & Central Asia,Upper middle income,2015,0.346
ARM,AM,Armenia,Europe & Central Asia,Upper middle income,2016,0.348
ARM,AM,Armenia,Europe & Central Asia,Upper middle income,2017,0.381
ARM,AM,Armenia,Europe & Central Asia,Upper middle income,2018,0.524
ARM,AM,Armenia,Europe & Central Asia,Upper middle income,2019,0.796
ARM,AM,Armenia,Europe & Central Asia,Upper middle income,2020,0.781
ARM,AM,Armenia,Europe & Central Asia,Upper middle income,2021,0.724
ARM,AM,Armenia,Europe & Central Asia,Upper middle income,2022,0.654
ARM,AM,Armenia,Europe & Central Asia,Upper middle income,2023,0.631
ARM,AM,Armenia,Europe & Central Asia,Upper middle income,2024,0.625
ASM,AS,American Samoa,East Asia & Pacific,High income,2000,
ASM,AS,American Samoa,East Asia & Pacific,High income,2001,
ASM,AS,American Samoa,East Asia & Pacific,High income,2002,
ASM,AS,American Samoa,East Asia & Pacific,High income,2003,
ASM,AS,American Samoa,East Asia & Pacific,High income,2004,
ASM,AS,American Samoa,East Asia & Pacific,High income,2005,
ASM,AS,American Samoa,East Asia & Pacific,High income,2006,
ASM,AS,American Samoa,East Asia & Pacific,High income,2007,
ASM,AS,American Samoa,East Asia & Pacific,High income,2008,
ASM,AS,American Samoa,East Asia & Pacific,High income,2009,
ASM,AS,American Samoa,East Asia & Pacific,High income,2010,
ASM,AS,American Samoa,East Asia & Pacific,High income,2011,
ASM,AS,American Samoa,East Asia & Pacific,High income,2012,
ASM,AS,American Samoa,East Asia & Pacific,High income,2013,
ASM,AS,American Samoa,East Asia & Pacific,High income,2014,
ASM,AS,American Samoa,East Asia & Pacific,High income,2015,
ASM,AS,American Samoa,East Asia & Pacific,High income,2016,
ASM,AS,American Samoa,East Asia & Pacific,High income,2017,
ASM,AS,American Samoa,East Asia & Pacific,High income,2018,
ASM,AS,American Samoa,East Asia & Pacific,High income,2019,
ASM,AS,American Samoa,East Asia & Pacific,High income,2020,
ASM,AS,American Samoa,East Asia & Pacific,High income,2021,
ASM,AS,American Samoa,East Asia & Pacific,High income,2022,
ASM,AS,American Samoa,East Asia & Pacific,High income,2023,
ASM,AS,American Samoa,East Asia & Pacific,High income,2024,
ATG,AG,Antigua and Barbuda,Latin America & Caribbean,High income,2000,
ATG,AG,Antigua and Barbuda,Latin America & Caribbean,High income,2001,
ATG,AG,Antigua and Barbuda,Latin America & Caribbean,High income,2002,
ATG,AG,Antigua and Barbuda,Latin America & Caribbean,High income,2003,
ATG,AG,Antigua and Barbuda,Latin America & Caribbean,High income,2004,
ATG,AG,Antigua and Barbuda,Latin America & Caribbean,High income,2005,
ATG,AG,Antigua and Barbuda,Latin America & Caribbean,High income,2006,
ATG,AG,Antigua and Barbuda,Latin America & Caribbean,High income,2007,
ATG,AG,Antigua and Barbuda,Latin America & Caribbean,High income,2008,
ATG,AG,Antigua and Barbuda,Latin America & Caribbean,High income,2009,
ATG,AG,Antigua and Barbuda,Latin America & Caribbean,High income,2010,
ATG,AG,Antigua and Barbuda,Latin America & Caribbean,High income,2011,
ATG,AG,Antigua and Barbuda,Latin America & Caribbean,High income,2012,
ATG,AG,Antigua and Barbuda,Latin America & Caribbean,High income,2013,
ATG,AG,Antigua and Barbuda,Latin America & Caribbean,High income,2014,
ATG,AG,Antigua and Barbuda,Latin America & Caribbean,High income,2015,
ATG,AG,Antigua and Barbuda,Latin America & Caribbean,High income,2016,
ATG,AG,Antigua and Barbuda,Latin America & Caribbean,High income,2017,
ATG,AG,Antigua and Barbuda,Latin America & Caribbean,High income,2018,
ATG,AG,Antigua and Barbuda,Latin America & Caribbean,High income,2019,
ATG,AG,Antigua and Barbuda,Latin America & Caribbean,High income,2020,
ATG,AG,Antigua and Barbuda,Latin America & Caribbean,High income,2021,
ATG,AG,Antigua and Barbuda,Latin America & Caribbean,High income,2022,
ATG,AG,Antigua and Barbuda,Latin America & Caribbean,High income,2023,
ATG,AG,Antigua and Barbuda,Latin America & Caribbean,High income,2024,
AUS,AU,Australia,East Asia & Pacific,High income,2000,0.888
AUS,AU,Australia,East Asia & Pacific,High income,2001,0.885
AUS,AU,Australia,East Asia & Pacific,High income,2002,0.879
AUS,AU,Australia,East Asia & Pacific,High income,2003,0.879
AUS,AU,Australia,East Asia & Pacific,High income,2004,0.879
AUS,AU,Australia,East Asia & Pacific,High income,2005,0.878
AUS,AU,Australia,East Asia & Pacific,High income,2006,0.878
AUS,AU,Australia,East Asia & Pacific,High income,2007,0.88
AUS,AU,Australia,East Asia & Pacific,High income,2008,0.889
AUS,AU,Australia,East Asia & Pacific,High income,2009,0.889
AUS,AU,Australia,East Asia & Pacific,High income,2010,0.896
AUS,AU,Australia,East Asia & Pacific,High income,2011,0.896
AUS,AU,Australia,East Asia & Pacific,High income,2012,0.896
AUS,AU,Australia,East Asia & Pacific,High income,2013,0.862
AUS,AU,Australia,East Asia & Pacific,High income,2014,0.855
AUS,AU,Australia,East Asia & Pacific,High income,2015,0.865
AUS,AU,Australia,East Asia & Pacific,High income,2016,0.871
AUS,AU,Australia,East Asia & Pacific,High income,2017,0.871
AUS,AU,Australia,East Asia & Pacific,High income,2018,0.86
AUS,AU,Australia,East Asia & Pacific,High income,2019,0.825
AUS,AU,Australia,East Asia & Pacific,High income,2020,0.837
AUS,AU,Australia,East Asia & Pacific,High income,2021,0.828
AUS,AU,Australia,East Asia & Pacific,High income,2022,0.846
AUS,AU,Australia,East Asia & Pacific,High income,2023,0.851
AUS,AU,Australia,East Asia & Pacific,High income,2024,0.848
AUT,AT,Austria,Europe & Central Asia,High income,2000,0.858
AUT,AT,Austria,Europe & Central Asia,High income,2001,0.858
AUT,AT,Austria,Europe & Central Asia,High income,2002,0.858
AUT,AT,Austria,Europe & Central Asia,High income,2003,0.858
AUT,AT,Austria,Europe & Central Asia,High income,2004,0.858
AUT,AT,Austria,Europe & Central Asia,High income,2005,0.858
AUT,AT,Austria,Europe & Central Asia,High income,2006,0.861
AUT,AT,Austria,Europe & Central Asia,High income,2007,0.872
AUT,AT,Austria,Europe & Central Asia,High income,2008,0.872
AUT,AT,Austria,Europe & Central Asia,High income,2009,0.874
AUT,AT,Austria,Europe & Central Asia,High income,2010,0.872
AUT,AT,Austria,Europe & Central Asia,High income,2011,0.871
AUT,AT,Austria,Europe & Central Asia,High income,2012,0.872
AUT,AT,Austria,Europe & Central Asia,High income,2013,0.875
AUT,AT,Austria,Europe & Central Asia,High income,2014,0.873
AUT,AT,Austria,Europe & Central Asia,High income,2015,0.873
AUT,AT,Austria,Europe & Central Asia,High income,2016,0.848
AUT,AT,Austria,Europe & Central Asia,High income,2017,0.851
AUT,AT,Austria,Europe & Central Asia,High income,2018,0.851
AUT,AT,Austria,Europe & Central Asia,High income,2019,0.862
AUT,AT,Austria,Europe & Central Asia,High income,2020,0.858
AUT,AT,Austria,Europe & Central Asia,High income,2021,0.854
AUT,AT,Austria,Europe & Central Asia,High income,2022,0.841
AUT,AT,Austria,Europe & Central Asia,High income,2023,0.848
AUT,AT,Austria,Europe & Central Asia,High income,2024,0.84
AZE,AZ,Azerbaijan,Europe & Central Asia,Upper middle income,2000,0.245
AZE,AZ,Azerbaijan,Europe & Central Asia,Upper middle income,2001,0.242
AZE,AZ,Azerbaijan,Europe & Central Asia,Upper middle income,2002,0.241
AZE,AZ,Azerbaijan,Europe & Central Asia,Upper middle income,2003,0.238
AZE,AZ,Azerbaijan,Europe & Central Asia,Upper middle income,2004,0.221
AZE,AZ,Azerbaijan,Europe & Central Asia,Upper middle income,2005,0.221
AZE,AZ,Azerbaijan,Europe & Central Asia,Upper middle income,2006,0.219
AZE,AZ,Azerbaijan,Europe & Central Asia,Upper middle income,2007,0.216
AZE,AZ,Azerbaijan,Europe & Central Asia,Upper middle income,2008,0.212
AZE,AZ,Azerbaijan,Europe & Central Asia,Upper middle income,2009,0.212
AZE,AZ,Azerbaijan,Europe & Central Asia,Upper middle income,2010,0.213
AZE,AZ,Azerbaijan,Europe & Central Asia,Upper middle income,2011,0.209
AZE,AZ,Azerbaijan,Europe & Central Asia,Upper middle income,2012,0.206
AZE,AZ,Azerbaijan,Europe & Central Asia,Upper middle income,2013,0.202
AZE,AZ,Azerbaijan,Europe & Central Asia,Upper middle income,2014,0.195
AZE,AZ,Azerbaijan,Europe & Central Asia,Upper middle income,2015,0.193
AZE,AZ,Azerbaijan,Europe & Central Asia,Upper middle income,2016,0.199
AZE,AZ,Azerbaijan,Europe & Central Asia,Upper middle income,2017,0.202
AZE,AZ,Azerbaijan,Europe & Central Asia,Upper middle income,2018,0.192
AZE,AZ,Azerbaijan,Europe & Central Asia,Upper middle income,2019,0.195
AZE,AZ,Azerbaijan,Europe & Central Asia,Upper middle income,2020,0.194
AZE,AZ,Azerbaijan,Europe & Central Asia,Upper middle income,2021,0.193
AZE,AZ,Azerbaijan,Europe & Central Asia,Upper middle income,2022,0.185
AZE,AZ,Azerbaijan,Europe & Central Asia,Upper middle income,2023,0.185
AZE,AZ,Azerbaijan,Europe & Central Asia,Upper middle income,2024,0.174
BDI,BI,Burundi,Sub-Saharan Africa,Low income,2000,0.187
BDI,BI,Burundi,Sub-Saharan Africa,Low income,2001,0.188
BDI,BI,Burundi,Sub-Saharan Africa,Low income,2002,0.202
BDI,BI,Burundi,Sub-Saharan Africa,Low income,2003,0.209
BDI,BI,Burundi,Sub-Saharan Africa,Low income,2004,0.208
BDI,BI,Burundi,Sub-Saharan Africa,Low income,2005,0.299
BDI,BI,Burundi,Sub-Saharan Africa,Low income,2006,0.418
BDI,BI,Burundi,Sub-Saharan Africa,Low income,2007,0.413
BDI,BI,Burundi,Sub-Saharan Africa,Low income,2008,0.405
BDI,BI,Burundi,Sub-Saharan Africa,Low income,2009,0.397
BDI,BI,Burundi,Sub-Saharan Africa,Low income,2010,0.323
BDI,BI,Burundi,Sub-Saharan Africa,Low income,2011,0.287
BDI,BI,Burundi,Sub-Saharan Africa,Low income,2012,0.287
BDI,BI,Burundi,Sub-Saharan Africa,Low income,2013,0.278
BDI,BI,Burundi,Sub-Saharan Africa,Low income,2014,0.27
BDI,BI,Burundi,Sub-Saharan Africa,Low income,2015,0.196
BDI,BI,Burundi,Sub-Saharan Africa,Low income,2016,0.166
BDI,BI,Burundi,Sub-Saharan Africa,Low income,2017,0.157
BDI,BI,Burundi,Sub-Saharan Africa,Low income,2018,0.157
BDI,BI,Burundi,Sub-Saharan Africa,Low income,2019,0.159
BDI,BI,Burundi,Sub-Saharan Africa,Low income,2020,0.168
BDI,BI,Burundi,Sub-Saharan Africa,Low income,2021,0.181
BDI,BI,Burundi,Sub-Saharan Africa,Low income,2022,0.189
BDI,BI,Burundi,Sub-Saharan Africa,Low income,2023,0.186
BDI,BI,Burundi,Sub-Saharan Africa,Low income,2024,0.178
BEL,BE,Belgium,Europe & Central Asia,High income,2000,0.885
BEL,BE,Belgium,Europe & Central Asia,High income,2001,0.885
BEL,BE,Belgium,Europe & Central Asia,High income,2002,0.885
BEL,BE,Belgium,Europe & Central Asia,High income,2003,0.886
BEL,BE,Belgium,Europe & Central Asia,High income,2004,0.864
BEL,BE,Belgium,Europe & Central Asia,High income,2005,0.884
BEL,BE,Belgium,Europe & Central Asia,High income,2006,0.885
BEL,BE,Belgium,Europe & Central Asia,High income,2007,0.891
BEL,BE,Belgium,Europe & Central Asia,High income,2008,0.899
BEL,BE,Belgium,Europe & Central Asia,High income,2009,0.899
BEL,BE,Belgium,Europe & Central Asia,High income,2010,0.9
BEL,BE,Belgium,Europe & Central Asia,High income,2011,0.9
BEL,BE,Belgium,Europe & Central Asia,High income,2012,0.9
BEL,BE,Belgium,Europe & Central Asia,High income,2013,0.902
BEL,BE,Belgium,Europe & Central Asia,High income,2014,0.902
BEL,BE,Belgium,Europe & Central Asia,High income,2015,0.901
BEL,BE,Belgium,Europe & Central Asia,High income,2016,0.901
BEL,BE,Belgium,Europe & Central Asia,High income,2017,0.9
BEL,BE,Belgium,Europe & Central Asia,High income,2018,0.9
BEL,BE,Belgium,Europe & Central Asia,High income,2019,0.901
BEL,BE,Belgium,Europe & Central Asia,High income,2020,0.897
BEL,BE,Belgium,Europe & Central Asia,High income,2021,0.897
BEL,BE,Belgium,Europe & Central Asia,High income,2022,0.895
BEL,BE,Belgium,Europe & Central Asia,High income,2023,0.895
BEL,BE,Belgium,Europe & Central Asia,High income,2024,0.891
BEN,BJ,Benin,Sub-Saharan Africa,Lower middle income,2000,0.611
BEN,BJ,Benin,Sub-Saharan Africa,Lower middle income,2001,0.609
BEN,BJ,Benin,Sub-Saharan Africa,Lower middle income,2002,0.61
BEN,BJ,Benin,Sub-Saharan Africa,Lower middle income,2003,0.603
BEN,BJ,Benin,Sub-Saharan Africa,Lower middle income,2004,0.601
BEN,BJ,Benin,Sub-Saharan Africa,Lower middle income,2005,0.622
BEN,BJ,Benin,Sub-Saharan Africa,Lower middle income,2006,0.659
BEN,BJ,Benin,Sub-Saharan Africa,Lower middle income,2007,0.645
BEN,BJ,Benin,Sub-Saharan Africa,Lower middle income,2008,0.635
BEN,BJ,Benin,Sub-Saharan Africa,Lower middle income,2009,0.633
BEN,BJ,Benin,Sub-Saharan Africa,Lower middle income,2010,0.635
BEN,BJ,Benin,Sub-Saharan Africa,Lower middle income,2011,0.599
BEN,BJ,Benin,Sub-Saharan Africa,Lower middle income,2012,0.596
BEN,BJ,Benin,Sub-Saharan Africa,Lower middle income,2013,0.603
BEN,BJ,Benin,Sub-Saharan Africa,Lower middle income,2014,0.606
BEN,BJ,Benin,Sub-Saharan Africa,Lower middle income,2015,0.652
BEN,BJ,Benin,Sub-Saharan Africa,Lower middle income,2016,0.712
BEN,BJ,Benin,Sub-Saharan Africa,Lower middle income,2017,0.713
BEN,BJ,Benin,Sub-Saharan Africa,Lower middle income,2018,0.606
BEN,BJ,Benin,Sub-Saharan Africa,Lower middle income,2019,0.452
BEN,BJ,Benin,Sub-Saharan Africa,Lower middle income,2020,0.408
BEN,BJ,Benin,Sub-Saharan Africa,Lower middle income,2021,0.39
BEN,BJ,Benin,Sub-Saharan Africa,Lower middle income,2022,0.423
BEN,BJ,Benin,Sub-Saharan Africa,Lower middle income,2023,0.487
BEN,BJ,Benin,Sub-Saharan Africa,Lower middle income,2024,0.491
BFA,BF,Burkina Faso,Sub-Saharan Africa,Low income,2000,0.516
BFA,BF,Burkina Faso,Sub-Saharan Africa,Low income,2001,0.519
BFA,BF,Burkina Faso,Sub-Saharan Africa,Low income,2002,0.517
BFA,BF,Burkina Faso,Sub-Saharan Africa,Low income,2003,0.516
BFA,BF,Burkina Faso,Sub-Saharan Africa,Low income,2004,0.516
BFA,BF,Burkina Faso,Sub-Saharan Africa,Low income,2005,0.52
BFA,BF,Burkina Faso,Sub-Saharan Africa,Low income,2006,0.542
BFA,BF,Burkina Faso,Sub-Saharan Africa,Low income,2007,0.534
BFA,BF,Burkina Faso,Sub-Saharan Africa,Low income,2008,0.531
BFA,BF,Burkina Faso,Sub-Saharan Africa,Low income,2009,0.537
BFA,BF,Burkina Faso,Sub-Saharan Africa,Low income,2010,0.559
BFA,BF,Burkina Faso,Sub-Saharan Africa,Low income,2011,0.561
BFA,BF,Burkina Faso,Sub-Saharan Africa,Low income,2012,0.571
BFA,BF,Burkina Faso,Sub-Saharan Africa,Low income,2013,0.598
BFA,BF,Burkina Faso,Sub-Saharan Africa,Low income,2014,0.569
BFA,BF,Burkina Faso,Sub-Saharan Africa,Low income,2015,0.376
BFA,BF,Burkina Faso,Sub-Saharan Africa,Low income,2016,0.683
BFA,BF,Burkina Faso,Sub-Saharan Africa,Low income,2017,0.683
BFA,BF,Burkina Faso,Sub-Saharan Africa,Low income,2018,0.666
BFA,BF,Burkina Faso,Sub-Saharan Africa,Low income,2019,0.657
BFA,BF,Burkina Faso,Sub-Saharan Africa,Low income,2020,0.662
BFA,BF,Burkina Faso,Sub-Saharan Africa,Low income,2021,0.634
BFA,BF,Burkina Faso,Sub-Saharan Africa,Low income,2022,0.275
BFA,BF,Burkina Faso,Sub-Saharan Africa,Low income,2023,0.212
BFA,BF,Burkina Faso,Sub-Saharan Africa,Low income,2024,0.154
BGD,BD,Bangladesh,South Asia,Lower middle income,2000,0.512
BGD,BD,Bangladesh,South Asia,Lower middle income,2001,0.505
BGD,BD,Bangladesh,South Asia,Lower middle income,2002,0.47
BGD,BD,Bangladesh,South Asia,Lower middle income,2003,0.474
BGD,BD,Bangladesh,South Asia,Lower middle income,2004,0.474
BGD,BD,Bangladesh,South Asia,Lower middle income,2005,0.474
BGD,BD,Bangladesh,South Asia,Lower middle income,2006,0.423
BGD,BD,Bangladesh,South Asia,Lower middle income,2007,0.205
BGD,BD,Bangladesh,South Asia,Lower middle income,2008,0.21
BGD,BD,Bangladesh,South Asia,Lower middle income,2009,0.418
BGD,BD,Bangladesh,South Asia,Lower middle income,2010,0.425
BGD,BD,Bangladesh,South Asia,Lower middle income,2011,0.416
BGD,BD,Bangladesh,South Asia,Lower middle income,2012,0.409
BGD,BD,Bangladesh,South Asia,Lower middle income,2013,0.376
BGD,BD,Bangladesh,South Asia,Lower middle income,2014,0.278
BGD,BD,Bangladesh,South Asia,Lower middle income,2015,0.275
BGD,BD,Bangladesh,South Asia,Lower middle income,2016,0.269
BGD,BD,Bangladesh,South Asia,Lower middle income,2017,0.265
BGD,BD,Bangladesh,South Asia,Lower middle income,2018,0.252
BGD,BD,Bangladesh,South Asia,Lower middle income,2019,0.251
BGD,BD,Bangladesh,South Asia,Lower middle income,2020,0.255
BGD,BD,Bangladesh,South Asia,Lower middle income,2021,0.255
BGD,BD,Bangladesh,South Asia,Lower middle income,2022,0.261
BGD,BD,Bangladesh,South Asia,Lower middle income,2023,0.253
BGD,BD,Bangladesh,South Asia,Lower middle income,2024,0.225
BGR,BG,Bulgaria,Europe & Central Asia,High income,2000,0.717
BGR,BG,Bulgaria,Europe & Central Asia,High income,2001,0.692
BGR,BG,Bulgaria,Europe & Central Asia,High income,2002,0.721
BGR,BG,Bulgaria,Europe & Central Asia,High income,2003,0.721
BGR,BG,Bulgaria,Europe & Central Asia,High income,2004,0.721
BGR,BG,Bulgaria,Europe & Central Asia,High income,2005,0.701
BGR,BG,Bulgaria,Europe & Central Asia,High income,2006,0.706
BGR,BG,Bulgaria,Europe & Central Asia,High income,2007,0.705
BGR,BG,Bulgaria,Europe & Central Asia,High income,2008,0.711
BGR,BG,Bulgaria,Europe & Central Asia,High income,2009,0.691
BGR,BG,Bulgaria,Europe & Central Asia,High income,2010,0.674
BGR,BG,Bulgaria,Europe & Central Asia,High income,2011,0.672
BGR,BG,Bulgaria,Europe & Central Asia,High income,2012,0.664
BGR,BG,Bulgaria,Europe & Central Asia,High income,2013,0.657
BGR,BG,Bulgaria,Europe & Central Asia,High income,2014,0.673
BGR,BG,Bulgaria,Europe & Central Asia,High income,2015,0.671
BGR,BG,Bulgaria,Europe & Central Asia,High income,2016,0.667
BGR,BG,Bulgaria,Europe & Central Asia,High income,2017,0.624
BGR,BG,Bulgaria,Europe & Central Asia,High income,2018,0.612
BGR,BG,Bulgaria,Europe & Central Asia,High income,2019,0.609
BGR,BG,Bulgaria,Europe & Central Asia,High income,2020,0.607
BGR,BG,Bulgaria,Europe & Central Asia,High income,2021,0.665
BGR,BG,Bulgaria,Europe & Central Asia,High income,2022,0.679
BGR,BG,Bulgaria,Europe & Central Asia,High income,2023,0.659
BGR,BG,Bulgaria,Europe & Central Asia,High income,2024,0.645
BHR,BH,Bahrain,"Middle East, North Africa, Afghanistan & Pakistan",High income,2000,0.065
BHR,BH,Bahrain,"Middle East, North Africa, Afghanistan & Pakistan",High income,2001,0.111
BHR,BH,Bahrain,"Middle East, North Africa, Afghanistan & Pakistan",High income,2002,0.164
BHR,BH,Bahrain,"Middle East, North Africa, Afghanistan & Pakistan",High income,2003,0.211
BHR,BH,Bahrain,"Middle East, North Africa, Afghanistan & Pakistan",High income,2004,0.211
BHR,BH,Bahrain,"Middle East, North Africa, Afghanistan & Pakistan",High income,2005,0.219
BHR,BH,Bahrain,"Middle East, North Africa, Afghanistan & Pakistan",High income,2006,0.221
BHR,BH,Bahrain,"Middle East, North Africa, Afghanistan & Pakistan",High income,2007,0.22
BHR,BH,Bahrain,"Middle East, North Africa, Afghanistan & Pakistan",High income,2008,0.22
BHR,BH,Bahrain,"Middle East, North Africa, Afghanistan & Pakistan",High income,2009,0.22
BHR,BH,Bahrain,"Middle East, North Africa, Afghanistan & Pakistan",High income,2010,0.216
BHR,BH,Bahrain,"Middle East, North Africa, Afghanistan & Pakistan",High income,2011,0.171
BHR,BH,Bahrain,"Middle East, North Africa, Afghanistan & Pakistan",High income,2012,0.162
BHR,BH,Bahrain,"Middle East, North Africa, Afghanistan & Pakistan",High income,2013,0.162
BHR,BH,Bahrain,"Middle East, North Africa, Afghanistan & Pakistan",High income,2014,0.16
BHR,BH,Bahrain,"Middle East, North Africa, Afghanistan & Pakistan",High income,2015,0.144
BHR,BH,Bahrain,"Middle East, North Africa, Afghanistan & Pakistan",High income,2016,0.139
BHR,BH,Bahrain,"Middle East, North Africa, Afghanistan & Pakistan",High income,2017,0.133
BHR,BH,Bahrain,"Middle East, North Africa, Afghanistan & Pakistan",High income,2018,0.13
BHR,BH,Bahrain,"Middle East, North Africa, Afghanistan & Pakistan",High income,2019,0.132
BHR,BH,Bahrain,"Middle East, North Africa, Afghanistan & Pakistan",High income,2020,0.132
BHR,BH,Bahrain,"Middle East, North Africa, Afghanistan & Pakistan",High income,2021,0.134
BHR,BH,Bahrain,"Middle East, North Africa, Afghanistan & Pakistan",High income,2022,0.135
BHR,BH,Bahrain,"Middle East, North Africa, Afghanistan & Pakistan",High income,2023,0.138
BHR,BH,Bahrain,"Middle East, North Africa, Afghanistan & Pakistan",High income,2024,0.138
BHS,BS,"Bahamas, The",Latin America & Caribbean,High income,2000,
BHS,BS,"Bahamas, The",Latin America & Caribbean,High income,2001,
BHS,BS,"Bahamas, The",Latin America & Caribbean,High income,2002,
BHS,BS,"Bahamas, The",Latin America & Caribbean,High income,2003,
BHS,BS,"Bahamas, The",Latin America & Caribbean,High income,2004,
BHS,BS,"Bahamas, The",Latin America & Caribbean,High income,2005,
BHS,BS,"Bahamas, The",Latin America & Caribbean,High income,2006,
BHS,BS,"Bahamas, The",Latin America & Caribbean,High income,2007,
BHS,BS,"Bahamas, The",Latin America & Caribbean,High income,2008,
BHS,BS,"Bahamas, The",Latin America & Caribbean,High income,2009,
BHS,BS,"Bahamas, The",Latin America & Caribbean,High income,2010,
BHS,BS,"Bahamas, The",Latin America & Caribbean,High income,2011,
BHS,BS,"Bahamas, The",Latin America & Caribbean,High income,2012,
BHS,BS,"Bahamas, The",Latin America & Caribbean,High income,2013,
BHS,BS,"Bahamas, The",Latin America & Caribbean,High income,2014,
BHS,BS,"Bahamas, The",Latin America & Caribbean,High income,2015,
BHS,BS,"Bahamas, The",Latin America & Caribbean,High income,2016,
BHS,BS,"Bahamas, The",Latin America & Caribbean,High income,2017,
BHS,BS,"Bahamas, The",Latin America & Caribbean,High income,2018,
BHS,BS,"Bahamas, The",Latin America & Caribbean,High income,2019,
BHS,BS,"Bahamas, The",Latin America & Caribbean,High income,2020,
BHS,BS,"Bahamas, The",Latin America & Caribbean,High income,2021,
BHS,BS,"Bahamas, The",Latin America & Caribbean,High income,2022,
BHS,BS,"Bahamas, The",Latin America & Caribbean,High income,2023,
BHS,BS,"Bahamas, The",Latin America & Caribbean,High income,2024,
BIH,BA,Bosnia and Herzegovina,Europe & Central Asia,Upper middle income,2000,0.635
BIH,BA,Bosnia and Herzegovina,Europe & Central Asia,Upper middle income,2001,0.654
BIH,BA,Bosnia and Herzegovina,Europe & Central Asia,Upper middle income,2002,0.654
BIH,BA,Bosnia and Herzegovina,Europe & Central Asia,Upper middle income,2003,0.661
BIH,BA,Bosnia and Herzegovina,Europe & Central Asia,Upper middle income,2004,0.647
BIH,BA,Bosnia and Herzegovina,Europe & Central Asia,Upper middle income,2005,0.647
BIH,BA,Bosnia and Herzegovina,Europe & Central Asia,Upper middle income,2006,0.626
BIH,BA,Bosnia and Herzegovina,Europe & Central Asia,Upper middle income,2007,0.566
BIH,BA,Bosnia and Herzegovina,Europe & Central Asia,Upper middle income,2008,0.562
BIH,BA,Bosnia and Herzegovina,Europe & Central Asia,Upper middle income,2009,0.56
BIH,BA,Bosnia and Herzegovina,Europe & Central Asia,Upper middle income,2010,0.566
BIH,BA,Bosnia and Herzegovina,Europe & Central Asia,Upper middle income,2011,0.564
BIH,BA,Bosnia and Herzegovina,Europe & Central Asia,Upper middle income,2012,0.566
BIH,BA,Bosnia and Herzegovina,Europe & Central Asia,Upper middle income,2013,0.56
BIH,BA,Bosnia and Herzegovina,Europe & Central Asia,Upper middle income,2014,0.557
BIH,BA,Bosnia and Herzegovina,Europe & Central Asia,Upper middle income,2015,0.547
BIH,BA,Bosnia and Herzegovina,Europe & Central Asia,Upper middle income,2016,0.547
BIH,BA,Bosnia and Herzegovina,Europe & Central Asia,Upper middle income,2017,0.541
BIH,BA,Bosnia and Herzegovina,Europe & Central Asia,Upper middle income,2018,0.513
BIH,BA,Bosnia and Herzegovina,Europe & Central Asia,Upper middle income,2019,0.515
BIH,BA,Bosnia and Herzegovina,Europe & Central Asia,Upper middle income,2020,0.517
BIH,BA,Bosnia and Herzegovina,Europe & Central Asia,Upper middle income,2021,0.508
BIH,BA,Bosnia and Herzegovina,Europe & Central Asia,Upper middle income,2022,0.521
BIH,BA,Bosnia and Herzegovina,Europe & Central Asia,Upper middle income,2023,0.502
BIH,BA,Bosnia and Herzegovina,Europe & Central Asia,Upper middle income,2024,0.507
BLR,BY,Belarus,Europe & Central Asia,Upper middle income,2000,0.296
BLR,BY,Belarus,Europe & Central Asia,Upper middle income,2001,0.247
BLR,BY,Belarus,Europe & Central Asia,Upper middle income,2002,0.243
BLR,BY,Belarus,Europe & Central Asia,Upper middle income,2003,0.241
BLR,BY,Belarus,Europe & Central Asia,Upper middle income,2004,0.24
BLR,BY,Belarus,Europe & Central Asia,Upper middle income,2005,0.233
BLR,BY,Belarus,Europe & Central Asia,Upper middle income,2006,0.225
BLR,BY,Belarus,Europe & Central Asia,Upper middle income,2007,0.222
BLR,BY,Belarus,Europe & Central Asia,Upper middle income,2008,0.224
BLR,BY,Belarus,Europe & Central Asia,Upper middle income,2009,0.227
BLR,BY,Belarus,Europe & Central Asia,Upper middle income,2010,0.226
BLR,BY,Belarus,Europe & Central Asia,Upper middle income,2011,0.216
BLR,BY,Belarus,Europe & Central Asia,Upper middle income,2012,0.221
BLR,BY,Belarus,Europe & Central Asia,Upper middle income,2013,0.242
BLR,BY,Belarus,Europe & Central Asia,Upper middle income,2014,0.243
BLR,BY,Belarus,Europe & Central Asia,Upper middle income,2015,0.247
BLR,BY,Belarus,Europe & Central Asia,Upper middle income,2016,0.256
BLR,BY,Belarus,Europe & Central Asia,Upper middle income,2017,0.254
BLR,BY,Belarus,Europe & Central Asia,Upper middle income,2018,0.252
BLR,BY,Belarus,Europe & Central Asia,Upper middle income,2019,0.259
BLR,BY,Belarus,Europe & Central Asia,Upper middle income,2020,0.208
BLR,BY,Belarus,Europe & Central Asia,Upper middle income,2021,0.172
BLR,BY,Belarus,Europe & Central Asia,Upper middle income,2022,0.171
BLR,BY,Belarus,Europe & Central Asia,Upper middle income,2023,0.157
BLR,BY,Belarus,Europe & Central Asia,Upper middle income,2024,0.16
BLZ,BZ,Belize,Latin America & Caribbean,Upper middle income,2000,
BLZ,BZ,Belize,Latin America & Caribbean,Upper middle income,2001,
BLZ,BZ,Belize,Latin America & Caribbean,Upper middle income,2002,
BLZ,BZ,Belize,Latin America & Caribbean,Upper middle income,2003,
BLZ,BZ,Belize,Latin America & Caribbean,Upper middle income,2004,
BLZ,BZ,Belize,Latin America & Caribbean,Upper middle income,2005,
BLZ,BZ,Belize,Latin America & Caribbean,Upper middle income,2006,
BLZ,BZ,Belize,Latin America & Caribbean,Upper middle income,2007,
BLZ,BZ,Belize,Latin America & Caribbean,Upper middle income,2008,
BLZ,BZ,Belize,Latin America & Caribbean,Upper middle income,2009,
BLZ,BZ,Belize,Latin America & Caribbean,Upper middle income,2010,
BLZ,BZ,Belize,Latin America & Caribbean,Upper middle income,2011,
BLZ,BZ,Belize,Latin America & Caribbean,Upper middle income,2012,
BLZ,BZ,Belize,Latin America & Caribbean,Upper middle income,2013,
BLZ,BZ,Belize,Latin America & Caribbean,Upper middle income,2014,
BLZ,BZ,Belize,Latin America & Caribbean,Upper middle income,2015,
BLZ,BZ,Belize,Latin America & Caribbean,Upper middle income,2016,
BLZ,BZ,Belize,Latin America & Caribbean,Upper middle income,2017,
BLZ,BZ,Belize,Latin America & Caribbean,Upper middle income,2018,
BLZ,BZ,Belize,Latin America & Caribbean,Upper middle income,2019,
BLZ,BZ,Belize,Latin America & Caribbean,Upper middle income,2020,
BLZ,BZ,Belize,Latin America & Caribbean,Upper middle income,2021,
BLZ,BZ,Belize,Latin America & Caribbean,Upper middle income,2022,
BLZ,BZ,Belize,Latin America & Caribbean,Upper middle income,2023,
BLZ,BZ,Belize,Latin America & Caribbean,Upper middle income,2024,
BMU,BM,Bermuda,North America,High income,2000,
BMU,BM,Bermuda,North America,High income,2001,
BMU,BM,Bermuda,North America,High income,2002,
BMU,BM,Bermuda,North America,High income,2003,
BMU,BM,Bermuda,North America,High income,2004,
BMU,BM,Bermuda,North America,High income,2005,
BMU,BM,Bermuda,North America,High income,2006,
BMU,BM,Bermuda,North America,High income,2007,
BMU,BM,Bermuda,North America,High income,2008,
BMU,BM,Bermuda,North America,High income,2009,
BMU,BM,Bermuda,North America,High income,2010,
BMU,BM,Bermuda,North America,High income,2011,
BMU,BM,Bermuda,North America,High income,2012,
BMU,BM,Bermuda,North America,High income,2013,
BMU,BM,Bermuda,North America,High income,2014,
BMU,BM,Bermuda,North America,High income,2015,
BMU,BM,Bermuda,North America,High income,2016,
BMU,BM,Bermuda,North America,High income,2017,
BMU,BM,Bermuda,North America,High income,2018,
BMU,BM,Bermuda,North America,High income,2019,
BMU,BM,Bermuda,North America,High income,2020,
BMU,BM,Bermuda,North America,High income,2021,
BMU,BM,Bermuda,North America,High income,2022,
BMU,BM,Bermuda,North America,High income,2023,
BMU,BM,Bermuda,North America,High income,2024,
BOL,BO,Bolivia,Latin America & Caribbean,Lower middle income,2000,0.743
BOL,BO,Bolivia,Latin America & Caribbean,Lower middle income,2001,0.737
BOL,BO,Bolivia,Latin America & Caribbean,Lower middle income,2002,0.719
BOL,BO,Bolivia,Latin America & Caribbean,Lower middle income,2003,0.719
BOL,BO,Bolivia,Latin America & Caribbean,Lower middle income,2004,0.753
BOL,BO,Bolivia,Latin America & Caribbean,Lower middle income,2005,0.746
BOL,BO,Bolivia,Latin America & Caribbean,Lower middle income,2006,0.724
BOL,BO,Bolivia,Latin America & Caribbean,Lower middle income,2007,0.719
BOL,BO,Bolivia,Latin America & Caribbean,Lower middle income,2008,0.719
BOL,BO,Bolivia,Latin America & Caribbean,Lower middle income,2009,0.714
BOL,BO,Bolivia,Latin America & Caribbean,Lower middle income,2010,0.68
BOL,BO,Bolivia,Latin America & Caribbean,Lower middle income,2011,0.677
BOL,BO,Bolivia,Latin America & Caribbean,Lower middle income,2012,0.67
BOL,BO,Bolivia,Latin America & Caribbean,Lower middle income,2013,0.658
BOL,BO,Bolivia,Latin America & Caribbean,Lower middle income,2014,0.647
BOL,BO,Bolivia,Latin America & Caribbean,Lower middle income,2015,0.609
BOL,BO,Bolivia,Latin America & Caribbean,Lower middle income,2016,0.62
BOL,BO,Bolivia,Latin America & Caribbean,Lower middle income,2017,0.609
BOL,BO,Bolivia,Latin America & Caribbean,Lower middle income,2018,0.593
BOL,BO,Bolivia,Latin America & Caribbean,Lower middle income,2019,0.456
BOL,BO,Bolivia,Latin America & Caribbean,Lower middle income,2020,0.275
BOL,BO,Bolivia,Latin America & Caribbean,Lower middle income,2021,0.608
BOL,BO,Bolivia,Latin America & Caribbean,Lower middle income,2022,0.587
BOL,BO,Bolivia,Latin America & Caribbean,Lower middle income,2023,0.586
BOL,BO,Bolivia,Latin America & Caribbean,Lower middle income,2024,0.577
BRA,BR,Brazil,Latin America & Caribbean,Upper middle income,2000,0.854
BRA,BR,Brazil,Latin America & Caribbean,Upper middle income,2001,0.854
BRA,BR,Brazil,Latin America & Caribbean,Upper middle income,2002,0.856
BRA,BR,Brazil,Latin America & Caribbean,Upper middle income,2003,0.855
BRA,BR,Brazil,Latin America & Caribbean,Upper middle income,2004,0.855
BRA,BR,Brazil,Latin America & Caribbean,Upper middle income,2005,0.867
BRA,BR,Brazil,Latin America & Caribbean,Upper middle income,2006,0.868
BRA,BR,Brazil,Latin America & Caribbean,Upper middle income,2007,0.866
BRA,BR,Brazil,Latin America & Caribbean,Upper middle income,2008,0.866
BRA,BR,Brazil,Latin America & Caribbean,Upper middle income,2009,0.866
BRA,BR,Brazil,Latin America & Caribbean,Upper middle income,2010,0.871
BRA,BR,Brazil,Latin America & Caribbean,Upper middle income,2011,0.875
BRA,BR,Brazil,Latin America & Caribbean,Upper middle income,2012,0.871
BRA,BR,Brazil,Latin America & Caribbean,Upper middle income,2013,0.873
BRA,BR,Brazil,Latin America & Caribbean,Upper middle income,2014,0.873
BRA,BR,Brazil,Latin America & Caribbean,Upper middle income,2015,0.861
BRA,BR,Brazil,Latin America & Caribbean,Upper middle income,2016,0.781
BRA,BR,Brazil,Latin America & Caribbean,Upper middle income,2017,0.774
BRA,BR,Brazil,Latin America & Caribbean,Upper middle income,2018,0.749
BRA,BR,Brazil,Latin America & Caribbean,Upper middle income,2019,0.691
BRA,BR,Brazil,Latin America & Caribbean,Upper middle income,2020,0.699
BRA,BR,Brazil,Latin America & Caribbean,Upper middle income,2021,0.69
BRA,BR,Brazil,Latin America & Caribbean,Upper middle income,2022,0.699
BRA,BR,Brazil,Latin America & Caribbean,Upper middle income,2023,0.79
BRA,BR,Brazil,Latin America & Caribbean,Upper middle income,2024,0.799
BRB,BB,Barbados,Latin America & Caribbean,High income,2000,0.769
BRB,BB,Barbados,Latin America & Caribbean,High income,2001,0.769
BRB,BB,Barbados,Latin America & Caribbean,High income,2002,0.769
BRB,BB,Barbados,Latin America & Caribbean,High income,2003,0.767
BRB,BB,Barbados,Latin America & Caribbean,High income,2004,0.766
BRB,BB,Barbados,Latin America & Caribbean,High income,2005,0.766
BRB,BB,Barbados,Latin America & Caribbean,High income,2006,0.766
BRB,BB,Barbados,Latin America & Caribbean,High income,2007,0.766
BRB,BB,Barbados,Latin America & Caribbean,High income,2008,0.783
BRB,BB,Barbados,Latin America & Caribbean,High income,2009,0.784
BRB,BB,Barbados,Latin America & Caribbean,High income,2010,0.784
BRB,BB,Barbados,Latin America & Caribbean,High income,2011,0.784
BRB,BB,Barbados,Latin America & Caribbean,High income,2012,0.784
BRB,BB,Barbados,Latin America & Caribbean,High income,2013,0.781
BRB,BB,Barbados,Latin America & Caribbean,High income,2014,0.78
BRB,BB,Barbados,Latin America & Caribbean,High income,2015,0.776
BRB,BB,Barbados,Latin America & Caribbean,High income,2016,0.776
BRB,BB,Barbados,Latin America & Caribbean,High income,2017,0.773
BRB,BB,Barbados,Latin America & Caribbean,High income,2018,0.776
BRB,BB,Barbados,Latin America & Caribbean,High income,2019,0.792
BRB,BB,Barbados,Latin America & Caribbean,High income,2020,0.811
BRB,BB,Barbados,Latin America & Caribbean,High income,2021,0.807
BRB,BB,Barbados,Latin America & Caribbean,High income,2022,0.802
BRB,BB,Barbados,Latin America & Caribbean,High income,2023,0.802
BRB,BB,Barbados,Latin America & Caribbean,High income,2024,0.802
BRN,BN,Brunei Darussalam,East Asia & Pacific,High income,2000,
BRN,BN,Brunei Darussalam,East Asia & Pacific,High income,2001,
BRN,BN,Brunei Darussalam,East Asia & Pacific,High income,2002,
BRN,BN,Brunei Darussalam,East Asia & Pacific,High income,2003,
BRN,BN,Brunei Darussalam,East Asia & Pacific,High income,2004,
BRN,BN,Brunei Darussalam,East Asia & Pacific,High income,2005,
BRN,BN,Brunei Darussalam,East Asia & Pacific,High income,2006,
BRN,BN,Brunei Darussalam,East Asia & Pacific,High income,2007,
BRN,BN,Brunei Darussalam,East Asia & Pacific,High income,2008,
BRN,BN,Brunei Darussalam,East Asia & Pacific,High income,2009,
BRN,BN,Brunei Darussalam,East Asia & Pacific,High income,2010,
BRN,BN,Brunei Darussalam,East Asia & Pacific,High income,2011,
BRN,BN,Brunei Darussalam,East Asia & Pacific,High income,2012,
BRN,BN,Brunei Darussalam,East Asia & Pacific,High income,2013,
BRN,BN,Brunei Darussalam,East Asia & Pacific,High income,2014,
BRN,BN,Brunei Darussalam,East Asia & Pacific,High income,2015,
BRN,BN,Brunei Darussalam,East Asia & Pacific,High income,2016,
BRN,BN,Brunei Darussalam,East Asia & Pacific,High income,2017,
BRN,BN,Brunei Darussalam,East Asia & Pacific,High income,2018,
BRN,BN,Brunei Darussalam,East Asia & Pacific,High income,2019,
BRN,BN,Brunei Darussalam,East Asia & Pacific,High income,2020,
BRN,BN,Brunei Darussalam,East Asia & Pacific,High income,2021,
BRN,BN,Brunei Darussalam,East Asia & Pacific,High income,2022,
BRN,BN,Brunei Darussalam,East Asia & Pacific,High income,2023,
BRN,BN,Brunei Darussalam,East Asia & Pacific,High income,2024,
BTN,BT,Bhutan,South Asia,Lower middle income,2000,0.091
BTN,BT,Bhutan,South Asia,Lower middle income,2001,0.093
BTN,BT,Bhutan,South Asia,Lower middle income,2002,0.095
BTN,BT,Bhutan,South Asia,Lower middle income,2003,0.096
BTN,BT,Bhutan,South Asia,Lower middle income,2004,0.098
BTN,BT,Bhutan,South Asia,Lower middle income,2005,0.099
BTN,BT,Bhutan,South Asia,Lower middle income,2006,0.107
BTN,BT,Bhutan,South Asia,Lower middle income,2007,0.133
BTN,BT,Bhutan,South Asia,Lower middle income,2008,0.491
BTN,BT,Bhutan,South Asia,Lower middle income,2009,0.587
BTN,BT,Bhutan,South Asia,Lower middle income,2010,0.601
BTN,BT,Bhutan,South Asia,Lower middle income,2011,0.601
BTN,BT,Bhutan,South Asia,Lower middle income,2012,0.597
BTN,BT,Bhutan,South Asia,Lower middle income,2013,0.573
BTN,BT,Bhutan,South Asia,Lower middle income,2014,0.564
BTN,BT,Bhutan,South Asia,Lower middle income,2015,0.568
BTN,BT,Bhutan,South Asia,Lower middle income,2016,0.558
BTN,BT,Bhutan,South Asia,Lower middle income,2017,0.571
BTN,BT,Bhutan,South Asia,Lower middle income,2018,0.579
BTN,BT,Bhutan,South Asia,Lower middle income,2019,0.598
BTN,BT,Bhutan,South Asia,Lower middle income,2020,0.598
BTN,BT,Bhutan,South Asia,Lower middle income,2021,0.574
BTN,BT,Bhutan,South Asia,Lower middle income,2022,0.558
BTN,BT,Bhutan,South Asia,Lower middle income,2023,0.532
BTN,BT,Bhutan,South Asia,Lower middle income,2024,0.565
BWA,BW,Botswana,Sub-Saharan Africa,Upper middle income,2000,0.702
BWA,BW,Botswana,Sub-Saharan Africa,Upper middle income,2001,0.702
BWA,BW,Botswana,Sub-Saharan Africa,Upper middle income,2002,0.702
BWA,BW,Botswana,Sub-Saharan Africa,Upper middle income,2003,0.702
BWA,BW,Botswana,Sub-Saharan Africa,Upper middle income,2004,0.713
BWA,BW,Botswana,Sub-Saharan Africa,Upper middle income,2005,0.717
BWA,BW,Botswana,Sub-Saharan Africa,Upper middle income,2006,0.722
BWA,BW,Botswana,Sub-Saharan Africa,Upper middle income,2007,0.72
BWA,BW,Botswana,Sub-Saharan Africa,Upper middle income,2008,0.715
BWA,BW,Botswana,Sub-Saharan Africa,Upper middle income,2009,0.712
BWA,BW,Botswana,Sub-Saharan Africa,Upper middle income,2010,0.717
BWA,BW,Botswana,Sub-Saharan Africa,Upper middle income,2011,0.719
BWA,BW,Botswana,Sub-Saharan Africa,Upper middle income,2012,0.719
BWA,BW,Botswana,Sub-Saharan Africa,Upper middle income,2013,0.713
BWA,BW,Botswana,Sub-Saharan Africa,Upper middle income,2014,0.711
BWA,BW,Botswana,Sub-Saharan Africa,Upper middle income,2015,0.69
BWA,BW,Botswana,Sub-Saharan Africa,Upper middle income,2016,0.685
BWA,BW,Botswana,Sub-Saharan Africa,Upper middle income,2017,0.675
BWA,BW,Botswana,Sub-Saharan Africa,Upper middle income,2018,0.672
BWA,BW,Botswana,Sub-Saharan Africa,Upper middle income,2019,0.656
BWA,BW,Botswana,Sub-Saharan Africa,Upper middle income,2020,0.589
BWA,BW,Botswana,Sub-Saharan Africa,Upper middle income,2021,0.587
BWA,BW,Botswana,Sub-Saharan Africa,Upper middle income,2022,0.573
BWA,BW,Botswana,Sub-Saharan Africa,Upper middle income,2023,0.564
BWA,BW,Botswana,Sub-Saharan Africa,Upper middle income,2024,0.595
CAF,CF,Central African Republic,Sub-Saharan Africa,Low income,2000,0.341
CAF,CF,Central African Republic,Sub-Saharan Africa,Low income,2001,0.341
CAF,CF,Central African Republic,Sub-Saharan Africa,Low income,2002,0.341
CAF,CF,Central African Republic,Sub-Saharan Africa,Low income,2003,0.245
CAF,CF,Central African Republic,Sub-Saharan Africa,Low income,2004,0.221
CAF,CF,Central African Republic,Sub-Saharan Africa,Low income,2005,0.294
CAF,CF,Central African Republic,Sub-Saharan Africa,Low income,2006,0.342
CAF,CF,Central African Republic,Sub-Saharan Africa,Low income,2007,0.342
CAF,CF,Central African Republic,Sub-Saharan Africa,Low income,2008,0.342
CAF,CF,Central African Republic,Sub-Saharan Africa,Low income,2009,0.342
CAF,CF,Central African Republic,Sub-Saharan Africa,Low income,2010,0.343
CAF,CF,Central African Republic,Sub-Saharan Africa,Low income,2011,0.319
CAF,CF,Central African Republic,Sub-Saharan Africa,Low income,2012,0.317
CAF,CF,Central African Republic,Sub-Saharan Africa,Low income,2013,0.272
CAF,CF,Central African Republic,Sub-Saharan Africa,Low income,2014,0.282
CAF,CF,Central African Republic,Sub-Saharan Africa,Low income,2015,0.284
CAF,CF,Central African Republic,Sub-Saharan Africa,Low income,2016,0.4
CAF,CF,Central African Republic,Sub-Saharan Africa,Low income,2017,0.396
CAF,CF,Central African Republic,Sub-Saharan Africa,Low income,2018,0.406
CAF,CF,Central African Republic,Sub-Saharan Africa,Low income,2019,0.379
CAF,CF,Central African Republic,Sub-Saharan Africa,Low income,2020,0.374
CAF,CF,Central African Republic,Sub-Saharan Africa,Low income,2021,0.343
CAF,CF,Central African Republic,Sub-Saharan Africa,Low income,2022,0.326
CAF,CF,Central African Republic,Sub-Saharan Africa,Low income,2023,0.301
CAF,CF,Central African Republic,Sub-Saharan Africa,Low income,2024,0.299
CAN,CA,Canada,North America,High income,2000,0.836
CAN,CA,Canada,North America,High income,2001,0.832
CAN,CA,Canada,North America,High income,2002,0.825
CAN,CA,Canada,North America,High income,2003,0.825
CAN,CA,Canada,North America,High income,2004,0.825
CAN,CA,Canada,North America,High income,2005,0.824
CAN,CA,Canada,North America,High income,2006,0.83
CAN,CA,Canada,North America,High income,2007,0.832
CAN,CA,Canada,North America,High income,2008,0.827
CAN,CA,Canada,North America,High income,2009,0.826
CAN,CA,Canada,North America,High income,2010,0.826
CAN,CA,Canada,North America,High income,2011,0.811
CAN,CA,Canada,North America,High income,2012,0.81
CAN,CA,Canada,North America,High income,2013,0.817
CAN,CA,Canada,North America,High income,2014,0.814
CAN,CA,Canada,North America,High income,2015,0.807
CAN,CA,Canada,North America,High income,2016,0.834
CAN,CA,Canada,North America,High income,2017,0.839
CAN,CA,Canada,North America,High income,2018,0.84
CAN,CA,Canada,North America,High income,2019,0.85
CAN,CA,Canada,North America,High income,2020,0.849
CAN,CA,Canada,North America,High income,2021,0.843
CAN,CA,Canada,North America,High income,2022,0.848
CAN,CA,Canada,North America,High income,2023,0.847
CAN,CA,Canada,North America,High income,2024,0.841
CHE,CH,Switzerland,Europe & Central Asia,High income,2000,0.889
CHE,CH,Switzerland,Europe & Central Asia,High income,2001,0.889
CHE,CH,Switzerland,Europe & Central Asia,High income,2002,0.889
CHE,CH,Switzerland,Europe & Central Asia,High income,2003,0.888
CHE,CH,Switzerland,Europe & Central Asia,High income,2004,0.886
CHE,CH,Switzerland,Europe & Central Asia,High income,2005,0.886
CHE,CH,Switzerland,Europe & Central Asia,High income,2006,0.886
CHE,CH,Switzerland,Europe & Central Asia,High income,2007,0.888
CHE,CH,Switzerland,Europe & Central Asia,High income,2008,0.895
CHE,CH,Switzerland,Europe & Central Asia,High income,2009,0.895
CHE,CH,Switzerland,Europe & Central Asia,High income,2010,0.895
CHE,CH,Switzerland,Europe & Central Asia,High income,2011,0.897
CHE,CH,Switzerland,Europe & Central Asia,High income,2012,0.907
CHE,CH,Switzerland,Europe & Central Asia,High income,2013,0.907
CHE,CH,Switzerland,Europe & Central Asia,High income,2014,0.907
CHE,CH,Switzerland,Europe & Central Asia,High income,2015,0.903
CHE,CH,Switzerland,Europe & Central Asia,High income,2016,0.902
CHE,CH,Switzerland,Europe & Central Asia,High income,2017,0.902
CHE,CH,Switzerland,Europe & Central Asia,High income,2018,0.902
CHE,CH,Switzerland,Europe & Central Asia,High income,2019,0.902
CHE,CH,Switzerland,Europe & Central Asia,High income,2020,0.902
CHE,CH,Switzerland,Europe & Central Asia,High income,2021,0.896
CHE,CH,Switzerland,Europe & Central Asia,High income,2022,0.893
CHE,CH,Switzerland,Europe & Central Asia,High income,2023,0.884
CHE,CH,Switzerland,Europe & Central Asia,High income,2024,0.882
CHI,JG,Channel Islands,Europe & Central Asia,High income,2000,
CHI,JG,Channel Islands,Europe & Central Asia,High income,2001,
CHI,JG,Channel Islands,Europe & Central Asia,High income,2002,
CHI,JG,Channel Islands,Europe & Central Asia,High income,2003,
CHI,JG,Channel Islands,Europe & Central Asia,High income,2004,
CHI,JG,Channel Islands,Europe & Central Asia,High income,2005,
CHI,JG,Channel Islands,Europe & Central Asia,High income,2006,
CHI,JG,Channel Islands,Europe & Central Asia,High income,2007,
CHI,JG,Channel Islands,Europe & Central Asia,High income,2008,
CHI,JG,Channel Islands,Europe & Central Asia,High income,2009,
CHI,JG,Channel Islands,Europe & Central Asia,High income,2010,
CHI,JG,Channel Islands,Europe & Central Asia,High income,2011,
CHI,JG,Channel Islands,Europe & Central Asia,High income,2012,
CHI,JG,Channel Islands,Europe & Central Asia,High income,2013,
CHI,JG,Channel Islands,Europe & Central Asia,High income,2014,
CHI,JG,Channel Islands,Europe & Central Asia,High income,2015,
CHI,JG,Channel Islands,Europe & Central Asia,High income,2016,
CHI,JG,Channel Islands,Europe & Central Asia,High income,2017,
CHI,JG,Channel Islands,Europe & Central Asia,High income,2018,
CHI,JG,Channel Islands,Europe & Central Asia,High income,2019,
CHI,JG,Channel Islands,Europe & Central Asia,High income,2020,
CHI,JG,Channel Islands,Europe & Central Asia,High income,2021,
CHI,JG,Channel Islands,Europe & Central Asia,High income,2022,
CHI,JG,Channel Islands,Europe & Central Asia,High income,2023,
CHI,JG,Channel Islands,Europe & Central Asia,High income,2024,
CHL,CL,Chile,Latin America & Caribbean,High income,2000,0.876
CHL,CL,Chile,Latin America & Caribbean,High income,2001,0.876
CHL,CL,Chile,Latin America & Caribbean,High income,2002,0.88
CHL,CL,Chile,Latin America & Caribbean,High income,2003,0.88
CHL,CL,Chile,Latin America & Caribbean,High income,2004,0.88
CHL,CL,Chile,Latin America & Caribbean,High income,2005,0.877
CHL,CL,Chile,Latin America & Caribbean,High income,2006,0.894
CHL,CL,Chile,Latin America & Caribbean,High income,2007,0.894
CHL,CL,Chile,Latin America & Caribbean,High income,2008,0.894
CHL,CL,Chile,Latin America & Caribbean,High income,2009,0.887
CHL,CL,Chile,Latin America & Caribbean,High income,2010,0.888
CHL,CL,Chile,Latin America & Caribbean,High income,2011,0.889
CHL,CL,Chile,Latin America & Caribbean,High income,2012,0.893
CHL,CL,Chile,Latin America & Caribbean,High income,2013,0.894
CHL,CL,Chile,Latin America & Caribbean,High income,2014,0.893
CHL,CL,Chile,Latin America & Caribbean,High income,2015,0.886
CHL,CL,Chile,Latin America & Caribbean,High income,2016,0.886
CHL,CL,Chile,Latin America & Caribbean,High income,2017,0.889
CHL,CL,Chile,Latin America & Caribbean,High income,2018,0.87
CHL,CL,Chile,Latin America & Caribbean,High income,2019,0.829
CHL,CL,Chile,Latin America & Caribbean,High income,2020,0.837
CHL,CL,Chile,Latin America & Caribbean,High income,2021,0.841
CHL,CL,Chile,Latin America & Caribbean,High income,2022,0.833
CHL,CL,Chile,Latin America & Caribbean,High income,2023,0.836
CHL,CL,Chile,Latin America & Caribbean,High income,2024,0.845
CHN,CN,China,East Asia & Pacific,Upper middle income,2000,0.1
CHN,CN,China,East Asia & Pacific,Upper middle income,2001,0.102
CHN,CN,China,East Asia & Pacific,Upper middle income,2002,0.102
CHN,CN,China,East Asia & Pacific,Upper middle income,2003,0.103
CHN,CN,China,East Asia & Pacific,Upper middle income,2004,0.102
CHN,CN,China,East Asia & Pacific,Upper middle income,2005,0.094
CHN,CN,China,East Asia & Pacific,Upper middle income,2006,0.094
CHN,CN,China,East Asia & Pacific,Upper middle income,2007,0.095
CHN,CN,China,East Asia & Pacific,Upper middle income,2008,0.095
CHN,CN,China,East Asia & Pacific,Upper middle income,2009,0.094
CHN,CN,China,East Asia & Pacific,Upper middle income,2010,0.094
CHN,CN,China,East Asia & Pacific,Upper middle income,2011,0.094
CHN,CN,China,East Asia & Pacific,Upper middle income,2012,0.094
CHN,CN,China,East Asia & Pacific,Upper middle income,2013,0.086
CHN,CN,China,East Asia & Pacific,Upper middle income,2014,0.084
CHN,CN,China,East Asia & Pacific,Upper middle income,2015,0.082
CHN,CN,China,East Asia & Pacific,Upper middle income,2016,0.08
CHN,CN,China,East Asia & Pacific,Upper middle income,2017,0.078
CHN,CN,China,East Asia & Pacific,Upper middle income,2018,0.076
CHN,CN,China,East Asia & Pacific,Upper middle income,2019,0.075
CHN,CN,China,East Asia & Pacific,Upper middle income,2020,0.075
CHN,CN,China,East Asia & Pacific,Upper middle income,2021,0.077
CHN,CN,China,East Asia & Pacific,Upper middle income,2022,0.075
CHN,CN,China,East Asia & Pacific,Upper middle income,2023,0.074
CHN,CN,China,East Asia & Pacific,Upper middle income,2024,0.073
CIV,CI,Cote d'Ivoire,Sub-Saharan Africa,Lower middle income,2000,0.274
CIV,CI,Cote d'Ivoire,Sub-Saharan Africa,Lower middle income,2001,0.447
CIV,CI,Cote d'Ivoire,Sub-Saharan Africa,Lower middle income,2002,0.446
CIV,CI,Cote d'Ivoire,Sub-Saharan Africa,Lower middle income,2003,0.439
CIV,CI,Cote d'Ivoire,Sub-Saharan Africa,Lower middle income,2004,0.446
CIV,CI,Cote d'Ivoire,Sub-Saharan Africa,Lower middle income,2005,0.434
CIV,CI,Cote d'Ivoire,Sub-Saharan Africa,Lower middle income,2006,0.434
CIV,CI,Cote d'Ivoire,Sub-Saharan Africa,Lower middle income,2007,0.435
CIV,CI,Cote d'Ivoire,Sub-Saharan Africa,Lower middle income,2008,0.436
CIV,CI,Cote d'Ivoire,Sub-Saharan Africa,Lower middle income,2009,0.435
CIV,CI,Cote d'Ivoire,Sub-Saharan Africa,Lower middle income,2010,0.446
CIV,CI,Cote d'Ivoire,Sub-Saharan Africa,Lower middle income,2011,0.427
CIV,CI,Cote d'Ivoire,Sub-Saharan Africa,Lower middle income,2012,0.461
CIV,CI,Cote d'Ivoire,Sub-Saharan Africa,Lower middle income,2013,0.465
CIV,CI,Cote d'Ivoire,Sub-Saharan Africa,Lower middle income,2014,0.463
CIV,CI,Cote d'Ivoire,Sub-Saharan Africa,Lower middle income,2015,0.473
CIV,CI,Cote d'Ivoire,Sub-Saharan Africa,Lower middle income,2016,0.529
CIV,CI,Cote d'Ivoire,Sub-Saharan Africa,Lower middle income,2017,0.539
CIV,CI,Cote d'Ivoire,Sub-Saharan Africa,Lower middle income,2018,0.54
CIV,CI,Cote d'Ivoire,Sub-Saharan Africa,Lower middle income,2019,0.534
CIV,CI,Cote d'Ivoire,Sub-Saharan Africa,Lower middle income,2020,0.499
CIV,CI,Cote d'Ivoire,Sub-Saharan Africa,Lower middle income,2021,0.435
CIV,CI,Cote d'Ivoire,Sub-Saharan Africa,Lower middle income,2022,0.443
CIV,CI,Cote d'Ivoire,Sub-Saharan Africa,Lower middle income,2023,0.445
CIV,CI,Cote d'Ivoire,Sub-Saharan Africa,Lower middle income,2024,0.429
CMR,CM,Cameroon,Sub-Saharan Africa,Lower middle income,2000,0.304
CMR,CM,Cameroon,Sub-Saharan Africa,Lower middle income,2001,0.304
CMR,CM,Cameroon,Sub-Saharan Africa,Lower middle income,2002,0.306
CMR,CM,Cameroon,Sub-Saharan Africa,Lower middle income,2003,0.309
CMR,CM,Cameroon,Sub-Saharan Africa,Lower middle income,2004,0.312
CMR,CM,Cameroon,Sub-Saharan Africa,Lower middle income,2005,0.315
CMR,CM,Cameroon,Sub-Saharan Africa,Lower middle income,2006,0.315
CMR,CM,Cameroon,Sub-Saharan Africa,Lower middle income,2007,0.314
CMR,CM,Cameroon,Sub-Saharan Africa,Lower middle income,2008,0.311
CMR,CM,Cameroon,Sub-Saharan Africa,Lower middle income,2009,0.311
CMR,CM,Cameroon,Sub-Saharan Africa,Lower middle income,2010,0.314
CMR,CM,Cameroon,Sub-Saharan Africa,Lower middle income,2011,0.317
CMR,CM,Cameroon,Sub-Saharan Africa,Lower middle income,2012,0.321
CMR,CM,Cameroon,Sub-Saharan Africa,Lower middle income,2013,0.319
CMR,CM,Cameroon,Sub-Saharan Africa,Lower middle income,2014,0.326
CMR,CM,Cameroon,Sub-Saharan Africa,Lower middle income,2015,0.324
CMR,CM,Cameroon,Sub-Saharan Africa,Lower middle income,2016,0.307
CMR,CM,Cameroon,Sub-Saharan Africa,Lower middle income,2017,0.298
CMR,CM,Cameroon,Sub-Saharan Africa,Lower middle income,2018,0.293
CMR,CM,Cameroon,Sub-Saharan Africa,Lower middle income,2019,0.28
CMR,CM,Cameroon,Sub-Saharan Africa,Lower middle income,2020,0.285
CMR,CM,Cameroon,Sub-Saharan Africa,Lower middle income,2021,0.282
CMR,CM,Cameroon,Sub-Saharan Africa,Lower middle income,2022,0.291
CMR,CM,Cameroon,Sub-Saharan Africa,Lower middle income,2023,0.279
CMR,CM,Cameroon,Sub-Saharan Africa,Lower middle income,2024,0.277
COD,CD,"Congo, Dem. Rep.",Sub-Saharan Africa,Low income,2000,0.15
COD,CD,"Congo, Dem. Rep.",Sub-Saharan Africa,Low income,2001,0.156
COD,CD,"Congo, Dem. Rep.",Sub-Saharan Africa,Low income,2002,0.163
COD,CD,"Congo, Dem. Rep.",Sub-Saharan Africa,Low income,2003,0.18
COD,CD,"Congo, Dem. Rep.",Sub-Saharan Africa,Low income,2004,0.187
COD,CD,"Congo, Dem. Rep.",Sub-Saharan Africa,Low income,2005,0.197
COD,CD,"Congo, Dem. Rep.",Sub-Saharan Africa,Low income,2006,0.251
COD,CD,"Congo, Dem. Rep.",Sub-Saharan Africa,Low income,2007,0.355
COD,CD,"Congo, Dem. Rep.",Sub-Saharan Africa,Low income,2008,0.357
COD,CD,"Congo, Dem. Rep.",Sub-Saharan Africa,Low income,2009,0.36
COD,CD,"Congo, Dem. Rep.",Sub-Saharan Africa,Low income,2010,0.352
COD,CD,"Congo, Dem. Rep.",Sub-Saharan Africa,Low income,2011,0.347
COD,CD,"Congo, Dem. Rep.",Sub-Saharan Africa,Low income,2012,0.321
COD,CD,"Congo, Dem. Rep.",Sub-Saharan Africa,Low income,2013,0.319
COD,CD,"Congo, Dem. Rep.",Sub-Saharan Africa,Low income,2014,0.318
COD,CD,"Congo, Dem. Rep.",Sub-Saharan Africa,Low income,2015,0.316
COD,CD,"Congo, Dem. Rep.",Sub-Saharan Africa,Low income,2016,0.305
COD,CD,"Congo, Dem. Rep.",Sub-Saharan Africa,Low income,2017,0.304
COD,CD,"Congo, Dem. Rep.",Sub-Saharan Africa,Low income,2018,0.306
COD,CD,"Congo, Dem. Rep.",Sub-Saharan Africa,Low income,2019,0.344
COD,CD,"Congo, Dem. Rep.",Sub-Saharan Africa,Low income,2020,0.347
COD,CD,"Congo, Dem. Rep.",Sub-Saharan Africa,Low income,2021,0.342
COD,CD,"Congo, Dem. Rep.",Sub-Saharan Africa,Low income,2022,0.336
COD,CD,"Congo, Dem. Rep.",Sub-Saharan Africa,Low income,2023,0.333
COD,CD,"Congo, Dem. Rep.",Sub-Saharan Africa,Low income,2024,0.308
COG,CG,"Congo, Rep.",Sub-Saharan Africa,Lower middle income,2000,0.163
COG,CG,"Congo, Rep.",Sub-Saharan Africa,Lower middle income,2001,0.16
COG,CG,"Congo, Rep.",Sub-Saharan Africa,Lower middle income,2002,0.208
COG,CG,"Congo, Rep.",Sub-Saharan Africa,Lower middle income,2003,0.257
COG,CG,"Congo, Rep.",Sub-Saharan Africa,Lower middle income,2004,0.257
COG,CG,"Congo, Rep.",Sub-Saharan Africa,Lower middle income,2005,0.257
COG,CG,"Congo, Rep.",Sub-Saharan Africa,Lower middle income,2006,0.257
COG,CG,"Congo, Rep.",Sub-Saharan Africa,Lower middle income,2007,0.254
COG,CG,"Congo, Rep.",Sub-Saharan Africa,Lower middle income,2008,0.252
COG,CG,"Congo, Rep.",Sub-Saharan Africa,Lower middle income,2009,0.255
COG,CG,"Congo, Rep.",Sub-Saharan Africa,Lower middle income,2010,0.255
COG,CG,"Congo, Rep.",Sub-Saharan Africa,Lower middle income,2011,0.255
COG,CG,"Congo, Rep.",Sub-Saharan Africa,Lower middle income,2012,0.254
COG,CG,"Congo, Rep.",Sub-Saharan Africa,Lower middle income,2013,0.249
COG,CG,"Congo, Rep.",Sub-Saharan Africa,Lower middle income,2014,0.249
COG,CG,"Congo, Rep.",Sub-Saharan Africa,Lower middle income,2015,0.249
COG,CG,"Congo, Rep.",Sub-Saharan Africa,Lower middle income,2016,0.247
COG,CG,"Congo, Rep.",Sub-Saharan Africa,Lower middle income,2017,0.252
COG,CG,"Congo, Rep.",Sub-Saharan Africa,Lower middle income,2018,0.258
COG,CG,"Congo, Rep.",Sub-Saharan Africa,Lower middle income,2019,0.25
COG,CG,"Congo, Rep.",Sub-Saharan Africa,Lower middle income,2020,0.257
COG,CG,"Congo, Rep.",Sub-Saharan Africa,Lower middle income,2021,0.254
COG,CG,"Congo, Rep.",Sub-Saharan Africa,Lower middle income,2022,0.243
COG,CG,"Congo, Rep.",Sub-Saharan Africa,Lower middle income,2023,0.253
COG,CG,"Congo, Rep.",Sub-Saharan Africa,Lower middle income,2024,0.255
COL,CO,Colombia,Latin America & Caribbean,Upper middle income,2000,0.55
COL,CO,Colombia,Latin America & Caribbean,Upper middle income,2001,0.542
COL,CO,Colombia,Latin America & Caribbean,Upper middle income,2002,0.534
COL,CO,Colombia,Latin America & Caribbean,Upper middle income,2003,0.535
COL,CO,Colombia,Latin America & Caribbean,Upper middle income,2004,0.537
COL,CO,Colombia,Latin America & Caribbean,Upper middle income,2005,0.542
COL,CO,Colombia,Latin America & Caribbean,Upper middle income,2006,0.571
COL,CO,Colombia,Latin America & Caribbean,Upper middle income,2007,0.583
COL,CO,Colombia,Latin America & Caribbean,Upper middle income,2008,0.585
COL,CO,Colombia,Latin America & Caribbean,Upper middle income,2009,0.587
COL,CO,Colombia,Latin America & Caribbean,Upper middle income,2010,0.624
COL,CO,Colombia,Latin America & Caribbean,Upper middle income,2011,0.66
COL,CO,Colombia,Latin America & Caribbean,Upper middle income,2012,0.661
COL,CO,Colombia,Latin America & Caribbean,Upper middle income,2013,0.669
COL,CO,Colombia,Latin America & Caribbean,Upper middle income,2014,0.677
COL,CO,Colombia,Latin America & Caribbean,Upper middle income,2015,0.681
COL,CO,Colombia,Latin America & Caribbean,Upper middle income,2016,0.682
COL,CO,Colombia,Latin America & Caribbean,Upper middle income,2017,0.68
COL,CO,Colombia,Latin America & Caribbean,Upper middle income,2018,0.666
COL,CO,Colombia,Latin America & Caribbean,Upper middle income,2019,0.651
COL,CO,Colombia,Latin America & Caribbean,Upper middle income,2020,0.643
COL,CO,Colombia,Latin America & Caribbean,Upper middle income,2021,0.654
COL,CO,Colombia,Latin America & Caribbean,Upper middle income,2022,0.696
COL,CO,Colombia,Latin America & Caribbean,Upper middle income,2023,0.711
COL,CO,Colombia,Latin America & Caribbean,Upper middle income,2024,0.698
COM,KM,Comoros,Sub-Saharan Africa,Lower middle income,2000,0.218
COM,KM,Comoros,Sub-Saharan Africa,Lower middle income,2001,0.221
COM,KM,Comoros,Sub-Saharan Africa,Lower middle income,2002,0.315
COM,KM,Comoros,Sub-Saharan Africa,Lower middle income,2003,0.369
COM,KM,Comoros,Sub-Saharan Africa,Lower middle income,2004,0.408
COM,KM,Comoros,Sub-Saharan Africa,Lower middle income,2005,0.427
COM,KM,Comoros,Sub-Saharan Africa,Lower middle income,2006,0.419
COM,KM,Comoros,Sub-Saharan Africa,Lower middle income,2007,0.414
COM,KM,Comoros,Sub-Saharan Africa,Lower middle income,2008,0.414
COM,KM,Comoros,Sub-Saharan Africa,Lower middle income,2009,0.418
COM,KM,Comoros,Sub-Saharan Africa,Lower middle income,2010,0.416
COM,KM,Comoros,Sub-Saharan Africa,Lower middle income,2011,0.446
COM,KM,Comoros,Sub-Saharan Africa,Lower middle income,2012,0.446
COM,KM,Comoros,Sub-Saharan Africa,Lower middle income,2013,0.467
COM,KM,Comoros,Sub-Saharan Africa,Lower middle income,2014,0.467
COM,KM,Comoros,Sub-Saharan Africa,Lower middle income,2015,0.395
COM,KM,Comoros,Sub-Saharan Africa,Lower middle income,2016,0.385
COM,KM,Comoros,Sub-Saharan Africa,Lower middle income,2017,0.38
COM,KM,Comoros,Sub-Saharan Africa,Lower middle income,2018,0.367
COM,KM,Comoros,Sub-Saharan Africa,Lower middle income,2019,0.305
COM,KM,Comoros,Sub-Saharan Africa,Lower middle income,2020,0.28
COM,KM,Comoros,Sub-Saharan Africa,Lower middle income,2021,0.28
COM,KM,Comoros,Sub-Saharan Africa,Lower middle income,2022,0.272
COM,KM,Comoros,Sub-Saharan Africa,Lower middle income,2023,0.264
COM,KM,Comoros,Sub-Saharan Africa,Lower middle income,2024,0.276
CPV,CV,Cabo Verde,Sub-Saharan Africa,Upper middle income,2000,0.772
CPV,CV,Cabo Verde,Sub-Saharan Africa,Upper middle income,2001,0.762
CPV,CV,Cabo Verde,Sub-Saharan Africa,Upper middle income,2002,0.767
CPV,CV,Cabo Verde,Sub-Saharan Africa,Upper middle income,2003,0.767
CPV,CV,Cabo Verde,Sub-Saharan Africa,Upper middle income,2004,0.767
CPV,CV,Cabo Verde,Sub-Saharan Africa,Upper middle income,2005,0.767
CPV,CV,Cabo Verde,Sub-Saharan Africa,Upper middle income,2006,0.778
CPV,CV,Cabo Verde,Sub-Saharan Africa,Upper middle income,2007,0.781
CPV,CV,Cabo Verde,Sub-Saharan Africa,Upper middle income,2008,0.782
CPV,CV,Cabo Verde,Sub-Saharan Africa,Upper middle income,2009,0.782
CPV,CV,Cabo Verde,Sub-Saharan Africa,Upper middle income,2010,0.779
CPV,CV,Cabo Verde,Sub-Saharan Africa,Upper middle income,2011,0.788
CPV,CV,Cabo Verde,Sub-Saharan Africa,Upper middle income,2012,0.788
CPV,CV,Cabo Verde,Sub-Saharan Africa,Upper middle income,2013,0.794
CPV,CV,Cabo Verde,Sub-Saharan Africa,Upper middle income,2014,0.794
CPV,CV,Cabo Verde,Sub-Saharan Africa,Upper middle income,2015,0.795
CPV,CV,Cabo Verde,Sub-Saharan Africa,Upper middle income,2016,0.8
CPV,CV,Cabo Verde,Sub-Saharan Africa,Upper middle income,2017,0.797
CPV,CV,Cabo Verde,Sub-Saharan Africa,Upper middle income,2018,0.783
CPV,CV,Cabo Verde,Sub-Saharan Africa,Upper middle income,2019,0.79
CPV,CV,Cabo Verde,Sub-Saharan Africa,Upper middle income,2020,0.793
CPV,CV,Cabo Verde,Sub-Saharan Africa,Upper middle income,2021,0.775
CPV,CV,Cabo Verde,Sub-Saharan Africa,Upper middle income,2022,0.754
CPV,CV,Cabo Verde,Sub-Saharan Africa,Upper middle income,2023,0.75
CPV,CV,Cabo Verde,Sub-Saharan Africa,Upper middle income,2024,0.752
CRI,CR,Costa Rica,Latin America & Caribbean,High income,2000,0.892
CRI,CR,Costa Rica,Latin America & Caribbean,High income,2001,0.892
CRI,CR,Costa Rica,Latin America & Caribbean,High income,2002,0.895
CRI,CR,Costa Rica,Latin America & Caribbean,High income,2003,0.895
CRI,CR,Costa Rica,Latin America & Caribbean,High income,2004,0.894
CRI,CR,Costa Rica,Latin America & Caribbean,High income,2005,0.894
CRI,CR,Costa Rica,Latin America & Caribbean,High income,2006,0.905
CRI,CR,Costa Rica,Latin America & Caribbean,High income,2007,0.908
CRI,CR,Costa Rica,Latin America & Caribbean,High income,2008,0.908
CRI,CR,Costa Rica,Latin America & Caribbean,High income,2009,0.908
CRI,CR,Costa Rica,Latin America & Caribbean,High income,2010,0.91
CRI,CR,Costa Rica,Latin America & Caribbean,High income,2011,0.91
CRI,CR,Costa Rica,Latin America & Caribbean,High income,2012,0.91
CRI,CR,Costa Rica,Latin America & Caribbean,High income,2013,0.907
CRI,CR,Costa Rica,Latin America & Caribbean,High income,2014,0.906
CRI,CR,Costa Rica,Latin America & Caribbean,High income,2015,0.906
CRI,CR,Costa Rica,Latin America & Caribbean,High income,2016,0.902
CRI,CR,Costa Rica,Latin America & Caribbean,High income,2017,0.898
CRI,CR,Costa Rica,Latin America & Caribbean,High income,2018,0.89
CRI,CR,Costa Rica,Latin America & Caribbean,High income,2019,0.893
CRI,CR,Costa Rica,Latin America & Caribbean,High income,2020,0.895
CRI,CR,Costa Rica,Latin America & Caribbean,High income,2021,0.894
CRI,CR,Costa Rica,Latin America & Caribbean,High income,2022,0.866
CRI,CR,Costa Rica,Latin America & Caribbean,High income,2023,0.862
CRI,CR,Costa Rica,Latin America & Caribbean,High income,2024,0.862
CUB,CU,Cuba,Latin America & Caribbean,Upper middle income,2000,0.113
CUB,CU,Cuba,Latin America & Caribbean,Upper middle income,2001,0.113
CUB,CU,Cuba,Latin America & Caribbean,Upper middle income,2002,0.113
CUB,CU,Cuba,Latin America & Caribbean,Upper middle income,2003,0.114
CUB,CU,Cuba,Latin America & Caribbean,Upper middle income,2004,0.114
CUB,CU,Cuba,Latin America & Caribbean,Upper middle income,2005,0.113
CUB,CU,Cuba,Latin America & Caribbean,Upper middle income,2006,0.113
CUB,CU,Cuba,Latin America & Caribbean,Upper middle income,2007,0.113
CUB,CU,Cuba,Latin America & Caribbean,Upper middle income,2008,0.105
CUB,CU,Cuba,Latin America & Caribbean,Upper middle income,2009,0.167
CUB,CU,Cuba,Latin America & Caribbean,Upper middle income,2010,0.167
CUB,CU,Cuba,Latin America & Caribbean,Upper middle income,2011,0.167
CUB,CU,Cuba,Latin America & Caribbean,Upper middle income,2012,0.167
CUB,CU,Cuba,Latin America & Caribbean,Upper middle income,2013,0.168
CUB,CU,Cuba,Latin America & Caribbean,Upper middle income,2014,0.168
CUB,CU,Cuba,Latin America & Caribbean,Upper middle income,2015,0.168
CUB,CU,Cuba,Latin America & Caribbean,Upper middle income,2016,0.169
CUB,CU,Cuba,Latin America & Caribbean,Upper middle income,2017,0.168
CUB,CU,Cuba,Latin America & Caribbean,Upper middle income,2018,0.177
CUB,CU,Cuba,Latin America & Caribbean,Upper middle income,2019,0.181
CUB,CU,Cuba,Latin America & Caribbean,Upper middle income,2020,0.178
CUB,CU,Cuba,Latin America & Caribbean,Upper middle income,2021,0.178
CUB,CU,Cuba,Latin America & Caribbean,Upper middle income,2022,0.178
CUB,CU,Cuba,Latin America & Caribbean,Upper middle income,2023,0.175
CUB,CU,Cuba,Latin America & Caribbean,Upper middle income,2024,0.178
CUW,CW,Curacao,Latin America & Caribbean,High income,2000,
CUW,CW,Curacao,Latin America & Caribbean,High income,2001,
CUW,CW,Curacao,Latin America & Caribbean,High income,2002,
CUW,CW,Curacao,Latin America & Caribbean,High income,2003,
CUW,CW,Curacao,Latin America & Caribbean,High income,2004,
CUW,CW,Curacao,Latin America & Caribbean,High income,2005,
CUW,CW,Curacao,Latin America & Caribbean,High income,2006,
CUW,CW,Curacao,Latin America & Caribbean,High income,2007,
CUW,CW,Curacao,Latin America & Caribbean,High income,2008,
CUW,CW,Curacao,Latin America & Caribbean,High income,2009,
CUW,CW,Curacao,Latin America & Caribbean,High income,2010,
CUW,CW,Curacao,Latin America & Caribbean,High income,2011,
CUW,CW,Curacao,Latin America & Caribbean,High income,2012,
CUW,CW,Curacao,Latin America & Caribbean,High income,2013,
CUW,CW,Curacao,Latin America & Caribbean,High income,2014,
CUW,CW,Curacao,Latin America & Caribbean,High income,2015,
CUW,CW,Curacao,Latin America & Caribbean,High income,2016,
CUW,CW,Curacao,Latin America & Caribbean,High income,2017,
CUW,CW,Curacao,Latin America & Caribbean,High income,2018,
CUW,CW,Curacao,Latin America & Caribbean,High income,2019,
CUW,CW,Curacao,Latin America & Caribbean,High income,2020,
CUW,CW,Curacao,Latin America & Caribbean,High income,2021,
CUW,CW,Curacao,Latin America & Caribbean,High income,2022,
CUW,CW,Curacao,Latin America & Caribbean,High income,2023,
CUW,CW,Curacao,Latin America & Caribbean,High income,2024,
CYM,KY,Cayman Islands,Latin America & Caribbean,High income,2000,
CYM,KY,Cayman Islands,Latin America & Caribbean,High income,2001,
CYM,KY,Cayman Islands,Latin America & Caribbean,High income,2002,
CYM,KY,Cayman Islands,Latin America & Caribbean,High income,2003,
CYM,KY,Cayman Islands,Latin America & Caribbean,High income,2004,
CYM,KY,Cayman Islands,Latin America & Caribbean,High income,2005,
CYM,KY,Cayman Islands,Latin America & Caribbean,High income,2006,
CYM,KY,Cayman Islands,Latin America & Caribbean,High income,2007,
CYM,KY,Cayman Islands,Latin America & Caribbean,High income,2008,
CYM,KY,Cayman Islands,Latin America & Caribbean,High income,2009,
CYM,KY,Cayman Islands,Latin America & Caribbean,High income,2010,
CYM,KY,Cayman Islands,Latin America & Caribbean,High income,2011,
CYM,KY,Cayman Islands,Latin America & Caribbean,High income,2012,
CYM,KY,Cayman Islands,Latin America & Caribbean,High income,2013,
CYM,KY,Cayman Islands,Latin America & Caribbean,High income,2014,
CYM,KY,Cayman Islands,Latin America & Caribbean,High income,2015,
CYM,KY,Cayman Islands,Latin America & Caribbean,High income,2016,
CYM,KY,Cayman Islands,Latin America & Caribbean,High income,2017,
CYM,KY,Cayman Islands,Latin America & Caribbean,High income,2018,
CYM,KY,Cayman Islands,Latin America & Caribbean,High income,2019,
CYM,KY,Cayman Islands,Latin America & Caribbean,High income,2020,
CYM,KY,Cayman Islands,Latin America & Caribbean,High income,2021,
CYM,KY,Cayman Islands,Latin America & Caribbean,High income,2022,
CYM,KY,Cayman Islands,Latin America & Caribbean,High income,2023,
CYM,KY,Cayman Islands,Latin America & Caribbean,High income,2024,
CYP,CY,Cyprus,Europe & Central Asia,High income,2000,0.795
CYP,CY,Cyprus,Europe & Central Asia,High income,2001,0.805
CYP,CY,Cyprus,Europe & Central Asia,High income,2002,0.81
CYP,CY,Cyprus,Europe & Central Asia,High income,2003,0.805
CYP,CY,Cyprus,Europe & Central Asia,High income,2004,0.826
CYP,CY,Cyprus,Europe & Central Asia,High income,2005,0.825
CYP,CY,Cyprus,Europe & Central Asia,High income,2006,0.834
CYP,CY,Cyprus,Europe & Central Asia,High income,2007,0.837
CYP,CY,Cyprus,Europe & Central Asia,High income,2008,0.836
CYP,CY,Cyprus,Europe & Central Asia,High income,2009,0.836
CYP,CY,Cyprus,Europe & Central Asia,High income,2010,0.845
CYP,CY,Cyprus,Europe & Central Asia,High income,2011,0.845
CYP,CY,Cyprus,Europe & Central Asia,High income,2012,0.845
CYP,CY,Cyprus,Europe & Central Asia,High income,2013,0.847
CYP,CY,Cyprus,Europe & Central Asia,High income,2014,0.846
CYP,CY,Cyprus,Europe & Central Asia,High income,2015,0.851
CYP,CY,Cyprus,Europe & Central Asia,High income,2016,0.851
CYP,CY,Cyprus,Europe & Central Asia,High income,2017,0.84
CYP,CY,Cyprus,Europe & Central Asia,High income,2018,0.836
CYP,CY,Cyprus,Europe & Central Asia,High income,2019,0.84
CYP,CY,Cyprus,Europe & Central Asia,High income,2020,0.807
CYP,CY,Cyprus,Europe & Central Asia,High income,2021,0.795
CYP,CY,Cyprus,Europe & Central Asia,High income,2022,0.779
CYP,CY,Cyprus,Europe & Central Asia,High income,2023,0.777
CYP,CY,Cyprus,Europe & Central Asia,High income,2024,0.777
CZE,CZ,Czechia,Europe & Central Asia,High income,2000,0.878
CZE,CZ,Czechia,Europe & Central Asia,High income,2001,0.878
CZE,CZ,Czechia,Europe & Central Asia,High income,2002,0.884
CZE,CZ,Czechia,Europe & Central Asia,High income,2003,0.891
CZE,CZ,Czechia,Europe & Central Asia,High income,2004,0.892
CZE,CZ,Czechia,Europe & Central Asia,High income,2005,0.892
CZE,CZ,Czechia,Europe & Central Asia,High income,2006,0.896
CZE,CZ,Czechia,Europe & Central Asia,High income,2007,0.897
CZE,CZ,Czechia,Europe & Central Asia,High income,2008,0.897
CZE,CZ,Czechia,Europe & Central Asia,High income,2009,0.888
CZE,CZ,Czechia,Europe & Central Asia,High income,2010,0.883
CZE,CZ,Czechia,Europe & Central Asia,High income,2011,0.891
CZE,CZ,Czechia,Europe & Central Asia,High income,2012,0.891
CZE,CZ,Czechia,Europe & Central Asia,High income,2013,0.863
CZE,CZ,Czechia,Europe & Central Asia,High income,2014,0.852
CZE,CZ,Czechia,Europe & Central Asia,High income,2015,0.852
CZE,CZ,Czechia,Europe & Central Asia,High income,2016,0.852
CZE,CZ,Czechia,Europe & Central Asia,High income,2017,0.833
CZE,CZ,Czechia,Europe & Central Asia,High income,2018,0.81
CZE,CZ,Czechia,Europe & Central Asia,High income,2019,0.8
CZE,CZ,Czechia,Europe & Central Asia,High income,2020,0.806
CZE,CZ,Czechia,Europe & Central Asia,High income,2021,0.789
CZE,CZ,Czechia,Europe & Central Asia,High income,2022,0.854
CZE,CZ,Czechia,Europe & Central Asia,High income,2023,0.863
CZE,CZ,Czechia,Europe & Central Asia,High income,2024,0.865
DEU,DE,Germany,Europe & Central Asia,High income,2000,0.899
DEU,DE,Germany,Europe & Central Asia,High income,2001,0.899
DEU,DE,Germany,Europe & Central Asia,High income,2002,0.898
DEU,DE,Germany,Europe & Central Asia,High income,2003,0.896
DEU,DE,Germany,Europe & Central Asia,High income,2004,0.896
DEU,DE,Germany,Europe & Central Asia,High income,2005,0.896
DEU,DE,Germany,Europe & Central Asia,High income,2006,0.902
DEU,DE,Germany,Europe & Central Asia,High income,2007,0.902
DEU,DE,Germany,Europe & Central Asia,High income,2008,0.902
DEU,DE,Germany,Europe & Central Asia,High income,2009,0.9
DEU,DE,Germany,Europe & Central Asia,High income,2010,0.898
DEU,DE,Germany,Europe & Central Asia,High income,2011,0.9
DEU,DE,Germany,Europe & Central Asia,High income,2012,0.899
DEU,DE,Germany,Europe & Central Asia,High income,2013,0.892
DEU,DE,Germany,Europe & Central Asia,High income,2014,0.885
DEU,DE,Germany,Europe & Central Asia,High income,2015,0.883
DEU,DE,Germany,Europe & Central Asia,High income,2016,0.888
DEU,DE,Germany,Europe & Central Asia,High income,2017,0.889
DEU,DE,Germany,Europe & Central Asia,High income,2018,0.881
DEU,DE,Germany,Europe & Central Asia,High income,2019,0.878
DEU,DE,Germany,Europe & Central Asia,High income,2020,0.87
DEU,DE,Germany,Europe & Central Asia,High income,2021,0.863
DEU,DE,Germany,Europe & Central Asia,High income,2022,0.855
DEU,DE,Germany,Europe & Central Asia,High income,2023,0.855
DEU,DE,Germany,Europe & Central Asia,High income,2024,0.825
DJI,DJ,Djibouti,"Middle East, North Africa, Afghanistan & Pakistan",Lower middle income,2000,0.251
DJI,DJ,Djibouti,"Middle East, North Africa, Afghanistan & Pakistan",Lower middle income,2001,0.253
DJI,DJ,Djibouti,"Middle East, North Africa, Afghanistan & Pakistan",Lower middle income,2002,0.268
DJI,DJ,Djibouti,"Middle East, North Africa, Afghanistan & Pakistan",Lower middle income,2003,0.262
DJI,DJ,Djibouti,"Middle East, North Africa, Afghanistan & Pakistan",Lower middle income,2004,0.264
DJI,DJ,Djibouti,"Middle East, North Africa, Afghanistan & Pakistan",Lower middle income,2005,0.25
DJI,DJ,Djibouti,"Middle East, North Africa, Afghanistan & Pakistan",Lower middle income,2006,0.247
DJI,DJ,Djibouti,"Middle East, North Africa, Afghanistan & Pakistan",Lower middle income,2007,0.247
DJI,DJ,Djibouti,"Middle East, North Africa, Afghanistan & Pakistan",Lower middle income,2008,0.242
DJI,DJ,Djibouti,"Middle East, North Africa, Afghanistan & Pakistan",Lower middle income,2009,0.244
DJI,DJ,Djibouti,"Middle East, North Africa, Afghanistan & Pakistan",Lower middle income,2010,0.242
DJI,DJ,Djibouti,"Middle East, North Africa, Afghanistan & Pakistan",Lower middle income,2011,0.246
DJI,DJ,Djibouti,"Middle East, North Africa, Afghanistan & Pakistan",Lower middle income,2012,0.247
DJI,DJ,Djibouti,"Middle East, North Africa, Afghanistan & Pakistan",Lower middle income,2013,0.244
DJI,DJ,Djibouti,"Middle East, North Africa, Afghanistan & Pakistan",Lower middle income,2014,0.245
DJI,DJ,Djibouti,"Middle East, North Africa, Afghanistan & Pakistan",Lower middle income,2015,0.245
DJI,DJ,Djibouti,"Middle East, North Africa, Afghanistan & Pakistan",Lower middle income,2016,0.243
DJI,DJ,Djibouti,"Middle East, North Africa, Afghanistan & Pakistan",Lower middle income,2017,0.243
DJI,DJ,Djibouti,"Middle East, North Africa, Afghanistan & Pakistan",Lower middle income,2018,0.25
DJI,DJ,Djibouti,"Middle East, North Africa, Afghanistan & Pakistan",Lower middle income,2019,0.251
DJI,DJ,Djibouti,"Middle East, North Africa, Afghanistan & Pakistan",Lower middle income,2020,0.25
DJI,DJ,Djibouti,"Middle East, North Africa, Afghanistan & Pakistan",Lower middle income,2021,0.251
DJI,DJ,Djibouti,"Middle East, North Africa, Afghanistan & Pakistan",Lower middle income,2022,0.25
DJI,DJ,Djibouti,"Middle East, North Africa, Afghanistan & Pakistan",Lower middle income,2023,0.25
DJI,DJ,Djibouti,"Middle East, North Africa, Afghanistan & Pakistan",Lower middle income,2024,0.25
DMA,DM,Dominica,Latin America & Caribbean,Upper middle income,2000,
DMA,DM,Dominica,Latin America & Caribbean,Upper middle income,2001,
DMA,DM,Dominica,Latin America & Caribbean,Upper middle income,2002,
DMA,DM,Dominica,Latin America & Caribbean,Upper middle income,2003,
DMA,DM,Dominica,Latin America & Caribbean,Upper middle income,2004,
DMA,DM,Dominica,Latin America & Caribbean,Upper middle income,2005,
DMA,DM,Dominica,Latin America & Caribbean,Upper middle income,2006,
DMA,DM,Dominica,Latin America & Caribbean,Upper middle income,2007,
DMA,DM,Dominica,Latin America & Caribbean,Upper middle income,2008,
DMA,DM,Dominica,Latin America & Caribbean,Upper middle income,2009,
DMA,DM,Dominica,Latin America & Caribbean,Upper middle income,2010,
DMA,DM,Dominica,Latin America & Caribbean,Upper middle income,2011,
DMA,DM,Dominica,Latin America & Caribbean,Upper middle income,2012,
DMA,DM,Dominica,Latin America & Caribbean,Upper middle income,2013,
DMA,DM,Dominica,Latin America & Caribbean,Upper middle income,2014,
DMA,DM,Dominica,Latin America & Caribbean,Upper middle income,2015,
DMA,DM,Dominica,Latin America & Caribbean,Upper middle income,2016,
DMA,DM,Dominica,Latin America & Caribbean,Upper middle income,2017,
DMA,DM,Dominica,Latin America & Caribbean,Upper middle income,2018,
DMA,DM,Dominica,Latin America & Caribbean,Upper middle income,2019,
DMA,DM,Dominica,Latin America & Caribbean,Upper middle income,2020,
DMA,DM,Dominica,Latin America & Caribbean,Upper middle income,2021,
DMA,DM,Dominica,Latin America & Caribbean,Upper middle income,2022,
DMA,DM,Dominica,Latin America & Caribbean,Upper middle income,2023,
DMA,DM,Dominica,Latin America & Caribbean,Upper middle income,2024,
DNK,DK,Denmark,Europe & Central Asia,High income,2000,0.906
DNK,DK,Denmark,Europe & Central Asia,High income,2001,0.906
DNK,DK,Denmark,Europe & Central Asia,High income,2002,0.908
DNK,DK,Denmark,Europe & Central Asia,High income,2003,0.908
DNK,DK,Denmark,Europe & Central Asia,High income,2004,0.908
DNK,DK,Denmark,Europe & Central Asia,High income,2005,0.92
DNK,DK,Denmark,Europe & Central Asia,High income,2006,0.922
DNK,DK,Denmark,Europe & Central Asia,High income,2007,0.922
DNK,DK,Denmark,Europe & Central Asia,High income,2008,0.921
DNK,DK,Denmark,Europe & Central Asia,High income,2009,0.921
DNK,DK,Denmark,Europe & Central Asia,High income,2010,0.921
DNK,DK,Denmark,Europe & Central Asia,High income,2011,0.921
DNK,DK,Denmark,Europe & Central Asia,High income,2012,0.921
DNK,DK,Denmark,Europe & Central Asia,High income,2013,0.921
DNK,DK,Denmark,Europe & Central Asia,High income,2014,0.921
DNK,DK,Denmark,Europe & Central Asia,High income,2015,0.921
DNK,DK,Denmark,Europe & Central Asia,High income,2016,0.918
DNK,DK,Denmark,Europe & Central Asia,High income,2017,0.918
DNK,DK,Denmark,Europe & Central Asia,High income,2018,0.918
DNK,DK,Denmark,Europe & Central Asia,High income,2019,0.916
DNK,DK,Denmark,Europe & Central Asia,High income,2020,0.915
DNK,DK,Denmark,Europe & Central Asia,High income,2021,0.915
DNK,DK,Denmark,Europe & Central Asia,High income,2022,0.915
DNK,DK,Denmark,Europe & Central Asia,High income,2023,0.917
DNK,DK,Denmark,Europe & Central Asia,High income,2024,0.917
DOM,DO,Dominican Republic,Latin America & Caribbean,Upper middle income,2000,0.665
DOM,DO,Dominican Republic,Latin America & Caribbean,Upper middle income,2001,0.673
DOM,DO,Dominican Republic,Latin America & Caribbean,Upper middle income,2002,0.672
DOM,DO,Dominican Republic,Latin America & Caribbean,Upper middle income,2003,0.671
DOM,DO,Dominican Republic,Latin America & Caribbean,Upper middle income,2004,0.659
DOM,DO,Dominican Republic,Latin America & Caribbean,Upper middle income,2005,0.651
DOM,DO,Dominican Republic,Latin America & Caribbean,Upper middle income,2006,0.644
DOM,DO,Dominican Republic,Latin America & Caribbean,Upper middle income,2007,0.636
DOM,DO,Dominican Republic,Latin America & Caribbean,Upper middle income,2008,0.638
DOM,DO,Dominican Republic,Latin America & Caribbean,Upper middle income,2009,0.639
DOM,DO,Dominican Republic,Latin America & Caribbean,Upper middle income,2010,0.625
DOM,DO,Dominican Republic,Latin America & Caribbean,Upper middle income,2011,0.623
DOM,DO,Dominican Republic,Latin America & Caribbean,Upper middle income,2012,0.612
DOM,DO,Dominican Republic,Latin America & Caribbean,Upper middle income,2013,0.6
DOM,DO,Dominican Republic,Latin America & Caribbean,Upper middle income,2014,0.6
DOM,DO,Dominican Republic,Latin America & Caribbean,Upper middle income,2015,0.59
DOM,DO,Dominican Republic,Latin America & Caribbean,Upper middle income,2016,0.571
DOM,DO,Dominican Republic,Latin America & Caribbean,Upper middle income,2017,0.559
DOM,DO,Dominican Republic,Latin America & Caribbean,Upper middle income,2018,0.573
DOM,DO,Dominican Republic,Latin America & Caribbean,Upper middle income,2019,0.569
DOM,DO,Dominican Republic,Latin America & Caribbean,Upper middle income,2020,0.656
DOM,DO,Dominican Republic,Latin America & Caribbean,Upper middle income,2021,0.694
DOM,DO,Dominican Republic,Latin America & Caribbean,Upper middle income,2022,0.692
DOM,DO,Dominican Republic,Latin America & Caribbean,Upper middle income,2023,0.692
DOM,DO,Dominican Republic,Latin America & Caribbean,Upper middle income,2024,0.71
DZA,DZ,Algeria,"Middle East, North Africa, Afghanistan & Pakistan",Upper middle income,2000,0.326
DZA,DZ,Algeria,"Middle East, North Africa, Afghanistan & Pakistan",Upper middle income,2001,0.326
DZA,DZ,Algeria,"Middle East, North Africa, Afghanistan & Pakistan",Upper middle income,2002,0.326
DZA,DZ,Algeria,"Middle East, North Africa, Afghanistan & Pakistan",Upper middle income,2003,0.331
DZA,DZ,Algeria,"Middle East, North Africa, Afghanistan & Pakistan",Upper middle income,2004,0.333
DZA,DZ,Algeria,"Middle East, North Africa, Afghanistan & Pakistan",Upper middle income,2005,0.335
DZA,DZ,Algeria,"Middle East, North Africa, Afghanistan & Pakistan",Upper middle income,2006,0.335
DZA,DZ,Algeria,"Middle East, North Africa, Afghanistan & Pakistan",Upper middle income,2007,0.334
DZA,DZ,Algeria,"Middle East, North Africa, Afghanistan & Pakistan",Upper middle income,2008,0.329
DZA,DZ,Algeria,"Middle East, North Africa, Afghanistan & Pakistan",Upper middle income,2009,0.327
DZA,DZ,Algeria,"Middle East, North Africa, Afghanistan & Pakistan",Upper middle income,2010,0.322
DZA,DZ,Algeria,"Middle East, North Africa, Afghanistan & Pakistan",Upper middle income,2011,0.322
DZA,DZ,Algeria,"Middle East, North Africa, Afghanistan & Pakistan",Upper middle income,2012,0.324
DZA,DZ,Algeria,"Middle East, North Africa, Afghanistan & Pakistan",Upper middle income,2013,0.327
DZA,DZ,Algeria,"Middle East, North Africa, Afghanistan & Pakistan",Upper middle income,2014,0.324
DZA,DZ,Algeria,"Middle East, North Africa, Afghanistan & Pakistan",Upper middle income,2015,0.331
DZA,DZ,Algeria,"Middle East, North Africa, Afghanistan & Pakistan",Upper middle income,2016,0.308
DZA,DZ,Algeria,"Middle East, North Africa, Afghanistan & Pakistan",Upper middle income,2017,0.309
DZA,DZ,Algeria,"Middle East, North Africa, Afghanistan & Pakistan",Upper middle income,2018,0.305
DZA,DZ,Algeria,"Middle East, North Africa, Afghanistan & Pakistan",Upper middle income,2019,0.293
DZA,DZ,Algeria,"Middle East, North Africa, Afghanistan & Pakistan",Upper middle income,2020,0.279
DZA,DZ,Algeria,"Middle East, North Africa, Afghanistan & Pakistan",Upper middle income,2021,0.282
DZA,DZ,Algeria,"Middle East, North Africa, Afghanistan & Pakistan",Upper middle income,2022,0.269
DZA,DZ,Algeria,"Middle East, North Africa, Afghanistan & Pakistan",Upper middle income,2023,0.265
DZA,DZ,Algeria,"Middle East, North Africa, Afghanistan & Pakistan",Upper middle income,2024,0.26
ECU,EC,Ecuador,Latin America & Caribbean,Upper middle income,2000,0.689
ECU,EC,Ecuador,Latin America & Caribbean,Upper middle income,2001,0.689
ECU,EC,Ecuador,Latin America & Caribbean,Upper middle income,2002,0.689
ECU,EC,Ecuador,Latin America & Caribbean,Upper middle income,2003,0.698
ECU,EC,Ecuador,Latin America & Caribbean,Upper middle income,2004,0.698
ECU,EC,Ecuador,Latin America & Caribbean,Upper middle income,2005,0.698
ECU,EC,Ecuador,Latin America & Caribbean,Upper middle income,2006,0.693
ECU,EC,Ecuador,Latin America & Caribbean,Upper middle income,2007,0.671
ECU,EC,Ecuador,Latin America & Caribbean,Upper middle income,2008,0.634
ECU,EC,Ecuador,Latin America & Caribbean,Upper middle income,2009,0.613
ECU,EC,Ecuador,Latin America & Caribbean,Upper middle income,2010,0.588
ECU,EC,Ecuador,Latin America & Caribbean,Upper middle income,2011,0.581
ECU,EC,Ecuador,Latin America & Caribbean,Upper middle income,2012,0.586
ECU,EC,Ecuador,Latin America & Caribbean,Upper middle income,2013,0.538
ECU,EC,Ecuador,Latin America & Caribbean,Upper middle income,2014,0.534
ECU,EC,Ecuador,Latin America & Caribbean,Upper middle income,2015,0.533
ECU,EC,Ecuador,Latin America & Caribbean,Upper middle income,2016,0.54
ECU,EC,Ecuador,Latin America & Caribbean,Upper middle income,2017,0.552
ECU,EC,Ecuador,Latin America & Caribbean,Upper middle income,2018,0.641
ECU,EC,Ecuador,Latin America & Caribbean,Upper middle income,2019,0.617
ECU,EC,Ecuador,Latin America & Caribbean,Upper middle income,2020,0.626
ECU,EC,Ecuador,Latin America & Caribbean,Upper middle income,2021,0.625
ECU,EC,Ecuador,Latin America & Caribbean,Upper middle income,2022,0.661
ECU,EC,Ecuador,Latin America & Caribbean,Upper middle income,2023,0.641
ECU,EC,Ecuador,Latin America & Caribbean,Upper middle income,2024,0.641
EGY,EG,"Egypt, Arab Rep.","Middle East, North Africa, Afghanistan & Pakistan",Lower middle income,2000,0.217
EGY,EG,"Egypt, Arab Rep.","Middle East, North Africa, Afghanistan & Pakistan",Lower middle income,2001,0.209
EGY,EG,"Egypt, Arab Rep.","Middle East, North Africa, Afghanistan & Pakistan",Lower middle income,2002,0.209
EGY,EG,"Egypt, Arab Rep.","Middle East, North Africa, Afghanistan & Pakistan",Lower middle income,2003,0.209
EGY,EG,"Egypt, Arab Rep.","Middle East, North Africa, Afghanistan & Pakistan",Lower middle income,2004,0.208
EGY,EG,"Egypt, Arab Rep.","Middle East, North Africa, Afghanistan & Pakistan",Lower middle income,2005,0.21
EGY,EG,"Egypt, Arab Rep.","Middle East, North Africa, Afghanistan & Pakistan",Lower middle income,2006,0.212
EGY,EG,"Egypt, Arab Rep.","Middle East, North Africa, Afghanistan & Pakistan",Lower middle income,2007,0.212
EGY,EG,"Egypt, Arab Rep.","Middle East, North Africa, Afghanistan & Pakistan",Lower middle income,2008,0.212
EGY,EG,"Egypt, Arab Rep.","Middle East, North Africa, Afghanistan & Pakistan",Lower middle income,2009,0.211
EGY,EG,"Egypt, Arab Rep.","Middle East, North Africa, Afghanistan & Pakistan",Lower middle income,2010,0.212
EGY,EG,"Egypt, Arab Rep.","Middle East, North Africa, Afghanistan & Pakistan",Lower middle income,2011,0.204
EGY,EG,"Egypt, Arab Rep.","Middle East, North Africa, Afghanistan & Pakistan",Lower middle income,2012,0.298
EGY,EG,"Egypt, Arab Rep.","Middle East, North Africa, Afghanistan & Pakistan",Lower middle income,2013,0.187
EGY,EG,"Egypt, Arab Rep.","Middle East, North Africa, Afghanistan & Pakistan",Lower middle income,2014,0.137
EGY,EG,"Egypt, Arab Rep.","Middle East, North Africa, Afghanistan & Pakistan",Lower middle income,2015,0.156
EGY,EG,"Egypt, Arab Rep.","Middle East, North Africa, Afghanistan & Pakistan",Lower middle income,2016,0.178
EGY,EG,"Egypt, Arab Rep.","Middle East, North Africa, Afghanistan & Pakistan",Lower middle income,2017,0.178
EGY,EG,"Egypt, Arab Rep.","Middle East, North Africa, Afghanistan & Pakistan",Lower middle income,2018,0.176
EGY,EG,"Egypt, Arab Rep.","Middle East, North Africa, Afghanistan & Pakistan",Lower middle income,2019,0.174
EGY,EG,"Egypt, Arab Rep.","Middle East, North Africa, Afghanistan & Pakistan",Lower middle income,2020,0.176
EGY,EG,"Egypt, Arab Rep.","Middle East, North Africa, Afghanistan & Pakistan",Lower middle income,2021,0.18
EGY,EG,"Egypt, Arab Rep.","Middle East, North Africa, Afghanistan & Pakistan",Lower middle income,2022,0.183
EGY,EG,"Egypt, Arab Rep.","Middle East, North Africa, Afghanistan & Pakistan",Lower middle income,2023,0.187
EGY,EG,"Egypt, Arab Rep.","Middle East, North Africa, Afghanistan & Pakistan",Lower middle income,2024,0.186
ERI,ER,Eritrea,Sub-Saharan Africa,Low income,2000,0.12
ERI,ER,Eritrea,Sub-Saharan Africa,Low income,2001,0.103
ERI,ER,Eritrea,Sub-Saharan Africa,Low income,2002,0.084
ERI,ER,Eritrea,Sub-Saharan Africa,Low income,2003,0.067
ERI,ER,Eritrea,Sub-Saharan Africa,Low income,2004,0.067
ERI,ER,Eritrea,Sub-Saharan Africa,Low income,2005,0.067
ERI,ER,Eritrea,Sub-Saharan Africa,Low income,2006,0.067
ERI,ER,Eritrea,Sub-Saharan Africa,Low income,2007,0.067
ERI,ER,Eritrea,Sub-Saharan Africa,Low income,2008,0.067
ERI,ER,Eritrea,Sub-Saharan Africa,Low income,2009,0.068
ERI,ER,Eritrea,Sub-Saharan Africa,Low income,2010,0.068
ERI,ER,Eritrea,Sub-Saharan Africa,Low income,2011,0.068
ERI,ER,Eritrea,Sub-Saharan Africa,Low income,2012,0.067
ERI,ER,Eritrea,Sub-Saharan Africa,Low income,2013,0.07
ERI,ER,Eritrea,Sub-Saharan Africa,Low income,2014,0.07
ERI,ER,Eritrea,Sub-Saharan Africa,Low income,2015,0.069
ERI,ER,Eritrea,Sub-Saharan Africa,Low income,2016,0.069
ERI,ER,Eritrea,Sub-Saharan Africa,Low income,2017,0.069
ERI,ER,Eritrea,Sub-Saharan Africa,Low income,2018,0.068
ERI,ER,Eritrea,Sub-Saharan Africa,Low income,2019,0.07
ERI,ER,Eritrea,Sub-Saharan Africa,Low income,2020,0.069
ERI,ER,Eritrea,Sub-Saharan Africa,Low income,2021,0.071
ERI,ER,Eritrea,Sub-Saharan Africa,Low income,2022,0.071
ERI,ER,Eritrea,Sub-Saharan Africa,Low income,2023,0.068
ERI,ER,Eritrea,Sub-Saharan Africa,Low income,2024,0.069
ESP,ES,Spain,Europe & Central Asia,High income,2000,0.893
ESP,ES,Spain,Europe & Central Asia,High income,2001,0.893
ESP,ES,Spain,Europe & Central Asia,High income,2002,0.893
ESP,ES,Spain,Europe & Central Asia,High income,2003,0.875
ESP,ES,Spain,Europe & Central Asia,High income,2004,0.875
ESP,ES,Spain,Europe & Central Asia,High income,2005,0.879
ESP,ES,Spain,Europe & Central Asia,High income,2006,0.879
ESP,ES,Spain,Europe & Central Asia,High income,2007,0.876
ESP,ES,Spain,Europe & Central Asia,High income,2008,0.886
ESP,ES,Spain,Europe & Central Asia,High income,2009,0.888
ESP,ES,Spain,Europe & Central Asia,High income,2010,0.892
ESP,ES,Spain,Europe & Central Asia,High income,2011,0.893
ESP,ES,Spain,Europe & Central Asia,High income,2012,0.889
ESP,ES,Spain,Europe & Central Asia,High income,2013,0.875
ESP,ES,Spain,Europe & Central Asia,High income,2014,0.871
ESP,ES,Spain,Europe & Central Asia,High income,2015,0.856
ESP,ES,Spain,Europe & Central Asia,High income,2016,0.847
ESP,ES,Spain,Europe & Central Asia,High income,2017,0.835
ESP,ES,Spain,Europe & Central Asia,High income,2018,0.851
ESP,ES,Spain,Europe & Central Asia,High income,2019,0.871
ESP,ES,Spain,Europe & Central Asia,High income,2020,0.874
ESP,ES,Spain,Europe & Central Asia,High income,2021,0.85
ESP,ES,Spain,Europe & Central Asia,High income,2022,0.867
ESP,ES,Spain,Europe & Central Asia,High income,2023,0.846
ESP,ES,Spain,Europe & Central Asia,High income,2024,0.826
EST,EE,Estonia,Europe & Central Asia,High income,2000,0.869
EST,EE,Estonia,Europe & Central Asia,High income,2001,0.869
EST,EE,Estonia,Europe & Central Asia,High income,2002,0.871
EST,EE,Estonia,Europe & Central Asia,High income,2003,0.868
EST,EE,Estonia,Europe & Central Asia,High income,2004,0.871
EST,EE,Estonia,Europe & Central Asia,High income,2005,0.871
EST,EE,Estonia,Europe & Central Asia,High income,2006,0.871
EST,EE,Estonia,Europe & Central Asia,High income,2007,0.871
EST,EE,Estonia,Europe & Central Asia,High income,2008,0.871
EST,EE,Estonia,Europe & Central Asia,High income,2009,0.874
EST,EE,Estonia,Europe & Central Asia,High income,2010,0.88
EST,EE,Estonia,Europe & Central Asia,High income,2011,0.883
EST,EE,Estonia,Europe & Central Asia,High income,2012,0.883
EST,EE,Estonia,Europe & Central Asia,High income,2013,0.883
EST,EE,Estonia,Europe & Central Asia,High income,2014,0.888
EST,EE,Estonia,Europe & Central Asia,High income,2015,0.894
EST,EE,Estonia,Europe & Central Asia,High income,2016,0.907
EST,EE,Estonia,Europe & Central Asia,High income,2017,0.907
EST,EE,Estonia,Europe & Central Asia,High income,2018,0.906
EST,EE,Estonia,Europe & Central Asia,High income,2019,0.898
EST,EE,Estonia,Europe & Central Asia,High income,2020,0.897
EST,EE,Estonia,Europe & Central Asia,High income,2021,0.9
EST,EE,Estonia,Europe & Central Asia,High income,2022,0.896
EST,EE,Estonia,Europe & Central Asia,High income,2023,0.893
EST,EE,Estonia,Europe & Central Asia,High income,2024,0.893
ETH,ET,Ethiopia,Sub-Saharan Africa,Low income,2000,0.241
ETH,ET,Ethiopia,Sub-Saharan Africa,Low income,2001,0.241
ETH,ET,Ethiopia,Sub-Saharan Africa,Low income,2002,0.242
ETH,ET,Ethiopia,Sub-Saharan Africa,Low income,2003,0.242
ETH,ET,Ethiopia,Sub-Saharan Africa,Low income,2004,0.241
ETH,ET,Ethiopia,Sub-Saharan Africa,Low income,2005,0.256
ETH,ET,Ethiopia,Sub-Saharan Africa,Low income,2006,0.241
ETH,ET,Ethiopia,Sub-Saharan Africa,Low income,2007,0.244
ETH,ET,Ethiopia,Sub-Saharan Africa,Low income,2008,0.244
ETH,ET,Ethiopia,Sub-Saharan Africa,Low income,2009,0.244
ETH,ET,Ethiopia,Sub-Saharan Africa,Low income,2010,0.229
ETH,ET,Ethiopia,Sub-Saharan Africa,Low income,2011,0.223
ETH,ET,Ethiopia,Sub-Saharan Africa,Low income,2012,0.225
ETH,ET,Ethiopia,Sub-Saharan Africa,Low income,2013,0.223
ETH,ET,Ethiopia,Sub-Saharan Africa,Low income,2014,0.227
ETH,ET,Ethiopia,Sub-Saharan Africa,Low income,2015,0.228
ETH,ET,Ethiopia,Sub-Saharan Africa,Low income,2016,0.226
ETH,ET,Ethiopia,Sub-Saharan Africa,Low income,2017,0.228
ETH,ET,Ethiopia,Sub-Saharan Africa,Low income,2018,0.271
ETH,ET,Ethiopia,Sub-Saharan Africa,Low income,2019,0.329
ETH,ET,Ethiopia,Sub-Saharan Africa,Low income,2020,0.32
ETH,ET,Ethiopia,Sub-Saharan Africa,Low income,2021,0.29
ETH,ET,Ethiopia,Sub-Saharan Africa,Low income,2022,0.3
ETH,ET,Ethiopia,Sub-Saharan Africa,Low income,2023,0.279
ETH,ET,Ethiopia,Sub-Saharan Africa,Low income,2024,0.26
FIN,FI,Finland,Europe & Central Asia,High income,2000,0.873
FIN,FI,Finland,Europe & Central Asia,High income,2001,0.873
FIN,FI,Finland,Europe & Central Asia,High income,2002,0.873
FIN,FI,Finland,Europe & Central Asia,High income,2003,0.871
FIN,FI,Finland,Europe & Central Asia,High income,2004,0.871
FIN,FI,Finland,Europe & Central Asia,High income,2005,0.871
FIN,FI,Finland,Europe & Central Asia,High income,2006,0.88
FIN,FI,Finland,Europe & Central Asia,High income,2007,0.881
FIN,FI,Finland,Europe & Central Asia,High income,2008,0.881
FIN,FI,Finland,Europe & Central Asia,High income,2009,0.881
FIN,FI,Finland,Europe & Central Asia,High income,2010,0.881
FIN,FI,Finland,Europe & Central Asia,High income,2011,0.884
FIN,FI,Finland,Europe & Central Asia,High income,2012,0.885
FIN,FI,Finland,Europe & Central Asia,High income,2013,0.891
FIN,FI,Finland,Europe & Central Asia,High income,2014,0.891
FIN,FI,Finland,Europe & Central Asia,High income,2015,0.869
FIN,FI,Finland,Europe & Central Asia,High income,2016,0.869
FIN,FI,Finland,Europe & Central Asia,High income,2017,0.873
FIN,FI,Finland,Europe & Central Asia,High income,2018,0.884
FIN,FI,Finland,Europe & Central Asia,High income,2019,0.881
FIN,FI,Finland,Europe & Central Asia,High income,2020,0.88
FIN,FI,Finland,Europe & Central Asia,High income,2021,0.871
FIN,FI,Finland,Europe & Central Asia,High income,2022,0.869
FIN,FI,Finland,Europe & Central Asia,High income,2023,0.853
FIN,FI,Finland,Europe & Central Asia,High income,2024,0.827
FJI,FJ,Fiji,East Asia & Pacific,Upper middle income,2000,0.344
FJI,FJ,Fiji,East Asia & Pacific,Upper middle income,2001,0.256
FJI,FJ,Fiji,East Asia & Pacific,Upper middle income,2002,0.317
FJI,FJ,Fiji,East Asia & Pacific,Upper middle income,2003,0.53
FJI,FJ,Fiji,East Asia & Pacific,Upper middle income,2004,0.53
FJI,FJ,Fiji,East Asia & Pacific,Upper middle income,2005,0.53
FJI,FJ,Fiji,East Asia & Pacific,Upper middle income,2006,0.395
FJI,FJ,Fiji,East Asia & Pacific,Upper middle income,2007,0.134
FJI,FJ,Fiji,East Asia & Pacific,Upper middle income,2008,0.131
FJI,FJ,Fiji,East Asia & Pacific,Upper middle income,2009,0.129
FJI,FJ,Fiji,East Asia & Pacific,Upper middle income,2010,0.131
FJI,FJ,Fiji,East Asia & Pacific,Upper middle income,2011,0.131
FJI,FJ,Fiji,East Asia & Pacific,Upper middle income,2012,0.135
FJI,FJ,Fiji,East Asia & Pacific,Upper middle income,2013,0.14
FJI,FJ,Fiji,East Asia & Pacific,Upper middle income,2014,0.196
FJI,FJ,Fiji,East Asia & Pacific,Upper middle income,2015,0.385
FJI,FJ,Fiji,East Asia & Pacific,Upper middle income,2016,0.397
FJI,FJ,Fiji,East Asia & Pacific,Upper middle income,2017,0.4
FJI,FJ,Fiji,East Asia & Pacific,Upper middle income,2018,0.403
FJI,FJ,Fiji,East Asia & Pacific,Upper middle income,2019,0.391
FJI,FJ,Fiji,East Asia & Pacific,Upper middle income,2020,0.411
FJI,FJ,Fiji,East Asia & Pacific,Upper middle income,2021,0.4
FJI,FJ,Fiji,East Asia & Pacific,Upper middle income,2022,0.398
FJI,FJ,Fiji,East Asia & Pacific,Upper middle income,2023,0.509
FJI,FJ,Fiji,East Asia & Pacific,Upper middle income,2024,0.514
FRA,FR,France,Europe & Central Asia,High income,2000,0.873
FRA,FR,France,Europe & Central Asia,High income,2001,0.873
FRA,FR,France,Europe & Central Asia,High income,2002,0.874
FRA,FR,France,Europe & Central Asia,High income,2003,0.874
FRA,FR,France,Europe & Central Asia,High income,2004,0.874
FRA,FR,France,Europe & Central Asia,High income,2005,0.874
FRA,FR,France,Europe & Central Asia,High income,2006,0.874
FRA,FR,France,Europe & Central Asia,High income,2007,0.877
FRA,FR,France,Europe & Central Asia,High income,2008,0.885
FRA,FR,France,Europe & Central Asia,High income,2009,0.885
FRA,FR,France,Europe & Central Asia,High income,2010,0.885
FRA,FR,France,Europe & Central Asia,High income,2011,0.887
FRA,FR,France,Europe & Central Asia,High income,2012,0.89
FRA,FR,France,Europe & Central Asia,High income,2013,0.89
FRA,FR,France,Europe & Central Asia,High income,2014,0.889
FRA,FR,France,Europe & Central Asia,High income,2015,0.883
FRA,FR,France,Europe & Central Asia,High income,2016,0.883
FRA,FR,France,Europe & Central Asia,High income,2017,0.886
FRA,FR,France,Europe & Central Asia,High income,2018,0.874
FRA,FR,France,Europe & Central Asia,High income,2019,0.866
FRA,FR,France,Europe & Central Asia,High income,2020,0.866
FRA,FR,France,Europe & Central Asia,High income,2021,0.868
FRA,FR,France,Europe & Central Asia,High income,2022,0.875
FRA,FR,France,Europe & Central Asia,High income,2023,0.871
FRA,FR,France,Europe & Central Asia,High income,2024,0.864
FRO,FO,Faroe Islands,Europe & Central Asia,High income,2000,
FRO,FO,Faroe Islands,Europe & Central Asia,High income,2001,
FRO,FO,Faroe Islands,Europe & Central Asia,High income,2002,
FRO,FO,Faroe Islands,Europe & Central Asia,High income,2003,
FRO,FO,Faroe Islands,Europe & Central Asia,High income,2004,
FRO,FO,Faroe Islands,Europe & Central Asia,High income,2005,
FRO,FO,Faroe Islands,Europe & Central Asia,High income,2006,
FRO,FO,Faroe Islands,Europe & Central Asia,High income,2007,
FRO,FO,Faroe Islands,Europe & Central Asia,High income,2008,
FRO,FO,Faroe Islands,Europe & Central Asia,High income,2009,
FRO,FO,Faroe Islands,Europe & Central Asia,High income,2010,
FRO,FO,Faroe Islands,Europe & Central Asia,High income,2011,
FRO,FO,Faroe Islands,Europe & Central Asia,High income,2012,
FRO,FO,Faroe Islands,Europe & Central Asia,High income,2013,
FRO,FO,Faroe Islands,Europe & Central Asia,High income,2014,
FRO,FO,Faroe Islands,Europe & Central Asia,High income,2015,
FRO,FO,Faroe Islands,Europe & Central Asia,High income,2016,
FRO,FO,Faroe Islands,Europe & Central Asia,High income,2017,
FRO,FO,Faroe Islands,Europe & Central Asia,High income,2018,
FRO,FO,Faroe Islands,Europe & Central Asia,High income,2019,
FRO,FO,Faroe Islands,Europe & Central Asia,High income,2020,
FRO,FO,Faroe Islands,Europe & Central Asia,High income,2021,
FRO,FO,Faroe Islands,Europe & Central Asia,High income,2022,
FRO,FO,Faroe Islands,Europe & Central Asia,High income,2023,
FRO,FO,Faroe Islands,Europe & Central Asia,High income,2024,
FSM,FM,"Micronesia, Fed. Sts.",East Asia & Pacific,Upper middle income,2000,
FSM,FM,"Micronesia, Fed. Sts.",East Asia & Pacific,Upper middle income,2001,
FSM,FM,"Micronesia, Fed. Sts.",East Asia & Pacific,Upper middle income,2002,
FSM,FM,"Micronesia, Fed. Sts.",East Asia & Pacific,Upper middle income,2003,
FSM,FM,"Micronesia, Fed. Sts.",East Asia & Pacific,Upper middle income,2004,
FSM,FM,"Micronesia, Fed. Sts.",East Asia & Pacific,Upper middle income,2005,
FSM,FM,"Micronesia, Fed. Sts.",East Asia & Pacific,Upper middle income,2006,
FSM,FM,"Micronesia, Fed. Sts.",East Asia & Pacific,Upper middle income,2007,
FSM,FM,"Micronesia, Fed. Sts.",East Asia & Pacific,Upper middle income,2008,
FSM,FM,"Micronesia, Fed. Sts.",East Asia & Pacific,Upper middle income,2009,
FSM,FM,"Micronesia, Fed. Sts.",East Asia & Pacific,Upper middle income,2010,
FSM,FM,"Micronesia, Fed. Sts.",East Asia & Pacific,Upper middle income,2011,
FSM,FM,"Micronesia, Fed. Sts.",East Asia & Pacific,Upper middle income,2012,
FSM,FM,"Micronesia, Fed. Sts.",East Asia & Pacific,Upper middle income,2013,
FSM,FM,"Micronesia, Fed. Sts.",East Asia & Pacific,Upper middle income,2014,
FSM,FM,"Micronesia, Fed. Sts.",East Asia & Pacific,Upper middle income,2015,
FSM,FM,"Micronesia, Fed. Sts.",East Asia & Pacific,Upper middle income,2016,
FSM,FM,"Micronesia, Fed. Sts.",East Asia & Pacific,Upper middle income,2017,
FSM,FM,"Micronesia, Fed. Sts.",East Asia & Pacific,Upper middle income,2018,
FSM,FM,"Micronesia, Fed. Sts.",East Asia & Pacific,Upper middle income,2019,
FSM,FM,"Micronesia, Fed. Sts.",East Asia & Pacific,Upper middle income,2020,
FSM,FM,"Micronesia, Fed. Sts.",East Asia & Pacific,Upper middle income,2021,
FSM,FM,"Micronesia, Fed. Sts.",East Asia & Pacific,Upper middle income,2022,
FSM,FM,"Micronesia, Fed. Sts.",East Asia & Pacific,Upper middle income,2023,
FSM,FM,"Micronesia, Fed. Sts.",East Asia & Pacific,Upper middle income,2024,
GAB,GA,Gabon,Sub-Saharan Africa,Upper middle income,2000,0.337
GAB,GA,Gabon,Sub-Saharan Africa,Upper middle income,2001,0.342
GAB,GA,Gabon,Sub-Saharan Africa,Upper middle income,2002,0.344
GAB,GA,Gabon,Sub-Saharan Africa,Upper middle income,2003,0.344
GAB,GA,Gabon,Sub-Saharan Africa,Upper middle income,2004,0.344
GAB,GA,Gabon,Sub-Saharan Africa,Upper middle income,2005,0.346
GAB,GA,Gabon,Sub-Saharan Africa,Upper middle income,2006,0.353
GAB,GA,Gabon,Sub-Saharan Africa,Upper middle income,2007,0.351
GAB,GA,Gabon,Sub-Saharan Africa,Upper middle income,2008,0.351
GAB,GA,Gabon,Sub-Saharan Africa,Upper middle income,2009,0.35
GAB,GA,Gabon,Sub-Saharan Africa,Upper middle income,2010,0.37
GAB,GA,Gabon,Sub-Saharan Africa,Upper middle income,2011,0.37
GAB,GA,Gabon,Sub-Saharan Africa,Upper middle income,2012,0.359
GAB,GA,Gabon,Sub-Saharan Africa,Upper middle income,2013,0.375
GAB,GA,Gabon,Sub-Saharan Africa,Upper middle income,2014,0.375
GAB,GA,Gabon,Sub-Saharan Africa,Upper middle income,2015,0.375
GAB,GA,Gabon,Sub-Saharan Africa,Upper middle income,2016,0.378
GAB,GA,Gabon,Sub-Saharan Africa,Upper middle income,2017,0.398
GAB,GA,Gabon,Sub-Saharan Africa,Upper middle income,2018,0.386
GAB,GA,Gabon,Sub-Saharan Africa,Upper middle income,2019,0.377
GAB,GA,Gabon,Sub-Saharan Africa,Upper middle income,2020,0.368
GAB,GA,Gabon,Sub-Saharan Africa,Upper middle income,2021,0.368
GAB,GA,Gabon,Sub-Saharan Africa,Upper middle income,2022,0.362
GAB,GA,Gabon,Sub-Saharan Africa,Upper middle income,2023,0.325
GAB,GA,Gabon,Sub-Saharan Africa,Upper middle income,2024,0.227
GBR,GB,United Kingdom,Europe & Central Asia,High income,2000,0.848
GBR,GB,United Kingdom,Europe & Central Asia,High income,2001,0.856
GBR,GB,United Kingdom,Europe & Central Asia,High income,2002,0.857
GBR,GB,United Kingdom,Europe & Central Asia,High income,2003,0.857
GBR,GB,United Kingdom,Europe & Central Asia,High income,2004,0.857
GBR,GB,United Kingdom,Europe & Central Asia,High income,2005,0.863
GBR,GB,United Kingdom,Europe & Central Asia,High income,2006,0.87
GBR,GB,United Kingdom,Europe & Central Asia,High income,2007,0.87
GBR,GB,United Kingdom,Europe & Central Asia,High income,2008,0.87
GBR,GB,United Kingdom,Europe & Central Asia,High income,2009,0.87
GBR,GB,United Kingdom,Europe & Central Asia,High income,2010,0.866
GBR,GB,United Kingdom,Europe & Central Asia,High income,2011,0.865
GBR,GB,United Kingdom,Europe & Central Asia,High income,2012,0.868
GBR,GB,United Kingdom,Europe & Central Asia,High income,2013,0.864
GBR,GB,United Kingdom,Europe & Central Asia,High income,2014,0.861
GBR,GB,United Kingdom,Europe & Central Asia,High income,2015,0.855
GBR,GB,United Kingdom,Europe & Central Asia,High income,2016,0.854
GBR,GB,United Kingdom,Europe & Central Asia,High income,2017,0.865
GBR,GB,United Kingdom,Europe & Central Asia,High income,2018,0.875
GBR,GB,United Kingdom,Europe & Central Asia,High income,2019,0.854
GBR,GB,United Kingdom,Europe & Central Asia,High income,2020,0.871
GBR,GB,United Kingdom,Europe & Central Asia,High income,2021,0.857
GBR,GB,United Kingdom,Europe & Central Asia,High income,2022,0.844
GBR,GB,United Kingdom,Europe & Central Asia,High income,2023,0.852
GBR,GB,United Kingdom,Europe & Central Asia,High income,2024,0.832
GEO,GE,Georgia,Europe & Central Asia,Upper middle income,2000,0.374
GEO,GE,Georgia,Europe & Central Asia,Upper middle income,2001,0.382
GEO,GE,Georgia,Europe & Central Asia,Upper middle income,2002,0.379
GEO,GE,Georgia,Europe & Central Asia,Upper middle income,2003,0.384
GEO,GE,Georgia,Europe & Central Asia,Upper middle income,2004,0.548
GEO,GE,Georgia,Europe & Central Asia,Upper middle income,2005,0.547
GEO,GE,Georgia,Europe & Central Asia,Upper middle income,2006,0.548
GEO,GE,Georgia,Europe & Central Asia,Upper middle income,2007,0.539
GEO,GE,Georgia,Europe & Central Asia,Upper middle income,2008,0.495
GEO,GE,Georgia,Europe & Central Asia,Upper middle income,2009,0.491
GEO,GE,Georgia,Europe & Central Asia,Upper middle income,2010,0.496
GEO,GE,Georgia,Europe & Central Asia,Upper middle income,2011,0.5
GEO,GE,Georgia,Europe & Central Asia,Upper middle income,2012,0.519
GEO,GE,Georgia,Europe & Central Asia,Upper middle income,2013,0.623
GEO,GE,Georgia,Europe & Central Asia,Upper middle income,2014,0.675
GEO,GE,Georgia,Europe & Central Asia,Upper middle income,2015,0.668
GEO,GE,Georgia,Europe & Central Asia,Upper middle income,2016,0.685
GEO,GE,Georgia,Europe & Central Asia,Upper middle income,2017,0.669
GEO,GE,Georgia,Europe & Central Asia,Upper middle income,2018,0.663
GEO,GE,Georgia,Europe & Central Asia,Upper middle income,2019,0.627
GEO,GE,Georgia,Europe & Central Asia,Upper middle income,2020,0.616
GEO,GE,Georgia,Europe & Central Asia,Upper middle income,2021,0.604
GEO,GE,Georgia,Europe & Central Asia,Upper middle income,2022,0.607
GEO,GE,Georgia,Europe & Central Asia,Upper middle income,2023,0.591
GEO,GE,Georgia,Europe & Central Asia,Upper middle income,2024,0.48
GHA,GH,Ghana,Sub-Saharan Africa,Lower middle income,2000,0.664
GHA,GH,Ghana,Sub-Saharan Africa,Lower middle income,2001,0.721
GHA,GH,Ghana,Sub-Saharan Africa,Lower middle income,2002,0.731
GHA,GH,Ghana,Sub-Saharan Africa,Lower middle income,2003,0.731
GHA,GH,Ghana,Sub-Saharan Africa,Lower middle income,2004,0.734
GHA,GH,Ghana,Sub-Saharan Africa,Lower middle income,2005,0.73
GHA,GH,Ghana,Sub-Saharan Africa,Lower middle income,2006,0.73
GHA,GH,Ghana,Sub-Saharan Africa,Lower middle income,2007,0.736
GHA,GH,Ghana,Sub-Saharan Africa,Lower middle income,2008,0.732
GHA,GH,Ghana,Sub-Saharan Africa,Lower middle income,2009,0.755
GHA,GH,Ghana,Sub-Saharan Africa,Lower middle income,2010,0.761
GHA,GH,Ghana,Sub-Saharan Africa,Lower middle income,2011,0.761
GHA,GH,Ghana,Sub-Saharan Africa,Lower middle income,2012,0.771
GHA,GH,Ghana,Sub-Saharan Africa,Lower middle income,2013,0.75
GHA,GH,Ghana,Sub-Saharan Africa,Lower middle income,2014,0.746
GHA,GH,Ghana,Sub-Saharan Africa,Lower middle income,2015,0.739
GHA,GH,Ghana,Sub-Saharan Africa,Lower middle income,2016,0.725
GHA,GH,Ghana,Sub-Saharan Africa,Lower middle income,2017,0.739
GHA,GH,Ghana,Sub-Saharan Africa,Lower middle income,2018,0.735
GHA,GH,Ghana,Sub-Saharan Africa,Lower middle income,2019,0.718
GHA,GH,Ghana,Sub-Saharan Africa,Lower middle income,2020,0.718
GHA,GH,Ghana,Sub-Saharan Africa,Lower middle income,2021,0.659
GHA,GH,Ghana,Sub-Saharan Africa,Lower middle income,2022,0.663
GHA,GH,Ghana,Sub-Saharan Africa,Lower middle income,2023,0.657
GHA,GH,Ghana,Sub-Saharan Africa,Lower middle income,2024,0.665
GIB,GI,Gibraltar,Europe & Central Asia,High income,2000,
GIB,GI,Gibraltar,Europe & Central Asia,High income,2001,
GIB,GI,Gibraltar,Europe & Central Asia,High income,2002,
GIB,GI,Gibraltar,Europe & Central Asia,High income,2003,
GIB,GI,Gibraltar,Europe & Central Asia,High income,2004,
GIB,GI,Gibraltar,Europe & Central Asia,High income,2005,
GIB,GI,Gibraltar,Europe & Central Asia,High income,2006,
GIB,GI,Gibraltar,Europe & Central Asia,High income,2007,
GIB,GI,Gibraltar,Europe & Central Asia,High income,2008,
GIB,GI,Gibraltar,Europe & Central Asia,High income,2009,
GIB,GI,Gibraltar,Europe & Central Asia,High income,2010,
GIB,GI,Gibraltar,Europe & Central Asia,High income,2011,
GIB,GI,Gibraltar,Europe & Central Asia,High income,2012,
GIB,GI,Gibraltar,Europe & Central Asia,High income,2013,
GIB,GI,Gibraltar,Europe & Central Asia,High income,2014,
GIB,GI,Gibraltar,Europe & Central Asia,High income,2015,
GIB,GI,Gibraltar,Europe & Central Asia,High income,2016,
GIB,GI,Gibraltar,Europe & Central Asia,High income,2017,
GIB,GI,Gibraltar,Europe & Central Asia,High income,2018,
GIB,GI,Gibraltar,Europe & Central Asia,High income,2019,
GIB,GI,Gibraltar,Europe & Central Asia,High income,2020,
GIB,GI,Gibraltar,Europe & Central Asia,High income,2021,
GIB,GI,Gibraltar,Europe & Central Asia,High income,2022,
GIB,GI,Gibraltar,Europe & Central Asia,High income,2023,
GIB,GI,Gibraltar,Europe & Central Asia,High income,2024,
GIN,GN,Guinea,Sub-Saharan Africa,Lower middle income,2000,0.272
GIN,GN,Guinea,Sub-Saharan Africa,Lower middle income,2001,0.277
GIN,GN,Guinea,Sub-Saharan Africa,Lower middle income,2002,0.273
GIN,GN,Guinea,Sub-Saharan Africa,Lower middle income,2003,0.277
GIN,GN,Guinea,Sub-Saharan Africa,Lower middle income,2004,0.274
GIN,GN,Guinea,Sub-Saharan Africa,Lower middle income,2005,0.274
GIN,GN,Guinea,Sub-Saharan Africa,Lower middle income,2006,0.271
GIN,GN,Guinea,Sub-Saharan Africa,Lower middle income,2007,0.271
GIN,GN,Guinea,Sub-Saharan Africa,Lower middle income,2008,0.271
GIN,GN,Guinea,Sub-Saharan Africa,Lower middle income,2009,0.177
GIN,GN,Guinea,Sub-Saharan Africa,Lower middle income,2010,0.236
GIN,GN,Guinea,Sub-Saharan Africa,Lower middle income,2011,0.318
GIN,GN,Guinea,Sub-Saharan Africa,Lower middle income,2012,0.318
GIN,GN,Guinea,Sub-Saharan Africa,Lower middle income,2013,0.322
GIN,GN,Guinea,Sub-Saharan Africa,Lower middle income,2014,0.375
GIN,GN,Guinea,Sub-Saharan Africa,Lower middle income,2015,0.375
GIN,GN,Guinea,Sub-Saharan Africa,Lower middle income,2016,0.377
GIN,GN,Guinea,Sub-Saharan Africa,Lower middle income,2017,0.369
GIN,GN,Guinea,Sub-Saharan Africa,Lower middle income,2018,0.373
GIN,GN,Guinea,Sub-Saharan Africa,Lower middle income,2019,0.36
GIN,GN,Guinea,Sub-Saharan Africa,Lower middle income,2020,0.295
GIN,GN,Guinea,Sub-Saharan Africa,Lower middle income,2021,0.258
GIN,GN,Guinea,Sub-Saharan Africa,Lower middle income,2022,0.172
GIN,GN,Guinea,Sub-Saharan Africa,Lower middle income,2023,0.169
GIN,GN,Guinea,Sub-Saharan Africa,Lower middle income,2024,0.159
GMB,GM,"Gambia, The",Sub-Saharan Africa,Low income,2000,0.255
GMB,GM,"Gambia, The",Sub-Saharan Africa,Low income,2001,0.258
GMB,GM,"Gambia, The",Sub-Saharan Africa,Low income,2002,0.256
GMB,GM,"Gambia, The",Sub-Saharan Africa,Low income,2003,0.257
GMB,GM,"Gambia, The",Sub-Saharan Africa,Low income,2004,0.257
GMB,GM,"Gambia, The",Sub-Saharan Africa,Low income,2005,0.257
GMB,GM,"Gambia, The",Sub-Saharan Africa,Low income,2006,0.251
GMB,GM,"Gambia, The",Sub-Saharan Africa,Low income,2007,0.243
GMB,GM,"Gambia, The",Sub-Saharan Africa,Low income,2008,0.243
GMB,GM,"Gambia, The",Sub-Saharan Africa,Low income,2009,0.243
GMB,GM,"Gambia, The",Sub-Saharan Africa,Low income,2010,0.244
GMB,GM,"Gambia, The",Sub-Saharan Africa,Low income,2011,0.244
GMB,GM,"Gambia, The",Sub-Saharan Africa,Low income,2012,0.243
GMB,GM,"Gambia, The",Sub-Saharan Africa,Low income,2013,0.241
GMB,GM,"Gambia, The",Sub-Saharan Africa,Low income,2014,0.244
GMB,GM,"Gambia, The",Sub-Saharan Africa,Low income,2015,0.244
GMB,GM,"Gambia, The",Sub-Saharan Africa,Low income,2016,0.25
GMB,GM,"Gambia, The",Sub-Saharan Africa,Low income,2017,0.498
GMB,GM,"Gambia, The",Sub-Saharan Africa,Low income,2018,0.538
GMB,GM,"Gambia, The",Sub-Saharan Africa,Low income,2019,0.524
GMB,GM,"Gambia, The",Sub-Saharan Africa,Low income,2020,0.496
GMB,GM,"Gambia, The",Sub-Saharan Africa,Low income,2021,0.507
GMB,GM,"Gambia, The",Sub-Saharan Africa,Low income,2022,0.621
GMB,GM,"Gambia, The",Sub-Saharan Africa,Low income,2023,0.635
GMB,GM,"Gambia, The",Sub-Saharan Africa,Low income,2024,0.63
GNB,GW,Guinea-Bissau,Sub-Saharan Africa,Low income,2000,0.424
GNB,GW,Guinea-Bissau,Sub-Saharan Africa,Low income,2001,0.428
GNB,GW,Guinea-Bissau,Sub-Saharan Africa,Low income,2002,0.434
GNB,GW,Guinea-Bissau,Sub-Saharan Africa,Low income,2003,0.376
GNB,GW,Guinea-Bissau,Sub-Saharan Africa,Low income,2004,0.377
GNB,GW,Guinea-Bissau,Sub-Saharan Africa,Low income,2005,0.451
GNB,GW,Guinea-Bissau,Sub-Saharan Africa,Low income,2006,0.446
GNB,GW,Guinea-Bissau,Sub-Saharan Africa,Low income,2007,0.446
GNB,GW,Guinea-Bissau,Sub-Saharan Africa,Low income,2008,0.402
GNB,GW,Guinea-Bissau,Sub-Saharan Africa,Low income,2009,0.452
GNB,GW,Guinea-Bissau,Sub-Saharan Africa,Low income,2010,0.448
GNB,GW,Guinea-Bissau,Sub-Saharan Africa,Low income,2011,0.449
GNB,GW,Guinea-Bissau,Sub-Saharan Africa,Low income,2012,0.328
GNB,GW,Guinea-Bissau,Sub-Saharan Africa,Low income,2013,0.288
GNB,GW,Guinea-Bissau,Sub-Saharan Africa,Low income,2014,0.439
GNB,GW,Guinea-Bissau,Sub-Saharan Africa,Low income,2015,0.501
GNB,GW,Guinea-Bissau,Sub-Saharan Africa,Low income,2016,0.5
GNB,GW,Guinea-Bissau,Sub-Saharan Africa,Low income,2017,0.49
GNB,GW,Guinea-Bissau,Sub-Saharan Africa,Low income,2018,0.51
GNB,GW,Guinea-Bissau,Sub-Saharan Africa,Low income,2019,0.529
GNB,GW,Guinea-Bissau,Sub-Saharan Africa,Low income,2020,0.533
GNB,GW,Guinea-Bissau,Sub-Saharan Africa,Low income,2021,0.535
GNB,GW,Guinea-Bissau,Sub-Saharan Africa,Low income,2022,0.377
GNB,GW,Guinea-Bissau,Sub-Saharan Africa,Low income,2023,0.428
GNB,GW,Guinea-Bissau,Sub-Saharan Africa,Low income,2024,0.279
GNQ,GQ,Equatorial Guinea,Sub-Saharan Africa,Upper middle income,2000,0.186
GNQ,GQ,Equatorial Guinea,Sub-Saharan Africa,Upper middle income,2001,0.186
GNQ,GQ,Equatorial Guinea,Sub-Saharan Africa,Upper middle income,2002,0.186
GNQ,GQ,Equatorial Guinea,Sub-Saharan Africa,Upper middle income,2003,0.185
GNQ,GQ,Equatorial Guinea,Sub-Saharan Africa,Upper middle income,2004,0.184
GNQ,GQ,Equatorial Guinea,Sub-Saharan Africa,Upper middle income,2005,0.18
GNQ,GQ,Equatorial Guinea,Sub-Saharan Africa,Upper middle income,2006,0.182
GNQ,GQ,Equatorial Guinea,Sub-Saharan Africa,Upper middle income,2007,0.182
GNQ,GQ,Equatorial Guinea,Sub-Saharan Africa,Upper middle income,2008,0.179
GNQ,GQ,Equatorial Guinea,Sub-Saharan Africa,Upper middle income,2009,0.18
GNQ,GQ,Equatorial Guinea,Sub-Saharan Africa,Upper middle income,2010,0.177
GNQ,GQ,Equatorial Guinea,Sub-Saharan Africa,Upper middle income,2011,0.176
GNQ,GQ,Equatorial Guinea,Sub-Saharan Africa,Upper middle income,2012,0.176
GNQ,GQ,Equatorial Guinea,Sub-Saharan Africa,Upper middle income,2013,0.177
GNQ,GQ,Equatorial Guinea,Sub-Saharan Africa,Upper middle income,2014,0.179
GNQ,GQ,Equatorial Guinea,Sub-Saharan Africa,Upper middle income,2015,0.178
GNQ,GQ,Equatorial Guinea,Sub-Saharan Africa,Upper middle income,2016,0.18
GNQ,GQ,Equatorial Guinea,Sub-Saharan Africa,Upper middle income,2017,0.174
GNQ,GQ,Equatorial Guinea,Sub-Saharan Africa,Upper middle income,2018,0.177
GNQ,GQ,Equatorial Guinea,Sub-Saharan Africa,Upper middle income,2019,0.178
GNQ,GQ,Equatorial Guinea,Sub-Saharan Africa,Upper middle income,2020,0.175
GNQ,GQ,Equatorial Guinea,Sub-Saharan Africa,Upper middle income,2021,0.172
GNQ,GQ,Equatorial Guinea,Sub-Saharan Africa,Upper middle income,2022,0.173
GNQ,GQ,Equatorial Guinea,Sub-Saharan Africa,Upper middle income,2023,0.183
GNQ,GQ,Equatorial Guinea,Sub-Saharan Africa,Upper middle income,2024,0.176
GRC,GR,Greece,Europe & Central Asia,High income,2000,0.882
GRC,GR,Greece,Europe & Central Asia,High income,2001,0.887
GRC,GR,Greece,Europe & Central Asia,High income,2002,0.887
GRC,GR,Greece,Europe & Central Asia,High income,2003,0.887
GRC,GR,Greece,Europe & Central Asia,High income,2004,0.889
GRC,GR,Greece,Europe & Central Asia,High income,2005,0.89
GRC,GR,Greece,Europe & Central Asia,High income,2006,0.89
GRC,GR,Greece,Europe & Central Asia,High income,2007,0.895
GRC,GR,Greece,Europe & Central Asia,High income,2008,0.9
GRC,GR,Greece,Europe & Central Asia,High income,2009,0.901
GRC,GR,Greece,Europe & Central Asia,High income,2010,0.901
GRC,GR,Greece,Europe & Central Asia,High income,2011,0.901
GRC,GR,Greece,Europe & Central Asia,High income,2012,0.897
GRC,GR,Greece,Europe & Central Asia,High income,2013,0.889
GRC,GR,Greece,Europe & Central Asia,High income,2014,0.889
GRC,GR,Greece,Europe & Central Asia,High income,2015,0.88
GRC,GR,Greece,Europe & Central Asia,High income,2016,0.872
GRC,GR,Greece,Europe & Central Asia,High income,2017,0.868
GRC,GR,Greece,Europe & Central Asia,High income,2018,0.859
GRC,GR,Greece,Europe & Central Asia,High income,2019,0.864
GRC,GR,Greece,Europe & Central Asia,High income,2020,0.788
GRC,GR,Greece,Europe & Central Asia,High income,2021,0.76
GRC,GR,Greece,Europe & Central Asia,High income,2022,0.762
GRC,GR,Greece,Europe & Central Asia,High income,2023,0.735
GRC,GR,Greece,Europe & Central Asia,High income,2024,0.744
GRD,GD,Grenada,Latin America & Caribbean,Upper middle income,2000,
GRD,GD,Grenada,Latin America & Caribbean,Upper middle income,2001,
GRD,GD,Grenada,Latin America & Caribbean,Upper middle income,2002,
GRD,GD,Grenada,Latin America & Caribbean,Upper middle income,2003,
GRD,GD,Grenada,Latin America & Caribbean,Upper middle income,2004,
GRD,GD,Grenada,Latin America & Caribbean,Upper middle income,2005,
GRD,GD,Grenada,Latin America & Caribbean,Upper middle income,2006,
GRD,GD,Grenada,Latin America & Caribbean,Upper middle income,2007,
GRD,GD,Grenada,Latin America & Caribbean,Upper middle income,2008,
GRD,GD,Grenada,Latin America & Caribbean,Upper middle income,2009,
GRD,GD,Grenada,Latin America & Caribbean,Upper middle income,2010,
GRD,GD,Grenada,Latin America & Caribbean,Upper middle income,2011,
GRD,GD,Grenada,Latin America & Caribbean,Upper middle income,2012,
GRD,GD,Grenada,Latin America & Caribbean,Upper middle income,2013,
GRD,GD,Grenada,Latin America & Caribbean,Upper middle income,2014,
GRD,GD,Grenada,Latin America & Caribbean,Upper middle income,2015,
GRD,GD,Grenada,Latin America & Caribbean,Upper middle income,2016,
GRD,GD,Grenada,Latin America & Caribbean,Upper middle income,2017,
GRD,GD,Grenada,Latin America & Caribbean,Upper middle income,2018,
GRD,GD,Grenada,Latin America & Caribbean,Upper middle income,2019,
GRD,GD,Grenada,Latin America & Caribbean,Upper middle income,2020,
GRD,GD,Grenada,Latin America & Caribbean,Upper middle income,2021,
GRD,GD,Grenada,Latin America & Caribbean,Upper middle income,2022,
GRD,GD,Grenada,Latin America & Caribbean,Upper middle income,2023,
GRD,GD,Grenada,Latin America & Caribbean,Upper middle income,2024,
GRL,GL,Greenland,Europe & Central Asia,High income,2000,
GRL,GL,Greenland,Europe & Central Asia,High income,2001,
GRL,GL,Greenland,Europe & Central Asia,High income,2002,
GRL,GL,Greenland,Europe & Central Asia,High income,2003,
GRL,GL,Greenland,Europe & Central Asia,High income,2004,
GRL,GL,Greenland,Europe & Central Asia,High income,2005,
GRL,GL,Greenland,Europe & Central Asia,High income,2006,
GRL,GL,Greenland,Europe & Central Asia,High income,2007,
GRL,GL,Greenland,Europe & Central Asia,High income,2008,
GRL,GL,Greenland,Europe & Central Asia,High income,2009,
GRL,GL,Greenland,Europe & Central Asia,High income,2010,
GRL,GL,Greenland,Europe & Central Asia,High income,2011,
GRL,GL,Greenland,Europe & Central Asia,High income,2012,
GRL,GL,Greenland,Europe & Central Asia,High income,2013,
GRL,GL,Greenland,Europe & Central Asia,High income,2014,
GRL,GL,Greenland,Europe & Central Asia,High income,2015,
GRL,GL,Greenland,Europe & Central Asia,High income,2016,
GRL,GL,Greenland,Europe & Central Asia,High income,2017,
GRL,GL,Greenland,Europe & Central Asia,High income,2018,
GRL,GL,Greenland,Europe & Central Asia,High income,2019,
GRL,GL,Greenland,Europe & Central Asia,High income,2020,
GRL,GL,Greenland,Europe & Central Asia,High income,2021,
GRL,GL,Greenland,Europe & Central Asia,High income,2022,
GRL,GL,Greenland,Europe & Central Asia,High income,2023,
GRL,GL,Greenland,Europe & Central Asia,High income,2024,
GTM,GT,Guatemala,Latin America & Caribbean,Upper middle income,2000,0.542
GTM,GT,Guatemala,Latin America & Caribbean,Upper middle income,2001,0.542
GTM,GT,Guatemala,Latin America & Caribbean,Upper middle income,2002,0.542
GTM,GT,Guatemala,Latin America & Caribbean,Upper middle income,2003,0.543
GTM,GT,Guatemala,Latin America & Caribbean,Upper middle income,2004,0.552
GTM,GT,Guatemala,Latin America & Caribbean,Upper middle income,2005,0.552
GTM,GT,Guatemala,Latin America & Caribbean,Upper middle income,2006,0.552
GTM,GT,Guatemala,Latin America & Caribbean,Upper middle income,2007,0.563
GTM,GT,Guatemala,Latin America & Caribbean,Upper middle income,2008,0.582
GTM,GT,Guatemala,Latin America & Caribbean,Upper middle income,2009,0.58
GTM,GT,Guatemala,Latin America & Caribbean,Upper middle income,2010,0.583
GTM,GT,Guatemala,Latin America & Caribbean,Upper middle income,2011,0.581
GTM,GT,Guatemala,Latin America & Caribbean,Upper middle income,2012,0.576
GTM,GT,Guatemala,Latin America & Caribbean,Upper middle income,2013,0.574
GTM,GT,Guatemala,Latin America & Caribbean,Upper middle income,2014,0.572
GTM,GT,Guatemala,Latin America & Caribbean,Upper middle income,2015,0.587
GTM,GT,Guatemala,Latin America & Caribbean,Upper middle income,2016,0.626
GTM,GT,Guatemala,Latin America & Caribbean,Upper middle income,2017,0.621
GTM,GT,Guatemala,Latin America & Caribbean,Upper middle income,2018,0.602
GTM,GT,Guatemala,Latin America & Caribbean,Upper middle income,2019,0.597
GTM,GT,Guatemala,Latin America & Caribbean,Upper middle income,2020,0.589
GTM,GT,Guatemala,Latin America & Caribbean,Upper middle income,2021,0.555
GTM,GT,Guatemala,Latin America & Caribbean,Upper middle income,2022,0.509
GTM,GT,Guatemala,Latin America & Caribbean,Upper middle income,2023,0.506
GTM,GT,Guatemala,Latin America & Caribbean,Upper middle income,2024,0.609
GUM,GU,Guam,East Asia & Pacific,High income,2000,
GUM,GU,Guam,East Asia & Pacific,High income,2001,
GUM,GU,Guam,East Asia & Pacific,High income,2002,
GUM,GU,Guam,East Asia & Pacific,High income,2003,
GUM,GU,Guam,East Asia & Pacific,High income,2004,
GUM,GU,Guam,East Asia & Pacific,High income,2005,
GUM,GU,Guam,East Asia & Pacific,High income,2006,
GUM,GU,Guam,East Asia & Pacific,High income,2007,
GUM,GU,Guam,East Asia & Pacific,High income,2008,
GUM,GU,Guam,East Asia & Pacific,High income,2009,
GUM,GU,Guam,East Asia & Pacific,High income,2010,
GUM,GU,Guam,East Asia & Pacific,High income,2011,
GUM,GU,Guam,East Asia & Pacific,High income,2012,
GUM,GU,Guam,East Asia & Pacific,High income,2013,
GUM,GU,Guam,East Asia & Pacific,High income,2014,
GUM,GU,Guam,East Asia & Pacific,High income,2015,
GUM,GU,Guam,East Asia & Pacific,High income,2016,
GUM,GU,Guam,East Asia & Pacific,High income,2017,
GUM,GU,Guam,East Asia & Pacific,High income,2018,
GUM,GU,Guam,East Asia & Pacific,High income,2019,
GUM,GU,Guam,East Asia & Pacific,High income,2020,
GUM,GU,Guam,East Asia & Pacific,High income,2021,
GUM,GU,Guam,East Asia & Pacific,High income,2022,
GUM,GU,Guam,East Asia & Pacific,High income,2023,
GUM,GU,Guam,East Asia & Pacific,High income,2024,
GUY,GY,Guyana,Latin America & Caribbean,High income,2000,0.519
GUY,GY,Guyana,Latin America & Caribbean,High income,2001,0.553
GUY,GY,Guyana,Latin America & Caribbean,High income,2002,0.572
GUY,GY,Guyana,Latin America & Caribbean,High income,2003,0.588
GUY,GY,Guyana,Latin America & Caribbean,High income,2004,0.588
GUY,GY,Guyana,Latin America & Caribbean,High income,2005,0.588
GUY,GY,Guyana,Latin America & Caribbean,High income,2006,0.583
GUY,GY,Guyana,Latin America & Caribbean,High income,2007,0.579
GUY,GY,Guyana,Latin America & Caribbean,High income,2008,0.576
GUY,GY,Guyana,Latin America & Caribbean,High income,2009,0.583
GUY,GY,Guyana,Latin America & Caribbean,High income,2010,0.583
GUY,GY,Guyana,Latin America & Caribbean,High income,2011,0.582
GUY,GY,Guyana,Latin America & Caribbean,High income,2012,0.579
GUY,GY,Guyana,Latin America & Caribbean,High income,2013,0.608
GUY,GY,Guyana,Latin America & Caribbean,High income,2014,0.607
GUY,GY,Guyana,Latin America & Caribbean,High income,2015,0.65
GUY,GY,Guyana,Latin America & Caribbean,High income,2016,0.657
GUY,GY,Guyana,Latin America & Caribbean,High income,2017,0.66
GUY,GY,Guyana,Latin America & Caribbean,High income,2018,0.664
GUY,GY,Guyana,Latin America & Caribbean,High income,2019,0.64
GUY,GY,Guyana,Latin America & Caribbean,High income,2020,0.555
GUY,GY,Guyana,Latin America & Caribbean,High income,2021,0.498
GUY,GY,Guyana,Latin America & Caribbean,High income,2022,0.491
GUY,GY,Guyana,Latin America & Caribbean,High income,2023,0.484
GUY,GY,Guyana,Latin America & Caribbean,High income,2024,0.491
HKG,HK,"Hong Kong SAR, China",East Asia & Pacific,High income,2000,0.371
HKG,HK,"Hong Kong SAR, China",East Asia & Pacific,High income,2001,0.372
HKG,HK,"Hong Kong SAR, China",East Asia & Pacific,High income,2002,0.372
HKG,HK,"Hong Kong SAR, China",East Asia & Pacific,High income,2003,0.372
HKG,HK,"Hong Kong SAR, China",East Asia & Pacific,High income,2004,0.371
HKG,HK,"Hong Kong SAR, China",East Asia & Pacific,High income,2005,0.369
HKG,HK,"Hong Kong SAR, China",East Asia & Pacific,High income,2006,0.369
HKG,HK,"Hong Kong SAR, China",East Asia & Pacific,High income,2007,0.369
HKG,HK,"Hong Kong SAR, China",East Asia & Pacific,High income,2008,0.369
HKG,HK,"Hong Kong SAR, China",East Asia & Pacific,High income,2009,0.371
HKG,HK,"Hong Kong SAR, China",East Asia & Pacific,High income,2010,0.369
HKG,HK,"Hong Kong SAR, China",East Asia & Pacific,High income,2011,0.367
HKG,HK,"Hong Kong SAR, China",East Asia & Pacific,High income,2012,0.362
HKG,HK,"Hong Kong SAR, China",East Asia & Pacific,High income,2013,0.358
HKG,HK,"Hong Kong SAR, China",East Asia & Pacific,High income,2014,0.354
HKG,HK,"Hong Kong SAR, China",East Asia & Pacific,High income,2015,0.345
HKG,HK,"Hong Kong SAR, China",East Asia & Pacific,High income,2016,0.333
HKG,HK,"Hong Kong SAR, China",East Asia & Pacific,High income,2017,0.325
HKG,HK,"Hong Kong SAR, China",East Asia & Pacific,High income,2018,0.318
HKG,HK,"Hong Kong SAR, China",East Asia & Pacific,High income,2019,0.3
HKG,HK,"Hong Kong SAR, China",East Asia & Pacific,High income,2020,0.255
HKG,HK,"Hong Kong SAR, China",East Asia & Pacific,High income,2021,0.205
HKG,HK,"Hong Kong SAR, China",East Asia & Pacific,High income,2022,0.16
HKG,HK,"Hong Kong SAR, China",East Asia & Pacific,High income,2023,0.149
HKG,HK,"Hong Kong SAR, China",East Asia & Pacific,High income,2024,0.158
HND,HN,Honduras,Latin America & Caribbean,Lower middle income,2000,0.556
HND,HN,Honduras,Latin America & Caribbean,Lower middle income,2001,0.555
HND,HN,Honduras,Latin America & Caribbean,Lower middle income,2002,0.555
HND,HN,Honduras,Latin America & Caribbean,Lower middle income,2003,0.565
HND,HN,Honduras,Latin America & Caribbean,Lower middle income,2004,0.565
HND,HN,Honduras,Latin America & Caribbean,Lower middle income,2005,0.559
HND,HN,Honduras,Latin America & Caribbean,Lower middle income,2006,0.521
HND,HN,Honduras,Latin America & Caribbean,Lower middle income,2007,0.522
HND,HN,Honduras,Latin America & Caribbean,Lower middle income,2008,0.519
HND,HN,Honduras,Latin America & Caribbean,Lower middle income,2009,0.441
HND,HN,Honduras,Latin America & Caribbean,Lower middle income,2010,0.408
HND,HN,Honduras,Latin America & Caribbean,Lower middle income,2011,0.419
HND,HN,Honduras,Latin America & Caribbean,Lower middle income,2012,0.418
HND,HN,Honduras,Latin America & Caribbean,Lower middle income,2013,0.413
HND,HN,Honduras,Latin America & Caribbean,Lower middle income,2014,0.433
HND,HN,Honduras,Latin America & Caribbean,Lower middle income,2015,0.426
HND,HN,Honduras,Latin America & Caribbean,Lower middle income,2016,0.425
HND,HN,Honduras,Latin America & Caribbean,Lower middle income,2017,0.414
HND,HN,Honduras,Latin America & Caribbean,Lower middle income,2018,0.361
HND,HN,Honduras,Latin America & Caribbean,Lower middle income,2019,0.368
HND,HN,Honduras,Latin America & Caribbean,Lower middle income,2020,0.372
HND,HN,Honduras,Latin America & Caribbean,Lower middle income,2021,0.394
HND,HN,Honduras,Latin America & Caribbean,Lower middle income,2022,0.544
HND,HN,Honduras,Latin America & Caribbean,Lower middle income,2023,0.539
HND,HN,Honduras,Latin America & Caribbean,Lower middle income,2024,0.538
HRV,HR,Croatia,Europe & Central Asia,High income,2000,0.76
HRV,HR,Croatia,Europe & Central Asia,High income,2001,0.767
HRV,HR,Croatia,Europe & Central Asia,High income,2002,0.766
HRV,HR,Croatia,Europe & Central Asia,High income,2003,0.769
HRV,HR,Croatia,Europe & Central Asia,High income,2004,0.757
HRV,HR,Croatia,Europe & Central Asia,High income,2005,0.775
HRV,HR,Croatia,Europe & Central Asia,High income,2006,0.772
HRV,HR,Croatia,Europe & Central Asia,High income,2007,0.784
HRV,HR,Croatia,Europe & Central Asia,High income,2008,0.779
HRV,HR,Croatia,Europe & Central Asia,High income,2009,0.784
HRV,HR,Croatia,Europe & Central Asia,High income,2010,0.844
HRV,HR,Croatia,Europe & Central Asia,High income,2011,0.853
HRV,HR,Croatia,Europe & Central Asia,High income,2012,0.851
HRV,HR,Croatia,Europe & Central Asia,High income,2013,0.828
HRV,HR,Croatia,Europe & Central Asia,High income,2014,0.823
HRV,HR,Croatia,Europe & Central Asia,High income,2015,0.816
HRV,HR,Croatia,Europe & Central Asia,High income,2016,0.765
HRV,HR,Croatia,Europe & Central Asia,High income,2017,0.739
HRV,HR,Croatia,Europe & Central Asia,High income,2018,0.729
HRV,HR,Croatia,Europe & Central Asia,High income,2019,0.734
HRV,HR,Croatia,Europe & Central Asia,High income,2020,0.756
HRV,HR,Croatia,Europe & Central Asia,High income,2021,0.747
HRV,HR,Croatia,Europe & Central Asia,High income,2022,0.724
HRV,HR,Croatia,Europe & Central Asia,High income,2023,0.725
HRV,HR,Croatia,Europe & Central Asia,High income,2024,0.71
HTI,HT,Haiti,Latin America & Caribbean,Lower middle income,2000,0.437
HTI,HT,Haiti,Latin America & Caribbean,Lower middle income,2001,0.417
HTI,HT,Haiti,Latin America & Caribbean,Lower middle income,2002,0.41
HTI,HT,Haiti,Latin America & Caribbean,Lower middle income,2003,0.408
HTI,HT,Haiti,Latin America & Caribbean,Lower middle income,2004,0.249
HTI,HT,Haiti,Latin America & Caribbean,Lower middle income,2005,0.247
HTI,HT,Haiti,Latin America & Caribbean,Lower middle income,2006,0.386
HTI,HT,Haiti,Latin America & Caribbean,Lower middle income,2007,0.469
HTI,HT,Haiti,Latin America & Caribbean,Lower middle income,2008,0.468
HTI,HT,Haiti,Latin America & Caribbean,Lower middle income,2009,0.459
HTI,HT,Haiti,Latin America & Caribbean,Lower middle income,2010,0.459
HTI,HT,Haiti,Latin America & Caribbean,Lower middle income,2011,0.431
HTI,HT,Haiti,Latin America & Caribbean,Lower middle income,2012,0.438
HTI,HT,Haiti,Latin America & Caribbean,Lower middle income,2013,0.434
HTI,HT,Haiti,Latin America & Caribbean,Lower middle income,2014,0.434
HTI,HT,Haiti,Latin America & Caribbean,Lower middle income,2015,0.425
HTI,HT,Haiti,Latin America & Caribbean,Lower middle income,2016,0.42
HTI,HT,Haiti,Latin America & Caribbean,Lower middle income,2017,0.418
HTI,HT,Haiti,Latin America & Caribbean,Lower middle income,2018,0.429
HTI,HT,Haiti,Latin America & Caribbean,Lower middle income,2019,0.421
HTI,HT,Haiti,Latin America & Caribbean,Lower middle income,2020,0.4
HTI,HT,Haiti,Latin America & Caribbean,Lower middle income,2021,0.33
HTI,HT,Haiti,Latin America & Caribbean,Lower middle income,2022,0.233
HTI,HT,Haiti,Latin America & Caribbean,Lower middle income,2023,0.231
HTI,HT,Haiti,Latin America & Caribbean,Lower middle income,2024,0.237
HUN,HU,Hungary,Europe & Central Asia,High income,2000,0.839
HUN,HU,Hungary,Europe & Central Asia,High income,2001,0.839
HUN,HU,Hungary,Europe & Central Asia,High income,2002,0.842
HUN,HU,Hungary,Europe & Central Asia,High income,2003,0.843
HUN,HU,Hungary,Europe & Central Asia,High income,2004,0.843
HUN,HU,Hungary,Europe & Central Asia,High income,2005,0.843
HUN,HU,Hungary,Europe & Central Asia,High income,2006,0.831
HUN,HU,Hungary,Europe & Central Asia,High income,2007,0.85
HUN,HU,Hungary,Europe & Central Asia,High income,2008,0.85
HUN,HU,Hungary,Europe & Central Asia,High income,2009,0.85
HUN,HU,Hungary,Europe & Central Asia,High income,2010,0.808
HUN,HU,Hungary,Europe & Central Asia,High income,2011,0.778
HUN,HU,Hungary,Europe & Central Asia,High income,2012,0.773
HUN,HU,Hungary,Europe & Central Asia,High income,2013,0.738
HUN,HU,Hungary,Europe & Central Asia,High income,2014,0.669
HUN,HU,Hungary,Europe & Central Asia,High income,2015,0.617
HUN,HU,Hungary,Europe & Central Asia,High income,2016,0.613
HUN,HU,Hungary,Europe & Central Asia,High income,2017,0.555
HUN,HU,Hungary,Europe & Central Asia,High income,2018,0.481
HUN,HU,Hungary,Europe & Central Asia,High income,2019,0.466
HUN,HU,Hungary,Europe & Central Asia,High income,2020,0.46
HUN,HU,Hungary,Europe & Central Asia,High income,2021,0.45
HUN,HU,Hungary,Europe & Central Asia,High income,2022,0.447
HUN,HU,Hungary,Europe & Central Asia,High income,2023,0.434
HUN,HU,Hungary,Europe & Central Asia,High income,2024,0.444
IDN,ID,Indonesia,East Asia & Pacific,Upper middle income,2000,0.666
IDN,ID,Indonesia,East Asia & Pacific,Upper middle income,2001,0.666
IDN,ID,Indonesia,East Asia & Pacific,Upper middle income,2002,0.666
IDN,ID,Indonesia,East Asia & Pacific,Upper middle income,2003,0.666
IDN,ID,Indonesia,East Asia & Pacific,Upper middle income,2004,0.689
IDN,ID,Indonesia,East Asia & Pacific,Upper middle income,2005,0.7
IDN,ID,Indonesia,East Asia & Pacific,Upper middle income,2006,0.696
IDN,ID,Indonesia,East Asia & Pacific,Upper middle income,2007,0.697
IDN,ID,Indonesia,East Asia & Pacific,Upper middle income,2008,0.707
IDN,ID,Indonesia,East Asia & Pacific,Upper middle income,2009,0.684
IDN,ID,Indonesia,East Asia & Pacific,Upper middle income,2010,0.686
IDN,ID,Indonesia,East Asia & Pacific,Upper middle income,2011,0.686
IDN,ID,Indonesia,East Asia & Pacific,Upper middle income,2012,0.685
IDN,ID,Indonesia,East Asia & Pacific,Upper middle income,2013,0.668
IDN,ID,Indonesia,East Asia & Pacific,Upper middle income,2014,0.658
IDN,ID,Indonesia,East Asia & Pacific,Upper middle income,2015,0.654
IDN,ID,Indonesia,East Asia & Pacific,Upper middle income,2016,0.639
IDN,ID,Indonesia,East Asia & Pacific,Upper middle income,2017,0.627
IDN,ID,Indonesia,East Asia & Pacific,Upper middle income,2018,0.599
IDN,ID,Indonesia,East Asia & Pacific,Upper middle income,2019,0.596
IDN,ID,Indonesia,East Asia & Pacific,Upper middle income,2020,0.566
IDN,ID,Indonesia,East Asia & Pacific,Upper middle income,2021,0.545
IDN,ID,Indonesia,East Asia & Pacific,Upper middle income,2022,0.561
IDN,ID,Indonesia,East Asia & Pacific,Upper middle income,2023,0.538
IDN,ID,Indonesia,East Asia & Pacific,Upper middle income,2024,0.496
IMN,IM,Isle of Man,Europe & Central Asia,High income,2000,
IMN,IM,Isle of Man,Europe & Central Asia,High income,2001,
IMN,IM,Isle of Man,Europe & Central Asia,High income,2002,
IMN,IM,Isle of Man,Europe & Central Asia,High income,2003,
IMN,IM,Isle of Man,Europe & Central Asia,High income,2004,
IMN,IM,Isle of Man,Europe & Central Asia,High income,2005,
IMN,IM,Isle of Man,Europe & Central Asia,High income,2006,
IMN,IM,Isle of Man,Europe & Central Asia,High income,2007,
IMN,IM,Isle of Man,Europe & Central Asia,High income,2008,
IMN,IM,Isle of Man,Europe & Central Asia,High income,2009,
IMN,IM,Isle of Man,Europe & Central Asia,High income,2010,
IMN,IM,Isle of Man,Europe & Central Asia,High income,2011,
IMN,IM,Isle of Man,Europe & Central Asia,High income,2012,
IMN,IM,Isle of Man,Europe & Central Asia,High income,2013,
IMN,IM,Isle of Man,Europe & Central Asia,High income,2014,
IMN,IM,Isle of Man,Europe & Central Asia,High income,2015,
IMN,IM,Isle of Man,Europe & Central Asia,High income,2016,
IMN,IM,Isle of Man,Europe & Central Asia,High income,2017,
IMN,IM,Isle of Man,Europe & Central Asia,High income,2018,
IMN,IM,Isle of Man,Europe & Central Asia,High income,2019,
IMN,IM,Isle of Man,Europe & Central Asia,High income,2020,
IMN,IM,Isle of Man,Europe & Central Asia,High income,2021,
IMN,IM,Isle of Man,Europe & Central Asia,High income,2022,
IMN,IM,Isle of Man,Europe & Central Asia,High income,2023,
IMN,IM,Isle of Man,Europe & Central Asia,High income,2024,
IND,IN,India,South Asia,Lower middle income,2000,0.735
IND,IN,India,South Asia,Lower middle income,2001,0.735
IND,IN,India,South Asia,Lower middle income,2002,0.739
IND,IN,India,South Asia,Lower middle income,2003,0.736
IND,IN,India,South Asia,Lower middle income,2004,0.731
IND,IN,India,South Asia,Lower middle income,2005,0.723
IND,IN,India,South Asia,Lower middle income,2006,0.721
IND,IN,India,South Asia,Lower middle income,2007,0.721
IND,IN,India,South Asia,Lower middle income,2008,0.721
IND,IN,India,South Asia,Lower middle income,2009,0.683
IND,IN,India,South Asia,Lower middle income,2010,0.671
IND,IN,India,South Asia,Lower middle income,2011,0.671
IND,IN,India,South Asia,Lower middle income,2012,0.659
IND,IN,India,South Asia,Lower middle income,2013,0.65
IND,IN,India,South Asia,Lower middle income,2014,0.617
IND,IN,India,South Asia,Lower middle income,2015,0.543
IND,IN,India,South Asia,Lower middle income,2016,0.524
IND,IN,India,South Asia,Lower middle income,2017,0.488
IND,IN,India,South Asia,Lower middle income,2018,0.482
IND,IN,India,South Asia,Lower middle income,2019,0.43
IND,IN,India,South Asia,Lower middle income,2020,0.39
IND,IN,India,South Asia,Lower middle income,2021,0.398
IND,IN,India,South Asia,Lower middle income,2022,0.384
IND,IN,India,South Asia,Lower middle income,2023,0.374
IND,IN,India,South Asia,Lower middle income,2024,0.381
IRL,IE,Ireland,Europe & Central Asia,High income,2000,0.885
IRL,IE,Ireland,Europe & Central Asia,High income,2001,0.885
IRL,IE,Ireland,Europe & Central Asia,High income,2002,0.883
IRL,IE,Ireland,Europe & Central Asia,High income,2003,0.882
IRL,IE,Ireland,Europe & Central Asia,High income,2004,0.882
IRL,IE,Ireland,Europe & Central Asia,High income,2005,0.882
IRL,IE,Ireland,Europe & Central Asia,High income,2006,0.882
IRL,IE,Ireland,Europe & Central Asia,High income,2007,0.891
IRL,IE,Ireland,Europe & Central Asia,High income,2008,0.896
IRL,IE,Ireland,Europe & Central Asia,High income,2009,0.896
IRL,IE,Ireland,Europe & Central Asia,High income,2010,0.896
IRL,IE,Ireland,Europe & Central Asia,High income,2011,0.896
IRL,IE,Ireland,Europe & Central Asia,High income,2012,0.897
IRL,IE,Ireland,Europe & Central Asia,High income,2013,0.895
IRL,IE,Ireland,Europe & Central Asia,High income,2014,0.895
IRL,IE,Ireland,Europe & Central Asia,High income,2015,0.895
IRL,IE,Ireland,Europe & Central Asia,High income,2016,0.886
IRL,IE,Ireland,Europe & Central Asia,High income,2017,0.887
IRL,IE,Ireland,Europe & Central Asia,High income,2018,0.89
IRL,IE,Ireland,Europe & Central Asia,High income,2019,0.887
IRL,IE,Ireland,Europe & Central Asia,High income,2020,0.891
IRL,IE,Ireland,Europe & Central Asia,High income,2021,0.898
IRL,IE,Ireland,Europe & Central Asia,High income,2022,0.892
IRL,IE,Ireland,Europe & Central Asia,High income,2023,0.894
IRL,IE,Ireland,Europe & Central Asia,High income,2024,0.895
IRN,IR,"Iran, Islamic Rep.","Middle East, North Africa, Afghanistan & Pakistan",Upper middle income,2000,0.233
IRN,IR,"Iran, Islamic Rep.","Middle East, North Africa, Afghanistan & Pakistan",Upper middle income,2001,0.234
IRN,IR,"Iran, Islamic Rep.","Middle East, North Africa, Afghanistan & Pakistan",Upper middle income,2002,0.232
IRN,IR,"Iran, Islamic Rep.","Middle East, North Africa, Afghanistan & Pakistan",Upper middle income,2003,0.232
IRN,IR,"Iran, Islamic Rep.","Middle East, North Africa, Afghanistan & Pakistan",Upper middle income,2004,0.207
IRN,IR,"Iran, Islamic Rep.","Middle East, North Africa, Afghanistan & Pakistan",Upper middle income,2005,0.177
IRN,IR,"Iran, Islamic Rep.","Middle East, North Africa, Afghanistan & Pakistan",Upper middle income,2006,0.173
IRN,IR,"Iran, Islamic Rep.","Middle East, North Africa, Afghanistan & Pakistan",Upper middle income,2007,0.173
IRN,IR,"Iran, Islamic Rep.","Middle East, North Africa, Afghanistan & Pakistan",Upper middle income,2008,0.167
IRN,IR,"Iran, Islamic Rep.","Middle East, North Africa, Afghanistan & Pakistan",Upper middle income,2009,0.158
IRN,IR,"Iran, Islamic Rep.","Middle East, North Africa, Afghanistan & Pakistan",Upper middle income,2010,0.144
IRN,IR,"Iran, Islamic Rep.","Middle East, North Africa, Afghanistan & Pakistan",Upper middle income,2011,0.145
IRN,IR,"Iran, Islamic Rep.","Middle East, North Africa, Afghanistan & Pakistan",Upper middle income,2012,0.158
IRN,IR,"Iran, Islamic Rep.","Middle East, North Africa, Afghanistan & Pakistan",Upper middle income,2013,0.174
IRN,IR,"Iran, Islamic Rep.","Middle East, North Africa, Afghanistan & Pakistan",Upper middle income,2014,0.183
IRN,IR,"Iran, Islamic Rep.","Middle East, North Africa, Afghanistan & Pakistan",Upper middle income,2015,0.186
IRN,IR,"Iran, Islamic Rep.","Middle East, North Africa, Afghanistan & Pakistan",Upper middle income,2016,0.186
IRN,IR,"Iran, Islamic Rep.","Middle East, North Africa, Afghanistan & Pakistan",Upper middle income,2017,0.185
IRN,IR,"Iran, Islamic Rep.","Middle East, North Africa, Afghanistan & Pakistan",Upper middle income,2018,0.182
IRN,IR,"Iran, Islamic Rep.","Middle East, North Africa, Afghanistan & Pakistan",Upper middle income,2019,0.181
IRN,IR,"Iran, Islamic Rep.","Middle East, North Africa, Afghanistan & Pakistan",Upper middle income,2020,0.165
IRN,IR,"Iran, Islamic Rep.","Middle East, North Africa, Afghanistan & Pakistan",Upper middle income,2021,0.158
IRN,IR,"Iran, Islamic Rep.","Middle East, North Africa, Afghanistan & Pakistan",Upper middle income,2022,0.148
IRN,IR,"Iran, Islamic Rep.","Middle East, North Africa, Afghanistan & Pakistan",Upper middle income,2023,0.153
IRN,IR,"Iran, Islamic Rep.","Middle East, North Africa, Afghanistan & Pakistan",Upper middle income,2024,0.166
IRQ,IQ,Iraq,"Middle East, North Africa, Afghanistan & Pakistan",Upper middle income,2000,0.145
IRQ,IQ,Iraq,"Middle East, North Africa, Afghanistan & Pakistan",Upper middle income,2001,0.147
IRQ,IQ,Iraq,"Middle East, North Africa, Afghanistan & Pakistan",Upper middle income,2002,0.147
IRQ,IQ,Iraq,"Middle East, North Africa, Afghanistan & Pakistan",Upper middle income,2003,0.184
IRQ,IQ,Iraq,"Middle East, North Africa, Afghanistan & Pakistan",Upper middle income,2004,0.21
IRQ,IQ,Iraq,"Middle East, North Africa, Afghanistan & Pakistan",Upper middle income,2005,0.237
IRQ,IQ,Iraq,"Middle East, North Africa, Afghanistan & Pakistan",Upper middle income,2006,0.397
IRQ,IQ,Iraq,"Middle East, North Africa, Afghanistan & Pakistan",Upper middle income,2007,0.426
IRQ,IQ,Iraq,"Middle East, North Africa, Afghanistan & Pakistan",Upper middle income,2008,0.426
IRQ,IQ,Iraq,"Middle East, North Africa, Afghanistan & Pakistan",Upper middle income,2009,0.425
IRQ,IQ,Iraq,"Middle East, North Africa, Afghanistan & Pakistan",Upper middle income,2010,0.414
IRQ,IQ,Iraq,"Middle East, North Africa, Afghanistan & Pakistan",Upper middle income,2011,0.413
IRQ,IQ,Iraq,"Middle East, North Africa, Afghanistan & Pakistan",Upper middle income,2012,0.41
IRQ,IQ,Iraq,"Middle East, North Africa, Afghanistan & Pakistan",Upper middle income,2013,0.414
IRQ,IQ,Iraq,"Middle East, North Africa, Afghanistan & Pakistan",Upper middle income,2014,0.403
IRQ,IQ,Iraq,"Middle East, North Africa, Afghanistan & Pakistan",Upper middle income,2015,0.396
IRQ,IQ,Iraq,"Middle East, North Africa, Afghanistan & Pakistan",Upper middle income,2016,0.39
IRQ,IQ,Iraq,"Middle East, North Africa, Afghanistan & Pakistan",Upper middle income,2017,0.375
IRQ,IQ,Iraq,"Middle East, North Africa, Afghanistan & Pakistan",Upper middle income,2018,0.398
IRQ,IQ,Iraq,"Middle East, North Africa, Afghanistan & Pakistan",Upper middle income,2019,0.393
IRQ,IQ,Iraq,"Middle East, North Africa, Afghanistan & Pakistan",Upper middle income,2020,0.376
IRQ,IQ,Iraq,"Middle East, North Africa, Afghanistan & Pakistan",Upper middle income,2021,0.374
IRQ,IQ,Iraq,"Middle East, North Africa, Afghanistan & Pakistan",Upper middle income,2022,0.385
IRQ,IQ,Iraq,"Middle East, North Africa, Afghanistan & Pakistan",Upper middle income,2023,0.371
IRQ,IQ,Iraq,"Middle East, North Africa, Afghanistan & Pakistan",Upper middle income,2024,0.361
ISL,IS,Iceland,Europe & Central Asia,High income,2000,0.868
ISL,IS,Iceland,Europe & Central Asia,High income,2001,0.868
ISL,IS,Iceland,Europe & Central Asia,High income,2002,0.868
ISL,IS,Iceland,Europe & Central Asia,High income,2003,0.867
ISL,IS,Iceland,Europe & Central Asia,High income,2004,0.867
ISL,IS,Iceland,Europe & Central Asia,High income,2005,0.865
ISL,IS,Iceland,Europe & Central Asia,High income,2006,0.865
ISL,IS,Iceland,Europe & Central Asia,High income,2007,0.873
ISL,IS,Iceland,Europe & Central Asia,High income,2008,0.88
ISL,IS,Iceland,Europe & Central Asia,High income,2009,0.882
ISL,IS,Iceland,Europe & Central Asia,High income,2010,0.881
ISL,IS,Iceland,Europe & Central Asia,High income,2011,0.881
ISL,IS,Iceland,Europe & Central Asia,High income,2012,0.875
ISL,IS,Iceland,Europe & Central Asia,High income,2013,0.858
ISL,IS,Iceland,Europe & Central Asia,High income,2014,0.856
ISL,IS,Iceland,Europe & Central Asia,High income,2015,0.861
ISL,IS,Iceland,Europe & Central Asia,High income,2016,0.86
ISL,IS,Iceland,Europe & Central Asia,High income,2017,0.861
ISL,IS,Iceland,Europe & Central Asia,High income,2018,0.875
ISL,IS,Iceland,Europe & Central Asia,High income,2019,0.859
ISL,IS,Iceland,Europe & Central Asia,High income,2020,0.859
ISL,IS,Iceland,Europe & Central Asia,High income,2021,0.836
ISL,IS,Iceland,Europe & Central Asia,High income,2022,0.832
ISL,IS,Iceland,Europe & Central Asia,High income,2023,0.841
ISL,IS,Iceland,Europe & Central Asia,High income,2024,0.842
ISR,IL,Israel,"Middle East, North Africa, Afghanistan & Pakistan",High income,2000,0.768
ISR,IL,Israel,"Middle East, North Africa, Afghanistan & Pakistan",High income,2001,0.764
ISR,IL,Israel,"Middle East, North Africa, Afghanistan & Pakistan",High income,2002,0.764
ISR,IL,Israel,"Middle East, North Africa, Afghanistan & Pakistan",High income,2003,0.76
ISR,IL,Israel,"Middle East, North Africa, Afghanistan & Pakistan",High income,2004,0.759
ISR,IL,Israel,"Middle East, North Africa, Afghanistan & Pakistan",High income,2005,0.759
ISR,IL,Israel,"Middle East, North Africa, Afghanistan & Pakistan",High income,2006,0.764
ISR,IL,Israel,"Middle East, North Africa, Afghanistan & Pakistan",High income,2007,0.758
ISR,IL,Israel,"Middle East, North Africa, Afghanistan & Pakistan",High income,2008,0.758
ISR,IL,Israel,"Middle East, North Africa, Afghanistan & Pakistan",High income,2009,0.756
ISR,IL,Israel,"Middle East, North Africa, Afghanistan & Pakistan",High income,2010,0.752
ISR,IL,Israel,"Middle East, North Africa, Afghanistan & Pakistan",High income,2011,0.752
ISR,IL,Israel,"Middle East, North Africa, Afghanistan & Pakistan",High income,2012,0.751
ISR,IL,Israel,"Middle East, North Africa, Afghanistan & Pakistan",High income,2013,0.734
ISR,IL,Israel,"Middle East, North Africa, Afghanistan & Pakistan",High income,2014,0.733
ISR,IL,Israel,"Middle East, North Africa, Afghanistan & Pakistan",High income,2015,0.733
ISR,IL,Israel,"Middle East, North Africa, Afghanistan & Pakistan",High income,2016,0.729
ISR,IL,Israel,"Middle East, North Africa, Afghanistan & Pakistan",High income,2017,0.714
ISR,IL,Israel,"Middle East, North Africa, Afghanistan & Pakistan",High income,2018,0.705
ISR,IL,Israel,"Middle East, North Africa, Afghanistan & Pakistan",High income,2019,0.708
ISR,IL,Israel,"Middle East, North Africa, Afghanistan & Pakistan",High income,2020,0.723
ISR,IL,Israel,"Middle East, North Africa, Afghanistan & Pakistan",High income,2021,0.722
ISR,IL,Israel,"Middle East, North Africa, Afghanistan & Pakistan",High income,2022,0.714
ISR,IL,Israel,"Middle East, North Africa, Afghanistan & Pakistan",High income,2023,0.704
ISR,IL,Israel,"Middle East, North Africa, Afghanistan & Pakistan",High income,2024,0.702
ITA,IT,Italy,Europe & Central Asia,High income,2000,0.84
ITA,IT,Italy,Europe & Central Asia,High income,2001,0.833
ITA,IT,Italy,Europe & Central Asia,High income,2002,0.837
ITA,IT,Italy,Europe & Central Asia,High income,2003,0.837
ITA,IT,Italy,Europe & Central Asia,High income,2004,0.837
ITA,IT,Italy,Europe & Central Asia,High income,2005,0.846
ITA,IT,Italy,Europe & Central Asia,High income,2006,0.852
ITA,IT,Italy,Europe & Central Asia,High income,2007,0.861
ITA,IT,Italy,Europe & Central Asia,High income,2008,0.855
ITA,IT,Italy,Europe & Central Asia,High income,2009,0.857
ITA,IT,Italy,Europe & Central Asia,High income,2010,0.856
ITA,IT,Italy,Europe & Central Asia,High income,2011,0.862
ITA,IT,Italy,Europe & Central Asia,High income,2012,0.869
ITA,IT,Italy,Europe & Central Asia,High income,2013,0.864
ITA,IT,Italy,Europe & Central Asia,High income,2014,0.865
ITA,IT,Italy,Europe & Central Asia,High income,2015,0.865
ITA,IT,Italy,Europe & Central Asia,High income,2016,0.869
ITA,IT,Italy,Europe & Central Asia,High income,2017,0.87
ITA,IT,Italy,Europe & Central Asia,High income,2018,0.864
ITA,IT,Italy,Europe & Central Asia,High income,2019,0.854
ITA,IT,Italy,Europe & Central Asia,High income,2020,0.857
ITA,IT,Italy,Europe & Central Asia,High income,2021,0.857
ITA,IT,Italy,Europe & Central Asia,High income,2022,0.842
ITA,IT,Italy,Europe & Central Asia,High income,2023,0.806
ITA,IT,Italy,Europe & Central Asia,High income,2024,0.784
JAM,JM,Jamaica,Latin America & Caribbean,Upper middle income,2000,0.675
JAM,JM,Jamaica,Latin America & Caribbean,Upper middle income,2001,0.675
JAM,JM,Jamaica,Latin America & Caribbean,Upper middle income,2002,0.695
JAM,JM,Jamaica,Latin America & Caribbean,Upper middle income,2003,0.743
JAM,JM,Jamaica,Latin America & Caribbean,Upper middle income,2004,0.743
JAM,JM,Jamaica,Latin America & Caribbean,Upper middle income,2005,0.751
JAM,JM,Jamaica,Latin America & Caribbean,Upper middle income,2006,0.756
JAM,JM,Jamaica,Latin America & Caribbean,Upper middle income,2007,0.762
JAM,JM,Jamaica,Latin America & Caribbean,Upper middle income,2008,0.774
JAM,JM,Jamaica,Latin America & Caribbean,Upper middle income,2009,0.774
JAM,JM,Jamaica,Latin America & Caribbean,Upper middle income,2010,0.774
JAM,JM,Jamaica,Latin America & Caribbean,Upper middle income,2011,0.767
JAM,JM,Jamaica,Latin America & Caribbean,Upper middle income,2012,0.784
JAM,JM,Jamaica,Latin America & Caribbean,Upper middle income,2013,0.798
JAM,JM,Jamaica,Latin America & Caribbean,Upper middle income,2014,0.798
JAM,JM,Jamaica,Latin America & Caribbean,Upper middle income,2015,0.798
JAM,JM,Jamaica,Latin America & Caribbean,Upper middle income,2016,0.804
JAM,JM,Jamaica,Latin America & Caribbean,Upper middle income,2017,0.811
JAM,JM,Jamaica,Latin America & Caribbean,Upper middle income,2018,0.807
JAM,JM,Jamaica,Latin America & Caribbean,Upper middle income,2019,0.81
JAM,JM,Jamaica,Latin America & Caribbean,Upper middle income,2020,0.808
JAM,JM,Jamaica,Latin America & Caribbean,Upper middle income,2021,0.801
JAM,JM,Jamaica,Latin America & Caribbean,Upper middle income,2022,0.798
JAM,JM,Jamaica,Latin America & Caribbean,Upper middle income,2023,0.798
JAM,JM,Jamaica,Latin America & Caribbean,Upper middle income,2024,0.798
JOR,JO,Jordan,"Middle East, North Africa, Afghanistan & Pakistan",Upper middle income,2000,0.186
JOR,JO,Jordan,"Middle East, North Africa, Afghanistan & Pakistan",Upper middle income,2001,0.185
JOR,JO,Jordan,"Middle East, North Africa, Afghanistan & Pakistan",Upper middle income,2002,0.185
JOR,JO,Jordan,"Middle East, North Africa, Afghanistan & Pakistan",Upper middle income,2003,0.208
JOR,JO,Jordan,"Middle East, North Africa, Afghanistan & Pakistan",Upper middle income,2004,0.228
JOR,JO,Jordan,"Middle East, North Africa, Afghanistan & Pakistan",Upper middle income,2005,0.228
JOR,JO,Jordan,"Middle East, North Africa, Afghanistan & Pakistan",Upper middle income,2006,0.229
JOR,JO,Jordan,"Middle East, North Africa, Afghanistan & Pakistan",Upper middle income,2007,0.229
JOR,JO,Jordan,"Middle East, North Africa, Afghanistan & Pakistan",Upper middle income,2008,0.232
JOR,JO,Jordan,"Middle East, North Africa, Afghanistan & Pakistan",Upper middle income,2009,0.233
JOR,JO,Jordan,"Middle East, North Africa, Afghanistan & Pakistan",Upper middle income,2010,0.239
JOR,JO,Jordan,"Middle East, North Africa, Afghanistan & Pakistan",Upper middle income,2011,0.247
JOR,JO,Jordan,"Middle East, North Africa, Afghanistan & Pakistan",Upper middle income,2012,0.246
JOR,JO,Jordan,"Middle East, North Africa, Afghanistan & Pakistan",Upper middle income,2013,0.255
JOR,JO,Jordan,"Middle East, North Africa, Afghanistan & Pakistan",Upper middle income,2014,0.255
JOR,JO,Jordan,"Middle East, North Africa, Afghanistan & Pakistan",Upper middle income,2015,0.255
JOR,JO,Jordan,"Middle East, North Africa, Afghanistan & Pakistan",Upper middle income,2016,0.239
JOR,JO,Jordan,"Middle East, North Africa, Afghanistan & Pakistan",Upper middle income,2017,0.263
JOR,JO,Jordan,"Middle East, North Africa, Afghanistan & Pakistan",Upper middle income,2018,0.261
JOR,JO,Jordan,"Middle East, North Africa, Afghanistan & Pakistan",Upper middle income,2019,0.26
JOR,JO,Jordan,"Middle East, North Africa, Afghanistan & Pakistan",Upper middle income,2020,0.258
JOR,JO,Jordan,"Middle East, North Africa, Afghanistan & Pakistan",Upper middle income,2021,0.257
JOR,JO,Jordan,"Middle East, North Africa, Afghanistan & Pakistan",Upper middle income,2022,0.256
JOR,JO,Jordan,"Middle East, North Africa, Afghanistan & Pakistan",Upper middle income,2023,0.252
JOR,JO,Jordan,"Middle East, North Africa, Afghanistan & Pakistan",Upper middle income,2024,0.274
JPN,JP,Japan,East Asia & Pacific,High income,2000,0.838
JPN,JP,Japan,East Asia & Pacific,High income,2001,0.838
JPN,JP,Japan,East Asia & Pacific,High income,2002,0.838
JPN,JP,Japan,East Asia & Pacific,High income,2003,0.838
JPN,JP,Japan,East Asia & Pacific,High income,2004,0.838
JPN,JP,Japan,East Asia & Pacific,High income,2005,0.841
JPN,JP,Japan,East Asia & Pacific,High income,2006,0.849
JPN,JP,Japan,East Asia & Pacific,High income,2007,0.849
JPN,JP,Japan,East Asia & Pacific,High income,2008,0.846
JPN,JP,Japan,East Asia & Pacific,High income,2009,0.854
JPN,JP,Japan,East Asia & Pacific,High income,2010,0.852
JPN,JP,Japan,East Asia & Pacific,High income,2011,0.852
JPN,JP,Japan,East Asia & Pacific,High income,2012,0.848
JPN,JP,Japan,East Asia & Pacific,High income,2013,0.815
JPN,JP,Japan,East Asia & Pacific,High income,2014,0.815
JPN,JP,Japan,East Asia & Pacific,High income,2015,0.817
JPN,JP,Japan,East Asia & Pacific,High income,2016,0.817
JPN,JP,Japan,East Asia & Pacific,High income,2017,0.821
JPN,JP,Japan,East Asia & Pacific,High income,2018,0.832
JPN,JP,Japan,East Asia & Pacific,High income,2019,0.83
JPN,JP,Japan,East Asia & Pacific,High income,2020,0.831
JPN,JP,Japan,East Asia & Pacific,High income,2021,0.824
JPN,JP,Japan,East Asia & Pacific,High income,2022,0.823
JPN,JP,Japan,East Asia & Pacific,High income,2023,0.826
JPN,JP,Japan,East Asia & Pacific,High income,2024,0.822
KAZ,KZ,Kazakhstan,Europe & Central Asia,Upper middle income,2000,0.27
KAZ,KZ,Kazakhstan,Europe & Central Asia,Upper middle income,2001,0.255
KAZ,KZ,Kazakhstan,Europe & Central Asia,Upper middle income,2002,0.252
KAZ,KZ,Kazakhstan,Europe & Central Asia,Upper middle income,2003,0.247
KAZ,KZ,Kazakhstan,Europe & Central Asia,Upper middle income,2004,0.246
KAZ,KZ,Kazakhstan,Europe & Central Asia,Upper middle income,2005,0.239
KAZ,KZ,Kazakhstan,Europe & Central Asia,Upper middle income,2006,0.242
KAZ,KZ,Kazakhstan,Europe & Central Asia,Upper middle income,2007,0.24
KAZ,KZ,Kazakhstan,Europe & Central Asia,Upper middle income,2008,0.241
KAZ,KZ,Kazakhstan,Europe & Central Asia,Upper middle income,2009,0.242
KAZ,KZ,Kazakhstan,Europe & Central Asia,Upper middle income,2010,0.236
KAZ,KZ,Kazakhstan,Europe & Central Asia,Upper middle income,2011,0.233
KAZ,KZ,Kazakhstan,Europe & Central Asia,Upper middle income,2012,0.232
KAZ,KZ,Kazakhstan,Europe & Central Asia,Upper middle income,2013,0.229
KAZ,KZ,Kazakhstan,Europe & Central Asia,Upper middle income,2014,0.23
KAZ,KZ,Kazakhstan,Europe & Central Asia,Upper middle income,2015,0.234
KAZ,KZ,Kazakhstan,Europe & Central Asia,Upper middle income,2016,0.242
KAZ,KZ,Kazakhstan,Europe & Central Asia,Upper middle income,2017,0.235
KAZ,KZ,Kazakhstan,Europe & Central Asia,Upper middle income,2018,0.232
KAZ,KZ,Kazakhstan,Europe & Central Asia,Upper middle income,2019,0.236
KAZ,KZ,Kazakhstan,Europe & Central Asia,Upper middle income,2020,0.241
KAZ,KZ,Kazakhstan,Europe & Central Asia,Upper middle income,2021,0.253
KAZ,KZ,Kazakhstan,Europe & Central Asia,Upper middle income,2022,0.265
KAZ,KZ,Kazakhstan,Europe & Central Asia,Upper middle income,2023,0.269
KAZ,KZ,Kazakhstan,Europe & Central Asia,Upper middle income,2024,0.267
KEN,KE,Kenya,Sub-Saharan Africa,Lower middle income,2000,0.374
KEN,KE,Kenya,Sub-Saharan Africa,Lower middle income,2001,0.376
KEN,KE,Kenya,Sub-Saharan Africa,Lower middle income,2002,0.419
KEN,KE,Kenya,Sub-Saharan Africa,Lower middle income,2003,0.51
KEN,KE,Kenya,Sub-Saharan Africa,Lower middle income,2004,0.51
KEN,KE,Kenya,Sub-Saharan Africa,Lower middle income,2005,0.51
KEN,KE,Kenya,Sub-Saharan Africa,Lower middle income,2006,0.51
KEN,KE,Kenya,Sub-Saharan Africa,Lower middle income,2007,0.511
KEN,KE,Kenya,Sub-Saharan Africa,Lower middle income,2008,0.415
KEN,KE,Kenya,Sub-Saharan Africa,Lower middle income,2009,0.416
KEN,KE,Kenya,Sub-Saharan Africa,Lower middle income,2010,0.427
KEN,KE,Kenya,Sub-Saharan Africa,Lower middle income,2011,0.428
KEN,KE,Kenya,Sub-Saharan Africa,Lower middle income,2012,0.425
KEN,KE,Kenya,Sub-Saharan Africa,Lower middle income,2013,0.524
KEN,KE,Kenya,Sub-Saharan Africa,Lower middle income,2014,0.539
KEN,KE,Kenya,Sub-Saharan Africa,Lower middle income,2015,0.539
KEN,KE,Kenya,Sub-Saharan Africa,Lower middle income,2016,0.534
KEN,KE,Kenya,Sub-Saharan Africa,Lower middle income,2017,0.512
KEN,KE,Kenya,Sub-Saharan Africa,Lower middle income,2018,0.496
KEN,KE,Kenya,Sub-Saharan Africa,Lower middle income,2019,0.501
KEN,KE,Kenya,Sub-Saharan Africa,Lower middle income,2020,0.503
KEN,KE,Kenya,Sub-Saharan Africa,Lower middle income,2021,0.507
KEN,KE,Kenya,Sub-Saharan Africa,Lower middle income,2022,0.55
KEN,KE,Kenya,Sub-Saharan Africa,Lower middle income,2023,0.57
KEN,KE,Kenya,Sub-Saharan Africa,Lower middle income,2024,0.557
KGZ,KG,Kyrgyz Republic,Europe & Central Asia,Lower middle income,2000,0.287
KGZ,KG,Kyrgyz Republic,Europe & Central Asia,Lower middle income,2001,0.285
KGZ,KG,Kyrgyz Republic,Europe & Central Asia,Lower middle income,2002,0.282
KGZ,KG,Kyrgyz Republic,Europe & Central Asia,Lower middle income,2003,0.282
KGZ,KG,Kyrgyz Republic,Europe & Central Asia,Lower middle income,2004,0.282
KGZ,KG,Kyrgyz Republic,Europe & Central Asia,Lower middle income,2005,0.319
KGZ,KG,Kyrgyz Republic,Europe & Central Asia,Lower middle income,2006,0.331
KGZ,KG,Kyrgyz Republic,Europe & Central Asia,Lower middle income,2007,0.317
KGZ,KG,Kyrgyz Republic,Europe & Central Asia,Lower middle income,2008,0.306
KGZ,KG,Kyrgyz Republic,Europe & Central Asia,Lower middle income,2009,0.294
KGZ,KG,Kyrgyz Republic,Europe & Central Asia,Lower middle income,2010,0.381
KGZ,KG,Kyrgyz Republic,Europe & Central Asia,Lower middle income,2011,0.473
KGZ,KG,Kyrgyz Republic,Europe & Central Asia,Lower middle income,2012,0.467
KGZ,KG,Kyrgyz Republic,Europe & Central Asia,Lower middle income,2013,0.447
KGZ,KG,Kyrgyz Republic,Europe & Central Asia,Lower middle income,2014,0.446
KGZ,KG,Kyrgyz Republic,Europe & Central Asia,Lower middle income,2015,0.455
KGZ,KG,Kyrgyz Republic,Europe & Central Asia,Lower middle income,2016,0.447
KGZ,KG,Kyrgyz Republic,Europe & Central Asia,Lower middle income,2017,0.449
KGZ,KG,Kyrgyz Republic,Europe & Central Asia,Lower middle income,2018,0.467
KGZ,KG,Kyrgyz Republic,Europe & Central Asia,Lower middle income,2019,0.441
KGZ,KG,Kyrgyz Republic,Europe & Central Asia,Lower middle income,2020,0.385
KGZ,KG,Kyrgyz Republic,Europe & Central Asia,Lower middle income,2021,0.41
KGZ,KG,Kyrgyz Republic,Europe & Central Asia,Lower middle income,2022,0.38
KGZ,KG,Kyrgyz Republic,Europe & Central Asia,Lower middle income,2023,0.348
KGZ,KG,Kyrgyz Republic,Europe & Central Asia,Lower middle income,2024,0.321
KHM,KH,Cambodia,East Asia & Pacific,Lower middle income,2000,0.318
KHM,KH,Cambodia,East Asia & Pacific,Lower middle income,2001,0.317
KHM,KH,Cambodia,East Asia & Pacific,Lower middle income,2002,0.317
KHM,KH,Cambodia,East Asia & Pacific,Lower middle income,2003,0.321
KHM,KH,Cambodia,East Asia & Pacific,Lower middle income,2004,0.324
KHM,KH,Cambodia,East Asia & Pacific,Lower middle income,2005,0.32
KHM,KH,Cambodia,East Asia & Pacific,Lower middle income,2006,0.32
KHM,KH,Cambodia,East Asia & Pacific,Lower middle income,2007,0.319
KHM,KH,Cambodia,East Asia & Pacific,Lower middle income,2008,0.316
KHM,KH,Cambodia,East Asia & Pacific,Lower middle income,2009,0.308
KHM,KH,Cambodia,East Asia & Pacific,Lower middle income,2010,0.308
KHM,KH,Cambodia,East Asia & Pacific,Lower middle income,2011,0.308
KHM,KH,Cambodia,East Asia & Pacific,Lower middle income,2012,0.305
KHM,KH,Cambodia,East Asia & Pacific,Lower middle income,2013,0.297
KHM,KH,Cambodia,East Asia & Pacific,Lower middle income,2014,0.293
KHM,KH,Cambodia,East Asia & Pacific,Lower middle income,2015,0.291
KHM,KH,Cambodia,East Asia & Pacific,Lower middle income,2016,0.275
KHM,KH,Cambodia,East Asia & Pacific,Lower middle income,2017,0.234
KHM,KH,Cambodia,East Asia & Pacific,Lower middle income,2018,0.211
KHM,KH,Cambodia,East Asia & Pacific,Lower middle income,2019,0.194
KHM,KH,Cambodia,East Asia & Pacific,Lower middle income,2020,0.191
KHM,KH,Cambodia,East Asia & Pacific,Lower middle income,2021,0.19
KHM,KH,Cambodia,East Asia & Pacific,Lower middle income,2022,0.199
KHM,KH,Cambodia,East Asia & Pacific,Lower middle income,2023,0.189
KHM,KH,Cambodia,East Asia & Pacific,Lower middle income,2024,0.184
KIR,KI,Kiribati,East Asia & Pacific,Lower middle income,2000,
KIR,KI,Kiribati,East Asia & Pacific,Lower middle income,2001,
KIR,KI,Kiribati,East Asia & Pacific,Lower middle income,2002,
KIR,KI,Kiribati,East Asia & Pacific,Lower middle income,2003,
KIR,KI,Kiribati,East Asia & Pacific,Lower middle income,2004,
KIR,KI,Kiribati,East Asia & Pacific,Lower middle income,2005,
KIR,KI,Kiribati,East Asia & Pacific,Lower middle income,2006,
KIR,KI,Kiribati,East Asia & Pacific,Lower middle income,2007,
KIR,KI,Kiribati,East Asia & Pacific,Lower middle income,2008,
KIR,KI,Kiribati,East Asia & Pacific,Lower middle income,2009,
KIR,KI,Kiribati,East Asia & Pacific,Lower middle income,2010,
KIR,KI,Kiribati,East Asia & Pacific,Lower middle income,2011,
KIR,KI,Kiribati,East Asia & Pacific,Lower middle income,2012,
KIR,KI,Kiribati,East Asia & Pacific,Lower middle income,2013,
KIR,KI,Kiribati,East Asia & Pacific,Lower middle income,2014,
KIR,KI,Kiribati,East Asia & Pacific,Lower middle income,2015,
KIR,KI,Kiribati,East Asia & Pacific,Lower middle income,2016,
KIR,KI,Kiribati,East Asia & Pacific,Lower middle income,2017,
KIR,KI,Kiribati,East Asia & Pacific,Lower middle income,2018,
KIR,KI,Kiribati,East Asia & Pacific,Lower middle income,2019,
KIR,KI,Kiribati,East Asia & Pacific,Lower middle income,2020,
KIR,KI,Kiribati,East Asia & Pacific,Lower middle income,2021,
KIR,KI,Kiribati,East Asia & Pacific,Lower middle income,2022,
KIR,KI,Kiribati,East Asia & Pacific,Lower middle income,2023,
KIR,KI,Kiribati,East Asia & Pacific,Lower middle income,2024,
KNA,KN,St. Kitts and Nevis,Latin America & Caribbean,High income,2000,
KNA,KN,St. Kitts and Nevis,Latin America & Caribbean,High income,2001,
KNA,KN,St. Kitts and Nevis,Latin America & Caribbean,High income,2002,
KNA,KN,St. Kitts and Nevis,Latin America & Caribbean,High income,2003,
KNA,KN,St. Kitts and Nevis,Latin America & Caribbean,High income,2004,
KNA,KN,St. Kitts and Nevis,Latin America & Caribbean,High income,2005,
KNA,KN,St. Kitts and Nevis,Latin America & Caribbean,High income,2006,
KNA,KN,St. Kitts and Nevis,Latin America & Caribbean,High income,2007,
KNA,KN,St. Kitts and Nevis,Latin America & Caribbean,High income,2008,
KNA,KN,St. Kitts and Nevis,Latin America & Caribbean,High income,2009,
KNA,KN,St. Kitts and Nevis,Latin America & Caribbean,High income,2010,
KNA,KN,St. Kitts and Nevis,Latin America & Caribbean,High income,2011,
KNA,KN,St. Kitts and Nevis,Latin America & Caribbean,High income,2012,
KNA,KN,St. Kitts and Nevis,Latin America & Caribbean,High income,2013,
KNA,KN,St. Kitts and Nevis,Latin America & Caribbean,High income,2014,
KNA,KN,St. Kitts and Nevis,Latin America & Caribbean,High income,2015,
KNA,KN,St. Kitts and Nevis,Latin America & Caribbean,High income,2016,
KNA,KN,St. Kitts and Nevis,Latin America & Caribbean,High income,2017,
KNA,KN,St. Kitts and Nevis,Latin America & Caribbean,High income,2018,
KNA,KN,St. Kitts and Nevis,Latin America & Caribbean,High income,2019,
KNA,KN,St. Kitts and Nevis,Latin America & Caribbean,High income,2020,
KNA,KN,St. Kitts and Nevis,Latin America & Caribbean,High income,2021,
KNA,KN,St. Kitts and Nevis,Latin America & Caribbean,High income,2022,
KNA,KN,St. Kitts and Nevis,Latin America & Caribbean,High income,2023,
KNA,KN,St. Kitts and Nevis,Latin America & Caribbean,High income,2024,
KOR,KR,"Korea, Rep.",East Asia & Pacific,High income,2000,0.829
KOR,KR,"Korea, Rep.",East Asia & Pacific,High income,2001,0.833
KOR,KR,"Korea, Rep.",East Asia & Pacific,High income,2002,0.833
KOR,KR,"Korea, Rep.",East Asia & Pacific,High income,2003,0.835
KOR,KR,"Korea, Rep.",East Asia & Pacific,High income,2004,0.834
KOR,KR,"Korea, Rep.",East Asia & Pacific,High income,2005,0.834
KOR,KR,"Korea, Rep.",East Asia & Pacific,High income,2006,0.834
KOR,KR,"Korea, Rep.",East Asia & Pacific,High income,2007,0.834
KOR,KR,"Korea, Rep.",East Asia & Pacific,High income,2008,0.759
KOR,KR,"Korea, Rep.",East Asia & Pacific,High income,2009,0.759
KOR,KR,"Korea, Rep.",East Asia & Pacific,High income,2010,0.762
KOR,KR,"Korea, Rep.",East Asia & Pacific,High income,2011,0.762
KOR,KR,"Korea, Rep.",East Asia & Pacific,High income,2012,0.753
KOR,KR,"Korea, Rep.",East Asia & Pacific,High income,2013,0.716
KOR,KR,"Korea, Rep.",East Asia & Pacific,High income,2014,0.705
KOR,KR,"Korea, Rep.",East Asia & Pacific,High income,2015,0.705
KOR,KR,"Korea, Rep.",East Asia & Pacific,High income,2016,0.718
KOR,KR,"Korea, Rep.",East Asia & Pacific,High income,2017,0.852
KOR,KR,"Korea, Rep.",East Asia & Pacific,High income,2018,0.857
KOR,KR,"Korea, Rep.",East Asia & Pacific,High income,2019,0.842
KOR,KR,"Korea, Rep.",East Asia & Pacific,High income,2020,0.85
KOR,KR,"Korea, Rep.",East Asia & Pacific,High income,2021,0.852
KOR,KR,"Korea, Rep.",East Asia & Pacific,High income,2022,0.802
KOR,KR,"Korea, Rep.",East Asia & Pacific,High income,2023,0.722
KOR,KR,"Korea, Rep.",East Asia & Pacific,High income,2024,0.724
KWT,KW,Kuwait,"Middle East, North Africa, Afghanistan & Pakistan",High income,2000,0.282
KWT,KW,Kuwait,"Middle East, North Africa, Afghanistan & Pakistan",High income,2001,0.266
KWT,KW,Kuwait,"Middle East, North Africa, Afghanistan & Pakistan",High income,2002,0.278
KWT,KW,Kuwait,"Middle East, North Africa, Afghanistan & Pakistan",High income,2003,0.282
KWT,KW,Kuwait,"Middle East, North Africa, Afghanistan & Pakistan",High income,2004,0.282
KWT,KW,Kuwait,"Middle East, North Africa, Afghanistan & Pakistan",High income,2005,0.326
KWT,KW,Kuwait,"Middle East, North Africa, Afghanistan & Pakistan",High income,2006,0.326
KWT,KW,Kuwait,"Middle East, North Africa, Afghanistan & Pakistan",High income,2007,0.323
KWT,KW,Kuwait,"Middle East, North Africa, Afghanistan & Pakistan",High income,2008,0.324
KWT,KW,Kuwait,"Middle East, North Africa, Afghanistan & Pakistan",High income,2009,0.324
KWT,KW,Kuwait,"Middle East, North Africa, Afghanistan & Pakistan",High income,2010,0.32
KWT,KW,Kuwait,"Middle East, North Africa, Afghanistan & Pakistan",High income,2011,0.319
KWT,KW,Kuwait,"Middle East, North Africa, Afghanistan & Pakistan",High income,2012,0.31
KWT,KW,Kuwait,"Middle East, North Africa, Afghanistan & Pakistan",High income,2013,0.311
KWT,KW,Kuwait,"Middle East, North Africa, Afghanistan & Pakistan",High income,2014,0.315
KWT,KW,Kuwait,"Middle East, North Africa, Afghanistan & Pakistan",High income,2015,0.311
KWT,KW,Kuwait,"Middle East, North Africa, Afghanistan & Pakistan",High income,2016,0.311
KWT,KW,Kuwait,"Middle East, North Africa, Afghanistan & Pakistan",High income,2017,0.326
KWT,KW,Kuwait,"Middle East, North Africa, Afghanistan & Pakistan",High income,2018,0.32
KWT,KW,Kuwait,"Middle East, North Africa, Afghanistan & Pakistan",High income,2019,0.323
KWT,KW,Kuwait,"Middle East, North Africa, Afghanistan & Pakistan",High income,2020,0.317
KWT,KW,Kuwait,"Middle East, North Africa, Afghanistan & Pakistan",High income,2021,0.301
KWT,KW,Kuwait,"Middle East, North Africa, Afghanistan & Pakistan",High income,2022,0.298
KWT,KW,Kuwait,"Middle East, North Africa, Afghanistan & Pakistan",High income,2023,0.314
KWT,KW,Kuwait,"Middle East, North Africa, Afghanistan & Pakistan",High income,2024,0.198
LAO,LA,Lao PDR,East Asia & Pacific,Lower middle income,2000,0.087
LAO,LA,Lao PDR,East Asia & Pacific,Lower middle income,2001,0.087
LAO,LA,Lao PDR,East Asia & Pacific,Lower middle income,2002,0.09
LAO,LA,Lao PDR,East Asia & Pacific,Lower middle income,2003,0.09
LAO,LA,Lao PDR,East Asia & Pacific,Lower middle income,2004,0.09
LAO,LA,Lao PDR,East Asia & Pacific,Lower middle income,2005,0.09
LAO,LA,Lao PDR,East Asia & Pacific,Lower middle income,2006,0.09
LAO,LA,Lao PDR,East Asia & Pacific,Lower middle income,2007,0.089
LAO,LA,Lao PDR,East Asia & Pacific,Lower middle income,2008,0.09
LAO,LA,Lao PDR,East Asia & Pacific,Lower middle income,2009,0.09
LAO,LA,Lao PDR,East Asia & Pacific,Lower middle income,2010,0.092
LAO,LA,Lao PDR,East Asia & Pacific,Lower middle income,2011,0.09
LAO,LA,Lao PDR,East Asia & Pacific,Lower middle income,2012,0.09
LAO,LA,Lao PDR,East Asia & Pacific,Lower middle income,2013,0.091
LAO,LA,Lao PDR,East Asia & Pacific,Lower middle income,2014,0.091
LAO,LA,Lao PDR,East Asia & Pacific,Lower middle income,2015,0.09
LAO,LA,Lao PDR,East Asia & Pacific,Lower middle income,2016,0.093
LAO,LA,Lao PDR,East Asia & Pacific,Lower middle income,2017,0.124
LAO,LA,Lao PDR,East Asia & Pacific,Lower middle income,2018,0.125
LAO,LA,Lao PDR,East Asia & Pacific,Lower middle income,2019,0.127
LAO,LA,Lao PDR,East Asia & Pacific,Lower middle income,2020,0.126
LAO,LA,Lao PDR,East Asia & Pacific,Lower middle income,2021,0.135
LAO,LA,Lao PDR,East Asia & Pacific,Lower middle income,2022,0.134
LAO,LA,Lao PDR,East Asia & Pacific,Lower middle income,2023,0.132
LAO,LA,Lao PDR,East Asia & Pacific,Lower middle income,2024,0.135
LBN,LB,Lebanon,"Middle East, North Africa, Afghanistan & Pakistan",Lower middle income,2000,0.323
LBN,LB,Lebanon,"Middle East, North Africa, Afghanistan & Pakistan",Lower middle income,2001,0.354
LBN,LB,Lebanon,"Middle East, North Africa, Afghanistan & Pakistan",Lower middle income,2002,0.351
LBN,LB,Lebanon,"Middle East, North Africa, Afghanistan & Pakistan",Lower middle income,2003,0.351
LBN,LB,Lebanon,"Middle East, North Africa, Afghanistan & Pakistan",Lower middle income,2004,0.355
LBN,LB,Lebanon,"Middle East, North Africa, Afghanistan & Pakistan",Lower middle income,2005,0.402
LBN,LB,Lebanon,"Middle East, North Africa, Afghanistan & Pakistan",Lower middle income,2006,0.441
LBN,LB,Lebanon,"Middle East, North Africa, Afghanistan & Pakistan",Lower middle income,2007,0.442
LBN,LB,Lebanon,"Middle East, North Africa, Afghanistan & Pakistan",Lower middle income,2008,0.443
LBN,LB,Lebanon,"Middle East, North Africa, Afghanistan & Pakistan",Lower middle income,2009,0.467
LBN,LB,Lebanon,"Middle East, North Africa, Afghanistan & Pakistan",Lower middle income,2010,0.466
LBN,LB,Lebanon,"Middle East, North Africa, Afghanistan & Pakistan",Lower middle income,2011,0.479
LBN,LB,Lebanon,"Middle East, North Africa, Afghanistan & Pakistan",Lower middle income,2012,0.477
LBN,LB,Lebanon,"Middle East, North Africa, Afghanistan & Pakistan",Lower middle income,2013,0.486
LBN,LB,Lebanon,"Middle East, North Africa, Afghanistan & Pakistan",Lower middle income,2014,0.486
LBN,LB,Lebanon,"Middle East, North Africa, Afghanistan & Pakistan",Lower middle income,2015,0.48
LBN,LB,Lebanon,"Middle East, North Africa, Afghanistan & Pakistan",Lower middle income,2016,0.479
LBN,LB,Lebanon,"Middle East, North Africa, Afghanistan & Pakistan",Lower middle income,2017,0.47
LBN,LB,Lebanon,"Middle East, North Africa, Afghanistan & Pakistan",Lower middle income,2018,0.44
LBN,LB,Lebanon,"Middle East, North Africa, Afghanistan & Pakistan",Lower middle income,2019,0.429
LBN,LB,Lebanon,"Middle East, North Africa, Afghanistan & Pakistan",Lower middle income,2020,0.436
LBN,LB,Lebanon,"Middle East, North Africa, Afghanistan & Pakistan",Lower middle income,2021,0.433
LBN,LB,Lebanon,"Middle East, North Africa, Afghanistan & Pakistan",Lower middle income,2022,0.405
LBN,LB,Lebanon,"Middle East, North Africa, Afghanistan & Pakistan",Lower middle income,2023,0.361
LBN,LB,Lebanon,"Middle East, North Africa, Afghanistan & Pakistan",Lower middle income,2024,0.347
LBR,LR,Liberia,Sub-Saharan Africa,Low income,2000,0.346
LBR,LR,Liberia,Sub-Saharan Africa,Low income,2001,0.343
LBR,LR,Liberia,Sub-Saharan Africa,Low income,2002,0.343
LBR,LR,Liberia,Sub-Saharan Africa,Low income,2003,0.303
LBR,LR,Liberia,Sub-Saharan Africa,Low income,2004,0.239
LBR,LR,Liberia,Sub-Saharan Africa,Low income,2005,0.276
LBR,LR,Liberia,Sub-Saharan Africa,Low income,2006,0.643
LBR,LR,Liberia,Sub-Saharan Africa,Low income,2007,0.655
LBR,LR,Liberia,Sub-Saharan Africa,Low income,2008,0.655
LBR,LR,Liberia,Sub-Saharan Africa,Low income,2009,0.657
LBR,LR,Liberia,Sub-Saharan Africa,Low income,2010,0.649
LBR,LR,Liberia,Sub-Saharan Africa,Low income,2011,0.646
LBR,LR,Liberia,Sub-Saharan Africa,Low income,2012,0.64
LBR,LR,Liberia,Sub-Saharan Africa,Low income,2013,0.618
LBR,LR,Liberia,Sub-Saharan Africa,Low income,2014,0.611
LBR,LR,Liberia,Sub-Saharan Africa,Low income,2015,0.611
LBR,LR,Liberia,Sub-Saharan Africa,Low income,2016,0.615
LBR,LR,Liberia,Sub-Saharan Africa,Low income,2017,0.62
LBR,LR,Liberia,Sub-Saharan Africa,Low income,2018,0.621
LBR,LR,Liberia,Sub-Saharan Africa,Low income,2019,0.623
LBR,LR,Liberia,Sub-Saharan Africa,Low income,2020,0.633
LBR,LR,Liberia,Sub-Saharan Africa,Low income,2021,0.616
LBR,LR,Liberia,Sub-Saharan Africa,Low income,2022,0.618
LBR,LR,Liberia,Sub-Saharan Africa,Low income,2023,0.624
LBR,LR,Liberia,Sub-Saharan Africa,Low income,2024,0.61
LBY,LY,Libya,"Middle East, North Africa, Afghanistan & Pakistan",Upper middle income,2000,0.072
LBY,LY,Libya,"Middle East, North Africa, Afghanistan & Pakistan",Upper middle income,2001,0.072
LBY,LY,Libya,"Middle East, North Africa, Afghanistan & Pakistan",Upper middle income,2002,0.072
LBY,LY,Libya,"Middle East, North Africa, Afghanistan & Pakistan",Upper middle income,2003,0.072
LBY,LY,Libya,"Middle East, North Africa, Afghanistan & Pakistan",Upper middle income,2004,0.072
LBY,LY,Libya,"Middle East, North Africa, Afghanistan & Pakistan",Upper middle income,2005,0.072
LBY,LY,Libya,"Middle East, North Africa, Afghanistan & Pakistan",Upper middle income,2006,0.072
LBY,LY,Libya,"Middle East, North Africa, Afghanistan & Pakistan",Upper middle income,2007,0.072
LBY,LY,Libya,"Middle East, North Africa, Afghanistan & Pakistan",Upper middle income,2008,0.072
LBY,LY,Libya,"Middle East, North Africa, Afghanistan & Pakistan",Upper middle income,2009,0.071
LBY,LY,Libya,"Middle East, North Africa, Afghanistan & Pakistan",Upper middle income,2010,0.071
LBY,LY,Libya,"Middle East, North Africa, Afghanistan & Pakistan",Upper middle income,2011,0.175
LBY,LY,Libya,"Middle East, North Africa, Afghanistan & Pakistan",Upper middle income,2012,0.329
LBY,LY,Libya,"Middle East, North Africa, Afghanistan & Pakistan",Upper middle income,2013,0.54
LBY,LY,Libya,"Middle East, North Africa, Afghanistan & Pakistan",Upper middle income,2014,0.28
LBY,LY,Libya,"Middle East, North Africa, Afghanistan & Pakistan",Upper middle income,2015,0.285
LBY,LY,Libya,"Middle East, North Africa, Afghanistan & Pakistan",Upper middle income,2016,0.285
LBY,LY,Libya,"Middle East, North Africa, Afghanistan & Pakistan",Upper middle income,2017,0.273
LBY,LY,Libya,"Middle East, North Africa, Afghanistan & Pakistan",Upper middle income,2018,0.268
LBY,LY,Libya,"Middle East, North Africa, Afghanistan & Pakistan",Upper middle income,2019,0.263
LBY,LY,Libya,"Middle East, North Africa, Afghanistan & Pakistan",Upper middle income,2020,0.266
LBY,LY,Libya,"Middle East, North Africa, Afghanistan & Pakistan",Upper middle income,2021,0.216
LBY,LY,Libya,"Middle East, North Africa, Afghanistan & Pakistan",Upper middle income,2022,0.206
LBY,LY,Libya,"Middle East, North Africa, Afghanistan & Pakistan",Upper middle income,2023,0.196
LBY,LY,Libya,"Middle East, North Africa, Afghanistan & Pakistan",Upper middle income,2024,0.195
LCA,LC,St. Lucia,Latin America & Caribbean,Upper middle income,2000,
LCA,LC,St. Lucia,Latin America & Caribbean,Upper middle income,2001,
LCA,LC,St. Lucia,Latin America & Caribbean,Upper middle income,2002,
LCA,LC,St. Lucia,Latin America & Caribbean,Upper middle income,2003,
LCA,LC,St. Lucia,Latin America & Caribbean,Upper middle income,2004,
LCA,LC,St. Lucia,Latin America & Caribbean,Upper middle income,2005,
LCA,LC,St. Lucia,Latin America & Caribbean,Upper middle income,2006,
LCA,LC,St. Lucia,Latin America & Caribbean,Upper middle income,2007,
LCA,LC,St. Lucia,Latin America & Caribbean,Upper middle income,2008,
LCA,LC,St. Lucia,Latin America & Caribbean,Upper middle income,2009,
LCA,LC,St. Lucia,Latin America & Caribbean,Upper middle income,2010,
LCA,LC,St. Lucia,Latin America & Caribbean,Upper middle income,2011,
LCA,LC,St. Lucia,Latin America & Caribbean,Upper middle income,2012,
LCA,LC,St. Lucia,Latin America & Caribbean,Upper middle income,2013,
LCA,LC,St. Lucia,Latin America & Caribbean,Upper middle income,2014,
LCA,LC,St. Lucia,Latin America & Caribbean,Upper middle income,2015,
LCA,LC,St. Lucia,Latin America & Caribbean,Upper middle income,2016,
LCA,LC,St. Lucia,Latin America & Caribbean,Upper middle income,2017,
LCA,LC,St. Lucia,Latin America & Caribbean,Upper middle income,2018,
LCA,LC,St. Lucia,Latin America & Caribbean,Upper middle income,2019,
LCA,LC,St. Lucia,Latin America & Caribbean,Upper middle income,2020,
LCA,LC,St. Lucia,Latin America & Caribbean,Upper middle income,2021,
LCA,LC,St. Lucia,Latin America & Caribbean,Upper middle income,2022,
LCA,LC,St. Lucia,Latin America & Caribbean,Upper middle income,2023,
LCA,LC,St. Lucia,Latin America & Caribbean,Upper middle income,2024,
LIE,LI,Liechtenstein,Europe & Central Asia,High income,2000,
LIE,LI,Liechtenstein,Europe & Central Asia,High income,2001,
LIE,LI,Liechtenstein,Europe & Central Asia,High income,2002,
LIE,LI,Liechtenstein,Europe & Central Asia,High income,2003,
LIE,LI,Liechtenstein,Europe & Central Asia,High income,2004,
LIE,LI,Liechtenstein,Europe & Central Asia,High income,2005,
LIE,LI,Liechtenstein,Europe & Central Asia,High income,2006,
LIE,LI,Liechtenstein,Europe & Central Asia,High income,2007,
LIE,LI,Liechtenstein,Europe & Central Asia,High income,2008,
LIE,LI,Liechtenstein,Europe & Central Asia,High income,2009,
LIE,LI,Liechtenstein,Europe & Central Asia,High income,2010,
LIE,LI,Liechtenstein,Europe & Central Asia,High income,2011,
LIE,LI,Liechtenstein,Europe & Central Asia,High income,2012,
LIE,LI,Liechtenstein,Europe & Central Asia,High income,2013,
LIE,LI,Liechtenstein,Europe & Central Asia,High income,2014,
LIE,LI,Liechtenstein,Europe & Central Asia,High income,2015,
LIE,LI,Liechtenstein,Europe & Central Asia,High income,2016,
LIE,LI,Liechtenstein,Europe & Central Asia,High income,2017,
LIE,LI,Liechtenstein,Europe & Central Asia,High income,2018,
LIE,LI,Liechtenstein,Europe & Central Asia,High income,2019,
LIE,LI,Liechtenstein,Europe & Central Asia,High income,2020,
LIE,LI,Liechtenstein,Europe & Central Asia,High income,2021,
LIE,LI,Liechtenstein,Europe & Central Asia,High income,2022,
LIE,LI,Liechtenstein,Europe & Central Asia,High income,2023,
LIE,LI,Liechtenstein,Europe & Central Asia,High income,2024,
LKA,LK,Sri Lanka,South Asia,Upper middle income,2000,0.494
LKA,LK,Sri Lanka,South Asia,Upper middle income,2001,0.496
LKA,LK,Sri Lanka,South Asia,Upper middle income,2002,0.529
LKA,LK,Sri Lanka,South Asia,Upper middle income,2003,0.529
LKA,LK,Sri Lanka,South Asia,Upper middle income,2004,0.513
LKA,LK,Sri Lanka,South Asia,Upper middle income,2005,0.435
LKA,LK,Sri Lanka,South Asia,Upper middle income,2006,0.373
LKA,LK,Sri Lanka,South Asia,Upper middle income,2007,0.373
LKA,LK,Sri Lanka,South Asia,Upper middle income,2008,0.368
LKA,LK,Sri Lanka,South Asia,Upper middle income,2009,0.366
LKA,LK,Sri Lanka,South Asia,Upper middle income,2010,0.386
LKA,LK,Sri Lanka,South Asia,Upper middle income,2011,0.384
LKA,LK,Sri Lanka,South Asia,Upper middle income,2012,0.39
LKA,LK,Sri Lanka,South Asia,Upper middle income,2013,0.418
LKA,LK,Sri Lanka,South Asia,Upper middle income,2014,0.417
LKA,LK,Sri Lanka,South Asia,Upper middle income,2015,0.55
LKA,LK,Sri Lanka,South Asia,Upper middle income,2016,0.595
LKA,LK,Sri Lanka,South Asia,Upper middle income,2017,0.591
LKA,LK,Sri Lanka,South Asia,Upper middle income,2018,0.612
LKA,LK,Sri Lanka,South Asia,Upper middle income,2019,0.564
LKA,LK,Sri Lanka,South Asia,Upper middle income,2020,0.579
LKA,LK,Sri Lanka,South Asia,Upper middle income,2021,0.572
LKA,LK,Sri Lanka,South Asia,Upper middle income,2022,0.602
LKA,LK,Sri Lanka,South Asia,Upper middle income,2023,0.585
LKA,LK,Sri Lanka,South Asia,Upper middle income,2024,0.677
LSO,LS,Lesotho,Sub-Saharan Africa,Lower middle income,2000,0.315
LSO,LS,Lesotho,Sub-Saharan Africa,Lower middle income,2001,0.315
LSO,LS,Lesotho,Sub-Saharan Africa,Lower middle income,2002,0.496
LSO,LS,Lesotho,Sub-Saharan Africa,Lower middle income,2003,0.614
LSO,LS,Lesotho,Sub-Saharan Africa,Lower middle income,2004,0.614
LSO,LS,Lesotho,Sub-Saharan Africa,Lower middle income,2005,0.614
LSO,LS,Lesotho,Sub-Saharan Africa,Lower middle income,2006,0.614
LSO,LS,Lesotho,Sub-Saharan Africa,Lower middle income,2007,0.568
LSO,LS,Lesotho,Sub-Saharan Africa,Lower middle income,2008,0.561
LSO,LS,Lesotho,Sub-Saharan Africa,Lower middle income,2009,0.559
LSO,LS,Lesotho,Sub-Saharan Africa,Lower middle income,2010,0.566
LSO,LS,Lesotho,Sub-Saharan Africa,Lower middle income,2011,0.574
LSO,LS,Lesotho,Sub-Saharan Africa,Lower middle income,2012,0.582
LSO,LS,Lesotho,Sub-Saharan Africa,Lower middle income,2013,0.619
LSO,LS,Lesotho,Sub-Saharan Africa,Lower middle income,2014,0.621
LSO,LS,Lesotho,Sub-Saharan Africa,Lower middle income,2015,0.597
LSO,LS,Lesotho,Sub-Saharan Africa,Lower middle income,2016,0.576
LSO,LS,Lesotho,Sub-Saharan Africa,Lower middle income,2017,0.501
LSO,LS,Lesotho,Sub-Saharan Africa,Lower middle income,2018,0.601
LSO,LS,Lesotho,Sub-Saharan Africa,Lower middle income,2019,0.621
LSO,LS,Lesotho,Sub-Saharan Africa,Lower middle income,2020,0.627
LSO,LS,Lesotho,Sub-Saharan Africa,Lower middle income,2021,0.616
LSO,LS,Lesotho,Sub-Saharan Africa,Lower middle income,2022,0.648
LSO,LS,Lesotho,Sub-Saharan Africa,Lower middle income,2023,0.667
LSO,LS,Lesotho,Sub-Saharan Africa,Lower middle income,2024,0.652
LTU,LT,Lithuania,Europe & Central Asia,High income,2000,0.822
LTU,LT,Lithuania,Europe & Central Asia,High income,2001,0.816
LTU,LT,Lithuania,Europe & Central Asia,High income,2002,0.816
LTU,LT,Lithuania,Europe & Central Asia,High income,2003,0.814
LTU,LT,Lithuania,Europe & Central Asia,High income,2004,0.819
LTU,LT,Lithuania,Europe & Central Asia,High income,2005,0.822
LTU,LT,Lithuania,Europe & Central Asia,High income,2006,0.822
LTU,LT,Lithuania,Europe & Central Asia,High income,2007,0.822
LTU,LT,Lithuania,Europe & Central Asia,High income,2008,0.824
LTU,LT,Lithuania,Europe & Central Asia,High income,2009,0.846
LTU,LT,Lithuania,Europe & Central Asia,High income,2010,0.85
LTU,LT,Lithuania,Europe & Central Asia,High income,2011,0.847
LTU,LT,Lithuania,Europe & Central Asia,High income,2012,0.839
LTU,LT,Lithuania,Europe & Central Asia,High income,2013,0.826
LTU,LT,Lithuania,Europe & Central Asia,High income,2014,0.829
LTU,LT,Lithuania,Europe & Central Asia,High income,2015,0.836
LTU,LT,Lithuania,Europe & Central Asia,High income,2016,0.825
LTU,LT,Lithuania,Europe & Central Asia,High income,2017,0.808
LTU,LT,Lithuania,Europe & Central Asia,High income,2018,0.818
LTU,LT,Lithuania,Europe & Central Asia,High income,2019,0.817
LTU,LT,Lithuania,Europe & Central Asia,High income,2020,0.802
LTU,LT,Lithuania,Europe & Central Asia,High income,2021,0.793
LTU,LT,Lithuania,Europe & Central Asia,High income,2022,0.793
LTU,LT,Lithuania,Europe & Central Asia,High income,2023,0.785
LTU,LT,Lithuania,Europe & Central Asia,High income,2024,0.798
LUX,LU,Luxembourg,Europe & Central Asia,High income,2000,0.869
LUX,LU,Luxembourg,Europe & Central Asia,High income,2001,0.869
LUX,LU,Luxembourg,Europe & Central Asia,High income,2002,0.869
LUX,LU,Luxembourg,Europe & Central Asia,High income,2003,0.869
LUX,LU,Luxembourg,Europe & Central Asia,High income,2004,0.869
LUX,LU,Luxembourg,Europe & Central Asia,High income,2005,0.87
LUX,LU,Luxembourg,Europe & Central Asia,High income,2006,0.87
LUX,LU,Luxembourg,Europe & Central Asia,High income,2007,0.87
LUX,LU,Luxembourg,Europe & Central Asia,High income,2008,0.87
LUX,LU,Luxembourg,Europe & Central Asia,High income,2009,0.871
LUX,LU,Luxembourg,Europe & Central Asia,High income,2010,0.872
LUX,LU,Luxembourg,Europe & Central Asia,High income,2011,0.872
LUX,LU,Luxembourg,Europe & Central Asia,High income,2012,0.872
LUX,LU,Luxembourg,Europe & Central Asia,High income,2013,0.873
LUX,LU,Luxembourg,Europe & Central Asia,High income,2014,0.874
LUX,LU,Luxembourg,Europe & Central Asia,High income,2015,0.874
LUX,LU,Luxembourg,Europe & Central Asia,High income,2016,0.874
LUX,LU,Luxembourg,Europe & Central Asia,High income,2017,0.874
LUX,LU,Luxembourg,Europe & Central Asia,High income,2018,0.874
LUX,LU,Luxembourg,Europe & Central Asia,High income,2019,0.872
LUX,LU,Luxembourg,Europe & Central Asia,High income,2020,0.872
LUX,LU,Luxembourg,Europe & Central Asia,High income,2021,0.872
LUX,LU,Luxembourg,Europe & Central Asia,High income,2022,0.872
LUX,LU,Luxembourg,Europe & Central Asia,High income,2023,0.871
LUX,LU,Luxembourg,Europe & Central Asia,High income,2024,0.869
LVA,LV,Latvia,Europe & Central Asia,High income,2000,0.816
LVA,LV,Latvia,Europe & Central Asia,High income,2001,0.816
LVA,LV,Latvia,Europe & Central Asia,High income,2002,0.815
LVA,LV,Latvia,Europe & Central Asia,High income,2003,0.822
LVA,LV,Latvia,Europe & Central Asia,High income,2004,0.822
LVA,LV,Latvia,Europe & Central Asia,High income,2005,0.822
LVA,LV,Latvia,Europe & Central Asia,High income,2006,0.814
LVA,LV,Latvia,Europe & Central Asia,High income,2007,0.793
LVA,LV,Latvia,Europe & Central Asia,High income,2008,0.792
LVA,LV,Latvia,Europe & Central Asia,High income,2009,0.793
LVA,LV,Latvia,Europe & Central Asia,High income,2010,0.798
LVA,LV,Latvia,Europe & Central Asia,High income,2011,0.816
LVA,LV,Latvia,Europe & Central Asia,High income,2012,0.82
LVA,LV,Latvia,Europe & Central Asia,High income,2013,0.83
LVA,LV,Latvia,Europe & Central Asia,High income,2014,0.832
LVA,LV,Latvia,Europe & Central Asia,High income,2015,0.838
LVA,LV,Latvia,Europe & Central Asia,High income,2016,0.84
LVA,LV,Latvia,Europe & Central Asia,High income,2017,0.833
LVA,LV,Latvia,Europe & Central Asia,High income,2018,0.832
LVA,LV,Latvia,Europe & Central Asia,High income,2019,0.826
LVA,LV,Latvia,Europe & Central Asia,High income,2020,0.822
LVA,LV,Latvia,Europe & Central Asia,High income,2021,0.831
LVA,LV,Latvia,Europe & Central Asia,High income,2022,0.829
LVA,LV,Latvia,Europe & Central Asia,High income,2023,0.846
LVA,LV,Latvia,Europe & Central Asia,High income,2024,0.834
MAC,MO,"Macao SAR, China",East Asia & Pacific,High income,2000,
MAC,MO,"Macao SAR, China",East Asia & Pacific,High income,2001,
MAC,MO,"Macao SAR, China",East Asia & Pacific,High income,2002,
MAC,MO,"Macao SAR, China",East Asia & Pacific,High income,2003,
MAC,MO,"Macao SAR, China",East Asia & Pacific,High income,2004,
MAC,MO,"Macao SAR, China",East Asia & Pacific,High income,2005,
MAC,MO,"Macao SAR, China",East Asia & Pacific,High income,2006,
MAC,MO,"Macao SAR, China",East Asia & Pacific,High income,2007,
MAC,MO,"Macao SAR, China",East Asia & Pacific,High income,2008,
MAC,MO,"Macao SAR, China",East Asia & Pacific,High income,2009,
MAC,MO,"Macao SAR, China",East Asia & Pacific,High income,2010,
MAC,MO,"Macao SAR, China",East Asia & Pacific,High income,2011,
MAC,MO,"Macao SAR, China",East Asia & Pacific,High income,2012,
MAC,MO,"Macao SAR, China",East Asia & Pacific,High income,2013,
MAC,MO,"Macao SAR, China",East Asia & Pacific,High income,2014,
MAC,MO,"Macao SAR, China",East Asia & Pacific,High income,2015,
MAC,MO,"Macao SAR, China",East Asia & Pacific,High income,2016,
MAC,MO,"Macao SAR, China",East Asia & Pacific,High income,2017,
MAC,MO,"Macao SAR, China",East Asia & Pacific,High income,2018,
MAC,MO,"Macao SAR, China",East Asia & Pacific,High income,2019,
MAC,MO,"Macao SAR, China",East Asia & Pacific,High income,2020,
MAC,MO,"Macao SAR, China",East Asia & Pacific,High income,2021,
MAC,MO,"Macao SAR, China",East Asia & Pacific,High income,2022,
MAC,MO,"Macao SAR, China",East Asia & Pacific,High income,2023,
MAC,MO,"Macao SAR, China",East Asia & Pacific,High income,2024,
MAF,MF,St. Martin (French part),Latin America & Caribbean,High income,2000,
MAF,MF,St. Martin (French part),Latin America & Caribbean,High income,2001,
MAF,MF,St. Martin (French part),Latin America & Caribbean,High income,2002,
MAF,MF,St. Martin (French part),Latin America & Caribbean,High income,2003,
MAF,MF,St. Martin (French part),Latin America & Caribbean,High income,2004,
MAF,MF,St. Martin (French part),Latin America & Caribbean,High income,2005,
MAF,MF,St. Martin (French part),Latin America & Caribbean,High income,2006,
MAF,MF,St. Martin (French part),Latin America & Caribbean,High income,2007,
MAF,MF,St. Martin (French part),Latin America & Caribbean,High income,2008,
MAF,MF,St. Martin (French part),Latin America & Caribbean,High income,2009,
MAF,MF,St. Martin (French part),Latin America & Caribbean,High income,2010,
MAF,MF,St. Martin (French part),Latin America & Caribbean,High income,2011,
MAF,MF,St. Martin (French part),Latin America & Caribbean,High income,2012,
MAF,MF,St. Martin (French part),Latin America & Caribbean,High income,2013,
MAF,MF,St. Martin (French part),Latin America & Caribbean,High income,2014,
MAF,MF,St. Martin (French part),Latin America & Caribbean,High income,2015,
MAF,MF,St. Martin (French part),Latin America & Caribbean,High income,2016,
MAF,MF,St. Martin (French part),Latin America & Caribbean,High income,2017,
MAF,MF,St. Martin (French part),Latin America & Caribbean,High income,2018,
MAF,MF,St. Martin (French part),Latin America & Caribbean,High income,2019,
MAF,MF,St. Martin (French part),Latin America & Caribbean,High income,2020,
MAF,MF,St. Martin (French part),Latin America & Caribbean,High income,2021,
MAF,MF,St. Martin (French part),Latin America & Caribbean,High income,2022,
MAF,MF,St. Martin (French part),Latin America & Caribbean,High income,2023,
MAF,MF,St. Martin (French part),Latin America & Caribbean,High income,2024,
MAR,MA,Morocco,"Middle East, North Africa, Afghanistan & Pakistan",Lower middle income,2000,0.237
MAR,MA,Morocco,"Middle East, North Africa, Afghanistan & Pakistan",Lower middle income,2001,0.239
MAR,MA,Morocco,"Middle East, North Africa, Afghanistan & Pakistan",Lower middle income,2002,0.243
MAR,MA,Morocco,"Middle East, North Africa, Afghanistan & Pakistan",Lower middle income,2003,0.253
MAR,MA,Morocco,"Middle East, North Africa, Afghanistan & Pakistan",Lower middle income,2004,0.253
MAR,MA,Morocco,"Middle East, North Africa, Afghanistan & Pakistan",Lower middle income,2005,0.258
MAR,MA,Morocco,"Middle East, North Africa, Afghanistan & Pakistan",Lower middle income,2006,0.255
MAR,MA,Morocco,"Middle East, North Africa, Afghanistan & Pakistan",Lower middle income,2007,0.258
MAR,MA,Morocco,"Middle East, North Africa, Afghanistan & Pakistan",Lower middle income,2008,0.252
MAR,MA,Morocco,"Middle East, North Africa, Afghanistan & Pakistan",Lower middle income,2009,0.254
MAR,MA,Morocco,"Middle East, North Africa, Afghanistan & Pakistan",Lower middle income,2010,0.256
MAR,MA,Morocco,"Middle East, North Africa, Afghanistan & Pakistan",Lower middle income,2011,0.262
MAR,MA,Morocco,"Middle East, North Africa, Afghanistan & Pakistan",Lower middle income,2012,0.265
MAR,MA,Morocco,"Middle East, North Africa, Afghanistan & Pakistan",Lower middle income,2013,0.269
MAR,MA,Morocco,"Middle East, North Africa, Afghanistan & Pakistan",Lower middle income,2014,0.27
MAR,MA,Morocco,"Middle East, North Africa, Afghanistan & Pakistan",Lower middle income,2015,0.264
MAR,MA,Morocco,"Middle East, North Africa, Afghanistan & Pakistan",Lower middle income,2016,0.266
MAR,MA,Morocco,"Middle East, North Africa, Afghanistan & Pakistan",Lower middle income,2017,0.259
MAR,MA,Morocco,"Middle East, North Africa, Afghanistan & Pakistan",Lower middle income,2018,0.262
MAR,MA,Morocco,"Middle East, North Africa, Afghanistan & Pakistan",Lower middle income,2019,0.257
MAR,MA,Morocco,"Middle East, North Africa, Afghanistan & Pakistan",Lower middle income,2020,0.257
MAR,MA,Morocco,"Middle East, North Africa, Afghanistan & Pakistan",Lower middle income,2021,0.261
MAR,MA,Morocco,"Middle East, North Africa, Afghanistan & Pakistan",Lower middle income,2022,0.262
MAR,MA,Morocco,"Middle East, North Africa, Afghanistan & Pakistan",Lower middle income,2023,0.262
MAR,MA,Morocco,"Middle East, North Africa, Afghanistan & Pakistan",Lower middle income,2024,0.261
MCO,MC,Monaco,Europe & Central Asia,High income,2000,
MCO,MC,Monaco,Europe & Central Asia,High income,2001,
MCO,MC,Monaco,Europe & Central Asia,High income,2002,
MCO,MC,Monaco,Europe & Central Asia,High income,2003,
MCO,MC,Monaco,Europe & Central Asia,High income,2004,
MCO,MC,Monaco,Europe & Central Asia,High income,2005,
MCO,MC,Monaco,Europe & Central Asia,High income,2006,
MCO,MC,Monaco,Europe & Central Asia,High income,2007,
MCO,MC,Monaco,Europe & Central Asia,High income,2008,
MCO,MC,Monaco,Europe & Central Asia,High income,2009,
MCO,MC,Monaco,Europe & Central Asia,High income,2010,
MCO,MC,Monaco,Europe & Central Asia,High income,2011,
MCO,MC,Monaco,Europe & Central Asia,High income,2012,
MCO,MC,Monaco,Europe & Central Asia,High income,2013,
MCO,MC,Monaco,Europe & Central Asia,High income,2014,
MCO,MC,Monaco,Europe & Central Asia,High income,2015,
MCO,MC,Monaco,Europe & Central Asia,High income,2016,
MCO,MC,Monaco,Europe & Central Asia,High income,2017,
MCO,MC,Monaco,Europe & Central Asia,High income,2018,
MCO,MC,Monaco,Europe & Central Asia,High income,2019,
MCO,MC,Monaco,Europe & Central Asia,High income,2020,
MCO,MC,Monaco,Europe & Central Asia,High income,2021,
MCO,MC,Monaco,Europe & Central Asia,High income,2022,
MCO,MC,Monaco,Europe & Central Asia,High income,2023,
MCO,MC,Monaco,Europe & Central Asia,High income,2024,
MDA,MD,Moldova,Europe & Central Asia,Upper middle income,2000,0.579
MDA,MD,Moldova,Europe & Central Asia,Upper middle income,2001,0.512
MDA,MD,Moldova,Europe & Central Asia,Upper middle income,2002,0.506
MDA,MD,Moldova,Europe & Central Asia,Upper middle income,2003,0.506
MDA,MD,Moldova,Europe & Central Asia,Upper middle income,2004,0.506
MDA,MD,Moldova,Europe & Central Asia,Upper middle income,2005,0.446
MDA,MD,Moldova,Europe & Central Asia,Upper middle income,2006,0.435
MDA,MD,Moldova,Europe & Central Asia,Upper middle income,2007,0.438
MDA,MD,Moldova,Europe & Central Asia,Upper middle income,2008,0.435
MDA,MD,Moldova,Europe & Central Asia,Upper middle income,2009,0.457
MDA,MD,Moldova,Europe & Central Asia,Upper middle income,2010,0.603
MDA,MD,Moldova,Europe & Central Asia,Upper middle income,2011,0.672
MDA,MD,Moldova,Europe & Central Asia,Upper middle income,2012,0.665
MDA,MD,Moldova,Europe & Central Asia,Upper middle income,2013,0.638
MDA,MD,Moldova,Europe & Central Asia,Upper middle income,2014,0.623
MDA,MD,Moldova,Europe & Central Asia,Upper middle income,2015,0.57
MDA,MD,Moldova,Europe & Central Asia,Upper middle income,2016,0.529
MDA,MD,Moldova,Europe & Central Asia,Upper middle income,2017,0.503
MDA,MD,Moldova,Europe & Central Asia,Upper middle income,2018,0.506
MDA,MD,Moldova,Europe & Central Asia,Upper middle income,2019,0.588
MDA,MD,Moldova,Europe & Central Asia,Upper middle income,2020,0.651
MDA,MD,Moldova,Europe & Central Asia,Upper middle income,2021,0.752
MDA,MD,Moldova,Europe & Central Asia,Upper middle income,2022,0.76
MDA,MD,Moldova,Europe & Central Asia,Upper middle income,2023,0.712
MDA,MD,Moldova,Europe & Central Asia,Upper middle income,2024,0.622
MDG,MG,Madagascar,Sub-Saharan Africa,Low income,2000,0.5
MDG,MG,Madagascar,Sub-Saharan Africa,Low income,2001,0.494
MDG,MG,Madagascar,Sub-Saharan Africa,Low income,2002,0.432
MDG,MG,Madagascar,Sub-Saharan Africa,Low income,2003,0.495
MDG,MG,Madagascar,Sub-Saharan Africa,Low income,2004,0.495
MDG,MG,Madagascar,Sub-Saharan Africa,Low income,2005,0.495
MDG,MG,Madagascar,Sub-Saharan Africa,Low income,2006,0.487
MDG,MG,Madagascar,Sub-Saharan Africa,Low income,2007,0.495
MDG,MG,Madagascar,Sub-Saharan Africa,Low income,2008,0.504
MDG,MG,Madagascar,Sub-Saharan Africa,Low income,2009,0.272
MDG,MG,Madagascar,Sub-Saharan Africa,Low income,2010,0.221
MDG,MG,Madagascar,Sub-Saharan Africa,Low income,2011,0.221
MDG,MG,Madagascar,Sub-Saharan Africa,Low income,2012,0.222
MDG,MG,Madagascar,Sub-Saharan Africa,Low income,2013,0.246
MDG,MG,Madagascar,Sub-Saharan Africa,Low income,2014,0.463
MDG,MG,Madagascar,Sub-Saharan Africa,Low income,2015,0.476
MDG,MG,Madagascar,Sub-Saharan Africa,Low income,2016,0.48
MDG,MG,Madagascar,Sub-Saharan Africa,Low income,2017,0.478
MDG,MG,Madagascar,Sub-Saharan Africa,Low income,2018,0.481
MDG,MG,Madagascar,Sub-Saharan Africa,Low income,2019,0.478
MDG,MG,Madagascar,Sub-Saharan Africa,Low income,2020,0.486
MDG,MG,Madagascar,Sub-Saharan Africa,Low income,2021,0.479
MDG,MG,Madagascar,Sub-Saharan Africa,Low income,2022,0.477
MDG,MG,Madagascar,Sub-Saharan Africa,Low income,2023,0.461
MDG,MG,Madagascar,Sub-Saharan Africa,Low income,2024,0.403
MDV,MV,Maldives,South Asia,Upper middle income,2000,0.161
MDV,MV,Maldives,South Asia,Upper middle income,2001,0.162
MDV,MV,Maldives,South Asia,Upper middle income,2002,0.163
MDV,MV,Maldives,South Asia,Upper middle income,2003,0.171
MDV,MV,Maldives,South Asia,Upper middle income,2004,0.175
MDV,MV,Maldives,South Asia,Upper middle income,2005,0.283
MDV,MV,Maldives,South Asia,Upper middle income,2006,0.303
MDV,MV,Maldives,South Asia,Upper middle income,2007,0.308
MDV,MV,Maldives,South Asia,Upper middle income,2008,0.459
MDV,MV,Maldives,South Asia,Upper middle income,2009,0.609
MDV,MV,Maldives,South Asia,Upper middle income,2010,0.599
MDV,MV,Maldives,South Asia,Upper middle income,2011,0.6
MDV,MV,Maldives,South Asia,Upper middle income,2012,0.543
MDV,MV,Maldives,South Asia,Upper middle income,2013,0.453
MDV,MV,Maldives,South Asia,Upper middle income,2014,0.407
MDV,MV,Maldives,South Asia,Upper middle income,2015,0.38
MDV,MV,Maldives,South Asia,Upper middle income,2016,0.365
MDV,MV,Maldives,South Asia,Upper middle income,2017,0.353
MDV,MV,Maldives,South Asia,Upper middle income,2018,0.391
MDV,MV,Maldives,South Asia,Upper middle income,2019,0.57
MDV,MV,Maldives,South Asia,Upper middle income,2020,0.581
MDV,MV,Maldives,South Asia,Upper middle income,2021,0.582
MDV,MV,Maldives,South Asia,Upper middle income,2022,0.586
MDV,MV,Maldives,South Asia,Upper middle income,2023,0.596
MDV,MV,Maldives,South Asia,Upper middle income,2024,0.577
MEX,MX,Mexico,Latin America & Caribbean,Upper middle income,2000,0.671
MEX,MX,Mexico,Latin America & Caribbean,Upper middle income,2001,0.681
MEX,MX,Mexico,Latin America & Caribbean,Upper middle income,2002,0.693
MEX,MX,Mexico,Latin America & Caribbean,Upper middle income,2003,0.702
MEX,MX,Mexico,Latin America & Caribbean,Upper middle income,2004,0.711
MEX,MX,Mexico,Latin America & Caribbean,Upper middle income,2005,0.711
MEX,MX,Mexico,Latin America & Caribbean,Upper middle income,2006,0.674
MEX,MX,Mexico,Latin America & Caribbean,Upper middle income,2007,0.639
MEX,MX,Mexico,Latin America & Caribbean,Upper middle income,2008,0.649
MEX,MX,Mexico,Latin America & Caribbean,Upper middle income,2009,0.65
MEX,MX,Mexico,Latin America & Caribbean,Upper middle income,2010,0.662
MEX,MX,Mexico,Latin America & Caribbean,Upper middle income,2011,0.662
MEX,MX,Mexico,Latin America & Caribbean,Upper middle income,2012,0.65
MEX,MX,Mexico,Latin America & Caribbean,Upper middle income,2013,0.623
MEX,MX,Mexico,Latin America & Caribbean,Upper middle income,2014,0.621
MEX,MX,Mexico,Latin America & Caribbean,Upper middle income,2015,0.643
MEX,MX,Mexico,Latin America & Caribbean,Upper middle income,2016,0.643
MEX,MX,Mexico,Latin America & Caribbean,Upper middle income,2017,0.638
MEX,MX,Mexico,Latin America & Caribbean,Upper middle income,2018,0.675
MEX,MX,Mexico,Latin America & Caribbean,Upper middle income,2019,0.684
MEX,MX,Mexico,Latin America & Caribbean,Upper middle income,2020,0.664
MEX,MX,Mexico,Latin America & Caribbean,Upper middle income,2021,0.624
MEX,MX,Mexico,Latin America & Caribbean,Upper middle income,2022,0.584
MEX,MX,Mexico,Latin America & Caribbean,Upper middle income,2023,0.548
MEX,MX,Mexico,Latin America & Caribbean,Upper middle income,2024,0.496
MHL,MH,Marshall Islands,East Asia & Pacific,Upper middle income,2000,
MHL,MH,Marshall Islands,East Asia & Pacific,Upper middle income,2001,
MHL,MH,Marshall Islands,East Asia & Pacific,Upper middle income,2002,
MHL,MH,Marshall Islands,East Asia & Pacific,Upper middle income,2003,
MHL,MH,Marshall Islands,East Asia & Pacific,Upper middle income,2004,
MHL,MH,Marshall Islands,East Asia & Pacific,Upper middle income,2005,
MHL,MH,Marshall Islands,East Asia & Pacific,Upper middle income,2006,
MHL,MH,Marshall Islands,East Asia & Pacific,Upper middle income,2007,
MHL,MH,Marshall Islands,East Asia & Pacific,Upper middle income,2008,
MHL,MH,Marshall Islands,East Asia & Pacific,Upper middle income,2009,
MHL,MH,Marshall Islands,East Asia & Pacific,Upper middle income,2010,
MHL,MH,Marshall Islands,East Asia & Pacific,Upper middle income,2011,
MHL,MH,Marshall Islands,East Asia & Pacific,Upper middle income,2012,
MHL,MH,Marshall Islands,East Asia & Pacific,Upper middle income,2013,
MHL,MH,Marshall Islands,East Asia & Pacific,Upper middle income,2014,
MHL,MH,Marshall Islands,East Asia & Pacific,Upper middle income,2015,
MHL,MH,Marshall Islands,East Asia & Pacific,Upper middle income,2016,
MHL,MH,Marshall Islands,East Asia & Pacific,Upper middle income,2017,
MHL,MH,Marshall Islands,East Asia & Pacific,Upper middle income,2018,
MHL,MH,Marshall Islands,East Asia & Pacific,Upper middle income,2019,
MHL,MH,Marshall Islands,East Asia & Pacific,Upper middle income,2020,
MHL,MH,Marshall Islands,East Asia & Pacific,Upper middle income,2021,
MHL,MH,Marshall Islands,East Asia & Pacific,Upper middle income,2022,
MHL,MH,Marshall Islands,East Asia & Pacific,Upper middle income,2023,
MHL,MH,Marshall Islands,East Asia & Pacific,Upper middle income,2024,
MKD,MK,North Macedonia,Europe & Central Asia,Upper middle income,2000,0.459
MKD,MK,North Macedonia,Europe & Central Asia,Upper middle income,2001,0.445
MKD,MK,North Macedonia,Europe & Central Asia,Upper middle income,2002,0.525
MKD,MK,North Macedonia,Europe & Central Asia,Upper middle income,2003,0.617
MKD,MK,North Macedonia,Europe & Central Asia,Upper middle income,2004,0.618
MKD,MK,North Macedonia,Europe & Central Asia,Upper middle income,2005,0.603
MKD,MK,North Macedonia,Europe & Central Asia,Upper middle income,2006,0.597
MKD,MK,North Macedonia,Europe & Central Asia,Upper middle income,2007,0.584
MKD,MK,North Macedonia,Europe & Central Asia,Upper middle income,2008,0.553
MKD,MK,North Macedonia,Europe & Central Asia,Upper middle income,2009,0.528
MKD,MK,North Macedonia,Europe & Central Asia,Upper middle income,2010,0.526
MKD,MK,North Macedonia,Europe & Central Asia,Upper middle income,2011,0.478
MKD,MK,North Macedonia,Europe & Central Asia,Upper middle income,2012,0.45
MKD,MK,North Macedonia,Europe & Central Asia,Upper middle income,2013,0.448
MKD,MK,North Macedonia,Europe & Central Asia,Upper middle income,2014,0.447
MKD,MK,North Macedonia,Europe & Central Asia,Upper middle income,2015,0.44
MKD,MK,North Macedonia,Europe & Central Asia,Upper middle income,2016,0.449
MKD,MK,North Macedonia,Europe & Central Asia,Upper middle income,2017,0.548
MKD,MK,North Macedonia,Europe & Central Asia,Upper middle income,2018,0.575
MKD,MK,North Macedonia,Europe & Central Asia,Upper middle income,2019,0.602
MKD,MK,North Macedonia,Europe & Central Asia,Upper middle income,2020,0.598
MKD,MK,North Macedonia,Europe & Central Asia,Upper middle income,2021,0.592
MKD,MK,North Macedonia,Europe & Central Asia,Upper middle income,2022,0.56
MKD,MK,North Macedonia,Europe & Central Asia,Upper middle income,2023,0.562
MKD,MK,North Macedonia,Europe & Central Asia,Upper middle income,2024,0.557
MLI,ML,Mali,Sub-Saharan Africa,Low income,2000,0.519
MLI,ML,Mali,Sub-Saharan Africa,Low income,2001,0.519
MLI,ML,Mali,Sub-Saharan Africa,Low income,2002,0.601
MLI,ML,Mali,Sub-Saharan Africa,Low income,2003,0.624
MLI,ML,Mali,Sub-Saharan Africa,Low income,2004,0.624
MLI,ML,Mali,Sub-Saharan Africa,Low income,2005,0.624
MLI,ML,Mali,Sub-Saharan Africa,Low income,2006,0.625
MLI,ML,Mali,Sub-Saharan Africa,Low income,2007,0.618
MLI,ML,Mali,Sub-Saharan Africa,Low income,2008,0.608
MLI,ML,Mali,Sub-Saharan Africa,Low income,2009,0.61
MLI,ML,Mali,Sub-Saharan Africa,Low income,2010,0.608
MLI,ML,Mali,Sub-Saharan Africa,Low income,2011,0.611
MLI,ML,Mali,Sub-Saharan Africa,Low income,2012,0.355
MLI,ML,Mali,Sub-Saharan Africa,Low income,2013,0.328
MLI,ML,Mali,Sub-Saharan Africa,Low income,2014,0.54
MLI,ML,Mali,Sub-Saharan Africa,Low income,2015,0.543
MLI,ML,Mali,Sub-Saharan Africa,Low income,2016,0.543
MLI,ML,Mali,Sub-Saharan Africa,Low income,2017,0.54
MLI,ML,Mali,Sub-Saharan Africa,Low income,2018,0.518
MLI,ML,Mali,Sub-Saharan Africa,Low income,2019,0.516
MLI,ML,Mali,Sub-Saharan Africa,Low income,2020,0.421
MLI,ML,Mali,Sub-Saharan Africa,Low income,2021,0.243
MLI,ML,Mali,Sub-Saharan Africa,Low income,2022,0.231
MLI,ML,Mali,Sub-Saharan Africa,Low income,2023,0.229
MLI,ML,Mali,Sub-Saharan Africa,Low income,2024,0.192
MLT,MT,Malta,"Middle East, North Africa, Afghanistan & Pakistan",High income,2000,0.786
MLT,MT,Malta,"Middle East, North Africa, Afghanistan & Pakistan",High income,2001,0.786
MLT,MT,Malta,"Middle East, North Africa, Afghanistan & Pakistan",High income,2002,0.786
MLT,MT,Malta,"Middle East, North Africa, Afghanistan & Pakistan",High income,2003,0.788
MLT,MT,Malta,"Middle East, North Africa, Afghanistan & Pakistan",High income,2004,0.789
MLT,MT,Malta,"Middle East, North Africa, Afghanistan & Pakistan",High income,2005,0.789
MLT,MT,Malta,"Middle East, North Africa, Afghanistan & Pakistan",High income,2006,0.789
MLT,MT,Malta,"Middle East, North Africa, Afghanistan & Pakistan",High income,2007,0.784
MLT,MT,Malta,"Middle East, North Africa, Afghanistan & Pakistan",High income,2008,0.803
MLT,MT,Malta,"Middle East, North Africa, Afghanistan & Pakistan",High income,2009,0.815
MLT,MT,Malta,"Middle East, North Africa, Afghanistan & Pakistan",High income,2010,0.815
MLT,MT,Malta,"Middle East, North Africa, Afghanistan & Pakistan",High income,2011,0.815
MLT,MT,Malta,"Middle East, North Africa, Afghanistan & Pakistan",High income,2012,0.817
MLT,MT,Malta,"Middle East, North Africa, Afghanistan & Pakistan",High income,2013,0.793
MLT,MT,Malta,"Middle East, North Africa, Afghanistan & Pakistan",High income,2014,0.778
MLT,MT,Malta,"Middle East, North Africa, Afghanistan & Pakistan",High income,2015,0.778
MLT,MT,Malta,"Middle East, North Africa, Afghanistan & Pakistan",High income,2016,0.777
MLT,MT,Malta,"Middle East, North Africa, Afghanistan & Pakistan",High income,2017,0.761
MLT,MT,Malta,"Middle East, North Africa, Afghanistan & Pakistan",High income,2018,0.754
MLT,MT,Malta,"Middle East, North Africa, Afghanistan & Pakistan",High income,2019,0.767
MLT,MT,Malta,"Middle East, North Africa, Afghanistan & Pakistan",High income,2020,0.767
MLT,MT,Malta,"Middle East, North Africa, Afghanistan & Pakistan",High income,2021,0.77
MLT,MT,Malta,"Middle East, North Africa, Afghanistan & Pakistan",High income,2022,0.78
MLT,MT,Malta,"Middle East, North Africa, Afghanistan & Pakistan",High income,2023,0.783
MLT,MT,Malta,"Middle East, North Africa, Afghanistan & Pakistan",High income,2024,0.783
MMR,MM,Myanmar,East Asia & Pacific,Lower middle income,2000,0.096
MMR,MM,Myanmar,East Asia & Pacific,Lower middle income,2001,0.096
MMR,MM,Myanmar,East Asia & Pacific,Lower middle income,2002,0.096
MMR,MM,Myanmar,East Asia & Pacific,Lower middle income,2003,0.096
MMR,MM,Myanmar,East Asia & Pacific,Lower middle income,2004,0.096
MMR,MM,Myanmar,East Asia & Pacific,Lower middle income,2005,0.096
MMR,MM,Myanmar,East Asia & Pacific,Lower middle income,2006,0.096
MMR,MM,Myanmar,East Asia & Pacific,Lower middle income,2007,0.096
MMR,MM,Myanmar,East Asia & Pacific,Lower middle income,2008,0.096
MMR,MM,Myanmar,East Asia & Pacific,Lower middle income,2009,0.097
MMR,MM,Myanmar,East Asia & Pacific,Lower middle income,2010,0.119
MMR,MM,Myanmar,East Asia & Pacific,Lower middle income,2011,0.223
MMR,MM,Myanmar,East Asia & Pacific,Lower middle income,2012,0.306
MMR,MM,Myanmar,East Asia & Pacific,Lower middle income,2013,0.355
MMR,MM,Myanmar,East Asia & Pacific,Lower middle income,2014,0.357
MMR,MM,Myanmar,East Asia & Pacific,Lower middle income,2015,0.37
MMR,MM,Myanmar,East Asia & Pacific,Lower middle income,2016,0.402
MMR,MM,Myanmar,East Asia & Pacific,Lower middle income,2017,0.402
MMR,MM,Myanmar,East Asia & Pacific,Lower middle income,2018,0.397
MMR,MM,Myanmar,East Asia & Pacific,Lower middle income,2019,0.421
MMR,MM,Myanmar,East Asia & Pacific,Lower middle income,2020,0.426
MMR,MM,Myanmar,East Asia & Pacific,Lower middle income,2021,0.102
MMR,MM,Myanmar,East Asia & Pacific,Lower middle income,2022,0.087
MMR,MM,Myanmar,East Asia & Pacific,Lower middle income,2023,0.077
MMR,MM,Myanmar,East Asia & Pacific,Lower middle income,2024,0.08
MNE,ME,Montenegro,Europe & Central Asia,Upper middle income,2000,0.432
MNE,ME,Montenegro,Europe & Central Asia,Upper middle income,2001,0.457
MNE,ME,Montenegro,Europe & Central Asia,Upper middle income,2002,0.483
MNE,ME,Montenegro,Europe & Central Asia,Upper middle income,2003,0.503
MNE,ME,Montenegro,Europe & Central Asia,Upper middle income,2004,0.518
MNE,ME,Montenegro,Europe & Central Asia,Upper middle income,2005,0.522
MNE,ME,Montenegro,Europe & Central Asia,Upper middle income,2006,0.512
MNE,ME,Montenegro,Europe & Central Asia,Upper middle income,2007,0.493
MNE,ME,Montenegro,Europe & Central Asia,Upper middle income,2008,0.506
MNE,ME,Montenegro,Europe & Central Asia,Upper middle income,2009,0.511
MNE,ME,Montenegro,Europe & Central Asia,Upper middle income,2010,0.51
MNE,ME,Montenegro,Europe & Central Asia,Upper middle income,2011,0.51
MNE,ME,Montenegro,Europe & Central Asia,Upper middle income,2012,0.517
MNE,ME,Montenegro,Europe & Central Asia,Upper middle income,2013,0.494
MNE,ME,Montenegro,Europe & Central Asia,Upper middle income,2014,0.484
MNE,ME,Montenegro,Europe & Central Asia,Upper middle income,2015,0.484
MNE,ME,Montenegro,Europe & Central Asia,Upper middle income,2016,0.484
MNE,ME,Montenegro,Europe & Central Asia,Upper middle income,2017,0.474
MNE,ME,Montenegro,Europe & Central Asia,Upper middle income,2018,0.482
MNE,ME,Montenegro,Europe & Central Asia,Upper middle income,2019,0.483
MNE,ME,Montenegro,Europe & Central Asia,Upper middle income,2020,0.5
MNE,ME,Montenegro,Europe & Central Asia,Upper middle income,2021,0.534
MNE,ME,Montenegro,Europe & Central Asia,Upper middle income,2022,0.532
MNE,ME,Montenegro,Europe & Central Asia,Upper middle income,2023,0.61
MNE,ME,Montenegro,Europe & Central Asia,Upper middle income,2024,0.64
MNG,MN,Mongolia,East Asia & Pacific,Upper middle income,2000,0.674
MNG,MN,Mongolia,East Asia & Pacific,Upper middle income,2001,0.663
MNG,MN,Mongolia,East Asia & Pacific,Upper middle income,2002,0.671
MNG,MN,Mongolia,East Asia & Pacific,Upper middle income,2003,0.672
MNG,MN,Mongolia,East Asia & Pacific,Upper middle income,2004,0.67
MNG,MN,Mongolia,East Asia & Pacific,Upper middle income,2005,0.673
MNG,MN,Mongolia,East Asia & Pacific,Upper middle income,2006,0.685
MNG,MN,Mongolia,East Asia & Pacific,Upper middle income,2007,0.685
MNG,MN,Mongolia,East Asia & Pacific,Upper middle income,2008,0.653
MNG,MN,Mongolia,East Asia & Pacific,Upper middle income,2009,0.662
MNG,MN,Mongolia,East Asia & Pacific,Upper middle income,2010,0.679
MNG,MN,Mongolia,East Asia & Pacific,Upper middle income,2011,0.676
MNG,MN,Mongolia,East Asia & Pacific,Upper middle income,2012,0.683
MNG,MN,Mongolia,East Asia & Pacific,Upper middle income,2013,0.684
MNG,MN,Mongolia,East Asia & Pacific,Upper middle income,2014,0.686
MNG,MN,Mongolia,East Asia & Pacific,Upper middle income,2015,0.681
MNG,MN,Mongolia,East Asia & Pacific,Upper middle income,2016,0.671
MNG,MN,Mongolia,East Asia & Pacific,Upper middle income,2017,0.661
MNG,MN,Mongolia,East Asia & Pacific,Upper middle income,2018,0.653
MNG,MN,Mongolia,East Asia & Pacific,Upper middle income,2019,0.653
MNG,MN,Mongolia,East Asia & Pacific,Upper middle income,2020,0.629
MNG,MN,Mongolia,East Asia & Pacific,Upper middle income,2021,0.609
MNG,MN,Mongolia,East Asia & Pacific,Upper middle income,2022,0.573
MNG,MN,Mongolia,East Asia & Pacific,Upper middle income,2023,0.534
MNG,MN,Mongolia,East Asia & Pacific,Upper middle income,2024,0.498
MNP,MP,Northern Mariana Islands,East Asia & Pacific,High income,2000,
MNP,MP,Northern Mariana Islands,East Asia & Pacific,High income,2001,
MNP,MP,Northern Mariana Islands,East Asia & Pacific,High income,2002,
MNP,MP,Northern Mariana Islands,East Asia & Pacific,High income,2003,
MNP,MP,Northern Mariana Islands,East Asia & Pacific,High income,2004,
MNP,MP,Northern Mariana Islands,East Asia & Pacific,High income,2005,
MNP,MP,Northern Mariana Islands,East Asia & Pacific,High income,2006,
MNP,MP,Northern Mariana Islands,East Asia & Pacific,High income,2007,
MNP,MP,Northern Mariana Islands,East Asia & Pacific,High income,2008,
MNP,MP,Northern Mariana Islands,East Asia & Pacific,High income,2009,
MNP,MP,Northern Mariana Islands,East Asia & Pacific,High income,2010,
MNP,MP,Northern Mariana Islands,East Asia & Pacific,High income,2011,
MNP,MP,Northern Mariana Islands,East Asia & Pacific,High income,2012,
MNP,MP,Northern Mariana Islands,East Asia & Pacific,High income,2013,
MNP,MP,Northern Mariana Islands,East Asia & Pacific,High income,2014,
MNP,MP,Northern Mariana Islands,East Asia & Pacific,High income,2015,
MNP,MP,Northern Mariana Islands,East Asia & Pacific,High income,2016,
MNP,MP,Northern Mariana Islands,East Asia & Pacific,High income,2017,
MNP,MP,Northern Mariana Islands,East Asia & Pacific,High income,2018,
MNP,MP,Northern Mariana Islands,East Asia & Pacific,High income,2019,
MNP,MP,Northern Mariana Islands,East Asia & Pacific,High income,2020,
MNP,MP,Northern Mariana Islands,East Asia & Pacific,High income,2021,
MNP,MP,Northern Mariana Islands,East Asia & Pacific,High income,2022,
MNP,MP,Northern Mariana Islands,East Asia & Pacific,High income,2023,
MNP,MP,Northern Mariana Islands,East Asia & Pacific,High income,2024,
MOZ,MZ,Mozambique,Sub-Saharan Africa,Low income,2000,0.419
MOZ,MZ,Mozambique,Sub-Saharan Africa,Low income,2001,0.419
MOZ,MZ,Mozambique,Sub-Saharan Africa,Low income,2002,0.419
MOZ,MZ,Mozambique,Sub-Saharan Africa,Low income,2003,0.422
MOZ,MZ,Mozambique,Sub-Saharan Africa,Low income,2004,0.425
MOZ,MZ,Mozambique,Sub-Saharan Africa,Low income,2005,0.463
MOZ,MZ,Mozambique,Sub-Saharan Africa,Low income,2006,0.464
MOZ,MZ,Mozambique,Sub-Saharan Africa,Low income,2007,0.464
MOZ,MZ,Mozambique,Sub-Saharan Africa,Low income,2008,0.456
MOZ,MZ,Mozambique,Sub-Saharan Africa,Low income,2009,0.453
MOZ,MZ,Mozambique,Sub-Saharan Africa,Low income,2010,0.425
MOZ,MZ,Mozambique,Sub-Saharan Africa,Low income,2011,0.427
MOZ,MZ,Mozambique,Sub-Saharan Africa,Low income,2012,0.427
MOZ,MZ,Mozambique,Sub-Saharan Africa,Low income,2013,0.437
MOZ,MZ,Mozambique,Sub-Saharan Africa,Low income,2014,0.43
MOZ,MZ,Mozambique,Sub-Saharan Africa,Low income,2015,0.437
MOZ,MZ,Mozambique,Sub-Saharan Africa,Low income,2016,0.433
MOZ,MZ,Mozambique,Sub-Saharan Africa,Low income,2017,0.408
MOZ,MZ,Mozambique,Sub-Saharan Africa,Low income,2018,0.4
MOZ,MZ,Mozambique,Sub-Saharan Africa,Low income,2019,0.397
MOZ,MZ,Mozambique,Sub-Saharan Africa,Low income,2020,0.364
MOZ,MZ,Mozambique,Sub-Saharan Africa,Low income,2021,0.367
MOZ,MZ,Mozambique,Sub-Saharan Africa,Low income,2022,0.366
MOZ,MZ,Mozambique,Sub-Saharan Africa,Low income,2023,0.351
MOZ,MZ,Mozambique,Sub-Saharan Africa,Low income,2024,0.31
MRT,MR,Mauritania,Sub-Saharan Africa,Lower middle income,2000,0.308
MRT,MR,Mauritania,Sub-Saharan Africa,Lower middle income,2001,0.315
MRT,MR,Mauritania,Sub-Saharan Africa,Lower middle income,2002,0.318
MRT,MR,Mauritania,Sub-Saharan Africa,Lower middle income,2003,0.313
MRT,MR,Mauritania,Sub-Saharan Africa,Lower middle income,2004,0.319
MRT,MR,Mauritania,Sub-Saharan Africa,Lower middle income,2005,0.29
MRT,MR,Mauritania,Sub-Saharan Africa,Lower middle income,2006,0.25
MRT,MR,Mauritania,Sub-Saharan Africa,Lower middle income,2007,0.45
MRT,MR,Mauritania,Sub-Saharan Africa,Lower middle income,2008,0.4
MRT,MR,Mauritania,Sub-Saharan Africa,Lower middle income,2009,0.364
MRT,MR,Mauritania,Sub-Saharan Africa,Lower middle income,2010,0.468
MRT,MR,Mauritania,Sub-Saharan Africa,Lower middle income,2011,0.468
MRT,MR,Mauritania,Sub-Saharan Africa,Lower middle income,2012,0.471
MRT,MR,Mauritania,Sub-Saharan Africa,Lower middle income,2013,0.416
MRT,MR,Mauritania,Sub-Saharan Africa,Lower middle income,2014,0.422
MRT,MR,Mauritania,Sub-Saharan Africa,Lower middle income,2015,0.431
MRT,MR,Mauritania,Sub-Saharan Africa,Lower middle income,2016,0.431
MRT,MR,Mauritania,Sub-Saharan Africa,Lower middle income,2017,0.389
MRT,MR,Mauritania,Sub-Saharan Africa,Lower middle income,2018,0.391
MRT,MR,Mauritania,Sub-Saharan Africa,Lower middle income,2019,0.407
MRT,MR,Mauritania,Sub-Saharan Africa,Lower middle income,2020,0.389
MRT,MR,Mauritania,Sub-Saharan Africa,Lower middle income,2021,0.391
MRT,MR,Mauritania,Sub-Saharan Africa,Lower middle income,2022,0.396
MRT,MR,Mauritania,Sub-Saharan Africa,Lower middle income,2023,0.368
MRT,MR,Mauritania,Sub-Saharan Africa,Lower middle income,2024,0.337
MUS,MU,Mauritius,Sub-Saharan Africa,Upper middle income,2000,0.73
MUS,MU,Mauritius,Sub-Saharan Africa,Upper middle income,2001,0.731
MUS,MU,Mauritius,Sub-Saharan Africa,Upper middle income,2002,0.737
MUS,MU,Mauritius,Sub-Saharan Africa,Upper middle income,2003,0.737
MUS,MU,Mauritius,Sub-Saharan Africa,Upper middle income,2004,0.737
MUS,MU,Mauritius,Sub-Saharan Africa,Upper middle income,2005,0.737
MUS,MU,Mauritius,Sub-Saharan Africa,Upper middle income,2006,0.737
MUS,MU,Mauritius,Sub-Saharan Africa,Upper middle income,2007,0.737
MUS,MU,Mauritius,Sub-Saharan Africa,Upper middle income,2008,0.737
MUS,MU,Mauritius,Sub-Saharan Africa,Upper middle income,2009,0.737
MUS,MU,Mauritius,Sub-Saharan Africa,Upper middle income,2010,0.746
MUS,MU,Mauritius,Sub-Saharan Africa,Upper middle income,2011,0.746
MUS,MU,Mauritius,Sub-Saharan Africa,Upper middle income,2012,0.746
MUS,MU,Mauritius,Sub-Saharan Africa,Upper middle income,2013,0.738
MUS,MU,Mauritius,Sub-Saharan Africa,Upper middle income,2014,0.723
MUS,MU,Mauritius,Sub-Saharan Africa,Upper middle income,2015,0.737
MUS,MU,Mauritius,Sub-Saharan Africa,Upper middle income,2016,0.731
MUS,MU,Mauritius,Sub-Saharan Africa,Upper middle income,2017,0.732
MUS,MU,Mauritius,Sub-Saharan Africa,Upper middle income,2018,0.739
MUS,MU,Mauritius,Sub-Saharan Africa,Upper middle income,2019,0.694
MUS,MU,Mauritius,Sub-Saharan Africa,Upper middle income,2020,0.549
MUS,MU,Mauritius,Sub-Saharan Africa,Upper middle income,2021,0.532
MUS,MU,Mauritius,Sub-Saharan Africa,Upper middle income,2022,0.501
MUS,MU,Mauritius,Sub-Saharan Africa,Upper middle income,2023,0.47
MUS,MU,Mauritius,Sub-Saharan Africa,Upper middle income,2024,0.495
MWI,MW,Malawi,Sub-Saharan Africa,Low income,2000,0.478
MWI,MW,Malawi,Sub-Saharan Africa,Low income,2001,0.478
MWI,MW,Malawi,Sub-Saharan Africa,Low income,2002,0.478
MWI,MW,Malawi,Sub-Saharan Africa,Low income,2003,0.478
MWI,MW,Malawi,Sub-Saharan Africa,Low income,2004,0.459
MWI,MW,Malawi,Sub-Saharan Africa,Low income,2005,0.443
MWI,MW,Malawi,Sub-Saharan Africa,Low income,2006,0.439
MWI,MW,Malawi,Sub-Saharan Africa,Low income,2007,0.442
MWI,MW,Malawi,Sub-Saharan Africa,Low income,2008,0.443
MWI,MW,Malawi,Sub-Saharan Africa,Low income,2009,0.5
MWI,MW,Malawi,Sub-Saharan Africa,Low income,2010,0.514
MWI,MW,Malawi,Sub-Saharan Africa,Low income,2011,0.521
MWI,MW,Malawi,Sub-Saharan Africa,Low income,2012,0.536
MWI,MW,Malawi,Sub-Saharan Africa,Low income,2013,0.56
MWI,MW,Malawi,Sub-Saharan Africa,Low income,2014,0.547
MWI,MW,Malawi,Sub-Saharan Africa,Low income,2015,0.54
MWI,MW,Malawi,Sub-Saharan Africa,Low income,2016,0.538
MWI,MW,Malawi,Sub-Saharan Africa,Low income,2017,0.546
MWI,MW,Malawi,Sub-Saharan Africa,Low income,2018,0.528
MWI,MW,Malawi,Sub-Saharan Africa,Low income,2019,0.48
MWI,MW,Malawi,Sub-Saharan Africa,Low income,2020,0.534
MWI,MW,Malawi,Sub-Saharan Africa,Low income,2021,0.603
MWI,MW,Malawi,Sub-Saharan Africa,Low income,2022,0.611
MWI,MW,Malawi,Sub-Saharan Africa,Low income,2023,0.571
MWI,MW,Malawi,Sub-Saharan Africa,Low income,2024,0.563
MYS,MY,Malaysia,East Asia & Pacific,Upper middle income,2000,0.277
MYS,MY,Malaysia,East Asia & Pacific,Upper middle income,2001,0.281
MYS,MY,Malaysia,East Asia & Pacific,Upper middle income,2002,0.281
MYS,MY,Malaysia,East Asia & Pacific,Upper middle income,2003,0.286
MYS,MY,Malaysia,East Asia & Pacific,Upper middle income,2004,0.309
MYS,MY,Malaysia,East Asia & Pacific,Upper middle income,2005,0.311
MYS,MY,Malaysia,East Asia & Pacific,Upper middle income,2006,0.312
MYS,MY,Malaysia,East Asia & Pacific,Upper middle income,2007,0.314
MYS,MY,Malaysia,East Asia & Pacific,Upper middle income,2008,0.328
MYS,MY,Malaysia,East Asia & Pacific,Upper middle income,2009,0.331
MYS,MY,Malaysia,East Asia & Pacific,Upper middle income,2010,0.329
MYS,MY,Malaysia,East Asia & Pacific,Upper middle income,2011,0.327
MYS,MY,Malaysia,East Asia & Pacific,Upper middle income,2012,0.327
MYS,MY,Malaysia,East Asia & Pacific,Upper middle income,2013,0.321
MYS,MY,Malaysia,East Asia & Pacific,Upper middle income,2014,0.323
MYS,MY,Malaysia,East Asia & Pacific,Upper middle income,2015,0.325
MYS,MY,Malaysia,East Asia & Pacific,Upper middle income,2016,0.328
MYS,MY,Malaysia,East Asia & Pacific,Upper middle income,2017,0.333
MYS,MY,Malaysia,East Asia & Pacific,Upper middle income,2018,0.444
MYS,MY,Malaysia,East Asia & Pacific,Upper middle income,2019,0.47
MYS,MY,Malaysia,East Asia & Pacific,Upper middle income,2020,0.425
MYS,MY,Malaysia,East Asia & Pacific,Upper middle income,2021,0.432
MYS,MY,Malaysia,East Asia & Pacific,Upper middle income,2022,0.459
MYS,MY,Malaysia,East Asia & Pacific,Upper middle income,2023,0.508
MYS,MY,Malaysia,East Asia & Pacific,Upper middle income,2024,0.513
NAM,NA,Namibia,Sub-Saharan Africa,Lower middle income,2000,0.654
NAM,NA,Namibia,Sub-Saharan Africa,Lower middle income,2001,0.651
NAM,NA,Namibia,Sub-Saharan Africa,Lower middle income,2002,0.651
NAM,NA,Namibia,Sub-Saharan Africa,Lower middle income,2003,0.651
NAM,NA,Namibia,Sub-Saharan Africa,Lower middle income,2004,0.654
NAM,NA,Namibia,Sub-Saharan Africa,Lower middle income,2005,0.664
NAM,NA,Namibia,Sub-Saharan Africa,Lower middle income,2006,0.668
NAM,NA,Namibia,Sub-Saharan Africa,Lower middle income,2007,0.659
NAM,NA,Namibia,Sub-Saharan Africa,Lower middle income,2008,0.662
NAM,NA,Namibia,Sub-Saharan Africa,Lower middle income,2009,0.655
NAM,NA,Namibia,Sub-Saharan Africa,Lower middle income,2010,0.637
NAM,NA,Namibia,Sub-Saharan Africa,Lower middle income,2011,0.644
NAM,NA,Namibia,Sub-Saharan Africa,Lower middle income,2012,0.644
NAM,NA,Namibia,Sub-Saharan Africa,Lower middle income,2013,0.65
NAM,NA,Namibia,Sub-Saharan Africa,Lower middle income,2014,0.656
NAM,NA,Namibia,Sub-Saharan Africa,Lower middle income,2015,0.707
NAM,NA,Namibia,Sub-Saharan Africa,Lower middle income,2016,0.711
NAM,NA,Namibia,Sub-Saharan Africa,Lower middle income,2017,0.709
NAM,NA,Namibia,Sub-Saharan Africa,Lower middle income,2018,0.682
NAM,NA,Namibia,Sub-Saharan Africa,Lower middle income,2019,0.647
NAM,NA,Namibia,Sub-Saharan Africa,Lower middle income,2020,0.632
NAM,NA,Namibia,Sub-Saharan Africa,Lower middle income,2021,0.622
NAM,NA,Namibia,Sub-Saharan Africa,Lower middle income,2022,0.626
NAM,NA,Namibia,Sub-Saharan Africa,Lower middle income,2023,0.622
NAM,NA,Namibia,Sub-Saharan Africa,Lower middle income,2024,0.624
NCL,NC,New Caledonia,East Asia & Pacific,High income,2000,
NCL,NC,New Caledonia,East Asia & Pacific,High income,2001,
NCL,NC,New Caledonia,East Asia & Pacific,High income,2002,
NCL,NC,New Caledonia,East Asia & Pacific,High income,2003,
NCL,NC,New Caledonia,East Asia & Pacific,High income,2004,
NCL,NC,New Caledonia,East Asia & Pacific,High income,2005,
NCL,NC,New Caledonia,East Asia & Pacific,High income,2006,
NCL,NC,New Caledonia,East Asia & Pacific,High income,2007,
NCL,NC,New Caledonia,East Asia & Pacific,High income,2008,
NCL,NC,New Caledonia,East Asia & Pacific,High income,2009,
NCL,NC,New Caledonia,East Asia & Pacific,High income,2010,
NCL,NC,New Caledonia,East Asia & Pacific,High income,2011,
NCL,NC,New Caledonia,East Asia & Pacific,High income,2012,
NCL,NC,New Caledonia,East Asia & Pacific,High income,2013,
NCL,NC,New Caledonia,East Asia & Pacific,High income,2014,
NCL,NC,New Caledonia,East Asia & Pacific,High income,2015,
NCL,NC,New Caledonia,East Asia & Pacific,High income,2016,
NCL,NC,New Caledonia,East Asia & Pacific,High income,2017,
NCL,NC,New Caledonia,East Asia & Pacific,High income,2018,
NCL,NC,New Caledonia,East Asia & Pacific,High income,2019,
NCL,NC,New Caledonia,East Asia & Pacific,High income,2020,
NCL,NC,New Caledonia,East Asia & Pacific,High income,2021,
NCL,NC,New Caledonia,East Asia & Pacific,High income,2022,
NCL,NC,New Caledonia,East Asia & Pacific,High income,2023,
NCL,NC,New Caledonia,East Asia & Pacific,High income,2024,
NER,NE,Niger,Sub-Saharan Africa,Low income,2000,0.546
NER,NE,Niger,Sub-Saharan Africa,Low income,2001,0.543
NER,NE,Niger,Sub-Saharan Africa,Low income,2002,0.543
NER,NE,Niger,Sub-Saharan Africa,Low income,2003,0.543
NER,NE,Niger,Sub-Saharan Africa,Low income,2004,0.547
NER,NE,Niger,Sub-Saharan Africa,Low income,2005,0.573
NER,NE,Niger,Sub-Saharan Africa,Low income,2006,0.578
NER,NE,Niger,Sub-Saharan Africa,Low income,2007,0.578
NER,NE,Niger,Sub-Saharan Africa,Low income,2008,0.576
NER,NE,Niger,Sub-Saharan Africa,Low income,2009,0.421
NER,NE,Niger,Sub-Saharan Africa,Low income,2010,0.265
NER,NE,Niger,Sub-Saharan Africa,Low income,2011,0.541
NER,NE,Niger,Sub-Saharan Africa,Low income,2012,0.624
NER,NE,Niger,Sub-Saharan Africa,Low income,2013,0.629
NER,NE,Niger,Sub-Saharan Africa,Low income,2014,0.633
NER,NE,Niger,Sub-Saharan Africa,Low income,2015,0.622
NER,NE,Niger,Sub-Saharan Africa,Low income,2016,0.573
NER,NE,Niger,Sub-Saharan Africa,Low income,2017,0.542
NER,NE,Niger,Sub-Saharan Africa,Low income,2018,0.53
NER,NE,Niger,Sub-Saharan Africa,Low income,2019,0.528
NER,NE,Niger,Sub-Saharan Africa,Low income,2020,0.544
NER,NE,Niger,Sub-Saharan Africa,Low income,2021,0.523
NER,NE,Niger,Sub-Saharan Africa,Low income,2022,0.504
NER,NE,Niger,Sub-Saharan Africa,Low income,2023,0.388
NER,NE,Niger,Sub-Saharan Africa,Low income,2024,0.237
NGA,NG,Nigeria,Sub-Saharan Africa,Lower middle income,2000,0.471
NGA,NG,Nigeria,Sub-Saharan Africa,Lower middle income,2001,0.471
NGA,NG,Nigeria,Sub-Saharan Africa,Lower middle income,2002,0.471
NGA,NG,Nigeria,Sub-Saharan Africa,Lower middle income,2003,0.428
NGA,NG,Nigeria,Sub-Saharan Africa,Lower middle income,2004,0.412
NGA,NG,Nigeria,Sub-Saharan Africa,Lower middle income,2005,0.412
NGA,NG,Nigeria,Sub-Saharan Africa,Lower middle income,2006,0.417
NGA,NG,Nigeria,Sub-Saharan Africa,Lower middle income,2007,0.408
NGA,NG,Nigeria,Sub-Saharan Africa,Lower middle income,2008,0.414
NGA,NG,Nigeria,Sub-Saharan Africa,Lower middle income,2009,0.413
NGA,NG,Nigeria,Sub-Saharan Africa,Lower middle income,2010,0.43
NGA,NG,Nigeria,Sub-Saharan Africa,Lower middle income,2011,0.481
NGA,NG,Nigeria,Sub-Saharan Africa,Lower middle income,2012,0.506
NGA,NG,Nigeria,Sub-Saharan Africa,Lower middle income,2013,0.52
NGA,NG,Nigeria,Sub-Saharan Africa,Lower middle income,2014,0.525
NGA,NG,Nigeria,Sub-Saharan Africa,Lower middle income,2015,0.554
NGA,NG,Nigeria,Sub-Saharan Africa,Lower middle income,2016,0.555
NGA,NG,Nigeria,Sub-Saharan Africa,Lower middle income,2017,0.556
NGA,NG,Nigeria,Sub-Saharan Africa,Lower middle income,2018,0.555
NGA,NG,Nigeria,Sub-Saharan Africa,Lower middle income,2019,0.52
NGA,NG,Nigeria,Sub-Saharan Africa,Lower middle income,2020,0.512
NGA,NG,Nigeria,Sub-Saharan Africa,Lower middle income,2021,0.488
NGA,NG,Nigeria,Sub-Saharan Africa,Lower middle income,2022,0.49
NGA,NG,Nigeria,Sub-Saharan Africa,Lower middle income,2023,0.484
NGA,NG,Nigeria,Sub-Saharan Africa,Lower middle income,2024,0.499
NIC,NI,Nicaragua,Latin America & Caribbean,Lower middle income,2000,0.586
NIC,NI,Nicaragua,Latin America & Caribbean,Lower middle income,2001,0.588
NIC,NI,Nicaragua,Latin America & Caribbean,Lower middle income,2002,0.601
NIC,NI,Nicaragua,Latin America & Caribbean,Lower middle income,2003,0.591
NIC,NI,Nicaragua,Latin America & Caribbean,Lower middle income,2004,0.591
NIC,NI,Nicaragua,Latin America & Caribbean,Lower middle income,2005,0.591
NIC,NI,Nicaragua,Latin America & Caribbean,Lower middle income,2006,0.563
NIC,NI,Nicaragua,Latin America & Caribbean,Lower middle income,2007,0.457
NIC,NI,Nicaragua,Latin America & Caribbean,Lower middle income,2008,0.445
NIC,NI,Nicaragua,Latin America & Caribbean,Lower middle income,2009,0.441
NIC,NI,Nicaragua,Latin America & Caribbean,Lower middle income,2010,0.436
NIC,NI,Nicaragua,Latin America & Caribbean,Lower middle income,2011,0.425
NIC,NI,Nicaragua,Latin America & Caribbean,Lower middle income,2012,0.371
NIC,NI,Nicaragua,Latin America & Caribbean,Lower middle income,2013,0.319
NIC,NI,Nicaragua,Latin America & Caribbean,Lower middle income,2014,0.319
NIC,NI,Nicaragua,Latin America & Caribbean,Lower middle income,2015,0.318
NIC,NI,Nicaragua,Latin America & Caribbean,Lower middle income,2016,0.305
NIC,NI,Nicaragua,Latin America & Caribbean,Lower middle income,2017,0.281
NIC,NI,Nicaragua,Latin America & Caribbean,Lower middle income,2018,0.221
NIC,NI,Nicaragua,Latin America & Caribbean,Lower middle income,2019,0.215
NIC,NI,Nicaragua,Latin America & Caribbean,Lower middle income,2020,0.215
NIC,NI,Nicaragua,Latin America & Caribbean,Lower middle income,2021,0.195
NIC,NI,Nicaragua,Latin America & Caribbean,Lower middle income,2022,0.158
NIC,NI,Nicaragua,Latin America & Caribbean,Lower middle income,2023,0.158
NIC,NI,Nicaragua,Latin America & Caribbean,Lower middle income,2024,0.151
NLD,NL,Netherlands,Europe & Central Asia,High income,2000,0.856
NLD,NL,Netherlands,Europe & Central Asia,High income,2001,0.856
NLD,NL,Netherlands,Europe & Central Asia,High income,2002,0.851
NLD,NL,Netherlands,Europe & Central Asia,High income,2003,0.86
NLD,NL,Netherlands,Europe & Central Asia,High income,2004,0.86
NLD,NL,Netherlands,Europe & Central Asia,High income,2005,0.86
NLD,NL,Netherlands,Europe & Central Asia,High income,2006,0.865
NLD,NL,Netherlands,Europe & Central Asia,High income,2007,0.872
NLD,NL,Netherlands,Europe & Central Asia,High income,2008,0.872
NLD,NL,Netherlands,Europe & Central Asia,High income,2009,0.872
NLD,NL,Netherlands,Europe & Central Asia,High income,2010,0.874
NLD,NL,Netherlands,Europe & Central Asia,High income,2011,0.874
NLD,NL,Netherlands,Europe & Central Asia,High income,2012,0.872
NLD,NL,Netherlands,Europe & Central Asia,High income,2013,0.878
NLD,NL,Netherlands,Europe & Central Asia,High income,2014,0.879
NLD,NL,Netherlands,Europe & Central Asia,High income,2015,0.879
NLD,NL,Netherlands,Europe & Central Asia,High income,2016,0.879
NLD,NL,Netherlands,Europe & Central Asia,High income,2017,0.878
NLD,NL,Netherlands,Europe & Central Asia,High income,2018,0.876
NLD,NL,Netherlands,Europe & Central Asia,High income,2019,0.866
NLD,NL,Netherlands,Europe & Central Asia,High income,2020,0.864
NLD,NL,Netherlands,Europe & Central Asia,High income,2021,0.864
NLD,NL,Netherlands,Europe & Central Asia,High income,2022,0.852
NLD,NL,Netherlands,Europe & Central Asia,High income,2023,0.847
NLD,NL,Netherlands,Europe & Central Asia,High income,2024,0.823
NOR,NO,Norway,Europe & Central Asia,High income,2000,0.891
NOR,NO,Norway,Europe & Central Asia,High income,2001,0.892
NOR,NO,Norway,Europe & Central Asia,High income,2002,0.893
NOR,NO,Norway,Europe & Central Asia,High income,2003,0.893
NOR,NO,Norway,Europe & Central Asia,High income,2004,0.893
NOR,NO,Norway,Europe & Central Asia,High income,2005,0.895
NOR,NO,Norway,Europe & Central Asia,High income,2006,0.898
NOR,NO,Norway,Europe & Central Asia,High income,2007,0.898
NOR,NO,Norway,Europe & Central Asia,High income,2008,0.898
NOR,NO,Norway,Europe & Central Asia,High income,2009,0.899
NOR,NO,Norway,Europe & Central Asia,High income,2010,0.901
NOR,NO,Norway,Europe & Central Asia,High income,2011,0.901
NOR,NO,Norway,Europe & Central Asia,High income,2012,0.901
NOR,NO,Norway,Europe & Central Asia,High income,2013,0.897
NOR,NO,Norway,Europe & Central Asia,High income,2014,0.9
NOR,NO,Norway,Europe & Central Asia,High income,2015,0.904
NOR,NO,Norway,Europe & Central Asia,High income,2016,0.891
NOR,NO,Norway,Europe & Central Asia,High income,2017,0.888
NOR,NO,Norway,Europe & Central Asia,High income,2018,0.883
NOR,NO,Norway,Europe & Central Asia,High income,2019,0.889
NOR,NO,Norway,Europe & Central Asia,High income,2020,0.888
NOR,NO,Norway,Europe & Central Asia,High income,2021,0.892
NOR,NO,Norway,Europe & Central Asia,High income,2022,0.892
NOR,NO,Norway,Europe & Central Asia,High income,2023,0.89
NOR,NO,Norway,Europe & Central Asia,High income,2024,0.889
NPL,NP,Nepal,South Asia,Lower middle income,2000,0.36
NPL,NP,Nepal,South Asia,Lower middle income,2001,0.352
NPL,NP,Nepal,South Asia,Lower middle income,2002,0.271
NPL,NP,Nepal,South Asia,Lower middle income,2003,0.224
NPL,NP,Nepal,South Asia,Lower middle income,2004,0.224
NPL,NP,Nepal,South Asia,Lower middle income,2005,0.222
NPL,NP,Nepal,South Asia,Lower middle income,2006,0.23
NPL,NP,Nepal,South Asia,Lower middle income,2007,0.274
NPL,NP,Nepal,South Asia,Lower middle income,2008,0.478
NPL,NP,Nepal,South Asia,Lower middle income,2009,0.56
NPL,NP,Nepal,South Asia,Lower middle income,2010,0.554
NPL,NP,Nepal,South Asia,Lower middle income,2011,0.556
NPL,NP,Nepal,South Asia,Lower middle income,2012,0.39
NPL,NP,Nepal,South Asia,Lower middle income,2013,0.28
NPL,NP,Nepal,South Asia,Lower middle income,2014,0.625
NPL,NP,Nepal,South Asia,Lower middle income,2015,0.643
NPL,NP,Nepal,South Asia,Lower middle income,2016,0.665
NPL,NP,Nepal,South Asia,Lower middle income,2017,0.66
NPL,NP,Nepal,South Asia,Lower middle income,2018,0.633
NPL,NP,Nepal,South Asia,Lower middle income,2019,0.606
NPL,NP,Nepal,South Asia,Lower middle income,2020,0.598
NPL,NP,Nepal,South Asia,Lower middle income,2021,0.609
NPL,NP,Nepal,South Asia,Lower middle income,2022,0.631
NPL,NP,Nepal,South Asia,Lower middle income,2023,0.685
NPL,NP,Nepal,South Asia,Lower middle income,2024,0.669
NRU,NR,Naoero,East Asia & Pacific,High income,2000,
NRU,NR,Naoero,East Asia & Pacific,High income,2001,
NRU,NR,Naoero,East Asia & Pacific,High income,2002,
NRU,NR,Naoero,East Asia & Pacific,High income,2003,
NRU,NR,Naoero,East Asia & Pacific,High income,2004,
NRU,NR,Naoero,East Asia & Pacific,High income,2005,
NRU,NR,Naoero,East Asia & Pacific,High income,2006,
NRU,NR,Naoero,East Asia & Pacific,High income,2007,
NRU,NR,Naoero,East Asia & Pacific,High income,2008,
NRU,NR,Naoero,East Asia & Pacific,High income,2009,
NRU,NR,Naoero,East Asia & Pacific,High income,2010,
NRU,NR,Naoero,East Asia & Pacific,High income,2011,
NRU,NR,Naoero,East Asia & Pacific,High income,2012,
NRU,NR,Naoero,East Asia & Pacific,High income,2013,
NRU,NR,Naoero,East Asia & Pacific,High income,2014,
NRU,NR,Naoero,East Asia & Pacific,High income,2015,
NRU,NR,Naoero,East Asia & Pacific,High income,2016,
NRU,NR,Naoero,East Asia & Pacific,High income,2017,
NRU,NR,Naoero,East Asia & Pacific,High income,2018,
NRU,NR,Naoero,East Asia & Pacific,High income,2019,
NRU,NR,Naoero,East Asia & Pacific,High income,2020,
NRU,NR,Naoero,East Asia & Pacific,High income,2021,
NRU,NR,Naoero,East Asia & Pacific,High income,2022,
NRU,NR,Naoero,East Asia & Pacific,High income,2023,
NRU,NR,Naoero,East Asia & Pacific,High income,2024,
NZL,NZ,New Zealand,East Asia & Pacific,High income,2000,0.881
NZL,NZ,New Zealand,East Asia & Pacific,High income,2001,0.881
NZL,NZ,New Zealand,East Asia & Pacific,High income,2002,0.881
NZL,NZ,New Zealand,East Asia & Pacific,High income,2003,0.88
NZL,NZ,New Zealand,East Asia & Pacific,High income,2004,0.88
NZL,NZ,New Zealand,East Asia & Pacific,High income,2005,0.879
NZL,NZ,New Zealand,East Asia & Pacific,High income,2006,0.878
NZL,NZ,New Zealand,East Asia & Pacific,High income,2007,0.878
NZL,NZ,New Zealand,East Asia & Pacific,High income,2008,0.88
NZL,NZ,New Zealand,East Asia & Pacific,High income,2009,0.893
NZL,NZ,New Zealand,East Asia & Pacific,High income,2010,0.893
NZL,NZ,New Zealand,East Asia & Pacific,High income,2011,0.891
NZL,NZ,New Zealand,East Asia & Pacific,High income,2012,0.893
NZL,NZ,New Zealand,East Asia & Pacific,High income,2013,0.887
NZL,NZ,New Zealand,East Asia & Pacific,High income,2014,0.886
NZL,NZ,New Zealand,East Asia & Pacific,High income,2015,0.883
NZL,NZ,New Zealand,East Asia & Pacific,High income,2016,0.883
NZL,NZ,New Zealand,East Asia & Pacific,High income,2017,0.879
NZL,NZ,New Zealand,East Asia & Pacific,High income,2018,0.888
NZL,NZ,New Zealand,East Asia & Pacific,High income,2019,0.885
NZL,NZ,New Zealand,East Asia & Pacific,High income,2020,0.882
NZL,NZ,New Zealand,East Asia & Pacific,High income,2021,0.874
NZL,NZ,New Zealand,East Asia & Pacific,High income,2022,0.878
NZL,NZ,New Zealand,East Asia & Pacific,High income,2023,0.88
NZL,NZ,New Zealand,East Asia & Pacific,High income,2024,0.868
OMN,OM,Oman,"Middle East, North Africa, Afghanistan & Pakistan",High income,2000,0.051
OMN,OM,Oman,"Middle East, North Africa, Afghanistan & Pakistan",High income,2001,0.101
OMN,OM,Oman,"Middle East, North Africa, Afghanistan & Pakistan",High income,2002,0.148
OMN,OM,Oman,"Middle East, North Africa, Afghanistan & Pakistan",High income,2003,0.151
OMN,OM,Oman,"Middle East, North Africa, Afghanistan & Pakistan",High income,2004,0.156
OMN,OM,Oman,"Middle East, North Africa, Afghanistan & Pakistan",High income,2005,0.156
OMN,OM,Oman,"Middle East, North Africa, Afghanistan & Pakistan",High income,2006,0.157
OMN,OM,Oman,"Middle East, North Africa, Afghanistan & Pakistan",High income,2007,0.157
OMN,OM,Oman,"Middle East, North Africa, Afghanistan & Pakistan",High income,2008,0.157
OMN,OM,Oman,"Middle East, North Africa, Afghanistan & Pakistan",High income,2009,0.157
OMN,OM,Oman,"Middle East, North Africa, Afghanistan & Pakistan",High income,2010,0.156
OMN,OM,Oman,"Middle East, North Africa, Afghanistan & Pakistan",High income,2011,0.167
OMN,OM,Oman,"Middle East, North Africa, Afghanistan & Pakistan",High income,2012,0.171
OMN,OM,Oman,"Middle East, North Africa, Afghanistan & Pakistan",High income,2013,0.171
OMN,OM,Oman,"Middle East, North Africa, Afghanistan & Pakistan",High income,2014,0.172
OMN,OM,Oman,"Middle East, North Africa, Afghanistan & Pakistan",High income,2015,0.172
OMN,OM,Oman,"Middle East, North Africa, Afghanistan & Pakistan",High income,2016,0.175
OMN,OM,Oman,"Middle East, North Africa, Afghanistan & Pakistan",High income,2017,0.176
OMN,OM,Oman,"Middle East, North Africa, Afghanistan & Pakistan",High income,2018,0.176
OMN,OM,Oman,"Middle East, North Africa, Afghanistan & Pakistan",High income,2019,0.176
OMN,OM,Oman,"Middle East, North Africa, Afghanistan & Pakistan",High income,2020,0.174
OMN,OM,Oman,"Middle East, North Africa, Afghanistan & Pakistan",High income,2021,0.174
OMN,OM,Oman,"Middle East, North Africa, Afghanistan & Pakistan",High income,2022,0.172
OMN,OM,Oman,"Middle East, North Africa, Afghanistan & Pakistan",High income,2023,0.172
OMN,OM,Oman,"Middle East, North Africa, Afghanistan & Pakistan",High income,2024,0.175
PAK,PK,Pakistan,"Middle East, North Africa, Afghanistan & Pakistan",Lower middle income,2000,0.205
PAK,PK,Pakistan,"Middle East, North Africa, Afghanistan & Pakistan",Lower middle income,2001,0.203
PAK,PK,Pakistan,"Middle East, North Africa, Afghanistan & Pakistan",Lower middle income,2002,0.243
PAK,PK,Pakistan,"Middle East, North Africa, Afghanistan & Pakistan",Lower middle income,2003,0.356
PAK,PK,Pakistan,"Middle East, North Africa, Afghanistan & Pakistan",Lower middle income,2004,0.356
PAK,PK,Pakistan,"Middle East, North Africa, Afghanistan & Pakistan",Lower middle income,2005,0.358
PAK,PK,Pakistan,"Middle East, North Africa, Afghanistan & Pakistan",Lower middle income,2006,0.355
PAK,PK,Pakistan,"Middle East, North Africa, Afghanistan & Pakistan",Lower middle income,2007,0.351
PAK,PK,Pakistan,"Middle East, North Africa, Afghanistan & Pakistan",Lower middle income,2008,0.416
PAK,PK,Pakistan,"Middle East, North Africa, Afghanistan & Pakistan",Lower middle income,2009,0.451
PAK,PK,Pakistan,"Middle East, North Africa, Afghanistan & Pakistan",Lower middle income,2010,0.466
PAK,PK,Pakistan,"Middle East, North Africa, Afghanistan & Pakistan",Lower middle income,2011,0.466
PAK,PK,Pakistan,"Middle East, North Africa, Afghanistan & Pakistan",Lower middle income,2012,0.466
PAK,PK,Pakistan,"Middle East, North Africa, Afghanistan & Pakistan",Lower middle income,2013,0.47
PAK,PK,Pakistan,"Middle East, North Africa, Afghanistan & Pakistan",Lower middle income,2014,0.469
PAK,PK,Pakistan,"Middle East, North Africa, Afghanistan & Pakistan",Lower middle income,2015,0.441
PAK,PK,Pakistan,"Middle East, North Africa, Afghanistan & Pakistan",Lower middle income,2016,0.429
PAK,PK,Pakistan,"Middle East, North Africa, Afghanistan & Pakistan",Lower middle income,2017,0.419
PAK,PK,Pakistan,"Middle East, North Africa, Afghanistan & Pakistan",Lower middle income,2018,0.395
PAK,PK,Pakistan,"Middle East, North Africa, Afghanistan & Pakistan",Lower middle income,2019,0.368
PAK,PK,Pakistan,"Middle East, North Africa, Afghanistan & Pakistan",Lower middle income,2020,0.377
PAK,PK,Pakistan,"Middle East, North Africa, Afghanistan & Pakistan",Lower middle income,2021,0.394
PAK,PK,Pakistan,"Middle East, North Africa, Afghanistan & Pakistan",Lower middle income,2022,0.379
PAK,PK,Pakistan,"Middle East, North Africa, Afghanistan & Pakistan",Lower middle income,2023,0.334
PAK,PK,Pakistan,"Middle East, North Africa, Afghanistan & Pakistan",Lower middle income,2024,0.313
PAN,PA,Panama,Latin America & Caribbean,High income,2000,0.73
PAN,PA,Panama,Latin America & Caribbean,High income,2001,0.738
PAN,PA,Panama,Latin America & Caribbean,High income,2002,0.738
PAN,PA,Panama,Latin America & Caribbean,High income,2003,0.738
PAN,PA,Panama,Latin America & Caribbean,High income,2004,0.737
PAN,PA,Panama,Latin America & Caribbean,High income,2005,0.736
PAN,PA,Panama,Latin America & Caribbean,High income,2006,0.736
PAN,PA,Panama,Latin America & Caribbean,High income,2007,0.736
PAN,PA,Panama,Latin America & Caribbean,High income,2008,0.736
PAN,PA,Panama,Latin America & Caribbean,High income,2009,0.739
PAN,PA,Panama,Latin America & Caribbean,High income,2010,0.746
PAN,PA,Panama,Latin America & Caribbean,High income,2011,0.746
PAN,PA,Panama,Latin America & Caribbean,High income,2012,0.746
PAN,PA,Panama,Latin America & Caribbean,High income,2013,0.748
PAN,PA,Panama,Latin America & Caribbean,High income,2014,0.744
PAN,PA,Panama,Latin America & Caribbean,High income,2015,0.755
PAN,PA,Panama,Latin America & Caribbean,High income,2016,0.753
PAN,PA,Panama,Latin America & Caribbean,High income,2017,0.736
PAN,PA,Panama,Latin America & Caribbean,High income,2018,0.732
PAN,PA,Panama,Latin America & Caribbean,High income,2019,0.731
PAN,PA,Panama,Latin America & Caribbean,High income,2020,0.721
PAN,PA,Panama,Latin America & Caribbean,High income,2021,0.735
PAN,PA,Panama,Latin America & Caribbean,High income,2022,0.725
PAN,PA,Panama,Latin America & Caribbean,High income,2023,0.722
PAN,PA,Panama,Latin America & Caribbean,High income,2024,0.728
PER,PE,Peru,Latin America & Caribbean,Upper middle income,2000,0.413
PER,PE,Peru,Latin America & Caribbean,Upper middle income,2001,0.723
PER,PE,Peru,Latin America & Caribbean,Upper middle income,2002,0.792
PER,PE,Peru,Latin America & Caribbean,Upper middle income,2003,0.792
PER,PE,Peru,Latin America & Caribbean,Upper middle income,2004,0.792
PER,PE,Peru,Latin America & Caribbean,Upper middle income,2005,0.792
PER,PE,Peru,Latin America & Caribbean,Upper middle income,2006,0.792
PER,PE,Peru,Latin America & Caribbean,Upper middle income,2007,0.796
PER,PE,Peru,Latin America & Caribbean,Upper middle income,2008,0.801
PER,PE,Peru,Latin America & Caribbean,Upper middle income,2009,0.8
PER,PE,Peru,Latin America & Caribbean,Upper middle income,2010,0.804
PER,PE,Peru,Latin America & Caribbean,Upper middle income,2011,0.812
PER,PE,Peru,Latin America & Caribbean,Upper middle income,2012,0.827
PER,PE,Peru,Latin America & Caribbean,Upper middle income,2013,0.821
PER,PE,Peru,Latin America & Caribbean,Upper middle income,2014,0.822
PER,PE,Peru,Latin America & Caribbean,Upper middle income,2015,0.817
PER,PE,Peru,Latin America & Caribbean,Upper middle income,2016,0.788
PER,PE,Peru,Latin America & Caribbean,Upper middle income,2017,0.789
PER,PE,Peru,Latin America & Caribbean,Upper middle income,2018,0.81
PER,PE,Peru,Latin America & Caribbean,Upper middle income,2019,0.801
PER,PE,Peru,Latin America & Caribbean,Upper middle income,2020,0.818
PER,PE,Peru,Latin America & Caribbean,Upper middle income,2021,0.771
PER,PE,Peru,Latin America & Caribbean,Upper middle income,2022,0.733
PER,PE,Peru,Latin America & Caribbean,Upper middle income,2023,0.7
PER,PE,Peru,Latin America & Caribbean,Upper middle income,2024,0.642
PHL,PH,Philippines,East Asia & Pacific,Upper middle income,2000,0.585
PHL,PH,Philippines,East Asia & Pacific,Upper middle income,2001,0.545
PHL,PH,Philippines,East Asia & Pacific,Upper middle income,2002,0.531
PHL,PH,Philippines,East Asia & Pacific,Upper middle income,2003,0.529
PHL,PH,Philippines,East Asia & Pacific,Upper middle income,2004,0.486
PHL,PH,Philippines,East Asia & Pacific,Upper middle income,2005,0.463
PHL,PH,Philippines,East Asia & Pacific,Upper middle income,2006,0.463
PHL,PH,Philippines,East Asia & Pacific,Upper middle income,2007,0.459
PHL,PH,Philippines,East Asia & Pacific,Upper middle income,2008,0.456
PHL,PH,Philippines,East Asia & Pacific,Upper middle income,2009,0.46
PHL,PH,Philippines,East Asia & Pacific,Upper middle income,2010,0.506
PHL,PH,Philippines,East Asia & Pacific,Upper middle income,2011,0.524
PHL,PH,Philippines,East Asia & Pacific,Upper middle income,2012,0.524
PHL,PH,Philippines,East Asia & Pacific,Upper middle income,2013,0.521
PHL,PH,Philippines,East Asia & Pacific,Upper middle income,2014,0.521
PHL,PH,Philippines,East Asia & Pacific,Upper middle income,2015,0.522
PHL,PH,Philippines,East Asia & Pacific,Upper middle income,2016,0.485
PHL,PH,Philippines,East Asia & Pacific,Upper middle income,2017,0.469
PHL,PH,Philippines,East Asia & Pacific,Upper middle income,2018,0.45
PHL,PH,Philippines,East Asia & Pacific,Upper middle income,2019,0.428
PHL,PH,Philippines,East Asia & Pacific,Upper middle income,2020,0.405
PHL,PH,Philippines,East Asia & Pacific,Upper middle income,2021,0.411
PHL,PH,Philippines,East Asia & Pacific,Upper middle income,2022,0.411
PHL,PH,Philippines,East Asia & Pacific,Upper middle income,2023,0.416
PHL,PH,Philippines,East Asia & Pacific,Upper middle income,2024,0.411
PLW,PW,Palau,East Asia & Pacific,High income,2000,
PLW,PW,Palau,East Asia & Pacific,High income,2001,
PLW,PW,Palau,East Asia & Pacific,High income,2002,
PLW,PW,Palau,East Asia & Pacific,High income,2003,
PLW,PW,Palau,East Asia & Pacific,High income,2004,
PLW,PW,Palau,East Asia & Pacific,High income,2005,
PLW,PW,Palau,East Asia & Pacific,High income,2006,
PLW,PW,Palau,East Asia & Pacific,High income,2007,
PLW,PW,Palau,East Asia & Pacific,High income,2008,
PLW,PW,Palau,East Asia & Pacific,High income,2009,
PLW,PW,Palau,East Asia & Pacific,High income,2010,
PLW,PW,Palau,East Asia & Pacific,High income,2011,
PLW,PW,Palau,East Asia & Pacific,High income,2012,
PLW,PW,Palau,East Asia & Pacific,High income,2013,
PLW,PW,Palau,East Asia & Pacific,High income,2014,
PLW,PW,Palau,East Asia & Pacific,High income,2015,
PLW,PW,Palau,East Asia & Pacific,High income,2016,
PLW,PW,Palau,East Asia & Pacific,High income,2017,
PLW,PW,Palau,East Asia & Pacific,High income,2018,
PLW,PW,Palau,East Asia & Pacific,High income,2019,
PLW,PW,Palau,East Asia & Pacific,High income,2020,
PLW,PW,Palau,East Asia & Pacific,High income,2021,
PLW,PW,Palau,East Asia & Pacific,High income,2022,
PLW,PW,Palau,East Asia & Pacific,High income,2023,
PLW,PW,Palau,East Asia & Pacific,High income,2024,
PNG,PG,Papua New Guinea,East Asia & Pacific,Lower middle income,2000,0.538
PNG,PG,Papua New Guinea,East Asia & Pacific,Lower middle income,2001,0.538
PNG,PG,Papua New Guinea,East Asia & Pacific,Lower middle income,2002,0.54
PNG,PG,Papua New Guinea,East Asia & Pacific,Lower middle income,2003,0.541
PNG,PG,Papua New Guinea,East Asia & Pacific,Lower middle income,2004,0.537
PNG,PG,Papua New Guinea,East Asia & Pacific,Lower middle income,2005,0.537
PNG,PG,Papua New Guinea,East Asia & Pacific,Lower middle income,2006,0.544
PNG,PG,Papua New Guinea,East Asia & Pacific,Lower middle income,2007,0.511
PNG,PG,Papua New Guinea,East Asia & Pacific,Lower middle income,2008,0.478
PNG,PG,Papua New Guinea,East Asia & Pacific,Lower middle income,2009,0.478
PNG,PG,Papua New Guinea,East Asia & Pacific,Lower middle income,2010,0.475
PNG,PG,Papua New Guinea,East Asia & Pacific,Lower middle income,2011,0.472
PNG,PG,Papua New Guinea,East Asia & Pacific,Lower middle income,2012,0.46
PNG,PG,Papua New Guinea,East Asia & Pacific,Lower middle income,2013,0.448
PNG,PG,Papua New Guinea,East Asia & Pacific,Lower middle income,2014,0.447
PNG,PG,Papua New Guinea,East Asia & Pacific,Lower middle income,2015,0.444
PNG,PG,Papua New Guinea,East Asia & Pacific,Lower middle income,2016,0.445
PNG,PG,Papua New Guinea,East Asia & Pacific,Lower middle income,2017,0.447
PNG,PG,Papua New Guinea,East Asia & Pacific,Lower middle income,2018,0.457
PNG,PG,Papua New Guinea,East Asia & Pacific,Lower middle income,2019,0.462
PNG,PG,Papua New Guinea,East Asia & Pacific,Lower middle income,2020,0.455
PNG,PG,Papua New Guinea,East Asia & Pacific,Lower middle income,2021,0.455
PNG,PG,Papua New Guinea,East Asia & Pacific,Lower middle income,2022,0.467
PNG,PG,Papua New Guinea,East Asia & Pacific,Lower middle income,2023,0.466
PNG,PG,Papua New Guinea,East Asia & Pacific,Lower middle income,2024,0.462
POL,PL,Poland,Europe & Central Asia,High income,2000,0.878
POL,PL,Poland,Europe & Central Asia,High income,2001,0.882
POL,PL,Poland,Europe & Central Asia,High income,2002,0.882
POL,PL,Poland,Europe & Central Asia,High income,2003,0.882
POL,PL,Poland,Europe & Central Asia,High income,2004,0.882
POL,PL,Poland,Europe & Central Asia,High income,2005,0.884
POL,PL,Poland,Europe & Central Asia,High income,2006,0.877
POL,PL,Poland,Europe & Central Asia,High income,2007,0.874
POL,PL,Poland,Europe & Central Asia,High income,2008,0.891
POL,PL,Poland,Europe & Central Asia,High income,2009,0.891
POL,PL,Poland,Europe & Central Asia,High income,2010,0.892
POL,PL,Poland,Europe & Central Asia,High income,2011,0.893
POL,PL,Poland,Europe & Central Asia,High income,2012,0.893
POL,PL,Poland,Europe & Central Asia,High income,2013,0.89
POL,PL,Poland,Europe & Central Asia,High income,2014,0.882
POL,PL,Poland,Europe & Central Asia,High income,2015,0.876
POL,PL,Poland,Europe & Central Asia,High income,2016,0.731
POL,PL,Poland,Europe & Central Asia,High income,2017,0.698
POL,PL,Poland,Europe & Central Asia,High income,2018,0.694
POL,PL,Poland,Europe & Central Asia,High income,2019,0.682
POL,PL,Poland,Europe & Central Asia,High income,2020,0.616
POL,PL,Poland,Europe & Central Asia,High income,2021,0.587
POL,PL,Poland,Europe & Central Asia,High income,2022,0.578
POL,PL,Poland,Europe & Central Asia,High income,2023,0.598
POL,PL,Poland,Europe & Central Asia,High income,2024,0.73
PRI,PR,Puerto Rico (US),Latin America & Caribbean,High income,2000,
PRI,PR,Puerto Rico (US),Latin America & Caribbean,High income,2001,
PRI,PR,Puerto Rico (US),Latin America & Caribbean,High income,2002,
PRI,PR,Puerto Rico (US),Latin America & Caribbean,High income,2003,
PRI,PR,Puerto Rico (US),Latin America & Caribbean,High income,2004,
PRI,PR,Puerto Rico (US),Latin America & Caribbean,High income,2005,
PRI,PR,Puerto Rico (US),Latin America & Caribbean,High income,2006,
PRI,PR,Puerto Rico (US),Latin America & Caribbean,High income,2007,
PRI,PR,Puerto Rico (US),Latin America & Caribbean,High income,2008,
PRI,PR,Puerto Rico (US),Latin America & Caribbean,High income,2009,
PRI,PR,Puerto Rico (US),Latin America & Caribbean,High income,2010,
PRI,PR,Puerto Rico (US),Latin America & Caribbean,High income,2011,
PRI,PR,Puerto Rico (US),Latin America & Caribbean,High income,2012,
PRI,PR,Puerto Rico (US),Latin America & Caribbean,High income,2013,
PRI,PR,Puerto Rico (US),Latin America & Caribbean,High income,2014,
PRI,PR,Puerto Rico (US),Latin America & Caribbean,High income,2015,
PRI,PR,Puerto Rico (US),Latin America & Caribbean,High income,2016,
PRI,PR,Puerto Rico (US),Latin America & Caribbean,High income,2017,
PRI,PR,Puerto Rico (US),Latin America & Caribbean,High income,2018,
PRI,PR,Puerto Rico (US),Latin America & Caribbean,High income,2019,
PRI,PR,Puerto Rico (US),Latin America & Caribbean,High income,2020,
PRI,PR,Puerto Rico (US),Latin America & Caribbean,High income,2021,
PRI,PR,Puerto Rico (US),Latin America & Caribbean,High income,2022,
PRI,PR,Puerto Rico (US),Latin America & Caribbean,High income,2023,
PRI,PR,Puerto Rico (US),Latin America & Caribbean,High income,2024,
PRK,KP,"Korea, Dem. People's Rep.",East Asia & Pacific,Low income,2000,0.083
PRK,KP,"Korea, Dem. People's Rep.",East Asia & Pacific,Low income,2001,0.083
PRK,KP,"Korea, Dem. People's Rep.",East Asia & Pacific,Low income,2002,0.083
PRK,KP,"Korea, Dem. People's Rep.",East Asia & Pacific,Low income,2003,0.083
PRK,KP,"Korea, Dem. People's Rep.",East Asia & Pacific,Low income,2004,0.085
PRK,KP,"Korea, Dem. People's Rep.",East Asia & Pacific,Low income,2005,0.085
PRK,KP,"Korea, Dem. People's Rep.",East Asia & Pacific,Low income,2006,0.085
PRK,KP,"Korea, Dem. People's Rep.",East Asia & Pacific,Low income,2007,0.085
PRK,KP,"Korea, Dem. People's Rep.",East Asia & Pacific,Low income,2008,0.085
PRK,KP,"Korea, Dem. People's Rep.",East Asia & Pacific,Low income,2009,0.085
PRK,KP,"Korea, Dem. People's Rep.",East Asia & Pacific,Low income,2010,0.086
PRK,KP,"Korea, Dem. People's Rep.",East Asia & Pacific,Low income,2011,0.086
PRK,KP,"Korea, Dem. People's Rep.",East Asia & Pacific,Low income,2012,0.086
PRK,KP,"Korea, Dem. People's Rep.",East Asia & Pacific,Low income,2013,0.086
PRK,KP,"Korea, Dem. People's Rep.",East Asia & Pacific,Low income,2014,0.085
PRK,KP,"Korea, Dem. People's Rep.",East Asia & Pacific,Low income,2015,0.085
PRK,KP,"Korea, Dem. People's Rep.",East Asia & Pacific,Low income,2016,0.085
PRK,KP,"Korea, Dem. People's Rep.",East Asia & Pacific,Low income,2017,0.085
PRK,KP,"Korea, Dem. People's Rep.",East Asia & Pacific,Low income,2018,0.085
PRK,KP,"Korea, Dem. People's Rep.",East Asia & Pacific,Low income,2019,0.083
PRK,KP,"Korea, Dem. People's Rep.",East Asia & Pacific,Low income,2020,0.083
PRK,KP,"Korea, Dem. People's Rep.",East Asia & Pacific,Low income,2021,0.083
PRK,KP,"Korea, Dem. People's Rep.",East Asia & Pacific,Low income,2022,0.083
PRK,KP,"Korea, Dem. People's Rep.",East Asia & Pacific,Low income,2023,0.083
PRK,KP,"Korea, Dem. People's Rep.",East Asia & Pacific,Low income,2024,0.084
PRT,PT,Portugal,Europe & Central Asia,High income,2000,0.867
PRT,PT,Portugal,Europe & Central Asia,High income,2001,0.871
PRT,PT,Portugal,Europe & Central Asia,High income,2002,0.876
PRT,PT,Portugal,Europe & Central Asia,High income,2003,0.876
PRT,PT,Portugal,Europe & Central Asia,High income,2004,0.876
PRT,PT,Portugal,Europe & Central Asia,High income,2005,0.889
PRT,PT,Portugal,Europe & Central Asia,High income,2006,0.894
PRT,PT,Portugal,Europe & Central Asia,High income,2007,0.894
PRT,PT,Portugal,Europe & Central Asia,High income,2008,0.893
PRT,PT,Portugal,Europe & Central Asia,High income,2009,0.894
PRT,PT,Portugal,Europe & Central Asia,High income,2010,0.894
PRT,PT,Portugal,Europe & Central Asia,High income,2011,0.884
PRT,PT,Portugal,Europe & Central Asia,High income,2012,0.885
PRT,PT,Portugal,Europe & Central Asia,High income,2013,0.886
PRT,PT,Portugal,Europe & Central Asia,High income,2014,0.886
PRT,PT,Portugal,Europe & Central Asia,High income,2015,0.887
PRT,PT,Portugal,Europe & Central Asia,High income,2016,0.888
PRT,PT,Portugal,Europe & Central Asia,High income,2017,0.898
PRT,PT,Portugal,Europe & Central Asia,High income,2018,0.899
PRT,PT,Portugal,Europe & Central Asia,High income,2019,0.886
PRT,PT,Portugal,Europe & Central Asia,High income,2020,0.886
PRT,PT,Portugal,Europe & Central Asia,High income,2021,0.884
PRT,PT,Portugal,Europe & Central Asia,High income,2022,0.847
PRT,PT,Portugal,Europe & Central Asia,High income,2023,0.854
PRT,PT,Portugal,Europe & Central Asia,High income,2024,0.836
PRY,PY,Paraguay,Latin America & Caribbean,Upper middle income,2000,0.54
PRY,PY,Paraguay,Latin America & Caribbean,Upper middle income,2001,0.54
PRY,PY,Paraguay,Latin America & Caribbean,Upper middle income,2002,0.54
PRY,PY,Paraguay,Latin America & Caribbean,Upper middle income,2003,0.565
PRY,PY,Paraguay,Latin America & Caribbean,Upper middle income,2004,0.595
PRY,PY,Paraguay,Latin America & Caribbean,Upper middle income,2005,0.595
PRY,PY,Paraguay,Latin America & Caribbean,Upper middle income,2006,0.595
PRY,PY,Paraguay,Latin America & Caribbean,Upper middle income,2007,0.595
PRY,PY,Paraguay,Latin America & Caribbean,Upper middle income,2008,0.62
PRY,PY,Paraguay,Latin America & Caribbean,Upper middle income,2009,0.631
PRY,PY,Paraguay,Latin America & Caribbean,Upper middle income,2010,0.639
PRY,PY,Paraguay,Latin America & Caribbean,Upper middle income,2011,0.63
PRY,PY,Paraguay,Latin America & Caribbean,Upper middle income,2012,0.608
PRY,PY,Paraguay,Latin America & Caribbean,Upper middle income,2013,0.585
PRY,PY,Paraguay,Latin America & Caribbean,Upper middle income,2014,0.595
PRY,PY,Paraguay,Latin America & Caribbean,Upper middle income,2015,0.593
PRY,PY,Paraguay,Latin America & Caribbean,Upper middle income,2016,0.589
PRY,PY,Paraguay,Latin America & Caribbean,Upper middle income,2017,0.596
PRY,PY,Paraguay,Latin America & Caribbean,Upper middle income,2018,0.583
PRY,PY,Paraguay,Latin America & Caribbean,Upper middle income,2019,0.585
PRY,PY,Paraguay,Latin America & Caribbean,Upper middle income,2020,0.578
PRY,PY,Paraguay,Latin America & Caribbean,Upper middle income,2021,0.578
PRY,PY,Paraguay,Latin America & Caribbean,Upper middle income,2022,0.578
PRY,PY,Paraguay,Latin America & Caribbean,Upper middle income,2023,0.576
PRY,PY,Paraguay,Latin America & Caribbean,Upper middle income,2024,0.581
PSE,PS,West Bank and Gaza,"Middle East, North Africa, Afghanistan & Pakistan",Lower middle income,2000,0.471
PSE,PS,West Bank and Gaza,"Middle East, North Africa, Afghanistan & Pakistan",Lower middle income,2001,0.474
PSE,PS,West Bank and Gaza,"Middle East, North Africa, Afghanistan & Pakistan",Lower middle income,2002,0.471
PSE,PS,West Bank and Gaza,"Middle East, North Africa, Afghanistan & Pakistan",Lower middle income,2003,0.502
PSE,PS,West Bank and Gaza,"Middle East, North Africa, Afghanistan & Pakistan",Lower middle income,2004,0.511
PSE,PS,West Bank and Gaza,"Middle East, North Africa, Afghanistan & Pakistan",Lower middle income,2005,0.533
PSE,PS,West Bank and Gaza,"Middle East, North Africa, Afghanistan & Pakistan",Lower middle income,2006,0.501
PSE,PS,West Bank and Gaza,"Middle East, North Africa, Afghanistan & Pakistan",Lower middle income,2007,0.323
PSE,PS,West Bank and Gaza,"Middle East, North Africa, Afghanistan & Pakistan",Lower middle income,2008,0.234
PSE,PS,West Bank and Gaza,"Middle East, North Africa, Afghanistan & Pakistan",Lower middle income,2009,0.242
PSE,PS,West Bank and Gaza,"Middle East, North Africa, Afghanistan & Pakistan",Lower middle income,2010,0.244
PSE,PS,West Bank and Gaza,"Middle East, North Africa, Afghanistan & Pakistan",Lower middle income,2011,0.241
PSE,PS,West Bank and Gaza,"Middle East, North Africa, Afghanistan & Pakistan",Lower middle income,2012,0.243
PSE,PS,West Bank and Gaza,"Middle East, North Africa, Afghanistan & Pakistan",Lower middle income,2013,0.246
PSE,PS,West Bank and Gaza,"Middle East, North Africa, Afghanistan & Pakistan",Lower middle income,2014,0.249
PSE,PS,West Bank and Gaza,"Middle East, North Africa, Afghanistan & Pakistan",Lower middle income,2015,0.244
PSE,PS,West Bank and Gaza,"Middle East, North Africa, Afghanistan & Pakistan",Lower middle income,2016,0.243
PSE,PS,West Bank and Gaza,"Middle East, North Africa, Afghanistan & Pakistan",Lower middle income,2017,0.252
PSE,PS,West Bank and Gaza,"Middle East, North Africa, Afghanistan & Pakistan",Lower middle income,2018,0.265
PSE,PS,West Bank and Gaza,"Middle East, North Africa, Afghanistan & Pakistan",Lower middle income,2019,0.272
PSE,PS,West Bank and Gaza,"Middle East, North Africa, Afghanistan & Pakistan",Lower middle income,2020,0.242
PSE,PS,West Bank and Gaza,"Middle East, North Africa, Afghanistan & Pakistan",Lower middle income,2021,0.235
PSE,PS,West Bank and Gaza,"Middle East, North Africa, Afghanistan & Pakistan",Lower middle income,2022,0.229
PSE,PS,West Bank and Gaza,"Middle East, North Africa, Afghanistan & Pakistan",Lower middle income,2023,0.229
PSE,PS,West Bank and Gaza,"Middle East, North Africa, Afghanistan & Pakistan",Lower middle income,2024,0.212
PYF,PF,French Polynesia,East Asia & Pacific,High income,2000,
PYF,PF,French Polynesia,East Asia & Pacific,High income,2001,
PYF,PF,French Polynesia,East Asia & Pacific,High income,2002,
PYF,PF,French Polynesia,East Asia & Pacific,High income,2003,
PYF,PF,French Polynesia,East Asia & Pacific,High income,2004,
PYF,PF,French Polynesia,East Asia & Pacific,High income,2005,
PYF,PF,French Polynesia,East Asia & Pacific,High income,2006,
PYF,PF,French Polynesia,East Asia & Pacific,High income,2007,
PYF,PF,French Polynesia,East Asia & Pacific,High income,2008,
PYF,PF,French Polynesia,East Asia & Pacific,High income,2009,
PYF,PF,French Polynesia,East Asia & Pacific,High income,2010,
PYF,PF,French Polynesia,East Asia & Pacific,High income,2011,
PYF,PF,French Polynesia,East Asia & Pacific,High income,2012,
PYF,PF,French Polynesia,East Asia & Pacific,High income,2013,
PYF,PF,French Polynesia,East Asia & Pacific,High income,2014,
PYF,PF,French Polynesia,East Asia & Pacific,High income,2015,
PYF,PF,French Polynesia,East Asia & Pacific,High income,2016,
PYF,PF,French Polynesia,East Asia & Pacific,High income,2017,
PYF,PF,French Polynesia,East Asia & Pacific,High income,2018,
PYF,PF,French Polynesia,East Asia & Pacific,High income,2019,
PYF,PF,French Polynesia,East Asia & Pacific,High income,2020,
PYF,PF,French Polynesia,East Asia & Pacific,High income,2021,
PYF,PF,French Polynesia,East Asia & Pacific,High income,2022,
PYF,PF,French Polynesia,East Asia & Pacific,High income,2023,
PYF,PF,French Polynesia,East Asia & Pacific,High income,2024,
QAT,QA,Qatar,"Middle East, North Africa, Afghanistan & Pakistan",High income,2000,0.019
QAT,QA,Qatar,"Middle East, North Africa, Afghanistan & Pakistan",High income,2001,0.019
QAT,QA,Qatar,"Middle East, North Africa, Afghanistan & Pakistan",High income,2002,0.019
QAT,QA,Qatar,"Middle East, North Africa, Afghanistan & Pakistan",High income,2003,0.041
QAT,QA,Qatar,"Middle East, North Africa, Afghanistan & Pakistan",High income,2004,0.041
QAT,QA,Qatar,"Middle East, North Africa, Afghanistan & Pakistan",High income,2005,0.041
QAT,QA,Qatar,"Middle East, North Africa, Afghanistan & Pakistan",High income,2006,0.041
QAT,QA,Qatar,"Middle East, North Africa, Afghanistan & Pakistan",High income,2007,0.041
QAT,QA,Qatar,"Middle East, North Africa, Afghanistan & Pakistan",High income,2008,0.041
QAT,QA,Qatar,"Middle East, North Africa, Afghanistan & Pakistan",High income,2009,0.041
QAT,QA,Qatar,"Middle East, North Africa, Afghanistan & Pakistan",High income,2010,0.041
QAT,QA,Qatar,"Middle East, North Africa, Afghanistan & Pakistan",High income,2011,0.041
QAT,QA,Qatar,"Middle East, North Africa, Afghanistan & Pakistan",High income,2012,0.042
QAT,QA,Qatar,"Middle East, North Africa, Afghanistan & Pakistan",High income,2013,0.042
QAT,QA,Qatar,"Middle East, North Africa, Afghanistan & Pakistan",High income,2014,0.042
QAT,QA,Qatar,"Middle East, North Africa, Afghanistan & Pakistan",High income,2015,0.041
QAT,QA,Qatar,"Middle East, North Africa, Afghanistan & Pakistan",High income,2016,0.04
QAT,QA,Qatar,"Middle East, North Africa, Afghanistan & Pakistan",High income,2017,0.041
QAT,QA,Qatar,"Middle East, North Africa, Afghanistan & Pakistan",High income,2018,0.042
QAT,QA,Qatar,"Middle East, North Africa, Afghanistan & Pakistan",High income,2019,0.04
QAT,QA,Qatar,"Middle East, North Africa, Afghanistan & Pakistan",High income,2020,0.038
QAT,QA,Qatar,"Middle East, North Africa, Afghanistan & Pakistan",High income,2021,0.089
QAT,QA,Qatar,"Middle East, North Africa, Afghanistan & Pakistan",High income,2022,0.086
QAT,QA,Qatar,"Middle East, North Africa, Afghanistan & Pakistan",High income,2023,0.087
QAT,QA,Qatar,"Middle East, North Africa, Afghanistan & Pakistan",High income,2024,0.087
ROU,RO,Romania,Europe & Central Asia,High income,2000,0.611
ROU,RO,Romania,Europe & Central Asia,High income,2001,0.597
ROU,RO,Romania,Europe & Central Asia,High income,2002,0.597
ROU,RO,Romania,Europe & Central Asia,High income,2003,0.609
ROU,RO,Romania,Europe & Central Asia,High income,2004,0.592
ROU,RO,Romania,Europe & Central Asia,High income,2005,0.61
ROU,RO,Romania,Europe & Central Asia,High income,2006,0.611
ROU,RO,Romania,Europe & Central Asia,High income,2007,0.609
ROU,RO,Romania,Europe & Central Asia,High income,2008,0.621
ROU,RO,Romania,Europe & Central Asia,High income,2009,0.666
ROU,RO,Romania,Europe & Central Asia,High income,2010,0.68
ROU,RO,Romania,Europe & Central Asia,High income,2011,0.684
ROU,RO,Romania,Europe & Central Asia,High income,2012,0.674
ROU,RO,Romania,Europe & Central Asia,High income,2013,0.672
ROU,RO,Romania,Europe & Central Asia,High income,2014,0.676
ROU,RO,Romania,Europe & Central Asia,High income,2015,0.716
ROU,RO,Romania,Europe & Central Asia,High income,2016,0.733
ROU,RO,Romania,Europe & Central Asia,High income,2017,0.695
ROU,RO,Romania,Europe & Central Asia,High income,2018,0.692
ROU,RO,Romania,Europe & Central Asia,High income,2019,0.75
ROU,RO,Romania,Europe & Central Asia,High income,2020,0.805
ROU,RO,Romania,Europe & Central Asia,High income,2021,0.766
ROU,RO,Romania,Europe & Central Asia,High income,2022,0.691
ROU,RO,Romania,Europe & Central Asia,High income,2023,0.677
ROU,RO,Romania,Europe & Central Asia,High income,2024,0.628
RUS,RU,Russian Federation,Europe & Central Asia,High income,2000,0.403
RUS,RU,Russian Federation,Europe & Central Asia,High income,2001,0.374
RUS,RU,Russian Federation,Europe & Central Asia,High income,2002,0.354
RUS,RU,Russian Federation,Europe & Central Asia,High income,2003,0.339
RUS,RU,Russian Federation,Europe & Central Asia,High income,2004,0.321
RUS,RU,Russian Federation,Europe & Central Asia,High income,2005,0.32
RUS,RU,Russian Federation,Europe & Central Asia,High income,2006,0.322
RUS,RU,Russian Federation,Europe & Central Asia,High income,2007,0.316
RUS,RU,Russian Federation,Europe & Central Asia,High income,2008,0.302
RUS,RU,Russian Federation,Europe & Central Asia,High income,2009,0.309
RUS,RU,Russian Federation,Europe & Central Asia,High income,2010,0.306
RUS,RU,Russian Federation,Europe & Central Asia,High income,2011,0.299
RUS,RU,Russian Federation,Europe & Central Asia,High income,2012,0.278
RUS,RU,Russian Federation,Europe & Central Asia,High income,2013,0.276
RUS,RU,Russian Federation,Europe & Central Asia,High income,2014,0.264
RUS,RU,Russian Federation,Europe & Central Asia,High income,2015,0.265
RUS,RU,Russian Federation,Europe & Central Asia,High income,2016,0.263
RUS,RU,Russian Federation,Europe & Central Asia,High income,2017,0.261
RUS,RU,Russian Federation,Europe & Central Asia,High income,2018,0.264
RUS,RU,Russian Federation,Europe & Central Asia,High income,2019,0.259
RUS,RU,Russian Federation,Europe & Central Asia,High income,2020,0.255
RUS,RU,Russian Federation,Europe & Central Asia,High income,2021,0.245
RUS,RU,Russian Federation,Europe & Central Asia,High income,2022,0.206
RUS,RU,Russian Federation,Europe & Central Asia,High income,2023,0.19
RUS,RU,Russian Federation,Europe & Central Asia,High income,2024,0.171
RWA,RW,Rwanda,Sub-Saharan Africa,Low income,2000,0.114
RWA,RW,Rwanda,Sub-Saharan Africa,Low income,2001,0.114
RWA,RW,Rwanda,Sub-Saharan Africa,Low income,2002,0.115
RWA,RW,Rwanda,Sub-Saharan Africa,Low income,2003,0.143
RWA,RW,Rwanda,Sub-Saharan Africa,Low income,2004,0.198
RWA,RW,Rwanda,Sub-Saharan Africa,Low income,2005,0.196
RWA,RW,Rwanda,Sub-Saharan Africa,Low income,2006,0.197
RWA,RW,Rwanda,Sub-Saharan Africa,Low income,2007,0.197
RWA,RW,Rwanda,Sub-Saharan Africa,Low income,2008,0.203
RWA,RW,Rwanda,Sub-Saharan Africa,Low income,2009,0.22
RWA,RW,Rwanda,Sub-Saharan Africa,Low income,2010,0.217
RWA,RW,Rwanda,Sub-Saharan Africa,Low income,2011,0.216
RWA,RW,Rwanda,Sub-Saharan Africa,Low income,2012,0.22
RWA,RW,Rwanda,Sub-Saharan Africa,Low income,2013,0.221
RWA,RW,Rwanda,Sub-Saharan Africa,Low income,2014,0.226
RWA,RW,Rwanda,Sub-Saharan Africa,Low income,2015,0.226
RWA,RW,Rwanda,Sub-Saharan Africa,Low income,2016,0.226
RWA,RW,Rwanda,Sub-Saharan Africa,Low income,2017,0.222
RWA,RW,Rwanda,Sub-Saharan Africa,Low income,2018,0.226
RWA,RW,Rwanda,Sub-Saharan Africa,Low income,2019,0.227
RWA,RW,Rwanda,Sub-Saharan Africa,Low income,2020,0.227
RWA,RW,Rwanda,Sub-Saharan Africa,Low income,2021,0.226
RWA,RW,Rwanda,Sub-Saharan Africa,Low income,2022,0.219
RWA,RW,Rwanda,Sub-Saharan Africa,Low income,2023,0.212
RWA,RW,Rwanda,Sub-Saharan Africa,Low income,2024,0.201
SAU,SA,Saudi Arabia,"Middle East, North Africa, Afghanistan & Pakistan",High income,2000,0.017
SAU,SA,Saudi Arabia,"Middle East, North Africa, Afghanistan & Pakistan",High income,2001,0.018
SAU,SA,Saudi Arabia,"Middle East, North Africa, Afghanistan & Pakistan",High income,2002,0.018
SAU,SA,Saudi Arabia,"Middle East, North Africa, Afghanistan & Pakistan",High income,2003,0.018
SAU,SA,Saudi Arabia,"Middle East, North Africa, Afghanistan & Pakistan",High income,2004,0.018
SAU,SA,Saudi Arabia,"Middle East, North Africa, Afghanistan & Pakistan",High income,2005,0.019
SAU,SA,Saudi Arabia,"Middle East, North Africa, Afghanistan & Pakistan",High income,2006,0.019
SAU,SA,Saudi Arabia,"Middle East, North Africa, Afghanistan & Pakistan",High income,2007,0.019
SAU,SA,Saudi Arabia,"Middle East, North Africa, Afghanistan & Pakistan",High income,2008,0.019
SAU,SA,Saudi Arabia,"Middle East, North Africa, Afghanistan & Pakistan",High income,2009,0.019
SAU,SA,Saudi Arabia,"Middle East, North Africa, Afghanistan & Pakistan",High income,2010,0.02
SAU,SA,Saudi Arabia,"Middle East, North Africa, Afghanistan & Pakistan",High income,2011,0.02
SAU,SA,Saudi Arabia,"Middle East, North Africa, Afghanistan & Pakistan",High income,2012,0.019
SAU,SA,Saudi Arabia,"Middle East, North Africa, Afghanistan & Pakistan",High income,2013,0.018
SAU,SA,Saudi Arabia,"Middle East, North Africa, Afghanistan & Pakistan",High income,2014,0.017
SAU,SA,Saudi Arabia,"Middle East, North Africa, Afghanistan & Pakistan",High income,2015,0.016
SAU,SA,Saudi Arabia,"Middle East, North Africa, Afghanistan & Pakistan",High income,2016,0.016
SAU,SA,Saudi Arabia,"Middle East, North Africa, Afghanistan & Pakistan",High income,2017,0.014
SAU,SA,Saudi Arabia,"Middle East, North Africa, Afghanistan & Pakistan",High income,2018,0.015
SAU,SA,Saudi Arabia,"Middle East, North Africa, Afghanistan & Pakistan",High income,2019,0.015
SAU,SA,Saudi Arabia,"Middle East, North Africa, Afghanistan & Pakistan",High income,2020,0.014
SAU,SA,Saudi Arabia,"Middle East, North Africa, Afghanistan & Pakistan",High income,2021,0.015
SAU,SA,Saudi Arabia,"Middle East, North Africa, Afghanistan & Pakistan",High income,2022,0.015
SAU,SA,Saudi Arabia,"Middle East, North Africa, Afghanistan & Pakistan",High income,2023,0.014
SAU,SA,Saudi Arabia,"Middle East, North Africa, Afghanistan & Pakistan",High income,2024,0.015
SDN,SD,Sudan,Sub-Saharan Africa,Low income,2000,0.131
SDN,SD,Sudan,Sub-Saharan Africa,Low income,2001,0.172
SDN,SD,Sudan,Sub-Saharan Africa,Low income,2002,0.173
SDN,SD,Sudan,Sub-Saharan Africa,Low income,2003,0.173
SDN,SD,Sudan,Sub-Saharan Africa,Low income,2004,0.179
SDN,SD,Sudan,Sub-Saharan Africa,Low income,2005,0.198
SDN,SD,Sudan,Sub-Saharan Africa,Low income,2006,0.199
SDN,SD,Sudan,Sub-Saharan Africa,Low income,2007,0.198
SDN,SD,Sudan,Sub-Saharan Africa,Low income,2008,0.201
SDN,SD,Sudan,Sub-Saharan Africa,Low income,2009,0.202
SDN,SD,Sudan,Sub-Saharan Africa,Low income,2010,0.213
SDN,SD,Sudan,Sub-Saharan Africa,Low income,2011,0.212
SDN,SD,Sudan,Sub-Saharan Africa,Low income,2012,0.211
SDN,SD,Sudan,Sub-Saharan Africa,Low income,2013,0.212
SDN,SD,Sudan,Sub-Saharan Africa,Low income,2014,0.212
SDN,SD,Sudan,Sub-Saharan Africa,Low income,2015,0.22
SDN,SD,Sudan,Sub-Saharan Africa,Low income,2016,0.219
SDN,SD,Sudan,Sub-Saharan Africa,Low income,2017,0.226
SDN,SD,Sudan,Sub-Saharan Africa,Low income,2018,0.227
SDN,SD,Sudan,Sub-Saharan Africa,Low income,2019,0.193
SDN,SD,Sudan,Sub-Saharan Africa,Low income,2020,0.167
SDN,SD,Sudan,Sub-Saharan Africa,Low income,2021,0.163
SDN,SD,Sudan,Sub-Saharan Africa,Low income,2022,0.158
SDN,SD,Sudan,Sub-Saharan Africa,Low income,2023,0.139
SDN,SD,Sudan,Sub-Saharan Africa,Low income,2024,0.137
SEN,SN,Senegal,Sub-Saharan Africa,Lower middle income,2000,0.679
SEN,SN,Senegal,Sub-Saharan Africa,Lower middle income,2001,0.602
SEN,SN,Senegal,Sub-Saharan Africa,Lower middle income,2002,0.685
SEN,SN,Senegal,Sub-Saharan Africa,Lower middle income,2003,0.685
SEN,SN,Senegal,Sub-Saharan Africa,Lower middle income,2004,0.685
SEN,SN,Senegal,Sub-Saharan Africa,Lower middle income,2005,0.685
SEN,SN,Senegal,Sub-Saharan Africa,Lower middle income,2006,0.685
SEN,SN,Senegal,Sub-Saharan Africa,Lower middle income,2007,0.672
SEN,SN,Senegal,Sub-Saharan Africa,Lower middle income,2008,0.674
SEN,SN,Senegal,Sub-Saharan Africa,Lower middle income,2009,0.668
SEN,SN,Senegal,Sub-Saharan Africa,Lower middle income,2010,0.684
SEN,SN,Senegal,Sub-Saharan Africa,Lower middle income,2011,0.684
SEN,SN,Senegal,Sub-Saharan Africa,Lower middle income,2012,0.696
SEN,SN,Senegal,Sub-Saharan Africa,Lower middle income,2013,0.722
SEN,SN,Senegal,Sub-Saharan Africa,Lower middle income,2014,0.726
SEN,SN,Senegal,Sub-Saharan Africa,Lower middle income,2015,0.726
SEN,SN,Senegal,Sub-Saharan Africa,Lower middle income,2016,0.726
SEN,SN,Senegal,Sub-Saharan Africa,Lower middle income,2017,0.701
SEN,SN,Senegal,Sub-Saharan Africa,Lower middle income,2018,0.688
SEN,SN,Senegal,Sub-Saharan Africa,Lower middle income,2019,0.697
SEN,SN,Senegal,Sub-Saharan Africa,Lower middle income,2020,0.728
SEN,SN,Senegal,Sub-Saharan Africa,Lower middle income,2021,0.714
SEN,SN,Senegal,Sub-Saharan Africa,Lower middle income,2022,0.686
SEN,SN,Senegal,Sub-Saharan Africa,Lower middle income,2023,0.625
SEN,SN,Senegal,Sub-Saharan Africa,Lower middle income,2024,0.605
SGP,SG,Singapore,East Asia & Pacific,High income,2000,0.378
SGP,SG,Singapore,East Asia & Pacific,High income,2001,0.378
SGP,SG,Singapore,East Asia & Pacific,High income,2002,0.377
SGP,SG,Singapore,East Asia & Pacific,High income,2003,0.377
SGP,SG,Singapore,East Asia & Pacific,High income,2004,0.377
SGP,SG,Singapore,East Asia & Pacific,High income,2005,0.375
SGP,SG,Singapore,East Asia & Pacific,High income,2006,0.386
SGP,SG,Singapore,East Asia & Pacific,High income,2007,0.384
SGP,SG,Singapore,East Asia & Pacific,High income,2008,0.387
SGP,SG,Singapore,East Asia & Pacific,High income,2009,0.39
SGP,SG,Singapore,East Asia & Pacific,High income,2010,0.39
SGP,SG,Singapore,East Asia & Pacific,High income,2011,0.403
SGP,SG,Singapore,East Asia & Pacific,High income,2012,0.419
SGP,SG,Singapore,East Asia & Pacific,High income,2013,0.414
SGP,SG,Singapore,East Asia & Pacific,High income,2014,0.414
SGP,SG,Singapore,East Asia & Pacific,High income,2015,0.416
SGP,SG,Singapore,East Asia & Pacific,High income,2016,0.424
SGP,SG,Singapore,East Asia & Pacific,High income,2017,0.425
SGP,SG,Singapore,East Asia & Pacific,High income,2018,0.409
SGP,SG,Singapore,East Asia & Pacific,High income,2019,0.403
SGP,SG,Singapore,East Asia & Pacific,High income,2020,0.402
SGP,SG,Singapore,East Asia & Pacific,High income,2021,0.395
SGP,SG,Singapore,East Asia & Pacific,High income,2022,0.395
SGP,SG,Singapore,East Asia & Pacific,High income,2023,0.405
SGP,SG,Singapore,East Asia & Pacific,High income,2024,0.418
SLB,SB,Solomon Islands,East Asia & Pacific,Lower middle income,2000,0.356
SLB,SB,Solomon Islands,East Asia & Pacific,Lower middle income,2001,0.273
SLB,SB,Solomon Islands,East Asia & Pacific,Lower middle income,2002,0.507
SLB,SB,Solomon Islands,East Asia & Pacific,Lower middle income,2003,0.507
SLB,SB,Solomon Islands,East Asia & Pacific,Lower middle income,2004,0.52
SLB,SB,Solomon Islands,East Asia & Pacific,Lower middle income,2005,0.511
SLB,SB,Solomon Islands,East Asia & Pacific,Lower middle income,2006,0.471
SLB,SB,Solomon Islands,East Asia & Pacific,Lower middle income,2007,0.559
SLB,SB,Solomon Islands,East Asia & Pacific,Lower middle income,2008,0.559
SLB,SB,Solomon Islands,East Asia & Pacific,Lower middle income,2009,0.564
SLB,SB,Solomon Islands,East Asia & Pacific,Lower middle income,2010,0.573
SLB,SB,Solomon Islands,East Asia & Pacific,Lower middle income,2011,0.582
SLB,SB,Solomon Islands,East Asia & Pacific,Lower middle income,2012,0.586
SLB,SB,Solomon Islands,East Asia & Pacific,Lower middle income,2013,0.582
SLB,SB,Solomon Islands,East Asia & Pacific,Lower middle income,2014,0.585
SLB,SB,Solomon Islands,East Asia & Pacific,Lower middle income,2015,0.594
SLB,SB,Solomon Islands,East Asia & Pacific,Lower middle income,2016,0.61
SLB,SB,Solomon Islands,East Asia & Pacific,Lower middle income,2017,0.616
SLB,SB,Solomon Islands,East Asia & Pacific,Lower middle income,2018,0.623
SLB,SB,Solomon Islands,East Asia & Pacific,Lower middle income,2019,0.656
SLB,SB,Solomon Islands,East Asia & Pacific,Lower middle income,2020,0.655
SLB,SB,Solomon Islands,East Asia & Pacific,Lower middle income,2021,0.658
SLB,SB,Solomon Islands,East Asia & Pacific,Lower middle income,2022,0.659
SLB,SB,Solomon Islands,East Asia & Pacific,Lower middle income,2023,0.666
SLB,SB,Solomon Islands,East Asia & Pacific,Lower middle income,2024,0.688
SLE,SL,Sierra Leone,Sub-Saharan Africa,Low income,2000,0.232
SLE,SL,Sierra Leone,Sub-Saharan Africa,Low income,2001,0.232
SLE,SL,Sierra Leone,Sub-Saharan Africa,Low income,2002,0.43
SLE,SL,Sierra Leone,Sub-Saharan Africa,Low income,2003,0.56
SLE,SL,Sierra Leone,Sub-Saharan Africa,Low income,2004,0.557
SLE,SL,Sierra Leone,Sub-Saharan Africa,Low income,2005,0.557
SLE,SL,Sierra Leone,Sub-Saharan Africa,Low income,2006,0.557
SLE,SL,Sierra Leone,Sub-Saharan Africa,Low income,2007,0.539
SLE,SL,Sierra Leone,Sub-Saharan Africa,Low income,2008,0.517
SLE,SL,Sierra Leone,Sub-Saharan Africa,Low income,2009,0.514
SLE,SL,Sierra Leone,Sub-Saharan Africa,Low income,2010,0.514
SLE,SL,Sierra Leone,Sub-Saharan Africa,Low income,2011,0.514
SLE,SL,Sierra Leone,Sub-Saharan Africa,Low income,2012,0.508
SLE,SL,Sierra Leone,Sub-Saharan Africa,Low income,2013,0.514
SLE,SL,Sierra Leone,Sub-Saharan Africa,Low income,2014,0.514
SLE,SL,Sierra Leone,Sub-Saharan Africa,Low income,2015,0.514
SLE,SL,Sierra Leone,Sub-Saharan Africa,Low income,2016,0.514
SLE,SL,Sierra Leone,Sub-Saharan Africa,Low income,2017,0.52
SLE,SL,Sierra Leone,Sub-Saharan Africa,Low income,2018,0.548
SLE,SL,Sierra Leone,Sub-Saharan Africa,Low income,2019,0.554
SLE,SL,Sierra Leone,Sub-Saharan Africa,Low income,2020,0.561
SLE,SL,Sierra Leone,Sub-Saharan Africa,Low income,2021,0.562
SLE,SL,Sierra Leone,Sub-Saharan Africa,Low income,2022,0.57
SLE,SL,Sierra Leone,Sub-Saharan Africa,Low income,2023,0.512
SLE,SL,Sierra Leone,Sub-Saharan Africa,Low income,2024,0.471
SLV,SV,El Salvador,Latin America & Caribbean,Upper middle income,2000,0.522
SLV,SV,El Salvador,Latin America & Caribbean,Upper middle income,2001,0.534
SLV,SV,El Salvador,Latin America & Caribbean,Upper middle income,2002,0.543
SLV,SV,El Salvador,Latin America & Caribbean,Upper middle income,2003,0.537
SLV,SV,El Salvador,Latin America & Caribbean,Upper middle income,2004,0.539
SLV,SV,El Salvador,Latin America & Caribbean,Upper middle income,2005,0.542
SLV,SV,El Salvador,Latin America & Caribbean,Upper middle income,2006,0.557
SLV,SV,El Salvador,Latin America & Caribbean,Upper middle income,2007,0.56
SLV,SV,El Salvador,Latin America & Caribbean,Upper middle income,2008,0.561
SLV,SV,El Salvador,Latin America & Caribbean,Upper middle income,2009,0.594
SLV,SV,El Salvador,Latin America & Caribbean,Upper middle income,2010,0.613
SLV,SV,El Salvador,Latin America & Caribbean,Upper middle income,2011,0.613
SLV,SV,El Salvador,Latin America & Caribbean,Upper middle income,2012,0.615
SLV,SV,El Salvador,Latin America & Caribbean,Upper middle income,2013,0.626
SLV,SV,El Salvador,Latin America & Caribbean,Upper middle income,2014,0.665
SLV,SV,El Salvador,Latin America & Caribbean,Upper middle income,2015,0.658
SLV,SV,El Salvador,Latin America & Caribbean,Upper middle income,2016,0.659
SLV,SV,El Salvador,Latin America & Caribbean,Upper middle income,2017,0.672
SLV,SV,El Salvador,Latin America & Caribbean,Upper middle income,2018,0.631
SLV,SV,El Salvador,Latin America & Caribbean,Upper middle income,2019,0.599
SLV,SV,El Salvador,Latin America & Caribbean,Upper middle income,2020,0.518
SLV,SV,El Salvador,Latin America & Caribbean,Upper middle income,2021,0.403
SLV,SV,El Salvador,Latin America & Caribbean,Upper middle income,2022,0.378
SLV,SV,El Salvador,Latin America & Caribbean,Upper middle income,2023,0.377
SLV,SV,El Salvador,Latin America & Caribbean,Upper middle income,2024,0.335
SMR,SM,San Marino,Europe & Central Asia,High income,2000,
SMR,SM,San Marino,Europe & Central Asia,High income,2001,
SMR,SM,San Marino,Europe & Central Asia,High income,2002,
SMR,SM,San Marino,Europe & Central Asia,High income,2003,
SMR,SM,San Marino,Europe & Central Asia,High income,2004,
SMR,SM,San Marino,Europe & Central Asia,High income,2005,
SMR,SM,San Marino,Europe & Central Asia,High income,2006,
SMR,SM,San Marino,Europe & Central Asia,High income,2007,
SMR,SM,San Marino,Europe & Central Asia,High income,2008,
SMR,SM,San Marino,Europe & Central Asia,High income,2009,
SMR,SM,San Marino,Europe & Central Asia,High income,2010,
SMR,SM,San Marino,Europe & Central Asia,High income,2011,
SMR,SM,San Marino,Europe & Central Asia,High income,2012,
SMR,SM,San Marino,Europe & Central Asia,High income,2013,
SMR,SM,San Marino,Europe & Central Asia,High income,2014,
SMR,SM,San Marino,Europe & Central Asia,High income,2015,
SMR,SM,San Marino,Europe & Central Asia,High income,2016,
SMR,SM,San Marino,Europe & Central Asia,High income,2017,
SMR,SM,San Marino,Europe & Central Asia,High income,2018,
SMR,SM,San Marino,Europe & Central Asia,High income,2019,
SMR,SM,San Marino,Europe & Central Asia,High income,2020,
SMR,SM,San Marino,Europe & Central Asia,High income,2021,
SMR,SM,San Marino,Europe & Central Asia,High income,2022,
SMR,SM,San Marino,Europe & Central Asia,High income,2023,
SMR,SM,San Marino,Europe & Central Asia,High income,2024,
SOM,SO,"Somalia, Fed. Rep.",Sub-Saharan Africa,Low income,2000,0.167
SOM,SO,"Somalia, Fed. Rep.",Sub-Saharan Africa,Low income,2001,0.166
SOM,SO,"Somalia, Fed. Rep.",Sub-Saharan Africa,Low income,2002,0.166
SOM,SO,"Somalia, Fed. Rep.",Sub-Saharan Africa,Low income,2003,0.166
SOM,SO,"Somalia, Fed. Rep.",Sub-Saharan Africa,Low income,2004,0.166
SOM,SO,"Somalia, Fed. Rep.",Sub-Saharan Africa,Low income,2005,0.171
SOM,SO,"Somalia, Fed. Rep.",Sub-Saharan Africa,Low income,2006,0.172
SOM,SO,"Somalia, Fed. Rep.",Sub-Saharan Africa,Low income,2007,0.172
SOM,SO,"Somalia, Fed. Rep.",Sub-Saharan Africa,Low income,2008,0.172
SOM,SO,"Somalia, Fed. Rep.",Sub-Saharan Africa,Low income,2009,0.172
SOM,SO,"Somalia, Fed. Rep.",Sub-Saharan Africa,Low income,2010,0.186
SOM,SO,"Somalia, Fed. Rep.",Sub-Saharan Africa,Low income,2011,0.19
SOM,SO,"Somalia, Fed. Rep.",Sub-Saharan Africa,Low income,2012,0.167
SOM,SO,"Somalia, Fed. Rep.",Sub-Saharan Africa,Low income,2013,0.162
SOM,SO,"Somalia, Fed. Rep.",Sub-Saharan Africa,Low income,2014,0.162
SOM,SO,"Somalia, Fed. Rep.",Sub-Saharan Africa,Low income,2015,0.162
SOM,SO,"Somalia, Fed. Rep.",Sub-Saharan Africa,Low income,2016,0.16
SOM,SO,"Somalia, Fed. Rep.",Sub-Saharan Africa,Low income,2017,0.167
SOM,SO,"Somalia, Fed. Rep.",Sub-Saharan Africa,Low income,2018,0.154
SOM,SO,"Somalia, Fed. Rep.",Sub-Saharan Africa,Low income,2019,0.148
SOM,SO,"Somalia, Fed. Rep.",Sub-Saharan Africa,Low income,2020,0.154
SOM,SO,"Somalia, Fed. Rep.",Sub-Saharan Africa,Low income,2021,0.161
SOM,SO,"Somalia, Fed. Rep.",Sub-Saharan Africa,Low income,2022,0.158
SOM,SO,"Somalia, Fed. Rep.",Sub-Saharan Africa,Low income,2023,0.167
SOM,SO,"Somalia, Fed. Rep.",Sub-Saharan Africa,Low income,2024,0.165
SRB,RS,Serbia,Europe & Central Asia,Upper middle income,2000,0.364
SRB,RS,Serbia,Europe & Central Asia,Upper middle income,2001,0.584
SRB,RS,Serbia,Europe & Central Asia,Upper middle income,2002,0.61
SRB,RS,Serbia,Europe & Central Asia,Upper middle income,2003,0.646
SRB,RS,Serbia,Europe & Central Asia,Upper middle income,2004,0.634
SRB,RS,Serbia,Europe & Central Asia,Upper middle income,2005,0.634
SRB,RS,Serbia,Europe & Central Asia,Upper middle income,2006,0.633
SRB,RS,Serbia,Europe & Central Asia,Upper middle income,2007,0.628
SRB,RS,Serbia,Europe & Central Asia,Upper middle income,2008,0.628
SRB,RS,Serbia,Europe & Central Asia,Upper middle income,2009,0.623
SRB,RS,Serbia,Europe & Central Asia,Upper middle income,2010,0.61
SRB,RS,Serbia,Europe & Central Asia,Upper middle income,2011,0.607
SRB,RS,Serbia,Europe & Central Asia,Upper middle income,2012,0.593
SRB,RS,Serbia,Europe & Central Asia,Upper middle income,2013,0.502
SRB,RS,Serbia,Europe & Central Asia,Upper middle income,2014,0.44
SRB,RS,Serbia,Europe & Central Asia,Upper middle income,2015,0.422
SRB,RS,Serbia,Europe & Central Asia,Upper middle income,2016,0.411
SRB,RS,Serbia,Europe & Central Asia,Upper middle income,2017,0.376
SRB,RS,Serbia,Europe & Central Asia,Upper middle income,2018,0.354
SRB,RS,Serbia,Europe & Central Asia,Upper middle income,2019,0.365
SRB,RS,Serbia,Europe & Central Asia,Upper middle income,2020,0.349
SRB,RS,Serbia,Europe & Central Asia,Upper middle income,2021,0.336
SRB,RS,Serbia,Europe & Central Asia,Upper middle income,2022,0.357
SRB,RS,Serbia,Europe & Central Asia,Upper middle income,2023,0.36
SRB,RS,Serbia,Europe & Central Asia,Upper middle income,2024,0.315
SSD,SS,South Sudan,Sub-Saharan Africa,Low income,2000,
SSD,SS,South Sudan,Sub-Saharan Africa,Low income,2001,
SSD,SS,South Sudan,Sub-Saharan Africa,Low income,2002,
SSD,SS,South Sudan,Sub-Saharan Africa,Low income,2003,
SSD,SS,South Sudan,Sub-Saharan Africa,Low income,2004,
SSD,SS,South Sudan,Sub-Saharan Africa,Low income,2005,
SSD,SS,South Sudan,Sub-Saharan Africa,Low income,2006,
SSD,SS,South Sudan,Sub-Saharan Africa,Low income,2007,
SSD,SS,South Sudan,Sub-Saharan Africa,Low income,2008,
SSD,SS,South Sudan,Sub-Saharan Africa,Low income,2009,
SSD,SS,South Sudan,Sub-Saharan Africa,Low income,2010,
SSD,SS,South Sudan,Sub-Saharan Africa,Low income,2011,0.194
SSD,SS,South Sudan,Sub-Saharan Africa,Low income,2012,0.194
SSD,SS,South Sudan,Sub-Saharan Africa,Low income,2013,0.169
SSD,SS,South Sudan,Sub-Saharan Africa,Low income,2014,0.164
SSD,SS,South Sudan,Sub-Saharan Africa,Low income,2015,0.166
SSD,SS,South Sudan,Sub-Saharan Africa,Low income,2016,0.158
SSD,SS,South Sudan,Sub-Saharan Africa,Low income,2017,0.157
SSD,SS,South Sudan,Sub-Saharan Africa,Low income,2018,0.153
SSD,SS,South Sudan,Sub-Saharan Africa,Low income,2019,0.16
SSD,SS,South Sudan,Sub-Saharan Africa,Low income,2020,0.169
SSD,SS,South Sudan,Sub-Saharan Africa,Low income,2021,0.137
SSD,SS,South Sudan,Sub-Saharan Africa,Low income,2022,0.13
SSD,SS,South Sudan,Sub-Saharan Africa,Low income,2023,0.167
SSD,SS,South Sudan,Sub-Saharan Africa,Low income,2024,0.154
STP,ST,Sao Tome and Principe,Sub-Saharan Africa,Lower middle income,2000,0.642
STP,ST,Sao Tome and Principe,Sub-Saharan Africa,Lower middle income,2001,0.644
STP,ST,Sao Tome and Principe,Sub-Saharan Africa,Lower middle income,2002,0.637
STP,ST,Sao Tome and Principe,Sub-Saharan Africa,Lower middle income,2003,0.637
STP,ST,Sao Tome and Principe,Sub-Saharan Africa,Lower middle income,2004,0.637
STP,ST,Sao Tome and Principe,Sub-Saharan Africa,Lower middle income,2005,0.641
STP,ST,Sao Tome and Principe,Sub-Saharan Africa,Lower middle income,2006,0.642
STP,ST,Sao Tome and Principe,Sub-Saharan Africa,Lower middle income,2007,0.643
STP,ST,Sao Tome and Principe,Sub-Saharan Africa,Lower middle income,2008,0.643
STP,ST,Sao Tome and Principe,Sub-Saharan Africa,Lower middle income,2009,0.643
STP,ST,Sao Tome and Principe,Sub-Saharan Africa,Lower middle income,2010,0.653
STP,ST,Sao Tome and Principe,Sub-Saharan Africa,Lower middle income,2011,0.657
STP,ST,Sao Tome and Principe,Sub-Saharan Africa,Lower middle income,2012,0.654
STP,ST,Sao Tome and Principe,Sub-Saharan Africa,Lower middle income,2013,0.655
STP,ST,Sao Tome and Principe,Sub-Saharan Africa,Lower middle income,2014,0.657
STP,ST,Sao Tome and Principe,Sub-Saharan Africa,Lower middle income,2015,0.664
STP,ST,Sao Tome and Principe,Sub-Saharan Africa,Lower middle income,2016,0.658
STP,ST,Sao Tome and Principe,Sub-Saharan Africa,Lower middle income,2017,0.647
STP,ST,Sao Tome and Principe,Sub-Saharan Africa,Lower middle income,2018,0.65
STP,ST,Sao Tome and Principe,Sub-Saharan Africa,Lower middle income,2019,0.67
STP,ST,Sao Tome and Principe,Sub-Saharan Africa,Lower middle income,2020,0.66
STP,ST,Sao Tome and Principe,Sub-Saharan Africa,Lower middle income,2021,0.657
STP,ST,Sao Tome and Principe,Sub-Saharan Africa,Lower middle income,2022,0.65
STP,ST,Sao Tome and Principe,Sub-Saharan Africa,Lower middle income,2023,0.644
STP,ST,Sao Tome and Principe,Sub-Saharan Africa,Lower middle income,2024,0.632
SUR,SR,Suriname,Latin America & Caribbean,Upper middle income,2000,0.78
SUR,SR,Suriname,Latin America & Caribbean,Upper middle income,2001,0.779
SUR,SR,Suriname,Latin America & Caribbean,Upper middle income,2002,0.779
SUR,SR,Suriname,Latin America & Caribbean,Upper middle income,2003,0.779
SUR,SR,Suriname,Latin America & Caribbean,Upper middle income,2004,0.779
SUR,SR,Suriname,Latin America & Caribbean,Upper middle income,2005,0.767
SUR,SR,Suriname,Latin America & Caribbean,Upper middle income,2006,0.76
SUR,SR,Suriname,Latin America & Caribbean,Upper middle income,2007,0.759
SUR,SR,Suriname,Latin America & Caribbean,Upper middle income,2008,0.759
SUR,SR,Suriname,Latin America & Caribbean,Upper middle income,2009,0.759
SUR,SR,Suriname,Latin America & Caribbean,Upper middle income,2010,0.752
SUR,SR,Suriname,Latin America & Caribbean,Upper middle income,2011,0.747
SUR,SR,Suriname,Latin America & Caribbean,Upper middle income,2012,0.747
SUR,SR,Suriname,Latin America & Caribbean,Upper middle income,2013,0.75
SUR,SR,Suriname,Latin America & Caribbean,Upper middle income,2014,0.75
SUR,SR,Suriname,Latin America & Caribbean,Upper middle income,2015,0.757
SUR,SR,Suriname,Latin America & Caribbean,Upper middle income,2016,0.754
SUR,SR,Suriname,Latin America & Caribbean,Upper middle income,2017,0.748
SUR,SR,Suriname,Latin America & Caribbean,Upper middle income,2018,0.748
SUR,SR,Suriname,Latin America & Caribbean,Upper middle income,2019,0.741
SUR,SR,Suriname,Latin America & Caribbean,Upper middle income,2020,0.754
SUR,SR,Suriname,Latin America & Caribbean,Upper middle income,2021,0.761
SUR,SR,Suriname,Latin America & Caribbean,Upper middle income,2022,0.781
SUR,SR,Suriname,Latin America & Caribbean,Upper middle income,2023,0.764
SUR,SR,Suriname,Latin America & Caribbean,Upper middle income,2024,0.767
SVK,SK,Slovak Republic,Europe & Central Asia,High income,2000,0.849
SVK,SK,Slovak Republic,Europe & Central Asia,High income,2001,0.849
SVK,SK,Slovak Republic,Europe & Central Asia,High income,2002,0.847
SVK,SK,Slovak Republic,Europe & Central Asia,High income,2003,0.843
SVK,SK,Slovak Republic,Europe & Central Asia,High income,2004,0.845
SVK,SK,Slovak Republic,Europe & Central Asia,High income,2005,0.845
SVK,SK,Slovak Republic,Europe & Central Asia,High income,2006,0.82
SVK,SK,Slovak Republic,Europe & Central Asia,High income,2007,0.835
SVK,SK,Slovak Republic,Europe & Central Asia,High income,2008,0.834
SVK,SK,Slovak Republic,Europe & Central Asia,High income,2009,0.835
SVK,SK,Slovak Republic,Europe & Central Asia,High income,2010,0.85
SVK,SK,Slovak Republic,Europe & Central Asia,High income,2011,0.851
SVK,SK,Slovak Republic,Europe & Central Asia,High income,2012,0.844
SVK,SK,Slovak Republic,Europe & Central Asia,High income,2013,0.835
SVK,SK,Slovak Republic,Europe & Central Asia,High income,2014,0.834
SVK,SK,Slovak Republic,Europe & Central Asia,High income,2015,0.838
SVK,SK,Slovak Republic,Europe & Central Asia,High income,2016,0.837
SVK,SK,Slovak Republic,Europe & Central Asia,High income,2017,0.835
SVK,SK,Slovak Republic,Europe & Central Asia,High income,2018,0.814
SVK,SK,Slovak Republic,Europe & Central Asia,High income,2019,0.841
SVK,SK,Slovak Republic,Europe & Central Asia,High income,2020,0.84
SVK,SK,Slovak Republic,Europe & Central Asia,High income,2021,0.839
SVK,SK,Slovak Republic,Europe & Central Asia,High income,2022,0.837
SVK,SK,Slovak Republic,Europe & Central Asia,High income,2023,0.812
SVK,SK,Slovak Republic,Europe & Central Asia,High income,2024,0.746
SVN,SI,Slovenia,Europe & Central Asia,High income,2000,0.84
SVN,SI,Slovenia,Europe & Central Asia,High income,2001,0.832
SVN,SI,Slovenia,Europe & Central Asia,High income,2002,0.843
SVN,SI,Slovenia,Europe & Central Asia,High income,2003,0.841
SVN,SI,Slovenia,Europe & Central Asia,High income,2004,0.825
SVN,SI,Slovenia,Europe & Central Asia,High income,2005,0.822
SVN,SI,Slovenia,Europe & Central Asia,High income,2006,0.823
SVN,SI,Slovenia,Europe & Central Asia,High income,2007,0.826
SVN,SI,Slovenia,Europe & Central Asia,High income,2008,0.825
SVN,SI,Slovenia,Europe & Central Asia,High income,2009,0.873
SVN,SI,Slovenia,Europe & Central Asia,High income,2010,0.872
SVN,SI,Slovenia,Europe & Central Asia,High income,2011,0.863
SVN,SI,Slovenia,Europe & Central Asia,High income,2012,0.847
SVN,SI,Slovenia,Europe & Central Asia,High income,2013,0.854
SVN,SI,Slovenia,Europe & Central Asia,High income,2014,0.865
SVN,SI,Slovenia,Europe & Central Asia,High income,2015,0.873
SVN,SI,Slovenia,Europe & Central Asia,High income,2016,0.861
SVN,SI,Slovenia,Europe & Central Asia,High income,2017,0.84
SVN,SI,Slovenia,Europe & Central Asia,High income,2018,0.83
SVN,SI,Slovenia,Europe & Central Asia,High income,2019,0.814
SVN,SI,Slovenia,Europe & Central Asia,High income,2020,0.752
SVN,SI,Slovenia,Europe & Central Asia,High income,2021,0.715
SVN,SI,Slovenia,Europe & Central Asia,High income,2022,0.808
SVN,SI,Slovenia,Europe & Central Asia,High income,2023,0.76
SVN,SI,Slovenia,Europe & Central Asia,High income,2024,0.725
SWE,SE,Sweden,Europe & Central Asia,High income,2000,0.909
SWE,SE,Sweden,Europe & Central Asia,High income,2001,0.909
SWE,SE,Sweden,Europe & Central Asia,High income,2002,0.91
SWE,SE,Sweden,Europe & Central Asia,High income,2003,0.911
SWE,SE,Sweden,Europe & Central Asia,High income,2004,0.911
SWE,SE,Sweden,Europe & Central Asia,High income,2005,0.911
SWE,SE,Sweden,Europe & Central Asia,High income,2006,0.912
SWE,SE,Sweden,Europe & Central Asia,High income,2007,0.914
SWE,SE,Sweden,Europe & Central Asia,High income,2008,0.914
SWE,SE,Sweden,Europe & Central Asia,High income,2009,0.914
SWE,SE,Sweden,Europe & Central Asia,High income,2010,0.914
SWE,SE,Sweden,Europe & Central Asia,High income,2011,0.914
SWE,SE,Sweden,Europe & Central Asia,High income,2012,0.917
SWE,SE,Sweden,Europe & Central Asia,High income,2013,0.916
SWE,SE,Sweden,Europe & Central Asia,High income,2014,0.915
SWE,SE,Sweden,Europe & Central Asia,High income,2015,0.915
SWE,SE,Sweden,Europe & Central Asia,High income,2016,0.914
SWE,SE,Sweden,Europe & Central Asia,High income,2017,0.914
SWE,SE,Sweden,Europe & Central Asia,High income,2018,0.908
SWE,SE,Sweden,Europe & Central Asia,High income,2019,0.899
SWE,SE,Sweden,Europe & Central Asia,High income,2020,0.901
SWE,SE,Sweden,Europe & Central Asia,High income,2021,0.9
SWE,SE,Sweden,Europe & Central Asia,High income,2022,0.892
SWE,SE,Sweden,Europe & Central Asia,High income,2023,0.883
SWE,SE,Sweden,Europe & Central Asia,High income,2024,0.881
SWZ,SZ,Eswatini,Sub-Saharan Africa,Lower middle income,2000,0.124
SWZ,SZ,Eswatini,Sub-Saharan Africa,Lower middle income,2001,0.125
SWZ,SZ,Eswatini,Sub-Saharan Africa,Lower middle income,2002,0.125
SWZ,SZ,Eswatini,Sub-Saharan Africa,Lower middle income,2003,0.125
SWZ,SZ,Eswatini,Sub-Saharan Africa,Lower middle income,2004,0.123
SWZ,SZ,Eswatini,Sub-Saharan Africa,Lower middle income,2005,0.128
SWZ,SZ,Eswatini,Sub-Saharan Africa,Lower middle income,2006,0.129
SWZ,SZ,Eswatini,Sub-Saharan Africa,Lower middle income,2007,0.129
SWZ,SZ,Eswatini,Sub-Saharan Africa,Lower middle income,2008,0.127
SWZ,SZ,Eswatini,Sub-Saharan Africa,Lower middle income,2009,0.124
SWZ,SZ,Eswatini,Sub-Saharan Africa,Lower middle income,2010,0.125
SWZ,SZ,Eswatini,Sub-Saharan Africa,Lower middle income,2011,0.125
SWZ,SZ,Eswatini,Sub-Saharan Africa,Lower middle income,2012,0.125
SWZ,SZ,Eswatini,Sub-Saharan Africa,Lower middle income,2013,0.13
SWZ,SZ,Eswatini,Sub-Saharan Africa,Lower middle income,2014,0.131
SWZ,SZ,Eswatini,Sub-Saharan Africa,Lower middle income,2015,0.131
SWZ,SZ,Eswatini,Sub-Saharan Africa,Lower middle income,2016,0.131
SWZ,SZ,Eswatini,Sub-Saharan Africa,Lower middle income,2017,0.132
SWZ,SZ,Eswatini,Sub-Saharan Africa,Lower middle income,2018,0.132
SWZ,SZ,Eswatini,Sub-Saharan Africa,Lower middle income,2019,0.133
SWZ,SZ,Eswatini,Sub-Saharan Africa,Lower middle income,2020,0.132
SWZ,SZ,Eswatini,Sub-Saharan Africa,Lower middle income,2021,0.12
SWZ,SZ,Eswatini,Sub-Saharan Africa,Lower middle income,2022,0.117
SWZ,SZ,Eswatini,Sub-Saharan Africa,Lower middle income,2023,0.121
SWZ,SZ,Eswatini,Sub-Saharan Africa,Lower middle income,2024,0.129
SXM,SX,Sint Maarten (Dutch part),Latin America & Caribbean,High income,2000,
SXM,SX,Sint Maarten (Dutch part),Latin America & Caribbean,High income,2001,
SXM,SX,Sint Maarten (Dutch part),Latin America & Caribbean,High income,2002,
SXM,SX,Sint Maarten (Dutch part),Latin America & Caribbean,High income,2003,
SXM,SX,Sint Maarten (Dutch part),Latin America & Caribbean,High income,2004,
SXM,SX,Sint Maarten (Dutch part),Latin America & Caribbean,High income,2005,
SXM,SX,Sint Maarten (Dutch part),Latin America & Caribbean,High income,2006,
SXM,SX,Sint Maarten (Dutch part),Latin America & Caribbean,High income,2007,
SXM,SX,Sint Maarten (Dutch part),Latin America & Caribbean,High income,2008,
SXM,SX,Sint Maarten (Dutch part),Latin America & Caribbean,High income,2009,
SXM,SX,Sint Maarten (Dutch part),Latin America & Caribbean,High income,2010,
SXM,SX,Sint Maarten (Dutch part),Latin America & Caribbean,High income,2011,
SXM,SX,Sint Maarten (Dutch part),Latin America & Caribbean,High income,2012,
SXM,SX,Sint Maarten (Dutch part),Latin America & Caribbean,High income,2013,
SXM,SX,Sint Maarten (Dutch part),Latin America & Caribbean,High income,2014,
SXM,SX,Sint Maarten (Dutch part),Latin America & Caribbean,High income,2015,
SXM,SX,Sint Maarten (Dutch part),Latin America & Caribbean,High income,2016,
SXM,SX,Sint Maarten (Dutch part),Latin America & Caribbean,High income,2017,
SXM,SX,Sint Maarten (Dutch part),Latin America & Caribbean,High income,2018,
SXM,SX,Sint Maarten (Dutch part),Latin America & Caribbean,High income,2019,
SXM,SX,Sint Maarten (Dutch part),Latin America & Caribbean,High income,2020,
SXM,SX,Sint Maarten (Dutch part),Latin America & Caribbean,High income,2021,
SXM,SX,Sint Maarten (Dutch part),Latin America & Caribbean,High income,2022,
SXM,SX,Sint Maarten (Dutch part),Latin America & Caribbean,High income,2023,
SXM,SX,Sint Maarten (Dutch part),Latin America & Caribbean,High income,2024,
SYC,SC,Seychelles,Sub-Saharan Africa,High income,2000,0.368
SYC,SC,Seychelles,Sub-Saharan Africa,High income,2001,0.359
SYC,SC,Seychelles,Sub-Saharan Africa,High income,2002,0.361
SYC,SC,Seychelles,Sub-Saharan Africa,High income,2003,0.396
SYC,SC,Seychelles,Sub-Saharan Africa,High income,2004,0.439
SYC,SC,Seychelles,Sub-Saharan Africa,High income,2005,0.44
SYC,SC,Seychelles,Sub-Saharan Africa,High income,2006,0.449
SYC,SC,Seychelles,Sub-Saharan Africa,High income,2007,0.474
SYC,SC,Seychelles,Sub-Saharan Africa,High income,2008,0.48
SYC,SC,Seychelles,Sub-Saharan Africa,High income,2009,0.478
SYC,SC,Seychelles,Sub-Saharan Africa,High income,2010,0.478
SYC,SC,Seychelles,Sub-Saharan Africa,High income,2011,0.479
SYC,SC,Seychelles,Sub-Saharan Africa,High income,2012,0.477
SYC,SC,Seychelles,Sub-Saharan Africa,High income,2013,0.491
SYC,SC,Seychelles,Sub-Saharan Africa,High income,2014,0.495
SYC,SC,Seychelles,Sub-Saharan Africa,High income,2015,0.518
SYC,SC,Seychelles,Sub-Saharan Africa,High income,2016,0.585
SYC,SC,Seychelles,Sub-Saharan Africa,High income,2017,0.599
SYC,SC,Seychelles,Sub-Saharan Africa,High income,2018,0.605
SYC,SC,Seychelles,Sub-Saharan Africa,High income,2019,0.621
SYC,SC,Seychelles,Sub-Saharan Africa,High income,2020,0.666
SYC,SC,Seychelles,Sub-Saharan Africa,High income,2021,0.711
SYC,SC,Seychelles,Sub-Saharan Africa,High income,2022,0.735
SYC,SC,Seychelles,Sub-Saharan Africa,High income,2023,0.728
SYC,SC,Seychelles,Sub-Saharan Africa,High income,2024,0.737
SYR,SY,Syrian Arab Republic,"Middle East, North Africa, Afghanistan & Pakistan",Low income,2000,0.15
SYR,SY,Syrian Arab Republic,"Middle East, North Africa, Afghanistan & Pakistan",Low income,2001,0.152
SYR,SY,Syrian Arab Republic,"Middle East, North Africa, Afghanistan & Pakistan",Low income,2002,0.15
SYR,SY,Syrian Arab Republic,"Middle East, North Africa, Afghanistan & Pakistan",Low income,2003,0.15
SYR,SY,Syrian Arab Republic,"Middle East, North Africa, Afghanistan & Pakistan",Low income,2004,0.149
SYR,SY,Syrian Arab Republic,"Middle East, North Africa, Afghanistan & Pakistan",Low income,2005,0.148
SYR,SY,Syrian Arab Republic,"Middle East, North Africa, Afghanistan & Pakistan",Low income,2006,0.148
SYR,SY,Syrian Arab Republic,"Middle East, North Africa, Afghanistan & Pakistan",Low income,2007,0.145
SYR,SY,Syrian Arab Republic,"Middle East, North Africa, Afghanistan & Pakistan",Low income,2008,0.144
SYR,SY,Syrian Arab Republic,"Middle East, North Africa, Afghanistan & Pakistan",Low income,2009,0.144
SYR,SY,Syrian Arab Republic,"Middle East, North Africa, Afghanistan & Pakistan",Low income,2010,0.144
SYR,SY,Syrian Arab Republic,"Middle East, North Africa, Afghanistan & Pakistan",Low income,2011,0.144
SYR,SY,Syrian Arab Republic,"Middle East, North Africa, Afghanistan & Pakistan",Low income,2012,0.144
SYR,SY,Syrian Arab Republic,"Middle East, North Africa, Afghanistan & Pakistan",Low income,2013,0.136
SYR,SY,Syrian Arab Republic,"Middle East, North Africa, Afghanistan & Pakistan",Low income,2014,0.137
SYR,SY,Syrian Arab Republic,"Middle East, North Africa, Afghanistan & Pakistan",Low income,2015,0.136
SYR,SY,Syrian Arab Republic,"Middle East, North Africa, Afghanistan & Pakistan",Low income,2016,0.136
SYR,SY,Syrian Arab Republic,"Middle East, North Africa, Afghanistan & Pakistan",Low income,2017,0.137
SYR,SY,Syrian Arab Republic,"Middle East, North Africa, Afghanistan & Pakistan",Low income,2018,0.135
SYR,SY,Syrian Arab Republic,"Middle East, North Africa, Afghanistan & Pakistan",Low income,2019,0.136
SYR,SY,Syrian Arab Republic,"Middle East, North Africa, Afghanistan & Pakistan",Low income,2020,0.138
SYR,SY,Syrian Arab Republic,"Middle East, North Africa, Afghanistan & Pakistan",Low income,2021,0.136
SYR,SY,Syrian Arab Republic,"Middle East, North Africa, Afghanistan & Pakistan",Low income,2022,0.137
SYR,SY,Syrian Arab Republic,"Middle East, North Africa, Afghanistan & Pakistan",Low income,2023,0.145
SYR,SY,Syrian Arab Republic,"Middle East, North Africa, Afghanistan & Pakistan",Low income,2024,0.143
TCA,TC,Turks and Caicos Islands,Latin America & Caribbean,High income,2000,
TCA,TC,Turks and Caicos Islands,Latin America & Caribbean,High income,2001,
TCA,TC,Turks and Caicos Islands,Latin America & Caribbean,High income,2002,
TCA,TC,Turks and Caicos Islands,Latin America & Caribbean,High income,2003,
TCA,TC,Turks and Caicos Islands,Latin America & Caribbean,High income,2004,
TCA,TC,Turks and Caicos Islands,Latin America & Caribbean,High income,2005,
TCA,TC,Turks and Caicos Islands,Latin America & Caribbean,High income,2006,
TCA,TC,Turks and Caicos Islands,Latin America & Caribbean,High income,2007,
TCA,TC,Turks and Caicos Islands,Latin America & Caribbean,High income,2008,
TCA,TC,Turks and Caicos Islands,Latin America & Caribbean,High income,2009,
TCA,TC,Turks and Caicos Islands,Latin America & Caribbean,High income,2010,
TCA,TC,Turks and Caicos Islands,Latin America & Caribbean,High income,2011,
TCA,TC,Turks and Caicos Islands,Latin America & Caribbean,High income,2012,
TCA,TC,Turks and Caicos Islands,Latin America & Caribbean,High income,2013,
TCA,TC,Turks and Caicos Islands,Latin America & Caribbean,High income,2014,
TCA,TC,Turks and Caicos Islands,Latin America & Caribbean,High income,2015,
TCA,TC,Turks and Caicos Islands,Latin America & Caribbean,High income,2016,
TCA,TC,Turks and Caicos Islands,Latin America & Caribbean,High income,2017,
TCA,TC,Turks and Caicos Islands,Latin America & Caribbean,High income,2018,
TCA,TC,Turks and Caicos Islands,Latin America & Caribbean,High income,2019,
TCA,TC,Turks and Caicos Islands,Latin America & Caribbean,High income,2020,
TCA,TC,Turks and Caicos Islands,Latin America & Caribbean,High income,2021,
TCA,TC,Turks and Caicos Islands,Latin America & Caribbean,High income,2022,
TCA,TC,Turks and Caicos Islands,Latin America & Caribbean,High income,2023,
TCA,TC,Turks and Caicos Islands,Latin America & Caribbean,High income,2024,
TCD,TD,Chad,Sub-Saharan Africa,Low income,2000,0.279
TCD,TD,Chad,Sub-Saharan Africa,Low income,2001,0.276
TCD,TD,Chad,Sub-Saharan Africa,Low income,2002,0.273
TCD,TD,Chad,Sub-Saharan Africa,Low income,2003,0.273
TCD,TD,Chad,Sub-Saharan Africa,Low income,2004,0.278
TCD,TD,Chad,Sub-Saharan Africa,Low income,2005,0.274
TCD,TD,Chad,Sub-Saharan Africa,Low income,2006,0.277
TCD,TD,Chad,Sub-Saharan Africa,Low income,2007,0.274
TCD,TD,Chad,Sub-Saharan Africa,Low income,2008,0.277
TCD,TD,Chad,Sub-Saharan Africa,Low income,2009,0.278
TCD,TD,Chad,Sub-Saharan Africa,Low income,2010,0.279
TCD,TD,Chad,Sub-Saharan Africa,Low income,2011,0.281
TCD,TD,Chad,Sub-Saharan Africa,Low income,2012,0.28
TCD,TD,Chad,Sub-Saharan Africa,Low income,2013,0.277
TCD,TD,Chad,Sub-Saharan Africa,Low income,2014,0.274
TCD,TD,Chad,Sub-Saharan Africa,Low income,2015,0.279
TCD,TD,Chad,Sub-Saharan Africa,Low income,2016,0.28
TCD,TD,Chad,Sub-Saharan Africa,Low income,2017,0.265
TCD,TD,Chad,Sub-Saharan Africa,Low income,2018,0.267
TCD,TD,Chad,Sub-Saharan Africa,Low income,2019,0.27
TCD,TD,Chad,Sub-Saharan Africa,Low income,2020,0.268
TCD,TD,Chad,Sub-Saharan Africa,Low income,2021,0.177
TCD,TD,Chad,Sub-Saharan Africa,Low income,2022,0.145
TCD,TD,Chad,Sub-Saharan Africa,Low income,2023,0.148
TCD,TD,Chad,Sub-Saharan Africa,Low income,2024,0.202
TGO,TG,Togo,Sub-Saharan Africa,Lower middle income,2000,0.301
TGO,TG,Togo,Sub-Saharan Africa,Lower middle income,2001,0.301
TGO,TG,Togo,Sub-Saharan Africa,Lower middle income,2002,0.302
TGO,TG,Togo,Sub-Saharan Africa,Lower middle income,2003,0.304
TGO,TG,Togo,Sub-Saharan Africa,Lower middle income,2004,0.303
TGO,TG,Togo,Sub-Saharan Africa,Lower middle income,2005,0.325
TGO,TG,Togo,Sub-Saharan Africa,Lower middle income,2006,0.338
TGO,TG,Togo,Sub-Saharan Africa,Lower middle income,2007,0.355
TGO,TG,Togo,Sub-Saharan Africa,Lower middle income,2008,0.433
TGO,TG,Togo,Sub-Saharan Africa,Lower middle income,2009,0.434
TGO,TG,Togo,Sub-Saharan Africa,Lower middle income,2010,0.414
TGO,TG,Togo,Sub-Saharan Africa,Lower middle income,2011,0.416
TGO,TG,Togo,Sub-Saharan Africa,Lower middle income,2012,0.412
TGO,TG,Togo,Sub-Saharan Africa,Lower middle income,2013,0.432
TGO,TG,Togo,Sub-Saharan Africa,Lower middle income,2014,0.465
TGO,TG,Togo,Sub-Saharan Africa,Lower middle income,2015,0.471
TGO,TG,Togo,Sub-Saharan Africa,Lower middle income,2016,0.472
TGO,TG,Togo,Sub-Saharan Africa,Lower middle income,2017,0.442
TGO,TG,Togo,Sub-Saharan Africa,Lower middle income,2018,0.428
TGO,TG,Togo,Sub-Saharan Africa,Lower middle income,2019,0.395
TGO,TG,Togo,Sub-Saharan Africa,Lower middle income,2020,0.424
TGO,TG,Togo,Sub-Saharan Africa,Lower middle income,2021,0.396
TGO,TG,Togo,Sub-Saharan Africa,Lower middle income,2022,0.399
TGO,TG,Togo,Sub-Saharan Africa,Lower middle income,2023,0.389
TGO,TG,Togo,Sub-Saharan Africa,Lower middle income,2024,0.35
THA,TH,Thailand,East Asia & Pacific,Upper middle income,2000,0.501
THA,TH,Thailand,East Asia & Pacific,Upper middle income,2001,0.55
THA,TH,Thailand,East Asia & Pacific,Upper middle income,2002,0.547
THA,TH,Thailand,East Asia & Pacific,Upper middle income,2003,0.537
THA,TH,Thailand,East Asia & Pacific,Upper middle income,2004,0.53
THA,TH,Thailand,East Asia & Pacific,Upper middle income,2005,0.507
THA,TH,Thailand,East Asia & Pacific,Upper middle income,2006,0.227
THA,TH,Thailand,East Asia & Pacific,Upper middle income,2007,0.181
THA,TH,Thailand,East Asia & Pacific,Upper middle income,2008,0.402
THA,TH,Thailand,East Asia & Pacific,Upper middle income,2009,0.418
THA,TH,Thailand,East Asia & Pacific,Upper middle income,2010,0.411
THA,TH,Thailand,East Asia & Pacific,Upper middle income,2011,0.462
THA,TH,Thailand,East Asia & Pacific,Upper middle income,2012,0.493
THA,TH,Thailand,East Asia & Pacific,Upper middle income,2013,0.446
THA,TH,Thailand,East Asia & Pacific,Upper middle income,2014,0.162
THA,TH,Thailand,East Asia & Pacific,Upper middle income,2015,0.16
THA,TH,Thailand,East Asia & Pacific,Upper middle income,2016,0.16
THA,TH,Thailand,East Asia & Pacific,Upper middle income,2017,0.154
THA,TH,Thailand,East Asia & Pacific,Upper middle income,2018,0.17
THA,TH,Thailand,East Asia & Pacific,Upper middle income,2019,0.208
THA,TH,Thailand,East Asia & Pacific,Upper middle income,2020,0.201
THA,TH,Thailand,East Asia & Pacific,Upper middle income,2021,0.208
THA,TH,Thailand,East Asia & Pacific,Upper middle income,2022,0.216
THA,TH,Thailand,East Asia & Pacific,Upper middle income,2023,0.295
THA,TH,Thailand,East Asia & Pacific,Upper middle income,2024,0.41
TJK,TJ,Tajikistan,Europe & Central Asia,Lower middle income,2000,0.239
TJK,TJ,Tajikistan,Europe & Central Asia,Lower middle income,2001,0.244
TJK,TJ,Tajikistan,Europe & Central Asia,Lower middle income,2002,0.241
TJK,TJ,Tajikistan,Europe & Central Asia,Lower middle income,2003,0.245
TJK,TJ,Tajikistan,Europe & Central Asia,Lower middle income,2004,0.243
TJK,TJ,Tajikistan,Europe & Central Asia,Lower middle income,2005,0.228
TJK,TJ,Tajikistan,Europe & Central Asia,Lower middle income,2006,0.226
TJK,TJ,Tajikistan,Europe & Central Asia,Lower middle income,2007,0.227
TJK,TJ,Tajikistan,Europe & Central Asia,Lower middle income,2008,0.229
TJK,TJ,Tajikistan,Europe & Central Asia,Lower middle income,2009,0.23
TJK,TJ,Tajikistan,Europe & Central Asia,Lower middle income,2010,0.225
TJK,TJ,Tajikistan,Europe & Central Asia,Lower middle income,2011,0.225
TJK,TJ,Tajikistan,Europe & Central Asia,Lower middle income,2012,0.222
TJK,TJ,Tajikistan,Europe & Central Asia,Lower middle income,2013,0.206
TJK,TJ,Tajikistan,Europe & Central Asia,Lower middle income,2014,0.201
TJK,TJ,Tajikistan,Europe & Central Asia,Lower middle income,2015,0.184
TJK,TJ,Tajikistan,Europe & Central Asia,Lower middle income,2016,0.174
TJK,TJ,Tajikistan,Europe & Central Asia,Lower middle income,2017,0.168
TJK,TJ,Tajikistan,Europe & Central Asia,Lower middle income,2018,0.164
TJK,TJ,Tajikistan,Europe & Central Asia,Lower middle income,2019,0.164
TJK,TJ,Tajikistan,Europe & Central Asia,Lower middle income,2020,0.17
TJK,TJ,Tajikistan,Europe & Central Asia,Lower middle income,2021,0.171
TJK,TJ,Tajikistan,Europe & Central Asia,Lower middle income,2022,0.164
TJK,TJ,Tajikistan,Europe & Central Asia,Lower middle income,2023,0.164
TJK,TJ,Tajikistan,Europe & Central Asia,Lower middle income,2024,0.168
TKM,TM,Turkmenistan,Europe & Central Asia,Upper middle income,2000,0.07
TKM,TM,Turkmenistan,Europe & Central Asia,Upper middle income,2001,0.07
TKM,TM,Turkmenistan,Europe & Central Asia,Upper middle income,2002,0.07
TKM,TM,Turkmenistan,Europe & Central Asia,Upper middle income,2003,0.069
TKM,TM,Turkmenistan,Europe & Central Asia,Upper middle income,2004,0.07
TKM,TM,Turkmenistan,Europe & Central Asia,Upper middle income,2005,0.079
TKM,TM,Turkmenistan,Europe & Central Asia,Upper middle income,2006,0.078
TKM,TM,Turkmenistan,Europe & Central Asia,Upper middle income,2007,0.133
TKM,TM,Turkmenistan,Europe & Central Asia,Upper middle income,2008,0.141
TKM,TM,Turkmenistan,Europe & Central Asia,Upper middle income,2009,0.143
TKM,TM,Turkmenistan,Europe & Central Asia,Upper middle income,2010,0.144
TKM,TM,Turkmenistan,Europe & Central Asia,Upper middle income,2011,0.144
TKM,TM,Turkmenistan,Europe & Central Asia,Upper middle income,2012,0.145
TKM,TM,Turkmenistan,Europe & Central Asia,Upper middle income,2013,0.144
TKM,TM,Turkmenistan,Europe & Central Asia,Upper middle income,2014,0.143
TKM,TM,Turkmenistan,Europe & Central Asia,Upper middle income,2015,0.143
TKM,TM,Turkmenistan,Europe & Central Asia,Upper middle income,2016,0.143
TKM,TM,Turkmenistan,Europe & Central Asia,Upper middle income,2017,0.147
TKM,TM,Turkmenistan,Europe & Central Asia,Upper middle income,2018,0.149
TKM,TM,Turkmenistan,Europe & Central Asia,Upper middle income,2019,0.149
TKM,TM,Turkmenistan,Europe & Central Asia,Upper middle income,2020,0.15
TKM,TM,Turkmenistan,Europe & Central Asia,Upper middle income,2021,0.15
TKM,TM,Turkmenistan,Europe & Central Asia,Upper middle income,2022,0.148
TKM,TM,Turkmenistan,Europe & Central Asia,Upper middle income,2023,0.148
TKM,TM,Turkmenistan,Europe & Central Asia,Upper middle income,2024,0.149
TLS,TL,Timor-Leste,East Asia & Pacific,Lower middle income,2000,0.222
TLS,TL,Timor-Leste,East Asia & Pacific,Lower middle income,2001,0.289
TLS,TL,Timor-Leste,East Asia & Pacific,Lower middle income,2002,0.561
TLS,TL,Timor-Leste,East Asia & Pacific,Lower middle income,2003,0.573
TLS,TL,Timor-Leste,East Asia & Pacific,Lower middle income,2004,0.573
TLS,TL,Timor-Leste,East Asia & Pacific,Lower middle income,2005,0.572
TLS,TL,Timor-Leste,East Asia & Pacific,Lower middle income,2006,0.569
TLS,TL,Timor-Leste,East Asia & Pacific,Lower middle income,2007,0.609
TLS,TL,Timor-Leste,East Asia & Pacific,Lower middle income,2008,0.618
TLS,TL,Timor-Leste,East Asia & Pacific,Lower middle income,2009,0.617
TLS,TL,Timor-Leste,East Asia & Pacific,Lower middle income,2010,0.632
TLS,TL,Timor-Leste,East Asia & Pacific,Lower middle income,2011,0.632
TLS,TL,Timor-Leste,East Asia & Pacific,Lower middle income,2012,0.65
TLS,TL,Timor-Leste,East Asia & Pacific,Lower middle income,2013,0.661
TLS,TL,Timor-Leste,East Asia & Pacific,Lower middle income,2014,0.639
TLS,TL,Timor-Leste,East Asia & Pacific,Lower middle income,2015,0.644
TLS,TL,Timor-Leste,East Asia & Pacific,Lower middle income,2016,0.628
TLS,TL,Timor-Leste,East Asia & Pacific,Lower middle income,2017,0.671
TLS,TL,Timor-Leste,East Asia & Pacific,Lower middle income,2018,0.689
TLS,TL,Timor-Leste,East Asia & Pacific,Lower middle income,2019,0.703
TLS,TL,Timor-Leste,East Asia & Pacific,Lower middle income,2020,0.679
TLS,TL,Timor-Leste,East Asia & Pacific,Lower middle income,2021,0.693
TLS,TL,Timor-Leste,East Asia & Pacific,Lower middle income,2022,0.709
TLS,TL,Timor-Leste,East Asia & Pacific,Lower middle income,2023,0.714
TLS,TL,Timor-Leste,East Asia & Pacific,Lower middle income,2024,0.734
TON,TO,Tonga,East Asia & Pacific,Upper middle income,2000,
TON,TO,Tonga,East Asia & Pacific,Upper middle income,2001,
TON,TO,Tonga,East Asia & Pacific,Upper middle income,2002,
TON,TO,Tonga,East Asia & Pacific,Upper middle income,2003,
TON,TO,Tonga,East Asia & Pacific,Upper middle income,2004,
TON,TO,Tonga,East Asia & Pacific,Upper middle income,2005,
TON,TO,Tonga,East Asia & Pacific,Upper middle income,2006,
TON,TO,Tonga,East Asia & Pacific,Upper middle income,2007,
TON,TO,Tonga,East Asia & Pacific,Upper middle income,2008,
TON,TO,Tonga,East Asia & Pacific,Upper middle income,2009,
TON,TO,Tonga,East Asia & Pacific,Upper middle income,2010,
TON,TO,Tonga,East Asia & Pacific,Upper middle income,2011,
TON,TO,Tonga,East Asia & Pacific,Upper middle income,2012,
TON,TO,Tonga,East Asia & Pacific,Upper middle income,2013,
TON,TO,Tonga,East Asia & Pacific,Upper middle income,2014,
TON,TO,Tonga,East Asia & Pacific,Upper middle income,2015,
TON,TO,Tonga,East Asia & Pacific,Upper middle income,2016,
TON,TO,Tonga,East Asia & Pacific,Upper middle income,2017,
TON,TO,Tonga,East Asia & Pacific,Upper middle income,2018,
TON,TO,Tonga,East Asia & Pacific,Upper middle income,2019,
TON,TO,Tonga,East Asia & Pacific,Upper middle income,2020,
TON,TO,Tonga,East Asia & Pacific,Upper middle income,2021,
TON,TO,Tonga,East Asia & Pacific,Upper middle income,2022,
TON,TO,Tonga,East Asia & Pacific,Upper middle income,2023,
TON,TO,Tonga,East Asia & Pacific,Upper middle income,2024,
TTO,TT,Trinidad and Tobago,Latin America & Caribbean,High income,2000,0.782
TTO,TT,Trinidad and Tobago,Latin America & Caribbean,High income,2001,0.754
TTO,TT,Trinidad and Tobago,Latin America & Caribbean,High income,2002,0.766
TTO,TT,Trinidad and Tobago,Latin America & Caribbean,High income,2003,0.776
TTO,TT,Trinidad and Tobago,Latin America & Caribbean,High income,2004,0.776
TTO,TT,Trinidad and Tobago,Latin America & Caribbean,High income,2005,0.775
TTO,TT,Trinidad and Tobago,Latin America & Caribbean,High income,2006,0.779
TTO,TT,Trinidad and Tobago,Latin America & Caribbean,High income,2007,0.781
TTO,TT,Trinidad and Tobago,Latin America & Caribbean,High income,2008,0.801
TTO,TT,Trinidad and Tobago,Latin America & Caribbean,High income,2009,0.801
TTO,TT,Trinidad and Tobago,Latin America & Caribbean,High income,2010,0.802
TTO,TT,Trinidad and Tobago,Latin America & Caribbean,High income,2011,0.803
TTO,TT,Trinidad and Tobago,Latin America & Caribbean,High income,2012,0.803
TTO,TT,Trinidad and Tobago,Latin America & Caribbean,High income,2013,0.777
TTO,TT,Trinidad and Tobago,Latin America & Caribbean,High income,2014,0.777
TTO,TT,Trinidad and Tobago,Latin America & Caribbean,High income,2015,0.791
TTO,TT,Trinidad and Tobago,Latin America & Caribbean,High income,2016,0.79
TTO,TT,Trinidad and Tobago,Latin America & Caribbean,High income,2017,0.791
TTO,TT,Trinidad and Tobago,Latin America & Caribbean,High income,2018,0.784
TTO,TT,Trinidad and Tobago,Latin America & Caribbean,High income,2019,0.787
TTO,TT,Trinidad and Tobago,Latin America & Caribbean,High income,2020,0.788
TTO,TT,Trinidad and Tobago,Latin America & Caribbean,High income,2021,0.791
TTO,TT,Trinidad and Tobago,Latin America & Caribbean,High income,2022,0.778
TTO,TT,Trinidad and Tobago,Latin America & Caribbean,High income,2023,0.778
TTO,TT,Trinidad and Tobago,Latin America & Caribbean,High income,2024,0.773
TUN,TN,Tunisia,"Middle East, North Africa, Afghanistan & Pakistan",Lower middle income,2000,0.189
TUN,TN,Tunisia,"Middle East, North Africa, Afghanistan & Pakistan",Lower middle income,2001,0.189
TUN,TN,Tunisia,"Middle East, North Africa, Afghanistan & Pakistan",Lower middle income,2002,0.19
TUN,TN,Tunisia,"Middle East, North Africa, Afghanistan & Pakistan",Lower middle income,2003,0.19
TUN,TN,Tunisia,"Middle East, North Africa, Afghanistan & Pakistan",Lower middle income,2004,0.189
TUN,TN,Tunisia,"Middle East, North Africa, Afghanistan & Pakistan",Lower middle income,2005,0.191
TUN,TN,Tunisia,"Middle East, North Africa, Afghanistan & Pakistan",Lower middle income,2006,0.191
TUN,TN,Tunisia,"Middle East, North Africa, Afghanistan & Pakistan",Lower middle income,2007,0.191
TUN,TN,Tunisia,"Middle East, North Africa, Afghanistan & Pakistan",Lower middle income,2008,0.191
TUN,TN,Tunisia,"Middle East, North Africa, Afghanistan & Pakistan",Lower middle income,2009,0.191
TUN,TN,Tunisia,"Middle East, North Africa, Afghanistan & Pakistan",Lower middle income,2010,0.193
TUN,TN,Tunisia,"Middle East, North Africa, Afghanistan & Pakistan",Lower middle income,2011,0.328
TUN,TN,Tunisia,"Middle East, North Africa, Afghanistan & Pakistan",Lower middle income,2012,0.765
TUN,TN,Tunisia,"Middle East, North Africa, Afghanistan & Pakistan",Lower middle income,2013,0.761
TUN,TN,Tunisia,"Middle East, North Africa, Afghanistan & Pakistan",Lower middle income,2014,0.745
TUN,TN,Tunisia,"Middle East, North Africa, Afghanistan & Pakistan",Lower middle income,2015,0.727
TUN,TN,Tunisia,"Middle East, North Africa, Afghanistan & Pakistan",Lower middle income,2016,0.731
TUN,TN,Tunisia,"Middle East, North Africa, Afghanistan & Pakistan",Lower middle income,2017,0.725
TUN,TN,Tunisia,"Middle East, North Africa, Afghanistan & Pakistan",Lower middle income,2018,0.728
TUN,TN,Tunisia,"Middle East, North Africa, Afghanistan & Pakistan",Lower middle income,2019,0.725
TUN,TN,Tunisia,"Middle East, North Africa, Afghanistan & Pakistan",Lower middle income,2020,0.712
TUN,TN,Tunisia,"Middle East, North Africa, Afghanistan & Pakistan",Lower middle income,2021,0.535
TUN,TN,Tunisia,"Middle East, North Africa, Afghanistan & Pakistan",Lower middle income,2022,0.283
TUN,TN,Tunisia,"Middle East, North Africa, Afghanistan & Pakistan",Lower middle income,2023,0.432
TUN,TN,Tunisia,"Middle East, North Africa, Afghanistan & Pakistan",Lower middle income,2024,0.422
TUR,TR,Turkiye,Europe & Central Asia,Upper middle income,2000,0.586
TUR,TR,Turkiye,Europe & Central Asia,Upper middle income,2001,0.591
TUR,TR,Turkiye,Europe & Central Asia,Upper middle income,2002,0.636
TUR,TR,Turkiye,Europe & Central Asia,Upper middle income,2003,0.651
TUR,TR,Turkiye,Europe & Central Asia,Upper middle income,2004,0.657
TUR,TR,Turkiye,Europe & Central Asia,Upper middle income,2005,0.643
TUR,TR,Turkiye,Europe & Central Asia,Upper middle income,2006,0.643
TUR,TR,Turkiye,Europe & Central Asia,Upper middle income,2007,0.616
TUR,TR,Turkiye,Europe & Central Asia,Upper middle income,2008,0.554
TUR,TR,Turkiye,Europe & Central Asia,Upper middle income,2009,0.545
TUR,TR,Turkiye,Europe & Central Asia,Upper middle income,2010,0.525
TUR,TR,Turkiye,Europe & Central Asia,Upper middle income,2011,0.522
TUR,TR,Turkiye,Europe & Central Asia,Upper middle income,2012,0.508
TUR,TR,Turkiye,Europe & Central Asia,Upper middle income,2013,0.469
TUR,TR,Turkiye,Europe & Central Asia,Upper middle income,2014,0.426
TUR,TR,Turkiye,Europe & Central Asia,Upper middle income,2015,0.388
TUR,TR,Turkiye,Europe & Central Asia,Upper middle income,2016,0.308
TUR,TR,Turkiye,Europe & Central Asia,Upper middle income,2017,0.29
TUR,TR,Turkiye,Europe & Central Asia,Upper middle income,2018,0.295
TUR,TR,Turkiye,Europe & Central Asia,Upper middle income,2019,0.289
TUR,TR,Turkiye,Europe & Central Asia,Upper middle income,2020,0.292
TUR,TR,Turkiye,Europe & Central Asia,Upper middle income,2021,0.287
TUR,TR,Turkiye,Europe & Central Asia,Upper middle income,2022,0.285
TUR,TR,Turkiye,Europe & Central Asia,Upper middle income,2023,0.285
TUR,TR,Turkiye,Europe & Central Asia,Upper middle income,2024,0.289
TUV,TV,Tuvalu,East Asia & Pacific,Upper middle income,2000,
TUV,TV,Tuvalu,East Asia & Pacific,Upper middle income,2001,
TUV,TV,Tuvalu,East Asia & Pacific,Upper middle income,2002,
TUV,TV,Tuvalu,East Asia & Pacific,Upper middle income,2003,
TUV,TV,Tuvalu,East Asia & Pacific,Upper middle income,2004,
TUV,TV,Tuvalu,East Asia & Pacific,Upper middle income,2005,
TUV,TV,Tuvalu,East Asia & Pacific,Upper middle income,2006,
TUV,TV,Tuvalu,East Asia & Pacific,Upper middle income,2007,
TUV,TV,Tuvalu,East Asia & Pacific,Upper middle income,2008,
TUV,TV,Tuvalu,East Asia & Pacific,Upper middle income,2009,
TUV,TV,Tuvalu,East Asia & Pacific,Upper middle income,2010,
TUV,TV,Tuvalu,East Asia & Pacific,Upper middle income,2011,
TUV,TV,Tuvalu,East Asia & Pacific,Upper middle income,2012,
TUV,TV,Tuvalu,East Asia & Pacific,Upper middle income,2013,
TUV,TV,Tuvalu,East Asia & Pacific,Upper middle income,2014,
TUV,TV,Tuvalu,East Asia & Pacific,Upper middle income,2015,
TUV,TV,Tuvalu,East Asia & Pacific,Upper middle income,2016,
TUV,TV,Tuvalu,East Asia & Pacific,Upper middle income,2017,
TUV,TV,Tuvalu,East Asia & Pacific,Upper middle income,2018,
TUV,TV,Tuvalu,East Asia & Pacific,Upper middle income,2019,
TUV,TV,Tuvalu,East Asia & Pacific,Upper middle income,2020,
TUV,TV,Tuvalu,East Asia & Pacific,Upper middle income,2021,
TUV,TV,Tuvalu,East Asia & Pacific,Upper middle income,2022,
TUV,TV,Tuvalu,East Asia & Pacific,Upper middle income,2023,
TUV,TV,Tuvalu,East Asia & Pacific,Upper middle income,2024,
TZA,TZ,Tanzania,Sub-Saharan Africa,Lower middle income,2000,0.477
TZA,TZ,Tanzania,Sub-Saharan Africa,Lower middle income,2001,0.44
TZA,TZ,Tanzania,Sub-Saharan Africa,Lower middle income,2002,0.44
TZA,TZ,Tanzania,Sub-Saharan Africa,Lower middle income,2003,0.44
TZA,TZ,Tanzania,Sub-Saharan Africa,Lower middle income,2004,0.44
TZA,TZ,Tanzania,Sub-Saharan Africa,Lower middle income,2005,0.429
TZA,TZ,Tanzania,Sub-Saharan Africa,Lower middle income,2006,0.465
TZA,TZ,Tanzania,Sub-Saharan Africa,Lower middle income,2007,0.462
TZA,TZ,Tanzania,Sub-Saharan Africa,Lower middle income,2008,0.464
TZA,TZ,Tanzania,Sub-Saharan Africa,Lower middle income,2009,0.465
TZA,TZ,Tanzania,Sub-Saharan Africa,Lower middle income,2010,0.467
TZA,TZ,Tanzania,Sub-Saharan Africa,Lower middle income,2011,0.477
TZA,TZ,Tanzania,Sub-Saharan Africa,Lower middle income,2012,0.475
TZA,TZ,Tanzania,Sub-Saharan Africa,Lower middle income,2013,0.47
TZA,TZ,Tanzania,Sub-Saharan Africa,Lower middle income,2014,0.467
TZA,TZ,Tanzania,Sub-Saharan Africa,Lower middle income,2015,0.453
TZA,TZ,Tanzania,Sub-Saharan Africa,Lower middle income,2016,0.409
TZA,TZ,Tanzania,Sub-Saharan Africa,Lower middle income,2017,0.401
TZA,TZ,Tanzania,Sub-Saharan Africa,Lower middle income,2018,0.385
TZA,TZ,Tanzania,Sub-Saharan Africa,Lower middle income,2019,0.383
TZA,TZ,Tanzania,Sub-Saharan Africa,Lower middle income,2020,0.383
TZA,TZ,Tanzania,Sub-Saharan Africa,Lower middle income,2021,0.366
TZA,TZ,Tanzania,Sub-Saharan Africa,Lower middle income,2022,0.397
TZA,TZ,Tanzania,Sub-Saharan Africa,Lower middle income,2023,0.409
TZA,TZ,Tanzania,Sub-Saharan Africa,Lower middle income,2024,0.413
UGA,UG,Uganda,Sub-Saharan Africa,Low income,2000,0.304
UGA,UG,Uganda,Sub-Saharan Africa,Low income,2001,0.27
UGA,UG,Uganda,Sub-Saharan Africa,Low income,2002,0.262
UGA,UG,Uganda,Sub-Saharan Africa,Low income,2003,0.257
UGA,UG,Uganda,Sub-Saharan Africa,Low income,2004,0.265
UGA,UG,Uganda,Sub-Saharan Africa,Low income,2005,0.294
UGA,UG,Uganda,Sub-Saharan Africa,Low income,2006,0.318
UGA,UG,Uganda,Sub-Saharan Africa,Low income,2007,0.323
UGA,UG,Uganda,Sub-Saharan Africa,Low income,2008,0.32
UGA,UG,Uganda,Sub-Saharan Africa,Low income,2009,0.318
UGA,UG,Uganda,Sub-Saharan Africa,Low income,2010,0.317
UGA,UG,Uganda,Sub-Saharan Africa,Low income,2011,0.317
UGA,UG,Uganda,Sub-Saharan Africa,Low income,2012,0.316
UGA,UG,Uganda,Sub-Saharan Africa,Low income,2013,0.312
UGA,UG,Uganda,Sub-Saharan Africa,Low income,2014,0.305
UGA,UG,Uganda,Sub-Saharan Africa,Low income,2015,0.3
UGA,UG,Uganda,Sub-Saharan Africa,Low income,2016,0.289
UGA,UG,Uganda,Sub-Saharan Africa,Low income,2017,0.291
UGA,UG,Uganda,Sub-Saharan Africa,Low income,2018,0.283
UGA,UG,Uganda,Sub-Saharan Africa,Low income,2019,0.284
UGA,UG,Uganda,Sub-Saharan Africa,Low income,2020,0.285
UGA,UG,Uganda,Sub-Saharan Africa,Low income,2021,0.274
UGA,UG,Uganda,Sub-Saharan Africa,Low income,2022,0.269
UGA,UG,Uganda,Sub-Saharan Africa,Low income,2023,0.259
UGA,UG,Uganda,Sub-Saharan Africa,Low income,2024,0.261
UKR,UA,Ukraine,Europe & Central Asia,Upper middle income,2000,0.389
UKR,UA,Ukraine,Europe & Central Asia,Upper middle income,2001,0.384
UKR,UA,Ukraine,Europe & Central Asia,Upper middle income,2002,0.394
UKR,UA,Ukraine,Europe & Central Asia,Upper middle income,2003,0.392
UKR,UA,Ukraine,Europe & Central Asia,Upper middle income,2004,0.383
UKR,UA,Ukraine,Europe & Central Asia,Upper middle income,2005,0.448
UKR,UA,Ukraine,Europe & Central Asia,Upper middle income,2006,0.574
UKR,UA,Ukraine,Europe & Central Asia,Upper middle income,2007,0.607
UKR,UA,Ukraine,Europe & Central Asia,Upper middle income,2008,0.608
UKR,UA,Ukraine,Europe & Central Asia,Upper middle income,2009,0.604
UKR,UA,Ukraine,Europe & Central Asia,Upper middle income,2010,0.484
UKR,UA,Ukraine,Europe & Central Asia,Upper middle income,2011,0.483
UKR,UA,Ukraine,Europe & Central Asia,Upper middle income,2012,0.479
UKR,UA,Ukraine,Europe & Central Asia,Upper middle income,2013,0.459
UKR,UA,Ukraine,Europe & Central Asia,Upper middle income,2014,0.417
UKR,UA,Ukraine,Europe & Central Asia,Upper middle income,2015,0.42
UKR,UA,Ukraine,Europe & Central Asia,Upper middle income,2016,0.433
UKR,UA,Ukraine,Europe & Central Asia,Upper middle income,2017,0.43
UKR,UA,Ukraine,Europe & Central Asia,Upper middle income,2018,0.43
UKR,UA,Ukraine,Europe & Central Asia,Upper middle income,2019,0.528
UKR,UA,Ukraine,Europe & Central Asia,Upper middle income,2020,0.552
UKR,UA,Ukraine,Europe & Central Asia,Upper middle income,2021,0.537
UKR,UA,Ukraine,Europe & Central Asia,Upper middle income,2022,0.392
UKR,UA,Ukraine,Europe & Central Asia,Upper middle income,2023,0.39
UKR,UA,Ukraine,Europe & Central Asia,Upper middle income,2024,0.387
URY,UY,Uruguay,Latin America & Caribbean,High income,2000,0.873
URY,UY,Uruguay,Latin America & Caribbean,High income,2001,0.873
URY,UY,Uruguay,Latin America & Caribbean,High income,2002,0.873
URY,UY,Uruguay,Latin America & Caribbean,High income,2003,0.873
URY,UY,Uruguay,Latin America & Caribbean,High income,2004,0.874
URY,UY,Uruguay,Latin America & Caribbean,High income,2005,0.89
URY,UY,Uruguay,Latin America & Caribbean,High income,2006,0.892
URY,UY,Uruguay,Latin America & Caribbean,High income,2007,0.892
URY,UY,Uruguay,Latin America & Caribbean,High income,2008,0.892
URY,UY,Uruguay,Latin America & Caribbean,High income,2009,0.894
URY,UY,Uruguay,Latin America & Caribbean,High income,2010,0.912
URY,UY,Uruguay,Latin America & Caribbean,High income,2011,0.912
URY,UY,Uruguay,Latin America & Caribbean,High income,2012,0.912
URY,UY,Uruguay,Latin America & Caribbean,High income,2013,0.91
URY,UY,Uruguay,Latin America & Caribbean,High income,2014,0.909
URY,UY,Uruguay,Latin America & Caribbean,High income,2015,0.897
URY,UY,Uruguay,Latin America & Caribbean,High income,2016,0.897
URY,UY,Uruguay,Latin America & Caribbean,High income,2017,0.89
URY,UY,Uruguay,Latin America & Caribbean,High income,2018,0.896
URY,UY,Uruguay,Latin America & Caribbean,High income,2019,0.896
URY,UY,Uruguay,Latin America & Caribbean,High income,2020,0.867
URY,UY,Uruguay,Latin America & Caribbean,High income,2021,0.852
URY,UY,Uruguay,Latin America & Caribbean,High income,2022,0.818
URY,UY,Uruguay,Latin America & Caribbean,High income,2023,0.833
URY,UY,Uruguay,Latin America & Caribbean,High income,2024,0.846
USA,US,United States,North America,High income,2000,0.867
USA,US,United States,North America,High income,2001,0.828
USA,US,United States,North America,High income,2002,0.829
USA,US,United States,North America,High income,2003,0.86
USA,US,United States,North America,High income,2004,0.862
USA,US,United States,North America,High income,2005,0.856
USA,US,United States,North America,High income,2006,0.862
USA,US,United States,North America,High income,2007,0.897
USA,US,United States,North America,High income,2008,0.9
USA,US,United States,North America,High income,2009,0.9
USA,US,United States,North America,High income,2010,0.9
USA,US,United States,North America,High income,2011,0.896
USA,US,United States,North America,High income,2012,0.896
USA,US,United States,North America,High income,2013,0.905
USA,US,United States,North America,High income,2014,0.901
USA,US,United States,North America,High income,2015,0.9
USA,US,United States,North America,High income,2016,0.885
USA,US,United States,North America,High income,2017,0.834
USA,US,United States,North America,High income,2018,0.824
USA,US,United States,North America,High income,2019,0.818
USA,US,United States,North America,High income,2020,0.815
USA,US,United States,North America,High income,2021,0.821
USA,US,United States,North America,High income,2022,0.833
USA,US,United States,North America,High income,2023,0.857
USA,US,United States,North America,High income,2024,0.843
UZB,UZ,Uzbekistan,Europe & Central Asia,Lower middle income,2000,0.157
UZB,UZ,Uzbekistan,Europe & Central Asia,Lower middle income,2001,0.156
UZB,UZ,Uzbekistan,Europe & Central Asia,Lower middle income,2002,0.157
UZB,UZ,Uzbekistan,Europe & Central Asia,Lower middle income,2003,0.157
UZB,UZ,Uzbekistan,Europe & Central Asia,Lower middle income,2004,0.157
UZB,UZ,Uzbekistan,Europe & Central Asia,Lower middle income,2005,0.16
UZB,UZ,Uzbekistan,Europe & Central Asia,Lower middle income,2006,0.16
UZB,UZ,Uzbekistan,Europe & Central Asia,Lower middle income,2007,0.16
UZB,UZ,Uzbekistan,Europe & Central Asia,Lower middle income,2008,0.163
UZB,UZ,Uzbekistan,Europe & Central Asia,Lower middle income,2009,0.162
UZB,UZ,Uzbekistan,Europe & Central Asia,Lower middle income,2010,0.161
UZB,UZ,Uzbekistan,Europe & Central Asia,Lower middle income,2011,0.163
UZB,UZ,Uzbekistan,Europe & Central Asia,Lower middle income,2012,0.162
UZB,UZ,Uzbekistan,Europe & Central Asia,Lower middle income,2013,0.166
UZB,UZ,Uzbekistan,Europe & Central Asia,Lower middle income,2014,0.167
UZB,UZ,Uzbekistan,Europe & Central Asia,Lower middle income,2015,0.166
UZB,UZ,Uzbekistan,Europe & Central Asia,Lower middle income,2016,0.169
UZB,UZ,Uzbekistan,Europe & Central Asia,Lower middle income,2017,0.191
UZB,UZ,Uzbekistan,Europe & Central Asia,Lower middle income,2018,0.189
UZB,UZ,Uzbekistan,Europe & Central Asia,Lower middle income,2019,0.203
UZB,UZ,Uzbekistan,Europe & Central Asia,Lower middle income,2020,0.206
UZB,UZ,Uzbekistan,Europe & Central Asia,Lower middle income,2021,0.204
UZB,UZ,Uzbekistan,Europe & Central Asia,Lower middle income,2022,0.213
UZB,UZ,Uzbekistan,Europe & Central Asia,Lower middle income,2023,0.215
UZB,UZ,Uzbekistan,Europe & Central Asia,Lower middle income,2024,0.214
VCT,VC,St. Vincent and the Grenadines,Latin America & Caribbean,Upper middle income,2000,
VCT,VC,St. Vincent and the Grenadines,Latin America & Caribbean,Upper middle income,2001,
VCT,VC,St. Vincent and the Grenadines,Latin America & Caribbean,Upper middle income,2002,
VCT,VC,St. Vincent and the Grenadines,Latin America & Caribbean,Upper middle income,2003,
VCT,VC,St. Vincent and the Grenadines,Latin America & Caribbean,Upper middle income,2004,
VCT,VC,St. Vincent and the Grenadines,Latin America & Caribbean,Upper middle income,2005,
VCT,VC,St. Vincent and the Grenadines,Latin America & Caribbean,Upper middle income,2006,
VCT,VC,St. Vincent and the Grenadines,Latin America & Caribbean,Upper middle income,2007,
VCT,VC,St. Vincent and the Grenadines,Latin America & Caribbean,Upper middle income,2008,
VCT,VC,St. Vincent and the Grenadines,Latin America & Caribbean,Upper middle income,2009,
VCT,VC,St. Vincent and the Grenadines,Latin America & Caribbean,Upper middle income,2010,
VCT,VC,St. Vincent and the Grenadines,Latin America & Caribbean,Upper middle income,2011,
VCT,VC,St. Vincent and the Grenadines,Latin America & Caribbean,Upper middle income,2012,
VCT,VC,St. Vincent and the Grenadines,Latin America & Caribbean,Upper middle income,2013,
VCT,VC,St. Vincent and the Grenadines,Latin America & Caribbean,Upper middle income,2014,
VCT,VC,St. Vincent and the Grenadines,Latin America & Caribbean,Upper middle income,2015,
VCT,VC,St. Vincent and the Grenadines,Latin America & Caribbean,Upper middle income,2016,
VCT,VC,St. Vincent and the Grenadines,Latin America & Caribbean,Upper middle income,2017,
VCT,VC,St. Vincent and the Grenadines,Latin America & Caribbean,Upper middle income,2018,
VCT,VC,St. Vincent and the Grenadines,Latin America & Caribbean,Upper middle income,2019,
VCT,VC,St. Vincent and the Grenadines,Latin America & Caribbean,Upper middle income,2020,
VCT,VC,St. Vincent and the Grenadines,Latin America & Caribbean,Upper middle income,2021,
VCT,VC,St. Vincent and the Grenadines,Latin America & Caribbean,Upper middle income,2022,
VCT,VC,St. Vincent and the Grenadines,Latin America & Caribbean,Upper middle income,2023,
VCT,VC,St. Vincent and the Grenadines,Latin America & Caribbean,Upper middle income,2024,
VEN,VE,"Venezuela, RB",Latin America & Caribbean,Lower middle income,2000,0.573
VEN,VE,"Venezuela, RB",Latin America & Caribbean,Lower middle income,2001,0.529
VEN,VE,"Venezuela, RB",Latin America & Caribbean,Lower middle income,2002,0.495
VEN,VE,"Venezuela, RB",Latin America & Caribbean,Lower middle income,2003,0.487
VEN,VE,"Venezuela, RB",Latin America & Caribbean,Lower middle income,2004,0.475
VEN,VE,"Venezuela, RB",Latin America & Caribbean,Lower middle income,2005,0.474
VEN,VE,"Venezuela, RB",Latin America & Caribbean,Lower middle income,2006,0.45
VEN,VE,"Venezuela, RB",Latin America & Caribbean,Lower middle income,2007,0.434
VEN,VE,"Venezuela, RB",Latin America & Caribbean,Lower middle income,2008,0.432
VEN,VE,"Venezuela, RB",Latin America & Caribbean,Lower middle income,2009,0.431
VEN,VE,"Venezuela, RB",Latin America & Caribbean,Lower middle income,2010,0.419
VEN,VE,"Venezuela, RB",Latin America & Caribbean,Lower middle income,2011,0.415
VEN,VE,"Venezuela, RB",Latin America & Caribbean,Lower middle income,2012,0.399
VEN,VE,"Venezuela, RB",Latin America & Caribbean,Lower middle income,2013,0.327
VEN,VE,"Venezuela, RB",Latin America & Caribbean,Lower middle income,2014,0.312
VEN,VE,"Venezuela, RB",Latin America & Caribbean,Lower middle income,2015,0.3
VEN,VE,"Venezuela, RB",Latin America & Caribbean,Lower middle income,2016,0.293
VEN,VE,"Venezuela, RB",Latin America & Caribbean,Lower middle income,2017,0.233
VEN,VE,"Venezuela, RB",Latin America & Caribbean,Lower middle income,2018,0.213
VEN,VE,"Venezuela, RB",Latin America & Caribbean,Lower middle income,2019,0.209
VEN,VE,"Venezuela, RB",Latin America & Caribbean,Lower middle income,2020,0.206
VEN,VE,"Venezuela, RB",Latin America & Caribbean,Lower middle income,2021,0.215
VEN,VE,"Venezuela, RB",Latin America & Caribbean,Lower middle income,2022,0.209
VEN,VE,"Venezuela, RB",Latin America & Caribbean,Lower middle income,2023,0.206
VEN,VE,"Venezuela, RB",Latin America & Caribbean,Lower middle income,2024,0.196
VGB,VG,British Virgin Islands,Latin America & Caribbean,High income,2000,
VGB,VG,British Virgin Islands,Latin America & Caribbean,High income,2001,
VGB,VG,British Virgin Islands,Latin America & Caribbean,High income,2002,
VGB,VG,British Virgin Islands,Latin America & Caribbean,High income,2003,
VGB,VG,British Virgin Islands,Latin America & Caribbean,High income,2004,
VGB,VG,British Virgin Islands,Latin America & Caribbean,High income,2005,
VGB,VG,British Virgin Islands,Latin America & Caribbean,High income,2006,
VGB,VG,British Virgin Islands,Latin America & Caribbean,High income,2007,
VGB,VG,British Virgin Islands,Latin America & Caribbean,High income,2008,
VGB,VG,British Virgin Islands,Latin America & Caribbean,High income,2009,
VGB,VG,British Virgin Islands,Latin America & Caribbean,High income,2010,
VGB,VG,British Virgin Islands,Latin America & Caribbean,High income,2011,
VGB,VG,British Virgin Islands,Latin America & Caribbean,High income,2012,
VGB,VG,British Virgin Islands,Latin America & Caribbean,High income,2013,
VGB,VG,British Virgin Islands,Latin America & Caribbean,High income,2014,
VGB,VG,British Virgin Islands,Latin America & Caribbean,High income,2015,
VGB,VG,British Virgin Islands,Latin America & Caribbean,High income,2016,
VGB,VG,British Virgin Islands,Latin America & Caribbean,High income,2017,
VGB,VG,British Virgin Islands,Latin America & Caribbean,High income,2018,
VGB,VG,British Virgin Islands,Latin America & Caribbean,High income,2019,
VGB,VG,British Virgin Islands,Latin America & Caribbean,High income,2020,
VGB,VG,British Virgin Islands,Latin America & Caribbean,High income,2021,
VGB,VG,British Virgin Islands,Latin America & Caribbean,High income,2022,
VGB,VG,British Virgin Islands,Latin America & Caribbean,High income,2023,
VGB,VG,British Virgin Islands,Latin America & Caribbean,High income,2024,
VIR,VI,Virgin Islands (U.S.),Latin America & Caribbean,High income,2000,
VIR,VI,Virgin Islands (U.S.),Latin America & Caribbean,High income,2001,
VIR,VI,Virgin Islands (U.S.),Latin America & Caribbean,High income,2002,
VIR,VI,Virgin Islands (U.S.),Latin America & Caribbean,High income,2003,
VIR,VI,Virgin Islands (U.S.),Latin America & Caribbean,High income,2004,
VIR,VI,Virgin Islands (U.S.),Latin America & Caribbean,High income,2005,
VIR,VI,Virgin Islands (U.S.),Latin America & Caribbean,High income,2006,
VIR,VI,Virgin Islands (U.S.),Latin America & Caribbean,High income,2007,
VIR,VI,Virgin Islands (U.S.),Latin America & Caribbean,High income,2008,
VIR,VI,Virgin Islands (U.S.),Latin America & Caribbean,High income,2009,
VIR,VI,Virgin Islands (U.S.),Latin America & Caribbean,High income,2010,
VIR,VI,Virgin Islands (U.S.),Latin America & Caribbean,High income,2011,
VIR,VI,Virgin Islands (U.S.),Latin America & Caribbean,High income,2012,
VIR,VI,Virgin Islands (U.S.),Latin America & Caribbean,High income,2013,
VIR,VI,Virgin Islands (U.S.),Latin America & Caribbean,High income,2014,
VIR,VI,Virgin Islands (U.S.),Latin America & Caribbean,High income,2015,
VIR,VI,Virgin Islands (U.S.),Latin America & Caribbean,High income,2016,
VIR,VI,Virgin Islands (U.S.),Latin America & Caribbean,High income,2017,
VIR,VI,Virgin Islands (U.S.),Latin America & Caribbean,High income,2018,
VIR,VI,Virgin Islands (U.S.),Latin America & Caribbean,High income,2019,
VIR,VI,Virgin Islands (U.S.),Latin America & Caribbean,High income,2020,
VIR,VI,Virgin Islands (U.S.),Latin America & Caribbean,High income,2021,
VIR,VI,Virgin Islands (U.S.),Latin America & Caribbean,High income,2022,
VIR,VI,Virgin Islands (U.S.),Latin America & Caribbean,High income,2023,
VIR,VI,Virgin Islands (U.S.),Latin America & Caribbean,High income,2024,
VNM,VN,Viet Nam,East Asia & Pacific,Upper middle income,2000,0.152
VNM,VN,Viet Nam,East Asia & Pacific,Upper middle income,2001,0.152
VNM,VN,Viet Nam,East Asia & Pacific,Upper middle income,2002,0.148
VNM,VN,Viet Nam,East Asia & Pacific,Upper middle income,2003,0.146
VNM,VN,Viet Nam,East Asia & Pacific,Upper middle income,2004,0.147
VNM,VN,Viet Nam,East Asia & Pacific,Upper middle income,2005,0.147
VNM,VN,Viet Nam,East Asia & Pacific,Upper middle income,2006,0.148
VNM,VN,Viet Nam,East Asia & Pacific,Upper middle income,2007,0.149
VNM,VN,Viet Nam,East Asia & Pacific,Upper middle income,2008,0.149
VNM,VN,Viet Nam,East Asia & Pacific,Upper middle income,2009,0.148
VNM,VN,Viet Nam,East Asia & Pacific,Upper middle income,2010,0.149
VNM,VN,Viet Nam,East Asia & Pacific,Upper middle income,2011,0.149
VNM,VN,Viet Nam,East Asia & Pacific,Upper middle income,2012,0.149
VNM,VN,Viet Nam,East Asia & Pacific,Upper middle income,2013,0.147
VNM,VN,Viet Nam,East Asia & Pacific,Upper middle income,2014,0.147
VNM,VN,Viet Nam,East Asia & Pacific,Upper middle income,2015,0.148
VNM,VN,Viet Nam,East Asia & Pacific,Upper middle income,2016,0.15
VNM,VN,Viet Nam,East Asia & Pacific,Upper middle income,2017,0.15
VNM,VN,Viet Nam,East Asia & Pacific,Upper middle income,2018,0.161
VNM,VN,Viet Nam,East Asia & Pacific,Upper middle income,2019,0.211
VNM,VN,Viet Nam,East Asia & Pacific,Upper middle income,2020,0.211
VNM,VN,Viet Nam,East Asia & Pacific,Upper middle income,2021,0.169
VNM,VN,Viet Nam,East Asia & Pacific,Upper middle income,2022,0.152
VNM,VN,Viet Nam,East Asia & Pacific,Upper middle income,2023,0.148
VNM,VN,Viet Nam,East Asia & Pacific,Upper middle income,2024,0.159
VUT,VU,Vanuatu,East Asia & Pacific,Lower middle income,2000,0.619
VUT,VU,Vanuatu,East Asia & Pacific,Lower middle income,2001,0.619
VUT,VU,Vanuatu,East Asia & Pacific,Lower middle income,2002,0.619
VUT,VU,Vanuatu,East Asia & Pacific,Lower middle income,2003,0.62
VUT,VU,Vanuatu,East Asia & Pacific,Lower middle income,2004,0.615
VUT,VU,Vanuatu,East Asia & Pacific,Lower middle income,2005,0.611
VUT,VU,Vanuatu,East Asia & Pacific,Lower middle income,2006,0.611
VUT,VU,Vanuatu,East Asia & Pacific,Lower middle income,2007,0.611
VUT,VU,Vanuatu,East Asia & Pacific,Lower middle income,2008,0.653
VUT,VU,Vanuatu,East Asia & Pacific,Lower middle income,2009,0.737
VUT,VU,Vanuatu,East Asia & Pacific,Lower middle income,2010,0.737
VUT,VU,Vanuatu,East Asia & Pacific,Lower middle income,2011,0.737
VUT,VU,Vanuatu,East Asia & Pacific,Lower middle income,2012,0.738
VUT,VU,Vanuatu,East Asia & Pacific,Lower middle income,2013,0.745
VUT,VU,Vanuatu,East Asia & Pacific,Lower middle income,2014,0.745
VUT,VU,Vanuatu,East Asia & Pacific,Lower middle income,2015,0.747
VUT,VU,Vanuatu,East Asia & Pacific,Lower middle income,2016,0.771
VUT,VU,Vanuatu,East Asia & Pacific,Lower middle income,2017,0.793
VUT,VU,Vanuatu,East Asia & Pacific,Lower middle income,2018,0.79
VUT,VU,Vanuatu,East Asia & Pacific,Lower middle income,2019,0.779
VUT,VU,Vanuatu,East Asia & Pacific,Lower middle income,2020,0.78
VUT,VU,Vanuatu,East Asia & Pacific,Lower middle income,2021,0.8
VUT,VU,Vanuatu,East Asia & Pacific,Lower middle income,2022,0.804
VUT,VU,Vanuatu,East Asia & Pacific,Lower middle income,2023,0.82
VUT,VU,Vanuatu,East Asia & Pacific,Lower middle income,2024,0.8
WSM,WS,Samoa,East Asia & Pacific,Upper middle income,2000,
WSM,WS,Samoa,East Asia & Pacific,Upper middle income,2001,
WSM,WS,Samoa,East Asia & Pacific,Upper middle income,2002,
WSM,WS,Samoa,East Asia & Pacific,Upper middle income,2003,
WSM,WS,Samoa,East Asia & Pacific,Upper middle income,2004,
WSM,WS,Samoa,East Asia & Pacific,Upper middle income,2005,
WSM,WS,Samoa,East Asia & Pacific,Upper middle income,2006,
WSM,WS,Samoa,East Asia & Pacific,Upper middle income,2007,
WSM,WS,Samoa,East Asia & Pacific,Upper middle income,2008,
WSM,WS,Samoa,East Asia & Pacific,Upper middle income,2009,
WSM,WS,Samoa,East Asia & Pacific,Upper middle income,2010,
WSM,WS,Samoa,East Asia & Pacific,Upper middle income,2011,
WSM,WS,Samoa,East Asia & Pacific,Upper middle income,2012,
WSM,WS,Samoa,East Asia & Pacific,Upper middle income,2013,
WSM,WS,Samoa,East Asia & Pacific,Upper middle income,2014,
WSM,WS,Samoa,East Asia & Pacific,Upper middle income,2015,
WSM,WS,Samoa,East Asia & Pacific,Upper middle income,2016,
WSM,WS,Samoa,East Asia & Pacific,Upper middle income,2017,
WSM,WS,Samoa,East Asia & Pacific,Upper middle income,2018,
WSM,WS,Samoa,East Asia & Pacific,Upper middle income,2019,
WSM,WS,Samoa,East Asia & Pacific,Upper middle income,2020,
WSM,WS,Samoa,East Asia & Pacific,Upper middle income,2021,
WSM,WS,Samoa,East Asia & Pacific,Upper middle income,2022,
WSM,WS,Samoa,East Asia & Pacific,Upper middle income,2023,
WSM,WS,Samoa,East Asia & Pacific,Upper middle income,2024,
XKX,XK,Kosovo,Europe & Central Asia,Upper middle income,2000,0.238
XKX,XK,Kosovo,Europe & Central Asia,Upper middle income,2001,0.25
XKX,XK,Kosovo,Europe & Central Asia,Upper middle income,2002,0.493
XKX,XK,Kosovo,Europe & Central Asia,Upper middle income,2003,0.532
XKX,XK,Kosovo,Europe & Central Asia,Upper middle income,2004,0.527
XKX,XK,Kosovo,Europe & Central Asia,Upper middle income,2005,0.512
XKX,XK,Kosovo,Europe & Central Asia,Upper middle income,2006,0.512
XKX,XK,Kosovo,Europe & Central Asia,Upper middle income,2007,0.519
XKX,XK,Kosovo,Europe & Central Asia,Upper middle income,2008,0.512
XKX,XK,Kosovo,Europe & Central Asia,Upper middle income,2009,0.514
XKX,XK,Kosovo,Europe & Central Asia,Upper middle income,2010,0.533
XKX,XK,Kosovo,Europe & Central Asia,Upper middle income,2011,0.504
XKX,XK,Kosovo,Europe & Central Asia,Upper middle income,2012,0.507
XKX,XK,Kosovo,Europe & Central Asia,Upper middle income,2013,0.519
XKX,XK,Kosovo,Europe & Central Asia,Upper middle income,2014,0.593
XKX,XK,Kosovo,Europe & Central Asia,Upper middle income,2015,0.651
XKX,XK,Kosovo,Europe & Central Asia,Upper middle income,2016,0.653
XKX,XK,Kosovo,Europe & Central Asia,Upper middle income,2017,0.574
XKX,XK,Kosovo,Europe & Central Asia,Upper middle income,2018,0.662
XKX,XK,Kosovo,Europe & Central Asia,Upper middle income,2019,0.677
XKX,XK,Kosovo,Europe & Central Asia,Upper middle income,2020,0.67
XKX,XK,Kosovo,Europe & Central Asia,Upper middle income,2021,0.674
XKX,XK,Kosovo,Europe & Central Asia,Upper middle income,2022,0.676
XKX,XK,Kosovo,Europe & Central Asia,Upper middle income,2023,0.676
XKX,XK,Kosovo,Europe & Central Asia,Upper middle income,2024,0.648
YEM,YE,"Yemen, Rep.","Middle East, North Africa, Afghanistan & Pakistan",Low income,2000,0.263
YEM,YE,"Yemen, Rep.","Middle East, North Africa, Afghanistan & Pakistan",Low income,2001,0.261
YEM,YE,"Yemen, Rep.","Middle East, North Africa, Afghanistan & Pakistan",Low income,2002,0.261
YEM,YE,"Yemen, Rep.","Middle East, North Africa, Afghanistan & Pakistan",Low income,2003,0.275
YEM,YE,"Yemen, Rep.","Middle East, North Africa, Afghanistan & Pakistan",Low income,2004,0.281
YEM,YE,"Yemen, Rep.","Middle East, North Africa, Afghanistan & Pakistan",Low income,2005,0.281
YEM,YE,"Yemen, Rep.","Middle East, North Africa, Afghanistan & Pakistan",Low income,2006,0.283
YEM,YE,"Yemen, Rep.","Middle East, North Africa, Afghanistan & Pakistan",Low income,2007,0.283
YEM,YE,"Yemen, Rep.","Middle East, North Africa, Afghanistan & Pakistan",Low income,2008,0.285
YEM,YE,"Yemen, Rep.","Middle East, North Africa, Afghanistan & Pakistan",Low income,2009,0.285
YEM,YE,"Yemen, Rep.","Middle East, North Africa, Afghanistan & Pakistan",Low income,2010,0.286
YEM,YE,"Yemen, Rep.","Middle East, North Africa, Afghanistan & Pakistan",Low income,2011,0.31
YEM,YE,"Yemen, Rep.","Middle East, North Africa, Afghanistan & Pakistan",Low income,2012,0.357
YEM,YE,"Yemen, Rep.","Middle East, North Africa, Afghanistan & Pakistan",Low income,2013,0.336
YEM,YE,"Yemen, Rep.","Middle East, North Africa, Afghanistan & Pakistan",Low income,2014,0.3
YEM,YE,"Yemen, Rep.","Middle East, North Africa, Afghanistan & Pakistan",Low income,2015,0.184
YEM,YE,"Yemen, Rep.","Middle East, North Africa, Afghanistan & Pakistan",Low income,2016,0.113
YEM,YE,"Yemen, Rep.","Middle East, North Africa, Afghanistan & Pakistan",Low income,2017,0.112
YEM,YE,"Yemen, Rep.","Middle East, North Africa, Afghanistan & Pakistan",Low income,2018,0.113
YEM,YE,"Yemen, Rep.","Middle East, North Africa, Afghanistan & Pakistan",Low income,2019,0.117
YEM,YE,"Yemen, Rep.","Middle East, North Africa, Afghanistan & Pakistan",Low income,2020,0.113
YEM,YE,"Yemen, Rep.","Middle East, North Africa, Afghanistan & Pakistan",Low income,2021,0.116
YEM,YE,"Yemen, Rep.","Middle East, North Africa, Afghanistan & Pakistan",Low income,2022,0.123
YEM,YE,"Yemen, Rep.","Middle East, North Africa, Afghanistan & Pakistan",Low income,2023,0.128
YEM,YE,"Yemen, Rep.","Middle East, North Africa, Afghanistan & Pakistan",Low income,2024,0.126
ZAF,ZA,South Africa,Sub-Saharan Africa,Upper middle income,2000,0.743
ZAF,ZA,South Africa,Sub-Saharan Africa,Upper middle income,2001,0.743
ZAF,ZA,South Africa,Sub-Saharan Africa,Upper middle income,2002,0.743
ZAF,ZA,South Africa,Sub-Saharan Africa,Upper middle income,2003,0.743
ZAF,ZA,South Africa,Sub-Saharan Africa,Upper middle income,2004,0.764
ZAF,ZA,South Africa,Sub-Saharan Africa,Upper middle income,2005,0.778
ZAF,ZA,South Africa,Sub-Saharan Africa,Upper middle income,2006,0.779
ZAF,ZA,South Africa,Sub-Saharan Africa,Upper middle income,2007,0.779
ZAF,ZA,South Africa,Sub-Saharan Africa,Upper middle income,2008,0.775
ZAF,ZA,South Africa,Sub-Saharan Africa,Upper middle income,2009,0.775
ZAF,ZA,South Africa,Sub-Saharan Africa,Upper middle income,2010,0.778
ZAF,ZA,South Africa,Sub-Saharan Africa,Upper middle income,2011,0.777
ZAF,ZA,South Africa,Sub-Saharan Africa,Upper middle income,2012,0.779
ZAF,ZA,South Africa,Sub-Saharan Africa,Upper middle income,2013,0.765
ZAF,ZA,South Africa,Sub-Saharan Africa,Upper middle income,2014,0.758
ZAF,ZA,South Africa,Sub-Saharan Africa,Upper middle income,2015,0.755
ZAF,ZA,South Africa,Sub-Saharan Africa,Upper middle income,2016,0.752
ZAF,ZA,South Africa,Sub-Saharan Africa,Upper middle income,2017,0.738
ZAF,ZA,South Africa,Sub-Saharan Africa,Upper middle income,2018,0.747
ZAF,ZA,South Africa,Sub-Saharan Africa,Upper middle income,2019,0.727
ZAF,ZA,South Africa,Sub-Saharan Africa,Upper middle income,2020,0.719
ZAF,ZA,South Africa,Sub-Saharan Africa,Upper middle income,2021,0.725
ZAF,ZA,South Africa,Sub-Saharan Africa,Upper middle income,2022,0.718
ZAF,ZA,South Africa,Sub-Saharan Africa,Upper middle income,2023,0.712
ZAF,ZA,South Africa,Sub-Saharan Africa,Upper middle income,2024,0.734
ZMB,ZM,Zambia,Sub-Saharan Africa,Lower middle income,2000,0.486
ZMB,ZM,Zambia,Sub-Saharan Africa,Lower middle income,2001,0.489
ZMB,ZM,Zambia,Sub-Saharan Africa,Lower middle income,2002,0.484
ZMB,ZM,Zambia,Sub-Saharan Africa,Lower middle income,2003,0.484
ZMB,ZM,Zambia,Sub-Saharan Africa,Lower middle income,2004,0.484
ZMB,ZM,Zambia,Sub-Saharan Africa,Lower middle income,2005,0.498
ZMB,ZM,Zambia,Sub-Saharan Africa,Lower middle income,2006,0.498
ZMB,ZM,Zambia,Sub-Saharan Africa,Lower middle income,2007,0.5
ZMB,ZM,Zambia,Sub-Saharan Africa,Lower middle income,2008,0.51
ZMB,ZM,Zambia,Sub-Saharan Africa,Lower middle income,2009,0.517
ZMB,ZM,Zambia,Sub-Saharan Africa,Lower middle income,2010,0.514
ZMB,ZM,Zambia,Sub-Saharan Africa,Lower middle income,2011,0.503
ZMB,ZM,Zambia,Sub-Saharan Africa,Lower middle income,2012,0.503
ZMB,ZM,Zambia,Sub-Saharan Africa,Lower middle income,2013,0.485
ZMB,ZM,Zambia,Sub-Saharan Africa,Lower middle income,2014,0.478
ZMB,ZM,Zambia,Sub-Saharan Africa,Lower middle income,2015,0.458
ZMB,ZM,Zambia,Sub-Saharan Africa,Lower middle income,2016,0.397
ZMB,ZM,Zambia,Sub-Saharan Africa,Lower middle income,2017,0.36
ZMB,ZM,Zambia,Sub-Saharan Africa,Lower middle income,2018,0.37
ZMB,ZM,Zambia,Sub-Saharan Africa,Lower middle income,2019,0.358
ZMB,ZM,Zambia,Sub-Saharan Africa,Lower middle income,2020,0.353
ZMB,ZM,Zambia,Sub-Saharan Africa,Lower middle income,2021,0.421
ZMB,ZM,Zambia,Sub-Saharan Africa,Lower middle income,2022,0.52
ZMB,ZM,Zambia,Sub-Saharan Africa,Lower middle income,2023,0.525
ZMB,ZM,Zambia,Sub-Saharan Africa,Lower middle income,2024,0.512
ZWE,ZW,Zimbabwe,Sub-Saharan Africa,Lower middle income,2000,0.284
ZWE,ZW,Zimbabwe,Sub-Saharan Africa,Lower middle income,2001,0.267
ZWE,ZW,Zimbabwe,Sub-Saharan Africa,Lower middle income,2002,0.268
ZWE,ZW,Zimbabwe,Sub-Saharan Africa,Lower middle income,2003,0.269
ZWE,ZW,Zimbabwe,Sub-Saharan Africa,Lower middle income,2004,0.259
ZWE,ZW,Zimbabwe,Sub-Saharan Africa,Lower middle income,2005,0.258
ZWE,ZW,Zimbabwe,Sub-Saharan Africa,Lower middle income,2006,0.255
ZWE,ZW,Zimbabwe,Sub-Saharan Africa,Lower middle income,2007,0.255
ZWE,ZW,Zimbabwe,Sub-Saharan Africa,Lower middle income,2008,0.251
ZWE,ZW,Zimbabwe,Sub-Saharan Africa,Lower middle income,2009,0.254
ZWE,ZW,Zimbabwe,Sub-Saharan Africa,Lower middle income,2010,0.265
ZWE,ZW,Zimbabwe,Sub-Saharan Africa,Lower middle income,2011,0.266
ZWE,ZW,Zimbabwe,Sub-Saharan Africa,Lower middle income,2012,0.266
ZWE,ZW,Zimbabwe,Sub-Saharan Africa,Lower middle income,2013,0.289
ZWE,ZW,Zimbabwe,Sub-Saharan Africa,Lower middle income,2014,0.303
ZWE,ZW,Zimbabwe,Sub-Saharan Africa,Lower middle income,2015,0.302
ZWE,ZW,Zimbabwe,Sub-Saharan Africa,Lower middle income,2016,0.297
ZWE,ZW,Zimbabwe,Sub-Saharan Africa,Lower middle income,2017,0.3
ZWE,ZW,Zimbabwe,Sub-Saharan Africa,Lower middle income,2018,0.313
ZWE,ZW,Zimbabwe,Sub-Saharan Africa,Lower middle income,2019,0.304
ZWE,ZW,Zimbabwe,Sub-Saharan Africa,Lower middle income,2020,0.299
ZWE,ZW,Zimbabwe,Sub-Saharan Africa,Lower middle income,2021,0.297
ZWE,ZW,Zimbabwe,Sub-Saharan Africa,Lower middle income,2022,0.292
ZWE,ZW,Zimbabwe,Sub-Saharan Africa,Lower middle income,2023,0.296
ZWE,ZW,Zimbabwe,Sub-Saharan Africa,Lower middle income,2024,0.272
