iso3,iso2,country,region,income_level,year,bank_npl_pct_gross_loans,real_interest_rate_pct
ABW,AW,Aruba,Latin America & Caribbean,High income,2000,,10.9174500760991
ABW,AW,Aruba,Latin America & Caribbean,High income,2001,,15.885948876168
ABW,AW,Aruba,Latin America & Caribbean,High income,2002,,6.57378500312943
ABW,AW,Aruba,Latin America & Caribbean,High income,2003,,7.42457507462851
ABW,AW,Aruba,Latin America & Caribbean,High income,2004,,6.60450953637949
ABW,AW,Aruba,Latin America & Caribbean,High income,2005,,5.64637297616821
ABW,AW,Aruba,Latin America & Caribbean,High income,2006,,5.81310509823675
ABW,AW,Aruba,Latin America & Caribbean,High income,2007,,4.97600231726435
ABW,AW,Aruba,Latin America & Caribbean,High income,2008,,5.9825479431511
ABW,AW,Aruba,Latin America & Caribbean,High income,2009,,8.84604657019821
ABW,AW,Aruba,Latin America & Caribbean,High income,2010,,11.6661307585963
ABW,AW,Aruba,Latin America & Caribbean,High income,2011,,4.80197433814387
ABW,AW,Aruba,Latin America & Caribbean,High income,2012,,8.20087500684476
ABW,AW,Aruba,Latin America & Caribbean,High income,2013,,10.7097087655441
ABW,AW,Aruba,Latin America & Caribbean,High income,2014,,6.37347496737642
ABW,AW,Aruba,Latin America & Caribbean,High income,2015,,4.42635663135292
ABW,AW,Aruba,Latin America & Caribbean,High income,2016,,7.46758040290235
ABW,AW,Aruba,Latin America & Caribbean,High income,2017,,6.14327999866008
ABW,AW,Aruba,Latin America & Caribbean,High income,2018,,3.26873379730582
ABW,AW,Aruba,Latin America & Caribbean,High income,2019,,4.7178539705929
ABW,AW,Aruba,Latin America & Caribbean,High income,2020,,10.4928880967633
ABW,AW,Aruba,Latin America & Caribbean,High income,2021,,4.07323804032448
ABW,AW,Aruba,Latin America & Caribbean,High income,2022,,1.92606786267076
ABW,AW,Aruba,Latin America & Caribbean,High income,2023,,2.8822173572725
ABW,AW,Aruba,Latin America & Caribbean,High income,2024,,
AFG,AF,Afghanistan,"Middle East, North Africa, Afghanistan & Pakistan",Low income,2000,,
AFG,AF,Afghanistan,"Middle East, North Africa, Afghanistan & Pakistan",Low income,2001,,
AFG,AF,Afghanistan,"Middle East, North Africa, Afghanistan & Pakistan",Low income,2002,,
AFG,AF,Afghanistan,"Middle East, North Africa, Afghanistan & Pakistan",Low income,2003,,
AFG,AF,Afghanistan,"Middle East, North Africa, Afghanistan & Pakistan",Low income,2004,,
AFG,AF,Afghanistan,"Middle East, North Africa, Afghanistan & Pakistan",Low income,2005,,
AFG,AF,Afghanistan,"Middle East, North Africa, Afghanistan & Pakistan",Low income,2006,,10.0468971030039
AFG,AF,Afghanistan,"Middle East, North Africa, Afghanistan & Pakistan",Low income,2007,,-3.58511111025937
AFG,AF,Afghanistan,"Middle East, North Africa, Afghanistan & Pakistan",Low income,2008,,12.5579601438018
AFG,AF,Afghanistan,"Middle East, North Africa, Afghanistan & Pakistan",Low income,2009,,17.5429289286094
AFG,AF,Afghanistan,"Middle East, North Africa, Afghanistan & Pakistan",Low income,2010,49.9013229069412,11.3640937418183
AFG,AF,Afghanistan,"Middle East, North Africa, Afghanistan & Pakistan",Low income,2011,4.6968178252385,-1.24150600982001
AFG,AF,Afghanistan,"Middle East, North Africa, Afghanistan & Pakistan",Low income,2012,4.95890140377645,7.17438724753763
AFG,AF,Afghanistan,"Middle East, North Africa, Afghanistan & Pakistan",Low income,2013,4.85228704838131,9.78449593859924
AFG,AF,Afghanistan,"Middle East, North Africa, Afghanistan & Pakistan",Low income,2014,7.7810908959605,14.3516893380043
AFG,AF,Afghanistan,"Middle East, North Africa, Afghanistan & Pakistan",Low income,2015,12.0536179767696,12.2525481629518
AFG,AF,Afghanistan,"Middle East, North Africa, Afghanistan & Pakistan",Low income,2016,11.0743789647307,17.5839381624543
AFG,AF,Afghanistan,"Middle East, North Africa, Afghanistan & Pakistan",Low income,2017,12.2018301907814,12.1411782956513
AFG,AF,Afghanistan,"Middle East, North Africa, Afghanistan & Pakistan",Low income,2018,8.88666018352578,
AFG,AF,Afghanistan,"Middle East, North Africa, Afghanistan & Pakistan",Low income,2019,,
AFG,AF,Afghanistan,"Middle East, North Africa, Afghanistan & Pakistan",Low income,2020,,
AFG,AF,Afghanistan,"Middle East, North Africa, Afghanistan & Pakistan",Low income,2021,,
AFG,AF,Afghanistan,"Middle East, North Africa, Afghanistan & Pakistan",Low income,2022,,
AFG,AF,Afghanistan,"Middle East, North Africa, Afghanistan & Pakistan",Low income,2023,,
AFG,AF,Afghanistan,"Middle East, North Africa, Afghanistan & Pakistan",Low income,2024,,
AGO,AO,Angola,Sub-Saharan Africa,Lower middle income,2000,,-60.7813270387153
AGO,AO,Angola,Sub-Saharan Africa,Lower middle income,2001,,-5.0329332162016
AGO,AO,Angola,Sub-Saharan Africa,Lower middle income,2002,,-41.329469094794
AGO,AO,Angola,Sub-Saharan Africa,Lower middle income,2003,,0.774759820527655
AGO,AO,Angola,Sub-Saharan Africa,Lower middle income,2004,,36.700397458153
AGO,AO,Angola,Sub-Saharan Africa,Lower middle income,2005,,19.6820166524126
AGO,AO,Angola,Sub-Saharan Africa,Lower middle income,2006,,2.30827389768521
AGO,AO,Angola,Sub-Saharan Africa,Lower middle income,2007,,11.9081334305188
AGO,AO,Angola,Sub-Saharan Africa,Lower middle income,2008,,-5.77235856616441
AGO,AO,Angola,Sub-Saharan Africa,Lower middle income,2009,,34.9396938669251
AGO,AO,Angola,Sub-Saharan Africa,Lower middle income,2010,3.17305056414186,-4.76194124269418
AGO,AO,Angola,Sub-Saharan Africa,Lower middle income,2011,2.01496821504011,-8.39804755590453
AGO,AO,Angola,Sub-Saharan Africa,Lower middle income,2012,4.35011884491608,8.91040000959796
AGO,AO,Angola,Sub-Saharan Africa,Lower middle income,2013,7.97676918024597,12.1812486053364
AGO,AO,Angola,Sub-Saharan Africa,Lower middle income,2014,10.1905320738465,11.8181537124795
AGO,AO,Angola,Sub-Saharan Africa,Lower middle income,2015,10.6112339715732,20.4438021556634
AGO,AO,Angola,Sub-Saharan Africa,Lower middle income,2016,11.2850858065096,-4.2095729143764
AGO,AO,Angola,Sub-Saharan Africa,Lower middle income,2017,25.8360610272673,-6.40113202513861
AGO,AO,Angola,Sub-Saharan Africa,Lower middle income,2018,23.2217366851526,-3.16527746029895
AGO,AO,Angola,Sub-Saharan Africa,Lower middle income,2019,23.1454688212139,-0.793754846030958
AGO,AO,Angola,Sub-Saharan Africa,Lower middle income,2020,12.2238112230323,2.94708845536108
AGO,AO,Angola,Sub-Saharan Africa,Lower middle income,2021,14.9960876543918,-11.9442469807724
AGO,AO,Angola,Sub-Saharan Africa,Lower middle income,2022,,1.73582177685687
AGO,AO,Angola,Sub-Saharan Africa,Lower middle income,2023,10.1987233405644,-2.02215649816361
AGO,AO,Angola,Sub-Saharan Africa,Lower middle income,2024,14.1307640434436,-6.62811986562941
ALB,AL,Albania,Europe & Central Asia,Upper middle income,2000,,15.2785042512077
ALB,AL,Albania,Europe & Central Asia,Upper middle income,2001,,15.311595059467
ALB,AL,Albania,Europe & Central Asia,Upper middle income,2002,,10.9719532137276
ALB,AL,Albania,Europe & Central Asia,Upper middle income,2003,,8.89419077403412
ALB,AL,Albania,Europe & Central Asia,Upper middle income,2004,,8.40596001388621
ALB,AL,Albania,Europe & Central Asia,Upper middle income,2005,,9.62860015652314
ALB,AL,Albania,Europe & Central Asia,Upper middle income,2006,,9.98704550225861
ALB,AL,Albania,Europe & Central Asia,Upper middle income,2007,,8.51173734427856
ALB,AL,Albania,Europe & Central Asia,Upper middle income,2008,,9.19915823851396
ALB,AL,Albania,Europe & Central Asia,Upper middle income,2009,,9.83773189748574
ALB,AL,Albania,Europe & Central Asia,Upper middle income,2010,13.508216768554,8.35023474045183
ALB,AL,Albania,Europe & Central Asia,Upper middle income,2011,18.0478530368439,10.5583645007965
ALB,AL,Albania,Europe & Central Asia,Upper middle income,2012,21.1949876792054,10.6295054335739
ALB,AL,Albania,Europe & Central Asia,Upper middle income,2013,22.2438572106859,9.44075587277392
ALB,AL,Albania,Europe & Central Asia,Upper middle income,2014,21.4603340500502,6.43617834102525
ALB,AL,Albania,Europe & Central Asia,Upper middle income,2015,16.8424536921791,7.0515158846934
ALB,AL,Albania,Europe & Central Asia,Upper middle income,2016,16.5545127518584,7.66467500828308
ALB,AL,Albania,Europe & Central Asia,Upper middle income,2017,11.97172277931,3.40221801971973
ALB,AL,Albania,Europe & Central Asia,Upper middle income,2018,10.4273900688182,4.41504942562581
ALB,AL,Albania,Europe & Central Asia,Upper middle income,2019,7.97222983771094,5.22293804368143
ALB,AL,Albania,Europe & Central Asia,Upper middle income,2020,7.65009174813949,6.07727270280431
ALB,AL,Albania,Europe & Central Asia,Upper middle income,2021,5.39391025321322,2.49159305432191
ALB,AL,Albania,Europe & Central Asia,Upper middle income,2022,4.78957460572704,-3.05379036037635
ALB,AL,Albania,Europe & Central Asia,Upper middle income,2023,4.55680329892816,0.584258766448394
ALB,AL,Albania,Europe & Central Asia,Upper middle income,2024,4.00286963845923,3.99611657840101
AND,AD,Andorra,Europe & Central Asia,High income,2000,,
AND,AD,Andorra,Europe & Central Asia,High income,2001,,
AND,AD,Andorra,Europe & Central Asia,High income,2002,,
AND,AD,Andorra,Europe & Central Asia,High income,2003,,
AND,AD,Andorra,Europe & Central Asia,High income,2004,,
AND,AD,Andorra,Europe & Central Asia,High income,2005,,
AND,AD,Andorra,Europe & Central Asia,High income,2006,,
AND,AD,Andorra,Europe & Central Asia,High income,2007,,
AND,AD,Andorra,Europe & Central Asia,High income,2008,,
AND,AD,Andorra,Europe & Central Asia,High income,2009,,
AND,AD,Andorra,Europe & Central Asia,High income,2010,,
AND,AD,Andorra,Europe & Central Asia,High income,2011,,
AND,AD,Andorra,Europe & Central Asia,High income,2012,,
AND,AD,Andorra,Europe & Central Asia,High income,2013,,
AND,AD,Andorra,Europe & Central Asia,High income,2014,,
AND,AD,Andorra,Europe & Central Asia,High income,2015,,
AND,AD,Andorra,Europe & Central Asia,High income,2016,,
AND,AD,Andorra,Europe & Central Asia,High income,2017,,
AND,AD,Andorra,Europe & Central Asia,High income,2018,,
AND,AD,Andorra,Europe & Central Asia,High income,2019,,
AND,AD,Andorra,Europe & Central Asia,High income,2020,,
AND,AD,Andorra,Europe & Central Asia,High income,2021,,
AND,AD,Andorra,Europe & Central Asia,High income,2022,,
AND,AD,Andorra,Europe & Central Asia,High income,2023,,
AND,AD,Andorra,Europe & Central Asia,High income,2024,,
ARE,AE,United Arab Emirates,"Middle East, North Africa, Afghanistan & Pakistan",High income,2000,,
ARE,AE,United Arab Emirates,"Middle East, North Africa, Afghanistan & Pakistan",High income,2001,,
ARE,AE,United Arab Emirates,"Middle East, North Africa, Afghanistan & Pakistan",High income,2002,,
ARE,AE,United Arab Emirates,"Middle East, North Africa, Afghanistan & Pakistan",High income,2003,,
ARE,AE,United Arab Emirates,"Middle East, North Africa, Afghanistan & Pakistan",High income,2004,,
ARE,AE,United Arab Emirates,"Middle East, North Africa, Afghanistan & Pakistan",High income,2005,,
ARE,AE,United Arab Emirates,"Middle East, North Africa, Afghanistan & Pakistan",High income,2006,,
ARE,AE,United Arab Emirates,"Middle East, North Africa, Afghanistan & Pakistan",High income,2007,,
ARE,AE,United Arab Emirates,"Middle East, North Africa, Afghanistan & Pakistan",High income,2008,,
ARE,AE,United Arab Emirates,"Middle East, North Africa, Afghanistan & Pakistan",High income,2009,4.17812783392795,
ARE,AE,United Arab Emirates,"Middle East, North Africa, Afghanistan & Pakistan",High income,2010,5.26698896173512,
ARE,AE,United Arab Emirates,"Middle East, North Africa, Afghanistan & Pakistan",High income,2011,6.08629581295721,
ARE,AE,United Arab Emirates,"Middle East, North Africa, Afghanistan & Pakistan",High income,2012,7.12965175228016,
ARE,AE,United Arab Emirates,"Middle East, North Africa, Afghanistan & Pakistan",High income,2013,5.85229580988926,
ARE,AE,United Arab Emirates,"Middle East, North Africa, Afghanistan & Pakistan",High income,2014,5.31214096469623,
ARE,AE,United Arab Emirates,"Middle East, North Africa, Afghanistan & Pakistan",High income,2015,4.74620283630956,
ARE,AE,United Arab Emirates,"Middle East, North Africa, Afghanistan & Pakistan",High income,2016,4.79735362210192,
ARE,AE,United Arab Emirates,"Middle East, North Africa, Afghanistan & Pakistan",High income,2017,4.99704232082411,
ARE,AE,United Arab Emirates,"Middle East, North Africa, Afghanistan & Pakistan",High income,2018,5.25650797811493,
ARE,AE,United Arab Emirates,"Middle East, North Africa, Afghanistan & Pakistan",High income,2019,6.02686885240592,
ARE,AE,United Arab Emirates,"Middle East, North Africa, Afghanistan & Pakistan",High income,2020,7.57146032262558,
ARE,AE,United Arab Emirates,"Middle East, North Africa, Afghanistan & Pakistan",High income,2021,7.28694437688478,
ARE,AE,United Arab Emirates,"Middle East, North Africa, Afghanistan & Pakistan",High income,2022,6.55317267111425,
ARE,AE,United Arab Emirates,"Middle East, North Africa, Afghanistan & Pakistan",High income,2023,5.30826886216617,
ARE,AE,United Arab Emirates,"Middle East, North Africa, Afghanistan & Pakistan",High income,2024,4.13722730162714,
ARG,AR,Argentina,Latin America & Caribbean,Upper middle income,2000,,
ARG,AR,Argentina,Latin America & Caribbean,Upper middle income,2001,,
ARG,AR,Argentina,Latin America & Caribbean,Upper middle income,2002,,
ARG,AR,Argentina,Latin America & Caribbean,Upper middle income,2003,,
ARG,AR,Argentina,Latin America & Caribbean,Upper middle income,2004,,
ARG,AR,Argentina,Latin America & Caribbean,Upper middle income,2005,5.1808433744425,
ARG,AR,Argentina,Latin America & Caribbean,Upper middle income,2006,3.3907141955962,
ARG,AR,Argentina,Latin America & Caribbean,Upper middle income,2007,2.72684750122497,
ARG,AR,Argentina,Latin America & Caribbean,Upper middle income,2008,2.67920601141364,
ARG,AR,Argentina,Latin America & Caribbean,Upper middle income,2009,2.98195821294241,
ARG,AR,Argentina,Latin America & Caribbean,Upper middle income,2010,1.84399576317014,-8.56602872006595
ARG,AR,Argentina,Latin America & Caribbean,Upper middle income,2011,1.22770795872112,-7.77340523607891
ARG,AR,Argentina,Latin America & Caribbean,Upper middle income,2012,1.53673589612636,-6.74819555440485
ARG,AR,Argentina,Latin America & Caribbean,Upper middle income,2013,1.53372870982538,-5.48583918237902
ARG,AR,Argentina,Latin America & Caribbean,Upper middle income,2014,1.79255873857877,-11.6006987702161
ARG,AR,Argentina,Latin America & Caribbean,Upper middle income,2015,1.5742013281649,-1.31470878459506
ARG,AR,Argentina,Latin America & Caribbean,Upper middle income,2016,1.70027750562074,-7.00603984304116
ARG,AR,Argentina,Latin America & Caribbean,Upper middle income,2017,1.73479928371252,0.45589283233048
ARG,AR,Argentina,Latin America & Caribbean,Upper middle income,2018,2.95778551361675,4.56440909873512
ARG,AR,Argentina,Latin America & Caribbean,Upper middle income,2019,5.7029147138395,12.1039696489828
ARG,AR,Argentina,Latin America & Caribbean,Upper middle income,2020,4.15006400338997,-7.63517421630372
ARG,AR,Argentina,Latin America & Caribbean,Upper middle income,2021,4.29211290587395,-11.8618379621172
ARG,AR,Argentina,Latin America & Caribbean,Upper middle income,2022,3.09401335778846,-9.81968419782898
ARG,AR,Argentina,Latin America & Caribbean,Upper middle income,2023,3.54904853535679,-17.2542810000346
ARG,AR,Argentina,Latin America & Caribbean,Upper middle income,2024,1.56400803016664,-47.4304580263773
ARM,AM,Armenia,Europe & Central Asia,Upper middle income,2000,,33.3984630599644
ARM,AM,Armenia,Europe & Central Asia,Upper middle income,2001,,21.7821520799662
ARM,AM,Armenia,Europe & Central Asia,Upper middle income,2002,,18.347069280194
ARM,AM,Armenia,Europe & Central Asia,Upper middle income,2003,,15.5169875894729
ARM,AM,Armenia,Europe & Central Asia,Upper middle income,2004,,11.6248159998918
ARM,AM,Armenia,Europe & Central Asia,Upper middle income,2005,,14.3161459394903
ARM,AM,Armenia,Europe & Central Asia,Upper middle income,2006,,11.3814924574336
ARM,AM,Armenia,Europe & Central Asia,Upper middle income,2007,,12.6947444611314
ARM,AM,Armenia,Europe & Central Asia,Upper middle income,2008,,10.4349146525184
ARM,AM,Armenia,Europe & Central Asia,Upper middle income,2009,,15.8708814402684
ARM,AM,Armenia,Europe & Central Asia,Upper middle income,2010,3.04141129948019,10.6076357898925
ARM,AM,Armenia,Europe & Central Asia,Upper middle income,2011,3.42109151341692,12.9197578932998
ARM,AM,Armenia,Europe & Central Asia,Upper middle income,2012,3.66922217057882,11.2811932906832
ARM,AM,Armenia,Europe & Central Asia,Upper middle income,2013,4.48533892299217,12.2168430436348
ARM,AM,Armenia,Europe & Central Asia,Upper middle income,2014,6.96975042813575,13.7812486601176
ARM,AM,Armenia,Europe & Central Asia,Upper middle income,2015,7.94971668385926,16.1800096730379
ARM,AM,Armenia,Europe & Central Asia,Upper middle income,2016,6.72411125058908,17.0423595080455
ARM,AM,Armenia,Europe & Central Asia,Upper middle income,2017,5.43231777940314,11.9973399575166
ARM,AM,Armenia,Europe & Central Asia,Upper middle income,2018,4.75439825091816,9.73397739946581
ARM,AM,Armenia,Europe & Central Asia,Upper middle income,2019,5.50666582915208,10.9595785635957
ARM,AM,Armenia,Europe & Central Asia,Upper middle income,2020,6.55481572888625,9.63911034033596
ARM,AM,Armenia,Europe & Central Asia,Upper middle income,2021,1.83298359761034,4.54758816099538
ARM,AM,Armenia,Europe & Central Asia,Upper middle income,2022,2.39795961089627,3.45742932246246
ARM,AM,Armenia,Europe & Central Asia,Upper middle income,2023,2.14617019955882,9.00575934552441
ARM,AM,Armenia,Europe & Central Asia,Upper middle income,2024,1.1256000743568,11.5859080483725
ASM,AS,American Samoa,East Asia & Pacific,High income,2000,,
ASM,AS,American Samoa,East Asia & Pacific,High income,2001,,
ASM,AS,American Samoa,East Asia & Pacific,High income,2002,,
ASM,AS,American Samoa,East Asia & Pacific,High income,2003,,
ASM,AS,American Samoa,East Asia & Pacific,High income,2004,,
ASM,AS,American Samoa,East Asia & Pacific,High income,2005,,
ASM,AS,American Samoa,East Asia & Pacific,High income,2006,,
ASM,AS,American Samoa,East Asia & Pacific,High income,2007,,
ASM,AS,American Samoa,East Asia & Pacific,High income,2008,,
ASM,AS,American Samoa,East Asia & Pacific,High income,2009,,
ASM,AS,American Samoa,East Asia & Pacific,High income,2010,,
ASM,AS,American Samoa,East Asia & Pacific,High income,2011,,
ASM,AS,American Samoa,East Asia & Pacific,High income,2012,,
ASM,AS,American Samoa,East Asia & Pacific,High income,2013,,
ASM,AS,American Samoa,East Asia & Pacific,High income,2014,,
ASM,AS,American Samoa,East Asia & Pacific,High income,2015,,
ASM,AS,American Samoa,East Asia & Pacific,High income,2016,,
ASM,AS,American Samoa,East Asia & Pacific,High income,2017,,
ASM,AS,American Samoa,East Asia & Pacific,High income,2018,,
ASM,AS,American Samoa,East Asia & Pacific,High income,2019,,
ASM,AS,American Samoa,East Asia & Pacific,High income,2020,,
ASM,AS,American Samoa,East Asia & Pacific,High income,2021,,
ASM,AS,American Samoa,East Asia & Pacific,High income,2022,,
ASM,AS,American Samoa,East Asia & Pacific,High income,2023,,
ASM,AS,American Samoa,East Asia & Pacific,High income,2024,,
ATG,AG,Antigua and Barbuda,Latin America & Caribbean,High income,2000,,10.4751903679495
ATG,AG,Antigua and Barbuda,Latin America & Caribbean,High income,2001,,9.36728251413522
ATG,AG,Antigua and Barbuda,Latin America & Caribbean,High income,2002,,9.98619298727225
ATG,AG,Antigua and Barbuda,Latin America & Caribbean,High income,2003,,13.3653757548551
ATG,AG,Antigua and Barbuda,Latin America & Caribbean,High income,2004,,9.39508535611005
ATG,AG,Antigua and Barbuda,Latin America & Caribbean,High income,2005,,6.41530004249777
ATG,AG,Antigua and Barbuda,Latin America & Caribbean,High income,2006,,9.66489579668665
ATG,AG,Antigua and Barbuda,Latin America & Caribbean,High income,2007,,5.81513271883769
ATG,AG,Antigua and Barbuda,Latin America & Caribbean,High income,2008,,5.43329381929376
ATG,AG,Antigua and Barbuda,Latin America & Caribbean,High income,2009,,8.85744858342288
ATG,AG,Antigua and Barbuda,Latin America & Caribbean,High income,2010,,9.24335140853382
ATG,AG,Antigua and Barbuda,Latin America & Caribbean,High income,2011,,9.67014410612038
ATG,AG,Antigua and Barbuda,Latin America & Caribbean,High income,2012,,7.41717719114802
ATG,AG,Antigua and Barbuda,Latin America & Caribbean,High income,2013,,12.5264773364625
ATG,AG,Antigua and Barbuda,Latin America & Caribbean,High income,2014,,8.1499353414626
ATG,AG,Antigua and Barbuda,Latin America & Caribbean,High income,2015,9.542383,6.84159391335869
ATG,AG,Antigua and Barbuda,Latin America & Caribbean,High income,2016,8.655527,10.0980953388989
ATG,AG,Antigua and Barbuda,Latin America & Caribbean,High income,2017,7.938071,8.9650908443246
ATG,AG,Antigua and Barbuda,Latin America & Caribbean,High income,2018,6.350929,7.42507921733794
ATG,AG,Antigua and Barbuda,Latin America & Caribbean,High income,2019,5.33456,7.84312471601153
ATG,AG,Antigua and Barbuda,Latin America & Caribbean,High income,2020,7.39802194432002,6.84865145111171
ATG,AG,Antigua and Barbuda,Latin America & Caribbean,High income,2021,7.79597173904749,2.35704800577082
ATG,AG,Antigua and Barbuda,Latin America & Caribbean,High income,2022,6.90908018213116,0.447404633499202
ATG,AG,Antigua and Barbuda,Latin America & Caribbean,High income,2023,5.98311,0.210412391785258
ATG,AG,Antigua and Barbuda,Latin America & Caribbean,High income,2024,4.167098,3.76221767085229
AUS,AU,Australia,East Asia & Pacific,High income,2000,,5.03411252620181
AUS,AU,Australia,East Asia & Pacific,High income,2001,,2.10299461437176
AUS,AU,Australia,East Asia & Pacific,High income,2002,,3.42491629064352
AUS,AU,Australia,East Asia & Pacific,High income,2003,,3.51968278100984
AUS,AU,Australia,East Asia & Pacific,High income,2004,,3.69949132705322
AUS,AU,Australia,East Asia & Pacific,High income,2005,,3.30680627260577
AUS,AU,Australia,East Asia & Pacific,High income,2006,0.574013140486955,2.37921843259392
AUS,AU,Australia,East Asia & Pacific,High income,2007,0.559225604529487,3.05876012508836
AUS,AU,Australia,East Asia & Pacific,High income,2008,1.35526208847002,4.15102038072407
AUS,AU,Australia,East Asia & Pacific,High income,2009,2.01806458457877,0.98031322538665
AUS,AU,Australia,East Asia & Pacific,High income,2010,2.1485612599986,6.04356005483095
AUS,AU,Australia,East Asia & Pacific,High income,2011,1.96838634633668,1.44878757207191
AUS,AU,Australia,East Asia & Pacific,High income,2012,1.70189150824109,5.08629843609618
AUS,AU,Australia,East Asia & Pacific,High income,2013,1.36517488167218,6.31873407967245
AUS,AU,Australia,East Asia & Pacific,High income,2014,1.01384449933767,4.46963335705945
AUS,AU,Australia,East Asia & Pacific,High income,2015,0.88872549882617,6.24156802765539
AUS,AU,Australia,East Asia & Pacific,High income,2016,0.947676353339702,6.13556882319326
AUS,AU,Australia,East Asia & Pacific,High income,2017,0.85701375017575,1.54300485864138
AUS,AU,Australia,East Asia & Pacific,High income,2018,0.901855193874304,3.35275994582846
AUS,AU,Australia,East Asia & Pacific,High income,2019,0.961493162441896,1.56982320729507
AUS,AU,Australia,East Asia & Pacific,High income,2020,1.10778271314937,
AUS,AU,Australia,East Asia & Pacific,High income,2021,0.912575245358042,
AUS,AU,Australia,East Asia & Pacific,High income,2022,0.72166697284902,
AUS,AU,Australia,East Asia & Pacific,High income,2023,0.853813554299551,
AUS,AU,Australia,East Asia & Pacific,High income,2024,0.994877225557668,
AUT,AT,Austria,Europe & Central Asia,High income,2000,,
AUT,AT,Austria,Europe & Central Asia,High income,2001,,
AUT,AT,Austria,Europe & Central Asia,High income,2002,,
AUT,AT,Austria,Europe & Central Asia,High income,2003,,
AUT,AT,Austria,Europe & Central Asia,High income,2004,,
AUT,AT,Austria,Europe & Central Asia,High income,2005,,
AUT,AT,Austria,Europe & Central Asia,High income,2006,2.73942939162815,
AUT,AT,Austria,Europe & Central Asia,High income,2007,2.24246731582086,
AUT,AT,Austria,Europe & Central Asia,High income,2008,1.90306942802893,
AUT,AT,Austria,Europe & Central Asia,High income,2009,2.25042258658752,
AUT,AT,Austria,Europe & Central Asia,High income,2010,2.83071715205898,
AUT,AT,Austria,Europe & Central Asia,High income,2011,2.70681550509306,
AUT,AT,Austria,Europe & Central Asia,High income,2012,2.81336476630545,
AUT,AT,Austria,Europe & Central Asia,High income,2013,2.86654169526513,
AUT,AT,Austria,Europe & Central Asia,High income,2014,3.47337431453068,
AUT,AT,Austria,Europe & Central Asia,High income,2015,3.39283728404187,
AUT,AT,Austria,Europe & Central Asia,High income,2016,2.69521741465076,
AUT,AT,Austria,Europe & Central Asia,High income,2017,2.36889544229069,
AUT,AT,Austria,Europe & Central Asia,High income,2018,2.90095686469682,
AUT,AT,Austria,Europe & Central Asia,High income,2019,2.41057983492873,
AUT,AT,Austria,Europe & Central Asia,High income,2020,2.38904558369577,
AUT,AT,Austria,Europe & Central Asia,High income,2021,2.08460790714203,
AUT,AT,Austria,Europe & Central Asia,High income,2022,1.99589852996514,
AUT,AT,Austria,Europe & Central Asia,High income,2023,2.52563805409574,
AUT,AT,Austria,Europe & Central Asia,High income,2024,2.93343148636791,
AZE,AZ,Azerbaijan,Europe & Central Asia,Upper middle income,2000,,6.3675730250952
AZE,AZ,Azerbaijan,Europe & Central Asia,Upper middle income,2001,,16.7690790545172
AZE,AZ,Azerbaijan,Europe & Central Asia,Upper middle income,2002,,12.6244058764036
AZE,AZ,Azerbaijan,Europe & Central Asia,Upper middle income,2003,,7.94230043681972
AZE,AZ,Azerbaijan,Europe & Central Asia,Upper middle income,2004,,5.92029158128701
AZE,AZ,Azerbaijan,Europe & Central Asia,Upper middle income,2005,,2.00903640930596
AZE,AZ,Azerbaijan,Europe & Central Asia,Upper middle income,2006,,5.86921103386287
AZE,AZ,Azerbaijan,Europe & Central Asia,Upper middle income,2007,,-1.20386445598544
AZE,AZ,Azerbaijan,Europe & Central Asia,Upper middle income,2008,,-6.41437028522556
AZE,AZ,Azerbaijan,Europe & Central Asia,Upper middle income,2009,,48.0000301665622
AZE,AZ,Azerbaijan,Europe & Central Asia,Upper middle income,2010,,6.03749019446764
AZE,AZ,Azerbaijan,Europe & Central Asia,Upper middle income,2011,,-4.50907141950468
AZE,AZ,Azerbaijan,Europe & Central Asia,Upper middle income,2012,,15.0720533422824
AZE,AZ,Azerbaijan,Europe & Central Asia,Upper middle income,2013,,17.7236085217691
AZE,AZ,Azerbaijan,Europe & Central Asia,Upper middle income,2014,,19.4463807888005
AZE,AZ,Azerbaijan,Europe & Central Asia,Upper middle income,2015,,28.8887719865481
AZE,AZ,Azerbaijan,Europe & Central Asia,Upper middle income,2016,,1.5239580080374
AZE,AZ,Azerbaijan,Europe & Central Asia,Upper middle income,2017,,0.27213781268683
AZE,AZ,Azerbaijan,Europe & Central Asia,Upper middle income,2018,,4.6921842801495
AZE,AZ,Azerbaijan,Europe & Central Asia,Upper middle income,2019,,17.5417497363129
AZE,AZ,Azerbaijan,Europe & Central Asia,Upper middle income,2020,,26.6704180518878
AZE,AZ,Azerbaijan,Europe & Central Asia,Upper middle income,2021,,-4.24617334310802
AZE,AZ,Azerbaijan,Europe & Central Asia,Upper middle income,2022,2.56167104838045,-16.5227722601386
AZE,AZ,Azerbaijan,Europe & Central Asia,Upper middle income,2023,1.92600191309967,25.6817087272922
AZE,AZ,Azerbaijan,Europe & Central Asia,Upper middle income,2024,1.948008142314,16.2335159610212
BDI,BI,Burundi,Sub-Saharan Africa,Low income,2000,,-16.6791975356856
BDI,BI,Burundi,Sub-Saharan Africa,Low income,2001,,2.7329036876248
BDI,BI,Burundi,Sub-Saharan Africa,Low income,2002,,18.2520363062058
BDI,BI,Burundi,Sub-Saharan Africa,Low income,2003,,5.61440230161239
BDI,BI,Burundi,Sub-Saharan Africa,Low income,2004,,4.51452118694416
BDI,BI,Burundi,Sub-Saharan Africa,Low income,2005,,-0.333712699963746
BDI,BI,Burundi,Sub-Saharan Africa,Low income,2006,,13.8331873120086
BDI,BI,Burundi,Sub-Saharan Africa,Low income,2007,,7.90733431224244
BDI,BI,Burundi,Sub-Saharan Africa,Low income,2008,,-6.15276534000618
BDI,BI,Burundi,Sub-Saharan Africa,Low income,2009,,3.59561466651471
BDI,BI,Burundi,Sub-Saharan Africa,Low income,2010,,3.1778306745493
BDI,BI,Burundi,Sub-Saharan Africa,Low income,2011,,4.48464935182698
BDI,BI,Burundi,Sub-Saharan Africa,Low income,2012,,0.254833708436296
BDI,BI,Burundi,Sub-Saharan Africa,Low income,2013,,6.39183238994164
BDI,BI,Burundi,Sub-Saharan Africa,Low income,2014,,9.84410521693676
BDI,BI,Burundi,Sub-Saharan Africa,Low income,2015,,8.80978223959467
BDI,BI,Burundi,Sub-Saharan Africa,Low income,2016,,7.42932133438897
BDI,BI,Burundi,Sub-Saharan Africa,Low income,2017,,1.34592444554272
BDI,BI,Burundi,Sub-Saharan Africa,Low income,2018,,16.582505486034
BDI,BI,Burundi,Sub-Saharan Africa,Low income,2019,,14.1981675478991
BDI,BI,Burundi,Sub-Saharan Africa,Low income,2020,,-1.9549298305893
BDI,BI,Burundi,Sub-Saharan Africa,Low income,2021,,1.55434090945201
BDI,BI,Burundi,Sub-Saharan Africa,Low income,2022,,-2.77200047818793
BDI,BI,Burundi,Sub-Saharan Africa,Low income,2023,2.76526732032198,-6.57039636121716
BDI,BI,Burundi,Sub-Saharan Africa,Low income,2024,3.45484346660372,-5.68130891766587
BEL,BE,Belgium,Europe & Central Asia,High income,2000,,
BEL,BE,Belgium,Europe & Central Asia,High income,2001,,
BEL,BE,Belgium,Europe & Central Asia,High income,2002,,
BEL,BE,Belgium,Europe & Central Asia,High income,2003,,
BEL,BE,Belgium,Europe & Central Asia,High income,2004,,
BEL,BE,Belgium,Europe & Central Asia,High income,2005,,
BEL,BE,Belgium,Europe & Central Asia,High income,2006,1.28016415707088,
BEL,BE,Belgium,Europe & Central Asia,High income,2007,1.16267286868485,
BEL,BE,Belgium,Europe & Central Asia,High income,2008,1.66567893097525,
BEL,BE,Belgium,Europe & Central Asia,High income,2009,3.1149472043257,
BEL,BE,Belgium,Europe & Central Asia,High income,2010,2.83293355859471,
BEL,BE,Belgium,Europe & Central Asia,High income,2011,3.34867691886338,
BEL,BE,Belgium,Europe & Central Asia,High income,2012,3.79788657163647,
BEL,BE,Belgium,Europe & Central Asia,High income,2013,4.31853746708399,
BEL,BE,Belgium,Europe & Central Asia,High income,2014,4.24739060198863,
BEL,BE,Belgium,Europe & Central Asia,High income,2015,3.85093164747181,
BEL,BE,Belgium,Europe & Central Asia,High income,2016,3.48452664274546,
BEL,BE,Belgium,Europe & Central Asia,High income,2017,2.96174954064201,
BEL,BE,Belgium,Europe & Central Asia,High income,2018,2.26826570545996,
BEL,BE,Belgium,Europe & Central Asia,High income,2019,2.08706915566812,
BEL,BE,Belgium,Europe & Central Asia,High income,2020,2.06995809018823,
BEL,BE,Belgium,Europe & Central Asia,High income,2021,2.03126042204703,
BEL,BE,Belgium,Europe & Central Asia,High income,2022,1.83865174031702,
BEL,BE,Belgium,Europe & Central Asia,High income,2023,1.82074761185815,
BEL,BE,Belgium,Europe & Central Asia,High income,2024,2.00199409187463,
BEN,BJ,Benin,Sub-Saharan Africa,Lower middle income,2000,,
BEN,BJ,Benin,Sub-Saharan Africa,Lower middle income,2001,,
BEN,BJ,Benin,Sub-Saharan Africa,Lower middle income,2002,,
BEN,BJ,Benin,Sub-Saharan Africa,Lower middle income,2003,,
BEN,BJ,Benin,Sub-Saharan Africa,Lower middle income,2004,,
BEN,BJ,Benin,Sub-Saharan Africa,Lower middle income,2005,,3.59609815466937
BEN,BJ,Benin,Sub-Saharan Africa,Lower middle income,2006,,2.5881456183227
BEN,BJ,Benin,Sub-Saharan Africa,Lower middle income,2007,,4.3445629753372
BEN,BJ,Benin,Sub-Saharan Africa,Lower middle income,2008,,-1.36233108364526
BEN,BJ,Benin,Sub-Saharan Africa,Lower middle income,2009,,2.37742857428905
BEN,BJ,Benin,Sub-Saharan Africa,Lower middle income,2010,,4.19549019095698
BEN,BJ,Benin,Sub-Saharan Africa,Lower middle income,2011,,1.46803081679031
BEN,BJ,Benin,Sub-Saharan Africa,Lower middle income,2012,,-2.46960852040217
BEN,BJ,Benin,Sub-Saharan Africa,Lower middle income,2013,,3.83659295370063
BEN,BJ,Benin,Sub-Saharan Africa,Lower middle income,2014,,5.5999917955037
BEN,BJ,Benin,Sub-Saharan Africa,Lower middle income,2015,,4.26633438639015
BEN,BJ,Benin,Sub-Saharan Africa,Lower middle income,2016,,4.58009973405583
BEN,BJ,Benin,Sub-Saharan Africa,Lower middle income,2017,,7.32902771803383
BEN,BJ,Benin,Sub-Saharan Africa,Lower middle income,2018,,6.05230816342888
BEN,BJ,Benin,Sub-Saharan Africa,Lower middle income,2019,,7.11416977822067
BEN,BJ,Benin,Sub-Saharan Africa,Lower middle income,2020,,3.55709341440007
BEN,BJ,Benin,Sub-Saharan Africa,Lower middle income,2021,,4.55750151392328
BEN,BJ,Benin,Sub-Saharan Africa,Lower middle income,2022,,
BEN,BJ,Benin,Sub-Saharan Africa,Lower middle income,2023,,
BEN,BJ,Benin,Sub-Saharan Africa,Lower middle income,2024,,
BFA,BF,Burkina Faso,Sub-Saharan Africa,Low income,2000,,
BFA,BF,Burkina Faso,Sub-Saharan Africa,Low income,2001,,
BFA,BF,Burkina Faso,Sub-Saharan Africa,Low income,2002,,
BFA,BF,Burkina Faso,Sub-Saharan Africa,Low income,2003,,
BFA,BF,Burkina Faso,Sub-Saharan Africa,Low income,2004,,
BFA,BF,Burkina Faso,Sub-Saharan Africa,Low income,2005,,4.94407010067677
BFA,BF,Burkina Faso,Sub-Saharan Africa,Low income,2006,,5.43552158413382
BFA,BF,Burkina Faso,Sub-Saharan Africa,Low income,2007,,2.20437671811626
BFA,BF,Burkina Faso,Sub-Saharan Africa,Low income,2008,,-3.82524863007166
BFA,BF,Burkina Faso,Sub-Saharan Africa,Low income,2009,,2.51157897500392
BFA,BF,Burkina Faso,Sub-Saharan Africa,Low income,2010,,1.28514116887426
BFA,BF,Burkina Faso,Sub-Saharan Africa,Low income,2011,,-1.3885289905265
BFA,BF,Burkina Faso,Sub-Saharan Africa,Low income,2012,,-0.741639727368065
BFA,BF,Burkina Faso,Sub-Saharan Africa,Low income,2013,,7.57802019961703
BFA,BF,Burkina Faso,Sub-Saharan Africa,Low income,2014,,5.99591815146962
BFA,BF,Burkina Faso,Sub-Saharan Africa,Low income,2015,,7.54593907323847
BFA,BF,Burkina Faso,Sub-Saharan Africa,Low income,2016,,2.62240552190937
BFA,BF,Burkina Faso,Sub-Saharan Africa,Low income,2017,,5.02421161425245
BFA,BF,Burkina Faso,Sub-Saharan Africa,Low income,2018,,5.62891377347395
BFA,BF,Burkina Faso,Sub-Saharan Africa,Low income,2019,,6.1439206172505
BFA,BF,Burkina Faso,Sub-Saharan Africa,Low income,2020,,0.0675375097350463
BFA,BF,Burkina Faso,Sub-Saharan Africa,Low income,2021,,6.13021813204196
BFA,BF,Burkina Faso,Sub-Saharan Africa,Low income,2022,,
BFA,BF,Burkina Faso,Sub-Saharan Africa,Low income,2023,,
BFA,BF,Burkina Faso,Sub-Saharan Africa,Low income,2024,,
BGD,BD,Bangladesh,South Asia,Lower middle income,2000,,8.99820323770434
BGD,BD,Bangladesh,South Asia,Lower middle income,2001,,9.25695571842855
BGD,BD,Bangladesh,South Asia,Lower middle income,2002,,8.38969935744542
BGD,BD,Bangladesh,South Asia,Lower middle income,2003,,5.88445428042499
BGD,BD,Bangladesh,South Asia,Lower middle income,2004,,5.5823556108085
BGD,BD,Bangladesh,South Asia,Lower middle income,2005,,5.76426911966502
BGD,BD,Bangladesh,South Asia,Lower middle income,2006,,5.46699380857845
BGD,BD,Bangladesh,South Asia,Lower middle income,2007,,5.7891114361705
BGD,BD,Bangladesh,South Asia,Lower middle income,2008,,4.66174256991606
BGD,BD,Bangladesh,South Asia,Lower middle income,2009,,6.14653833234919
BGD,BD,Bangladesh,South Asia,Lower middle income,2010,,4.73612356896116
BGD,BD,Bangladesh,South Asia,Lower middle income,2011,1.9042059394074,5.06419768574573
BGD,BD,Bangladesh,South Asia,Lower middle income,2012,6.72327958982541,5.34333265873128
BGD,BD,Bangladesh,South Asia,Lower middle income,2013,4.84439636539415,5.98869390231374
BGD,BD,Bangladesh,South Asia,Lower middle income,2014,9.36516719804562,6.88586627746747
BGD,BD,Bangladesh,South Asia,Lower middle income,2015,8.39790781352824,5.51264431590567
BGD,BD,Bangladesh,South Asia,Lower middle income,2016,8.8585217562526,-13.6421356407859
BGD,BD,Bangladesh,South Asia,Lower middle income,2017,8.89566055291347,4.27653989369391
BGD,BD,Bangladesh,South Asia,Lower middle income,2018,9.88732966644866,3.63430365848224
BGD,BD,Bangladesh,South Asia,Lower middle income,2019,8.90213335235846,5.68956371493223
BGD,BD,Bangladesh,South Asia,Lower middle income,2020,7.73754873370445,4.2891862514626
BGD,BD,Bangladesh,South Asia,Lower middle income,2021,7.96907960398036,3.07621573507077
BGD,BD,Bangladesh,South Asia,Lower middle income,2022,8.72436040117116,1.9724805729144
BGD,BD,Bangladesh,South Asia,Lower middle income,2023,9.56912775275672,0.629461237622801
BGD,BD,Bangladesh,South Asia,Lower middle income,2024,18.9607821141026,2.77841137840799
BGR,BG,Bulgaria,Europe & Central Asia,High income,2000,,3.690147501032
BGR,BG,Bulgaria,Europe & Central Asia,High income,2001,,4.7052041755943
BGR,BG,Bulgaria,Europe & Central Asia,High income,2002,,5.16085845828797
BGR,BG,Bulgaria,Europe & Central Asia,High income,2003,,6.2178125646102
BGR,BG,Bulgaria,Europe & Central Asia,High income,2004,,3.11585855631909
BGR,BG,Bulgaria,Europe & Central Asia,High income,2005,,1.9388710542049
BGR,BG,Bulgaria,Europe & Central Asia,High income,2006,,2.00085356552244
BGR,BG,Bulgaria,Europe & Central Asia,High income,2007,,-0.948791280353208
BGR,BG,Bulgaria,Europe & Central Asia,High income,2008,2.40390652919767,2.55122475901319
BGR,BG,Bulgaria,Europe & Central Asia,High income,2009,6.42293385932724,7.11671087763939
BGR,BG,Bulgaria,Europe & Central Asia,High income,2010,11.9177087634193,10.3015186628836
BGR,BG,Bulgaria,Europe & Central Asia,High income,2011,14.9736139565097,4.25644102571491
BGR,BG,Bulgaria,Europe & Central Asia,High income,2012,16.6263209293068,8.50741994573487
BGR,BG,Bulgaria,Europe & Central Asia,High income,2013,16.8785208328338,8.96499991047435
BGR,BG,Bulgaria,Europe & Central Asia,High income,2014,16.7465294214345,6.83027620194103
BGR,BG,Bulgaria,Europe & Central Asia,High income,2015,14.612050861519,4.3722444268298
BGR,BG,Bulgaria,Europe & Central Asia,High income,2016,13.1730655335127,2.97072401604198
BGR,BG,Bulgaria,Europe & Central Asia,High income,2017,10.4344534162519,0.597669739835009
BGR,BG,Bulgaria,Europe & Central Asia,High income,2018,7.80156177334956,0.698365071914759
BGR,BG,Bulgaria,Europe & Central Asia,High income,2019,6.62129943689451,-0.696634442097631
BGR,BG,Bulgaria,Europe & Central Asia,High income,2020,5.79835202186254,-0.0127211094254676
BGR,BG,Bulgaria,Europe & Central Asia,High income,2021,5.94059438427244,-2.6643172436174
BGR,BG,Bulgaria,Europe & Central Asia,High income,2022,4.5273315980334,-10.5009181580769
BGR,BG,Bulgaria,Europe & Central Asia,High income,2023,3.61815842974246,-3.30310621827135
BGR,BG,Bulgaria,Europe & Central Asia,High income,2024,3.17386305040232,-2.48912969459128
BHR,BH,Bahrain,"Middle East, North Africa, Afghanistan & Pakistan",High income,2000,,-2.3789073277779
BHR,BH,Bahrain,"Middle East, North Africa, Afghanistan & Pakistan",High income,2001,,14.5455953860328
BHR,BH,Bahrain,"Middle East, North Africa, Afghanistan & Pakistan",High income,2002,,4.82736149717816
BHR,BH,Bahrain,"Middle East, North Africa, Afghanistan & Pakistan",High income,2003,,-0.283027999411548
BHR,BH,Bahrain,"Middle East, North Africa, Afghanistan & Pakistan",High income,2004,,-2.78109216290479
BHR,BH,Bahrain,"Middle East, North Africa, Afghanistan & Pakistan",High income,2005,,-5.19902968703039
BHR,BH,Bahrain,"Middle East, North Africa, Afghanistan & Pakistan",High income,2006,,-0.796746124416999
BHR,BH,Bahrain,"Middle East, North Africa, Afghanistan & Pakistan",High income,2007,,-0.156119504455016
BHR,BH,Bahrain,"Middle East, North Africa, Afghanistan & Pakistan",High income,2008,,-2.82101965375419
BHR,BH,Bahrain,"Middle East, North Africa, Afghanistan & Pakistan",High income,2009,,24.0619674381792
BHR,BH,Bahrain,"Middle East, North Africa, Afghanistan & Pakistan",High income,2010,,-4.2492460256505
BHR,BH,Bahrain,"Middle East, North Africa, Afghanistan & Pakistan",High income,2011,,-2.46162141459636
BHR,BH,Bahrain,"Middle East, North Africa, Afghanistan & Pakistan",High income,2012,,3.01266280675138
BHR,BH,Bahrain,"Middle East, North Africa, Afghanistan & Pakistan",High income,2013,,5.40813959591411
BHR,BH,Bahrain,"Middle East, North Africa, Afghanistan & Pakistan",High income,2014,,7.41558701492672
BHR,BH,Bahrain,"Middle East, North Africa, Afghanistan & Pakistan",High income,2015,,15.2531776895774
BHR,BH,Bahrain,"Middle East, North Africa, Afghanistan & Pakistan",High income,2016,,
BHR,BH,Bahrain,"Middle East, North Africa, Afghanistan & Pakistan",High income,2017,,
BHR,BH,Bahrain,"Middle East, North Africa, Afghanistan & Pakistan",High income,2018,,
BHR,BH,Bahrain,"Middle East, North Africa, Afghanistan & Pakistan",High income,2019,,
BHR,BH,Bahrain,"Middle East, North Africa, Afghanistan & Pakistan",High income,2020,,
BHR,BH,Bahrain,"Middle East, North Africa, Afghanistan & Pakistan",High income,2021,,
BHR,BH,Bahrain,"Middle East, North Africa, Afghanistan & Pakistan",High income,2022,,
BHR,BH,Bahrain,"Middle East, North Africa, Afghanistan & Pakistan",High income,2023,,
BHR,BH,Bahrain,"Middle East, North Africa, Afghanistan & Pakistan",High income,2024,,
BHS,BS,"Bahamas, The",Latin America & Caribbean,High income,2000,,5.03087234206615
BHS,BS,"Bahamas, The",Latin America & Caribbean,High income,2001,,5.62697758445409
BHS,BS,"Bahamas, The",Latin America & Caribbean,High income,2002,,1.96182798147075
BHS,BS,"Bahamas, The",Latin America & Caribbean,High income,2003,,4.789804496847
BHS,BS,"Bahamas, The",Latin America & Caribbean,High income,2004,,4.74826080657444
BHS,BS,"Bahamas, The",Latin America & Caribbean,High income,2005,,0.46228509494855
BHS,BS,"Bahamas, The",Latin America & Caribbean,High income,2006,,4.63343166601008
BHS,BS,"Bahamas, The",Latin America & Caribbean,High income,2007,,2.47895542968892
BHS,BS,"Bahamas, The",Latin America & Caribbean,High income,2008,,3.95255121214989
BHS,BS,"Bahamas, The",Latin America & Caribbean,High income,2009,,6.60483148728574
BHS,BS,"Bahamas, The",Latin America & Caribbean,High income,2010,,5.91578891584344
BHS,BS,"Bahamas, The",Latin America & Caribbean,High income,2011,,5.9723845342931
BHS,BS,"Bahamas, The",Latin America & Caribbean,High income,2012,,2.84696532957625
BHS,BS,"Bahamas, The",Latin America & Caribbean,High income,2013,,4.13155190987451
BHS,BS,"Bahamas, The",Latin America & Caribbean,High income,2014,,0.327158441117361
BHS,BS,"Bahamas, The",Latin America & Caribbean,High income,2015,,-0.44783307907438
BHS,BS,"Bahamas, The",Latin America & Caribbean,High income,2016,,3.16121095577698
BHS,BS,"Bahamas, The",Latin America & Caribbean,High income,2017,,2.86428153021585
BHS,BS,"Bahamas, The",Latin America & Caribbean,High income,2018,,3.64959861011263
BHS,BS,"Bahamas, The",Latin America & Caribbean,High income,2019,,-0.188692852300977
BHS,BS,"Bahamas, The",Latin America & Caribbean,High income,2020,,6.73004999145496
BHS,BS,"Bahamas, The",Latin America & Caribbean,High income,2021,,5.53774565438392
BHS,BS,"Bahamas, The",Latin America & Caribbean,High income,2022,,0.120846425529061
BHS,BS,"Bahamas, The",Latin America & Caribbean,High income,2023,,-2.24129307858973
BHS,BS,"Bahamas, The",Latin America & Caribbean,High income,2024,,3.95018544385138
BIH,BA,Bosnia and Herzegovina,Europe & Central Asia,Upper middle income,2000,21.2159648335049,
BIH,BA,Bosnia and Herzegovina,Europe & Central Asia,Upper middle income,2001,17.9071007297324,
BIH,BA,Bosnia and Herzegovina,Europe & Central Asia,Upper middle income,2002,11.0172196258193,7.32132201959304
BIH,BA,Bosnia and Herzegovina,Europe & Central Asia,Upper middle income,2003,8.38582572565641,9.32753797012934
BIH,BA,Bosnia and Herzegovina,Europe & Central Asia,Upper middle income,2004,6.07354427319199,7.9478696979064
BIH,BA,Bosnia and Herzegovina,Europe & Central Asia,Upper middle income,2005,5.27560000618113,3.22395521222415
BIH,BA,Bosnia and Herzegovina,Europe & Central Asia,Upper middle income,2006,3.99876150251154,0.198551451909395
BIH,BA,Bosnia and Herzegovina,Europe & Central Asia,Upper middle income,2007,3.01859191826486,0.919932443791068
BIH,BA,Bosnia and Herzegovina,Europe & Central Asia,Upper middle income,2008,3.09119803439691,-0.334494227707475
BIH,BA,Bosnia and Herzegovina,Europe & Central Asia,Upper middle income,2009,5.8712072518763,7.73269234983553
BIH,BA,Bosnia and Herzegovina,Europe & Central Asia,Upper middle income,2010,11.4217821753759,6.39214485485005
BIH,BA,Bosnia and Herzegovina,Europe & Central Asia,Upper middle income,2011,11.7997140822193,4.88042163230985
BIH,BA,Bosnia and Herzegovina,Europe & Central Asia,Upper middle income,2012,13.4656882284517,6.48156391846798
BIH,BA,Bosnia and Herzegovina,Europe & Central Asia,Upper middle income,2013,15.1198478740683,7.2764764654592
BIH,BA,Bosnia and Herzegovina,Europe & Central Asia,Upper middle income,2014,14.1653123764986,5.58529714833357
BIH,BA,Bosnia and Herzegovina,Europe & Central Asia,Upper middle income,2015,13.7084158662801,4.33293428322326
BIH,BA,Bosnia and Herzegovina,Europe & Central Asia,Upper middle income,2016,11.7777190845963,3.85348058757262
BIH,BA,Bosnia and Herzegovina,Europe & Central Asia,Upper middle income,2017,10.0462751524632,2.55542160668591
BIH,BA,Bosnia and Herzegovina,Europe & Central Asia,Upper middle income,2018,8.77033547967657,0.972976455539963
BIH,BA,Bosnia and Herzegovina,Europe & Central Asia,Upper middle income,2019,7.41165705829786,0.794606852339012
BIH,BA,Bosnia and Herzegovina,Europe & Central Asia,Upper middle income,2020,6.12240215634337,3.00785628069859
BIH,BA,Bosnia and Herzegovina,Europe & Central Asia,Upper middle income,2021,5.77886406049306,-1.67836310343647
BIH,BA,Bosnia and Herzegovina,Europe & Central Asia,Upper middle income,2022,4.53846610334627,-7.55577265951001
BIH,BA,Bosnia and Herzegovina,Europe & Central Asia,Upper middle income,2023,3.81728314596027,-2.96361296899418
BIH,BA,Bosnia and Herzegovina,Europe & Central Asia,Upper middle income,2024,3.15224590018865,0.134017564459405
BLR,BY,Belarus,Europe & Central Asia,Upper middle income,2000,,-41.2295491112523
BLR,BY,Belarus,Europe & Central Asia,Upper middle income,2001,,-18.1401862241537
BLR,BY,Belarus,Europe & Central Asia,Upper middle income,2002,,-5.52846897733007
BLR,BY,Belarus,Europe & Central Asia,Upper middle income,2003,,-5.13471714620616
BLR,BY,Belarus,Europe & Central Asia,Upper middle income,2004,,-4.70086264766034
BLR,BY,Belarus,Europe & Central Asia,Upper middle income,2005,,-6.39967134874551
BLR,BY,Belarus,Europe & Central Asia,Upper middle income,2006,,-1.72187168837492
BLR,BY,Belarus,Europe & Central Asia,Upper middle income,2007,,-3.8075656431765
BLR,BY,Belarus,Europe & Central Asia,Upper middle income,2008,,-10.4472953481541
BLR,BY,Belarus,Europe & Central Asia,Upper middle income,2009,,2.2115757548072
BLR,BY,Belarus,Europe & Central Asia,Upper middle income,2010,3.54880427143014,-1.90734443709476
BLR,BY,Belarus,Europe & Central Asia,Upper middle income,2011,4.15959581162895,-33.4890247376893
BLR,BY,Belarus,Europe & Central Asia,Upper middle income,2012,5.50187400609007,-31.813210346091
BLR,BY,Belarus,Europe & Central Asia,Upper middle income,2013,4.44733135755543,-1.75623800416063
BLR,BY,Belarus,Europe & Central Asia,Upper middle income,2014,4.37130403366124,0.464553801650074
BLR,BY,Belarus,Europe & Central Asia,Upper middle income,2015,6.83494796382142,1.77624137896459
BLR,BY,Belarus,Europe & Central Asia,Upper middle income,2016,12.791174278387,5.59163350840924
BLR,BY,Belarus,Europe & Central Asia,Upper middle income,2017,12.8521944714263,0.953355735785373
BLR,BY,Belarus,Europe & Central Asia,Upper middle income,2018,5.01028623817549,-3.07064410474194
BLR,BY,Belarus,Europe & Central Asia,Upper middle income,2019,4.62787813876965,0.411085485073178
BLR,BY,Belarus,Europe & Central Asia,Upper middle income,2020,4.82924273960355,-2.54292948547577
BLR,BY,Belarus,Europe & Central Asia,Upper middle income,2021,5.29876920745631,-4.51680263394053
BLR,BY,Belarus,Europe & Central Asia,Upper middle income,2022,4.90922057569428,-1.88800246227371
BLR,BY,Belarus,Europe & Central Asia,Upper middle income,2023,5.04826148064429,1.77288530708884
BLR,BY,Belarus,Europe & Central Asia,Upper middle income,2024,2.97295771891541,-1.93923047929441
BLZ,BZ,Belize,Latin America & Caribbean,Upper middle income,2000,,14.3686867020506
BLZ,BZ,Belize,Latin America & Caribbean,Upper middle income,2001,,17.712586030337
BLZ,BZ,Belize,Latin America & Caribbean,Upper middle income,2002,,14.0414110742633
BLZ,BZ,Belize,Latin America & Caribbean,Upper middle income,2003,,19.2271079636794
BLZ,BZ,Belize,Latin America & Caribbean,Upper middle income,2004,,11.5510878768315
BLZ,BZ,Belize,Latin America & Caribbean,Upper middle income,2005,,10.9207893701168
BLZ,BZ,Belize,Latin America & Caribbean,Upper middle income,2006,,10.6436901190593
BLZ,BZ,Belize,Latin America & Caribbean,Upper middle income,2007,,10.1374154370036
BLZ,BZ,Belize,Latin America & Caribbean,Upper middle income,2008,,10.1994047724851
BLZ,BZ,Belize,Latin America & Caribbean,Upper middle income,2009,,16.9657896052259
BLZ,BZ,Belize,Latin America & Caribbean,Upper middle income,2010,,11.4708938185105
BLZ,BZ,Belize,Latin America & Caribbean,Upper middle income,2011,,8.11082138544437
BLZ,BZ,Belize,Latin America & Caribbean,Upper middle income,2012,,11.6624405372763
BLZ,BZ,Belize,Latin America & Caribbean,Upper middle income,2013,,9.36812182964202
BLZ,BZ,Belize,Latin America & Caribbean,Upper middle income,2014,,9.58641090069754
BLZ,BZ,Belize,Latin America & Caribbean,Upper middle income,2015,,10.5299497894002
BLZ,BZ,Belize,Latin America & Caribbean,Upper middle income,2016,,7.5396893323002
BLZ,BZ,Belize,Latin America & Caribbean,Upper middle income,2017,5.97259756590607,6.20279119738071
BLZ,BZ,Belize,Latin America & Caribbean,Upper middle income,2018,6.47964166716173,9.05492755163392
BLZ,BZ,Belize,Latin America & Caribbean,Upper middle income,2019,5.08095676429897,9.15960947173287
BLZ,BZ,Belize,Latin America & Caribbean,Upper middle income,2020,6.53899076768011,9.36606522708544
BLZ,BZ,Belize,Latin America & Caribbean,Upper middle income,2021,3.91409090864828,7.85713206729615
BLZ,BZ,Belize,Latin America & Caribbean,Upper middle income,2022,4.88992948520089,1.15264503343042
BLZ,BZ,Belize,Latin America & Caribbean,Upper middle income,2023,3.94447522875082,1.63354849977459
BLZ,BZ,Belize,Latin America & Caribbean,Upper middle income,2024,3.13879350580091,6.91843305520634
BMU,BM,Bermuda,North America,High income,2000,,
BMU,BM,Bermuda,North America,High income,2001,,
BMU,BM,Bermuda,North America,High income,2002,,
BMU,BM,Bermuda,North America,High income,2003,,
BMU,BM,Bermuda,North America,High income,2004,,
BMU,BM,Bermuda,North America,High income,2005,,
BMU,BM,Bermuda,North America,High income,2006,,
BMU,BM,Bermuda,North America,High income,2007,,
BMU,BM,Bermuda,North America,High income,2008,,
BMU,BM,Bermuda,North America,High income,2009,,
BMU,BM,Bermuda,North America,High income,2010,,
BMU,BM,Bermuda,North America,High income,2011,,
BMU,BM,Bermuda,North America,High income,2012,,
BMU,BM,Bermuda,North America,High income,2013,,
BMU,BM,Bermuda,North America,High income,2014,,
BMU,BM,Bermuda,North America,High income,2015,,
BMU,BM,Bermuda,North America,High income,2016,,
BMU,BM,Bermuda,North America,High income,2017,,
BMU,BM,Bermuda,North America,High income,2018,,
BMU,BM,Bermuda,North America,High income,2019,,
BMU,BM,Bermuda,North America,High income,2020,,
BMU,BM,Bermuda,North America,High income,2021,,
BMU,BM,Bermuda,North America,High income,2022,,
BMU,BM,Bermuda,North America,High income,2023,,
BMU,BM,Bermuda,North America,High income,2024,,
BOL,BO,Bolivia,Latin America & Caribbean,Lower middle income,2000,,27.9483957258988
BOL,BO,Bolivia,Latin America & Caribbean,Lower middle income,2001,,17.8530979335933
BOL,BO,Bolivia,Latin America & Caribbean,Lower middle income,2002,,17.3230579402762
BOL,BO,Bolivia,Latin America & Caribbean,Lower middle income,2003,,10.6586076797677
BOL,BO,Bolivia,Latin America & Caribbean,Lower middle income,2004,,6.0223319131185
BOL,BO,Bolivia,Latin America & Caribbean,Lower middle income,2005,,10.07566894421
BOL,BO,Bolivia,Latin America & Caribbean,Lower middle income,2006,,-1.55933384168675
BOL,BO,Bolivia,Latin America & Caribbean,Lower middle income,2007,,5.11062964511727
BOL,BO,Bolivia,Latin America & Caribbean,Lower middle income,2008,,3.16372004564254
BOL,BO,Bolivia,Latin America & Caribbean,Lower middle income,2009,,15.1460374391763
BOL,BO,Bolivia,Latin America & Caribbean,Lower middle income,2010,2.14098016078258,1.04104152742767
BOL,BO,Bolivia,Latin America & Caribbean,Lower middle income,2011,1.64499555407419,-3.21717813997109
BOL,BO,Bolivia,Latin America & Caribbean,Lower middle income,2012,1.45359977173878,3.76719141211362
BOL,BO,Bolivia,Latin America & Caribbean,Lower middle income,2013,1.48473224456688,4.77002912612612
BOL,BO,Bolivia,Latin America & Caribbean,Lower middle income,2014,1.50237950472032,7.49119853157433
BOL,BO,Bolivia,Latin America & Caribbean,Lower middle income,2015,1.4999286115373,13.3088029084627
BOL,BO,Bolivia,Latin America & Caribbean,Lower middle income,2016,1.5769576006293,9.43472496094199
BOL,BO,Bolivia,Latin America & Caribbean,Lower middle income,2017,1.70243077885889,-16.7532693505864
BOL,BO,Bolivia,Latin America & Caribbean,Lower middle income,2018,1.73167776169038,5.42778018252471
BOL,BO,Bolivia,Latin America & Caribbean,Lower middle income,2019,1.86600368568284,8.59146406007209
BOL,BO,Bolivia,Latin America & Caribbean,Lower middle income,2020,1.50757622452981,8.87150552672699
BOL,BO,Bolivia,Latin America & Caribbean,Lower middle income,2021,1.54166114935142,5.03808285038352
BOL,BO,Bolivia,Latin America & Caribbean,Lower middle income,2022,2.13317781172803,5.04331357723288
BOL,BO,Bolivia,Latin America & Caribbean,Lower middle income,2023,2.85427150819813,8.48083667558092
BOL,BO,Bolivia,Latin America & Caribbean,Lower middle income,2024,3.14423403670722,2.60077611054795
BRA,BR,Brazil,Latin America & Caribbean,Upper middle income,2000,,48.5047281998625
BRA,BR,Brazil,Latin America & Caribbean,Upper middle income,2001,,45.6378187103224
BRA,BR,Brazil,Latin America & Caribbean,Upper middle income,2002,,48.3404374454115
BRA,BR,Brazil,Latin America & Caribbean,Upper middle income,2003,,46.4473988425047
BRA,BR,Brazil,Latin America & Caribbean,Upper middle income,2004,,43.7791527165785
BRA,BR,Brazil,Latin America & Caribbean,Upper middle income,2005,3.52553179140661,44.6351688571973
BRA,BR,Brazil,Latin America & Caribbean,Upper middle income,2006,3.46066404520993,41.2403264943498
BRA,BR,Brazil,Latin America & Caribbean,Upper middle income,2007,2.98260391267765,35.0225154458254
BRA,BR,Brazil,Latin America & Caribbean,Upper middle income,2008,3.10639256827815,35.3667577909041
BRA,BR,Brazil,Latin America & Caribbean,Upper middle income,2009,4.2149946970135,34.7920096363809
BRA,BR,Brazil,Latin America & Caribbean,Upper middle income,2010,3.10772417173934,29.1158055203632
BRA,BR,Brazil,Latin America & Caribbean,Upper middle income,2011,3.46686409051456,32.8334595030087
BRA,BR,Brazil,Latin America & Caribbean,Upper middle income,2012,3.44682339262827,26.5820905384107
BRA,BR,Brazil,Latin America & Caribbean,Upper middle income,2013,2.85728229301093,18.4988444156891
BRA,BR,Brazil,Latin America & Caribbean,Upper middle income,2014,2.25174733022776,22.4036724322518
BRA,BR,Brazil,Latin America & Caribbean,Upper middle income,2015,2.84649627717535,33.8323439727974
BRA,BR,Brazil,Latin America & Caribbean,Upper middle income,2016,3.08157613195282,40.6983614262467
BRA,BR,Brazil,Latin America & Caribbean,Upper middle income,2017,2.8789163660392,41.7138078856955
BRA,BR,Brazil,Latin America & Caribbean,Upper middle income,2018,2.59786426236426,33.1023342519639
BRA,BR,Brazil,Latin America & Caribbean,Upper middle income,2019,2.65554756569736,31.9030727578921
BRA,BR,Brazil,Latin America & Caribbean,Upper middle income,2020,1.86754766697946,21.1971796692944
BRA,BR,Brazil,Latin America & Caribbean,Upper middle income,2021,2.07937608671227,15.0108849841429
BRA,BR,Brazil,Latin America & Caribbean,Upper middle income,2022,2.64123318576758,28.3960928177676
BRA,BR,Brazil,Latin America & Caribbean,Upper middle income,2023,2.84264311217319,36.5544706219779
BRA,BR,Brazil,Latin America & Caribbean,Upper middle income,2024,2.71543100107416,34.7285151434598
BRB,BB,Barbados,Latin America & Caribbean,High income,2000,,11.6646434828944
BRB,BB,Barbados,Latin America & Caribbean,High income,2001,,7.16631583936282
BRB,BB,Barbados,Latin America & Caribbean,High income,2002,,7.52383820496949
BRB,BB,Barbados,Latin America & Caribbean,High income,2003,,7.30263997211875
BRB,BB,Barbados,Latin America & Caribbean,High income,2004,,2.36722319352973
BRB,BB,Barbados,Latin America & Caribbean,High income,2005,,2.34273449228062
BRB,BB,Barbados,Latin America & Caribbean,High income,2006,,5.95150156501302
BRB,BB,Barbados,Latin America & Caribbean,High income,2007,,1.97590209488817
BRB,BB,Barbados,Latin America & Caribbean,High income,2008,,8.08039037500432
BRB,BB,Barbados,Latin America & Caribbean,High income,2009,,11.2395216926769
BRB,BB,Barbados,Latin America & Caribbean,High income,2010,,-17.7872660575411
BRB,BB,Barbados,Latin America & Caribbean,High income,2011,,5.99366789447121
BRB,BB,Barbados,Latin America & Caribbean,High income,2012,,7.06881700134029
BRB,BB,Barbados,Latin America & Caribbean,High income,2013,,5.57264454720621
BRB,BB,Barbados,Latin America & Caribbean,High income,2014,,8.78091352170305
BRB,BB,Barbados,Latin America & Caribbean,High income,2015,,6.94656938953455
BRB,BB,Barbados,Latin America & Caribbean,High income,2016,6.96400781501594,9.97762941326483
BRB,BB,Barbados,Latin America & Caribbean,High income,2017,5.87943703817499,5.6261188941108
BRB,BB,Barbados,Latin America & Caribbean,High income,2018,6.48249123880553,5.01686688453159
BRB,BB,Barbados,Latin America & Caribbean,High income,2019,6.08104172360757,5.40179042829334
BRB,BB,Barbados,Latin America & Caribbean,High income,2020,6.71477134227157,1.8526647339049
BRB,BB,Barbados,Latin America & Caribbean,High income,2021,7.24350599907193,6.00993160090646
BRB,BB,Barbados,Latin America & Caribbean,High income,2022,5.84432561996588,8.21987293200883
BRB,BB,Barbados,Latin America & Caribbean,High income,2023,,
BRB,BB,Barbados,Latin America & Caribbean,High income,2024,,
BRN,BN,Brunei Darussalam,East Asia & Pacific,High income,2000,,3.0507709785605
BRN,BN,Brunei Darussalam,East Asia & Pacific,High income,2001,,11.0211402105211
BRN,BN,Brunei Darussalam,East Asia & Pacific,High income,2002,,5.64302408906322
BRN,BN,Brunei Darussalam,East Asia & Pacific,High income,2003,,-0.76189501480855
BRN,BN,Brunei Darussalam,East Asia & Pacific,High income,2004,,-9.47465919647903
BRN,BN,Brunei Darussalam,East Asia & Pacific,High income,2005,,-12.450760317229
BRN,BN,Brunei Darussalam,East Asia & Pacific,High income,2006,,-4.04236494665693
BRN,BN,Brunei Darussalam,East Asia & Pacific,High income,2007,,0.767082535354027
BRN,BN,Brunei Darussalam,East Asia & Pacific,High income,2008,,-9.06800368287673
BRN,BN,Brunei Darussalam,East Asia & Pacific,High income,2009,,34.805790292472
BRN,BN,Brunei Darussalam,East Asia & Pacific,High income,2010,6.86702975926534,0.495246548770843
BRN,BN,Brunei Darussalam,East Asia & Pacific,High income,2011,6.03201397638731,-12.2155723237545
BRN,BN,Brunei Darussalam,East Asia & Pacific,High income,2012,5.37615761868223,4.22815370059819
BRN,BN,Brunei Darussalam,East Asia & Pacific,High income,2013,4.52530200889505,8.56533104131138
BRN,BN,Brunei Darussalam,East Asia & Pacific,High income,2014,3.85059424062381,7.48417427891579
BRN,BN,Brunei Darussalam,East Asia & Pacific,High income,2015,3.99835180405115,28.0537838209295
BRN,BN,Brunei Darussalam,East Asia & Pacific,High income,2016,4.7488988110068,16.1504061347444
BRN,BN,Brunei Darussalam,East Asia & Pacific,High income,2017,3.66101354771918,0.519012853488807
BRN,BN,Brunei Darussalam,East Asia & Pacific,High income,2018,3.92063262802426,-3.40209999333066
BRN,BN,Brunei Darussalam,East Asia & Pacific,High income,2019,3.89949874723607,9.13837621574081
BRN,BN,Brunei Darussalam,East Asia & Pacific,High income,2020,3.8727769630135,18.3581443058536
BRN,BN,Brunei Darussalam,East Asia & Pacific,High income,2021,3.11444658852587,-8.63105577046672
BRN,BN,Brunei Darussalam,East Asia & Pacific,High income,2022,2.81875346844338,-15.0814717318586
BRN,BN,Brunei Darussalam,East Asia & Pacific,High income,2023,,21.0518338115171
BRN,BN,Brunei Darussalam,East Asia & Pacific,High income,2024,,8.58680341460459
BTN,BT,Bhutan,South Asia,Lower middle income,2000,,-0.452380923380808
BTN,BT,Bhutan,South Asia,Lower middle income,2001,,9.98395912429192
BTN,BT,Bhutan,South Asia,Lower middle income,2002,,9.78759245809079
BTN,BT,Bhutan,South Asia,Lower middle income,2003,,11.158765783946
BTN,BT,Bhutan,South Asia,Lower middle income,2004,,10.2103871479367
BTN,BT,Bhutan,South Asia,Lower middle income,2005,,7.53273636326834
BTN,BT,Bhutan,South Asia,Lower middle income,2006,,6.96680039207906
BTN,BT,Bhutan,South Asia,Lower middle income,2007,,8.89481722872429
BTN,BT,Bhutan,South Asia,Lower middle income,2008,,7.81013552158555
BTN,BT,Bhutan,South Asia,Lower middle income,2009,,8.93079338586161
BTN,BT,Bhutan,South Asia,Lower middle income,2010,5.21442892752605,5.16003045502489
BTN,BT,Bhutan,South Asia,Lower middle income,2011,3.92487971293095,4.7022266677534
BTN,BT,Bhutan,South Asia,Lower middle income,2012,5.45153266771975,4.93682331091909
BTN,BT,Bhutan,South Asia,Lower middle income,2013,6.97587050610785,7.41622267650341
BTN,BT,Bhutan,South Asia,Lower middle income,2014,6.75453798371645,7.85338265465553
BTN,BT,Bhutan,South Asia,Lower middle income,2015,6.60035135986288,11.3226250142996
BTN,BT,Bhutan,South Asia,Lower middle income,2016,7.18904732657744,9.70801781192437
BTN,BT,Bhutan,South Asia,Lower middle income,2017,8.42093855066563,9.48768641129794
BTN,BT,Bhutan,South Asia,Lower middle income,2018,7.03307485407494,12.7029437863627
BTN,BT,Bhutan,South Asia,Lower middle income,2019,8.45073446760821,10.5636718210355
BTN,BT,Bhutan,South Asia,Lower middle income,2020,11.6947136976512,8.27509066810173
BTN,BT,Bhutan,South Asia,Lower middle income,2021,6.73771086892548,5.92037924542768
BTN,BT,Bhutan,South Asia,Lower middle income,2022,2.98322457252721,7.75571252215728
BTN,BT,Bhutan,South Asia,Lower middle income,2023,2.37931186892763,7.53461266687857
BTN,BT,Bhutan,South Asia,Lower middle income,2024,2.22229892645332,5.61175535020597
BWA,BW,Botswana,Sub-Saharan Africa,Upper middle income,2000,,1.14582523705707
BWA,BW,Botswana,Sub-Saharan Africa,Upper middle income,2001,,6.86638447526455
BWA,BW,Botswana,Sub-Saharan Africa,Upper middle income,2002,,14.8447010075106
BWA,BW,Botswana,Sub-Saharan Africa,Upper middle income,2003,,12.7261593572254
BWA,BW,Botswana,Sub-Saharan Africa,Upper middle income,2004,,5.15195653567252
BWA,BW,Botswana,Sub-Saharan Africa,Upper middle income,2005,,0.230180568544681
BWA,BW,Botswana,Sub-Saharan Africa,Upper middle income,2006,,10.7498451318936
BWA,BW,Botswana,Sub-Saharan Africa,Upper middle income,2007,,9.60660136551935
BWA,BW,Botswana,Sub-Saharan Africa,Upper middle income,2008,,6.55459216778824
BWA,BW,Botswana,Sub-Saharan Africa,Upper middle income,2009,,-1.17567655612691
BWA,BW,Botswana,Sub-Saharan Africa,Upper middle income,2010,,3.50357416793179
BWA,BW,Botswana,Sub-Saharan Africa,Upper middle income,2011,,-1.46772898222052
BWA,BW,Botswana,Sub-Saharan Africa,Upper middle income,2012,2.62060809323672,7.75464918864852
BWA,BW,Botswana,Sub-Saharan Africa,Upper middle income,2013,3.61343005876294,8.52655756891593
BWA,BW,Botswana,Sub-Saharan Africa,Upper middle income,2014,3.54945490277661,-0.548849802276951
BWA,BW,Botswana,Sub-Saharan Africa,Upper middle income,2015,3.73435725456301,4.06794726851608
BWA,BW,Botswana,Sub-Saharan Africa,Upper middle income,2016,4.85264133334105,-4.1150214814034
BWA,BW,Botswana,Sub-Saharan Africa,Upper middle income,2017,5.27690301416438,9.78420819148485
BWA,BW,Botswana,Sub-Saharan Africa,Upper middle income,2018,5.42631923935425,6.43973181618842
BWA,BW,Botswana,Sub-Saharan Africa,Upper middle income,2019,4.7879742073813,5.85806999647771
BWA,BW,Botswana,Sub-Saharan Africa,Upper middle income,2020,4.32343937171923,1.31361186880118
BWA,BW,Botswana,Sub-Saharan Africa,Upper middle income,2021,4.23890186153302,-2.8893700522839
BWA,BW,Botswana,Sub-Saharan Africa,Upper middle income,2022,3.7521160274772,-7.40320076859221
BWA,BW,Botswana,Sub-Saharan Africa,Upper middle income,2023,3.66840873939199,4.90145189560216
BWA,BW,Botswana,Sub-Saharan Africa,Upper middle income,2024,3.44461386537501,4.24323405651064
CAF,CF,Central African Republic,Sub-Saharan Africa,Low income,2000,,
CAF,CF,Central African Republic,Sub-Saharan Africa,Low income,2001,,
CAF,CF,Central African Republic,Sub-Saharan Africa,Low income,2002,,
CAF,CF,Central African Republic,Sub-Saharan Africa,Low income,2003,,
CAF,CF,Central African Republic,Sub-Saharan Africa,Low income,2004,,
CAF,CF,Central African Republic,Sub-Saharan Africa,Low income,2005,,
CAF,CF,Central African Republic,Sub-Saharan Africa,Low income,2006,,
CAF,CF,Central African Republic,Sub-Saharan Africa,Low income,2007,,
CAF,CF,Central African Republic,Sub-Saharan Africa,Low income,2008,,
CAF,CF,Central African Republic,Sub-Saharan Africa,Low income,2009,,
CAF,CF,Central African Republic,Sub-Saharan Africa,Low income,2010,12.638013591562,
CAF,CF,Central African Republic,Sub-Saharan Africa,Low income,2011,11.9962582990471,
CAF,CF,Central African Republic,Sub-Saharan Africa,Low income,2012,9.58298323972936,
CAF,CF,Central African Republic,Sub-Saharan Africa,Low income,2013,28.5015872065165,
CAF,CF,Central African Republic,Sub-Saharan Africa,Low income,2014,27.6621674747739,
CAF,CF,Central African Republic,Sub-Saharan Africa,Low income,2015,31.2598192585033,
CAF,CF,Central African Republic,Sub-Saharan Africa,Low income,2016,26.2047010070135,
CAF,CF,Central African Republic,Sub-Saharan Africa,Low income,2017,25.1314932281845,
CAF,CF,Central African Republic,Sub-Saharan Africa,Low income,2018,17.6386369565086,
CAF,CF,Central African Republic,Sub-Saharan Africa,Low income,2019,16.0635781639282,
CAF,CF,Central African Republic,Sub-Saharan Africa,Low income,2020,17.4533882746522,
CAF,CF,Central African Republic,Sub-Saharan Africa,Low income,2021,13.9378377234442,
CAF,CF,Central African Republic,Sub-Saharan Africa,Low income,2022,14.510900682669,
CAF,CF,Central African Republic,Sub-Saharan Africa,Low income,2023,16.2214322902641,
CAF,CF,Central African Republic,Sub-Saharan Africa,Low income,2024,,
CAN,CA,Canada,North America,High income,2000,,2.77554569831958
CAN,CA,Canada,North America,High income,2001,,4.17315131923916
CAN,CA,Canada,North America,High income,2002,,2.91399114577346
CAN,CA,Canada,North America,High income,2003,,1.39251832873691
CAN,CA,Canada,North America,High income,2004,,0.715870358321611
CAN,CA,Canada,North America,High income,2005,0.499517649324799,1.25995668688001
CAN,CA,Canada,North America,High income,2006,0.420325955427001,3.15988490874975
CAN,CA,Canada,North America,High income,2007,0.431596614050766,2.71610176779662
CAN,CA,Canada,North America,High income,2008,0.763250457412455,0.704445590117791
CAN,CA,Canada,North America,High income,2009,1.2668705581618,4.83317459873091
CAN,CA,Canada,North America,High income,2010,1.19245724160614,-0.237868736928105
CAN,CA,Canada,North America,High income,2011,0.844688790542747,-0.236919959474943
CAN,CA,Canada,North America,High income,2012,0.651152891186438,1.76101643007326
CAN,CA,Canada,North America,High income,2013,0.574918196148752,1.23807392530013
CAN,CA,Canada,North America,High income,2014,0.517878594833065,1.03779404633544
CAN,CA,Canada,North America,High income,2015,0.516596294246743,3.67453323922593
CAN,CA,Canada,North America,High income,2016,0.596050944805398,1.96890699902506
CAN,CA,Canada,North America,High income,2017,0.449461039885322,0.125617247961227
CAN,CA,Canada,North America,High income,2018,0.505214192405336,
CAN,CA,Canada,North America,High income,2019,0.503405461160356,
CAN,CA,Canada,North America,High income,2020,0.52681278365295,
CAN,CA,Canada,North America,High income,2021,0.376260029910392,
CAN,CA,Canada,North America,High income,2022,0.334331435857722,
CAN,CA,Canada,North America,High income,2023,0.454242517964679,
CAN,CA,Canada,North America,High income,2024,0.568690030721405,
CHE,CH,Switzerland,Europe & Central Asia,High income,2000,,
CHE,CH,Switzerland,Europe & Central Asia,High income,2001,,
CHE,CH,Switzerland,Europe & Central Asia,High income,2002,,
CHE,CH,Switzerland,Europe & Central Asia,High income,2003,,
CHE,CH,Switzerland,Europe & Central Asia,High income,2004,,
CHE,CH,Switzerland,Europe & Central Asia,High income,2005,1.23094696053995,
CHE,CH,Switzerland,Europe & Central Asia,High income,2006,0.907507444103247,
CHE,CH,Switzerland,Europe & Central Asia,High income,2007,0.742070155737349,
CHE,CH,Switzerland,Europe & Central Asia,High income,2008,0.886250842943545,1.96359125606545
CHE,CH,Switzerland,Europe & Central Asia,High income,2009,1.01055452256894,2.26495574321155
CHE,CH,Switzerland,Europe & Central Asia,High income,2010,0.84498358262328,2.2721239644022
CHE,CH,Switzerland,Europe & Central Asia,High income,2011,0.798863737604319,2.60936702034393
CHE,CH,Switzerland,Europe & Central Asia,High income,2012,0.764050251441169,2.48095242317555
CHE,CH,Switzerland,Europe & Central Asia,High income,2013,0.750862344440604,2.71978764632879
CHE,CH,Switzerland,Europe & Central Asia,High income,2014,0.702430455095102,3.31505001942823
CHE,CH,Switzerland,Europe & Central Asia,High income,2015,0.736258568730844,4.08070726428383
CHE,CH,Switzerland,Europe & Central Asia,High income,2016,0.72973105534565,3.27595503161714
CHE,CH,Switzerland,Europe & Central Asia,High income,2017,0.644092865487904,2.97244826605666
CHE,CH,Switzerland,Europe & Central Asia,High income,2018,0.668886023069019,1.86423333008114
CHE,CH,Switzerland,Europe & Central Asia,High income,2019,0.644681878171941,2.72572197763753
CHE,CH,Switzerland,Europe & Central Asia,High income,2020,0.754607674363497,3.42170770997997
CHE,CH,Switzerland,Europe & Central Asia,High income,2021,0.664684261351734,0.691676551914475
CHE,CH,Switzerland,Europe & Central Asia,High income,2022,0.685275122945014,-0.392594368577514
CHE,CH,Switzerland,Europe & Central Asia,High income,2023,0.758483325820007,1.91231932517749
CHE,CH,Switzerland,Europe & Central Asia,High income,2024,0.829135649016558,1.99106735882213
CHI,JG,Channel Islands,Europe & Central Asia,High income,2000,,
CHI,JG,Channel Islands,Europe & Central Asia,High income,2001,,
CHI,JG,Channel Islands,Europe & Central Asia,High income,2002,,
CHI,JG,Channel Islands,Europe & Central Asia,High income,2003,,
CHI,JG,Channel Islands,Europe & Central Asia,High income,2004,,
CHI,JG,Channel Islands,Europe & Central Asia,High income,2005,,
CHI,JG,Channel Islands,Europe & Central Asia,High income,2006,,
CHI,JG,Channel Islands,Europe & Central Asia,High income,2007,,
CHI,JG,Channel Islands,Europe & Central Asia,High income,2008,,
CHI,JG,Channel Islands,Europe & Central Asia,High income,2009,,
CHI,JG,Channel Islands,Europe & Central Asia,High income,2010,,
CHI,JG,Channel Islands,Europe & Central Asia,High income,2011,,
CHI,JG,Channel Islands,Europe & Central Asia,High income,2012,,
CHI,JG,Channel Islands,Europe & Central Asia,High income,2013,,
CHI,JG,Channel Islands,Europe & Central Asia,High income,2014,,
CHI,JG,Channel Islands,Europe & Central Asia,High income,2015,,
CHI,JG,Channel Islands,Europe & Central Asia,High income,2016,,
CHI,JG,Channel Islands,Europe & Central Asia,High income,2017,,
CHI,JG,Channel Islands,Europe & Central Asia,High income,2018,,
CHI,JG,Channel Islands,Europe & Central Asia,High income,2019,,
CHI,JG,Channel Islands,Europe & Central Asia,High income,2020,,
CHI,JG,Channel Islands,Europe & Central Asia,High income,2021,,
CHI,JG,Channel Islands,Europe & Central Asia,High income,2022,,
CHI,JG,Channel Islands,Europe & Central Asia,High income,2023,,
CHI,JG,Channel Islands,Europe & Central Asia,High income,2024,,
CHL,CL,Chile,Latin America & Caribbean,High income,2000,,9.83487325107741
CHL,CL,Chile,Latin America & Caribbean,High income,2001,1.61915877786992,7.30156423972341
CHL,CL,Chile,Latin America & Caribbean,High income,2002,1.82299683787379,4.27461224669902
CHL,CL,Chile,Latin America & Caribbean,High income,2003,1.63483787843427,1.80102821473996
CHL,CL,Chile,Latin America & Caribbean,High income,2004,1.20249750508306,-1.77319533208462
CHL,CL,Chile,Latin America & Caribbean,High income,2005,0.905289363028411,-0.413027483221685
CHL,CL,Chile,Latin America & Caribbean,High income,2006,0.748131241077717,-3.87220104358338
CHL,CL,Chile,Latin America & Caribbean,High income,2007,0.750701584683205,3.40902444709341
CHL,CL,Chile,Latin America & Caribbean,High income,2008,0.963982159718426,12.910470199151
CHL,CL,Chile,Latin America & Caribbean,High income,2009,2.87804131970691,3.54597211267265
CHL,CL,Chile,Latin America & Caribbean,High income,2010,2.64236372125984,-3.76879580128202
CHL,CL,Chile,Latin America & Caribbean,High income,2011,2.29689810626242,5.58745776542778
CHL,CL,Chile,Latin America & Caribbean,High income,2012,2.06521444417698,9.2233783422241
CHL,CL,Chile,Latin America & Caribbean,High income,2013,1.95980657852684,6.84632643680273
CHL,CL,Chile,Latin America & Caribbean,High income,2014,1.92055529368575,2.12102531001641
CHL,CL,Chile,Latin America & Caribbean,High income,2015,1.71974445235598,0.534100501734634
CHL,CL,Chile,Latin America & Caribbean,High income,2016,1.83263616219253,0.982913248021623
CHL,CL,Chile,Latin America & Caribbean,High income,2017,1.91636250925282,-0.262655305184403
CHL,CL,Chile,Latin America & Caribbean,High income,2018,1.8720146209385,2.54731216179179
CHL,CL,Chile,Latin America & Caribbean,High income,2019,2.05504919265993,
CHL,CL,Chile,Latin America & Caribbean,High income,2020,1.55298924761218,
CHL,CL,Chile,Latin America & Caribbean,High income,2021,1.22877234927757,
CHL,CL,Chile,Latin America & Caribbean,High income,2022,1.66548621052272,
CHL,CL,Chile,Latin America & Caribbean,High income,2023,2.10437903634883,
CHL,CL,Chile,Latin America & Caribbean,High income,2024,2.34248545083061,
CHN,CN,China,East Asia & Pacific,Upper middle income,2000,,3.66081179161702
CHN,CN,China,East Asia & Pacific,Upper middle income,2001,,3.57012659422974
CHN,CN,China,East Asia & Pacific,Upper middle income,2002,,4.63046407070193
CHN,CN,China,East Asia & Pacific,Upper middle income,2003,,2.59456449839418
CHN,CN,China,East Asia & Pacific,Upper middle income,2004,,-1.30997356284343
CHN,CN,China,East Asia & Pacific,Upper middle income,2005,,1.76079869323097
CHN,CN,China,East Asia & Pacific,Upper middle income,2006,,2.01992596667161
CHN,CN,China,East Asia & Pacific,Upper middle income,2007,,-0.410439106694471
CHN,CN,China,East Asia & Pacific,Upper middle income,2008,,-2.36239428334508
CHN,CN,China,East Asia & Pacific,Upper middle income,2009,,5.39966609090969
CHN,CN,China,East Asia & Pacific,Upper middle income,2010,1.13237045139299,-1.05008587192501
CHN,CN,China,East Asia & Pacific,Upper middle income,2011,0.961585528954036,-1.34736009365721
CHN,CN,China,East Asia & Pacific,Upper middle income,2012,0.953674330051852,3.51196421926532
CHN,CN,China,East Asia & Pacific,Upper middle income,2013,0.999702805112438,3.61856200335179
CHN,CN,China,East Asia & Pacific,Upper middle income,2014,1.24873335628106,4.45937542503393
CHN,CN,China,East Asia & Pacific,Upper middle income,2015,1.67388016445151,4.20973314897109
CHN,CN,China,East Asia & Pacific,Upper middle income,2016,1.74447934478824,2.82893835409996
CHN,CN,China,East Asia & Pacific,Upper middle income,2017,1.74435460635256,0.195831844025431
CHN,CN,China,East Asia & Pacific,Upper middle income,2018,1.83294883223349,0.853565072603339
CHN,CN,China,East Asia & Pacific,Upper middle income,2019,1.86175485330958,2.99400114142806
CHN,CN,China,East Asia & Pacific,Upper middle income,2020,1.83961969163289,3.79916555206627
CHN,CN,China,East Asia & Pacific,Upper middle income,2021,1.72739169215062,-0.118282146188387
CHN,CN,China,East Asia & Pacific,Upper middle income,2022,1.63239836873406,2.36955382500776
CHN,CN,China,East Asia & Pacific,Upper middle income,2023,1.59268926761592,4.88153902941754
CHN,CN,China,East Asia & Pacific,Upper middle income,2024,1.50455245481593,5.15344182022933
CIV,CI,Cote d'Ivoire,Sub-Saharan Africa,Lower middle income,2000,,
CIV,CI,Cote d'Ivoire,Sub-Saharan Africa,Lower middle income,2001,,
CIV,CI,Cote d'Ivoire,Sub-Saharan Africa,Lower middle income,2002,,
CIV,CI,Cote d'Ivoire,Sub-Saharan Africa,Lower middle income,2003,,
CIV,CI,Cote d'Ivoire,Sub-Saharan Africa,Lower middle income,2004,,
CIV,CI,Cote d'Ivoire,Sub-Saharan Africa,Lower middle income,2005,,5.76399145289527
CIV,CI,Cote d'Ivoire,Sub-Saharan Africa,Lower middle income,2006,,3.33183089135264
CIV,CI,Cote d'Ivoire,Sub-Saharan Africa,Lower middle income,2007,,1.61328996274159
CIV,CI,Cote d'Ivoire,Sub-Saharan Africa,Lower middle income,2008,,-0.368943717783127
CIV,CI,Cote d'Ivoire,Sub-Saharan Africa,Lower middle income,2009,,3.72473413500344
CIV,CI,Cote d'Ivoire,Sub-Saharan Africa,Lower middle income,2010,,3.54338989640227
CIV,CI,Cote d'Ivoire,Sub-Saharan Africa,Lower middle income,2011,,-0.428915663486719
CIV,CI,Cote d'Ivoire,Sub-Saharan Africa,Lower middle income,2012,,5.46535041885889
CIV,CI,Cote d'Ivoire,Sub-Saharan Africa,Lower middle income,2013,,2.34335749341271
CIV,CI,Cote d'Ivoire,Sub-Saharan Africa,Lower middle income,2014,,0.891700761437536
CIV,CI,Cote d'Ivoire,Sub-Saharan Africa,Lower middle income,2015,,0.361232955383729
CIV,CI,Cote d'Ivoire,Sub-Saharan Africa,Lower middle income,2016,,6.55213666931005
CIV,CI,Cote d'Ivoire,Sub-Saharan Africa,Lower middle income,2017,,
CIV,CI,Cote d'Ivoire,Sub-Saharan Africa,Lower middle income,2018,,
CIV,CI,Cote d'Ivoire,Sub-Saharan Africa,Lower middle income,2019,,
CIV,CI,Cote d'Ivoire,Sub-Saharan Africa,Lower middle income,2020,,
CIV,CI,Cote d'Ivoire,Sub-Saharan Africa,Lower middle income,2021,,
CIV,CI,Cote d'Ivoire,Sub-Saharan Africa,Lower middle income,2022,,
CIV,CI,Cote d'Ivoire,Sub-Saharan Africa,Lower middle income,2023,,
CIV,CI,Cote d'Ivoire,Sub-Saharan Africa,Lower middle income,2024,,
CMR,CM,Cameroon,Sub-Saharan Africa,Lower middle income,2000,,
CMR,CM,Cameroon,Sub-Saharan Africa,Lower middle income,2001,,
CMR,CM,Cameroon,Sub-Saharan Africa,Lower middle income,2002,,
CMR,CM,Cameroon,Sub-Saharan Africa,Lower middle income,2003,,
CMR,CM,Cameroon,Sub-Saharan Africa,Lower middle income,2004,,
CMR,CM,Cameroon,Sub-Saharan Africa,Lower middle income,2005,,
CMR,CM,Cameroon,Sub-Saharan Africa,Lower middle income,2006,,
CMR,CM,Cameroon,Sub-Saharan Africa,Lower middle income,2007,,
CMR,CM,Cameroon,Sub-Saharan Africa,Lower middle income,2008,,
CMR,CM,Cameroon,Sub-Saharan Africa,Lower middle income,2009,,
CMR,CM,Cameroon,Sub-Saharan Africa,Lower middle income,2010,10.1013484732753,
CMR,CM,Cameroon,Sub-Saharan Africa,Lower middle income,2011,11.4467110822484,
CMR,CM,Cameroon,Sub-Saharan Africa,Lower middle income,2012,11.5528007091671,
CMR,CM,Cameroon,Sub-Saharan Africa,Lower middle income,2013,10.2953314100547,
CMR,CM,Cameroon,Sub-Saharan Africa,Lower middle income,2014,9.7016869901582,
CMR,CM,Cameroon,Sub-Saharan Africa,Lower middle income,2015,12.2970549521794,
CMR,CM,Cameroon,Sub-Saharan Africa,Lower middle income,2016,13.5465466235614,
CMR,CM,Cameroon,Sub-Saharan Africa,Lower middle income,2017,12.4270657402459,
CMR,CM,Cameroon,Sub-Saharan Africa,Lower middle income,2018,14.8202941618677,
CMR,CM,Cameroon,Sub-Saharan Africa,Lower middle income,2019,14.7062901414394,
CMR,CM,Cameroon,Sub-Saharan Africa,Lower middle income,2020,15.7854866930612,
CMR,CM,Cameroon,Sub-Saharan Africa,Lower middle income,2021,14.0710328363883,
CMR,CM,Cameroon,Sub-Saharan Africa,Lower middle income,2022,13.0335434836112,
CMR,CM,Cameroon,Sub-Saharan Africa,Lower middle income,2023,12.8860295558918,
CMR,CM,Cameroon,Sub-Saharan Africa,Lower middle income,2024,,
COD,CD,"Congo, Dem. Rep.",Sub-Saharan Africa,Low income,2000,,
COD,CD,"Congo, Dem. Rep.",Sub-Saharan Africa,Low income,2001,,
COD,CD,"Congo, Dem. Rep.",Sub-Saharan Africa,Low income,2002,,
COD,CD,"Congo, Dem. Rep.",Sub-Saharan Africa,Low income,2003,,
COD,CD,"Congo, Dem. Rep.",Sub-Saharan Africa,Low income,2004,,
COD,CD,"Congo, Dem. Rep.",Sub-Saharan Africa,Low income,2005,,
COD,CD,"Congo, Dem. Rep.",Sub-Saharan Africa,Low income,2006,,26.8521672115927
COD,CD,"Congo, Dem. Rep.",Sub-Saharan Africa,Low income,2007,,21.8903380814453
COD,CD,"Congo, Dem. Rep.",Sub-Saharan Africa,Low income,2008,,14.9032107656253
COD,CD,"Congo, Dem. Rep.",Sub-Saharan Africa,Low income,2009,,40.277668404253
COD,CD,"Congo, Dem. Rep.",Sub-Saharan Africa,Low income,2010,,17.0332208447718
COD,CD,"Congo, Dem. Rep.",Sub-Saharan Africa,Low income,2011,,29.1369891124875
COD,CD,"Congo, Dem. Rep.",Sub-Saharan Africa,Low income,2012,,22.6407148874337
COD,CD,"Congo, Dem. Rep.",Sub-Saharan Africa,Low income,2013,,20.7527733040916
COD,CD,"Congo, Dem. Rep.",Sub-Saharan Africa,Low income,2014,,15.1552569123836
COD,CD,"Congo, Dem. Rep.",Sub-Saharan Africa,Low income,2015,,21.0913993029501
COD,CD,"Congo, Dem. Rep.",Sub-Saharan Africa,Low income,2016,,14.0221262627849
COD,CD,"Congo, Dem. Rep.",Sub-Saharan Africa,Low income,2017,,-10.7984290445672
COD,CD,"Congo, Dem. Rep.",Sub-Saharan Africa,Low income,2018,6.49461660400752,-3.92075875738656
COD,CD,"Congo, Dem. Rep.",Sub-Saharan Africa,Low income,2019,5.51099256747336,24.9897727890946
COD,CD,"Congo, Dem. Rep.",Sub-Saharan Africa,Low income,2020,7.69644698682478,13.3627121400414
COD,CD,"Congo, Dem. Rep.",Sub-Saharan Africa,Low income,2021,5.20175859787541,-3.52629476314924
COD,CD,"Congo, Dem. Rep.",Sub-Saharan Africa,Low income,2022,7.43429969657723,
COD,CD,"Congo, Dem. Rep.",Sub-Saharan Africa,Low income,2023,6.56280017814422,
COD,CD,"Congo, Dem. Rep.",Sub-Saharan Africa,Low income,2024,6.56787218163637,
COG,CG,"Congo, Rep.",Sub-Saharan Africa,Lower middle income,2000,,
COG,CG,"Congo, Rep.",Sub-Saharan Africa,Lower middle income,2001,,
COG,CG,"Congo, Rep.",Sub-Saharan Africa,Lower middle income,2002,,
COG,CG,"Congo, Rep.",Sub-Saharan Africa,Lower middle income,2003,,
COG,CG,"Congo, Rep.",Sub-Saharan Africa,Lower middle income,2004,,
COG,CG,"Congo, Rep.",Sub-Saharan Africa,Lower middle income,2005,,
COG,CG,"Congo, Rep.",Sub-Saharan Africa,Lower middle income,2006,,
COG,CG,"Congo, Rep.",Sub-Saharan Africa,Lower middle income,2007,,
COG,CG,"Congo, Rep.",Sub-Saharan Africa,Lower middle income,2008,,
COG,CG,"Congo, Rep.",Sub-Saharan Africa,Lower middle income,2009,,
COG,CG,"Congo, Rep.",Sub-Saharan Africa,Lower middle income,2010,0.964372338705331,
COG,CG,"Congo, Rep.",Sub-Saharan Africa,Lower middle income,2011,1.07808702532923,
COG,CG,"Congo, Rep.",Sub-Saharan Africa,Lower middle income,2012,1.51931505916018,
COG,CG,"Congo, Rep.",Sub-Saharan Africa,Lower middle income,2013,1.22487549179256,
COG,CG,"Congo, Rep.",Sub-Saharan Africa,Lower middle income,2014,2.50606339593933,
COG,CG,"Congo, Rep.",Sub-Saharan Africa,Lower middle income,2015,5.01373177844613,
COG,CG,"Congo, Rep.",Sub-Saharan Africa,Lower middle income,2016,8.01816705884771,
COG,CG,"Congo, Rep.",Sub-Saharan Africa,Lower middle income,2017,16.1856323709695,
COG,CG,"Congo, Rep.",Sub-Saharan Africa,Lower middle income,2018,22.5082054469901,
COG,CG,"Congo, Rep.",Sub-Saharan Africa,Lower middle income,2019,27.5398328198889,
COG,CG,"Congo, Rep.",Sub-Saharan Africa,Lower middle income,2020,21.0468326170321,
COG,CG,"Congo, Rep.",Sub-Saharan Africa,Lower middle income,2021,16.8549449073286,
COG,CG,"Congo, Rep.",Sub-Saharan Africa,Lower middle income,2022,16.8267116551663,
COG,CG,"Congo, Rep.",Sub-Saharan Africa,Lower middle income,2023,15.2215059695211,
COG,CG,"Congo, Rep.",Sub-Saharan Africa,Lower middle income,2024,,
COL,CO,Colombia,Latin America & Caribbean,Upper middle income,2000,,-11.1379559197299
COL,CO,Colombia,Latin America & Caribbean,Upper middle income,2001,,13.3324808386691
COL,CO,Colombia,Latin America & Caribbean,Upper middle income,2002,,9.7752049016707
COL,CO,Colombia,Latin America & Caribbean,Upper middle income,2003,,7.82379797773308
COL,CO,Colombia,Latin America & Caribbean,Upper middle income,2004,,7.27050966250744
COL,CO,Colombia,Latin America & Caribbean,Upper middle income,2005,2.74843383039405,9.36261382966907
COL,CO,Colombia,Latin America & Caribbean,Upper middle income,2006,2.65981848339105,6.69729597369364
COL,CO,Colombia,Latin America & Caribbean,Upper middle income,2007,3.22929327504344,9.67644438040687
COL,CO,Colombia,Latin America & Caribbean,Upper middle income,2008,3.93217828600417,8.82101697806751
COL,CO,Colombia,Latin America & Caribbean,Upper middle income,2009,4.01283835055224,8.59454735357297
COL,CO,Colombia,Latin America & Caribbean,Upper middle income,2010,2.86337656354999,5.3722240266131
COL,CO,Colombia,Latin America & Caribbean,Upper middle income,2011,2.49554384848147,4.54296484242239
COL,CO,Colombia,Latin America & Caribbean,Upper middle income,2012,2.758458591123,8.65535095377733
COL,CO,Colombia,Latin America & Caribbean,Upper middle income,2013,2.7753536292828,8.90797441037781
COL,CO,Colombia,Latin America & Caribbean,Upper middle income,2014,2.91526084121936,8.44294935194345
COL,CO,Colombia,Latin America & Caribbean,Upper middle income,2015,2.8476727881339,8.78547373201402
COL,CO,Colombia,Latin America & Caribbean,Upper middle income,2016,3.12453653608401,9.03209505722645
COL,CO,Colombia,Latin America & Caribbean,Upper middle income,2017,4.17978145473376,8.13449112757922
COL,CO,Colombia,Latin America & Caribbean,Upper middle income,2018,3.42763699082024,7.15306948982848
COL,CO,Colombia,Latin America & Caribbean,Upper middle income,2019,3.1496313020411,7.4675472586193
COL,CO,Colombia,Latin America & Caribbean,Upper middle income,2020,3.67474893917792,8.24660761552955
COL,CO,Colombia,Latin America & Caribbean,Upper middle income,2021,3.03403217872112,1.42458739401645
COL,CO,Colombia,Latin America & Caribbean,Upper middle income,2022,2.46797285484092,0.767867660015962
COL,CO,Colombia,Latin America & Caribbean,Upper middle income,2023,3.47221378199867,13.1202438976101
COL,CO,Colombia,Latin America & Caribbean,Upper middle income,2024,3.5456435895985,9.41808971077415
COM,KM,Comoros,Sub-Saharan Africa,Lower middle income,2000,,5.29600704008916
COM,KM,Comoros,Sub-Saharan Africa,Lower middle income,2001,,4.28208192777262
COM,KM,Comoros,Sub-Saharan Africa,Lower middle income,2002,,7.87646192207169
COM,KM,Comoros,Sub-Saharan Africa,Lower middle income,2003,,6.57676442963834
COM,KM,Comoros,Sub-Saharan Africa,Lower middle income,2004,,10.5180344513887
COM,KM,Comoros,Sub-Saharan Africa,Lower middle income,2005,,11.4539156896043
COM,KM,Comoros,Sub-Saharan Africa,Lower middle income,2006,,4.29441020881614
COM,KM,Comoros,Sub-Saharan Africa,Lower middle income,2007,,5.20294159167107
COM,KM,Comoros,Sub-Saharan Africa,Lower middle income,2008,,7.13147593114977
COM,KM,Comoros,Sub-Saharan Africa,Lower middle income,2009,,9.42106334473213
COM,KM,Comoros,Sub-Saharan Africa,Lower middle income,2010,14.2522175991688,8.67936779284232
COM,KM,Comoros,Sub-Saharan Africa,Lower middle income,2011,15.4459558185201,7.23394497825864
COM,KM,Comoros,Sub-Saharan Africa,Lower middle income,2012,17.3767230197489,5.9745679472759
COM,KM,Comoros,Sub-Saharan Africa,Lower middle income,2013,17.2332709662531,8.59724121301646
COM,KM,Comoros,Sub-Saharan Africa,Lower middle income,2014,18.6331963240828,9.58482807359543
COM,KM,Comoros,Sub-Saharan Africa,Lower middle income,2015,18.9342741452382,11.0807935169761
COM,KM,Comoros,Sub-Saharan Africa,Lower middle income,2016,19.8401026478642,8.63689163162332
COM,KM,Comoros,Sub-Saharan Africa,Lower middle income,2017,22.888871696943,10.0570269193147
COM,KM,Comoros,Sub-Saharan Africa,Lower middle income,2018,22.7941734157578,8.50815067594163
COM,KM,Comoros,Sub-Saharan Africa,Lower middle income,2019,20.9609350452186,6.03679877067675
COM,KM,Comoros,Sub-Saharan Africa,Lower middle income,2020,21.3611826623622,7.37469558419415
COM,KM,Comoros,Sub-Saharan Africa,Lower middle income,2021,16.1128963386522,7.49248648543597
COM,KM,Comoros,Sub-Saharan Africa,Lower middle income,2022,14.0994124979109,0.0493492067344252
COM,KM,Comoros,Sub-Saharan Africa,Lower middle income,2023,,
COM,KM,Comoros,Sub-Saharan Africa,Lower middle income,2024,,
CPV,CV,Cabo Verde,Sub-Saharan Africa,Upper middle income,2000,,
CPV,CV,Cabo Verde,Sub-Saharan Africa,Upper middle income,2001,,
CPV,CV,Cabo Verde,Sub-Saharan Africa,Upper middle income,2002,,
CPV,CV,Cabo Verde,Sub-Saharan Africa,Upper middle income,2003,,
CPV,CV,Cabo Verde,Sub-Saharan Africa,Upper middle income,2004,,
CPV,CV,Cabo Verde,Sub-Saharan Africa,Upper middle income,2005,,
CPV,CV,Cabo Verde,Sub-Saharan Africa,Upper middle income,2006,,5.89105743389072
CPV,CV,Cabo Verde,Sub-Saharan Africa,Upper middle income,2007,,-6.76180795696854
CPV,CV,Cabo Verde,Sub-Saharan Africa,Upper middle income,2008,,6.05158979989857
CPV,CV,Cabo Verde,Sub-Saharan Africa,Upper middle income,2009,,8.84912547410195
CPV,CV,Cabo Verde,Sub-Saharan Africa,Upper middle income,2010,,10.3179610282381
CPV,CV,Cabo Verde,Sub-Saharan Africa,Upper middle income,2011,,6.87490642579448
CPV,CV,Cabo Verde,Sub-Saharan Africa,Upper middle income,2012,,9.1606779539489
CPV,CV,Cabo Verde,Sub-Saharan Africa,Upper middle income,2013,,8.96757241922914
CPV,CV,Cabo Verde,Sub-Saharan Africa,Upper middle income,2014,,11.0051168391364
CPV,CV,Cabo Verde,Sub-Saharan Africa,Upper middle income,2015,,8.64532549783123
CPV,CV,Cabo Verde,Sub-Saharan Africa,Upper middle income,2016,,7.79575933290896
CPV,CV,Cabo Verde,Sub-Saharan Africa,Upper middle income,2017,,8.08633611987591
CPV,CV,Cabo Verde,Sub-Saharan Africa,Upper middle income,2018,,7.14695807833031
CPV,CV,Cabo Verde,Sub-Saharan Africa,Upper middle income,2019,,8.38767999616974
CPV,CV,Cabo Verde,Sub-Saharan Africa,Upper middle income,2020,,7.79979465489293
CPV,CV,Cabo Verde,Sub-Saharan Africa,Upper middle income,2021,,6.18588126140527
CPV,CV,Cabo Verde,Sub-Saharan Africa,Upper middle income,2022,,1.39974162224958
CPV,CV,Cabo Verde,Sub-Saharan Africa,Upper middle income,2023,,4.13475916384871
CPV,CV,Cabo Verde,Sub-Saharan Africa,Upper middle income,2024,,6.31136575567331
CRI,CR,Costa Rica,Latin America & Caribbean,High income,2000,,14.0957680811548
CRI,CR,Costa Rica,Latin America & Caribbean,High income,2001,,12.861565338987
CRI,CR,Costa Rica,Latin America & Caribbean,High income,2002,,15.1473285304573
CRI,CR,Costa Rica,Latin America & Caribbean,High income,2003,,13.4978184555284
CRI,CR,Costa Rica,Latin America & Caribbean,High income,2004,,8.88855273154398
CRI,CR,Costa Rica,Latin America & Caribbean,High income,2005,,10.3018897230293
CRI,CR,Costa Rica,Latin America & Caribbean,High income,2006,,8.14628334697509
CRI,CR,Costa Rica,Latin America & Caribbean,High income,2007,,2.06443542406673
CRI,CR,Costa Rica,Latin America & Caribbean,High income,2008,1.53566142380974,3.95222109901429
CRI,CR,Costa Rica,Latin America & Caribbean,High income,2009,2.05989758950482,9.13571646703882
CRI,CR,Costa Rica,Latin America & Caribbean,High income,2010,1.8552046455176,9.81159281035542
CRI,CR,Costa Rica,Latin America & Caribbean,High income,2011,1.81687656526001,11.045273689725
CRI,CR,Costa Rica,Latin America & Caribbean,High income,2012,1.74515621736086,12.8696645618831
CRI,CR,Costa Rica,Latin America & Caribbean,High income,2013,1.74861174964302,10.1329958584202
CRI,CR,Costa Rica,Latin America & Caribbean,High income,2014,1.55295060069473,8.18791762126961
CRI,CR,Costa Rica,Latin America & Caribbean,High income,2015,1.66417841493178,9.88706303400697
CRI,CR,Costa Rica,Latin America & Caribbean,High income,2016,1.5532381338663,9.4938835879653
CRI,CR,Costa Rica,Latin America & Caribbean,High income,2017,2.05328160465289,8.26983047048389
CRI,CR,Costa Rica,Latin America & Caribbean,High income,2018,2.11773116690607,8.73318764097858
CRI,CR,Costa Rica,Latin America & Caribbean,High income,2019,2.39529605631215,6.02425479816126
CRI,CR,Costa Rica,Latin America & Caribbean,High income,2020,2.41359316382932,5.82160269930357
CRI,CR,Costa Rica,Latin America & Caribbean,High income,2021,2.25766935021348,3.0193515245752
CRI,CR,Costa Rica,Latin America & Caribbean,High income,2022,2.10881876900767,0.334193745086547
CRI,CR,Costa Rica,Latin America & Caribbean,High income,2023,1.96397268266407,10.3289965273649
CRI,CR,Costa Rica,Latin America & Caribbean,High income,2024,2.05999206142526,6.76626142532639
CUB,CU,Cuba,Latin America & Caribbean,Upper middle income,2000,,
CUB,CU,Cuba,Latin America & Caribbean,Upper middle income,2001,,
CUB,CU,Cuba,Latin America & Caribbean,Upper middle income,2002,,
CUB,CU,Cuba,Latin America & Caribbean,Upper middle income,2003,,
CUB,CU,Cuba,Latin America & Caribbean,Upper middle income,2004,,
CUB,CU,Cuba,Latin America & Caribbean,Upper middle income,2005,,
CUB,CU,Cuba,Latin America & Caribbean,Upper middle income,2006,,
CUB,CU,Cuba,Latin America & Caribbean,Upper middle income,2007,,
CUB,CU,Cuba,Latin America & Caribbean,Upper middle income,2008,,
CUB,CU,Cuba,Latin America & Caribbean,Upper middle income,2009,,
CUB,CU,Cuba,Latin America & Caribbean,Upper middle income,2010,,
CUB,CU,Cuba,Latin America & Caribbean,Upper middle income,2011,,
CUB,CU,Cuba,Latin America & Caribbean,Upper middle income,2012,,
CUB,CU,Cuba,Latin America & Caribbean,Upper middle income,2013,,
CUB,CU,Cuba,Latin America & Caribbean,Upper middle income,2014,,
CUB,CU,Cuba,Latin America & Caribbean,Upper middle income,2015,,
CUB,CU,Cuba,Latin America & Caribbean,Upper middle income,2016,,
CUB,CU,Cuba,Latin America & Caribbean,Upper middle income,2017,,
CUB,CU,Cuba,Latin America & Caribbean,Upper middle income,2018,,
CUB,CU,Cuba,Latin America & Caribbean,Upper middle income,2019,,
CUB,CU,Cuba,Latin America & Caribbean,Upper middle income,2020,,
CUB,CU,Cuba,Latin America & Caribbean,Upper middle income,2021,,
CUB,CU,Cuba,Latin America & Caribbean,Upper middle income,2022,,
CUB,CU,Cuba,Latin America & Caribbean,Upper middle income,2023,,
CUB,CU,Cuba,Latin America & Caribbean,Upper middle income,2024,,
CUW,CW,Curacao,Latin America & Caribbean,High income,2000,,
CUW,CW,Curacao,Latin America & Caribbean,High income,2001,,
CUW,CW,Curacao,Latin America & Caribbean,High income,2002,,
CUW,CW,Curacao,Latin America & Caribbean,High income,2003,,
CUW,CW,Curacao,Latin America & Caribbean,High income,2004,,
CUW,CW,Curacao,Latin America & Caribbean,High income,2005,,
CUW,CW,Curacao,Latin America & Caribbean,High income,2006,,
CUW,CW,Curacao,Latin America & Caribbean,High income,2007,,
CUW,CW,Curacao,Latin America & Caribbean,High income,2008,,
CUW,CW,Curacao,Latin America & Caribbean,High income,2009,,
CUW,CW,Curacao,Latin America & Caribbean,High income,2010,,
CUW,CW,Curacao,Latin America & Caribbean,High income,2011,,
CUW,CW,Curacao,Latin America & Caribbean,High income,2012,,
CUW,CW,Curacao,Latin America & Caribbean,High income,2013,,
CUW,CW,Curacao,Latin America & Caribbean,High income,2014,,
CUW,CW,Curacao,Latin America & Caribbean,High income,2015,,
CUW,CW,Curacao,Latin America & Caribbean,High income,2016,,
CUW,CW,Curacao,Latin America & Caribbean,High income,2017,,
CUW,CW,Curacao,Latin America & Caribbean,High income,2018,5.91086072611675,
CUW,CW,Curacao,Latin America & Caribbean,High income,2019,5.7962208163115,
CUW,CW,Curacao,Latin America & Caribbean,High income,2020,6.99961047658138,
CUW,CW,Curacao,Latin America & Caribbean,High income,2021,6.73366837663147,
CUW,CW,Curacao,Latin America & Caribbean,High income,2022,5.43582788722646,
CUW,CW,Curacao,Latin America & Caribbean,High income,2023,3.89139794372106,
CUW,CW,Curacao,Latin America & Caribbean,High income,2024,3.45079459943818,
CYM,KY,Cayman Islands,Latin America & Caribbean,High income,2000,,
CYM,KY,Cayman Islands,Latin America & Caribbean,High income,2001,,
CYM,KY,Cayman Islands,Latin America & Caribbean,High income,2002,,
CYM,KY,Cayman Islands,Latin America & Caribbean,High income,2003,,
CYM,KY,Cayman Islands,Latin America & Caribbean,High income,2004,,
CYM,KY,Cayman Islands,Latin America & Caribbean,High income,2005,,
CYM,KY,Cayman Islands,Latin America & Caribbean,High income,2006,,
CYM,KY,Cayman Islands,Latin America & Caribbean,High income,2007,,
CYM,KY,Cayman Islands,Latin America & Caribbean,High income,2008,,
CYM,KY,Cayman Islands,Latin America & Caribbean,High income,2009,,
CYM,KY,Cayman Islands,Latin America & Caribbean,High income,2010,,
CYM,KY,Cayman Islands,Latin America & Caribbean,High income,2011,,
CYM,KY,Cayman Islands,Latin America & Caribbean,High income,2012,,
CYM,KY,Cayman Islands,Latin America & Caribbean,High income,2013,,
CYM,KY,Cayman Islands,Latin America & Caribbean,High income,2014,,
CYM,KY,Cayman Islands,Latin America & Caribbean,High income,2015,,
CYM,KY,Cayman Islands,Latin America & Caribbean,High income,2016,,
CYM,KY,Cayman Islands,Latin America & Caribbean,High income,2017,,
CYM,KY,Cayman Islands,Latin America & Caribbean,High income,2018,,
CYM,KY,Cayman Islands,Latin America & Caribbean,High income,2019,,
CYM,KY,Cayman Islands,Latin America & Caribbean,High income,2020,,
CYM,KY,Cayman Islands,Latin America & Caribbean,High income,2021,,
CYM,KY,Cayman Islands,Latin America & Caribbean,High income,2022,,
CYM,KY,Cayman Islands,Latin America & Caribbean,High income,2023,,
CYM,KY,Cayman Islands,Latin America & Caribbean,High income,2024,,
CYP,CY,Cyprus,Europe & Central Asia,High income,2000,,
CYP,CY,Cyprus,Europe & Central Asia,High income,2001,,
CYP,CY,Cyprus,Europe & Central Asia,High income,2002,,
CYP,CY,Cyprus,Europe & Central Asia,High income,2003,,
CYP,CY,Cyprus,Europe & Central Asia,High income,2004,,
CYP,CY,Cyprus,Europe & Central Asia,High income,2005,,
CYP,CY,Cyprus,Europe & Central Asia,High income,2006,,
CYP,CY,Cyprus,Europe & Central Asia,High income,2007,,
CYP,CY,Cyprus,Europe & Central Asia,High income,2008,3.59414947955595,
CYP,CY,Cyprus,Europe & Central Asia,High income,2009,4.50936302926019,
CYP,CY,Cyprus,Europe & Central Asia,High income,2010,5.82172259923197,
CYP,CY,Cyprus,Europe & Central Asia,High income,2011,9.98623419964974,
CYP,CY,Cyprus,Europe & Central Asia,High income,2012,18.3749456234795,
CYP,CY,Cyprus,Europe & Central Asia,High income,2013,38.5570399026522,
CYP,CY,Cyprus,Europe & Central Asia,High income,2014,44.972072758843,
CYP,CY,Cyprus,Europe & Central Asia,High income,2015,47.7478457712877,
CYP,CY,Cyprus,Europe & Central Asia,High income,2016,36.6991177413135,
CYP,CY,Cyprus,Europe & Central Asia,High income,2017,31.3888946804868,
CYP,CY,Cyprus,Europe & Central Asia,High income,2018,19.5205102196929,
CYP,CY,Cyprus,Europe & Central Asia,High income,2019,17.093103648854,
CYP,CY,Cyprus,Europe & Central Asia,High income,2020,15.0190835443793,
CYP,CY,Cyprus,Europe & Central Asia,High income,2021,8.99828242700788,
CYP,CY,Cyprus,Europe & Central Asia,High income,2022,7.65863990451331,
CYP,CY,Cyprus,Europe & Central Asia,High income,2023,6.10873133673663,
CYP,CY,Cyprus,Europe & Central Asia,High income,2024,4.1838443775525,
CZE,CZ,Czechia,Europe & Central Asia,High income,2000,,5.30935765444498
CZE,CZ,Czechia,Europe & Central Asia,High income,2001,,2.1554755727137
CZE,CZ,Czechia,Europe & Central Asia,High income,2002,,3.81700338630022
CZE,CZ,Czechia,Europe & Central Asia,High income,2003,,4.4734983591456
CZE,CZ,Czechia,Europe & Central Asia,High income,2004,,1.89356535889596
CZE,CZ,Czechia,Europe & Central Asia,High income,2005,,5.65220713144793
CZE,CZ,Czechia,Europe & Central Asia,High income,2006,,4.87710352410919
CZE,CZ,Czechia,Europe & Central Asia,High income,2007,,2.15091681482256
CZE,CZ,Czechia,Europe & Central Asia,High income,2008,2.82387346236027,4.14145753908811
CZE,CZ,Czechia,Europe & Central Asia,High income,2009,4.49075321988402,3.25857708536233
CZE,CZ,Czechia,Europe & Central Asia,High income,2010,5.45823355942603,6.40402618180801
CZE,CZ,Czechia,Europe & Central Asia,High income,2011,5.29287307900867,5.95212889532356
CZE,CZ,Czechia,Europe & Central Asia,High income,2012,5.35167967265286,4.00947030915855
CZE,CZ,Czechia,Europe & Central Asia,High income,2013,5.26338617282874,3.65186851296449
CZE,CZ,Czechia,Europe & Central Asia,High income,2014,5.63910825786119,1.88711079614098
CZE,CZ,Czechia,Europe & Central Asia,High income,2015,5.43997199514248,3.01082711223738
CZE,CZ,Czechia,Europe & Central Asia,High income,2016,4.52193536660192,2.38051334351635
CZE,CZ,Czechia,Europe & Central Asia,High income,2017,3.682523035196,1.87456261929575
CZE,CZ,Czechia,Europe & Central Asia,High income,2018,3.09590989646024,0.708328255014701
CZE,CZ,Czechia,Europe & Central Asia,High income,2019,1.69280340962664,-0.149541356517595
CZE,CZ,Czechia,Europe & Central Asia,High income,2020,1.91231094967573,-1.12128534113106
CZE,CZ,Czechia,Europe & Central Asia,High income,2021,1.702001479324,-0.800024636625989
CZE,CZ,Czechia,Europe & Central Asia,High income,2022,1.45546035998427,-4.09132848148826
CZE,CZ,Czechia,Europe & Central Asia,High income,2023,1.2057002207719,-3.60514836252152
CZE,CZ,Czechia,Europe & Central Asia,High income,2024,1.20447601450939,0.781022055614348
DEU,DE,Germany,Europe & Central Asia,High income,2000,,
DEU,DE,Germany,Europe & Central Asia,High income,2001,,
DEU,DE,Germany,Europe & Central Asia,High income,2002,,
DEU,DE,Germany,Europe & Central Asia,High income,2003,,
DEU,DE,Germany,Europe & Central Asia,High income,2004,,
DEU,DE,Germany,Europe & Central Asia,High income,2005,,
DEU,DE,Germany,Europe & Central Asia,High income,2006,,
DEU,DE,Germany,Europe & Central Asia,High income,2007,,
DEU,DE,Germany,Europe & Central Asia,High income,2008,,
DEU,DE,Germany,Europe & Central Asia,High income,2009,,
DEU,DE,Germany,Europe & Central Asia,High income,2010,,
DEU,DE,Germany,Europe & Central Asia,High income,2011,,
DEU,DE,Germany,Europe & Central Asia,High income,2012,,
DEU,DE,Germany,Europe & Central Asia,High income,2013,,
DEU,DE,Germany,Europe & Central Asia,High income,2014,,
DEU,DE,Germany,Europe & Central Asia,High income,2015,,
DEU,DE,Germany,Europe & Central Asia,High income,2016,,
DEU,DE,Germany,Europe & Central Asia,High income,2017,,
DEU,DE,Germany,Europe & Central Asia,High income,2018,,
DEU,DE,Germany,Europe & Central Asia,High income,2019,,
DEU,DE,Germany,Europe & Central Asia,High income,2020,,
DEU,DE,Germany,Europe & Central Asia,High income,2021,,
DEU,DE,Germany,Europe & Central Asia,High income,2022,1.23497612551347,
DEU,DE,Germany,Europe & Central Asia,High income,2023,1.53513253215757,
DEU,DE,Germany,Europe & Central Asia,High income,2024,1.77161339190265,
DJI,DJ,Djibouti,"Middle East, North Africa, Afghanistan & Pakistan",Lower middle income,2000,,
DJI,DJ,Djibouti,"Middle East, North Africa, Afghanistan & Pakistan",Lower middle income,2001,,
DJI,DJ,Djibouti,"Middle East, North Africa, Afghanistan & Pakistan",Lower middle income,2002,,
DJI,DJ,Djibouti,"Middle East, North Africa, Afghanistan & Pakistan",Lower middle income,2003,,
DJI,DJ,Djibouti,"Middle East, North Africa, Afghanistan & Pakistan",Lower middle income,2004,,
DJI,DJ,Djibouti,"Middle East, North Africa, Afghanistan & Pakistan",Lower middle income,2005,,
DJI,DJ,Djibouti,"Middle East, North Africa, Afghanistan & Pakistan",Lower middle income,2006,,
DJI,DJ,Djibouti,"Middle East, North Africa, Afghanistan & Pakistan",Lower middle income,2007,,
DJI,DJ,Djibouti,"Middle East, North Africa, Afghanistan & Pakistan",Lower middle income,2008,,
DJI,DJ,Djibouti,"Middle East, North Africa, Afghanistan & Pakistan",Lower middle income,2009,,
DJI,DJ,Djibouti,"Middle East, North Africa, Afghanistan & Pakistan",Lower middle income,2010,,
DJI,DJ,Djibouti,"Middle East, North Africa, Afghanistan & Pakistan",Lower middle income,2011,,
DJI,DJ,Djibouti,"Middle East, North Africa, Afghanistan & Pakistan",Lower middle income,2012,11.5343664524884,
DJI,DJ,Djibouti,"Middle East, North Africa, Afghanistan & Pakistan",Lower middle income,2013,15.3368529632838,
DJI,DJ,Djibouti,"Middle East, North Africa, Afghanistan & Pakistan",Lower middle income,2014,18.1882419023322,
DJI,DJ,Djibouti,"Middle East, North Africa, Afghanistan & Pakistan",Lower middle income,2015,19.505193628606,
DJI,DJ,Djibouti,"Middle East, North Africa, Afghanistan & Pakistan",Lower middle income,2016,21.8038069641343,
DJI,DJ,Djibouti,"Middle East, North Africa, Afghanistan & Pakistan",Lower middle income,2017,16.1205891536372,
DJI,DJ,Djibouti,"Middle East, North Africa, Afghanistan & Pakistan",Lower middle income,2018,17.5905936014938,
DJI,DJ,Djibouti,"Middle East, North Africa, Afghanistan & Pakistan",Lower middle income,2019,15.3542458806425,
DJI,DJ,Djibouti,"Middle East, North Africa, Afghanistan & Pakistan",Lower middle income,2020,13.7525623797664,
DJI,DJ,Djibouti,"Middle East, North Africa, Afghanistan & Pakistan",Lower middle income,2021,9.06421208958311,
DJI,DJ,Djibouti,"Middle East, North Africa, Afghanistan & Pakistan",Lower middle income,2022,5.21484304127589,
DJI,DJ,Djibouti,"Middle East, North Africa, Afghanistan & Pakistan",Lower middle income,2023,4.00934221417559,
DJI,DJ,Djibouti,"Middle East, North Africa, Afghanistan & Pakistan",Lower middle income,2024,3.06946217107715,
DMA,DM,Dominica,Latin America & Caribbean,Upper middle income,2000,,13.7079062404088
DMA,DM,Dominica,Latin America & Caribbean,Upper middle income,2001,,-1.87606328340717
DMA,DM,Dominica,Latin America & Caribbean,Upper middle income,2002,,8.19534765409005
DMA,DM,Dominica,Latin America & Caribbean,Upper middle income,2003,,18.5678417638766
DMA,DM,Dominica,Latin America & Caribbean,Upper middle income,2004,,6.71856788606733
DMA,DM,Dominica,Latin America & Caribbean,Upper middle income,2005,,12.4134750626009
DMA,DM,Dominica,Latin America & Caribbean,Upper middle income,2006,,7.40224178678915
DMA,DM,Dominica,Latin America & Caribbean,Upper middle income,2007,,7.77213389286797
DMA,DM,Dominica,Latin America & Caribbean,Upper middle income,2008,,8.23446205697451
DMA,DM,Dominica,Latin America & Caribbean,Upper middle income,2009,,1.25680163386058
DMA,DM,Dominica,Latin America & Caribbean,Upper middle income,2010,,8.4474836589254
DMA,DM,Dominica,Latin America & Caribbean,Upper middle income,2011,,6.3857012420645
DMA,DM,Dominica,Latin America & Caribbean,Upper middle income,2012,,11.3247132516391
DMA,DM,Dominica,Latin America & Caribbean,Upper middle income,2013,,4.08417188443742
DMA,DM,Dominica,Latin America & Caribbean,Upper middle income,2014,,6.23440578845498
DMA,DM,Dominica,Latin America & Caribbean,Upper middle income,2015,15.12089,3.03627883680696
DMA,DM,Dominica,Latin America & Caribbean,Upper middle income,2016,14.450859,4.54991650114637
DMA,DM,Dominica,Latin America & Caribbean,Upper middle income,2017,17.433797,8.67554088047496
DMA,DM,Dominica,Latin America & Caribbean,Upper middle income,2018,17.016617,-0.457770450674683
DMA,DM,Dominica,Latin America & Caribbean,Upper middle income,2019,12.236643,9.00700479809524
DMA,DM,Dominica,Latin America & Caribbean,Upper middle income,2020,15.0117248782228,9.75369748348236
DMA,DM,Dominica,Latin America & Caribbean,Upper middle income,2021,15.6966940641669,5.25737094850956
DMA,DM,Dominica,Latin America & Caribbean,Upper middle income,2022,13.7910383207701,6.25878110064677
DMA,DM,Dominica,Latin America & Caribbean,Upper middle income,2023,12.897704,3.76764114160115
DMA,DM,Dominica,Latin America & Caribbean,Upper middle income,2024,10.664206,3.36937431731501
DNK,DK,Denmark,Europe & Central Asia,High income,2000,,
DNK,DK,Denmark,Europe & Central Asia,High income,2001,,
DNK,DK,Denmark,Europe & Central Asia,High income,2002,,
DNK,DK,Denmark,Europe & Central Asia,High income,2003,,
DNK,DK,Denmark,Europe & Central Asia,High income,2004,,
DNK,DK,Denmark,Europe & Central Asia,High income,2005,,
DNK,DK,Denmark,Europe & Central Asia,High income,2006,,
DNK,DK,Denmark,Europe & Central Asia,High income,2007,,
DNK,DK,Denmark,Europe & Central Asia,High income,2008,,
DNK,DK,Denmark,Europe & Central Asia,High income,2009,,
DNK,DK,Denmark,Europe & Central Asia,High income,2010,3.14128983598116,
DNK,DK,Denmark,Europe & Central Asia,High income,2011,3.17151109207083,
DNK,DK,Denmark,Europe & Central Asia,High income,2012,3.52577006791977,
DNK,DK,Denmark,Europe & Central Asia,High income,2013,,
DNK,DK,Denmark,Europe & Central Asia,High income,2014,,
DNK,DK,Denmark,Europe & Central Asia,High income,2015,3.27824443112999,
DNK,DK,Denmark,Europe & Central Asia,High income,2016,2.39322215927694,
DNK,DK,Denmark,Europe & Central Asia,High income,2017,2.66864091851677,
DNK,DK,Denmark,Europe & Central Asia,High income,2018,2.86631154285792,
DNK,DK,Denmark,Europe & Central Asia,High income,2019,2.49653873908011,
DNK,DK,Denmark,Europe & Central Asia,High income,2020,2.49822300851934,
DNK,DK,Denmark,Europe & Central Asia,High income,2021,2.1529598550497,
DNK,DK,Denmark,Europe & Central Asia,High income,2022,1.7967834579325,
DNK,DK,Denmark,Europe & Central Asia,High income,2023,1.72247998134321,
DNK,DK,Denmark,Europe & Central Asia,High income,2024,1.59792479375891,
DOM,DO,Dominican Republic,Latin America & Caribbean,Upper middle income,2000,,18.2628978210494
DOM,DO,Dominican Republic,Latin America & Caribbean,Upper middle income,2001,,17.195792402843
DOM,DO,Dominican Republic,Latin America & Caribbean,Upper middle income,2002,,17.8861180806125
DOM,DO,Dominican Republic,Latin America & Caribbean,Upper middle income,2003,,-1.55455787609959
DOM,DO,Dominican Republic,Latin America & Caribbean,Upper middle income,2004,,-8.62150554794134
DOM,DO,Dominican Republic,Latin America & Caribbean,Upper middle income,2005,,17.3300499524692
DOM,DO,Dominican Republic,Latin America & Caribbean,Upper middle income,2006,,12.0312823228441
DOM,DO,Dominican Republic,Latin America & Caribbean,Upper middle income,2007,,7.61220320142881
DOM,DO,Dominican Republic,Latin America & Caribbean,Upper middle income,2008,,8.78614560242396
DOM,DO,Dominican Republic,Latin America & Caribbean,Upper middle income,2009,,14.2220380608106
DOM,DO,Dominican Republic,Latin America & Caribbean,Upper middle income,2010,,6.44271446721712
DOM,DO,Dominican Republic,Latin America & Caribbean,Upper middle income,2011,,7.02414672142881
DOM,DO,Dominican Republic,Latin America & Caribbean,Upper middle income,2012,,10.0058845221437
DOM,DO,Dominican Republic,Latin America & Caribbean,Upper middle income,2013,,8.56630415564359
DOM,DO,Dominican Republic,Latin America & Caribbean,Upper middle income,2014,,9.29486724502935
DOM,DO,Dominican Republic,Latin America & Caribbean,Upper middle income,2015,,12.2048880267937
DOM,DO,Dominican Republic,Latin America & Caribbean,Upper middle income,2016,,12.810589780193
DOM,DO,Dominican Republic,Latin America & Caribbean,Upper middle income,2017,1.90658655607119,9.62636730477926
DOM,DO,Dominican Republic,Latin America & Caribbean,Upper middle income,2018,1.61766968855976,7.64602673118607
DOM,DO,Dominican Republic,Latin America & Caribbean,Upper middle income,2019,1.54556853558721,8.58272820015152
DOM,DO,Dominican Republic,Latin America & Caribbean,Upper middle income,2020,2.01137819865135,5.23918771591826
DOM,DO,Dominican Republic,Latin America & Caribbean,Upper middle income,2021,1.30935520696937,2.22649861965522
DOM,DO,Dominican Republic,Latin America & Caribbean,Upper middle income,2022,0.825504642179898,2.09839283957292
DOM,DO,Dominican Republic,Latin America & Caribbean,Upper middle income,2023,0.929892935623627,8.17430344456944
DOM,DO,Dominican Republic,Latin America & Caribbean,Upper middle income,2024,1.24662536501434,10.5315509404639
DZA,DZ,Algeria,"Middle East, North Africa, Afghanistan & Pakistan",Upper middle income,2000,,-10.3343779975902
DZA,DZ,Algeria,"Middle East, North Africa, Afghanistan & Pakistan",Upper middle income,2001,,1.37540693520959
DZA,DZ,Algeria,"Middle East, North Africa, Afghanistan & Pakistan",Upper middle income,2002,,7.11282850261404
DZA,DZ,Algeria,"Middle East, North Africa, Afghanistan & Pakistan",Upper middle income,2003,,-0.750361449727912
DZA,DZ,Algeria,"Middle East, North Africa, Afghanistan & Pakistan",Upper middle income,2004,,-3.09251853802661
DZA,DZ,Algeria,"Middle East, North Africa, Afghanistan & Pakistan",Upper middle income,2005,,-3.88174750068618
DZA,DZ,Algeria,"Middle East, North Africa, Afghanistan & Pakistan",Upper middle income,2006,,-2.51051997823398
DZA,DZ,Algeria,"Middle East, North Africa, Afghanistan & Pakistan",Upper middle income,2007,,0.844558436606999
DZA,DZ,Algeria,"Middle East, North Africa, Afghanistan & Pakistan",Upper middle income,2008,,-6.18312466469342
DZA,DZ,Algeria,"Middle East, North Africa, Afghanistan & Pakistan",Upper middle income,2009,21.1415508110567,16.5976144696892
DZA,DZ,Algeria,"Middle East, North Africa, Afghanistan & Pakistan",Upper middle income,2010,18.3099999999999,-6.53956357149489
DZA,DZ,Algeria,"Middle East, North Africa, Afghanistan & Pakistan",Upper middle income,2011,14.3983059633083,-7.62022648935877
DZA,DZ,Algeria,"Middle East, North Africa, Afghanistan & Pakistan",Upper middle income,2012,11.7263814541695,-0.00226526143978329
DZA,DZ,Algeria,"Middle East, North Africa, Afghanistan & Pakistan",Upper middle income,2013,10.5639712164988,7.04435828748252
DZA,DZ,Algeria,"Middle East, North Africa, Afghanistan & Pakistan",Upper middle income,2014,9.9349604753277,6.45599979815453
DZA,DZ,Algeria,"Middle East, North Africa, Afghanistan & Pakistan",Upper middle income,2015,9.76734535087823,13.6683505561602
DZA,DZ,Algeria,"Middle East, North Africa, Afghanistan & Pakistan",Upper middle income,2016,12.0891590616386,7.08263567020895
DZA,DZ,Algeria,"Middle East, North Africa, Afghanistan & Pakistan",Upper middle income,2017,12.9585022894491,2.91790627930198
DZA,DZ,Algeria,"Middle East, North Africa, Afghanistan & Pakistan",Upper middle income,2018,12.6974012595365,1.72874977289301
DZA,DZ,Algeria,"Middle East, North Africa, Afghanistan & Pakistan",Upper middle income,2019,14.7557610602629,7.05471454760202
DZA,DZ,Algeria,"Middle East, North Africa, Afghanistan & Pakistan",Upper middle income,2020,16.3626239271064,13.3398767236666
DZA,DZ,Algeria,"Middle East, North Africa, Afghanistan & Pakistan",Upper middle income,2021,19.6415989191125,-6.84242363086498
DZA,DZ,Algeria,"Middle East, North Africa, Afghanistan & Pakistan",Upper middle income,2022,19.8580536790798,-12.1381943578662
DZA,DZ,Algeria,"Middle East, North Africa, Afghanistan & Pakistan",Upper middle income,2023,20.8822355092816,6.92907177086673
DZA,DZ,Algeria,"Middle East, North Africa, Afghanistan & Pakistan",Upper middle income,2024,20.6807801597915,4.47402521317597
ECU,EC,Ecuador,Latin America & Caribbean,Upper middle income,2000,,
ECU,EC,Ecuador,Latin America & Caribbean,Upper middle income,2001,,
ECU,EC,Ecuador,Latin America & Caribbean,Upper middle income,2002,,
ECU,EC,Ecuador,Latin America & Caribbean,Upper middle income,2003,8.60329531245132,
ECU,EC,Ecuador,Latin America & Caribbean,Upper middle income,2004,6.57313325180524,
ECU,EC,Ecuador,Latin America & Caribbean,Upper middle income,2005,5.12207636867638,
ECU,EC,Ecuador,Latin America & Caribbean,Upper middle income,2006,3.96715372108971,
ECU,EC,Ecuador,Latin America & Caribbean,Upper middle income,2007,3.73938932677987,
ECU,EC,Ecuador,Latin America & Caribbean,Upper middle income,2008,3.46270685310385,
ECU,EC,Ecuador,Latin America & Caribbean,Upper middle income,2009,3.98952864129455,
ECU,EC,Ecuador,Latin America & Caribbean,Upper middle income,2010,3.17435628301061,
ECU,EC,Ecuador,Latin America & Caribbean,Upper middle income,2011,2.98883002457982,
ECU,EC,Ecuador,Latin America & Caribbean,Upper middle income,2012,3.73387908750774,
ECU,EC,Ecuador,Latin America & Caribbean,Upper middle income,2013,3.74911169117027,
ECU,EC,Ecuador,Latin America & Caribbean,Upper middle income,2014,3.85374981759959,
ECU,EC,Ecuador,Latin America & Caribbean,Upper middle income,2015,4.50148720694906,
ECU,EC,Ecuador,Latin America & Caribbean,Upper middle income,2016,4.18541726575774,
ECU,EC,Ecuador,Latin America & Caribbean,Upper middle income,2017,3.22680674472081,
ECU,EC,Ecuador,Latin America & Caribbean,Upper middle income,2018,2.83749397653478,
ECU,EC,Ecuador,Latin America & Caribbean,Upper middle income,2019,3.18055363881047,
ECU,EC,Ecuador,Latin America & Caribbean,Upper middle income,2020,3.25183007000788,
ECU,EC,Ecuador,Latin America & Caribbean,Upper middle income,2021,3.15093987493153,
ECU,EC,Ecuador,Latin America & Caribbean,Upper middle income,2022,3.15605064100262,
ECU,EC,Ecuador,Latin America & Caribbean,Upper middle income,2023,4.72096477321848,
ECU,EC,Ecuador,Latin America & Caribbean,Upper middle income,2024,4.81981805957318,
EGY,EG,"Egypt, Arab Rep.","Middle East, North Africa, Afghanistan & Pakistan",Lower middle income,2000,,8.91960097425103
EGY,EG,"Egypt, Arab Rep.","Middle East, North Africa, Afghanistan & Pakistan",Lower middle income,2001,,11.2145133756357
EGY,EG,"Egypt, Arab Rep.","Middle East, North Africa, Afghanistan & Pakistan",Lower middle income,2002,,10.3000319450927
EGY,EG,"Egypt, Arab Rep.","Middle East, North Africa, Afghanistan & Pakistan",Lower middle income,2003,,6.32702594827893
EGY,EG,"Egypt, Arab Rep.","Middle East, North Africa, Afghanistan & Pakistan",Lower middle income,2004,,1.52690342781043
EGY,EG,"Egypt, Arab Rep.","Middle East, North Africa, Afghanistan & Pakistan",Lower middle income,2005,,6.52364099101764
EGY,EG,"Egypt, Arab Rep.","Middle East, North Africa, Afghanistan & Pakistan",Lower middle income,2006,,4.88079671780393
EGY,EG,"Egypt, Arab Rep.","Middle East, North Africa, Afghanistan & Pakistan",Lower middle income,2007,,-0.0776285947740796
EGY,EG,"Egypt, Arab Rep.","Middle East, North Africa, Afghanistan & Pakistan",Lower middle income,2008,,0.107853155649855
EGY,EG,"Egypt, Arab Rep.","Middle East, North Africa, Afghanistan & Pakistan",Lower middle income,2009,,0.710036320532945
EGY,EG,"Egypt, Arab Rep.","Middle East, North Africa, Afghanistan & Pakistan",Lower middle income,2010,,0.818721618042179
EGY,EG,"Egypt, Arab Rep.","Middle East, North Africa, Afghanistan & Pakistan",Lower middle income,2011,,-0.563878054302781
EGY,EG,"Egypt, Arab Rep.","Middle East, North Africa, Afghanistan & Pakistan",Lower middle income,2012,,-6.26271950290427
EGY,EG,"Egypt, Arab Rep.","Middle East, North Africa, Afghanistan & Pakistan",Lower middle income,2013,,3.29215715259611
EGY,EG,"Egypt, Arab Rep.","Middle East, North Africa, Afghanistan & Pakistan",Lower middle income,2014,,0.414129139682349
EGY,EG,"Egypt, Arab Rep.","Middle East, North Africa, Afghanistan & Pakistan",Lower middle income,2015,,1.54106846010719
EGY,EG,"Egypt, Arab Rep.","Middle East, North Africa, Afghanistan & Pakistan",Lower middle income,2016,,6.9220113553922
EGY,EG,"Egypt, Arab Rep.","Middle East, North Africa, Afghanistan & Pakistan",Lower middle income,2017,,-8.75819408123533
EGY,EG,"Egypt, Arab Rep.","Middle East, North Africa, Afghanistan & Pakistan",Lower middle income,2018,,-2.35870301322629
EGY,EG,"Egypt, Arab Rep.","Middle East, North Africa, Afghanistan & Pakistan",Lower middle income,2019,,2.19909578209049
EGY,EG,"Egypt, Arab Rep.","Middle East, North Africa, Afghanistan & Pakistan",Lower middle income,2020,,4.88781543118298
EGY,EG,"Egypt, Arab Rep.","Middle East, North Africa, Afghanistan & Pakistan",Lower middle income,2021,,4.36620669861811
EGY,EG,"Egypt, Arab Rep.","Middle East, North Africa, Afghanistan & Pakistan",Lower middle income,2022,,0.142669652322058
EGY,EG,"Egypt, Arab Rep.","Middle East, North Africa, Afghanistan & Pakistan",Lower middle income,2023,,-5.64166239964287
EGY,EG,"Egypt, Arab Rep.","Middle East, North Africa, Afghanistan & Pakistan",Lower middle income,2024,,-7.03099094109372
ERI,ER,Eritrea,Sub-Saharan Africa,Low income,2000,,
ERI,ER,Eritrea,Sub-Saharan Africa,Low income,2001,,
ERI,ER,Eritrea,Sub-Saharan Africa,Low income,2002,,
ERI,ER,Eritrea,Sub-Saharan Africa,Low income,2003,,
ERI,ER,Eritrea,Sub-Saharan Africa,Low income,2004,,
ERI,ER,Eritrea,Sub-Saharan Africa,Low income,2005,,
ERI,ER,Eritrea,Sub-Saharan Africa,Low income,2006,,
ERI,ER,Eritrea,Sub-Saharan Africa,Low income,2007,,
ERI,ER,Eritrea,Sub-Saharan Africa,Low income,2008,,
ERI,ER,Eritrea,Sub-Saharan Africa,Low income,2009,,
ERI,ER,Eritrea,Sub-Saharan Africa,Low income,2010,,
ERI,ER,Eritrea,Sub-Saharan Africa,Low income,2011,,
ERI,ER,Eritrea,Sub-Saharan Africa,Low income,2012,,
ERI,ER,Eritrea,Sub-Saharan Africa,Low income,2013,,
ERI,ER,Eritrea,Sub-Saharan Africa,Low income,2014,,
ERI,ER,Eritrea,Sub-Saharan Africa,Low income,2015,,
ERI,ER,Eritrea,Sub-Saharan Africa,Low income,2016,,
ERI,ER,Eritrea,Sub-Saharan Africa,Low income,2017,,
ERI,ER,Eritrea,Sub-Saharan Africa,Low income,2018,,
ERI,ER,Eritrea,Sub-Saharan Africa,Low income,2019,,
ERI,ER,Eritrea,Sub-Saharan Africa,Low income,2020,,
ERI,ER,Eritrea,Sub-Saharan Africa,Low income,2021,,
ERI,ER,Eritrea,Sub-Saharan Africa,Low income,2022,,
ERI,ER,Eritrea,Sub-Saharan Africa,Low income,2023,,
ERI,ER,Eritrea,Sub-Saharan Africa,Low income,2024,,
ESP,ES,Spain,Europe & Central Asia,High income,2000,,
ESP,ES,Spain,Europe & Central Asia,High income,2001,,
ESP,ES,Spain,Europe & Central Asia,High income,2002,,
ESP,ES,Spain,Europe & Central Asia,High income,2003,,
ESP,ES,Spain,Europe & Central Asia,High income,2004,,
ESP,ES,Spain,Europe & Central Asia,High income,2005,,
ESP,ES,Spain,Europe & Central Asia,High income,2006,,
ESP,ES,Spain,Europe & Central Asia,High income,2007,,
ESP,ES,Spain,Europe & Central Asia,High income,2008,,
ESP,ES,Spain,Europe & Central Asia,High income,2009,,
ESP,ES,Spain,Europe & Central Asia,High income,2010,,
ESP,ES,Spain,Europe & Central Asia,High income,2011,,
ESP,ES,Spain,Europe & Central Asia,High income,2012,5.71026349860103,
ESP,ES,Spain,Europe & Central Asia,High income,2013,7.12373619141485,
ESP,ES,Spain,Europe & Central Asia,High income,2014,6.38267849950904,
ESP,ES,Spain,Europe & Central Asia,High income,2015,5.09174595659943,
ESP,ES,Spain,Europe & Central Asia,High income,2016,4.71813279786194,
ESP,ES,Spain,Europe & Central Asia,High income,2017,4.46120203086986,
ESP,ES,Spain,Europe & Central Asia,High income,2018,3.68642493378734,
ESP,ES,Spain,Europe & Central Asia,High income,2019,3.15282728174409,
ESP,ES,Spain,Europe & Central Asia,High income,2020,2.85122667258746,
ESP,ES,Spain,Europe & Central Asia,High income,2021,2.91575876060378,
ESP,ES,Spain,Europe & Central Asia,High income,2022,3.06056772833899,
ESP,ES,Spain,Europe & Central Asia,High income,2023,3.06080280402449,
ESP,ES,Spain,Europe & Central Asia,High income,2024,2.86962940744037,
EST,EE,Estonia,Europe & Central Asia,High income,2000,,
EST,EE,Estonia,Europe & Central Asia,High income,2001,,
EST,EE,Estonia,Europe & Central Asia,High income,2002,,
EST,EE,Estonia,Europe & Central Asia,High income,2003,,
EST,EE,Estonia,Europe & Central Asia,High income,2004,,
EST,EE,Estonia,Europe & Central Asia,High income,2005,,
EST,EE,Estonia,Europe & Central Asia,High income,2006,,
EST,EE,Estonia,Europe & Central Asia,High income,2007,,
EST,EE,Estonia,Europe & Central Asia,High income,2008,1.94468477609779,
EST,EE,Estonia,Europe & Central Asia,High income,2009,5.20231138473193,
EST,EE,Estonia,Europe & Central Asia,High income,2010,5.37548640616724,
EST,EE,Estonia,Europe & Central Asia,High income,2011,4.04580581090276,
EST,EE,Estonia,Europe & Central Asia,High income,2012,2.62266859406296,
EST,EE,Estonia,Europe & Central Asia,High income,2013,1.47462231497042,
EST,EE,Estonia,Europe & Central Asia,High income,2014,1.38823609881307,
EST,EE,Estonia,Europe & Central Asia,High income,2015,2.76894770314042,
EST,EE,Estonia,Europe & Central Asia,High income,2016,2.17676369026511,
EST,EE,Estonia,Europe & Central Asia,High income,2017,2.37887496554021,
EST,EE,Estonia,Europe & Central Asia,High income,2018,1.55123999961087,
EST,EE,Estonia,Europe & Central Asia,High income,2019,1.97424852159292,
EST,EE,Estonia,Europe & Central Asia,High income,2020,1.64284699281483,
EST,EE,Estonia,Europe & Central Asia,High income,2021,1.08679556479312,
EST,EE,Estonia,Europe & Central Asia,High income,2022,0.801295827497158,
EST,EE,Estonia,Europe & Central Asia,High income,2023,1.08370113079837,
EST,EE,Estonia,Europe & Central Asia,High income,2024,1.19303529526688,
ETH,ET,Ethiopia,Sub-Saharan Africa,Low income,2000,,3.83114861098858
ETH,ET,Ethiopia,Sub-Saharan Africa,Low income,2001,,17.6354832066922
ETH,ET,Ethiopia,Sub-Saharan Africa,Low income,2002,,12.7439479028674
ETH,ET,Ethiopia,Sub-Saharan Africa,Low income,2003,,-5.11490798514707
ETH,ET,Ethiopia,Sub-Saharan Africa,Low income,2004,,2.97237710473646
ETH,ET,Ethiopia,Sub-Saharan Africa,Low income,2005,,-2.61706349192245
ETH,ET,Ethiopia,Sub-Saharan Africa,Low income,2006,,-4.08090892794825
ETH,ET,Ethiopia,Sub-Saharan Africa,Low income,2007,,-8.29255368104718
ETH,ET,Ethiopia,Sub-Saharan Africa,Low income,2008,,-17.1217762401546
ETH,ET,Ethiopia,Sub-Saharan Africa,Low income,2009,,
ETH,ET,Ethiopia,Sub-Saharan Africa,Low income,2010,,
ETH,ET,Ethiopia,Sub-Saharan Africa,Low income,2011,,
ETH,ET,Ethiopia,Sub-Saharan Africa,Low income,2012,,
ETH,ET,Ethiopia,Sub-Saharan Africa,Low income,2013,,
ETH,ET,Ethiopia,Sub-Saharan Africa,Low income,2014,,
ETH,ET,Ethiopia,Sub-Saharan Africa,Low income,2015,,
ETH,ET,Ethiopia,Sub-Saharan Africa,Low income,2016,,
ETH,ET,Ethiopia,Sub-Saharan Africa,Low income,2017,3.41286431945902,
ETH,ET,Ethiopia,Sub-Saharan Africa,Low income,2018,3.56052322049913,
ETH,ET,Ethiopia,Sub-Saharan Africa,Low income,2019,2.6717358210858,
ETH,ET,Ethiopia,Sub-Saharan Africa,Low income,2020,3.42977187734718,
ETH,ET,Ethiopia,Sub-Saharan Africa,Low income,2021,5.41485933762582,
ETH,ET,Ethiopia,Sub-Saharan Africa,Low income,2022,,
ETH,ET,Ethiopia,Sub-Saharan Africa,Low income,2023,,
ETH,ET,Ethiopia,Sub-Saharan Africa,Low income,2024,,
FIN,FI,Finland,Europe & Central Asia,High income,2000,,
FIN,FI,Finland,Europe & Central Asia,High income,2001,,
FIN,FI,Finland,Europe & Central Asia,High income,2002,,
FIN,FI,Finland,Europe & Central Asia,High income,2003,,
FIN,FI,Finland,Europe & Central Asia,High income,2004,,
FIN,FI,Finland,Europe & Central Asia,High income,2005,,
FIN,FI,Finland,Europe & Central Asia,High income,2006,,
FIN,FI,Finland,Europe & Central Asia,High income,2007,0.226516077373677,
FIN,FI,Finland,Europe & Central Asia,High income,2008,0.409453887918506,
FIN,FI,Finland,Europe & Central Asia,High income,2009,0.569993828992429,
FIN,FI,Finland,Europe & Central Asia,High income,2010,0.505748742041625,
FIN,FI,Finland,Europe & Central Asia,High income,2011,0.456371196024311,
FIN,FI,Finland,Europe & Central Asia,High income,2012,0.445132847109478,
FIN,FI,Finland,Europe & Central Asia,High income,2013,0.440752731540527,
FIN,FI,Finland,Europe & Central Asia,High income,2014,0.847591074961831,
FIN,FI,Finland,Europe & Central Asia,High income,2015,0.932460830661029,
FIN,FI,Finland,Europe & Central Asia,High income,2016,1.04758761475179,
FIN,FI,Finland,Europe & Central Asia,High income,2017,0.726262368042779,
FIN,FI,Finland,Europe & Central Asia,High income,2018,0.950566178824406,
FIN,FI,Finland,Europe & Central Asia,High income,2019,1.5073192904517,
FIN,FI,Finland,Europe & Central Asia,High income,2020,1.45017555342116,
FIN,FI,Finland,Europe & Central Asia,High income,2021,1.47082760274416,
FIN,FI,Finland,Europe & Central Asia,High income,2022,1.35188387148659,
FIN,FI,Finland,Europe & Central Asia,High income,2023,1.28844729523889,
FIN,FI,Finland,Europe & Central Asia,High income,2024,1.42702266101791,
FJI,FJ,Fiji,East Asia & Pacific,Upper middle income,2000,,13.7671675456504
FJI,FJ,Fiji,East Asia & Pacific,Upper middle income,2001,,4.93889303348388
FJI,FJ,Fiji,East Asia & Pacific,Upper middle income,2002,,4.63466315951311
FJI,FJ,Fiji,East Asia & Pacific,Upper middle income,2003,,-0.0931106725384694
FJI,FJ,Fiji,East Asia & Pacific,Upper middle income,2004,,4.86842761082261
FJI,FJ,Fiji,East Asia & Pacific,Upper middle income,2005,3.68506394302508,0.126376224885695
FJI,FJ,Fiji,East Asia & Pacific,Upper middle income,2006,2.45452534963199,3.47307568415128
FJI,FJ,Fiji,East Asia & Pacific,Upper middle income,2007,5.68211734419274,5.80554576894505
FJI,FJ,Fiji,East Asia & Pacific,Upper middle income,2008,3.13011678919177,5.71579647925808
FJI,FJ,Fiji,East Asia & Pacific,Upper middle income,2009,3.74100549201087,6.37407722421922
FJI,FJ,Fiji,East Asia & Pacific,Upper middle income,2010,4.37272928691285,3.127573011015
FJI,FJ,Fiji,East Asia & Pacific,Upper middle income,2011,3.85933735767356,-1.75999587100971
FJI,FJ,Fiji,East Asia & Pacific,Upper middle income,2012,4.18520747199108,3.30823134254586
FJI,FJ,Fiji,East Asia & Pacific,Upper middle income,2013,2.68785970707065,2.39664036005664
FJI,FJ,Fiji,East Asia & Pacific,Upper middle income,2014,2.15650347319848,-5.99464094164554
FJI,FJ,Fiji,East Asia & Pacific,Upper middle income,2015,1.44819136922412,3.17797148120598
FJI,FJ,Fiji,East Asia & Pacific,Upper middle income,2016,2.23687311841103,3.13543108713875
FJI,FJ,Fiji,East Asia & Pacific,Upper middle income,2017,2.4244606567932,3.97454718312092
FJI,FJ,Fiji,East Asia & Pacific,Upper middle income,2018,3.08925674923103,4.19184441655754
FJI,FJ,Fiji,East Asia & Pacific,Upper middle income,2019,3.83835127206916,6.35485246179296
FJI,FJ,Fiji,East Asia & Pacific,Upper middle income,2020,6.21222696198206,10.7453953620684
FJI,FJ,Fiji,East Asia & Pacific,Upper middle income,2021,8.48402866054706,7.8999158860546
FJI,FJ,Fiji,East Asia & Pacific,Upper middle income,2022,,-2.44477145573423
FJI,FJ,Fiji,East Asia & Pacific,Upper middle income,2023,,2.15829274772142
FJI,FJ,Fiji,East Asia & Pacific,Upper middle income,2024,,-1.45418747666565
FRA,FR,France,Europe & Central Asia,High income,2000,,
FRA,FR,France,Europe & Central Asia,High income,2001,,
FRA,FR,France,Europe & Central Asia,High income,2002,,
FRA,FR,France,Europe & Central Asia,High income,2003,,
FRA,FR,France,Europe & Central Asia,High income,2004,,
FRA,FR,France,Europe & Central Asia,High income,2005,,
FRA,FR,France,Europe & Central Asia,High income,2006,,
FRA,FR,France,Europe & Central Asia,High income,2007,,
FRA,FR,France,Europe & Central Asia,High income,2008,3.24235571721792,
FRA,FR,France,Europe & Central Asia,High income,2009,4.58399416878333,
FRA,FR,France,Europe & Central Asia,High income,2010,4.3272048253125,
FRA,FR,France,Europe & Central Asia,High income,2011,4.89276263549823,
FRA,FR,France,Europe & Central Asia,High income,2012,4.29452327369678,
FRA,FR,France,Europe & Central Asia,High income,2013,4.49543407979547,
FRA,FR,France,Europe & Central Asia,High income,2014,3.72567893768622,
FRA,FR,France,Europe & Central Asia,High income,2015,3.52308121172511,
FRA,FR,France,Europe & Central Asia,High income,2016,3.49852745916487,
FRA,FR,France,Europe & Central Asia,High income,2017,2.85084082112562,
FRA,FR,France,Europe & Central Asia,High income,2018,2.74917800998469,
FRA,FR,France,Europe & Central Asia,High income,2019,2.51442386618475,
FRA,FR,France,Europe & Central Asia,High income,2020,2.38440087259745,
FRA,FR,France,Europe & Central Asia,High income,2021,2.16920501014489,
FRA,FR,France,Europe & Central Asia,High income,2022,2.07810544079029,
FRA,FR,France,Europe & Central Asia,High income,2023,2.06122418440948,
FRA,FR,France,Europe & Central Asia,High income,2024,2.08727388951242,
FRO,FO,Faroe Islands,Europe & Central Asia,High income,2000,,
FRO,FO,Faroe Islands,Europe & Central Asia,High income,2001,,
FRO,FO,Faroe Islands,Europe & Central Asia,High income,2002,,
FRO,FO,Faroe Islands,Europe & Central Asia,High income,2003,,
FRO,FO,Faroe Islands,Europe & Central Asia,High income,2004,,
FRO,FO,Faroe Islands,Europe & Central Asia,High income,2005,,
FRO,FO,Faroe Islands,Europe & Central Asia,High income,2006,,
FRO,FO,Faroe Islands,Europe & Central Asia,High income,2007,,
FRO,FO,Faroe Islands,Europe & Central Asia,High income,2008,,
FRO,FO,Faroe Islands,Europe & Central Asia,High income,2009,,
FRO,FO,Faroe Islands,Europe & Central Asia,High income,2010,,
FRO,FO,Faroe Islands,Europe & Central Asia,High income,2011,,
FRO,FO,Faroe Islands,Europe & Central Asia,High income,2012,,
FRO,FO,Faroe Islands,Europe & Central Asia,High income,2013,,
FRO,FO,Faroe Islands,Europe & Central Asia,High income,2014,,
FRO,FO,Faroe Islands,Europe & Central Asia,High income,2015,,
FRO,FO,Faroe Islands,Europe & Central Asia,High income,2016,,
FRO,FO,Faroe Islands,Europe & Central Asia,High income,2017,,
FRO,FO,Faroe Islands,Europe & Central Asia,High income,2018,,
FRO,FO,Faroe Islands,Europe & Central Asia,High income,2019,,
FRO,FO,Faroe Islands,Europe & Central Asia,High income,2020,,
FRO,FO,Faroe Islands,Europe & Central Asia,High income,2021,,
FRO,FO,Faroe Islands,Europe & Central Asia,High income,2022,,
FRO,FO,Faroe Islands,Europe & Central Asia,High income,2023,,
FRO,FO,Faroe Islands,Europe & Central Asia,High income,2024,,
FSM,FM,"Micronesia, Fed. Sts.",East Asia & Pacific,Upper middle income,2000,,14.1378894120428
FSM,FM,"Micronesia, Fed. Sts.",East Asia & Pacific,Upper middle income,2001,,14.0656467601746
FSM,FM,"Micronesia, Fed. Sts.",East Asia & Pacific,Upper middle income,2002,,15.1688303005205
FSM,FM,"Micronesia, Fed. Sts.",East Asia & Pacific,Upper middle income,2003,,15.4265268693257
FSM,FM,"Micronesia, Fed. Sts.",East Asia & Pacific,Upper middle income,2004,,14.2604210208536
FSM,FM,"Micronesia, Fed. Sts.",East Asia & Pacific,Upper middle income,2005,,14.0192307692308
FSM,FM,"Micronesia, Fed. Sts.",East Asia & Pacific,Upper middle income,2006,,13.7556050413223
FSM,FM,"Micronesia, Fed. Sts.",East Asia & Pacific,Upper middle income,2007,,10.8072886769554
FSM,FM,"Micronesia, Fed. Sts.",East Asia & Pacific,Upper middle income,2008,,8.06558570574064
FSM,FM,"Micronesia, Fed. Sts.",East Asia & Pacific,Upper middle income,2009,,10.1273402409864
FSM,FM,"Micronesia, Fed. Sts.",East Asia & Pacific,Upper middle income,2010,,11.0827242126215
FSM,FM,"Micronesia, Fed. Sts.",East Asia & Pacific,Upper middle income,2011,,12.5092682527557
FSM,FM,"Micronesia, Fed. Sts.",East Asia & Pacific,Upper middle income,2012,,6.91465587044536
FSM,FM,"Micronesia, Fed. Sts.",East Asia & Pacific,Upper middle income,2013,0.777534006143045,14.9630573248408
FSM,FM,"Micronesia, Fed. Sts.",East Asia & Pacific,Upper middle income,2014,2.56326048046766,12.0198312236287
FSM,FM,"Micronesia, Fed. Sts.",East Asia & Pacific,Upper middle income,2015,0.498571865755381,22.3229532163743
FSM,FM,"Micronesia, Fed. Sts.",East Asia & Pacific,Upper middle income,2016,3.82528881991696,11.7841646750443
FSM,FM,"Micronesia, Fed. Sts.",East Asia & Pacific,Upper middle income,2017,1.41254383636287,7.34722819277941
FSM,FM,"Micronesia, Fed. Sts.",East Asia & Pacific,Upper middle income,2018,1.21329711550899,6.44032334612687
FSM,FM,"Micronesia, Fed. Sts.",East Asia & Pacific,Upper middle income,2019,1.24871104851487,18.5783918413365
FSM,FM,"Micronesia, Fed. Sts.",East Asia & Pacific,Upper middle income,2020,0.598856031427145,18.7589951738332
FSM,FM,"Micronesia, Fed. Sts.",East Asia & Pacific,Upper middle income,2021,1.27686472819216,10.5665246982575
FSM,FM,"Micronesia, Fed. Sts.",East Asia & Pacific,Upper middle income,2022,1.43017386427369,
FSM,FM,"Micronesia, Fed. Sts.",East Asia & Pacific,Upper middle income,2023,1.72826281021246,
FSM,FM,"Micronesia, Fed. Sts.",East Asia & Pacific,Upper middle income,2024,2.76659290697815,
GAB,GA,Gabon,Sub-Saharan Africa,Upper middle income,2000,,
GAB,GA,Gabon,Sub-Saharan Africa,Upper middle income,2001,,
GAB,GA,Gabon,Sub-Saharan Africa,Upper middle income,2002,,
GAB,GA,Gabon,Sub-Saharan Africa,Upper middle income,2003,,
GAB,GA,Gabon,Sub-Saharan Africa,Upper middle income,2004,,
GAB,GA,Gabon,Sub-Saharan Africa,Upper middle income,2005,,
GAB,GA,Gabon,Sub-Saharan Africa,Upper middle income,2006,,
GAB,GA,Gabon,Sub-Saharan Africa,Upper middle income,2007,,
GAB,GA,Gabon,Sub-Saharan Africa,Upper middle income,2008,,
GAB,GA,Gabon,Sub-Saharan Africa,Upper middle income,2009,,
GAB,GA,Gabon,Sub-Saharan Africa,Upper middle income,2010,3.15900690596519,
GAB,GA,Gabon,Sub-Saharan Africa,Upper middle income,2011,2.77845670058743,
GAB,GA,Gabon,Sub-Saharan Africa,Upper middle income,2012,2.54980619434756,
GAB,GA,Gabon,Sub-Saharan Africa,Upper middle income,2013,2.74240086893029,
GAB,GA,Gabon,Sub-Saharan Africa,Upper middle income,2014,4.06703210187157,
GAB,GA,Gabon,Sub-Saharan Africa,Upper middle income,2015,9.14167909664759,
GAB,GA,Gabon,Sub-Saharan Africa,Upper middle income,2016,9.03294748434874,
GAB,GA,Gabon,Sub-Saharan Africa,Upper middle income,2017,11.7976428473644,
GAB,GA,Gabon,Sub-Saharan Africa,Upper middle income,2018,15.7296765322634,
GAB,GA,Gabon,Sub-Saharan Africa,Upper middle income,2019,9.22897960246657,
GAB,GA,Gabon,Sub-Saharan Africa,Upper middle income,2020,8.95723122279165,
GAB,GA,Gabon,Sub-Saharan Africa,Upper middle income,2021,7.60742095202825,
GAB,GA,Gabon,Sub-Saharan Africa,Upper middle income,2022,7.63650114773748,
GAB,GA,Gabon,Sub-Saharan Africa,Upper middle income,2023,7.57502661808912,
GAB,GA,Gabon,Sub-Saharan Africa,Upper middle income,2024,,
GBR,GB,United Kingdom,Europe & Central Asia,High income,2000,,4.94007778507734
GBR,GB,United Kingdom,Europe & Central Asia,High income,2001,,3.35276851534879
GBR,GB,United Kingdom,Europe & Central Asia,High income,2002,,1.87229360848
GBR,GB,United Kingdom,Europe & Central Asia,High income,2003,,1.28051509830497
GBR,GB,United Kingdom,Europe & Central Asia,High income,2004,,1.60543979164839
GBR,GB,United Kingdom,Europe & Central Asia,High income,2005,0.993470630559823,1.73498971863596
GBR,GB,United Kingdom,Europe & Central Asia,High income,2006,,1.51610423583348
GBR,GB,United Kingdom,Europe & Central Asia,High income,2007,,3.44659213990367
GBR,GB,United Kingdom,Europe & Central Asia,High income,2008,1.55697368984838,1.32675740896323
GBR,GB,United Kingdom,Europe & Central Asia,High income,2009,3.50865701820859,-1.33576903136853
GBR,GB,United Kingdom,Europe & Central Asia,High income,2010,3.95483378788783,-0.817511776035438
GBR,GB,United Kingdom,Europe & Central Asia,High income,2011,3.9618682056152,-1.92821635664364
GBR,GB,United Kingdom,Europe & Central Asia,High income,2012,3.58628400773794,-1.03179878401941
GBR,GB,United Kingdom,Europe & Central Asia,High income,2013,3.11174173873798,-1.62209771601829
GBR,GB,United Kingdom,Europe & Central Asia,High income,2014,1.65439301070172,-1.0787978449774
GBR,GB,United Kingdom,Europe & Central Asia,High income,2015,1.01449977058357,
GBR,GB,United Kingdom,Europe & Central Asia,High income,2016,1.68729249856196,
GBR,GB,United Kingdom,Europe & Central Asia,High income,2017,1.35973989613412,
GBR,GB,United Kingdom,Europe & Central Asia,High income,2018,1.09642089877807,
GBR,GB,United Kingdom,Europe & Central Asia,High income,2019,1.01809935045005,
GBR,GB,United Kingdom,Europe & Central Asia,High income,2020,0.983324631099749,
GBR,GB,United Kingdom,Europe & Central Asia,High income,2021,0.969313241835594,
GBR,GB,United Kingdom,Europe & Central Asia,High income,2022,0.93919727879646,
GBR,GB,United Kingdom,Europe & Central Asia,High income,2023,0.970314059008282,
GBR,GB,United Kingdom,Europe & Central Asia,High income,2024,1.01582508527651,
GEO,GE,Georgia,Europe & Central Asia,Upper middle income,2000,,
GEO,GE,Georgia,Europe & Central Asia,Upper middle income,2001,,
GEO,GE,Georgia,Europe & Central Asia,Upper middle income,2002,,
GEO,GE,Georgia,Europe & Central Asia,Upper middle income,2003,2.34319465597397,19.6559499381247
GEO,GE,Georgia,Europe & Central Asia,Upper middle income,2004,1.97156766439632,12.5915017351008
GEO,GE,Georgia,Europe & Central Asia,Upper middle income,2005,1.19432598058677,8.90886137260649
GEO,GE,Georgia,Europe & Central Asia,Upper middle income,2006,0.805882163646929,7.94206278552402
GEO,GE,Georgia,Europe & Central Asia,Upper middle income,2007,0.838418571196985,6.959698540142
GEO,GE,Georgia,Europe & Central Asia,Upper middle income,2008,4.05808130517855,7.7120416623527
GEO,GE,Georgia,Europe & Central Asia,Upper middle income,2009,6.25544102917719,20.4386061695395
GEO,GE,Georgia,Europe & Central Asia,Upper middle income,2010,5.91968270460939,-0.0524161381825589
GEO,GE,Georgia,Europe & Central Asia,Upper middle income,2011,4.52600160107428,5.33421645154784
GEO,GE,Georgia,Europe & Central Asia,Upper middle income,2012,3.68025550193122,14.4751367835711
GEO,GE,Georgia,Europe & Central Asia,Upper middle income,2013,3.03171606579416,14.3391997951601
GEO,GE,Georgia,Europe & Central Asia,Upper middle income,2014,3.027064429527,6.99857918583667
GEO,GE,Georgia,Europe & Central Asia,Upper middle income,2015,2.7114511435798,6.74817591228454
GEO,GE,Georgia,Europe & Central Asia,Upper middle income,2016,3.44697501744778,10.115978102529
GEO,GE,Georgia,Europe & Central Asia,Upper middle income,2017,2.77879996979284,3.66225712829474
GEO,GE,Georgia,Europe & Central Asia,Upper middle income,2018,2.67886834382406,7.37748362882285
GEO,GE,Georgia,Europe & Central Asia,Upper middle income,2019,1.92840956509861,6.55865669781933
GEO,GE,Georgia,Europe & Central Asia,Upper middle income,2020,2.26743833598588,4.63543510413947
GEO,GE,Georgia,Europe & Central Asia,Upper middle income,2021,1.87663102481131,2.06923029008173
GEO,GE,Georgia,Europe & Central Asia,Upper middle income,2022,1.51454798632001,5.10459321971571
GEO,GE,Georgia,Europe & Central Asia,Upper middle income,2023,2.51612400397744,12.6861439346055
GEO,GE,Georgia,Europe & Central Asia,Upper middle income,2024,2.52545522539037,9.6110844098354
GHA,GH,Ghana,Sub-Saharan Africa,Lower middle income,2000,,
GHA,GH,Ghana,Sub-Saharan Africa,Lower middle income,2001,,
GHA,GH,Ghana,Sub-Saharan Africa,Lower middle income,2002,,
GHA,GH,Ghana,Sub-Saharan Africa,Lower middle income,2003,,
GHA,GH,Ghana,Sub-Saharan Africa,Lower middle income,2004,,
GHA,GH,Ghana,Sub-Saharan Africa,Lower middle income,2005,,
GHA,GH,Ghana,Sub-Saharan Africa,Lower middle income,2006,,
GHA,GH,Ghana,Sub-Saharan Africa,Lower middle income,2007,,
GHA,GH,Ghana,Sub-Saharan Africa,Lower middle income,2008,7.67772566797717,
GHA,GH,Ghana,Sub-Saharan Africa,Lower middle income,2009,16.200000013472,
GHA,GH,Ghana,Sub-Saharan Africa,Lower middle income,2010,18.0818565043657,
GHA,GH,Ghana,Sub-Saharan Africa,Lower middle income,2011,14.1459892948403,
GHA,GH,Ghana,Sub-Saharan Africa,Lower middle income,2012,13.1966714743995,
GHA,GH,Ghana,Sub-Saharan Africa,Lower middle income,2013,11.9989351569178,
GHA,GH,Ghana,Sub-Saharan Africa,Lower middle income,2014,11.2691730269489,
GHA,GH,Ghana,Sub-Saharan Africa,Lower middle income,2015,14.6736173400465,
GHA,GH,Ghana,Sub-Saharan Africa,Lower middle income,2016,17.2944005721657,
GHA,GH,Ghana,Sub-Saharan Africa,Lower middle income,2017,21.5912492157277,
GHA,GH,Ghana,Sub-Saharan Africa,Lower middle income,2018,18.1871529944042,
GHA,GH,Ghana,Sub-Saharan Africa,Lower middle income,2019,13.9419112610375,
GHA,GH,Ghana,Sub-Saharan Africa,Lower middle income,2020,14.7938784472408,
GHA,GH,Ghana,Sub-Saharan Africa,Lower middle income,2021,15.1166575274938,
GHA,GH,Ghana,Sub-Saharan Africa,Lower middle income,2022,14.7948102065663,
GHA,GH,Ghana,Sub-Saharan Africa,Lower middle income,2023,20.5784141422521,
GHA,GH,Ghana,Sub-Saharan Africa,Lower middle income,2024,21.7917694428275,
GIB,GI,Gibraltar,Europe & Central Asia,High income,2000,,
GIB,GI,Gibraltar,Europe & Central Asia,High income,2001,,
GIB,GI,Gibraltar,Europe & Central Asia,High income,2002,,
GIB,GI,Gibraltar,Europe & Central Asia,High income,2003,,
GIB,GI,Gibraltar,Europe & Central Asia,High income,2004,,
GIB,GI,Gibraltar,Europe & Central Asia,High income,2005,,
GIB,GI,Gibraltar,Europe & Central Asia,High income,2006,,
GIB,GI,Gibraltar,Europe & Central Asia,High income,2007,,
GIB,GI,Gibraltar,Europe & Central Asia,High income,2008,,
GIB,GI,Gibraltar,Europe & Central Asia,High income,2009,,
GIB,GI,Gibraltar,Europe & Central Asia,High income,2010,,
GIB,GI,Gibraltar,Europe & Central Asia,High income,2011,,
GIB,GI,Gibraltar,Europe & Central Asia,High income,2012,,
GIB,GI,Gibraltar,Europe & Central Asia,High income,2013,,
GIB,GI,Gibraltar,Europe & Central Asia,High income,2014,,
GIB,GI,Gibraltar,Europe & Central Asia,High income,2015,,
GIB,GI,Gibraltar,Europe & Central Asia,High income,2016,,
GIB,GI,Gibraltar,Europe & Central Asia,High income,2017,,
GIB,GI,Gibraltar,Europe & Central Asia,High income,2018,,
GIB,GI,Gibraltar,Europe & Central Asia,High income,2019,,
GIB,GI,Gibraltar,Europe & Central Asia,High income,2020,,
GIB,GI,Gibraltar,Europe & Central Asia,High income,2021,,
GIB,GI,Gibraltar,Europe & Central Asia,High income,2022,,
GIB,GI,Gibraltar,Europe & Central Asia,High income,2023,,
GIB,GI,Gibraltar,Europe & Central Asia,High income,2024,,
GIN,GN,Guinea,Sub-Saharan Africa,Lower middle income,2000,,12.2999631183486
GIN,GN,Guinea,Sub-Saharan Africa,Lower middle income,2001,,10.9310156857046
GIN,GN,Guinea,Sub-Saharan Africa,Lower middle income,2002,,
GIN,GN,Guinea,Sub-Saharan Africa,Lower middle income,2003,,
GIN,GN,Guinea,Sub-Saharan Africa,Lower middle income,2004,,
GIN,GN,Guinea,Sub-Saharan Africa,Lower middle income,2005,,
GIN,GN,Guinea,Sub-Saharan Africa,Lower middle income,2006,,
GIN,GN,Guinea,Sub-Saharan Africa,Lower middle income,2007,,
GIN,GN,Guinea,Sub-Saharan Africa,Lower middle income,2008,,
GIN,GN,Guinea,Sub-Saharan Africa,Lower middle income,2009,,
GIN,GN,Guinea,Sub-Saharan Africa,Lower middle income,2010,,
GIN,GN,Guinea,Sub-Saharan Africa,Lower middle income,2011,,
GIN,GN,Guinea,Sub-Saharan Africa,Lower middle income,2012,,
GIN,GN,Guinea,Sub-Saharan Africa,Lower middle income,2013,6.15496574519735,
GIN,GN,Guinea,Sub-Saharan Africa,Lower middle income,2014,6.0139869114092,
GIN,GN,Guinea,Sub-Saharan Africa,Lower middle income,2015,5.95327169818964,
GIN,GN,Guinea,Sub-Saharan Africa,Lower middle income,2016,9.16641089773862,
GIN,GN,Guinea,Sub-Saharan Africa,Lower middle income,2017,10.2871550968224,
GIN,GN,Guinea,Sub-Saharan Africa,Lower middle income,2018,11.5442351963473,
GIN,GN,Guinea,Sub-Saharan Africa,Lower middle income,2019,9.8643988957737,
GIN,GN,Guinea,Sub-Saharan Africa,Lower middle income,2020,9.37924605122679,
GIN,GN,Guinea,Sub-Saharan Africa,Lower middle income,2021,9.19338829511041,
GIN,GN,Guinea,Sub-Saharan Africa,Lower middle income,2022,8.76123017221236,
GIN,GN,Guinea,Sub-Saharan Africa,Lower middle income,2023,8.9092709671129,
GIN,GN,Guinea,Sub-Saharan Africa,Lower middle income,2024,6.69011606207076,
GMB,GM,"Gambia, The",Sub-Saharan Africa,Low income,2000,,21.3105658477455
GMB,GM,"Gambia, The",Sub-Saharan Africa,Low income,2001,,21.8009596150585
GMB,GM,"Gambia, The",Sub-Saharan Africa,Low income,2002,,12.3276471183113
GMB,GM,"Gambia, The",Sub-Saharan Africa,Low income,2003,,14.5618019700946
GMB,GM,"Gambia, The",Sub-Saharan Africa,Low income,2004,,-29.7080592355656
GMB,GM,"Gambia, The",Sub-Saharan Africa,Low income,2005,12.5685109343527,29.5857607936758
GMB,GM,"Gambia, The",Sub-Saharan Africa,Low income,2006,13.1872300249818,28.0808453037745
GMB,GM,"Gambia, The",Sub-Saharan Africa,Low income,2007,10.4360871569687,22.5081465077466
GMB,GM,"Gambia, The",Sub-Saharan Africa,Low income,2008,13.6753466789579,23.9316435246054
GMB,GM,"Gambia, The",Sub-Saharan Africa,Low income,2009,12.309189801991,21.5156286283877
GMB,GM,"Gambia, The",Sub-Saharan Africa,Low income,2010,14.5159542755099,20.2146854118755
GMB,GM,"Gambia, The",Sub-Saharan Africa,Low income,2011,12.1459044470398,22.4035581485361
GMB,GM,"Gambia, The",Sub-Saharan Africa,Low income,2012,12.0390048184338,23.2604386536329
GMB,GM,"Gambia, The",Sub-Saharan Africa,Low income,2013,19.0704746911573,20.830941492836
GMB,GM,"Gambia, The",Sub-Saharan Africa,Low income,2014,7.22312243018901,22.1346787273183
GMB,GM,"Gambia, The",Sub-Saharan Africa,Low income,2015,6.48607001106877,
GMB,GM,"Gambia, The",Sub-Saharan Africa,Low income,2016,9.32276053366426,
GMB,GM,"Gambia, The",Sub-Saharan Africa,Low income,2017,7.33747091958366,24.1318963090858
GMB,GM,"Gambia, The",Sub-Saharan Africa,Low income,2018,3.15265862122247,19.6801204275511
GMB,GM,"Gambia, The",Sub-Saharan Africa,Low income,2019,4.54670680816959,20.4680865814816
GMB,GM,"Gambia, The",Sub-Saharan Africa,Low income,2020,6.43688937402732,25.2583956439869
GMB,GM,"Gambia, The",Sub-Saharan Africa,Low income,2021,5.14850706712082,11.2848180137213
GMB,GM,"Gambia, The",Sub-Saharan Africa,Low income,2022,4.55773796070112,9.35783664559597
GMB,GM,"Gambia, The",Sub-Saharan Africa,Low income,2023,,6.18261213122462
GMB,GM,"Gambia, The",Sub-Saharan Africa,Low income,2024,,15.3152949956772
GNB,GW,Guinea-Bissau,Sub-Saharan Africa,Low income,2000,,
GNB,GW,Guinea-Bissau,Sub-Saharan Africa,Low income,2001,,
GNB,GW,Guinea-Bissau,Sub-Saharan Africa,Low income,2002,,
GNB,GW,Guinea-Bissau,Sub-Saharan Africa,Low income,2003,,
GNB,GW,Guinea-Bissau,Sub-Saharan Africa,Low income,2004,,
GNB,GW,Guinea-Bissau,Sub-Saharan Africa,Low income,2005,,
GNB,GW,Guinea-Bissau,Sub-Saharan Africa,Low income,2006,,9.37799743814337
GNB,GW,Guinea-Bissau,Sub-Saharan Africa,Low income,2007,,-1.16859705966585
GNB,GW,Guinea-Bissau,Sub-Saharan Africa,Low income,2008,,-6.89817091492966
GNB,GW,Guinea-Bissau,Sub-Saharan Africa,Low income,2009,,9.15282226024625
GNB,GW,Guinea-Bissau,Sub-Saharan Africa,Low income,2010,,-0.0966422791036062
GNB,GW,Guinea-Bissau,Sub-Saharan Africa,Low income,2011,,-2.9478277560276
GNB,GW,Guinea-Bissau,Sub-Saharan Africa,Low income,2012,,5.06776733223575
GNB,GW,Guinea-Bissau,Sub-Saharan Africa,Low income,2013,,6.27830634064677
GNB,GW,Guinea-Bissau,Sub-Saharan Africa,Low income,2014,,3.98901618806403
GNB,GW,Guinea-Bissau,Sub-Saharan Africa,Low income,2015,,-8.1780682851766
GNB,GW,Guinea-Bissau,Sub-Saharan Africa,Low income,2016,,2.50906461852061
GNB,GW,Guinea-Bissau,Sub-Saharan Africa,Low income,2017,,
GNB,GW,Guinea-Bissau,Sub-Saharan Africa,Low income,2018,,
GNB,GW,Guinea-Bissau,Sub-Saharan Africa,Low income,2019,,
GNB,GW,Guinea-Bissau,Sub-Saharan Africa,Low income,2020,,
GNB,GW,Guinea-Bissau,Sub-Saharan Africa,Low income,2021,,
GNB,GW,Guinea-Bissau,Sub-Saharan Africa,Low income,2022,,
GNB,GW,Guinea-Bissau,Sub-Saharan Africa,Low income,2023,,
GNB,GW,Guinea-Bissau,Sub-Saharan Africa,Low income,2024,,
GNQ,GQ,Equatorial Guinea,Sub-Saharan Africa,Upper middle income,2000,,
GNQ,GQ,Equatorial Guinea,Sub-Saharan Africa,Upper middle income,2001,,
GNQ,GQ,Equatorial Guinea,Sub-Saharan Africa,Upper middle income,2002,,
GNQ,GQ,Equatorial Guinea,Sub-Saharan Africa,Upper middle income,2003,,
GNQ,GQ,Equatorial Guinea,Sub-Saharan Africa,Upper middle income,2004,,
GNQ,GQ,Equatorial Guinea,Sub-Saharan Africa,Upper middle income,2005,,
GNQ,GQ,Equatorial Guinea,Sub-Saharan Africa,Upper middle income,2006,,
GNQ,GQ,Equatorial Guinea,Sub-Saharan Africa,Upper middle income,2007,,
GNQ,GQ,Equatorial Guinea,Sub-Saharan Africa,Upper middle income,2008,,
GNQ,GQ,Equatorial Guinea,Sub-Saharan Africa,Upper middle income,2009,,
GNQ,GQ,Equatorial Guinea,Sub-Saharan Africa,Upper middle income,2010,4.72033072957954,
GNQ,GQ,Equatorial Guinea,Sub-Saharan Africa,Upper middle income,2011,4.41781877081119,
GNQ,GQ,Equatorial Guinea,Sub-Saharan Africa,Upper middle income,2012,5.76775100732085,
GNQ,GQ,Equatorial Guinea,Sub-Saharan Africa,Upper middle income,2013,20.1302259830138,
GNQ,GQ,Equatorial Guinea,Sub-Saharan Africa,Upper middle income,2014,19.7351789788204,
GNQ,GQ,Equatorial Guinea,Sub-Saharan Africa,Upper middle income,2015,17.6985743714901,
GNQ,GQ,Equatorial Guinea,Sub-Saharan Africa,Upper middle income,2016,25.0939937723464,
GNQ,GQ,Equatorial Guinea,Sub-Saharan Africa,Upper middle income,2017,27.5258097844518,
GNQ,GQ,Equatorial Guinea,Sub-Saharan Africa,Upper middle income,2018,36.9237925384333,
GNQ,GQ,Equatorial Guinea,Sub-Saharan Africa,Upper middle income,2019,49.0658298487693,
GNQ,GQ,Equatorial Guinea,Sub-Saharan Africa,Upper middle income,2020,52.2420807240481,
GNQ,GQ,Equatorial Guinea,Sub-Saharan Africa,Upper middle income,2021,55.0803396620946,
GNQ,GQ,Equatorial Guinea,Sub-Saharan Africa,Upper middle income,2022,55.4109645865667,
GNQ,GQ,Equatorial Guinea,Sub-Saharan Africa,Upper middle income,2023,31.1481310604313,
GNQ,GQ,Equatorial Guinea,Sub-Saharan Africa,Upper middle income,2024,,
GRC,GR,Greece,Europe & Central Asia,High income,2000,,
GRC,GR,Greece,Europe & Central Asia,High income,2001,,
GRC,GR,Greece,Europe & Central Asia,High income,2002,,
GRC,GR,Greece,Europe & Central Asia,High income,2003,,
GRC,GR,Greece,Europe & Central Asia,High income,2004,,
GRC,GR,Greece,Europe & Central Asia,High income,2005,,
GRC,GR,Greece,Europe & Central Asia,High income,2006,,
GRC,GR,Greece,Europe & Central Asia,High income,2007,,
GRC,GR,Greece,Europe & Central Asia,High income,2008,2.47019680774368,
GRC,GR,Greece,Europe & Central Asia,High income,2009,3.77370944783239,
GRC,GR,Greece,Europe & Central Asia,High income,2010,5.62295516381546,
GRC,GR,Greece,Europe & Central Asia,High income,2011,9.19946087632774,
GRC,GR,Greece,Europe & Central Asia,High income,2012,15.7182240298713,
GRC,GR,Greece,Europe & Central Asia,High income,2013,27.8147390613921,
GRC,GR,Greece,Europe & Central Asia,High income,2014,29.9945374662288,
GRC,GR,Greece,Europe & Central Asia,High income,2015,35.7068688820244,
GRC,GR,Greece,Europe & Central Asia,High income,2016,37.3561319650911,
GRC,GR,Greece,Europe & Central Asia,High income,2017,45.966797966588,
GRC,GR,Greece,Europe & Central Asia,High income,2018,43.3731858901073,
GRC,GR,Greece,Europe & Central Asia,High income,2019,38.0724169271523,
GRC,GR,Greece,Europe & Central Asia,High income,2020,30.8146791725641,
GRC,GR,Greece,Europe & Central Asia,High income,2021,11.881332954805,
GRC,GR,Greece,Europe & Central Asia,High income,2022,8.17432019475188,
GRC,GR,Greece,Europe & Central Asia,High income,2023,5.95812847046635,
GRC,GR,Greece,Europe & Central Asia,High income,2024,3.46297888111995,
GRD,GD,Grenada,Latin America & Caribbean,Upper middle income,2000,,8.4930103677685
GRD,GD,Grenada,Latin America & Caribbean,Upper middle income,2001,,7.87371781001669
GRD,GD,Grenada,Latin America & Caribbean,Upper middle income,2002,,10.8965308423077
GRD,GD,Grenada,Latin America & Caribbean,Upper middle income,2003,,12.1346396745791
GRD,GD,Grenada,Latin America & Caribbean,Upper middle income,2004,,7.99137765738598
GRD,GD,Grenada,Latin America & Caribbean,Upper middle income,2005,,7.39131272579977
GRD,GD,Grenada,Latin America & Caribbean,Upper middle income,2006,,4.98861196232189
GRD,GD,Grenada,Latin America & Caribbean,Upper middle income,2007,,7.26792403678251
GRD,GD,Grenada,Latin America & Caribbean,Upper middle income,2008,,1.55891637090333
GRD,GD,Grenada,Latin America & Caribbean,Upper middle income,2009,,11.0040426570786
GRD,GD,Grenada,Latin America & Caribbean,Upper middle income,2010,,10.0470160967526
GRD,GD,Grenada,Latin America & Caribbean,Upper middle income,2011,,10.4380374487312
GRD,GD,Grenada,Latin America & Caribbean,Upper middle income,2012,,5.58064548514391
GRD,GD,Grenada,Latin America & Caribbean,Upper middle income,2013,,6.16684561719863
GRD,GD,Grenada,Latin America & Caribbean,Upper middle income,2014,,8.34606768150651
GRD,GD,Grenada,Latin America & Caribbean,Upper middle income,2015,9.950332,6.03764923330236
GRD,GD,Grenada,Latin America & Caribbean,Upper middle income,2016,6.700865,5.83642534217734
GRD,GD,Grenada,Latin America & Caribbean,Upper middle income,2017,3.906645,6.6843122956056
GRD,GD,Grenada,Latin America & Caribbean,Upper middle income,2018,2.402814,8.59987824067676
GRD,GD,Grenada,Latin America & Caribbean,Upper middle income,2019,2.202504,4.106838562838
GRD,GD,Grenada,Latin America & Caribbean,Upper middle income,2020,2.23632640932667,7.15464657927515
GRD,GD,Grenada,Latin America & Caribbean,Upper middle income,2021,2.93784307856071,3.71656968002062
GRD,GD,Grenada,Latin America & Caribbean,Upper middle income,2022,3.58316404502993,4.72110993874028
GRD,GD,Grenada,Latin America & Caribbean,Upper middle income,2023,3.12926,2.36887421410956
GRD,GD,Grenada,Latin America & Caribbean,Upper middle income,2024,2.630173,8.2487518091856
GRL,GL,Greenland,Europe & Central Asia,High income,2000,,
GRL,GL,Greenland,Europe & Central Asia,High income,2001,,
GRL,GL,Greenland,Europe & Central Asia,High income,2002,,
GRL,GL,Greenland,Europe & Central Asia,High income,2003,,
GRL,GL,Greenland,Europe & Central Asia,High income,2004,,
GRL,GL,Greenland,Europe & Central Asia,High income,2005,,
GRL,GL,Greenland,Europe & Central Asia,High income,2006,,
GRL,GL,Greenland,Europe & Central Asia,High income,2007,,
GRL,GL,Greenland,Europe & Central Asia,High income,2008,,
GRL,GL,Greenland,Europe & Central Asia,High income,2009,,
GRL,GL,Greenland,Europe & Central Asia,High income,2010,,
GRL,GL,Greenland,Europe & Central Asia,High income,2011,,
GRL,GL,Greenland,Europe & Central Asia,High income,2012,,
GRL,GL,Greenland,Europe & Central Asia,High income,2013,,
GRL,GL,Greenland,Europe & Central Asia,High income,2014,,
GRL,GL,Greenland,Europe & Central Asia,High income,2015,,
GRL,GL,Greenland,Europe & Central Asia,High income,2016,,
GRL,GL,Greenland,Europe & Central Asia,High income,2017,,
GRL,GL,Greenland,Europe & Central Asia,High income,2018,,
GRL,GL,Greenland,Europe & Central Asia,High income,2019,,
GRL,GL,Greenland,Europe & Central Asia,High income,2020,,
GRL,GL,Greenland,Europe & Central Asia,High income,2021,,
GRL,GL,Greenland,Europe & Central Asia,High income,2022,,
GRL,GL,Greenland,Europe & Central Asia,High income,2023,,
GRL,GL,Greenland,Europe & Central Asia,High income,2024,,
GTM,GT,Guatemala,Latin America & Caribbean,Upper middle income,2000,,13.1531750593886
GTM,GT,Guatemala,Latin America & Caribbean,Upper middle income,2001,,26.0278452141985
GTM,GT,Guatemala,Latin America & Caribbean,Upper middle income,2002,,9.76338136820481
GTM,GT,Guatemala,Latin America & Caribbean,Upper middle income,2003,,10.0574083332612
GTM,GT,Guatemala,Latin America & Caribbean,Upper middle income,2004,,7.34454924202278
GTM,GT,Guatemala,Latin America & Caribbean,Upper middle income,2005,,6.96981805724988
GTM,GT,Guatemala,Latin America & Caribbean,Upper middle income,2006,,7.41195297211511
GTM,GT,Guatemala,Latin America & Caribbean,Upper middle income,2007,,5.34126630243767
GTM,GT,Guatemala,Latin America & Caribbean,Upper middle income,2008,,3.64159234246354
GTM,GT,Guatemala,Latin America & Caribbean,Upper middle income,2009,2.71061566979646,9.8928320985951
GTM,GT,Guatemala,Latin America & Caribbean,Upper middle income,2010,2.11039674737653,7.80319865201801
GTM,GT,Guatemala,Latin America & Caribbean,Upper middle income,2011,1.60613239480949,6.11382983166567
GTM,GT,Guatemala,Latin America & Caribbean,Upper middle income,2012,1.34453970286514,9.77861845512877
GTM,GT,Guatemala,Latin America & Caribbean,Upper middle income,2013,1.19312533153281,9.90635406784334
GTM,GT,Guatemala,Latin America & Caribbean,Upper middle income,2014,1.28775491932621,10.6094902661775
GTM,GT,Guatemala,Latin America & Caribbean,Upper middle income,2015,1.34732299472207,10.7558577852352
GTM,GT,Guatemala,Latin America & Caribbean,Upper middle income,2016,2.05475436425969,10.120490256576
GTM,GT,Guatemala,Latin America & Caribbean,Upper middle income,2017,2.3239981630954,11.1119902380682
GTM,GT,Guatemala,Latin America & Caribbean,Upper middle income,2018,2.17622104946275,11.5054732439859
GTM,GT,Guatemala,Latin America & Caribbean,Upper middle income,2019,2.20127204363775,8.85911772509396
GTM,GT,Guatemala,Latin America & Caribbean,Upper middle income,2020,1.83008750356037,9.38398901198026
GTM,GT,Guatemala,Latin America & Caribbean,Upper middle income,2021,1.72976919973524,8.78202391034628
GTM,GT,Guatemala,Latin America & Caribbean,Upper middle income,2022,1.25341986613831,5.22374640249701
GTM,GT,Guatemala,Latin America & Caribbean,Upper middle income,2023,1.74956100410214,5.11615967168377
GTM,GT,Guatemala,Latin America & Caribbean,Upper middle income,2024,2.47132618857166,8.40579505859698
GUM,GU,Guam,East Asia & Pacific,High income,2000,,
GUM,GU,Guam,East Asia & Pacific,High income,2001,,
GUM,GU,Guam,East Asia & Pacific,High income,2002,,
GUM,GU,Guam,East Asia & Pacific,High income,2003,,
GUM,GU,Guam,East Asia & Pacific,High income,2004,,
GUM,GU,Guam,East Asia & Pacific,High income,2005,,
GUM,GU,Guam,East Asia & Pacific,High income,2006,,
GUM,GU,Guam,East Asia & Pacific,High income,2007,,
GUM,GU,Guam,East Asia & Pacific,High income,2008,,
GUM,GU,Guam,East Asia & Pacific,High income,2009,,
GUM,GU,Guam,East Asia & Pacific,High income,2010,,
GUM,GU,Guam,East Asia & Pacific,High income,2011,,
GUM,GU,Guam,East Asia & Pacific,High income,2012,,
GUM,GU,Guam,East Asia & Pacific,High income,2013,,
GUM,GU,Guam,East Asia & Pacific,High income,2014,,
GUM,GU,Guam,East Asia & Pacific,High income,2015,,
GUM,GU,Guam,East Asia & Pacific,High income,2016,,
GUM,GU,Guam,East Asia & Pacific,High income,2017,,
GUM,GU,Guam,East Asia & Pacific,High income,2018,,
GUM,GU,Guam,East Asia & Pacific,High income,2019,,
GUM,GU,Guam,East Asia & Pacific,High income,2020,,
GUM,GU,Guam,East Asia & Pacific,High income,2021,,
GUM,GU,Guam,East Asia & Pacific,High income,2022,,
GUM,GU,Guam,East Asia & Pacific,High income,2023,,
GUM,GU,Guam,East Asia & Pacific,High income,2024,,
GUY,GY,Guyana,Latin America & Caribbean,High income,2000,,10.0534953418167
GUY,GY,Guyana,Latin America & Caribbean,High income,2001,,16.6319781955821
GUY,GY,Guyana,Latin America & Caribbean,High income,2002,,13.3564755150324
GUY,GY,Guyana,Latin America & Caribbean,High income,2003,,9.81042651108704
GUY,GY,Guyana,Latin America & Caribbean,High income,2004,,7.27362353382847
GUY,GY,Guyana,Latin America & Caribbean,High income,2005,,6.41851576086262
GUY,GY,Guyana,Latin America & Caribbean,High income,2006,,-58.3271742993337
GUY,GY,Guyana,Latin America & Caribbean,High income,2007,,5.91420681228497
GUY,GY,Guyana,Latin America & Caribbean,High income,2008,,4.58925923220444
GUY,GY,Guyana,Latin America & Caribbean,High income,2009,,13.2356719952726
GUY,GY,Guyana,Latin America & Caribbean,High income,2010,,10.1656425967412
GUY,GY,Guyana,Latin America & Caribbean,High income,2011,,11.7587764160363
GUY,GY,Guyana,Latin America & Caribbean,High income,2012,,8.72119167293918
GUY,GY,Guyana,Latin America & Caribbean,High income,2013,,14.1124191336406
GUY,GY,Guyana,Latin America & Caribbean,High income,2014,,15.260022323101
GUY,GY,Guyana,Latin America & Caribbean,High income,2015,,9.54233962133678
GUY,GY,Guyana,Latin America & Caribbean,High income,2016,,11.9940959906913
GUY,GY,Guyana,Latin America & Caribbean,High income,2017,,10.66604440961
GUY,GY,Guyana,Latin America & Caribbean,High income,2018,,16.3598774102234
GUY,GY,Guyana,Latin America & Caribbean,High income,2019,,7.30175934817451
GUY,GY,Guyana,Latin America & Caribbean,High income,2020,,48.5203312216654
GUY,GY,Guyana,Latin America & Caribbean,High income,2021,,-11.0626956511272
GUY,GY,Guyana,Latin America & Caribbean,High income,2022,,-3.25162203798925
GUY,GY,Guyana,Latin America & Caribbean,High income,2023,,26.1442166832254
GUY,GY,Guyana,Latin America & Caribbean,High income,2024,,6.92204802062811
HKG,HK,"Hong Kong SAR, China",East Asia & Pacific,High income,2000,,13.1100357737687
HKG,HK,"Hong Kong SAR, China",East Asia & Pacific,High income,2001,,8.7734111291461
HKG,HK,"Hong Kong SAR, China",East Asia & Pacific,High income,2002,,8.80561391690081
HKG,HK,"Hong Kong SAR, China",East Asia & Pacific,High income,2003,,11.7113588795621
HKG,HK,"Hong Kong SAR, China",East Asia & Pacific,High income,2004,,8.93243485762122
HKG,HK,"Hong Kong SAR, China",East Asia & Pacific,High income,2005,,6.36794909320008
HKG,HK,"Hong Kong SAR, China",East Asia & Pacific,High income,2006,,8.49695306657142
HKG,HK,"Hong Kong SAR, China",East Asia & Pacific,High income,2007,,4.29045235161889
HKG,HK,"Hong Kong SAR, China",East Asia & Pacific,High income,2008,1.23,3.98003510610094
HKG,HK,"Hong Kong SAR, China",East Asia & Pacific,High income,2009,1.58,5.39572208151206
HKG,HK,"Hong Kong SAR, China",East Asia & Pacific,High income,2010,0.83,4.7166142981501
HKG,HK,"Hong Kong SAR, China",East Asia & Pacific,High income,2011,0.69,1.06074207908579
HKG,HK,"Hong Kong SAR, China",East Asia & Pacific,High income,2012,0.6,1.405389767774
HKG,HK,"Hong Kong SAR, China",East Asia & Pacific,High income,2013,0.54,3.13081762384761
HKG,HK,"Hong Kong SAR, China",East Asia & Pacific,High income,2014,0.51,2.09015128955099
HKG,HK,"Hong Kong SAR, China",East Asia & Pacific,High income,2015,0.73,1.30876698673748
HKG,HK,"Hong Kong SAR, China",East Asia & Pacific,High income,2016,0.854318088546397,3.30755931418851
HKG,HK,"Hong Kong SAR, China",East Asia & Pacific,High income,2017,0.668925745235763,2.06007627856722
HKG,HK,"Hong Kong SAR, China",East Asia & Pacific,High income,2018,0.546970804225276,1.33330146436066
HKG,HK,"Hong Kong SAR, China",East Asia & Pacific,High income,2019,0.568032237016265,2.99790553150519
HKG,HK,"Hong Kong SAR, China",East Asia & Pacific,High income,2020,0.902373530647949,4.33401079735599
HKG,HK,"Hong Kong SAR, China",East Asia & Pacific,High income,2021,0.878169345365409,4.28707683812332
HKG,HK,"Hong Kong SAR, China",East Asia & Pacific,High income,2022,1.01785430019981,3.35891988912725
HKG,HK,"Hong Kong SAR, China",East Asia & Pacific,High income,2023,1.20273871538593,2.79777614676466
HKG,HK,"Hong Kong SAR, China",East Asia & Pacific,High income,2024,1.55962294621642,1.51761946953634
HND,HN,Honduras,Latin America & Caribbean,Lower middle income,2000,,19.595189140859
HND,HN,Honduras,Latin America & Caribbean,Lower middle income,2001,,14.5070191720073
HND,HN,Honduras,Latin America & Caribbean,Lower middle income,2002,,16.7023341391042
HND,HN,Honduras,Latin America & Caribbean,Lower middle income,2003,,14.2250659198217
HND,HN,Honduras,Latin America & Caribbean,Lower middle income,2004,,12.6107713947499
HND,HN,Honduras,Latin America & Caribbean,Lower middle income,2005,,10.7680920759953
HND,HN,Honduras,Latin America & Caribbean,Lower middle income,2006,,11.4742824482469
HND,HN,Honduras,Latin America & Caribbean,Lower middle income,2007,,9.35938603880539
HND,HN,Honduras,Latin America & Caribbean,Lower middle income,2008,,9.4128441222212
HND,HN,Honduras,Latin America & Caribbean,Lower middle income,2009,,10.9529575160613
HND,HN,Honduras,Latin America & Caribbean,Lower middle income,2010,3.66354687451701,13.5547928877014
HND,HN,Honduras,Latin America & Caribbean,Lower middle income,2011,2.93741700834833,9.9718069923307
HND,HN,Honduras,Latin America & Caribbean,Lower middle income,2012,3.28720316567911,14.3569629848232
HND,HN,Honduras,Latin America & Caribbean,Lower middle income,2013,3.39335992951501,18.4532824160285
HND,HN,Honduras,Latin America & Caribbean,Lower middle income,2014,3.27080240326134,12.8806218683924
HND,HN,Honduras,Latin America & Caribbean,Lower middle income,2015,3.05632098417854,12.8349768268253
HND,HN,Honduras,Latin America & Caribbean,Lower middle income,2016,3.12962195330448,15.0985365589809
HND,HN,Honduras,Latin America & Caribbean,Lower middle income,2017,2.5276656805373,14.1091275837915
HND,HN,Honduras,Latin America & Caribbean,Lower middle income,2018,2.27833348093559,15.5540781113514
HND,HN,Honduras,Latin America & Caribbean,Lower middle income,2019,2.38151351234117,13.526118509515
HND,HN,Honduras,Latin America & Caribbean,Lower middle income,2020,3.2213205968353,13.159500507325
HND,HN,Honduras,Latin America & Caribbean,Lower middle income,2021,2.83011038699647,10.8599265565957
HND,HN,Honduras,Latin America & Caribbean,Lower middle income,2022,2.37715462882431,4.84358654077532
HND,HN,Honduras,Latin America & Caribbean,Lower middle income,2023,2.06176060223595,7.87488226731961
HND,HN,Honduras,Latin America & Caribbean,Lower middle income,2024,2.27767985774351,10.7914838145647
HRV,HR,Croatia,Europe & Central Asia,High income,2000,,7.40424217688746
HRV,HR,Croatia,Europe & Central Asia,High income,2001,,5.10240273072731
HRV,HR,Croatia,Europe & Central Asia,High income,2002,,8.66572429382021
HRV,HR,Croatia,Europe & Central Asia,High income,2003,,6.97744029396657
HRV,HR,Croatia,Europe & Central Asia,High income,2004,,7.83599579946815
HRV,HR,Croatia,Europe & Central Asia,High income,2005,,7.83427548001668
HRV,HR,Croatia,Europe & Central Asia,High income,2006,5.34245735688259,5.82810122850607
HRV,HR,Croatia,Europe & Central Asia,High income,2007,4.87864305198447,4.83697070126144
HRV,HR,Croatia,Europe & Central Asia,High income,2008,4.99056742440642,4.30037961601874
HRV,HR,Croatia,Europe & Central Asia,High income,2009,7.91941760061947,8.32521535037515
HRV,HR,Croatia,Europe & Central Asia,High income,2010,11.5855332193819,9.36942319019553
HRV,HR,Croatia,Europe & Central Asia,High income,2011,12.928961296036,7.88127167100111
HRV,HR,Croatia,Europe & Central Asia,High income,2012,14.5622704712966,7.95888209844797
HRV,HR,Croatia,Europe & Central Asia,High income,2013,16.7568120904943,8.44571653474775
HRV,HR,Croatia,Europe & Central Asia,High income,2014,18.4279034590926,8.43930467629705
HRV,HR,Croatia,Europe & Central Asia,High income,2015,18.1676735966228,
HRV,HR,Croatia,Europe & Central Asia,High income,2016,15.0408591292296,
HRV,HR,Croatia,Europe & Central Asia,High income,2017,12.1373945444084,
HRV,HR,Croatia,Europe & Central Asia,High income,2018,10.413246017091,
HRV,HR,Croatia,Europe & Central Asia,High income,2019,7.4112443440912,
HRV,HR,Croatia,Europe & Central Asia,High income,2020,7.6286494941457,
HRV,HR,Croatia,Europe & Central Asia,High income,2021,5.69923091645787,
HRV,HR,Croatia,Europe & Central Asia,High income,2022,4.33106920944263,
HRV,HR,Croatia,Europe & Central Asia,High income,2023,3.59717600090012,
HRV,HR,Croatia,Europe & Central Asia,High income,2024,3.08344546122958,
HTI,HT,Haiti,Latin America & Caribbean,Lower middle income,2000,,-39.1298223703372
HTI,HT,Haiti,Latin America & Caribbean,Lower middle income,2001,,4.06334480585033
HTI,HT,Haiti,Latin America & Caribbean,Lower middle income,2002,,7.00096374173272
HTI,HT,Haiti,Latin America & Caribbean,Lower middle income,2003,,4.42753781592064
HTI,HT,Haiti,Latin America & Caribbean,Lower middle income,2004,,4.94294278231208
HTI,HT,Haiti,Latin America & Caribbean,Lower middle income,2005,,11.926604532383
HTI,HT,Haiti,Latin America & Caribbean,Lower middle income,2006,,11.3183065025137
HTI,HT,Haiti,Latin America & Caribbean,Lower middle income,2007,,18.2217518685271
HTI,HT,Haiti,Latin America & Caribbean,Lower middle income,2008,,4.55815126209536
HTI,HT,Haiti,Latin America & Caribbean,Lower middle income,2009,,5.1322796827466
HTI,HT,Haiti,Latin America & Caribbean,Lower middle income,2010,,9.39331785940296
HTI,HT,Haiti,Latin America & Caribbean,Lower middle income,2011,,6.98736420255494
HTI,HT,Haiti,Latin America & Caribbean,Lower middle income,2012,,0.671275931527153
HTI,HT,Haiti,Latin America & Caribbean,Lower middle income,2013,,0.597120820636305
HTI,HT,Haiti,Latin America & Caribbean,Lower middle income,2014,,8.36864815964041
HTI,HT,Haiti,Latin America & Caribbean,Lower middle income,2015,,7.33548726057982
HTI,HT,Haiti,Latin America & Caribbean,Lower middle income,2016,,-2.13538970338677
HTI,HT,Haiti,Latin America & Caribbean,Lower middle income,2017,,-0.905881386499491
HTI,HT,Haiti,Latin America & Caribbean,Lower middle income,2018,,6.16388449643877
HTI,HT,Haiti,Latin America & Caribbean,Lower middle income,2019,,-4.74015262677221
HTI,HT,Haiti,Latin America & Caribbean,Lower middle income,2020,,-3.41324776395882
HTI,HT,Haiti,Latin America & Caribbean,Lower middle income,2021,,-4.15607959629043
HTI,HT,Haiti,Latin America & Caribbean,Lower middle income,2022,,-13.0251175098347
HTI,HT,Haiti,Latin America & Caribbean,Lower middle income,2023,,-12.5293743669685
HTI,HT,Haiti,Latin America & Caribbean,Lower middle income,2024,,-6.51986656890078
HUN,HU,Hungary,Europe & Central Asia,High income,2000,,2.74050611292344
HUN,HU,Hungary,Europe & Central Asia,High income,2001,,0.980904285816731
HUN,HU,Hungary,Europe & Central Asia,High income,2002,,1.96434573154422
HUN,HU,Hungary,Europe & Central Asia,High income,2003,,3.97739464988351
HUN,HU,Hungary,Europe & Central Asia,High income,2004,,7.30604086882551
HUN,HU,Hungary,Europe & Central Asia,High income,2005,,5.76699055471228
HUN,HU,Hungary,Europe & Central Asia,High income,2006,,4.2510081795742
HUN,HU,Hungary,Europe & Central Asia,High income,2007,,3.45799175068604
HUN,HU,Hungary,Europe & Central Asia,High income,2008,3.22977053583447,5.13519758378989
HUN,HU,Hungary,Europe & Central Asia,High income,2009,8.13169846349339,6.5473062011842
HUN,HU,Hungary,Europe & Central Asia,High income,2010,10.0371610997271,4.93090529604046
HUN,HU,Hungary,Europe & Central Asia,High income,2011,13.6774946903894,6.27203112740386
HUN,HU,Hungary,Europe & Central Asia,High income,2012,16.0428286233189,5.95314070328022
HUN,HU,Hungary,Europe & Central Asia,High income,2013,16.8257283651433,3.37347129461548
HUN,HU,Hungary,Europe & Central Asia,High income,2014,15.6215268130427,0.730458422702216
HUN,HU,Hungary,Europe & Central Asia,High income,2015,11.6631260334093,0.0888354976318103
HUN,HU,Hungary,Europe & Central Asia,High income,2016,7.42356209737637,0.756515735395003
HUN,HU,Hungary,Europe & Central Asia,High income,2017,4.16778804339288,-2.45695485576676
HUN,HU,Hungary,Europe & Central Asia,High income,2018,2.46529955892283,-3.2184691694185
HUN,HU,Hungary,Europe & Central Asia,High income,2019,1.50911884316991,-2.82617637653361
HUN,HU,Hungary,Europe & Central Asia,High income,2020,3.95320327433446,-4.19906671636886
HUN,HU,Hungary,Europe & Central Asia,High income,2021,3.56827817202546,-3.01639195375672
HUN,HU,Hungary,Europe & Central Asia,High income,2022,3.78954496110877,-2.90648486197022
HUN,HU,Hungary,Europe & Central Asia,High income,2023,3.18825349284604,0.269390326989239
HUN,HU,Hungary,Europe & Central Asia,High income,2024,2.70846259412535,1.4377442671737
IDN,ID,Indonesia,East Asia & Pacific,Upper middle income,2000,,-1.65421247091313
IDN,ID,Indonesia,East Asia & Pacific,Upper middle income,2001,,3.71998595702973
IDN,ID,Indonesia,East Asia & Pacific,Upper middle income,2002,,12.3224124961922
IDN,ID,Indonesia,East Asia & Pacific,Upper middle income,2003,,10.8520711478648
IDN,ID,Indonesia,East Asia & Pacific,Upper middle income,2004,,5.1344102312341
IDN,ID,Indonesia,East Asia & Pacific,Upper middle income,2005,6.25246820199785,-0.245735467014772
IDN,ID,Indonesia,East Asia & Pacific,Upper middle income,2006,5.15545411942602,1.65815142163521
IDN,ID,Indonesia,East Asia & Pacific,Upper middle income,2007,3.6908592128651,2.3396740908807
IDN,ID,Indonesia,East Asia & Pacific,Upper middle income,2008,2.87020628006279,-3.85224502633452
IDN,ID,Indonesia,East Asia & Pacific,Upper middle income,2009,2.89219586768056,5.7479520957843
IDN,ID,Indonesia,East Asia & Pacific,Upper middle income,2010,2.31233314887669,-1.74609753559601
IDN,ID,Indonesia,East Asia & Pacific,Upper middle income,2011,2.00668094304847,4.59437674883757
IDN,ID,Indonesia,East Asia & Pacific,Upper middle income,2012,1.67598753441661,7.75018856489028
IDN,ID,Indonesia,East Asia & Pacific,Upper middle income,2013,1.60618085839081,6.37493124212137
IDN,ID,Indonesia,East Asia & Pacific,Upper middle income,2014,1.97494771279186,6.79211858069728
IDN,ID,Indonesia,East Asia & Pacific,Upper middle income,2015,2.31686319973562,8.34991063469474
IDN,ID,Indonesia,East Asia & Pacific,Upper middle income,2016,2.7748985519129,9.2244323441321
IDN,ID,Indonesia,East Asia & Pacific,Upper middle income,2017,2.44404843529866,6.50156399609039
IDN,ID,Indonesia,East Asia & Pacific,Upper middle income,2018,2.20579865068328,6.47124983937938
IDN,ID,Indonesia,East Asia & Pacific,Upper middle income,2019,2.33935750447439,8.62940479031397
IDN,ID,Indonesia,East Asia & Pacific,Upper middle income,2020,2.64268448647726,9.98592671987596
IDN,ID,Indonesia,East Asia & Pacific,Upper middle income,2021,2.64057088343297,2.7532239499583
IDN,ID,Indonesia,East Asia & Pacific,Upper middle income,2022,2.14649051618116,-0.957376340510307
IDN,ID,Indonesia,East Asia & Pacific,Upper middle income,2023,1.95628264361571,7.2850532563888
IDN,ID,Indonesia,East Asia & Pacific,Upper middle income,2024,1.9378653282816,7.83615232511325
IMN,IM,Isle of Man,Europe & Central Asia,High income,2000,,
IMN,IM,Isle of Man,Europe & Central Asia,High income,2001,,
IMN,IM,Isle of Man,Europe & Central Asia,High income,2002,,
IMN,IM,Isle of Man,Europe & Central Asia,High income,2003,,
IMN,IM,Isle of Man,Europe & Central Asia,High income,2004,,
IMN,IM,Isle of Man,Europe & Central Asia,High income,2005,,
IMN,IM,Isle of Man,Europe & Central Asia,High income,2006,,
IMN,IM,Isle of Man,Europe & Central Asia,High income,2007,,
IMN,IM,Isle of Man,Europe & Central Asia,High income,2008,,
IMN,IM,Isle of Man,Europe & Central Asia,High income,2009,,
IMN,IM,Isle of Man,Europe & Central Asia,High income,2010,,
IMN,IM,Isle of Man,Europe & Central Asia,High income,2011,,
IMN,IM,Isle of Man,Europe & Central Asia,High income,2012,,
IMN,IM,Isle of Man,Europe & Central Asia,High income,2013,,
IMN,IM,Isle of Man,Europe & Central Asia,High income,2014,,
IMN,IM,Isle of Man,Europe & Central Asia,High income,2015,,
IMN,IM,Isle of Man,Europe & Central Asia,High income,2016,,
IMN,IM,Isle of Man,Europe & Central Asia,High income,2017,,
IMN,IM,Isle of Man,Europe & Central Asia,High income,2018,,
IMN,IM,Isle of Man,Europe & Central Asia,High income,2019,,
IMN,IM,Isle of Man,Europe & Central Asia,High income,2020,,
IMN,IM,Isle of Man,Europe & Central Asia,High income,2021,,
IMN,IM,Isle of Man,Europe & Central Asia,High income,2022,,
IMN,IM,Isle of Man,Europe & Central Asia,High income,2023,,
IMN,IM,Isle of Man,Europe & Central Asia,High income,2024,,
IND,IN,India,South Asia,Lower middle income,2000,,8.34261083169541
IND,IN,India,South Asia,Lower middle income,2001,,8.59144929472996
IND,IN,India,South Asia,Lower middle income,2002,,7.90717718905634
IND,IN,India,South Asia,Lower middle income,2003,,7.30788115992965
IND,IN,India,South Asia,Lower middle income,2004,,4.91012830439652
IND,IN,India,South Asia,Lower middle income,2005,4.4017855944882,4.85514517170548
IND,IN,India,South Asia,Lower middle income,2006,,2.57060670308207
IND,IN,India,South Asia,Lower middle income,2007,,5.68184406266903
IND,IN,India,South Asia,Lower middle income,2008,2.44971206075607,3.77175624993679
IND,IN,India,South Asia,Lower middle income,2009,,4.80859210783414
IND,IN,India,South Asia,Lower middle income,2010,,-1.98385922190105
IND,IN,India,South Asia,Lower middle income,2011,2.67019501469286,1.31798086277381
IND,IN,India,South Asia,Lower middle income,2012,3.37395391664123,2.47352048879141
IND,IN,India,South Asia,Lower middle income,2013,4.0277286350163,3.8659928626783
IND,IN,India,South Asia,Lower middle income,2014,4.34584976316208,6.6951760905166
IND,IN,India,South Asia,Lower middle income,2015,5.88352227400691,7.55648841350514
IND,IN,India,South Asia,Lower middle income,2016,9.18565591814956,6.23271141480041
IND,IN,India,South Asia,Lower middle income,2017,9.97528206363178,5.3276088624176
IND,IN,India,South Asia,Lower middle income,2018,9.46095691207991,5.36166638952418
IND,IN,India,South Asia,Lower middle income,2019,9.23442899080833,6.8948754272989
IND,IN,India,South Asia,Lower middle income,2020,7.93883072465331,4.13599957785852
IND,IN,India,South Asia,Lower middle income,2021,6.54245582956179,0.316945144201484
IND,IN,India,South Asia,Lower middle income,2022,4.81188454630947,5.55501946152238
IND,IN,India,South Asia,Lower middle income,2023,3.35890319602042,
IND,IN,India,South Asia,Lower middle income,2024,2.50044366571028,
IRL,IE,Ireland,Europe & Central Asia,High income,2000,,
IRL,IE,Ireland,Europe & Central Asia,High income,2001,,
IRL,IE,Ireland,Europe & Central Asia,High income,2002,,
IRL,IE,Ireland,Europe & Central Asia,High income,2003,,
IRL,IE,Ireland,Europe & Central Asia,High income,2004,,
IRL,IE,Ireland,Europe & Central Asia,High income,2005,0.48036674411629,
IRL,IE,Ireland,Europe & Central Asia,High income,2006,0.534720753421794,
IRL,IE,Ireland,Europe & Central Asia,High income,2007,0.629176742433281,
IRL,IE,Ireland,Europe & Central Asia,High income,2008,1.92252115115214,
IRL,IE,Ireland,Europe & Central Asia,High income,2009,9.79636660801069,
IRL,IE,Ireland,Europe & Central Asia,High income,2010,12.4666710113594,
IRL,IE,Ireland,Europe & Central Asia,High income,2011,16.1214680824703,
IRL,IE,Ireland,Europe & Central Asia,High income,2012,21.311623175529,
IRL,IE,Ireland,Europe & Central Asia,High income,2013,22.3727039607198,
IRL,IE,Ireland,Europe & Central Asia,High income,2014,20.6488038220399,
IRL,IE,Ireland,Europe & Central Asia,High income,2015,16.9137587763138,
IRL,IE,Ireland,Europe & Central Asia,High income,2016,12.6269750146121,
IRL,IE,Ireland,Europe & Central Asia,High income,2017,11.4589228987576,
IRL,IE,Ireland,Europe & Central Asia,High income,2018,5.4568545690485,
IRL,IE,Ireland,Europe & Central Asia,High income,2019,3.36383712525729,
IRL,IE,Ireland,Europe & Central Asia,High income,2020,3.36142776920367,
IRL,IE,Ireland,Europe & Central Asia,High income,2021,2.48214874701819,
IRL,IE,Ireland,Europe & Central Asia,High income,2022,1.60747302300572,
IRL,IE,Ireland,Europe & Central Asia,High income,2023,1.27071424651771,
IRL,IE,Ireland,Europe & Central Asia,High income,2024,1.22765500955195,
IRN,IR,"Iran, Islamic Rep.","Middle East, North Africa, Afghanistan & Pakistan",Upper middle income,2000,,
IRN,IR,"Iran, Islamic Rep.","Middle East, North Africa, Afghanistan & Pakistan",Upper middle income,2001,,
IRN,IR,"Iran, Islamic Rep.","Middle East, North Africa, Afghanistan & Pakistan",Upper middle income,2002,,
IRN,IR,"Iran, Islamic Rep.","Middle East, North Africa, Afghanistan & Pakistan",Upper middle income,2003,,
IRN,IR,"Iran, Islamic Rep.","Middle East, North Africa, Afghanistan & Pakistan",Upper middle income,2004,,-6.46167586205947
IRN,IR,"Iran, Islamic Rep.","Middle East, North Africa, Afghanistan & Pakistan",Upper middle income,2005,,-3.46702474568299
IRN,IR,"Iran, Islamic Rep.","Middle East, North Africa, Afghanistan & Pakistan",Upper middle income,2006,,-0.508448114375972
IRN,IR,"Iran, Islamic Rep.","Middle East, North Africa, Afghanistan & Pakistan",Upper middle income,2007,,-8.89795418340126
IRN,IR,"Iran, Islamic Rep.","Middle East, North Africa, Afghanistan & Pakistan",Upper middle income,2008,,-6.21492024510556
IRN,IR,"Iran, Islamic Rep.","Middle East, North Africa, Afghanistan & Pakistan",Upper middle income,2009,,7.07608797972097
IRN,IR,"Iran, Islamic Rep.","Middle East, North Africa, Afghanistan & Pakistan",Upper middle income,2010,,-3.35048152380658
IRN,IR,"Iran, Islamic Rep.","Middle East, North Africa, Afghanistan & Pakistan",Upper middle income,2011,,-16.797550089526
IRN,IR,"Iran, Islamic Rep.","Middle East, North Africa, Afghanistan & Pakistan",Upper middle income,2012,,-6.68652747407881
IRN,IR,"Iran, Islamic Rep.","Middle East, North Africa, Afghanistan & Pakistan",Upper middle income,2013,,-18.8451930586967
IRN,IR,"Iran, Islamic Rep.","Middle East, North Africa, Afghanistan & Pakistan",Upper middle income,2014,,3.86413888968698
IRN,IR,"Iran, Islamic Rep.","Middle East, North Africa, Afghanistan & Pakistan",Upper middle income,2015,,13.9854467563741
IRN,IR,"Iran, Islamic Rep.","Middle East, North Africa, Afghanistan & Pakistan",Upper middle income,2016,,3.4497687580534
IRN,IR,"Iran, Islamic Rep.","Middle East, North Africa, Afghanistan & Pakistan",Upper middle income,2017,,
IRN,IR,"Iran, Islamic Rep.","Middle East, North Africa, Afghanistan & Pakistan",Upper middle income,2018,,
IRN,IR,"Iran, Islamic Rep.","Middle East, North Africa, Afghanistan & Pakistan",Upper middle income,2019,,
IRN,IR,"Iran, Islamic Rep.","Middle East, North Africa, Afghanistan & Pakistan",Upper middle income,2020,,
IRN,IR,"Iran, Islamic Rep.","Middle East, North Africa, Afghanistan & Pakistan",Upper middle income,2021,,
IRN,IR,"Iran, Islamic Rep.","Middle East, North Africa, Afghanistan & Pakistan",Upper middle income,2022,,
IRN,IR,"Iran, Islamic Rep.","Middle East, North Africa, Afghanistan & Pakistan",Upper middle income,2023,,
IRN,IR,"Iran, Islamic Rep.","Middle East, North Africa, Afghanistan & Pakistan",Upper middle income,2024,,
IRQ,IQ,Iraq,"Middle East, North Africa, Afghanistan & Pakistan",Upper middle income,2000,,
IRQ,IQ,Iraq,"Middle East, North Africa, Afghanistan & Pakistan",Upper middle income,2001,,
IRQ,IQ,Iraq,"Middle East, North Africa, Afghanistan & Pakistan",Upper middle income,2002,,
IRQ,IQ,Iraq,"Middle East, North Africa, Afghanistan & Pakistan",Upper middle income,2003,,
IRQ,IQ,Iraq,"Middle East, North Africa, Afghanistan & Pakistan",Upper middle income,2004,,-3.44545528691039
IRQ,IQ,Iraq,"Middle East, North Africa, Afghanistan & Pakistan",Upper middle income,2005,,-16.5153940840534
IRQ,IQ,Iraq,"Middle East, North Africa, Afghanistan & Pakistan",Upper middle income,2006,,-7.05304688818081
IRQ,IQ,Iraq,"Middle East, North Africa, Afghanistan & Pakistan",Upper middle income,2007,,3.79616043966188
IRQ,IQ,Iraq,"Middle East, North Africa, Afghanistan & Pakistan",Upper middle income,2008,,-8.4197228819977
IRQ,IQ,Iraq,"Middle East, North Africa, Afghanistan & Pakistan",Upper middle income,2009,,44.3309717275955
IRQ,IQ,Iraq,"Middle East, North Africa, Afghanistan & Pakistan",Upper middle income,2010,,-1.92209457308135
IRQ,IQ,Iraq,"Middle East, North Africa, Afghanistan & Pakistan",Upper middle income,2011,,-8.46792182914735
IRQ,IQ,Iraq,"Middle East, North Africa, Afghanistan & Pakistan",Upper middle income,2012,,10.9065508616124
IRQ,IQ,Iraq,"Middle East, North Africa, Afghanistan & Pakistan",Upper middle income,2013,,13.5878727603533
IRQ,IQ,Iraq,"Middle East, North Africa, Afghanistan & Pakistan",Upper middle income,2014,,18.2890590602934
IRQ,IQ,Iraq,"Middle East, North Africa, Afghanistan & Pakistan",Upper middle income,2015,9.01708883873133,57.625931221869
IRQ,IQ,Iraq,"Middle East, North Africa, Afghanistan & Pakistan",Upper middle income,2016,12.6888140404039,
IRQ,IQ,Iraq,"Middle East, North Africa, Afghanistan & Pakistan",Upper middle income,2017,14.8402137701319,
IRQ,IQ,Iraq,"Middle East, North Africa, Afghanistan & Pakistan",Upper middle income,2018,17.5475713444444,
IRQ,IQ,Iraq,"Middle East, North Africa, Afghanistan & Pakistan",Upper middle income,2019,16.1814499695754,
IRQ,IQ,Iraq,"Middle East, North Africa, Afghanistan & Pakistan",Upper middle income,2020,20.9715574138551,
IRQ,IQ,Iraq,"Middle East, North Africa, Afghanistan & Pakistan",Upper middle income,2021,18.4925334294474,
IRQ,IQ,Iraq,"Middle East, North Africa, Afghanistan & Pakistan",Upper middle income,2022,18.8458136272734,
IRQ,IQ,Iraq,"Middle East, North Africa, Afghanistan & Pakistan",Upper middle income,2023,14.66410619547,
IRQ,IQ,Iraq,"Middle East, North Africa, Afghanistan & Pakistan",Upper middle income,2024,16.5398134318878,
ISL,IS,Iceland,Europe & Central Asia,High income,2000,,12.3391118924296
ISL,IS,Iceland,Europe & Central Asia,High income,2001,,8.53310455384787
ISL,IS,Iceland,Europe & Central Asia,High income,2002,,8.97704501860027
ISL,IS,Iceland,Europe & Central Asia,High income,2003,,11.4048169166384
ISL,IS,Iceland,Europe & Central Asia,High income,2004,,9.11200643473532
ISL,IS,Iceland,Europe & Central Asia,High income,2005,,11.4977125935077
ISL,IS,Iceland,Europe & Central Asia,High income,2006,,8.49315836768539
ISL,IS,Iceland,Europe & Central Asia,High income,2007,,14.3680076091727
ISL,IS,Iceland,Europe & Central Asia,High income,2008,,7.09714944458952
ISL,IS,Iceland,Europe & Central Asia,High income,2009,,7.16886841390131
ISL,IS,Iceland,Europe & Central Asia,High income,2010,,3.47714930334282
ISL,IS,Iceland,Europe & Central Asia,High income,2011,,4.10372607743229
ISL,IS,Iceland,Europe & Central Asia,High income,2012,,4.65380034785678
ISL,IS,Iceland,Europe & Central Asia,High income,2013,,5.52103756835964
ISL,IS,Iceland,Europe & Central Asia,High income,2014,,3.38736616173835
ISL,IS,Iceland,Europe & Central Asia,High income,2015,5.85225689416537,0.804081341649078
ISL,IS,Iceland,Europe & Central Asia,High income,2016,4.12279811915939,5.39231412444928
ISL,IS,Iceland,Europe & Central Asia,High income,2017,2.8640995107245,5.59405145175983
ISL,IS,Iceland,Europe & Central Asia,High income,2018,2.51329639871644,3.7344356821391
ISL,IS,Iceland,Europe & Central Asia,High income,2019,2.92802451232259,2.01571493691861
ISL,IS,Iceland,Europe & Central Asia,High income,2020,2.90217036371758,1.35861348071439
ISL,IS,Iceland,Europe & Central Asia,High income,2021,2.06156567231269,-0.701328231495398
ISL,IS,Iceland,Europe & Central Asia,High income,2022,1.39911577474254,-1.13533693143533
ISL,IS,Iceland,Europe & Central Asia,High income,2023,1.57785500427557,5.72908860047056
ISL,IS,Iceland,Europe & Central Asia,High income,2024,2.02831641047984,6.0367851279388
ISR,IL,Israel,"Middle East, North Africa, Afghanistan & Pakistan",High income,2000,,
ISR,IL,Israel,"Middle East, North Africa, Afghanistan & Pakistan",High income,2001,,
ISR,IL,Israel,"Middle East, North Africa, Afghanistan & Pakistan",High income,2002,,
ISR,IL,Israel,"Middle East, North Africa, Afghanistan & Pakistan",High income,2003,,
ISR,IL,Israel,"Middle East, North Africa, Afghanistan & Pakistan",High income,2004,,
ISR,IL,Israel,"Middle East, North Africa, Afghanistan & Pakistan",High income,2005,,
ISR,IL,Israel,"Middle East, North Africa, Afghanistan & Pakistan",High income,2006,,
ISR,IL,Israel,"Middle East, North Africa, Afghanistan & Pakistan",High income,2007,,
ISR,IL,Israel,"Middle East, North Africa, Afghanistan & Pakistan",High income,2008,,
ISR,IL,Israel,"Middle East, North Africa, Afghanistan & Pakistan",High income,2009,,
ISR,IL,Israel,"Middle East, North Africa, Afghanistan & Pakistan",High income,2010,,
ISR,IL,Israel,"Middle East, North Africa, Afghanistan & Pakistan",High income,2011,,
ISR,IL,Israel,"Middle East, North Africa, Afghanistan & Pakistan",High income,2012,3.45440510625779,
ISR,IL,Israel,"Middle East, North Africa, Afghanistan & Pakistan",High income,2013,2.90140768348366,2.48753089235351
ISR,IL,Israel,"Middle East, North Africa, Afghanistan & Pakistan",High income,2014,2.16639379251708,3.10991189055895
ISR,IL,Israel,"Middle East, North Africa, Afghanistan & Pakistan",High income,2015,1.8448062230203,1.07520457565895
ISR,IL,Israel,"Middle East, North Africa, Afghanistan & Pakistan",High income,2016,1.6065430145001,3.19724357211025
ISR,IL,Israel,"Middle East, North Africa, Afghanistan & Pakistan",High income,2017,1.29067074436065,3.52718760739247
ISR,IL,Israel,"Middle East, North Africa, Afghanistan & Pakistan",High income,2018,1.21092611547296,2.73565280603458
ISR,IL,Israel,"Middle East, North Africa, Afghanistan & Pakistan",High income,2019,1.38801645888401,1.59902935573797
ISR,IL,Israel,"Middle East, North Africa, Afghanistan & Pakistan",High income,2020,1.3749571925134,2.05392391638621
ISR,IL,Israel,"Middle East, North Africa, Afghanistan & Pakistan",High income,2021,1.05034256985074,0.795161106781487
ISR,IL,Israel,"Middle East, North Africa, Afghanistan & Pakistan",High income,2022,0.711449035516496,-1.81011153069957
ISR,IL,Israel,"Middle East, North Africa, Afghanistan & Pakistan",High income,2023,0.971523456197714,
ISR,IL,Israel,"Middle East, North Africa, Afghanistan & Pakistan",High income,2024,0.721349952547698,
ITA,IT,Italy,Europe & Central Asia,High income,2000,,5.17582390639849
ITA,IT,Italy,Europe & Central Asia,High income,2001,,4.09820217486432
ITA,IT,Italy,Europe & Central Asia,High income,2002,,3.12811622868189
ITA,IT,Italy,Europe & Central Asia,High income,2003,,2.58132814975126
ITA,IT,Italy,Europe & Central Asia,High income,2004,,2.80270189389167
ITA,IT,Italy,Europe & Central Asia,High income,2005,6.99617313682385,3.16379060277756
ITA,IT,Italy,Europe & Central Asia,High income,2006,6.56811457626493,3.33205306061278
ITA,IT,Italy,Europe & Central Asia,High income,2007,5.7776082194137,3.77483941993744
ITA,IT,Italy,Europe & Central Asia,High income,2008,6.28258103994626,4.32862903554889
ITA,IT,Italy,Europe & Central Asia,High income,2009,9.44634373927879,2.93215777941709
ITA,IT,Italy,Europe & Central Asia,High income,2010,10.0278370674613,3.41342018267074
ITA,IT,Italy,Europe & Central Asia,High income,2011,11.7423491843706,2.82160353555801
ITA,IT,Italy,Europe & Central Asia,High income,2012,13.7463696406392,3.46119744979934
ITA,IT,Italy,Europe & Central Asia,High income,2013,16.5427056350995,3.97364793630999
ITA,IT,Italy,Europe & Central Asia,High income,2014,18.0330469839718,3.92865782875133
ITA,IT,Italy,Europe & Central Asia,High income,2015,18.064368830052,3.3204815735536
ITA,IT,Italy,Europe & Central Asia,High income,2016,17.1162385246124,2.22028189161628
ITA,IT,Italy,Europe & Central Asia,High income,2017,14.3832990405839,2.27486413860821
ITA,IT,Italy,Europe & Central Asia,High income,2018,8.38628316437891,1.5923708555414
ITA,IT,Italy,Europe & Central Asia,High income,2019,6.74918443535525,1.53937572556579
ITA,IT,Italy,Europe & Central Asia,High income,2020,4.35972073669911,0.739269290959431
ITA,IT,Italy,Europe & Central Asia,High income,2021,3.34809683915317,0.733185661773553
ITA,IT,Italy,Europe & Central Asia,High income,2022,2.79682283767597,-1.15112854557422
ITA,IT,Italy,Europe & Central Asia,High income,2023,2.7140816371624,-1.28695914496663
ITA,IT,Italy,Europe & Central Asia,High income,2024,2.7684931969344,3.22064007229539
JAM,JM,Jamaica,Latin America & Caribbean,Upper middle income,2000,,11.5395515064135
JAM,JM,Jamaica,Latin America & Caribbean,Upper middle income,2001,,11.8731499272951
JAM,JM,Jamaica,Latin America & Caribbean,Upper middle income,2002,,8.63355883644037
JAM,JM,Jamaica,Latin America & Caribbean,Upper middle income,2003,,6.50631402513119
JAM,JM,Jamaica,Latin America & Caribbean,Upper middle income,2004,,4.67744637369713
JAM,JM,Jamaica,Latin America & Caribbean,Upper middle income,2005,,5.28586692559173
JAM,JM,Jamaica,Latin America & Caribbean,Upper middle income,2006,,8.07942403538198
JAM,JM,Jamaica,Latin America & Caribbean,Upper middle income,2007,,5.27905752879978
JAM,JM,Jamaica,Latin America & Caribbean,Upper middle income,2008,,2.88781677163355
JAM,JM,Jamaica,Latin America & Caribbean,Upper middle income,2009,,4.27696229203702
JAM,JM,Jamaica,Latin America & Caribbean,Upper middle income,2010,,9.6932844334253
JAM,JM,Jamaica,Latin America & Caribbean,Upper middle income,2011,,12.9618004413556
JAM,JM,Jamaica,Latin America & Caribbean,Upper middle income,2012,,10.3745623878594
JAM,JM,Jamaica,Latin America & Caribbean,Upper middle income,2013,,8.57867632078009
JAM,JM,Jamaica,Latin America & Caribbean,Upper middle income,2014,,9.62037591085
JAM,JM,Jamaica,Latin America & Caribbean,Upper middle income,2015,,3.99915821960916
JAM,JM,Jamaica,Latin America & Caribbean,Upper middle income,2016,,12.414259541131
JAM,JM,Jamaica,Latin America & Caribbean,Upper middle income,2017,,8.46444675226535
JAM,JM,Jamaica,Latin America & Caribbean,Upper middle income,2018,,8.75572358703479
JAM,JM,Jamaica,Latin America & Caribbean,Upper middle income,2019,,10.0952562593136
JAM,JM,Jamaica,Latin America & Caribbean,Upper middle income,2020,,9.18862546908227
JAM,JM,Jamaica,Latin America & Caribbean,Upper middle income,2021,,4.57978682673998
JAM,JM,Jamaica,Latin America & Caribbean,Upper middle income,2022,,-1.11124753372909
JAM,JM,Jamaica,Latin America & Caribbean,Upper middle income,2023,,0.285803846027333
JAM,JM,Jamaica,Latin America & Caribbean,Upper middle income,2024,,6.80307582328781
JOR,JO,Jordan,"Middle East, North Africa, Afghanistan & Pakistan",Upper middle income,2000,,12.2637923498277
JOR,JO,Jordan,"Middle East, North Africa, Afghanistan & Pakistan",Upper middle income,2001,,10.0838838062213
JOR,JO,Jordan,"Middle East, North Africa, Afghanistan & Pakistan",Upper middle income,2002,,9.1698804980756
JOR,JO,Jordan,"Middle East, North Africa, Afghanistan & Pakistan",Upper middle income,2003,,6.999114166808
JOR,JO,Jordan,"Middle East, North Africa, Afghanistan & Pakistan",Upper middle income,2004,,5.00662804674501
JOR,JO,Jordan,"Middle East, North Africa, Afghanistan & Pakistan",Upper middle income,2005,,5.49003619784859
JOR,JO,Jordan,"Middle East, North Africa, Afghanistan & Pakistan",Upper middle income,2006,,-2.23328555079667
JOR,JO,Jordan,"Middle East, North Africa, Afghanistan & Pakistan",Upper middle income,2007,,3.45338947755599
JOR,JO,Jordan,"Middle East, North Africa, Afghanistan & Pakistan",Upper middle income,2008,,-22.0975095178573
JOR,JO,Jordan,"Middle East, North Africa, Afghanistan & Pakistan",Upper middle income,2009,,7.21384278516024
JOR,JO,Jordan,"Middle East, North Africa, Afghanistan & Pakistan",Upper middle income,2010,,1.74731041078179
JOR,JO,Jordan,"Middle East, North Africa, Afghanistan & Pakistan",Upper middle income,2011,,3.51940417888588
JOR,JO,Jordan,"Middle East, North Africa, Afghanistan & Pakistan",Upper middle income,2012,,4.32136692468185
JOR,JO,Jordan,"Middle East, North Africa, Afghanistan & Pakistan",Upper middle income,2013,,3.05130303602191
JOR,JO,Jordan,"Middle East, North Africa, Afghanistan & Pakistan",Upper middle income,2014,,5.21696338867814
JOR,JO,Jordan,"Middle East, North Africa, Afghanistan & Pakistan",Upper middle income,2015,5.94308584863942,6.33649638927379
JOR,JO,Jordan,"Middle East, North Africa, Afghanistan & Pakistan",Upper middle income,2016,6.05077425280183,7.12703935711144
JOR,JO,Jordan,"Middle East, North Africa, Afghanistan & Pakistan",Upper middle income,2017,5.8128379824152,6.60436778750346
JOR,JO,Jordan,"Middle East, North Africa, Afghanistan & Pakistan",Upper middle income,2018,6.13811537990142,6.24249316324495
JOR,JO,Jordan,"Middle East, North Africa, Afghanistan & Pakistan",Upper middle income,2019,6.39996915255515,7.94148500844437
JOR,JO,Jordan,"Middle East, North Africa, Afghanistan & Pakistan",Upper middle income,2020,7.35555327380676,7.81245094898857
JOR,JO,Jordan,"Middle East, North Africa, Afghanistan & Pakistan",Upper middle income,2021,6.88453603146426,4.9626756626107
JOR,JO,Jordan,"Middle East, North Africa, Afghanistan & Pakistan",Upper middle income,2022,6.6438175929575,4.51695159606563
JOR,JO,Jordan,"Middle East, North Africa, Afghanistan & Pakistan",Upper middle income,2023,6.87127591284335,7.16861912238121
JOR,JO,Jordan,"Middle East, North Africa, Afghanistan & Pakistan",Upper middle income,2024,6.87176811886602,6.51768390428094
JPN,JP,Japan,East Asia & Pacific,High income,2000,,3.31057141487637
JPN,JP,Japan,East Asia & Pacific,High income,2001,,3.00902151941449
JPN,JP,Japan,East Asia & Pacific,High income,2002,,3.30170079285239
JPN,JP,Japan,East Asia & Pacific,High income,2003,,3.65157060492992
JPN,JP,Japan,East Asia & Pacific,High income,2004,,3.05729587485188
JPN,JP,Japan,East Asia & Pacific,High income,2005,,3.02604460494252
JPN,JP,Japan,East Asia & Pacific,High income,2006,,2.62941844764469
JPN,JP,Japan,East Asia & Pacific,High income,2007,,2.88191784811741
JPN,JP,Japan,East Asia & Pacific,High income,2008,,2.83861121401881
JPN,JP,Japan,East Asia & Pacific,High income,2009,,2.19879243282486
JPN,JP,Japan,East Asia & Pacific,High income,2010,2.45650253168859,3.56561041859023
JPN,JP,Japan,East Asia & Pacific,High income,2011,2.44741326110445,3.11626736285417
JPN,JP,Japan,East Asia & Pacific,High income,2012,2.42889160930217,2.21582773396187
JPN,JP,Japan,East Asia & Pacific,High income,2013,2.12909018123307,1.48440011974468
JPN,JP,Japan,East Asia & Pacific,High income,2014,1.74645633118206,-0.505624824522991
JPN,JP,Japan,East Asia & Pacific,High income,2015,1.5335999587436,-0.9106139954435
JPN,JP,Japan,East Asia & Pacific,High income,2016,1.39676981537012,0.456903097607028
JPN,JP,Japan,East Asia & Pacific,High income,2017,1.19184799909608,0.972109141178608
JPN,JP,Japan,East Asia & Pacific,High income,2018,1.07338670657475,
JPN,JP,Japan,East Asia & Pacific,High income,2019,1.11143560418892,
JPN,JP,Japan,East Asia & Pacific,High income,2020,1.13897924015799,
JPN,JP,Japan,East Asia & Pacific,High income,2021,1.22751856952344,
JPN,JP,Japan,East Asia & Pacific,High income,2022,1.23401036286557,
JPN,JP,Japan,East Asia & Pacific,High income,2023,,
JPN,JP,Japan,East Asia & Pacific,High income,2024,,
KAZ,KZ,Kazakhstan,Europe & Central Asia,Upper middle income,2000,,
KAZ,KZ,Kazakhstan,Europe & Central Asia,Upper middle income,2001,,
KAZ,KZ,Kazakhstan,Europe & Central Asia,Upper middle income,2002,,
KAZ,KZ,Kazakhstan,Europe & Central Asia,Upper middle income,2003,,
KAZ,KZ,Kazakhstan,Europe & Central Asia,Upper middle income,2004,,
KAZ,KZ,Kazakhstan,Europe & Central Asia,Upper middle income,2005,,
KAZ,KZ,Kazakhstan,Europe & Central Asia,Upper middle income,2006,,
KAZ,KZ,Kazakhstan,Europe & Central Asia,Upper middle income,2007,,
KAZ,KZ,Kazakhstan,Europe & Central Asia,Upper middle income,2008,7.08977471729689,
KAZ,KZ,Kazakhstan,Europe & Central Asia,Upper middle income,2009,18.9234054057107,
KAZ,KZ,Kazakhstan,Europe & Central Asia,Upper middle income,2010,20.9306236433774,
KAZ,KZ,Kazakhstan,Europe & Central Asia,Upper middle income,2011,20.6654679453398,
KAZ,KZ,Kazakhstan,Europe & Central Asia,Upper middle income,2012,19.3898666527902,
KAZ,KZ,Kazakhstan,Europe & Central Asia,Upper middle income,2013,19.470830795311,
KAZ,KZ,Kazakhstan,Europe & Central Asia,Upper middle income,2014,12.3921431661953,
KAZ,KZ,Kazakhstan,Europe & Central Asia,Upper middle income,2015,7.95254057239386,
KAZ,KZ,Kazakhstan,Europe & Central Asia,Upper middle income,2016,6.71835222170944,
KAZ,KZ,Kazakhstan,Europe & Central Asia,Upper middle income,2017,9.30976808361682,
KAZ,KZ,Kazakhstan,Europe & Central Asia,Upper middle income,2018,7.38538294911546,
KAZ,KZ,Kazakhstan,Europe & Central Asia,Upper middle income,2019,8.14263936186247,
KAZ,KZ,Kazakhstan,Europe & Central Asia,Upper middle income,2020,6.86844803177438,
KAZ,KZ,Kazakhstan,Europe & Central Asia,Upper middle income,2021,3.31830718143433,
KAZ,KZ,Kazakhstan,Europe & Central Asia,Upper middle income,2022,3.3586043316208,
KAZ,KZ,Kazakhstan,Europe & Central Asia,Upper middle income,2023,2.89155208307547,
KAZ,KZ,Kazakhstan,Europe & Central Asia,Upper middle income,2024,3.05312000131625,
KEN,KE,Kenya,Sub-Saharan Africa,Lower middle income,2000,,15.3274334465867
KEN,KE,Kenya,Sub-Saharan Africa,Lower middle income,2001,,17.8125009681692
KEN,KE,Kenya,Sub-Saharan Africa,Lower middle income,2002,,17.3581406445428
KEN,KE,Kenya,Sub-Saharan Africa,Lower middle income,2003,,9.77051092711816
KEN,KE,Kenya,Sub-Saharan Africa,Lower middle income,2004,,5.04525759665483
KEN,KE,Kenya,Sub-Saharan Africa,Lower middle income,2005,,7.6099875458817
KEN,KE,Kenya,Sub-Saharan Africa,Lower middle income,2006,12.3362680888226,-8.00986697136361
KEN,KE,Kenya,Sub-Saharan Africa,Lower middle income,2007,6.99345334721106,4.8190907881851
KEN,KE,Kenya,Sub-Saharan Africa,Lower middle income,2008,9.00441812157208,-0.984996972294316
KEN,KE,Kenya,Sub-Saharan Africa,Lower middle income,2009,6.81558151397549,-10.0960035655484
KEN,KE,Kenya,Sub-Saharan Africa,Lower middle income,2010,5.13264404953777,12.526958492458
KEN,KE,Kenya,Sub-Saharan Africa,Lower middle income,2011,4.42119245549814,4.52618583226899
KEN,KE,Kenya,Sub-Saharan Africa,Lower middle income,2012,4.5909600696628,9.31351134458285
KEN,KE,Kenya,Sub-Saharan Africa,Lower middle income,2013,5.04358264592495,9.29394635969952
KEN,KE,Kenya,Sub-Saharan Africa,Lower middle income,2014,5.4551197240463,8.24907899217325
KEN,KE,Kenya,Sub-Saharan Africa,Lower middle income,2015,5.98876407362689,6.26880578270388
KEN,KE,Kenya,Sub-Saharan Africa,Lower middle income,2016,8.585968320752,10.1181287134987
KEN,KE,Kenya,Sub-Saharan Africa,Lower middle income,2017,9.94912828884013,5.65674761585908
KEN,KE,Kenya,Sub-Saharan Africa,Lower middle income,2018,12.0267293707535,8.48796047494694
KEN,KE,Kenya,Sub-Saharan Africa,Lower middle income,2019,9.74935514062437,7.83110074767401
KEN,KE,Kenya,Sub-Saharan Africa,Lower middle income,2020,11.8785758572124,6.71463440906742
KEN,KE,Kenya,Sub-Saharan Africa,Lower middle income,2021,10.8864625648839,7.42758100514376
KEN,KE,Kenya,Sub-Saharan Africa,Lower middle income,2022,10.7531101861729,5.02892163035783
KEN,KE,Kenya,Sub-Saharan Africa,Lower middle income,2023,12.3355513614636,7.75281849023135
KEN,KE,Kenya,Sub-Saharan Africa,Lower middle income,2024,13.5729761304392,13.0154381005653
KGZ,KG,Kyrgyz Republic,Europe & Central Asia,Lower middle income,2000,,23.0504023504157
KGZ,KG,Kyrgyz Republic,Europe & Central Asia,Lower middle income,2001,,30.5208226843649
KGZ,KG,Kyrgyz Republic,Europe & Central Asia,Lower middle income,2002,,33.1909431985992
KGZ,KG,Kyrgyz Republic,Europe & Central Asia,Lower middle income,2003,,19.3088319359134
KGZ,KG,Kyrgyz Republic,Europe & Central Asia,Lower middle income,2004,,17.3474659329609
KGZ,KG,Kyrgyz Republic,Europe & Central Asia,Lower middle income,2005,,13.4139691077023
KGZ,KG,Kyrgyz Republic,Europe & Central Asia,Lower middle income,2006,,12.5060712286622
KGZ,KG,Kyrgyz Republic,Europe & Central Asia,Lower middle income,2007,,7.2617270844158
KGZ,KG,Kyrgyz Republic,Europe & Central Asia,Lower middle income,2008,,3.01911801387191
KGZ,KG,Kyrgyz Republic,Europe & Central Asia,Lower middle income,2009,,21.7404009845759
KGZ,KG,Kyrgyz Republic,Europe & Central Asia,Lower middle income,2010,14.7757186410974,12.4380443270698
KGZ,KG,Kyrgyz Republic,Europe & Central Asia,Lower middle income,2011,9.39821221158703,1.05898880178791
KGZ,KG,Kyrgyz Republic,Europe & Central Asia,Lower middle income,2012,6.55111366918827,13.1975919145231
KGZ,KG,Kyrgyz Republic,Europe & Central Asia,Lower middle income,2013,5.09046603734622,17.5905886868653
KGZ,KG,Kyrgyz Republic,Europe & Central Asia,Lower middle income,2014,4.18259903121423,10.8087183257949
KGZ,KG,Kyrgyz Republic,Europe & Central Asia,Lower middle income,2015,6.74285924908889,19.5333606473613
KGZ,KG,Kyrgyz Republic,Europe & Central Asia,Lower middle income,2016,8.51774848332392,17.4268792752423
KGZ,KG,Kyrgyz Republic,Europe & Central Asia,Lower middle income,2017,7.36791636375828,12.6891774226794
KGZ,KG,Kyrgyz Republic,Europe & Central Asia,Lower middle income,2018,7.29695767112001,15.5303370528364
KGZ,KG,Kyrgyz Republic,Europe & Central Asia,Lower middle income,2019,7.73068414377394,8.36475000741929
KGZ,KG,Kyrgyz Republic,Europe & Central Asia,Lower middle income,2020,10.0935469076538,11.1026768503892
KGZ,KG,Kyrgyz Republic,Europe & Central Asia,Lower middle income,2021,10.8192081411845,0.543018692651354
KGZ,KG,Kyrgyz Republic,Europe & Central Asia,Lower middle income,2022,12.4551045388065,-0.829301474662546
KGZ,KG,Kyrgyz Republic,Europe & Central Asia,Lower middle income,2023,8.92093336030227,-0.628515584354742
KGZ,KG,Kyrgyz Republic,Europe & Central Asia,Lower middle income,2024,10.2630227772044,12.5825687035917
KHM,KH,Cambodia,East Asia & Pacific,Lower middle income,2000,,
KHM,KH,Cambodia,East Asia & Pacific,Lower middle income,2001,,
KHM,KH,Cambodia,East Asia & Pacific,Lower middle income,2002,,
KHM,KH,Cambodia,East Asia & Pacific,Lower middle income,2003,,
KHM,KH,Cambodia,East Asia & Pacific,Lower middle income,2004,,
KHM,KH,Cambodia,East Asia & Pacific,Lower middle income,2005,,
KHM,KH,Cambodia,East Asia & Pacific,Lower middle income,2006,,
KHM,KH,Cambodia,East Asia & Pacific,Lower middle income,2007,,
KHM,KH,Cambodia,East Asia & Pacific,Lower middle income,2008,,
KHM,KH,Cambodia,East Asia & Pacific,Lower middle income,2009,,
KHM,KH,Cambodia,East Asia & Pacific,Lower middle income,2010,3.14187854787212,
KHM,KH,Cambodia,East Asia & Pacific,Lower middle income,2011,2.29438855572052,
KHM,KH,Cambodia,East Asia & Pacific,Lower middle income,2012,2.22469008934458,
KHM,KH,Cambodia,East Asia & Pacific,Lower middle income,2013,2.30267771735677,
KHM,KH,Cambodia,East Asia & Pacific,Lower middle income,2014,1.62133907710753,
KHM,KH,Cambodia,East Asia & Pacific,Lower middle income,2015,1.59273995602263,
KHM,KH,Cambodia,East Asia & Pacific,Lower middle income,2016,2.1306306416218,
KHM,KH,Cambodia,East Asia & Pacific,Lower middle income,2017,2.07247749965176,
KHM,KH,Cambodia,East Asia & Pacific,Lower middle income,2018,1.9896209372896,
KHM,KH,Cambodia,East Asia & Pacific,Lower middle income,2019,1.55383992990016,
KHM,KH,Cambodia,East Asia & Pacific,Lower middle income,2020,1.81862542623632,
KHM,KH,Cambodia,East Asia & Pacific,Lower middle income,2021,1.74496152207977,
KHM,KH,Cambodia,East Asia & Pacific,Lower middle income,2022,2.71411100292445,
KHM,KH,Cambodia,East Asia & Pacific,Lower middle income,2023,5.12511593075779,
KHM,KH,Cambodia,East Asia & Pacific,Lower middle income,2024,6.56317584845802,
KIR,KI,Kiribati,East Asia & Pacific,Lower middle income,2000,,
KIR,KI,Kiribati,East Asia & Pacific,Lower middle income,2001,,
KIR,KI,Kiribati,East Asia & Pacific,Lower middle income,2002,,
KIR,KI,Kiribati,East Asia & Pacific,Lower middle income,2003,,
KIR,KI,Kiribati,East Asia & Pacific,Lower middle income,2004,,
KIR,KI,Kiribati,East Asia & Pacific,Lower middle income,2005,,
KIR,KI,Kiribati,East Asia & Pacific,Lower middle income,2006,,
KIR,KI,Kiribati,East Asia & Pacific,Lower middle income,2007,,
KIR,KI,Kiribati,East Asia & Pacific,Lower middle income,2008,,
KIR,KI,Kiribati,East Asia & Pacific,Lower middle income,2009,,
KIR,KI,Kiribati,East Asia & Pacific,Lower middle income,2010,,
KIR,KI,Kiribati,East Asia & Pacific,Lower middle income,2011,,
KIR,KI,Kiribati,East Asia & Pacific,Lower middle income,2012,,
KIR,KI,Kiribati,East Asia & Pacific,Lower middle income,2013,,
KIR,KI,Kiribati,East Asia & Pacific,Lower middle income,2014,,
KIR,KI,Kiribati,East Asia & Pacific,Lower middle income,2015,,
KIR,KI,Kiribati,East Asia & Pacific,Lower middle income,2016,,
KIR,KI,Kiribati,East Asia & Pacific,Lower middle income,2017,,
KIR,KI,Kiribati,East Asia & Pacific,Lower middle income,2018,,
KIR,KI,Kiribati,East Asia & Pacific,Lower middle income,2019,,
KIR,KI,Kiribati,East Asia & Pacific,Lower middle income,2020,,
KIR,KI,Kiribati,East Asia & Pacific,Lower middle income,2021,,
KIR,KI,Kiribati,East Asia & Pacific,Lower middle income,2022,,
KIR,KI,Kiribati,East Asia & Pacific,Lower middle income,2023,,
KIR,KI,Kiribati,East Asia & Pacific,Lower middle income,2024,,
KNA,KN,St. Kitts and Nevis,Latin America & Caribbean,High income,2000,,17.8836527184862
KNA,KN,St. Kitts and Nevis,Latin America & Caribbean,High income,2001,,7.4933740944118
KNA,KN,St. Kitts and Nevis,Latin America & Caribbean,High income,2002,,7.16793867781529
KNA,KN,St. Kitts and Nevis,Latin America & Caribbean,High income,2003,,10.3738355839546
KNA,KN,St. Kitts and Nevis,Latin America & Caribbean,High income,2004,,6.17620404269224
KNA,KN,St. Kitts and Nevis,Latin America & Caribbean,High income,2005,,11.8511585394243
KNA,KN,St. Kitts and Nevis,Latin America & Caribbean,High income,2006,,-4.2635096165767
KNA,KN,St. Kitts and Nevis,Latin America & Caribbean,High income,2007,,2.77807636590855
KNA,KN,St. Kitts and Nevis,Latin America & Caribbean,High income,2008,,7.24857550982768
KNA,KN,St. Kitts and Nevis,Latin America & Caribbean,High income,2009,,5.51338523950662
KNA,KN,St. Kitts and Nevis,Latin America & Caribbean,High income,2010,,7.9383643006306
KNA,KN,St. Kitts and Nevis,Latin America & Caribbean,High income,2011,,3.58266781442372
KNA,KN,St. Kitts and Nevis,Latin America & Caribbean,High income,2012,,9.43815908347907
KNA,KN,St. Kitts and Nevis,Latin America & Caribbean,High income,2013,,8.43596849272624
KNA,KN,St. Kitts and Nevis,Latin America & Caribbean,High income,2014,,7.98464363062516
KNA,KN,St. Kitts and Nevis,Latin America & Caribbean,High income,2015,15.453843,9.46794094711364
KNA,KN,St. Kitts and Nevis,Latin America & Caribbean,High income,2016,14.662231,7.9333692092022
KNA,KN,St. Kitts and Nevis,Latin America & Caribbean,High income,2017,20.463462,4.14506835996064
KNA,KN,St. Kitts and Nevis,Latin America & Caribbean,High income,2018,24.686561,9.02036035860638
KNA,KN,St. Kitts and Nevis,Latin America & Caribbean,High income,2019,24.033904,8.55518420825576
KNA,KN,St. Kitts and Nevis,Latin America & Caribbean,High income,2020,23.5274634670923,14.2770847548622
KNA,KN,St. Kitts and Nevis,Latin America & Caribbean,High income,2021,20.9251440736711,10.7071990546624
KNA,KN,St. Kitts and Nevis,Latin America & Caribbean,High income,2022,21.8308586426029,3.47030501445566
KNA,KN,St. Kitts and Nevis,Latin America & Caribbean,High income,2023,19.416167,2.16417481337039
KNA,KN,St. Kitts and Nevis,Latin America & Caribbean,High income,2024,17.653182,0.433661370692477
KOR,KR,"Korea, Rep.",East Asia & Pacific,High income,2000,,7.54111863718284
KOR,KR,"Korea, Rep.",East Asia & Pacific,High income,2001,,4.02519600370863
KOR,KR,"Korea, Rep.",East Asia & Pacific,High income,2002,,3.64966247633618
KOR,KR,"Korea, Rep.",East Asia & Pacific,High income,2003,,2.57995467101811
KOR,KR,"Korea, Rep.",East Asia & Pacific,High income,2004,,2.55986121207347
KOR,KR,"Korea, Rep.",East Asia & Pacific,High income,2005,,4.40527011082801
KOR,KR,"Korea, Rep.",East Asia & Pacific,High income,2006,,6.16075413094103
KOR,KR,"Korea, Rep.",East Asia & Pacific,High income,2007,,3.9416601586454
KOR,KR,"Korea, Rep.",East Asia & Pacific,High income,2008,,4.10863165815276
KOR,KR,"Korea, Rep.",East Asia & Pacific,High income,2009,0.584500588542435,2.07481127238993
KOR,KR,"Korea, Rep.",East Asia & Pacific,High income,2010,0.588001422921592,2.71883334374472
KOR,KR,"Korea, Rep.",East Asia & Pacific,High income,2011,0.484155586674748,4.42580144247274
KOR,KR,"Korea, Rep.",East Asia & Pacific,High income,2012,0.5942917985967,4.05140294190715
KOR,KR,"Korea, Rep.",East Asia & Pacific,High income,2013,0.570682157690436,3.52829393471496
KOR,KR,"Korea, Rep.",East Asia & Pacific,High income,2014,0.487829016283245,3.17863075274962
KOR,KR,"Korea, Rep.",East Asia & Pacific,High income,2015,0.45685901023489,0.295335527644416
KOR,KR,"Korea, Rep.",East Asia & Pacific,High income,2016,0.4692207914451,1.27867160404439
KOR,KR,"Korea, Rep.",East Asia & Pacific,High income,2017,0.352361433161397,1.42899755923416
KOR,KR,"Korea, Rep.",East Asia & Pacific,High income,2018,0.254435738088804,3.07847583379285
KOR,KR,"Korea, Rep.",East Asia & Pacific,High income,2019,0.251149391152259,4.09560933285802
KOR,KR,"Korea, Rep.",East Asia & Pacific,High income,2020,0.249044148161992,1.19550220518032
KOR,KR,"Korea, Rep.",East Asia & Pacific,High income,2021,0.233334670386676,-0.287216232726007
KOR,KR,"Korea, Rep.",East Asia & Pacific,High income,2022,0.24216660171932,2.44052857732634
KOR,KR,"Korea, Rep.",East Asia & Pacific,High income,2023,0.263676055649087,3.08772627466291
KOR,KR,"Korea, Rep.",East Asia & Pacific,High income,2024,,0.634469260614762
KWT,KW,Kuwait,"Middle East, North Africa, Afghanistan & Pakistan",High income,2000,,-9.6704929718029
KWT,KW,Kuwait,"Middle East, North Africa, Afghanistan & Pakistan",High income,2001,,16.9080708625822
KWT,KW,Kuwait,"Middle East, North Africa, Afghanistan & Pakistan",High income,2002,,1.26860694637141
KWT,KW,Kuwait,"Middle East, North Africa, Afghanistan & Pakistan",High income,2003,,0.472936584616585
KWT,KW,Kuwait,"Middle East, North Africa, Afghanistan & Pakistan",High income,2004,,-5.14911494169832
KWT,KW,Kuwait,"Middle East, North Africa, Afghanistan & Pakistan",High income,2005,,-11.7209779616469
KWT,KW,Kuwait,"Middle East, North Africa, Afghanistan & Pakistan",High income,2006,,-6.53955129884658
KWT,KW,Kuwait,"Middle East, North Africa, Afghanistan & Pakistan",High income,2007,3.84787598771217,4.05428824689839
KWT,KW,Kuwait,"Middle East, North Africa, Afghanistan & Pakistan",High income,2008,6.80464776292383,-9.31204874289532
KWT,KW,Kuwait,"Middle East, North Africa, Afghanistan & Pakistan",High income,2009,11.461453798379,28.1580797496703
KWT,KW,Kuwait,"Middle East, North Africa, Afghanistan & Pakistan",High income,2010,8.95258546965769,-5.11388020101944
KWT,KW,Kuwait,"Middle East, North Africa, Afghanistan & Pakistan",High income,2011,6.98424741091625,-10.2658861203424
KWT,KW,Kuwait,"Middle East, North Africa, Afghanistan & Pakistan",High income,2012,5.19116857201251,-2.3290768340531
KWT,KW,Kuwait,"Middle East, North Africa, Afghanistan & Pakistan",High income,2013,3.64034786311307,4.32863196223952
KWT,KW,Kuwait,"Middle East, North Africa, Afghanistan & Pakistan",High income,2014,2.89041261906889,11.8255806947688
KWT,KW,Kuwait,"Middle East, North Africa, Afghanistan & Pakistan",High income,2015,2.371720288643,40.8597363576398
KWT,KW,Kuwait,"Middle East, North Africa, Afghanistan & Pakistan",High income,2016,2.22496479931359,12.1448737121763
KWT,KW,Kuwait,"Middle East, North Africa, Afghanistan & Pakistan",High income,2017,1.94939026221768,-9.92502373516905
KWT,KW,Kuwait,"Middle East, North Africa, Afghanistan & Pakistan",High income,2018,1.62349995163983,-5.815110841771
KWT,KW,Kuwait,"Middle East, North Africa, Afghanistan & Pakistan",High income,2019,1.77656821835007,4.92698795890651
KWT,KW,Kuwait,"Middle East, North Africa, Afghanistan & Pakistan",High income,2020,2.0074652483311,24.6569140366071
KWT,KW,Kuwait,"Middle East, North Africa, Afghanistan & Pakistan",High income,2021,1.35921924143798,-19.8735801502194
KWT,KW,Kuwait,"Middle East, North Africa, Afghanistan & Pakistan",High income,2022,1.41104352584751,-11.6639768117132
KWT,KW,Kuwait,"Middle East, North Africa, Afghanistan & Pakistan",High income,2023,1.42363947712583,14.1096015758044
KWT,KW,Kuwait,"Middle East, North Africa, Afghanistan & Pakistan",High income,2024,1.53571132275835,6.72904376518505
LAO,LA,Lao PDR,East Asia & Pacific,Lower middle income,2000,,5.77111514812214
LAO,LA,Lao PDR,East Asia & Pacific,Lower middle income,2001,,15.8895002535025
LAO,LA,Lao PDR,East Asia & Pacific,Lower middle income,2002,,21.6471039611153
LAO,LA,Lao PDR,East Asia & Pacific,Lower middle income,2003,,15.0285558900744
LAO,LA,Lao PDR,East Asia & Pacific,Lower middle income,2004,,16.7670969391649
LAO,LA,Lao PDR,East Asia & Pacific,Lower middle income,2005,,16.746094301747
LAO,LA,Lao PDR,East Asia & Pacific,Lower middle income,2006,,17.3231183051721
LAO,LA,Lao PDR,East Asia & Pacific,Lower middle income,2007,,19.6035461645257
LAO,LA,Lao PDR,East Asia & Pacific,Lower middle income,2008,,13.9041609220754
LAO,LA,Lao PDR,East Asia & Pacific,Lower middle income,2009,,28.5440047397464
LAO,LA,Lao PDR,East Asia & Pacific,Lower middle income,2010,,12.2860349478632
LAO,LA,Lao PDR,East Asia & Pacific,Lower middle income,2011,,
LAO,LA,Lao PDR,East Asia & Pacific,Lower middle income,2012,,
LAO,LA,Lao PDR,East Asia & Pacific,Lower middle income,2013,,
LAO,LA,Lao PDR,East Asia & Pacific,Lower middle income,2014,,
LAO,LA,Lao PDR,East Asia & Pacific,Lower middle income,2015,,
LAO,LA,Lao PDR,East Asia & Pacific,Lower middle income,2016,,
LAO,LA,Lao PDR,East Asia & Pacific,Lower middle income,2017,,
LAO,LA,Lao PDR,East Asia & Pacific,Lower middle income,2018,,
LAO,LA,Lao PDR,East Asia & Pacific,Lower middle income,2019,,
LAO,LA,Lao PDR,East Asia & Pacific,Lower middle income,2020,,
LAO,LA,Lao PDR,East Asia & Pacific,Lower middle income,2021,,
LAO,LA,Lao PDR,East Asia & Pacific,Lower middle income,2022,,
LAO,LA,Lao PDR,East Asia & Pacific,Lower middle income,2023,,
LAO,LA,Lao PDR,East Asia & Pacific,Lower middle income,2024,,
LBN,LB,Lebanon,"Middle East, North Africa, Afghanistan & Pakistan",Lower middle income,2000,,20.6704111826383
LBN,LB,Lebanon,"Middle East, North Africa, Afghanistan & Pakistan",Lower middle income,2001,,19.0041604591432
LBN,LB,Lebanon,"Middle East, North Africa, Afghanistan & Pakistan",Lower middle income,2002,,11.1143538415068
LBN,LB,Lebanon,"Middle East, North Africa, Afghanistan & Pakistan",Lower middle income,2003,,11.6659461144041
LBN,LB,Lebanon,"Middle East, North Africa, Afghanistan & Pakistan",Lower middle income,2004,,12.193543974622
LBN,LB,Lebanon,"Middle East, North Africa, Afghanistan & Pakistan",Lower middle income,2005,,11.8278432418899
LBN,LB,Lebanon,"Middle East, North Africa, Afghanistan & Pakistan",Lower middle income,2006,,9.29737692053858
LBN,LB,Lebanon,"Middle East, North Africa, Afghanistan & Pakistan",Lower middle income,2007,,6.90653319376657
LBN,LB,Lebanon,"Middle East, North Africa, Afghanistan & Pakistan",Lower middle income,2008,,2.2605863711327
LBN,LB,Lebanon,"Middle East, North Africa, Afghanistan & Pakistan",Lower middle income,2009,,-0.649418007495568
LBN,LB,Lebanon,"Middle East, North Africa, Afghanistan & Pakistan",Lower middle income,2010,,7.71342952159741
LBN,LB,Lebanon,"Middle East, North Africa, Afghanistan & Pakistan",Lower middle income,2011,3.75693478858307,4.43103560124521
LBN,LB,Lebanon,"Middle East, North Africa, Afghanistan & Pakistan",Lower middle income,2012,3.78697531989083,-0.220386928994347
LBN,LB,Lebanon,"Middle East, North Africa, Afghanistan & Pakistan",Lower middle income,2013,3.9655306434989,4.64998466079079
LBN,LB,Lebanon,"Middle East, North Africa, Afghanistan & Pakistan",Lower middle income,2014,4.0080407149345,7.16134867411629
LBN,LB,Lebanon,"Middle East, North Africa, Afghanistan & Pakistan",Lower middle income,2015,4.19528483569965,3.63383207891925
LBN,LB,Lebanon,"Middle East, North Africa, Afghanistan & Pakistan",Lower middle income,2016,4.87908375643174,7.41493218280356
LBN,LB,Lebanon,"Middle East, North Africa, Afghanistan & Pakistan",Lower middle income,2017,5.66619233797732,5.39647299086804
LBN,LB,Lebanon,"Middle East, North Africa, Afghanistan & Pakistan",Lower middle income,2018,10.2547809247156,3.38554652858344
LBN,LB,Lebanon,"Middle East, North Africa, Afghanistan & Pakistan",Lower middle income,2019,15.1937984496124,6.16602246203992
LBN,LB,Lebanon,"Middle East, North Africa, Afghanistan & Pakistan",Lower middle income,2020,,
LBN,LB,Lebanon,"Middle East, North Africa, Afghanistan & Pakistan",Lower middle income,2021,,
LBN,LB,Lebanon,"Middle East, North Africa, Afghanistan & Pakistan",Lower middle income,2022,,
LBN,LB,Lebanon,"Middle East, North Africa, Afghanistan & Pakistan",Lower middle income,2023,,
LBN,LB,Lebanon,"Middle East, North Africa, Afghanistan & Pakistan",Lower middle income,2024,,
LBR,LR,Liberia,Sub-Saharan Africa,Low income,2000,,-21.6404016302847
LBR,LR,Liberia,Sub-Saharan Africa,Low income,2001,,21.2668474893726
LBR,LR,Liberia,Sub-Saharan Africa,Low income,2002,,21.9027743320639
LBR,LR,Liberia,Sub-Saharan Africa,Low income,2003,,1.33768082403664
LBR,LR,Liberia,Sub-Saharan Africa,Low income,2004,,1.05850813324589
LBR,LR,Liberia,Sub-Saharan Africa,Low income,2005,,16.4626540989673
LBR,LR,Liberia,Sub-Saharan Africa,Low income,2006,,5.83463167329262
LBR,LR,Liberia,Sub-Saharan Africa,Low income,2007,,2.70359552564356
LBR,LR,Liberia,Sub-Saharan Africa,Low income,2008,,-2.49587309434251
LBR,LR,Liberia,Sub-Saharan Africa,Low income,2009,,17.3828166383397
LBR,LR,Liberia,Sub-Saharan Africa,Low income,2010,,7.25786394321447
LBR,LR,Liberia,Sub-Saharan Africa,Low income,2011,,2.54895433981956
LBR,LR,Liberia,Sub-Saharan Africa,Low income,2012,,5.30735347778052
LBR,LR,Liberia,Sub-Saharan Africa,Low income,2013,,8.37898966744894
LBR,LR,Liberia,Sub-Saharan Africa,Low income,2014,,12.5808439342769
LBR,LR,Liberia,Sub-Saharan Africa,Low income,2015,,13.5354646875379
LBR,LR,Liberia,Sub-Saharan Africa,Low income,2016,,6.18571573208098
LBR,LR,Liberia,Sub-Saharan Africa,Low income,2017,,16.2947039582308
LBR,LR,Liberia,Sub-Saharan Africa,Low income,2018,,
LBR,LR,Liberia,Sub-Saharan Africa,Low income,2019,,
LBR,LR,Liberia,Sub-Saharan Africa,Low income,2020,,
LBR,LR,Liberia,Sub-Saharan Africa,Low income,2021,,
LBR,LR,Liberia,Sub-Saharan Africa,Low income,2022,,
LBR,LR,Liberia,Sub-Saharan Africa,Low income,2023,,
LBR,LR,Liberia,Sub-Saharan Africa,Low income,2024,,
LBY,LY,Libya,"Middle East, North Africa, Afghanistan & Pakistan",Upper middle income,2000,,-5.56617858109322
LBY,LY,Libya,"Middle East, North Africa, Afghanistan & Pakistan",Upper middle income,2001,,-0.172482038272866
LBY,LY,Libya,"Middle East, North Africa, Afghanistan & Pakistan",Upper middle income,2002,,-15.9117736358803
LBY,LY,Libya,"Middle East, North Africa, Afghanistan & Pakistan",Upper middle income,2003,,-6.43791546245998
LBY,LY,Libya,"Middle East, North Africa, Afghanistan & Pakistan",Upper middle income,2004,,-13.475766084563
LBY,LY,Libya,"Middle East, North Africa, Afghanistan & Pakistan",Upper middle income,2005,,-17.456455741053
LBY,LY,Libya,"Middle East, North Africa, Afghanistan & Pakistan",Upper middle income,2006,,-11.1515992762555
LBY,LY,Libya,"Middle East, North Africa, Afghanistan & Pakistan",Upper middle income,2007,,3.47582503654986
LBY,LY,Libya,"Middle East, North Africa, Afghanistan & Pakistan",Upper middle income,2008,,-14.3153031027785
LBY,LY,Libya,"Middle East, North Africa, Afghanistan & Pakistan",Upper middle income,2009,,41.0461028132496
LBY,LY,Libya,"Middle East, North Africa, Afghanistan & Pakistan",Upper middle income,2010,,-11.1323837030052
LBY,LY,Libya,"Middle East, North Africa, Afghanistan & Pakistan",Upper middle income,2011,,-14.7517670767541
LBY,LY,Libya,"Middle East, North Africa, Afghanistan & Pakistan",Upper middle income,2012,,0.0170496009954675
LBY,LY,Libya,"Middle East, North Africa, Afghanistan & Pakistan",Upper middle income,2013,,5.90956134488155
LBY,LY,Libya,"Middle East, North Africa, Afghanistan & Pakistan",Upper middle income,2014,,7.07784993842523
LBY,LY,Libya,"Middle East, North Africa, Afghanistan & Pakistan",Upper middle income,2015,,
LBY,LY,Libya,"Middle East, North Africa, Afghanistan & Pakistan",Upper middle income,2016,,
LBY,LY,Libya,"Middle East, North Africa, Afghanistan & Pakistan",Upper middle income,2017,,
LBY,LY,Libya,"Middle East, North Africa, Afghanistan & Pakistan",Upper middle income,2018,,
LBY,LY,Libya,"Middle East, North Africa, Afghanistan & Pakistan",Upper middle income,2019,,
LBY,LY,Libya,"Middle East, North Africa, Afghanistan & Pakistan",Upper middle income,2020,,
LBY,LY,Libya,"Middle East, North Africa, Afghanistan & Pakistan",Upper middle income,2021,,
LBY,LY,Libya,"Middle East, North Africa, Afghanistan & Pakistan",Upper middle income,2022,,
LBY,LY,Libya,"Middle East, North Africa, Afghanistan & Pakistan",Upper middle income,2023,,
LBY,LY,Libya,"Middle East, North Africa, Afghanistan & Pakistan",Upper middle income,2024,,
LCA,LC,St. Lucia,Latin America & Caribbean,Upper middle income,2000,,11.8152844680971
LCA,LC,St. Lucia,Latin America & Caribbean,Upper middle income,2001,,14.0128257051618
LCA,LC,St. Lucia,Latin America & Caribbean,Upper middle income,2002,,12.1258633501985
LCA,LC,St. Lucia,Latin America & Caribbean,Upper middle income,2003,,9.28749797143212
LCA,LC,St. Lucia,Latin America & Caribbean,Upper middle income,2004,,10.2897812665614
LCA,LC,St. Lucia,Latin America & Caribbean,Upper middle income,2005,,3.46910600035113
LCA,LC,St. Lucia,Latin America & Caribbean,Upper middle income,2006,,5.33239730059446
LCA,LC,St. Lucia,Latin America & Caribbean,Upper middle income,2007,,6.30461431177877
LCA,LC,St. Lucia,Latin America & Caribbean,Upper middle income,2008,,7.36560346048221
LCA,LC,St. Lucia,Latin America & Caribbean,Upper middle income,2009,,10.2309953644875
LCA,LC,St. Lucia,Latin America & Caribbean,Upper middle income,2010,,4.92656092856866
LCA,LC,St. Lucia,Latin America & Caribbean,Upper middle income,2011,,8.47001457017725
LCA,LC,St. Lucia,Latin America & Caribbean,Upper middle income,2012,,7.33918544889901
LCA,LC,St. Lucia,Latin America & Caribbean,Upper middle income,2013,,3.08058362112042
LCA,LC,St. Lucia,Latin America & Caribbean,Upper middle income,2014,,4.83887618706465
LCA,LC,St. Lucia,Latin America & Caribbean,Upper middle income,2015,18.196449,5.4426014341308
LCA,LC,St. Lucia,Latin America & Caribbean,Upper middle income,2016,13.124621,8.53402974257799
LCA,LC,St. Lucia,Latin America & Caribbean,Upper middle income,2017,12.504233,4.71842548171106
LCA,LC,St. Lucia,Latin America & Caribbean,Upper middle income,2018,10.030191,7.86045190058087
LCA,LC,St. Lucia,Latin America & Caribbean,Upper middle income,2019,8.23746,5.12829833890642
LCA,LC,St. Lucia,Latin America & Caribbean,Upper middle income,2020,10.3808535880125,13.4495083546127
LCA,LC,St. Lucia,Latin America & Caribbean,Upper middle income,2021,12.6356917212961,-3.49812603397668
LCA,LC,St. Lucia,Latin America & Caribbean,Upper middle income,2022,12.7629800054953,2.52769641669475
LCA,LC,St. Lucia,Latin America & Caribbean,Upper middle income,2023,14.485452,5.06574315683641
LCA,LC,St. Lucia,Latin America & Caribbean,Upper middle income,2024,11.928931,4.35147907797104
LIE,LI,Liechtenstein,Europe & Central Asia,High income,2000,,
LIE,LI,Liechtenstein,Europe & Central Asia,High income,2001,,
LIE,LI,Liechtenstein,Europe & Central Asia,High income,2002,,
LIE,LI,Liechtenstein,Europe & Central Asia,High income,2003,,
LIE,LI,Liechtenstein,Europe & Central Asia,High income,2004,,
LIE,LI,Liechtenstein,Europe & Central Asia,High income,2005,,
LIE,LI,Liechtenstein,Europe & Central Asia,High income,2006,,
LIE,LI,Liechtenstein,Europe & Central Asia,High income,2007,,
LIE,LI,Liechtenstein,Europe & Central Asia,High income,2008,,
LIE,LI,Liechtenstein,Europe & Central Asia,High income,2009,,
LIE,LI,Liechtenstein,Europe & Central Asia,High income,2010,,
LIE,LI,Liechtenstein,Europe & Central Asia,High income,2011,,
LIE,LI,Liechtenstein,Europe & Central Asia,High income,2012,,
LIE,LI,Liechtenstein,Europe & Central Asia,High income,2013,,
LIE,LI,Liechtenstein,Europe & Central Asia,High income,2014,,
LIE,LI,Liechtenstein,Europe & Central Asia,High income,2015,,
LIE,LI,Liechtenstein,Europe & Central Asia,High income,2016,,
LIE,LI,Liechtenstein,Europe & Central Asia,High income,2017,,
LIE,LI,Liechtenstein,Europe & Central Asia,High income,2018,,
LIE,LI,Liechtenstein,Europe & Central Asia,High income,2019,,
LIE,LI,Liechtenstein,Europe & Central Asia,High income,2020,0.442236956704594,
LIE,LI,Liechtenstein,Europe & Central Asia,High income,2021,0.395946576671038,
LIE,LI,Liechtenstein,Europe & Central Asia,High income,2022,0.442327369241435,
LIE,LI,Liechtenstein,Europe & Central Asia,High income,2023,0.387510113756084,
LIE,LI,Liechtenstein,Europe & Central Asia,High income,2024,0.42729028746281,
LKA,LK,Sri Lanka,South Asia,Upper middle income,2000,,
LKA,LK,Sri Lanka,South Asia,Upper middle income,2001,,0.514847020995709
LKA,LK,Sri Lanka,South Asia,Upper middle income,2002,,4.67658524491004
LKA,LK,Sri Lanka,South Asia,Upper middle income,2003,,1.46867912780351
LKA,LK,Sri Lanka,South Asia,Upper middle income,2004,,0.611364964122661
LKA,LK,Sri Lanka,South Asia,Upper middle income,2005,,0.312845406913684
LKA,LK,Sri Lanka,South Asia,Upper middle income,2006,,1.41356267376407
LKA,LK,Sri Lanka,South Asia,Upper middle income,2007,,2.67321360043593
LKA,LK,Sri Lanka,South Asia,Upper middle income,2008,,2.20469047473136
LKA,LK,Sri Lanka,South Asia,Upper middle income,2009,,9.2480117913198
LKA,LK,Sri Lanka,South Asia,Upper middle income,2010,,-13.1700417408982
LKA,LK,Sri Lanka,South Asia,Upper middle income,2011,3.81740370617271,5.22391262563151
LKA,LK,Sri Lanka,South Asia,Upper middle income,2012,3.62758332957378,2.55187233895319
LKA,LK,Sri Lanka,South Asia,Upper middle income,2013,5.57505794057582,5.83555736886662
LKA,LK,Sri Lanka,South Asia,Upper middle income,2014,4.23421449884782,5.80537155826198
LKA,LK,Sri Lanka,South Asia,Upper middle income,2015,3.24077029740187,3.82773663752955
LKA,LK,Sri Lanka,South Asia,Upper middle income,2016,2.63381101624579,4.7894132333765
LKA,LK,Sri Lanka,South Asia,Upper middle income,2017,2.4984326063791,5.78078147698666
LKA,LK,Sri Lanka,South Asia,Upper middle income,2018,3.42041976161882,6.95991098583695
LKA,LK,Sri Lanka,South Asia,Upper middle income,2019,4.69918303381587,7.09887513185031
LKA,LK,Sri Lanka,South Asia,Upper middle income,2020,4.92827495911881,
LKA,LK,Sri Lanka,South Asia,Upper middle income,2021,4.46720885923597,
LKA,LK,Sri Lanka,South Asia,Upper middle income,2022,11.9682691812072,
LKA,LK,Sri Lanka,South Asia,Upper middle income,2023,13.1079211175582,
LKA,LK,Sri Lanka,South Asia,Upper middle income,2024,12.9605592286262,
LSO,LS,Lesotho,Sub-Saharan Africa,Lower middle income,2000,,10.170673769546
LSO,LS,Lesotho,Sub-Saharan Africa,Lower middle income,2001,,4.55815241604452
LSO,LS,Lesotho,Sub-Saharan Africa,Lower middle income,2002,,2.54193637374055
LSO,LS,Lesotho,Sub-Saharan Africa,Lower middle income,2003,,13.2529719923974
LSO,LS,Lesotho,Sub-Saharan Africa,Lower middle income,2004,,2.53156706387884
LSO,LS,Lesotho,Sub-Saharan Africa,Lower middle income,2005,,5.4698526687945
LSO,LS,Lesotho,Sub-Saharan Africa,Lower middle income,2006,,2.60709823608142
LSO,LS,Lesotho,Sub-Saharan Africa,Lower middle income,2007,,22.3046168001399
LSO,LS,Lesotho,Sub-Saharan Africa,Lower middle income,2008,,-0.456542828028594
LSO,LS,Lesotho,Sub-Saharan Africa,Lower middle income,2009,3.01980961547002,10.410831910183
LSO,LS,Lesotho,Sub-Saharan Africa,Lower middle income,2010,3.03446782401745,5.58719510638191
LSO,LS,Lesotho,Sub-Saharan Africa,Lower middle income,2011,2.09514427558554,0.916378131096873
LSO,LS,Lesotho,Sub-Saharan Africa,Lower middle income,2012,2.46477296166822,7.7676253345162
LSO,LS,Lesotho,Sub-Saharan Africa,Lower middle income,2013,3.78801708370063,-0.326347464909588
LSO,LS,Lesotho,Sub-Saharan Africa,Lower middle income,2014,4.22925606627,-3.24084954531811
LSO,LS,Lesotho,Sub-Saharan Africa,Lower middle income,2015,4.03779220172475,0.332986111110699
LSO,LS,Lesotho,Sub-Saharan Africa,Lower middle income,2016,3.6944118773996,11.9030953150672
LSO,LS,Lesotho,Sub-Saharan Africa,Lower middle income,2017,4.41640017238617,9.37269676063541
LSO,LS,Lesotho,Sub-Saharan Africa,Lower middle income,2018,3.66046491384932,-0.330193275641943
LSO,LS,Lesotho,Sub-Saharan Africa,Lower middle income,2019,3.29905737050076,7.49031602493296
LSO,LS,Lesotho,Sub-Saharan Africa,Lower middle income,2020,4.19908433746563,2.2781720125597
LSO,LS,Lesotho,Sub-Saharan Africa,Lower middle income,2021,4.0651657668099,4.93093586161033
LSO,LS,Lesotho,Sub-Saharan Africa,Lower middle income,2022,4.31173023499466,3.27330449511865
LSO,LS,Lesotho,Sub-Saharan Africa,Lower middle income,2023,3.83883392253685,10.7262844556989
LSO,LS,Lesotho,Sub-Saharan Africa,Lower middle income,2024,4.26842885370838,4.91808771238478
LTU,LT,Lithuania,Europe & Central Asia,High income,2000,,
LTU,LT,Lithuania,Europe & Central Asia,High income,2001,,
LTU,LT,Lithuania,Europe & Central Asia,High income,2002,,
LTU,LT,Lithuania,Europe & Central Asia,High income,2003,,
LTU,LT,Lithuania,Europe & Central Asia,High income,2004,,
LTU,LT,Lithuania,Europe & Central Asia,High income,2005,,
LTU,LT,Lithuania,Europe & Central Asia,High income,2006,,
LTU,LT,Lithuania,Europe & Central Asia,High income,2007,,
LTU,LT,Lithuania,Europe & Central Asia,High income,2008,5.99478858924429,
LTU,LT,Lithuania,Europe & Central Asia,High income,2009,22.139788743842,
LTU,LT,Lithuania,Europe & Central Asia,High income,2010,21.3129447476113,
LTU,LT,Lithuania,Europe & Central Asia,High income,2011,17.640278387371,
LTU,LT,Lithuania,Europe & Central Asia,High income,2012,14.1140616832463,
LTU,LT,Lithuania,Europe & Central Asia,High income,2013,11.5860323295318,
LTU,LT,Lithuania,Europe & Central Asia,High income,2014,8.18604941139039,
LTU,LT,Lithuania,Europe & Central Asia,High income,2015,4.94956913376007,
LTU,LT,Lithuania,Europe & Central Asia,High income,2016,3.66064619634648,
LTU,LT,Lithuania,Europe & Central Asia,High income,2017,3.17709584415855,
LTU,LT,Lithuania,Europe & Central Asia,High income,2018,2.27014872045055,
LTU,LT,Lithuania,Europe & Central Asia,High income,2019,1.04438547521426,
LTU,LT,Lithuania,Europe & Central Asia,High income,2020,0.969155211537949,
LTU,LT,Lithuania,Europe & Central Asia,High income,2021,0.510408710751456,
LTU,LT,Lithuania,Europe & Central Asia,High income,2022,0.395781798037311,
LTU,LT,Lithuania,Europe & Central Asia,High income,2023,0.438033614482931,
LTU,LT,Lithuania,Europe & Central Asia,High income,2024,0.858429507757201,
LUX,LU,Luxembourg,Europe & Central Asia,High income,2000,,
LUX,LU,Luxembourg,Europe & Central Asia,High income,2001,,
LUX,LU,Luxembourg,Europe & Central Asia,High income,2002,,
LUX,LU,Luxembourg,Europe & Central Asia,High income,2003,,
LUX,LU,Luxembourg,Europe & Central Asia,High income,2004,,
LUX,LU,Luxembourg,Europe & Central Asia,High income,2005,,
LUX,LU,Luxembourg,Europe & Central Asia,High income,2006,,
LUX,LU,Luxembourg,Europe & Central Asia,High income,2007,,
LUX,LU,Luxembourg,Europe & Central Asia,High income,2008,,
LUX,LU,Luxembourg,Europe & Central Asia,High income,2009,0.670613945190373,
LUX,LU,Luxembourg,Europe & Central Asia,High income,2010,0.247232603084001,
LUX,LU,Luxembourg,Europe & Central Asia,High income,2011,0.379416485489735,
LUX,LU,Luxembourg,Europe & Central Asia,High income,2012,0.145588493246798,
LUX,LU,Luxembourg,Europe & Central Asia,High income,2013,0.21316440756553,
LUX,LU,Luxembourg,Europe & Central Asia,High income,2014,,
LUX,LU,Luxembourg,Europe & Central Asia,High income,2015,,
LUX,LU,Luxembourg,Europe & Central Asia,High income,2016,0.904844283559195,
LUX,LU,Luxembourg,Europe & Central Asia,High income,2017,0.791204996244051,
LUX,LU,Luxembourg,Europe & Central Asia,High income,2018,0.896966330444118,
LUX,LU,Luxembourg,Europe & Central Asia,High income,2019,0.738897535704604,
LUX,LU,Luxembourg,Europe & Central Asia,High income,2020,1.02804099898325,
LUX,LU,Luxembourg,Europe & Central Asia,High income,2021,1.25487767534596,
LUX,LU,Luxembourg,Europe & Central Asia,High income,2022,1.58802284953163,
LUX,LU,Luxembourg,Europe & Central Asia,High income,2023,1.86074359634703,
LUX,LU,Luxembourg,Europe & Central Asia,High income,2024,2.32000506236889,
LVA,LV,Latvia,Europe & Central Asia,High income,2000,,
LVA,LV,Latvia,Europe & Central Asia,High income,2001,,
LVA,LV,Latvia,Europe & Central Asia,High income,2002,,
LVA,LV,Latvia,Europe & Central Asia,High income,2003,,
LVA,LV,Latvia,Europe & Central Asia,High income,2004,,
LVA,LV,Latvia,Europe & Central Asia,High income,2005,,
LVA,LV,Latvia,Europe & Central Asia,High income,2006,,
LVA,LV,Latvia,Europe & Central Asia,High income,2007,,
LVA,LV,Latvia,Europe & Central Asia,High income,2008,,
LVA,LV,Latvia,Europe & Central Asia,High income,2009,,
LVA,LV,Latvia,Europe & Central Asia,High income,2010,,
LVA,LV,Latvia,Europe & Central Asia,High income,2011,14.0547877289945,
LVA,LV,Latvia,Europe & Central Asia,High income,2012,8.7237859152224,
LVA,LV,Latvia,Europe & Central Asia,High income,2013,6.40704045152059,
LVA,LV,Latvia,Europe & Central Asia,High income,2014,4.59775813860822,
LVA,LV,Latvia,Europe & Central Asia,High income,2015,4.64467819332291,
LVA,LV,Latvia,Europe & Central Asia,High income,2016,6.25574429476529,
LVA,LV,Latvia,Europe & Central Asia,High income,2017,5.50697759974227,
LVA,LV,Latvia,Europe & Central Asia,High income,2018,5.28840202667788,
LVA,LV,Latvia,Europe & Central Asia,High income,2019,5.00157140027425,
LVA,LV,Latvia,Europe & Central Asia,High income,2020,3.09137577308036,
LVA,LV,Latvia,Europe & Central Asia,High income,2021,2.47301429041714,
LVA,LV,Latvia,Europe & Central Asia,High income,2022,2.28796782873968,
LVA,LV,Latvia,Europe & Central Asia,High income,2023,2.4334303280295,
LVA,LV,Latvia,Europe & Central Asia,High income,2024,2.37819060027119,
MAC,MO,"Macao SAR, China",East Asia & Pacific,High income,2000,,11.8389008339836
MAC,MO,"Macao SAR, China",East Asia & Pacific,High income,2001,,9.60559218756838
MAC,MO,"Macao SAR, China",East Asia & Pacific,High income,2002,,7.54058488307433
MAC,MO,"Macao SAR, China",East Asia & Pacific,High income,2003,,5.94903262397945
MAC,MO,"Macao SAR, China",East Asia & Pacific,High income,2004,,4.00624936484718
MAC,MO,"Macao SAR, China",East Asia & Pacific,High income,2005,,1.40397652012113
MAC,MO,"Macao SAR, China",East Asia & Pacific,High income,2006,,0.943370630990643
MAC,MO,"Macao SAR, China",East Asia & Pacific,High income,2007,,-0.872348892685343
MAC,MO,"Macao SAR, China",East Asia & Pacific,High income,2008,,-4.22016587632612
MAC,MO,"Macao SAR, China",East Asia & Pacific,High income,2009,,4.30456168484241
MAC,MO,"Macao SAR, China",East Asia & Pacific,High income,2010,0.393130048679922,0.422339701561774
MAC,MO,"Macao SAR, China",East Asia & Pacific,High income,2011,0.344719585672998,-2.07966492969947
MAC,MO,"Macao SAR, China",East Asia & Pacific,High income,2012,0.187259446456941,-1.58538824278756
MAC,MO,"Macao SAR, China",East Asia & Pacific,High income,2013,0.0923353115576881,-2.31351620342181
MAC,MO,"Macao SAR, China",East Asia & Pacific,High income,2014,0.118444607476519,-3.19806913215582
MAC,MO,"Macao SAR, China",East Asia & Pacific,High income,2015,0.119843705534916,0.687771092467645
MAC,MO,"Macao SAR, China",East Asia & Pacific,High income,2016,0.195618683773704,4.32327629779025
MAC,MO,"Macao SAR, China",East Asia & Pacific,High income,2017,0.227486975366638,3.02600570156772
MAC,MO,"Macao SAR, China",East Asia & Pacific,High income,2018,0.217152000015563,1.68017540114181
MAC,MO,"Macao SAR, China",East Asia & Pacific,High income,2019,0.239743350610203,2.88540553528711
MAC,MO,"Macao SAR, China",East Asia & Pacific,High income,2020,0.347551535467047,5.53562308204052
MAC,MO,"Macao SAR, China",East Asia & Pacific,High income,2021,0.651560726498019,6.15680880273772
MAC,MO,"Macao SAR, China",East Asia & Pacific,High income,2022,1.50402875691477,4.13322292208438
MAC,MO,"Macao SAR, China",East Asia & Pacific,High income,2023,3.55097281177298,1.5638472039005
MAC,MO,"Macao SAR, China",East Asia & Pacific,High income,2024,5.16913145320136,5.81027686117298
MAF,MF,St. Martin (French part),Latin America & Caribbean,High income,2000,,
MAF,MF,St. Martin (French part),Latin America & Caribbean,High income,2001,,
MAF,MF,St. Martin (French part),Latin America & Caribbean,High income,2002,,
MAF,MF,St. Martin (French part),Latin America & Caribbean,High income,2003,,
MAF,MF,St. Martin (French part),Latin America & Caribbean,High income,2004,,
MAF,MF,St. Martin (French part),Latin America & Caribbean,High income,2005,,
MAF,MF,St. Martin (French part),Latin America & Caribbean,High income,2006,,
MAF,MF,St. Martin (French part),Latin America & Caribbean,High income,2007,,
MAF,MF,St. Martin (French part),Latin America & Caribbean,High income,2008,,
MAF,MF,St. Martin (French part),Latin America & Caribbean,High income,2009,,
MAF,MF,St. Martin (French part),Latin America & Caribbean,High income,2010,,
MAF,MF,St. Martin (French part),Latin America & Caribbean,High income,2011,,
MAF,MF,St. Martin (French part),Latin America & Caribbean,High income,2012,,
MAF,MF,St. Martin (French part),Latin America & Caribbean,High income,2013,,
MAF,MF,St. Martin (French part),Latin America & Caribbean,High income,2014,,
MAF,MF,St. Martin (French part),Latin America & Caribbean,High income,2015,,
MAF,MF,St. Martin (French part),Latin America & Caribbean,High income,2016,,
MAF,MF,St. Martin (French part),Latin America & Caribbean,High income,2017,,
MAF,MF,St. Martin (French part),Latin America & Caribbean,High income,2018,,
MAF,MF,St. Martin (French part),Latin America & Caribbean,High income,2019,,
MAF,MF,St. Martin (French part),Latin America & Caribbean,High income,2020,,
MAF,MF,St. Martin (French part),Latin America & Caribbean,High income,2021,,
MAF,MF,St. Martin (French part),Latin America & Caribbean,High income,2022,,
MAF,MF,St. Martin (French part),Latin America & Caribbean,High income,2023,,
MAF,MF,St. Martin (French part),Latin America & Caribbean,High income,2024,,
MAR,MA,Morocco,"Middle East, North Africa, Afghanistan & Pakistan",Lower middle income,2000,,
MAR,MA,Morocco,"Middle East, North Africa, Afghanistan & Pakistan",Lower middle income,2001,,
MAR,MA,Morocco,"Middle East, North Africa, Afghanistan & Pakistan",Lower middle income,2002,,
MAR,MA,Morocco,"Middle East, North Africa, Afghanistan & Pakistan",Lower middle income,2003,,
MAR,MA,Morocco,"Middle East, North Africa, Afghanistan & Pakistan",Lower middle income,2004,,
MAR,MA,Morocco,"Middle East, North Africa, Afghanistan & Pakistan",Lower middle income,2005,,
MAR,MA,Morocco,"Middle East, North Africa, Afghanistan & Pakistan",Lower middle income,2006,,
MAR,MA,Morocco,"Middle East, North Africa, Afghanistan & Pakistan",Lower middle income,2007,,
MAR,MA,Morocco,"Middle East, North Africa, Afghanistan & Pakistan",Lower middle income,2008,,
MAR,MA,Morocco,"Middle East, North Africa, Afghanistan & Pakistan",Lower middle income,2009,,
MAR,MA,Morocco,"Middle East, North Africa, Afghanistan & Pakistan",Lower middle income,2010,,
MAR,MA,Morocco,"Middle East, North Africa, Afghanistan & Pakistan",Lower middle income,2011,5.44855241763618,
MAR,MA,Morocco,"Middle East, North Africa, Afghanistan & Pakistan",Lower middle income,2012,5.74656037615339,
MAR,MA,Morocco,"Middle East, North Africa, Afghanistan & Pakistan",Lower middle income,2013,6.62387078084964,
MAR,MA,Morocco,"Middle East, North Africa, Afghanistan & Pakistan",Lower middle income,2014,7.26696282330555,
MAR,MA,Morocco,"Middle East, North Africa, Afghanistan & Pakistan",Lower middle income,2015,7.67129786194117,
MAR,MA,Morocco,"Middle East, North Africa, Afghanistan & Pakistan",Lower middle income,2016,8.07938649012445,
MAR,MA,Morocco,"Middle East, North Africa, Afghanistan & Pakistan",Lower middle income,2017,7.60581163179934,
MAR,MA,Morocco,"Middle East, North Africa, Afghanistan & Pakistan",Lower middle income,2018,7.72518485920519,
MAR,MA,Morocco,"Middle East, North Africa, Afghanistan & Pakistan",Lower middle income,2019,7.86756194132143,
MAR,MA,Morocco,"Middle East, North Africa, Afghanistan & Pakistan",Lower middle income,2020,8.79376526247322,
MAR,MA,Morocco,"Middle East, North Africa, Afghanistan & Pakistan",Lower middle income,2021,9.05863022934855,
MAR,MA,Morocco,"Middle East, North Africa, Afghanistan & Pakistan",Lower middle income,2022,8.68360679573923,
MAR,MA,Morocco,"Middle East, North Africa, Afghanistan & Pakistan",Lower middle income,2023,8.48309408041805,
MAR,MA,Morocco,"Middle East, North Africa, Afghanistan & Pakistan",Lower middle income,2024,8.18776433111185,
MCO,MC,Monaco,Europe & Central Asia,High income,2000,,
MCO,MC,Monaco,Europe & Central Asia,High income,2001,,
MCO,MC,Monaco,Europe & Central Asia,High income,2002,,
MCO,MC,Monaco,Europe & Central Asia,High income,2003,,
MCO,MC,Monaco,Europe & Central Asia,High income,2004,,
MCO,MC,Monaco,Europe & Central Asia,High income,2005,,
MCO,MC,Monaco,Europe & Central Asia,High income,2006,,
MCO,MC,Monaco,Europe & Central Asia,High income,2007,,
MCO,MC,Monaco,Europe & Central Asia,High income,2008,,
MCO,MC,Monaco,Europe & Central Asia,High income,2009,,
MCO,MC,Monaco,Europe & Central Asia,High income,2010,0.393130048679923,
MCO,MC,Monaco,Europe & Central Asia,High income,2011,0.344719585672998,
MCO,MC,Monaco,Europe & Central Asia,High income,2012,0.187259446456941,
MCO,MC,Monaco,Europe & Central Asia,High income,2013,0.0923353115576881,
MCO,MC,Monaco,Europe & Central Asia,High income,2014,0.118444607476519,
MCO,MC,Monaco,Europe & Central Asia,High income,2015,0.119843705534916,
MCO,MC,Monaco,Europe & Central Asia,High income,2016,0.195618683773704,
MCO,MC,Monaco,Europe & Central Asia,High income,2017,0.227486975366639,
MCO,MC,Monaco,Europe & Central Asia,High income,2018,0.217152000015563,
MCO,MC,Monaco,Europe & Central Asia,High income,2019,0.239742734729696,
MCO,MC,Monaco,Europe & Central Asia,High income,2020,,
MCO,MC,Monaco,Europe & Central Asia,High income,2021,,
MCO,MC,Monaco,Europe & Central Asia,High income,2022,,
MCO,MC,Monaco,Europe & Central Asia,High income,2023,,
MCO,MC,Monaco,Europe & Central Asia,High income,2024,,
MDA,MD,Moldova,Europe & Central Asia,Upper middle income,2000,,5.06398953898559
MDA,MD,Moldova,Europe & Central Asia,Upper middle income,2001,,14.8140125383154
MDA,MD,Moldova,Europe & Central Asia,Upper middle income,2002,,12.4688960547496
MDA,MD,Moldova,Europe & Central Asia,Upper middle income,2003,,3.85074370605451
MDA,MD,Moldova,Europe & Central Asia,Upper middle income,2004,,11.9933288814659
MDA,MD,Moldova,Europe & Central Asia,Upper middle income,2005,,9.0692458578458
MDA,MD,Moldova,Europe & Central Asia,Upper middle income,2006,,4.15294417758929
MDA,MD,Moldova,Europe & Central Asia,Upper middle income,2007,,2.51601878178444
MDA,MD,Moldova,Europe & Central Asia,Upper middle income,2008,,10.8197163401692
MDA,MD,Moldova,Europe & Central Asia,Upper middle income,2009,16.388686779902,17.9846181479641
MDA,MD,Moldova,Europe & Central Asia,Upper middle income,2010,13.3375805604831,-12.7114067207707
MDA,MD,Moldova,Europe & Central Asia,Upper middle income,2011,10.6758881878265,5.77428512369844
MDA,MD,Moldova,Europe & Central Asia,Upper middle income,2012,14.4995942986054,5.57968418273751
MDA,MD,Moldova,Europe & Central Asia,Upper middle income,2013,11.5773748871241,8.05427757577723
MDA,MD,Moldova,Europe & Central Asia,Upper middle income,2014,11.7289639558726,5.58218922393701
MDA,MD,Moldova,Europe & Central Asia,Upper middle income,2015,9.91786681707727,2.30781538967565
MDA,MD,Moldova,Europe & Central Asia,Upper middle income,2016,16.4051517258091,10.3573741791746
MDA,MD,Moldova,Europe & Central Asia,Upper middle income,2017,18.2468257499406,3.86837094456254
MDA,MD,Moldova,Europe & Central Asia,Upper middle income,2018,12.4916886374528,5.46110987490281
MDA,MD,Moldova,Europe & Central Asia,Upper middle income,2019,8.49630682504005,2.75105922952457
MDA,MD,Moldova,Europe & Central Asia,Upper middle income,2020,7.37754096553308,2.46743108413222
MDA,MD,Moldova,Europe & Central Asia,Upper middle income,2021,6.12732657064783,0.954053040073202
MDA,MD,Moldova,Europe & Central Asia,Upper middle income,2022,6.44258507306679,-5.98604376959698
MDA,MD,Moldova,Europe & Central Asia,Upper middle income,2023,5.55507507352677,2.78301050287106
MDA,MD,Moldova,Europe & Central Asia,Upper middle income,2024,4.16227166187258,2.33138755008486
MDG,MG,Madagascar,Sub-Saharan Africa,Low income,2000,,13.7174855381102
MDG,MG,Madagascar,Sub-Saharan Africa,Low income,2001,,16.2931365294902
MDG,MG,Madagascar,Sub-Saharan Africa,Low income,2002,,7.51209032468099
MDG,MG,Madagascar,Sub-Saharan Africa,Low income,2003,,26.4039290162197
MDG,MG,Madagascar,Sub-Saharan Africa,Low income,2004,,9.30772986434688
MDG,MG,Madagascar,Sub-Saharan Africa,Low income,2005,7.60792563429991,6.34583697690706
MDG,MG,Madagascar,Sub-Saharan Africa,Low income,2006,6.35707583676167,15.694725625404
MDG,MG,Madagascar,Sub-Saharan Africa,Low income,2007,7.38090894155114,27.1897603026669
MDG,MG,Madagascar,Sub-Saharan Africa,Low income,2008,7.17687229470659,33.9705614852236
MDG,MG,Madagascar,Sub-Saharan Africa,Low income,2009,8.79419882422574,35.2476423678686
MDG,MG,Madagascar,Sub-Saharan Africa,Low income,2010,10.0217242777645,32.464101444736
MDG,MG,Madagascar,Sub-Saharan Africa,Low income,2011,11.8198387546377,38.1513429866634
MDG,MG,Madagascar,Sub-Saharan Africa,Low income,2012,11.5651094798492,48.0332440256903
MDG,MG,Madagascar,Sub-Saharan Africa,Low income,2013,12.1838467083235,50.7601031926022
MDG,MG,Madagascar,Sub-Saharan Africa,Low income,2014,10.2928305449884,49.908503144345
MDG,MG,Madagascar,Sub-Saharan Africa,Low income,2015,9.30747379475236,47.146664487391
MDG,MG,Madagascar,Sub-Saharan Africa,Low income,2016,8.82195768112054,46.8427693226406
MDG,MG,Madagascar,Sub-Saharan Africa,Low income,2017,8.14393907254576,52.4367881529961
MDG,MG,Madagascar,Sub-Saharan Africa,Low income,2018,7.62316707853898,43.4833449657503
MDG,MG,Madagascar,Sub-Saharan Africa,Low income,2019,7.34701649162119,39.8770894409842
MDG,MG,Madagascar,Sub-Saharan Africa,Low income,2020,8.46460927886255,42.7140565580089
MDG,MG,Madagascar,Sub-Saharan Africa,Low income,2021,9.1098835950125,39.5350468812125
MDG,MG,Madagascar,Sub-Saharan Africa,Low income,2022,8.02382724671767,35.5937127562271
MDG,MG,Madagascar,Sub-Saharan Africa,Low income,2023,7.73785091249538,41.6191690196659
MDG,MG,Madagascar,Sub-Saharan Africa,Low income,2024,7.62714332387396,48.9299173878853
MDV,MV,Maldives,South Asia,Upper middle income,2000,,7.34143644012808
MDV,MV,Maldives,South Asia,Upper middle income,2001,,-27.4166580778601
MDV,MV,Maldives,South Asia,Upper middle income,2002,,9.375668973329
MDV,MV,Maldives,South Asia,Upper middle income,2003,,6.92865721314521
MDV,MV,Maldives,South Asia,Upper middle income,2004,,0.156737198386501
MDV,MV,Maldives,South Asia,Upper middle income,2005,,3.2746603469194
MDV,MV,Maldives,South Asia,Upper middle income,2006,,0.671075441542563
MDV,MV,Maldives,South Asia,Upper middle income,2007,,-0.414694163040783
MDV,MV,Maldives,South Asia,Upper middle income,2008,,-1.17685851570043
MDV,MV,Maldives,South Asia,Upper middle income,2009,,-2.11403300453779
MDV,MV,Maldives,South Asia,Upper middle income,2010,,6.8047683211937
MDV,MV,Maldives,South Asia,Upper middle income,2011,,-1.91496180491818
MDV,MV,Maldives,South Asia,Upper middle income,2012,20.9246965468261,3.34229605974468
MDV,MV,Maldives,South Asia,Upper middle income,2013,17.217700885709,4.12891940022525
MDV,MV,Maldives,South Asia,Upper middle income,2014,17.4741516990976,7.002895788903
MDV,MV,Maldives,South Asia,Upper middle income,2015,12.8840040665686,3.41688067867597
MDV,MV,Maldives,South Asia,Upper middle income,2016,11.7714828257264,10.318588862832
MDV,MV,Maldives,South Asia,Upper middle income,2017,10.6639121664259,7.86201730047935
MDV,MV,Maldives,South Asia,Upper middle income,2018,11.5608554379335,7.06184132806799
MDV,MV,Maldives,South Asia,Upper middle income,2019,11.6270773650661,12.6074475015014
MDV,MV,Maldives,South Asia,Upper middle income,2020,18.7957458088981,15.4867338047556
MDV,MV,Maldives,South Asia,Upper middle income,2021,12.5877843282695,8.49646296227071
MDV,MV,Maldives,South Asia,Upper middle income,2022,9.40629274725968,7.26764677947048
MDV,MV,Maldives,South Asia,Upper middle income,2023,8.3382491192651,9.34345767007608
MDV,MV,Maldives,South Asia,Upper middle income,2024,5.89230350322209,8.22832252053922
MEX,MX,Mexico,Latin America & Caribbean,Upper middle income,2000,,5.62825957284796
MEX,MX,Mexico,Latin America & Caribbean,Upper middle income,2001,,5.9376464525908
MEX,MX,Mexico,Latin America & Caribbean,Upper middle income,2002,,2.56725076182637
MEX,MX,Mexico,Latin America & Caribbean,Upper middle income,2003,,2.630266101796
MEX,MX,Mexico,Latin America & Caribbean,Upper middle income,2004,,-0.628122322435263
MEX,MX,Mexico,Latin America & Caribbean,Upper middle income,2005,1.81638248738847,3.59826025906876
MEX,MX,Mexico,Latin America & Caribbean,Upper middle income,2006,1.9944212361405,1.32383195043652
MEX,MX,Mexico,Latin America & Caribbean,Upper middle income,2007,2.5413127799359,1.35029775293142
MEX,MX,Mexico,Latin America & Caribbean,Upper middle income,2008,3.20802543521284,2.25320065331678
MEX,MX,Mexico,Latin America & Caribbean,Upper middle income,2009,3.06903578149086,1.73076521261274
MEX,MX,Mexico,Latin America & Caribbean,Upper middle income,2010,2.32838597424659,0.869831509850299
MEX,MX,Mexico,Latin America & Caribbean,Upper middle income,2011,2.44685147061431,-0.718087426437587
MEX,MX,Mexico,Latin America & Caribbean,Upper middle income,2012,2.52922017747362,0.13259562383731
MEX,MX,Mexico,Latin America & Caribbean,Upper middle income,2013,3.36157018477857,2.52394544668066
MEX,MX,Mexico,Latin America & Caribbean,Upper middle income,2014,3.13402337702184,-0.782518921639472
MEX,MX,Mexico,Latin America & Caribbean,Upper middle income,2015,2.6044102180781,0.207059208001004
MEX,MX,Mexico,Latin America & Caribbean,Upper middle income,2016,2.14676314546594,-1.2475973505834
MEX,MX,Mexico,Latin America & Caribbean,Upper middle income,2017,2.14605834181442,0.717765179526944
MEX,MX,Mexico,Latin America & Caribbean,Upper middle income,2018,2.1077378613675,2.69522693989711
MEX,MX,Mexico,Latin America & Caribbean,Upper middle income,2019,2.20172618969779,3.93998794762342
MEX,MX,Mexico,Latin America & Caribbean,Upper middle income,2020,2.56401799892127,1.64584209088023
MEX,MX,Mexico,Latin America & Caribbean,Upper middle income,2021,2.04852607538267,0.386354441937539
MEX,MX,Mexico,Latin America & Caribbean,Upper middle income,2022,2.08482456008447,1.41798510250274
MEX,MX,Mexico,Latin America & Caribbean,Upper middle income,2023,2.07732748969618,6.60635475962413
MEX,MX,Mexico,Latin America & Caribbean,Upper middle income,2024,2.01603884670162,7.20669786071159
MHL,MH,Marshall Islands,East Asia & Pacific,Upper middle income,2000,,
MHL,MH,Marshall Islands,East Asia & Pacific,Upper middle income,2001,,
MHL,MH,Marshall Islands,East Asia & Pacific,Upper middle income,2002,,
MHL,MH,Marshall Islands,East Asia & Pacific,Upper middle income,2003,,
MHL,MH,Marshall Islands,East Asia & Pacific,Upper middle income,2004,,
MHL,MH,Marshall Islands,East Asia & Pacific,Upper middle income,2005,,
MHL,MH,Marshall Islands,East Asia & Pacific,Upper middle income,2006,,
MHL,MH,Marshall Islands,East Asia & Pacific,Upper middle income,2007,,
MHL,MH,Marshall Islands,East Asia & Pacific,Upper middle income,2008,,
MHL,MH,Marshall Islands,East Asia & Pacific,Upper middle income,2009,,
MHL,MH,Marshall Islands,East Asia & Pacific,Upper middle income,2010,,
MHL,MH,Marshall Islands,East Asia & Pacific,Upper middle income,2011,,
MHL,MH,Marshall Islands,East Asia & Pacific,Upper middle income,2012,,
MHL,MH,Marshall Islands,East Asia & Pacific,Upper middle income,2013,,
MHL,MH,Marshall Islands,East Asia & Pacific,Upper middle income,2014,,
MHL,MH,Marshall Islands,East Asia & Pacific,Upper middle income,2015,,
MHL,MH,Marshall Islands,East Asia & Pacific,Upper middle income,2016,,
MHL,MH,Marshall Islands,East Asia & Pacific,Upper middle income,2017,,
MHL,MH,Marshall Islands,East Asia & Pacific,Upper middle income,2018,,
MHL,MH,Marshall Islands,East Asia & Pacific,Upper middle income,2019,,
MHL,MH,Marshall Islands,East Asia & Pacific,Upper middle income,2020,,
MHL,MH,Marshall Islands,East Asia & Pacific,Upper middle income,2021,,
MHL,MH,Marshall Islands,East Asia & Pacific,Upper middle income,2022,,
MHL,MH,Marshall Islands,East Asia & Pacific,Upper middle income,2023,,
MHL,MH,Marshall Islands,East Asia & Pacific,Upper middle income,2024,,
MKD,MK,North Macedonia,Europe & Central Asia,Upper middle income,2000,,
MKD,MK,North Macedonia,Europe & Central Asia,Upper middle income,2001,,
MKD,MK,North Macedonia,Europe & Central Asia,Upper middle income,2002,,
MKD,MK,North Macedonia,Europe & Central Asia,Upper middle income,2003,,
MKD,MK,North Macedonia,Europe & Central Asia,Upper middle income,2004,,
MKD,MK,North Macedonia,Europe & Central Asia,Upper middle income,2005,14.8928467760632,7.26516846748912
MKD,MK,North Macedonia,Europe & Central Asia,Upper middle income,2006,11.2137062334098,8.04240569577009
MKD,MK,North Macedonia,Europe & Central Asia,Upper middle income,2007,7.51448842858048,5.65016796689051
MKD,MK,North Macedonia,Europe & Central Asia,Upper middle income,2008,6.7146262287809,4.49410787776229
MKD,MK,North Macedonia,Europe & Central Asia,Upper middle income,2009,8.93736962216569,10.8427361033363
MKD,MK,North Macedonia,Europe & Central Asia,Upper middle income,2010,9.04070956501971,8.48142548946223
MKD,MK,North Macedonia,Europe & Central Asia,Upper middle income,2011,9.52269121137581,5.66722821086818
MKD,MK,North Macedonia,Europe & Central Asia,Upper middle income,2012,10.1123971304148,7.98522175537971
MKD,MK,North Macedonia,Europe & Central Asia,Upper middle income,2013,10.9395684304262,3.83126684806821
MKD,MK,North Macedonia,Europe & Central Asia,Upper middle income,2014,10.8059133941613,6.22806707902019
MKD,MK,North Macedonia,Europe & Central Asia,Upper middle income,2015,10.3144498806433,5.3457581796468
MKD,MK,North Macedonia,Europe & Central Asia,Upper middle income,2016,6.28661409822794,3.43336996492373
MKD,MK,North Macedonia,Europe & Central Asia,Upper middle income,2017,6.09844460015566,3.69588556406759
MKD,MK,North Macedonia,Europe & Central Asia,Upper middle income,2018,5.03609299230043,2.09837749145698
MKD,MK,North Macedonia,Europe & Central Asia,Upper middle income,2019,4.62471134653537,4.70038784902453
MKD,MK,North Macedonia,Europe & Central Asia,Upper middle income,2020,3.26129559130556,3.76716860112633
MKD,MK,North Macedonia,Europe & Central Asia,Upper middle income,2021,3.13085707013006,0.54891828545638
MKD,MK,North Macedonia,Europe & Central Asia,Upper middle income,2022,2.79003002094012,-3.8949908013561
MKD,MK,North Macedonia,Europe & Central Asia,Upper middle income,2023,2.66786768882009,-2.26316743744266
MKD,MK,North Macedonia,Europe & Central Asia,Upper middle income,2024,2.59408148305809,2.10174035882591
MLI,ML,Mali,Sub-Saharan Africa,Low income,2000,,
MLI,ML,Mali,Sub-Saharan Africa,Low income,2001,,
MLI,ML,Mali,Sub-Saharan Africa,Low income,2002,,
MLI,ML,Mali,Sub-Saharan Africa,Low income,2003,,
MLI,ML,Mali,Sub-Saharan Africa,Low income,2004,,
MLI,ML,Mali,Sub-Saharan Africa,Low income,2005,,-2.69705991858244
MLI,ML,Mali,Sub-Saharan Africa,Low income,2006,,-0.844251720480192
MLI,ML,Mali,Sub-Saharan Africa,Low income,2007,,-1.49014627104592
MLI,ML,Mali,Sub-Saharan Africa,Low income,2008,,-1.19833118468839
MLI,ML,Mali,Sub-Saharan Africa,Low income,2009,,-0.99786460462433
MLI,ML,Mali,Sub-Saharan Africa,Low income,2010,,0.870098870263947
MLI,ML,Mali,Sub-Saharan Africa,Low income,2011,,-6.42720610442389
MLI,ML,Mali,Sub-Saharan Africa,Low income,2012,,0.176023562548648
MLI,ML,Mali,Sub-Saharan Africa,Low income,2013,,5.622915183759
MLI,ML,Mali,Sub-Saharan Africa,Low income,2014,,3.45332646194933
MLI,ML,Mali,Sub-Saharan Africa,Low income,2015,,2.27159167451989
MLI,ML,Mali,Sub-Saharan Africa,Low income,2016,,3.63675094593401
MLI,ML,Mali,Sub-Saharan Africa,Low income,2017,,
MLI,ML,Mali,Sub-Saharan Africa,Low income,2018,,
MLI,ML,Mali,Sub-Saharan Africa,Low income,2019,,
MLI,ML,Mali,Sub-Saharan Africa,Low income,2020,,
MLI,ML,Mali,Sub-Saharan Africa,Low income,2021,,
MLI,ML,Mali,Sub-Saharan Africa,Low income,2022,,
MLI,ML,Mali,Sub-Saharan Africa,Low income,2023,,
MLI,ML,Mali,Sub-Saharan Africa,Low income,2024,,
MLT,MT,Malta,"Middle East, North Africa, Afghanistan & Pakistan",High income,2000,,19.060362154394
MLT,MT,Malta,"Middle East, North Africa, Afghanistan & Pakistan",High income,2001,,2.42156973136349
MLT,MT,Malta,"Middle East, North Africa, Afghanistan & Pakistan",High income,2002,,3.31823116560429
MLT,MT,Malta,"Middle East, North Africa, Afghanistan & Pakistan",High income,2003,,3.73787006125609
MLT,MT,Malta,"Middle East, North Africa, Afghanistan & Pakistan",High income,2004,,2.74208830968347
MLT,MT,Malta,"Middle East, North Africa, Afghanistan & Pakistan",High income,2005,8.20906380726336,3.47605701457501
MLT,MT,Malta,"Middle East, North Africa, Afghanistan & Pakistan",High income,2006,6.47013971237756,3.30678478804301
MLT,MT,Malta,"Middle East, North Africa, Afghanistan & Pakistan",High income,2007,5.31015886166558,3.91017447498904
MLT,MT,Malta,"Middle East, North Africa, Afghanistan & Pakistan",High income,2008,5.01177403541517,2.43344062994628
MLT,MT,Malta,"Middle East, North Africa, Afghanistan & Pakistan",High income,2009,5.78360747367995,2.17563436031812
MLT,MT,Malta,"Middle East, North Africa, Afghanistan & Pakistan",High income,2010,7.01547424164958,1.78500865097407
MLT,MT,Malta,"Middle East, North Africa, Afghanistan & Pakistan",High income,2011,7.08872097300829,3.21552544674653
MLT,MT,Malta,"Middle East, North Africa, Afghanistan & Pakistan",High income,2012,7.75197194482716,2.48810273635461
MLT,MT,Malta,"Middle East, North Africa, Afghanistan & Pakistan",High income,2013,8.94793807670442,2.39582000579142
MLT,MT,Malta,"Middle East, North Africa, Afghanistan & Pakistan",High income,2014,9.04960051895584,
MLT,MT,Malta,"Middle East, North Africa, Afghanistan & Pakistan",High income,2015,7.09795110848623,
MLT,MT,Malta,"Middle East, North Africa, Afghanistan & Pakistan",High income,2016,5.29469189649342,
MLT,MT,Malta,"Middle East, North Africa, Afghanistan & Pakistan",High income,2017,4.06994769176585,
MLT,MT,Malta,"Middle East, North Africa, Afghanistan & Pakistan",High income,2018,3.35528926091018,
MLT,MT,Malta,"Middle East, North Africa, Afghanistan & Pakistan",High income,2019,3.20817921458462,
MLT,MT,Malta,"Middle East, North Africa, Afghanistan & Pakistan",High income,2020,3.66282402946949,
MLT,MT,Malta,"Middle East, North Africa, Afghanistan & Pakistan",High income,2021,5.01907175675442,
MLT,MT,Malta,"Middle East, North Africa, Afghanistan & Pakistan",High income,2022,3.50025710935779,
MLT,MT,Malta,"Middle East, North Africa, Afghanistan & Pakistan",High income,2023,3.16232941607222,
MLT,MT,Malta,"Middle East, North Africa, Afghanistan & Pakistan",High income,2024,2.6207739600973,
MMR,MM,Myanmar,East Asia & Pacific,Lower middle income,2000,,15.9156494626897
MMR,MM,Myanmar,East Asia & Pacific,Lower middle income,2001,,-5.11270269614897
MMR,MM,Myanmar,East Asia & Pacific,Lower middle income,2002,,-16.2868801749837
MMR,MM,Myanmar,East Asia & Pacific,Lower middle income,2003,,-1.68884596726902
MMR,MM,Myanmar,East Asia & Pacific,Lower middle income,2004,,14.3438692782131
MMR,MM,Myanmar,East Asia & Pacific,Lower middle income,2005,,-0.5890992343959
MMR,MM,Myanmar,East Asia & Pacific,Lower middle income,2006,,-1.24123727981462
MMR,MM,Myanmar,East Asia & Pacific,Lower middle income,2007,,-2.20053800996142
MMR,MM,Myanmar,East Asia & Pacific,Lower middle income,2008,,6.42889038450246
MMR,MM,Myanmar,East Asia & Pacific,Lower middle income,2009,,15.2981426068898
MMR,MM,Myanmar,East Asia & Pacific,Lower middle income,2010,,12.9665999215391
MMR,MM,Myanmar,East Asia & Pacific,Lower middle income,2011,,8.93204412182702
MMR,MM,Myanmar,East Asia & Pacific,Lower middle income,2012,,12.4792891965108
MMR,MM,Myanmar,East Asia & Pacific,Lower middle income,2013,,11.1344548361722
MMR,MM,Myanmar,East Asia & Pacific,Lower middle income,2014,,11.6348268756635
MMR,MM,Myanmar,East Asia & Pacific,Lower middle income,2015,,11.3920487516415
MMR,MM,Myanmar,East Asia & Pacific,Lower middle income,2016,,11.9521699151559
MMR,MM,Myanmar,East Asia & Pacific,Lower middle income,2017,,9.56481061128967
MMR,MM,Myanmar,East Asia & Pacific,Lower middle income,2018,,10.118468387409
MMR,MM,Myanmar,East Asia & Pacific,Lower middle income,2019,,10.032984943461
MMR,MM,Myanmar,East Asia & Pacific,Lower middle income,2020,,9.00783472805541
MMR,MM,Myanmar,East Asia & Pacific,Lower middle income,2021,,
MMR,MM,Myanmar,East Asia & Pacific,Lower middle income,2022,,
MMR,MM,Myanmar,East Asia & Pacific,Lower middle income,2023,,
MMR,MM,Myanmar,East Asia & Pacific,Lower middle income,2024,,
MNE,ME,Montenegro,Europe & Central Asia,Upper middle income,2000,,
MNE,ME,Montenegro,Europe & Central Asia,Upper middle income,2001,,
MNE,ME,Montenegro,Europe & Central Asia,Upper middle income,2002,,
MNE,ME,Montenegro,Europe & Central Asia,Upper middle income,2003,,
MNE,ME,Montenegro,Europe & Central Asia,Upper middle income,2004,,
MNE,ME,Montenegro,Europe & Central Asia,Upper middle income,2005,,7.74311572315374
MNE,ME,Montenegro,Europe & Central Asia,Upper middle income,2006,2.88924830799956,1.1071030231366
MNE,ME,Montenegro,Europe & Central Asia,Upper middle income,2007,3.20083686790681,-5.67904013657606
MNE,ME,Montenegro,Europe & Central Asia,Upper middle income,2008,7.27535879705032,1.21847161316059
MNE,ME,Montenegro,Europe & Central Asia,Upper middle income,2009,13.5504391510384,6.87787334372894
MNE,ME,Montenegro,Europe & Central Asia,Upper middle income,2010,20.9294667304236,7.56823866679139
MNE,ME,Montenegro,Europe & Central Asia,Upper middle income,2011,15.2910548471521,9.31229714118437
MNE,ME,Montenegro,Europe & Central Asia,Upper middle income,2012,17.3025070519201,9.15402378077806
MNE,ME,Montenegro,Europe & Central Asia,Upper middle income,2013,20.3084823035392,7.64803421828526
MNE,ME,Montenegro,Europe & Central Asia,Upper middle income,2014,18.586564885194,8.18410578491782
MNE,ME,Montenegro,Europe & Central Asia,Upper middle income,2015,14.5783594660381,6.49855012090659
MNE,ME,Montenegro,Europe & Central Asia,Upper middle income,2016,11.3543726339919,2.56014878362451
MNE,ME,Montenegro,Europe & Central Asia,Upper middle income,2017,8.29218459497308,2.42637310599586
MNE,ME,Montenegro,Europe & Central Asia,Upper middle income,2018,7.35703476750051,3.12206729773345
MNE,ME,Montenegro,Europe & Central Asia,Upper middle income,2019,5.09141597966812,4.10897143195006
MNE,ME,Montenegro,Europe & Central Asia,Upper middle income,2020,5.86676708666653,6.39667168510338
MNE,ME,Montenegro,Europe & Central Asia,Upper middle income,2021,6.82507816356755,0.655082565955951
MNE,ME,Montenegro,Europe & Central Asia,Upper middle income,2022,6.32764292350479,-5.73712397239056
MNE,ME,Montenegro,Europe & Central Asia,Upper middle income,2023,5.77896086081471,-4.77813148805584
MNE,ME,Montenegro,Europe & Central Asia,Upper middle income,2024,4.09458349761055,1.68800748877397
MNG,MN,Mongolia,East Asia & Pacific,Upper middle income,2000,,22.2795270696795
MNG,MN,Mongolia,East Asia & Pacific,Upper middle income,2001,,24.3565503058999
MNG,MN,Mongolia,East Asia & Pacific,Upper middle income,2002,,27.401584080924
MNG,MN,Mongolia,East Asia & Pacific,Upper middle income,2003,,19.6578061535576
MNG,MN,Mongolia,East Asia & Pacific,Upper middle income,2004,,12.6674725571455
MNG,MN,Mongolia,East Asia & Pacific,Upper middle income,2005,,8.71984237557576
MNG,MN,Mongolia,East Asia & Pacific,Upper middle income,2006,,4.05599556329609
MNG,MN,Mongolia,East Asia & Pacific,Upper middle income,2007,,9.13723601081973
MNG,MN,Mongolia,East Asia & Pacific,Upper middle income,2008,,-0.712580739501003
MNG,MN,Mongolia,East Asia & Pacific,Upper middle income,2009,,19.484338531706
MNG,MN,Mongolia,East Asia & Pacific,Upper middle income,2010,,-13.7301743093317
MNG,MN,Mongolia,East Asia & Pacific,Upper middle income,2011,,1.2944583627867
MNG,MN,Mongolia,East Asia & Pacific,Upper middle income,2012,,4.72533131942512
MNG,MN,Mongolia,East Asia & Pacific,Upper middle income,2013,,15.1340978367254
MNG,MN,Mongolia,East Asia & Pacific,Upper middle income,2014,,10.7740524626641
MNG,MN,Mongolia,East Asia & Pacific,Upper middle income,2015,,18.8380789952191
MNG,MN,Mongolia,East Asia & Pacific,Upper middle income,2016,7.00650557635114,16.2616757809116
MNG,MN,Mongolia,East Asia & Pacific,Upper middle income,2017,6.41581802917556,8.30906021963084
MNG,MN,Mongolia,East Asia & Pacific,Upper middle income,2018,5.07708742972024,9.03445571352021
MNG,MN,Mongolia,East Asia & Pacific,Upper middle income,2019,6.22967380542563,6.38744086651105
MNG,MN,Mongolia,East Asia & Pacific,Upper middle income,2020,10.3231979771492,12.751251517645
MNG,MN,Mongolia,East Asia & Pacific,Upper middle income,2021,7.05558232209611,1.38672967252835
MNG,MN,Mongolia,East Asia & Pacific,Upper middle income,2022,6.15213467696961,
MNG,MN,Mongolia,East Asia & Pacific,Upper middle income,2023,5.08073602028948,
MNG,MN,Mongolia,East Asia & Pacific,Upper middle income,2024,3.5242368802381,
MNP,MP,Northern Mariana Islands,East Asia & Pacific,High income,2000,,
MNP,MP,Northern Mariana Islands,East Asia & Pacific,High income,2001,,
MNP,MP,Northern Mariana Islands,East Asia & Pacific,High income,2002,,
MNP,MP,Northern Mariana Islands,East Asia & Pacific,High income,2003,,
MNP,MP,Northern Mariana Islands,East Asia & Pacific,High income,2004,,
MNP,MP,Northern Mariana Islands,East Asia & Pacific,High income,2005,,
MNP,MP,Northern Mariana Islands,East Asia & Pacific,High income,2006,,
MNP,MP,Northern Mariana Islands,East Asia & Pacific,High income,2007,,
MNP,MP,Northern Mariana Islands,East Asia & Pacific,High income,2008,,
MNP,MP,Northern Mariana Islands,East Asia & Pacific,High income,2009,,
MNP,MP,Northern Mariana Islands,East Asia & Pacific,High income,2010,,
MNP,MP,Northern Mariana Islands,East Asia & Pacific,High income,2011,,
MNP,MP,Northern Mariana Islands,East Asia & Pacific,High income,2012,,
MNP,MP,Northern Mariana Islands,East Asia & Pacific,High income,2013,,
MNP,MP,Northern Mariana Islands,East Asia & Pacific,High income,2014,,
MNP,MP,Northern Mariana Islands,East Asia & Pacific,High income,2015,,
MNP,MP,Northern Mariana Islands,East Asia & Pacific,High income,2016,,
MNP,MP,Northern Mariana Islands,East Asia & Pacific,High income,2017,,
MNP,MP,Northern Mariana Islands,East Asia & Pacific,High income,2018,,
MNP,MP,Northern Mariana Islands,East Asia & Pacific,High income,2019,,
MNP,MP,Northern Mariana Islands,East Asia & Pacific,High income,2020,,
MNP,MP,Northern Mariana Islands,East Asia & Pacific,High income,2021,,
MNP,MP,Northern Mariana Islands,East Asia & Pacific,High income,2022,,
MNP,MP,Northern Mariana Islands,East Asia & Pacific,High income,2023,,
MNP,MP,Northern Mariana Islands,East Asia & Pacific,High income,2024,,
MOZ,MZ,Mozambique,Sub-Saharan Africa,Low income,2000,,6.65105677994375
MOZ,MZ,Mozambique,Sub-Saharan Africa,Low income,2001,,6.92363842161013
MOZ,MZ,Mozambique,Sub-Saharan Africa,Low income,2002,,15.3657173967048
MOZ,MZ,Mozambique,Sub-Saharan Africa,Low income,2003,,20.3105198393948
MOZ,MZ,Mozambique,Sub-Saharan Africa,Low income,2004,,15.3890529465582
MOZ,MZ,Mozambique,Sub-Saharan Africa,Low income,2005,,11.307183626812
MOZ,MZ,Mozambique,Sub-Saharan Africa,Low income,2006,,10.329285233891
MOZ,MZ,Mozambique,Sub-Saharan Africa,Low income,2007,,11.2448561215595
MOZ,MZ,Mozambique,Sub-Saharan Africa,Low income,2008,,12.512453700722
MOZ,MZ,Mozambique,Sub-Saharan Africa,Low income,2009,,13.9983258157256
MOZ,MZ,Mozambique,Sub-Saharan Africa,Low income,2010,,8.00540705848518
MOZ,MZ,Mozambique,Sub-Saharan Africa,Low income,2011,,16.3668897938917
MOZ,MZ,Mozambique,Sub-Saharan Africa,Low income,2012,,13.2185859800857
MOZ,MZ,Mozambique,Sub-Saharan Africa,Low income,2013,2.66177705858123,12.3968931031658
MOZ,MZ,Mozambique,Sub-Saharan Africa,Low income,2014,3.24436675637472,13.5647500969582
MOZ,MZ,Mozambique,Sub-Saharan Africa,Low income,2015,4.30632739093896,7.2917553577128
MOZ,MZ,Mozambique,Sub-Saharan Africa,Low income,2016,5.7261126057554,8.03766079352035
MOZ,MZ,Mozambique,Sub-Saharan Africa,Low income,2017,12.6350461122505,18.4094039568728
MOZ,MZ,Mozambique,Sub-Saharan Africa,Low income,2018,11.1183361707449,18.4866253580844
MOZ,MZ,Mozambique,Sub-Saharan Africa,Low income,2019,10.158228049363,13.642538422536
MOZ,MZ,Mozambique,Sub-Saharan Africa,Low income,2020,9.82505980059785,13.4759281646703
MOZ,MZ,Mozambique,Sub-Saharan Africa,Low income,2021,10.6046068968098,13.0234604005894
MOZ,MZ,Mozambique,Sub-Saharan Africa,Low income,2022,8.96909285332576,10.0619963631871
MOZ,MZ,Mozambique,Sub-Saharan Africa,Low income,2023,8.23376666272939,17.701505048374
MOZ,MZ,Mozambique,Sub-Saharan Africa,Low income,2024,9.21044102553736,14.3342588491951
MRT,MR,Mauritania,Sub-Saharan Africa,Lower middle income,2000,,18.0831778458359
MRT,MR,Mauritania,Sub-Saharan Africa,Lower middle income,2001,,15.7553753706113
MRT,MR,Mauritania,Sub-Saharan Africa,Lower middle income,2002,,13.3863439105326
MRT,MR,Mauritania,Sub-Saharan Africa,Lower middle income,2003,,15.8055649858533
MRT,MR,Mauritania,Sub-Saharan Africa,Lower middle income,2004,,9.07038274530279
MRT,MR,Mauritania,Sub-Saharan Africa,Lower middle income,2005,,7.41637643574221
MRT,MR,Mauritania,Sub-Saharan Africa,Lower middle income,2006,,8.68511248307785
MRT,MR,Mauritania,Sub-Saharan Africa,Lower middle income,2007,,13.4113924352128
MRT,MR,Mauritania,Sub-Saharan Africa,Lower middle income,2008,,8.6861778556254
MRT,MR,Mauritania,Sub-Saharan Africa,Lower middle income,2009,,19.9304642105487
MRT,MR,Mauritania,Sub-Saharan Africa,Lower middle income,2010,,-4.36736172986863
MRT,MR,Mauritania,Sub-Saharan Africa,Lower middle income,2011,,-0.465994034674147
MRT,MR,Mauritania,Sub-Saharan Africa,Lower middle income,2012,,16.4690905930452
MRT,MR,Mauritania,Sub-Saharan Africa,Lower middle income,2013,,11.9746148129651
MRT,MR,Mauritania,Sub-Saharan Africa,Lower middle income,2014,,32.7679508163389
MRT,MR,Mauritania,Sub-Saharan Africa,Lower middle income,2015,,22.8912964000707
MRT,MR,Mauritania,Sub-Saharan Africa,Lower middle income,2016,,5.2062435878042
MRT,MR,Mauritania,Sub-Saharan Africa,Lower middle income,2017,,15.1756881333696
MRT,MR,Mauritania,Sub-Saharan Africa,Lower middle income,2018,,
MRT,MR,Mauritania,Sub-Saharan Africa,Lower middle income,2019,,
MRT,MR,Mauritania,Sub-Saharan Africa,Lower middle income,2020,,
MRT,MR,Mauritania,Sub-Saharan Africa,Lower middle income,2021,,
MRT,MR,Mauritania,Sub-Saharan Africa,Lower middle income,2022,,
MRT,MR,Mauritania,Sub-Saharan Africa,Lower middle income,2023,,
MRT,MR,Mauritania,Sub-Saharan Africa,Lower middle income,2024,,
MUS,MU,Mauritius,Sub-Saharan Africa,Upper middle income,2000,,16.7884303740482
MUS,MU,Mauritius,Sub-Saharan Africa,Upper middle income,2001,,13.9996916174657
MUS,MU,Mauritius,Sub-Saharan Africa,Upper middle income,2002,,13.915284709286
MUS,MU,Mauritius,Sub-Saharan Africa,Upper middle income,2003,,14.5581732878164
MUS,MU,Mauritius,Sub-Saharan Africa,Upper middle income,2004,,13.2476865148678
MUS,MU,Mauritius,Sub-Saharan Africa,Upper middle income,2005,,16.4443284835692
MUS,MU,Mauritius,Sub-Saharan Africa,Upper middle income,2006,,8.82383222896975
MUS,MU,Mauritius,Sub-Saharan Africa,Upper middle income,2007,,12.5500674215798
MUS,MU,Mauritius,Sub-Saharan Africa,Upper middle income,2008,,5.81102283698678
MUS,MU,Mauritius,Sub-Saharan Africa,Upper middle income,2009,3.29242857718552,9.90102683053859
MUS,MU,Mauritius,Sub-Saharan Africa,Upper middle income,2010,2.76498233309994,7.76299734737461
MUS,MU,Mauritius,Sub-Saharan Africa,Upper middle income,2011,2.80757714682396,5.67584816147861
MUS,MU,Mauritius,Sub-Saharan Africa,Upper middle income,2012,3.63707898309436,6.04667638279357
MUS,MU,Mauritius,Sub-Saharan Africa,Upper middle income,2013,4.15037241131951,4.48761702471745
MUS,MU,Mauritius,Sub-Saharan Africa,Upper middle income,2014,4.91975055211583,6.18271720155462
MUS,MU,Mauritius,Sub-Saharan Africa,Upper middle income,2015,7.19532078019471,6.93082840870835
MUS,MU,Mauritius,Sub-Saharan Africa,Upper middle income,2016,7.75660164983682,5.98811835051532
MUS,MU,Mauritius,Sub-Saharan Africa,Upper middle income,2017,7.02947039391439,6.72858012178485
MUS,MU,Mauritius,Sub-Saharan Africa,Upper middle income,2018,6.52130440486034,6.64831651169837
MUS,MU,Mauritius,Sub-Saharan Africa,Upper middle income,2019,4.94032133508388,8.99143610005136
MUS,MU,Mauritius,Sub-Saharan Africa,Upper middle income,2020,6.2057092378954,5.02644711931658
MUS,MU,Mauritius,Sub-Saharan Africa,Upper middle income,2021,5.82385034444982,3.72443339353134
MUS,MU,Mauritius,Sub-Saharan Africa,Upper middle income,2022,4.91605345189016,-1.26006805164669
MUS,MU,Mauritius,Sub-Saharan Africa,Upper middle income,2023,5.30661571969999,2.86770802386753
MUS,MU,Mauritius,Sub-Saharan Africa,Upper middle income,2024,3.68704225875131,5.46076692537349
MWI,MW,Malawi,Sub-Saharan Africa,Low income,2000,,17.3066437425268
MWI,MW,Malawi,Sub-Saharan Africa,Low income,2001,,24.3142780878701
MWI,MW,Malawi,Sub-Saharan Africa,Low income,2002,,-29.221362601701
MWI,MW,Malawi,Sub-Saharan Africa,Low income,2003,,34.9541770436317
MWI,MW,Malawi,Sub-Saharan Africa,Low income,2004,,19.1444084717294
MWI,MW,Malawi,Sub-Saharan Africa,Low income,2005,,20.1750469498236
MWI,MW,Malawi,Sub-Saharan Africa,Low income,2006,,10.2384104629546
MWI,MW,Malawi,Sub-Saharan Africa,Low income,2007,,22.6855094388768
MWI,MW,Malawi,Sub-Saharan Africa,Low income,2008,,11.8904566457614
MWI,MW,Malawi,Sub-Saharan Africa,Low income,2009,,16.0798939006844
MWI,MW,Malawi,Sub-Saharan Africa,Low income,2010,,11.1460693568346
MWI,MW,Malawi,Sub-Saharan Africa,Low income,2011,,8.56192815281727
MWI,MW,Malawi,Sub-Saharan Africa,Low income,2012,,12.4873563820767
MWI,MW,Malawi,Sub-Saharan Africa,Low income,2013,,14.9275379042831
MWI,MW,Malawi,Sub-Saharan Africa,Low income,2014,,19.2778710228731
MWI,MW,Malawi,Sub-Saharan Africa,Low income,2015,7.27171165156155,20.5087964592773
MWI,MW,Malawi,Sub-Saharan Africa,Low income,2016,10.299580328591,19.8012047157366
MWI,MW,Malawi,Sub-Saharan Africa,Low income,2017,8.55433317223974,25.3362012686411
MWI,MW,Malawi,Sub-Saharan Africa,Low income,2018,2.8284352702654,24.6227744902615
MWI,MW,Malawi,Sub-Saharan Africa,Low income,2019,5.06307752763414,16.6583028004239
MWI,MW,Malawi,Sub-Saharan Africa,Low income,2020,5.42544696371903,16.9443491985666
MWI,MW,Malawi,Sub-Saharan Africa,Low income,2021,3.70996162437447,14.5426258743756
MWI,MW,Malawi,Sub-Saharan Africa,Low income,2022,5.51987474313756,6.98562574929355
MWI,MW,Malawi,Sub-Saharan Africa,Low income,2023,5.09546372435375,3.49864799223763
MWI,MW,Malawi,Sub-Saharan Africa,Low income,2024,,9.96431112479113
MYS,MY,Malaysia,East Asia & Pacific,Upper middle income,2000,,-1.08573897723978
MYS,MY,Malaysia,East Asia & Pacific,Upper middle income,2001,,8.84851289556281
MYS,MY,Malaysia,East Asia & Pacific,Upper middle income,2002,,3.29631237075616
MYS,MY,Malaysia,East Asia & Pacific,Upper middle income,2003,,2.90603239825627
MYS,MY,Malaysia,East Asia & Pacific,Upper middle income,2004,,0.0344787905461849
MYS,MY,Malaysia,East Asia & Pacific,Upper middle income,2005,9.3902395222525,-2.67317410418221
MYS,MY,Malaysia,East Asia & Pacific,Upper middle income,2006,8.49559864909982,2.40900097691566
MYS,MY,Malaysia,East Asia & Pacific,Upper middle income,2007,6.49881057815871,1.45673534665713
MYS,MY,Malaysia,East Asia & Pacific,Upper middle income,2008,4.8081809717361,-3.90338193758431
MYS,MY,Malaysia,East Asia & Pacific,Upper middle income,2009,3.62656549307932,11.7823929563059
MYS,MY,Malaysia,East Asia & Pacific,Upper middle income,2010,3.35402670735157,-2.11327732642702
MYS,MY,Malaysia,East Asia & Pacific,Upper middle income,2011,2.6813903080324,-0.471868633960644
MYS,MY,Malaysia,East Asia & Pacific,Upper middle income,2012,2.01584311320695,3.7484193736755
MYS,MY,Malaysia,East Asia & Pacific,Upper middle income,2013,1.84914657141207,4.46753081745693
MYS,MY,Malaysia,East Asia & Pacific,Upper middle income,2014,1.64578545979142,2.06851821643173
MYS,MY,Malaysia,East Asia & Pacific,Upper middle income,2015,1.60682828804839,3.30703770408129
MYS,MY,Malaysia,East Asia & Pacific,Upper middle income,2016,1.61426825593083,2.82594518260627
MYS,MY,Malaysia,East Asia & Pacific,Upper middle income,2017,1.54918722685231,0.798926040327277
MYS,MY,Malaysia,East Asia & Pacific,Upper middle income,2018,1.46819096481044,4.27704807389124
MYS,MY,Malaysia,East Asia & Pacific,Upper middle income,2019,1.51612089778373,4.80161718618398
MYS,MY,Malaysia,East Asia & Pacific,Upper middle income,2020,1.56712671073386,4.80149199718223
MYS,MY,Malaysia,East Asia & Pacific,Upper middle income,2021,1.67512094984982,-2.11195861208843
MYS,MY,Malaysia,East Asia & Pacific,Upper middle income,2022,1.71862466561031,-2.2468071304743
MYS,MY,Malaysia,East Asia & Pacific,Upper middle income,2023,1.65317552035746,7.30135969525267
MYS,MY,Malaysia,East Asia & Pacific,Upper middle income,2024,1.4445175031204,4.45730372233753
NAM,NA,Namibia,Sub-Saharan Africa,Lower middle income,2000,,3.59198976612099
NAM,NA,Namibia,Sub-Saharan Africa,Lower middle income,2001,,2.99261659866415
NAM,NA,Namibia,Sub-Saharan Africa,Lower middle income,2002,,3.48524798568704
NAM,NA,Namibia,Sub-Saharan Africa,Lower middle income,2003,,13.2611617899083
NAM,NA,Namibia,Sub-Saharan Africa,Lower middle income,2004,,9.16198618354989
NAM,NA,Namibia,Sub-Saharan Africa,Lower middle income,2005,,4.74622108685375
NAM,NA,Namibia,Sub-Saharan Africa,Lower middle income,2006,,1.62170083930847
NAM,NA,Namibia,Sub-Saharan Africa,Lower middle income,2007,,3.29202100486969
NAM,NA,Namibia,Sub-Saharan Africa,Lower middle income,2008,,2.50109853407178
NAM,NA,Namibia,Sub-Saharan Africa,Lower middle income,2009,,3.90192460538988
NAM,NA,Namibia,Sub-Saharan Africa,Lower middle income,2010,1.96472728293439,5.77878966375203
NAM,NA,Namibia,Sub-Saharan Africa,Lower middle income,2011,1.48634926915199,4.7345080105914
NAM,NA,Namibia,Sub-Saharan Africa,Lower middle income,2012,1.33735163605377,-2.34444206494153
NAM,NA,Namibia,Sub-Saharan Africa,Lower middle income,2013,1.28556138254878,4.08437554196524
NAM,NA,Namibia,Sub-Saharan Africa,Lower middle income,2014,1.45334082435894,0.428951200749357
NAM,NA,Namibia,Sub-Saharan Africa,Lower middle income,2015,1.55169543390496,5.25645278962166
NAM,NA,Namibia,Sub-Saharan Africa,Lower middle income,2016,1.54454922408711,1.73731930326059
NAM,NA,Namibia,Sub-Saharan Africa,Lower middle income,2017,2.58557259811033,0.0979958700889796
NAM,NA,Namibia,Sub-Saharan Africa,Lower middle income,2018,3.57917290160729,5.47138727608472
NAM,NA,Namibia,Sub-Saharan Africa,Lower middle income,2019,4.56492485771411,8.86737756581922
NAM,NA,Namibia,Sub-Saharan Africa,Lower middle income,2020,6.39332297719082,3.09380710033486
NAM,NA,Namibia,Sub-Saharan Africa,Lower middle income,2021,6.37483934737456,5.2452505218625
NAM,NA,Namibia,Sub-Saharan Africa,Lower middle income,2022,5.51723321566671,2.06338645570394
NAM,NA,Namibia,Sub-Saharan Africa,Lower middle income,2023,5.79376872969596,2.998411149959
NAM,NA,Namibia,Sub-Saharan Africa,Lower middle income,2024,5.5685704855442,6.38032393153702
NCL,NC,New Caledonia,East Asia & Pacific,High income,2000,,
NCL,NC,New Caledonia,East Asia & Pacific,High income,2001,,
NCL,NC,New Caledonia,East Asia & Pacific,High income,2002,,
NCL,NC,New Caledonia,East Asia & Pacific,High income,2003,,
NCL,NC,New Caledonia,East Asia & Pacific,High income,2004,,
NCL,NC,New Caledonia,East Asia & Pacific,High income,2005,,
NCL,NC,New Caledonia,East Asia & Pacific,High income,2006,,
NCL,NC,New Caledonia,East Asia & Pacific,High income,2007,,
NCL,NC,New Caledonia,East Asia & Pacific,High income,2008,,
NCL,NC,New Caledonia,East Asia & Pacific,High income,2009,,
NCL,NC,New Caledonia,East Asia & Pacific,High income,2010,,
NCL,NC,New Caledonia,East Asia & Pacific,High income,2011,,
NCL,NC,New Caledonia,East Asia & Pacific,High income,2012,,
NCL,NC,New Caledonia,East Asia & Pacific,High income,2013,,
NCL,NC,New Caledonia,East Asia & Pacific,High income,2014,,
NCL,NC,New Caledonia,East Asia & Pacific,High income,2015,,
NCL,NC,New Caledonia,East Asia & Pacific,High income,2016,,
NCL,NC,New Caledonia,East Asia & Pacific,High income,2017,,
NCL,NC,New Caledonia,East Asia & Pacific,High income,2018,,
NCL,NC,New Caledonia,East Asia & Pacific,High income,2019,,
NCL,NC,New Caledonia,East Asia & Pacific,High income,2020,,
NCL,NC,New Caledonia,East Asia & Pacific,High income,2021,,
NCL,NC,New Caledonia,East Asia & Pacific,High income,2022,,
NCL,NC,New Caledonia,East Asia & Pacific,High income,2023,,
NCL,NC,New Caledonia,East Asia & Pacific,High income,2024,,
NER,NE,Niger,Sub-Saharan Africa,Low income,2000,,
NER,NE,Niger,Sub-Saharan Africa,Low income,2001,,
NER,NE,Niger,Sub-Saharan Africa,Low income,2002,,
NER,NE,Niger,Sub-Saharan Africa,Low income,2003,,
NER,NE,Niger,Sub-Saharan Africa,Low income,2004,,
NER,NE,Niger,Sub-Saharan Africa,Low income,2005,,2.03461304635928
NER,NE,Niger,Sub-Saharan Africa,Low income,2006,,3.19269998553228
NER,NE,Niger,Sub-Saharan Africa,Low income,2007,,-2.13477736036939
NER,NE,Niger,Sub-Saharan Africa,Low income,2008,,-4.67174281777422
NER,NE,Niger,Sub-Saharan Africa,Low income,2009,,0.755772673577094
NER,NE,Niger,Sub-Saharan Africa,Low income,2010,,1.58327097165246
NER,NE,Niger,Sub-Saharan Africa,Low income,2011,,1.23525214586231
NER,NE,Niger,Sub-Saharan Africa,Low income,2012,,-0.255604358333003
NER,NE,Niger,Sub-Saharan Africa,Low income,2013,,5.67763443695933
NER,NE,Niger,Sub-Saharan Africa,Low income,2014,,5.76740721438735
NER,NE,Niger,Sub-Saharan Africa,Low income,2015,,2.84083767674412
NER,NE,Niger,Sub-Saharan Africa,Low income,2016,,2.58337982044761
NER,NE,Niger,Sub-Saharan Africa,Low income,2017,,
NER,NE,Niger,Sub-Saharan Africa,Low income,2018,,
NER,NE,Niger,Sub-Saharan Africa,Low income,2019,,
NER,NE,Niger,Sub-Saharan Africa,Low income,2020,,
NER,NE,Niger,Sub-Saharan Africa,Low income,2021,,
NER,NE,Niger,Sub-Saharan Africa,Low income,2022,,
NER,NE,Niger,Sub-Saharan Africa,Low income,2023,,
NER,NE,Niger,Sub-Saharan Africa,Low income,2024,,
NGA,NG,Nigeria,Sub-Saharan Africa,Lower middle income,2000,,-1.14088863990169
NGA,NG,Nigeria,Sub-Saharan Africa,Lower middle income,2001,,12.1387024938971
NGA,NG,Nigeria,Sub-Saharan Africa,Lower middle income,2002,,3.02354227889843
NGA,NG,Nigeria,Sub-Saharan Africa,Lower middle income,2003,,9.9357133805848
NGA,NG,Nigeria,Sub-Saharan Africa,Lower middle income,2004,,-2.60484705687371
NGA,NG,Nigeria,Sub-Saharan Africa,Lower middle income,2005,,-1.5936804822212
NGA,NG,Nigeria,Sub-Saharan Africa,Lower middle income,2006,,-5.62796804845187
NGA,NG,Nigeria,Sub-Saharan Africa,Lower middle income,2007,9.50262123548539,9.18717122998156
NGA,NG,Nigeria,Sub-Saharan Africa,Lower middle income,2008,7.19359013817041,6.68490863399026
NGA,NG,Nigeria,Sub-Saharan Africa,Lower middle income,2009,37.2532872694236,18.1800016718816
NGA,NG,Nigeria,Sub-Saharan Africa,Lower middle income,2010,20.1430996066243,1.06773606462131
NGA,NG,Nigeria,Sub-Saharan Africa,Lower middle income,2011,5.77162860434221,5.68557985920004
NGA,NG,Nigeria,Sub-Saharan Africa,Lower middle income,2012,3.70522490674831,6.2248086137477
NGA,NG,Nigeria,Sub-Saharan Africa,Lower middle income,2013,3.3933911762251,11.201622224919
NGA,NG,Nigeria,Sub-Saharan Africa,Lower middle income,2014,2.96313378497792,11.3562130249221
NGA,NG,Nigeria,Sub-Saharan Africa,Lower middle income,2015,4.8608855617133,13.5961532451148
NGA,NG,Nigeria,Sub-Saharan Africa,Lower middle income,2016,12.8150641172053,6.68623362330585
NGA,NG,Nigeria,Sub-Saharan Africa,Lower middle income,2017,14.8096296761859,5.79056686532538
NGA,NG,Nigeria,Sub-Saharan Africa,Lower middle income,2018,11.6745261102871,6.05597715767045
NGA,NG,Nigeria,Sub-Saharan Africa,Lower middle income,2019,6.03472340059304,-25.7765299364027
NGA,NG,Nigeria,Sub-Saharan Africa,Lower middle income,2020,6.02451546227795,2.1478508495867
NGA,NG,Nigeria,Sub-Saharan Africa,Lower middle income,2021,4.9337915227091,-1.02433535212405
NGA,NG,Nigeria,Sub-Saharan Africa,Lower middle income,2022,4.01492747084237,3.96855873429252
NGA,NG,Nigeria,Sub-Saharan Africa,Lower middle income,2023,4.38335469502686,2.86575157642325
NGA,NG,Nigeria,Sub-Saharan Africa,Lower middle income,2024,4.87490030321718,
NIC,NI,Nicaragua,Latin America & Caribbean,Lower middle income,2000,,8.82136626301531
NIC,NI,Nicaragua,Latin America & Caribbean,Lower middle income,2001,,10.547728097578
NIC,NI,Nicaragua,Latin America & Caribbean,Lower middle income,2002,,14.5734071916722
NIC,NI,Nicaragua,Latin America & Caribbean,Lower middle income,2003,,9.70097533554033
NIC,NI,Nicaragua,Latin America & Caribbean,Lower middle income,2004,,4.07198285540007
NIC,NI,Nicaragua,Latin America & Caribbean,Lower middle income,2005,,2.03360826290623
NIC,NI,Nicaragua,Latin America & Caribbean,Lower middle income,2006,,3.43742788367194
NIC,NI,Nicaragua,Latin America & Caribbean,Lower middle income,2007,,3.07051270266797
NIC,NI,Nicaragua,Latin America & Caribbean,Lower middle income,2008,2.46770774737078,-2.60742160628679
NIC,NI,Nicaragua,Latin America & Caribbean,Lower middle income,2009,2.54935039632588,7.55248088275312
NIC,NI,Nicaragua,Latin America & Caribbean,Lower middle income,2010,2.04404090102813,6.76654373857282
NIC,NI,Nicaragua,Latin America & Caribbean,Lower middle income,2011,1.91366489104209,0.293070763391054
NIC,NI,Nicaragua,Latin America & Caribbean,Lower middle income,2012,1.88139597722178,5.41299610035699
NIC,NI,Nicaragua,Latin America & Caribbean,Lower middle income,2013,1.97868298750604,10.1921703599583
NIC,NI,Nicaragua,Latin America & Caribbean,Lower middle income,2014,0.997774216883436,4.74681215156459
NIC,NI,Nicaragua,Latin America & Caribbean,Lower middle income,2015,0.885556331578598,4.14902144592773
NIC,NI,Nicaragua,Latin America & Caribbean,Lower middle income,2016,0.860695208457363,6.54802090195469
NIC,NI,Nicaragua,Latin America & Caribbean,Lower middle income,2017,1.03939161148378,6.39311303850421
NIC,NI,Nicaragua,Latin America & Caribbean,Lower middle income,2018,2.42627992263709,8.02422232617412
NIC,NI,Nicaragua,Latin America & Caribbean,Lower middle income,2019,3.11052796954537,6.7003628658695
NIC,NI,Nicaragua,Latin America & Caribbean,Lower middle income,2020,3.70984157800203,4.6008782783342
NIC,NI,Nicaragua,Latin America & Caribbean,Lower middle income,2021,2.45216200951347,5.89042733968212
NIC,NI,Nicaragua,Latin America & Caribbean,Lower middle income,2022,1.54170667438453,0.777943498861202
NIC,NI,Nicaragua,Latin America & Caribbean,Lower middle income,2023,1.54355438319507,-1.17361474233179
NIC,NI,Nicaragua,Latin America & Caribbean,Lower middle income,2024,1.2433642775144,3.64155088482179
NLD,NL,Netherlands,Europe & Central Asia,High income,2000,,1.47330033951023
NLD,NL,Netherlands,Europe & Central Asia,High income,2001,,0.598818948814521
NLD,NL,Netherlands,Europe & Central Asia,High income,2002,,0.0776733197633921
NLD,NL,Netherlands,Europe & Central Asia,High income,2003,,0.697980169679972
NLD,NL,Netherlands,Europe & Central Asia,High income,2004,,1.53415272901272
NLD,NL,Netherlands,Europe & Central Asia,High income,2005,,0.775935637767135
NLD,NL,Netherlands,Europe & Central Asia,High income,2006,,0.940727298589361
NLD,NL,Netherlands,Europe & Central Asia,High income,2007,,2.50354856838089
NLD,NL,Netherlands,Europe & Central Asia,High income,2008,1.68139773681757,2.14020066544388
NLD,NL,Netherlands,Europe & Central Asia,High income,2009,3.20168767980185,1.53894699247421
NLD,NL,Netherlands,Europe & Central Asia,High income,2010,2.83234869790715,1.03242684018802
NLD,NL,Netherlands,Europe & Central Asia,High income,2011,2.71087690835902,1.7530482375309
NLD,NL,Netherlands,Europe & Central Asia,High income,2012,3.09784428543665,0.292040868054822
NLD,NL,Netherlands,Europe & Central Asia,High income,2013,3.22716888618911,0.351044763138912
NLD,NL,Netherlands,Europe & Central Asia,High income,2014,2.98266215275663,
NLD,NL,Netherlands,Europe & Central Asia,High income,2015,2.71198466589928,
NLD,NL,Netherlands,Europe & Central Asia,High income,2016,2.54052744825368,
NLD,NL,Netherlands,Europe & Central Asia,High income,2017,2.30542707664559,
NLD,NL,Netherlands,Europe & Central Asia,High income,2018,1.95988149570236,
NLD,NL,Netherlands,Europe & Central Asia,High income,2019,1.83446077218657,
NLD,NL,Netherlands,Europe & Central Asia,High income,2020,1.87864539454561,
NLD,NL,Netherlands,Europe & Central Asia,High income,2021,1.72417915273341,
NLD,NL,Netherlands,Europe & Central Asia,High income,2022,1.60064591800168,
NLD,NL,Netherlands,Europe & Central Asia,High income,2023,1.55160063687098,
NLD,NL,Netherlands,Europe & Central Asia,High income,2024,1.63696844977663,
NOR,NO,Norway,Europe & Central Asia,High income,2000,,
NOR,NO,Norway,Europe & Central Asia,High income,2001,,
NOR,NO,Norway,Europe & Central Asia,High income,2002,,
NOR,NO,Norway,Europe & Central Asia,High income,2003,,
NOR,NO,Norway,Europe & Central Asia,High income,2004,,
NOR,NO,Norway,Europe & Central Asia,High income,2005,,
NOR,NO,Norway,Europe & Central Asia,High income,2006,,
NOR,NO,Norway,Europe & Central Asia,High income,2007,,
NOR,NO,Norway,Europe & Central Asia,High income,2008,,
NOR,NO,Norway,Europe & Central Asia,High income,2009,1.27871052608886,
NOR,NO,Norway,Europe & Central Asia,High income,2010,1.51981365217833,
NOR,NO,Norway,Europe & Central Asia,High income,2011,1.68434907314772,
NOR,NO,Norway,Europe & Central Asia,High income,2012,1.51215755076448,
NOR,NO,Norway,Europe & Central Asia,High income,2013,1.33872670729875,1.72835532414131
NOR,NO,Norway,Europe & Central Asia,High income,2014,1.13088790719265,3.86471848852866
NOR,NO,Norway,Europe & Central Asia,High income,2015,1.0533756114736,6.25399943360607
NOR,NO,Norway,Europe & Central Asia,High income,2016,1.18473037859688,4.77340275322051
NOR,NO,Norway,Europe & Central Asia,High income,2017,1.00040357973015,-0.971801359977768
NOR,NO,Norway,Europe & Central Asia,High income,2018,0.746427849824662,-3.21181608558669
NOR,NO,Norway,Europe & Central Asia,High income,2019,0.801131694159603,3.73145302020017
NOR,NO,Norway,Europe & Central Asia,High income,2020,0.736074194281787,5.07530340868631
NOR,NO,Norway,Europe & Central Asia,High income,2021,0.525489505428338,-14.4378850058115
NOR,NO,Norway,Europe & Central Asia,High income,2022,0.272360168200376,-18.8792553316905
NOR,NO,Norway,Europe & Central Asia,High income,2023,0.375146721887061,18.2331935430211
NOR,NO,Norway,Europe & Central Asia,High income,2024,0.460629010542218,6.10906764010736
NPL,NP,Nepal,South Asia,Lower middle income,2000,,
NPL,NP,Nepal,South Asia,Lower middle income,2001,,
NPL,NP,Nepal,South Asia,Lower middle income,2002,,
NPL,NP,Nepal,South Asia,Lower middle income,2003,,
NPL,NP,Nepal,South Asia,Lower middle income,2004,,
NPL,NP,Nepal,South Asia,Lower middle income,2005,,
NPL,NP,Nepal,South Asia,Lower middle income,2006,,
NPL,NP,Nepal,South Asia,Lower middle income,2007,,
NPL,NP,Nepal,South Asia,Lower middle income,2008,,
NPL,NP,Nepal,South Asia,Lower middle income,2009,,
NPL,NP,Nepal,South Asia,Lower middle income,2010,,
NPL,NP,Nepal,South Asia,Lower middle income,2011,,
NPL,NP,Nepal,South Asia,Lower middle income,2012,,
NPL,NP,Nepal,South Asia,Lower middle income,2013,,
NPL,NP,Nepal,South Asia,Lower middle income,2014,,
NPL,NP,Nepal,South Asia,Lower middle income,2015,,
NPL,NP,Nepal,South Asia,Lower middle income,2016,1.68433659406825,
NPL,NP,Nepal,South Asia,Lower middle income,2017,1.69908552229354,
NPL,NP,Nepal,South Asia,Lower middle income,2018,1.56237839101568,
NPL,NP,Nepal,South Asia,Lower middle income,2019,1.661035901516,
NPL,NP,Nepal,South Asia,Lower middle income,2020,1.67721669787425,
NPL,NP,Nepal,South Asia,Lower middle income,2021,1.15668047969578,
NPL,NP,Nepal,South Asia,Lower middle income,2022,2.44418427205124,
NPL,NP,Nepal,South Asia,Lower middle income,2023,3.77535420144652,
NPL,NP,Nepal,South Asia,Lower middle income,2024,4.63597142993056,
NRU,NR,Naoero,East Asia & Pacific,High income,2000,,
NRU,NR,Naoero,East Asia & Pacific,High income,2001,,
NRU,NR,Naoero,East Asia & Pacific,High income,2002,,
NRU,NR,Naoero,East Asia & Pacific,High income,2003,,
NRU,NR,Naoero,East Asia & Pacific,High income,2004,,
NRU,NR,Naoero,East Asia & Pacific,High income,2005,,
NRU,NR,Naoero,East Asia & Pacific,High income,2006,,
NRU,NR,Naoero,East Asia & Pacific,High income,2007,,
NRU,NR,Naoero,East Asia & Pacific,High income,2008,,
NRU,NR,Naoero,East Asia & Pacific,High income,2009,,
NRU,NR,Naoero,East Asia & Pacific,High income,2010,,
NRU,NR,Naoero,East Asia & Pacific,High income,2011,,
NRU,NR,Naoero,East Asia & Pacific,High income,2012,,
NRU,NR,Naoero,East Asia & Pacific,High income,2013,,
NRU,NR,Naoero,East Asia & Pacific,High income,2014,,
NRU,NR,Naoero,East Asia & Pacific,High income,2015,,
NRU,NR,Naoero,East Asia & Pacific,High income,2016,,
NRU,NR,Naoero,East Asia & Pacific,High income,2017,,
NRU,NR,Naoero,East Asia & Pacific,High income,2018,,
NRU,NR,Naoero,East Asia & Pacific,High income,2019,,
NRU,NR,Naoero,East Asia & Pacific,High income,2020,,
NRU,NR,Naoero,East Asia & Pacific,High income,2021,,
NRU,NR,Naoero,East Asia & Pacific,High income,2022,,
NRU,NR,Naoero,East Asia & Pacific,High income,2023,,
NRU,NR,Naoero,East Asia & Pacific,High income,2024,,
NZL,NZ,New Zealand,East Asia & Pacific,High income,2000,,4.79016167841051
NZL,NZ,New Zealand,East Asia & Pacific,High income,2001,,3.59947607426441
NZL,NZ,New Zealand,East Asia & Pacific,High income,2002,,6.85868782068077
NZL,NZ,New Zealand,East Asia & Pacific,High income,2003,,4.82538930520542
NZL,NZ,New Zealand,East Asia & Pacific,High income,2004,,4.22909906497562
NZL,NZ,New Zealand,East Asia & Pacific,High income,2005,,5.64899735319564
NZL,NZ,New Zealand,East Asia & Pacific,High income,2006,,5.33242339469604
NZL,NZ,New Zealand,East Asia & Pacific,High income,2007,,3.14281299926414
NZL,NZ,New Zealand,East Asia & Pacific,High income,2008,,6.02196359600906
NZL,NZ,New Zealand,East Asia & Pacific,High income,2009,,3.91523473694128
NZL,NZ,New Zealand,East Asia & Pacific,High income,2010,,3.01429613303984
NZL,NZ,New Zealand,East Asia & Pacific,High income,2011,,3.61615190184007
NZL,NZ,New Zealand,East Asia & Pacific,High income,2012,,5.96271987463895
NZL,NZ,New Zealand,East Asia & Pacific,High income,2013,,1.27743491175028
NZL,NZ,New Zealand,East Asia & Pacific,High income,2014,,5.3308987232961
NZL,NZ,New Zealand,East Asia & Pacific,High income,2015,,4.27798740534463
NZL,NZ,New Zealand,East Asia & Pacific,High income,2016,,2.52453904795792
NZL,NZ,New Zealand,East Asia & Pacific,High income,2017,,1.06974449104437
NZL,NZ,New Zealand,East Asia & Pacific,High income,2018,,
NZL,NZ,New Zealand,East Asia & Pacific,High income,2019,,
NZL,NZ,New Zealand,East Asia & Pacific,High income,2020,,
NZL,NZ,New Zealand,East Asia & Pacific,High income,2021,,
NZL,NZ,New Zealand,East Asia & Pacific,High income,2022,,
NZL,NZ,New Zealand,East Asia & Pacific,High income,2023,,
NZL,NZ,New Zealand,East Asia & Pacific,High income,2024,,
OMN,OM,Oman,"Middle East, North Africa, Afghanistan & Pakistan",High income,2000,,-6.29838736320732
OMN,OM,Oman,"Middle East, North Africa, Afghanistan & Pakistan",High income,2001,,14.9262280305334
OMN,OM,Oman,"Middle East, North Africa, Afghanistan & Pakistan",High income,2002,,3.94643678356486
OMN,OM,Oman,"Middle East, North Africa, Afghanistan & Pakistan",High income,2003,,-1.13581444513435
OMN,OM,Oman,"Middle East, North Africa, Afghanistan & Pakistan",High income,2004,,-4.05057515580795
OMN,OM,Oman,"Middle East, North Africa, Afghanistan & Pakistan",High income,2005,,-11.8701672014977
OMN,OM,Oman,"Middle East, North Africa, Afghanistan & Pakistan",High income,2006,,-6.34679636297475
OMN,OM,Oman,"Middle East, North Africa, Afghanistan & Pakistan",High income,2007,,-0.638442720555033
OMN,OM,Oman,"Middle East, North Africa, Afghanistan & Pakistan",High income,2008,,-19.4658625339234
OMN,OM,Oman,"Middle East, North Africa, Afghanistan & Pakistan",High income,2009,,43.1781374880598
OMN,OM,Oman,"Middle East, North Africa, Afghanistan & Pakistan",High income,2010,,-6.32458296829763
OMN,OM,Oman,"Middle East, North Africa, Afghanistan & Pakistan",High income,2011,,-8.07973379393509
OMN,OM,Oman,"Middle East, North Africa, Afghanistan & Pakistan",High income,2012,,2.21469423925791
OMN,OM,Oman,"Middle East, North Africa, Afghanistan & Pakistan",High income,2013,,7.91158154746331
OMN,OM,Oman,"Middle East, North Africa, Afghanistan & Pakistan",High income,2014,,3.40789682865649
OMN,OM,Oman,"Middle East, North Africa, Afghanistan & Pakistan",High income,2015,,29.7141921537162
OMN,OM,Oman,"Middle East, North Africa, Afghanistan & Pakistan",High income,2016,,15.4598093486321
OMN,OM,Oman,"Middle East, North Africa, Afghanistan & Pakistan",High income,2017,,-1.99936784872024
OMN,OM,Oman,"Middle East, North Africa, Afghanistan & Pakistan",High income,2018,,-5.80486611238394
OMN,OM,Oman,"Middle East, North Africa, Afghanistan & Pakistan",High income,2019,,8.30089840472333
OMN,OM,Oman,"Middle East, North Africa, Afghanistan & Pakistan",High income,2020,,18.2141989885354
OMN,OM,Oman,"Middle East, North Africa, Afghanistan & Pakistan",High income,2021,,-5.92398070330169
OMN,OM,Oman,"Middle East, North Africa, Afghanistan & Pakistan",High income,2022,,
OMN,OM,Oman,"Middle East, North Africa, Afghanistan & Pakistan",High income,2023,,
OMN,OM,Oman,"Middle East, North Africa, Afghanistan & Pakistan",High income,2024,,
PAK,PK,Pakistan,"Middle East, North Africa, Afghanistan & Pakistan",Lower middle income,2000,,
PAK,PK,Pakistan,"Middle East, North Africa, Afghanistan & Pakistan",Lower middle income,2001,,
PAK,PK,Pakistan,"Middle East, North Africa, Afghanistan & Pakistan",Lower middle income,2002,,
PAK,PK,Pakistan,"Middle East, North Africa, Afghanistan & Pakistan",Lower middle income,2003,,
PAK,PK,Pakistan,"Middle East, North Africa, Afghanistan & Pakistan",Lower middle income,2004,,0.0057407354215582
PAK,PK,Pakistan,"Middle East, North Africa, Afghanistan & Pakistan",Lower middle income,2005,,3.33053751114992
PAK,PK,Pakistan,"Middle East, North Africa, Afghanistan & Pakistan",Lower middle income,2006,,4.70752170437756
PAK,PK,Pakistan,"Middle East, North Africa, Afghanistan & Pakistan",Lower middle income,2007,,1.30244855391589
PAK,PK,Pakistan,"Middle East, North Africa, Afghanistan & Pakistan",Lower middle income,2008,,1.81694696282903
PAK,PK,Pakistan,"Middle East, North Africa, Afghanistan & Pakistan",Lower middle income,2009,,1.92469935448866
PAK,PK,Pakistan,"Middle East, North Africa, Afghanistan & Pakistan",Lower middle income,2010,,3.12315587247781
PAK,PK,Pakistan,"Middle East, North Africa, Afghanistan & Pakistan",Lower middle income,2011,,-1.7109984014482
PAK,PK,Pakistan,"Middle East, North Africa, Afghanistan & Pakistan",Lower middle income,2012,,3.27593378279305
PAK,PK,Pakistan,"Middle East, North Africa, Afghanistan & Pakistan",Lower middle income,2013,12.9868868262,4.2862667098525
PAK,PK,Pakistan,"Middle East, North Africa, Afghanistan & Pakistan",Lower middle income,2014,12.265792482412,4.2162526354002
PAK,PK,Pakistan,"Middle East, North Africa, Afghanistan & Pakistan",Lower middle income,2015,11.3588840793988,5.47083938915616
PAK,PK,Pakistan,"Middle East, North Africa, Afghanistan & Pakistan",Lower middle income,2016,10.0558429338189,7.76126513302726
PAK,PK,Pakistan,"Middle East, North Africa, Afghanistan & Pakistan",Lower middle income,2017,8.42948949057021,4.01832568832305
PAK,PK,Pakistan,"Middle East, North Africa, Afghanistan & Pakistan",Lower middle income,2018,7.97371472046651,4.51556820489702
PAK,PK,Pakistan,"Middle East, North Africa, Afghanistan & Pakistan",Lower middle income,2019,8.58202379960379,2.93179330274519
PAK,PK,Pakistan,"Middle East, North Africa, Afghanistan & Pakistan",Lower middle income,2020,9.18579121790451,0.739692508004723
PAK,PK,Pakistan,"Middle East, North Africa, Afghanistan & Pakistan",Lower middle income,2021,7.88790949084099,-1.45225942307802
PAK,PK,Pakistan,"Middle East, North Africa, Afghanistan & Pakistan",Lower middle income,2022,6.5448477708157,
PAK,PK,Pakistan,"Middle East, North Africa, Afghanistan & Pakistan",Lower middle income,2023,6.6275019888851,
PAK,PK,Pakistan,"Middle East, North Africa, Afghanistan & Pakistan",Lower middle income,2024,5.74855628982702,
PAN,PA,Panama,Latin America & Caribbean,High income,2000,,12.1872249945068
PAN,PA,Panama,Latin America & Caribbean,High income,2001,,9.40721440439218
PAN,PA,Panama,Latin America & Caribbean,High income,2002,,8.50456210626722
PAN,PA,Panama,Latin America & Caribbean,High income,2003,,8.71240536692425
PAN,PA,Panama,Latin America & Caribbean,High income,2004,,6.05179174465388
PAN,PA,Panama,Latin America & Caribbean,High income,2005,2.88254665467289,6.87406484557708
PAN,PA,Panama,Latin America & Caribbean,High income,2006,2.67255289685215,6.369283486256
PAN,PA,Panama,Latin America & Caribbean,High income,2007,2.81778395706692,5.77067070230241
PAN,PA,Panama,Latin America & Caribbean,High income,2008,3.00612509186528,0.399492639030316
PAN,PA,Panama,Latin America & Caribbean,High income,2009,3.3117694577091,1.21622929586278
PAN,PA,Panama,Latin America & Caribbean,High income,2010,2.64687924224151,4.64173280426922
PAN,PA,Panama,Latin America & Caribbean,High income,2011,2.13990013428624,1.92499208255031
PAN,PA,Panama,Latin America & Caribbean,High income,2012,1.9549438761613,1.32232372129142
PAN,PA,Panama,Latin America & Caribbean,High income,2013,1.8729647331777,1.1731548934068
PAN,PA,Panama,Latin America & Caribbean,High income,2014,2.20714175759565,2.14040732578904
PAN,PA,Panama,Latin America & Caribbean,High income,2015,2.19550451794881,3.37836019068686
PAN,PA,Panama,Latin America & Caribbean,High income,2016,2.51764775642036,4.02418338473219
PAN,PA,Panama,Latin America & Caribbean,High income,2017,3.05130465121153,4.88371900784036
PAN,PA,Panama,Latin America & Caribbean,High income,2018,3.25831853198357,6.13930042119715
PAN,PA,Panama,Latin America & Caribbean,High income,2019,1.9552265288917,6.51644956866247
PAN,PA,Panama,Latin America & Caribbean,High income,2020,2.01340176207336,7.54046727609023
PAN,PA,Panama,Latin America & Caribbean,High income,2021,2.25280070223067,5.44438948238987
PAN,PA,Panama,Latin America & Caribbean,High income,2022,2.53133936340955,4.61040446702455
PAN,PA,Panama,Latin America & Caribbean,High income,2023,2.56931692949525,
PAN,PA,Panama,Latin America & Caribbean,High income,2024,2.37293281218116,
PER,PE,Peru,Latin America & Caribbean,Upper middle income,2000,,25.5698477470948
PER,PE,Peru,Latin America & Caribbean,Upper middle income,2001,,24.411950042159
PER,PE,Peru,Latin America & Caribbean,Upper middle income,2002,,20.6338458601459
PER,PE,Peru,Latin America & Caribbean,Upper middle income,2003,,18.8715495126426
PER,PE,Peru,Latin America & Caribbean,Upper middle income,2004,,17.308705204716
PER,PE,Peru,Latin America & Caribbean,Upper middle income,2005,,21.284368194887
PER,PE,Peru,Latin America & Caribbean,Upper middle income,2006,,15.1194989096292
PER,PE,Peru,Latin America & Caribbean,Upper middle income,2007,,21.0511674102817
PER,PE,Peru,Latin America & Caribbean,Upper middle income,2008,,22.323874594588
PER,PE,Peru,Latin America & Caribbean,Upper middle income,2009,,18.5944908019559
PER,PE,Peru,Latin America & Caribbean,Upper middle income,2010,1.86763486280351,12.5494733748355
PER,PE,Peru,Latin America & Caribbean,Upper middle income,2011,1.83888954526962,11.1780878633624
PER,PE,Peru,Latin America & Caribbean,Upper middle income,2012,2.16669888688339,17.8200224863401
PER,PE,Peru,Latin America & Caribbean,Upper middle income,2013,2.52532864724646,16.903308069059
PER,PE,Peru,Latin America & Caribbean,Upper middle income,2014,2.86635234019297,12.994785090205
PER,PE,Peru,Latin America & Caribbean,Upper middle income,2015,2.82627141447332,13.0638220152775
PER,PE,Peru,Latin America & Caribbean,Upper middle income,2016,3.03691673128784,12.9852567811511
PER,PE,Peru,Latin America & Caribbean,Upper middle income,2017,3.26099813127161,12.7122035671679
PER,PE,Peru,Latin America & Caribbean,Upper middle income,2018,3.27104963481758,11.9886777000573
PER,PE,Peru,Latin America & Caribbean,Upper middle income,2019,3.36599445858728,12.2832644568721
PER,PE,Peru,Latin America & Caribbean,Upper middle income,2020,4.12760856551142,8.888580606911
PER,PE,Peru,Latin America & Caribbean,Upper middle income,2021,3.90874696659241,0.845844635839003
PER,PE,Peru,Latin America & Caribbean,Upper middle income,2022,4.1165128325684,7.73550726222228
PER,PE,Peru,Latin America & Caribbean,Upper middle income,2023,4.48043564056431,
PER,PE,Peru,Latin America & Caribbean,Upper middle income,2024,3.99027241122428,
PHL,PH,Philippines,East Asia & Pacific,Upper middle income,2000,,4.8104932596846
PHL,PH,Philippines,East Asia & Pacific,Upper middle income,2001,,6.42188422219399
PHL,PH,Philippines,East Asia & Pacific,Upper middle income,2002,,4.70819992469216
PHL,PH,Philippines,East Asia & Pacific,Upper middle income,2003,,6.08528504670798
PHL,PH,Philippines,East Asia & Pacific,Upper middle income,2004,,3.95524739260692
PHL,PH,Philippines,East Asia & Pacific,Upper middle income,2005,,4.03548972128812
PHL,PH,Philippines,East Asia & Pacific,Upper middle income,2006,,4.4401194500866
PHL,PH,Philippines,East Asia & Pacific,Upper middle income,2007,,5.35759701816081
PHL,PH,Philippines,East Asia & Pacific,Upper middle income,2008,,1.46657832194707
PHL,PH,Philippines,East Asia & Pacific,Upper middle income,2009,3.46095790428878,5.67257824063165
PHL,PH,Philippines,East Asia & Pacific,Upper middle income,2010,3.34951747323682,3.16350898272397
PHL,PH,Philippines,East Asia & Pacific,Upper middle income,2011,2.52887904557002,2.64095050382798
PHL,PH,Philippines,East Asia & Pacific,Upper middle income,2012,2.20068041783045,3.61326895733707
PHL,PH,Philippines,East Asia & Pacific,Upper middle income,2013,2.44086452225224,3.63093412149458
PHL,PH,Philippines,East Asia & Pacific,Upper middle income,2014,2.02468665436273,2.39960024337773
PHL,PH,Philippines,East Asia & Pacific,Upper middle income,2015,1.88547820763549,6.34358648995616
PHL,PH,Philippines,East Asia & Pacific,Upper middle income,2016,1.71584803855675,4.30655097833464
PHL,PH,Philippines,East Asia & Pacific,Upper middle income,2017,1.5793111524775,3.2319992694047
PHL,PH,Philippines,East Asia & Pacific,Upper middle income,2018,1.67363606149179,2.29210640379307
PHL,PH,Philippines,East Asia & Pacific,Upper middle income,2019,1.97428417462378,6.35446159033897
PHL,PH,Philippines,East Asia & Pacific,Upper middle income,2020,3.53246213156459,
PHL,PH,Philippines,East Asia & Pacific,Upper middle income,2021,3.95540769439997,
PHL,PH,Philippines,East Asia & Pacific,Upper middle income,2022,3.13384020777967,
PHL,PH,Philippines,East Asia & Pacific,Upper middle income,2023,3.18581223118339,
PHL,PH,Philippines,East Asia & Pacific,Upper middle income,2024,3.1976702517554,
PLW,PW,Palau,East Asia & Pacific,High income,2000,,
PLW,PW,Palau,East Asia & Pacific,High income,2001,,
PLW,PW,Palau,East Asia & Pacific,High income,2002,,
PLW,PW,Palau,East Asia & Pacific,High income,2003,,
PLW,PW,Palau,East Asia & Pacific,High income,2004,,
PLW,PW,Palau,East Asia & Pacific,High income,2005,,
PLW,PW,Palau,East Asia & Pacific,High income,2006,,
PLW,PW,Palau,East Asia & Pacific,High income,2007,,
PLW,PW,Palau,East Asia & Pacific,High income,2008,,
PLW,PW,Palau,East Asia & Pacific,High income,2009,,
PLW,PW,Palau,East Asia & Pacific,High income,2010,,
PLW,PW,Palau,East Asia & Pacific,High income,2011,,
PLW,PW,Palau,East Asia & Pacific,High income,2012,,
PLW,PW,Palau,East Asia & Pacific,High income,2013,,
PLW,PW,Palau,East Asia & Pacific,High income,2014,,
PLW,PW,Palau,East Asia & Pacific,High income,2015,,
PLW,PW,Palau,East Asia & Pacific,High income,2016,,
PLW,PW,Palau,East Asia & Pacific,High income,2017,,
PLW,PW,Palau,East Asia & Pacific,High income,2018,,
PLW,PW,Palau,East Asia & Pacific,High income,2019,,
PLW,PW,Palau,East Asia & Pacific,High income,2020,,
PLW,PW,Palau,East Asia & Pacific,High income,2021,,
PLW,PW,Palau,East Asia & Pacific,High income,2022,,
PLW,PW,Palau,East Asia & Pacific,High income,2023,,
PLW,PW,Palau,East Asia & Pacific,High income,2024,,
PNG,PG,Papua New Guinea,East Asia & Pacific,Lower middle income,2000,,3.92571797873366
PNG,PG,Papua New Guinea,East Asia & Pacific,Lower middle income,2001,,8.69258793903992
PNG,PG,Papua New Guinea,East Asia & Pacific,Lower middle income,2002,,1.42375015063624
PNG,PG,Papua New Guinea,East Asia & Pacific,Lower middle income,2003,,7.40623929990042
PNG,PG,Papua New Guinea,East Asia & Pacific,Lower middle income,2004,,15.5530804394784
PNG,PG,Papua New Guinea,East Asia & Pacific,Lower middle income,2005,,-0.635761691143574
PNG,PG,Papua New Guinea,East Asia & Pacific,Lower middle income,2006,,-31.1172422998082
PNG,PG,Papua New Guinea,East Asia & Pacific,Lower middle income,2007,,6.79238387592348
PNG,PG,Papua New Guinea,East Asia & Pacific,Lower middle income,2008,1.77774462673172,-2.21086723553132
PNG,PG,Papua New Guinea,East Asia & Pacific,Lower middle income,2009,2.02365300059617,15.7415559435154
PNG,PG,Papua New Guinea,East Asia & Pacific,Lower middle income,2010,1.91657120024141,0.48097331163777
PNG,PG,Papua New Guinea,East Asia & Pacific,Lower middle income,2011,2.08309528155411,1.81485583975582
PNG,PG,Papua New Guinea,East Asia & Pacific,Lower middle income,2012,2.15851766654297,11.4555568045047
PNG,PG,Papua New Guinea,East Asia & Pacific,Lower middle income,2013,1.79854386150578,6.31649598133552
PNG,PG,Papua New Guinea,East Asia & Pacific,Lower middle income,2014,2.09047784392733,3.7353358045613
PNG,PG,Papua New Guinea,East Asia & Pacific,Lower middle income,2015,3.0812991544216,10.087811319828
PNG,PG,Papua New Guinea,East Asia & Pacific,Lower middle income,2016,2.49975083446666,5.71297677704802
PNG,PG,Papua New Guinea,East Asia & Pacific,Lower middle income,2017,2.76818100498897,0.639555495412994
PNG,PG,Papua New Guinea,East Asia & Pacific,Lower middle income,2018,3.73018824140234,-0.658125153410451
PNG,PG,Papua New Guinea,East Asia & Pacific,Lower middle income,2019,3.78623688418196,7.50880873316245
PNG,PG,Papua New Guinea,East Asia & Pacific,Lower middle income,2020,5.32612574594665,5.96877717477725
PNG,PG,Papua New Guinea,East Asia & Pacific,Lower middle income,2021,6.15624522091609,-3.55610115187176
PNG,PG,Papua New Guinea,East Asia & Pacific,Lower middle income,2022,4.78350416832427,-6.10472234391003
PNG,PG,Papua New Guinea,East Asia & Pacific,Lower middle income,2023,5.41890192594108,13.2981726866781
PNG,PG,Papua New Guinea,East Asia & Pacific,Lower middle income,2024,,4.85900544793087
POL,PL,Poland,Europe & Central Asia,High income,2000,,
POL,PL,Poland,Europe & Central Asia,High income,2001,,
POL,PL,Poland,Europe & Central Asia,High income,2002,,
POL,PL,Poland,Europe & Central Asia,High income,2003,,
POL,PL,Poland,Europe & Central Asia,High income,2004,,
POL,PL,Poland,Europe & Central Asia,High income,2005,,
POL,PL,Poland,Europe & Central Asia,High income,2006,,
POL,PL,Poland,Europe & Central Asia,High income,2007,,
POL,PL,Poland,Europe & Central Asia,High income,2008,2.82208199288244,
POL,PL,Poland,Europe & Central Asia,High income,2009,4.08301602290229,
POL,PL,Poland,Europe & Central Asia,High income,2010,4.70497582133692,
POL,PL,Poland,Europe & Central Asia,High income,2011,4.53797781890378,
POL,PL,Poland,Europe & Central Asia,High income,2012,4.92137936955479,
POL,PL,Poland,Europe & Central Asia,High income,2013,4.79348889261062,
POL,PL,Poland,Europe & Central Asia,High income,2014,4.61948181975494,
POL,PL,Poland,Europe & Central Asia,High income,2015,4.16510529138445,
POL,PL,Poland,Europe & Central Asia,High income,2016,3.93108996669006,
POL,PL,Poland,Europe & Central Asia,High income,2017,3.83219672759303,
POL,PL,Poland,Europe & Central Asia,High income,2018,3.86657827897154,
POL,PL,Poland,Europe & Central Asia,High income,2019,3.81150994513216,
POL,PL,Poland,Europe & Central Asia,High income,2020,3.71722963023515,
POL,PL,Poland,Europe & Central Asia,High income,2021,2.85023106835434,
POL,PL,Poland,Europe & Central Asia,High income,2022,2.43227662321668,
POL,PL,Poland,Europe & Central Asia,High income,2023,2.32399482814849,
POL,PL,Poland,Europe & Central Asia,High income,2024,1.78153481819135,
PRI,PR,Puerto Rico (US),Latin America & Caribbean,High income,2000,,
PRI,PR,Puerto Rico (US),Latin America & Caribbean,High income,2001,,
PRI,PR,Puerto Rico (US),Latin America & Caribbean,High income,2002,,
PRI,PR,Puerto Rico (US),Latin America & Caribbean,High income,2003,,
PRI,PR,Puerto Rico (US),Latin America & Caribbean,High income,2004,,
PRI,PR,Puerto Rico (US),Latin America & Caribbean,High income,2005,,
PRI,PR,Puerto Rico (US),Latin America & Caribbean,High income,2006,,
PRI,PR,Puerto Rico (US),Latin America & Caribbean,High income,2007,,
PRI,PR,Puerto Rico (US),Latin America & Caribbean,High income,2008,,
PRI,PR,Puerto Rico (US),Latin America & Caribbean,High income,2009,,
PRI,PR,Puerto Rico (US),Latin America & Caribbean,High income,2010,,
PRI,PR,Puerto Rico (US),Latin America & Caribbean,High income,2011,,
PRI,PR,Puerto Rico (US),Latin America & Caribbean,High income,2012,,
PRI,PR,Puerto Rico (US),Latin America & Caribbean,High income,2013,,
PRI,PR,Puerto Rico (US),Latin America & Caribbean,High income,2014,,
PRI,PR,Puerto Rico (US),Latin America & Caribbean,High income,2015,,
PRI,PR,Puerto Rico (US),Latin America & Caribbean,High income,2016,,
PRI,PR,Puerto Rico (US),Latin America & Caribbean,High income,2017,,
PRI,PR,Puerto Rico (US),Latin America & Caribbean,High income,2018,,
PRI,PR,Puerto Rico (US),Latin America & Caribbean,High income,2019,,
PRI,PR,Puerto Rico (US),Latin America & Caribbean,High income,2020,,
PRI,PR,Puerto Rico (US),Latin America & Caribbean,High income,2021,,
PRI,PR,Puerto Rico (US),Latin America & Caribbean,High income,2022,,
PRI,PR,Puerto Rico (US),Latin America & Caribbean,High income,2023,,
PRI,PR,Puerto Rico (US),Latin America & Caribbean,High income,2024,,
PRK,KP,"Korea, Dem. People's Rep.",East Asia & Pacific,Low income,2000,,
PRK,KP,"Korea, Dem. People's Rep.",East Asia & Pacific,Low income,2001,,
PRK,KP,"Korea, Dem. People's Rep.",East Asia & Pacific,Low income,2002,,
PRK,KP,"Korea, Dem. People's Rep.",East Asia & Pacific,Low income,2003,,
PRK,KP,"Korea, Dem. People's Rep.",East Asia & Pacific,Low income,2004,,
PRK,KP,"Korea, Dem. People's Rep.",East Asia & Pacific,Low income,2005,,
PRK,KP,"Korea, Dem. People's Rep.",East Asia & Pacific,Low income,2006,,
PRK,KP,"Korea, Dem. People's Rep.",East Asia & Pacific,Low income,2007,,
PRK,KP,"Korea, Dem. People's Rep.",East Asia & Pacific,Low income,2008,,
PRK,KP,"Korea, Dem. People's Rep.",East Asia & Pacific,Low income,2009,,
PRK,KP,"Korea, Dem. People's Rep.",East Asia & Pacific,Low income,2010,,
PRK,KP,"Korea, Dem. People's Rep.",East Asia & Pacific,Low income,2011,,
PRK,KP,"Korea, Dem. People's Rep.",East Asia & Pacific,Low income,2012,,
PRK,KP,"Korea, Dem. People's Rep.",East Asia & Pacific,Low income,2013,,
PRK,KP,"Korea, Dem. People's Rep.",East Asia & Pacific,Low income,2014,,
PRK,KP,"Korea, Dem. People's Rep.",East Asia & Pacific,Low income,2015,,
PRK,KP,"Korea, Dem. People's Rep.",East Asia & Pacific,Low income,2016,,
PRK,KP,"Korea, Dem. People's Rep.",East Asia & Pacific,Low income,2017,,
PRK,KP,"Korea, Dem. People's Rep.",East Asia & Pacific,Low income,2018,,
PRK,KP,"Korea, Dem. People's Rep.",East Asia & Pacific,Low income,2019,,
PRK,KP,"Korea, Dem. People's Rep.",East Asia & Pacific,Low income,2020,,
PRK,KP,"Korea, Dem. People's Rep.",East Asia & Pacific,Low income,2021,,
PRK,KP,"Korea, Dem. People's Rep.",East Asia & Pacific,Low income,2022,,
PRK,KP,"Korea, Dem. People's Rep.",East Asia & Pacific,Low income,2023,,
PRK,KP,"Korea, Dem. People's Rep.",East Asia & Pacific,Low income,2024,,
PRT,PT,Portugal,Europe & Central Asia,High income,2000,,
PRT,PT,Portugal,Europe & Central Asia,High income,2001,,
PRT,PT,Portugal,Europe & Central Asia,High income,2002,,
PRT,PT,Portugal,Europe & Central Asia,High income,2003,,
PRT,PT,Portugal,Europe & Central Asia,High income,2004,,
PRT,PT,Portugal,Europe & Central Asia,High income,2005,,
PRT,PT,Portugal,Europe & Central Asia,High income,2006,,
PRT,PT,Portugal,Europe & Central Asia,High income,2007,2.402987475193,
PRT,PT,Portugal,Europe & Central Asia,High income,2008,3.20857811603958,
PRT,PT,Portugal,Europe & Central Asia,High income,2009,4.47774053191898,
PRT,PT,Portugal,Europe & Central Asia,High income,2010,4.81369446409075,
PRT,PT,Portugal,Europe & Central Asia,High income,2011,6.58524987406531,
PRT,PT,Portugal,Europe & Central Asia,High income,2012,8.47930510282067,
PRT,PT,Portugal,Europe & Central Asia,High income,2013,9.56475761795516,
PRT,PT,Portugal,Europe & Central Asia,High income,2014,10.8840579283017,
PRT,PT,Portugal,Europe & Central Asia,High income,2015,17.6784152469731,
PRT,PT,Portugal,Europe & Central Asia,High income,2016,17.2783688162153,
PRT,PT,Portugal,Europe & Central Asia,High income,2017,14.1599573187475,
PRT,PT,Portugal,Europe & Central Asia,High income,2018,10.1876415339655,
PRT,PT,Portugal,Europe & Central Asia,High income,2019,6.78401726884444,
PRT,PT,Portugal,Europe & Central Asia,High income,2020,5.60342554555474,
PRT,PT,Portugal,Europe & Central Asia,High income,2021,4.57897942169444,
PRT,PT,Portugal,Europe & Central Asia,High income,2022,3.6191746300687,
PRT,PT,Portugal,Europe & Central Asia,High income,2023,3.13622776694512,
PRT,PT,Portugal,Europe & Central Asia,High income,2024,2.79903801270908,
PRY,PY,Paraguay,Latin America & Caribbean,Upper middle income,2000,,14.2035386384804
PRY,PY,Paraguay,Latin America & Caribbean,Upper middle income,2001,,16.4268997545601
PRY,PY,Paraguay,Latin America & Caribbean,Upper middle income,2002,,22.6570046799308
PRY,PY,Paraguay,Latin America & Caribbean,Upper middle income,2003,,37.0207819032744
PRY,PY,Paraguay,Latin America & Caribbean,Upper middle income,2004,,24.0813135946872
PRY,PY,Paraguay,Latin America & Caribbean,Upper middle income,2005,6.33264116001512,19.134850825752
PRY,PY,Paraguay,Latin America & Caribbean,Upper middle income,2006,3.61939916991482,23.8660041047369
PRY,PY,Paraguay,Latin America & Caribbean,Upper middle income,2007,1.71544749456709,14.4583502460761
PRY,PY,Paraguay,Latin America & Caribbean,Upper middle income,2008,1.45181945755594,15.683124648378
PRY,PY,Paraguay,Latin America & Caribbean,Upper middle income,2009,1.78003061458852,27.9872353881339
PRY,PY,Paraguay,Latin America & Caribbean,Upper middle income,2010,1.40108769489389,24.3017624012322
PRY,PY,Paraguay,Latin America & Caribbean,Upper middle income,2011,1.83523658940738,11.7058473870639
PRY,PY,Paraguay,Latin America & Caribbean,Upper middle income,2012,2.20384579352775,11.7942698365307
PRY,PY,Paraguay,Latin America & Caribbean,Upper middle income,2013,2.11861395253394,14.3120851574278
PRY,PY,Paraguay,Latin America & Caribbean,Upper middle income,2014,1.97311796838353,17.8199443895789
PRY,PY,Paraguay,Latin America & Caribbean,Upper middle income,2015,2.59062284109355,17.8457423889824
PRY,PY,Paraguay,Latin America & Caribbean,Upper middle income,2016,2.941294421463,13.3865990752183
PRY,PY,Paraguay,Latin America & Caribbean,Upper middle income,2017,2.81149859231848,14.5093886137326
PRY,PY,Paraguay,Latin America & Caribbean,Upper middle income,2018,2.51201792418916,13.4929626362885
PRY,PY,Paraguay,Latin America & Caribbean,Upper middle income,2019,2.55783203788198,12.0533260672889
PRY,PY,Paraguay,Latin America & Caribbean,Upper middle income,2020,2.40998045807585,11.0890000853411
PRY,PY,Paraguay,Latin America & Caribbean,Upper middle income,2021,2.27497152681095,3.75832042397546
PRY,PY,Paraguay,Latin America & Caribbean,Upper middle income,2022,2.9386713078192,
PRY,PY,Paraguay,Latin America & Caribbean,Upper middle income,2023,3.01257810747373,
PRY,PY,Paraguay,Latin America & Caribbean,Upper middle income,2024,2.27373991973218,
PSE,PS,West Bank and Gaza,"Middle East, North Africa, Afghanistan & Pakistan",Lower middle income,2000,,
PSE,PS,West Bank and Gaza,"Middle East, North Africa, Afghanistan & Pakistan",Lower middle income,2001,,
PSE,PS,West Bank and Gaza,"Middle East, North Africa, Afghanistan & Pakistan",Lower middle income,2002,,
PSE,PS,West Bank and Gaza,"Middle East, North Africa, Afghanistan & Pakistan",Lower middle income,2003,,
PSE,PS,West Bank and Gaza,"Middle East, North Africa, Afghanistan & Pakistan",Lower middle income,2004,,12.756366559712
PSE,PS,West Bank and Gaza,"Middle East, North Africa, Afghanistan & Pakistan",Lower middle income,2005,,7.27469046188473
PSE,PS,West Bank and Gaza,"Middle East, North Africa, Afghanistan & Pakistan",Lower middle income,2006,,2.21492338698343
PSE,PS,West Bank and Gaza,"Middle East, North Africa, Afghanistan & Pakistan",Lower middle income,2007,,3.06123766662527
PSE,PS,West Bank and Gaza,"Middle East, North Africa, Afghanistan & Pakistan",Lower middle income,2008,8.16375020057626,-8.39329411334679
PSE,PS,West Bank and Gaza,"Middle East, North Africa, Afghanistan & Pakistan",Lower middle income,2009,4.11916461386065,4.25610648353702
PSE,PS,West Bank and Gaza,"Middle East, North Africa, Afghanistan & Pakistan",Lower middle income,2010,3.06818623299833,-6.06253496194225
PSE,PS,West Bank and Gaza,"Middle East, North Africa, Afghanistan & Pakistan",Lower middle income,2011,2.76420847054838,1.29651407870956
PSE,PS,West Bank and Gaza,"Middle East, North Africa, Afghanistan & Pakistan",Lower middle income,2012,3.0769175753146,3.98603685527007
PSE,PS,West Bank and Gaza,"Middle East, North Africa, Afghanistan & Pakistan",Lower middle income,2013,2.88247142261907,1.68103260351344
PSE,PS,West Bank and Gaza,"Middle East, North Africa, Afghanistan & Pakistan",Lower middle income,2014,2.54111369062262,2.63940419367075
PSE,PS,West Bank and Gaza,"Middle East, North Africa, Afghanistan & Pakistan",Lower middle income,2015,2.14279238837218,10.8929228684251
PSE,PS,West Bank and Gaza,"Middle East, North Africa, Afghanistan & Pakistan",Lower middle income,2016,2.17901822396472,4.81021837744655
PSE,PS,West Bank and Gaza,"Middle East, North Africa, Afghanistan & Pakistan",Lower middle income,2017,2.31775341068148,2.48648397866908
PSE,PS,West Bank and Gaza,"Middle East, North Africa, Afghanistan & Pakistan",Lower middle income,2018,3.04108365364652,6.19365815999576
PSE,PS,West Bank and Gaza,"Middle East, North Africa, Afghanistan & Pakistan",Lower middle income,2019,4.111398726013,2.00529807738656
PSE,PS,West Bank and Gaza,"Middle East, North Africa, Afghanistan & Pakistan",Lower middle income,2020,4.23551043671952,3.22478542182297
PSE,PS,West Bank and Gaza,"Middle East, North Africa, Afghanistan & Pakistan",Lower middle income,2021,3.06038545958319,-3.1194174840674
PSE,PS,West Bank and Gaza,"Middle East, North Africa, Afghanistan & Pakistan",Lower middle income,2022,3.24787375179428,
PSE,PS,West Bank and Gaza,"Middle East, North Africa, Afghanistan & Pakistan",Lower middle income,2023,3.41872677629682,
PSE,PS,West Bank and Gaza,"Middle East, North Africa, Afghanistan & Pakistan",Lower middle income,2024,,
PYF,PF,French Polynesia,East Asia & Pacific,High income,2000,,
PYF,PF,French Polynesia,East Asia & Pacific,High income,2001,,
PYF,PF,French Polynesia,East Asia & Pacific,High income,2002,,
PYF,PF,French Polynesia,East Asia & Pacific,High income,2003,,
PYF,PF,French Polynesia,East Asia & Pacific,High income,2004,,
PYF,PF,French Polynesia,East Asia & Pacific,High income,2005,,
PYF,PF,French Polynesia,East Asia & Pacific,High income,2006,,
PYF,PF,French Polynesia,East Asia & Pacific,High income,2007,,
PYF,PF,French Polynesia,East Asia & Pacific,High income,2008,,
PYF,PF,French Polynesia,East Asia & Pacific,High income,2009,,
PYF,PF,French Polynesia,East Asia & Pacific,High income,2010,,
PYF,PF,French Polynesia,East Asia & Pacific,High income,2011,,
PYF,PF,French Polynesia,East Asia & Pacific,High income,2012,,
PYF,PF,French Polynesia,East Asia & Pacific,High income,2013,,
PYF,PF,French Polynesia,East Asia & Pacific,High income,2014,,
PYF,PF,French Polynesia,East Asia & Pacific,High income,2015,,
PYF,PF,French Polynesia,East Asia & Pacific,High income,2016,,
PYF,PF,French Polynesia,East Asia & Pacific,High income,2017,,
PYF,PF,French Polynesia,East Asia & Pacific,High income,2018,,
PYF,PF,French Polynesia,East Asia & Pacific,High income,2019,,
PYF,PF,French Polynesia,East Asia & Pacific,High income,2020,,
PYF,PF,French Polynesia,East Asia & Pacific,High income,2021,,
PYF,PF,French Polynesia,East Asia & Pacific,High income,2022,,
PYF,PF,French Polynesia,East Asia & Pacific,High income,2023,,
PYF,PF,French Polynesia,East Asia & Pacific,High income,2024,,
QAT,QA,Qatar,"Middle East, North Africa, Afghanistan & Pakistan",High income,2000,,
QAT,QA,Qatar,"Middle East, North Africa, Afghanistan & Pakistan",High income,2001,,
QAT,QA,Qatar,"Middle East, North Africa, Afghanistan & Pakistan",High income,2002,,
QAT,QA,Qatar,"Middle East, North Africa, Afghanistan & Pakistan",High income,2003,,
QAT,QA,Qatar,"Middle East, North Africa, Afghanistan & Pakistan",High income,2004,,-6.12001472727574
QAT,QA,Qatar,"Middle East, North Africa, Afghanistan & Pakistan",High income,2005,,-18.3013400118188
QAT,QA,Qatar,"Middle East, North Africa, Afghanistan & Pakistan",High income,2006,,-1.09031489240952
QAT,QA,Qatar,"Middle East, North Africa, Afghanistan & Pakistan",High income,2007,,-3.19145924423331
QAT,QA,Qatar,"Middle East, North Africa, Afghanistan & Pakistan",High income,2008,,-13.0643142329149
QAT,QA,Qatar,"Middle East, North Africa, Afghanistan & Pakistan",High income,2009,,41.2538607483852
QAT,QA,Qatar,"Middle East, North Africa, Afghanistan & Pakistan",High income,2010,,-2.12553594859278
QAT,QA,Qatar,"Middle East, North Africa, Afghanistan & Pakistan",High income,2011,,-11.086750771113
QAT,QA,Qatar,"Middle East, North Africa, Afghanistan & Pakistan",High income,2012,,-0.990571312816421
QAT,QA,Qatar,"Middle East, North Africa, Afghanistan & Pakistan",High income,2013,,3.20001389766238
QAT,QA,Qatar,"Middle East, North Africa, Afghanistan & Pakistan",High income,2014,,5.31454125968997
QAT,QA,Qatar,"Middle East, North Africa, Afghanistan & Pakistan",High income,2015,,39.4893730514304
QAT,QA,Qatar,"Middle East, North Africa, Afghanistan & Pakistan",High income,2016,,14.3011557096888
QAT,QA,Qatar,"Middle East, North Africa, Afghanistan & Pakistan",High income,2017,,-2.86771171538501
QAT,QA,Qatar,"Middle East, North Africa, Afghanistan & Pakistan",High income,2018,,-6.6128188668191
QAT,QA,Qatar,"Middle East, North Africa, Afghanistan & Pakistan",High income,2019,,9.93780481798095
QAT,QA,Qatar,"Middle East, North Africa, Afghanistan & Pakistan",High income,2020,,22.59952356173
QAT,QA,Qatar,"Middle East, North Africa, Afghanistan & Pakistan",High income,2021,,-15.2000918961762
QAT,QA,Qatar,"Middle East, North Africa, Afghanistan & Pakistan",High income,2022,,-16.9330145777083
QAT,QA,Qatar,"Middle East, North Africa, Afghanistan & Pakistan",High income,2023,,19.1951159471819
QAT,QA,Qatar,"Middle East, North Africa, Afghanistan & Pakistan",High income,2024,,7.8156500208503
ROU,RO,Romania,Europe & Central Asia,High income,2000,,7.45156589527913
ROU,RO,Romania,Europe & Central Asia,High income,2001,,5.39568237207382
ROU,RO,Romania,Europe & Central Asia,High income,2002,,10.357989375454
ROU,RO,Romania,Europe & Central Asia,High income,2003,,1.85276834167124
ROU,RO,Romania,Europe & Central Asia,High income,2004,,8.79629617167316
ROU,RO,Romania,Europe & Central Asia,High income,2005,,6.77979401796877
ROU,RO,Romania,Europe & Central Asia,High income,2006,,3.05143448896311
ROU,RO,Romania,Europe & Central Asia,High income,2007,2.58539372816182,-2.13087077084906
ROU,RO,Romania,Europe & Central Asia,High income,2008,2.74650265367714,-0.884850923821751
ROU,RO,Romania,Europe & Central Asia,High income,2009,7.89184425906007,12.6652151658549
ROU,RO,Romania,Europe & Central Asia,High income,2010,11.8538634983106,7.68453304401845
ROU,RO,Romania,Europe & Central Asia,High income,2011,14.3279565951415,7.83299754096995
ROU,RO,Romania,Europe & Central Asia,High income,2012,18.2374449705832,7.24295337975638
ROU,RO,Romania,Europe & Central Asia,High income,2013,21.872974775198,9.00236757143017
ROU,RO,Romania,Europe & Central Asia,High income,2014,13.9376956709832,6.63787782811327
ROU,RO,Romania,Europe & Central Asia,High income,2015,16.1343770279822,3.39222469611366
ROU,RO,Romania,Europe & Central Asia,High income,2016,11.3821126641511,3.01037862400641
ROU,RO,Romania,Europe & Central Asia,High income,2017,7.6552442828254,0.872621780869851
ROU,RO,Romania,Europe & Central Asia,High income,2018,5.59069140441419,0.589692861347934
ROU,RO,Romania,Europe & Central Asia,High income,2019,4.70370876212337,0.181905937491109
ROU,RO,Romania,Europe & Central Asia,High income,2020,4.52148801977923,2.28548778370505
ROU,RO,Romania,Europe & Central Asia,High income,2021,3.86600747872832,0.00921688871478798
ROU,RO,Romania,Europe & Central Asia,High income,2022,3.04351613618208,-3.83233566095464
ROU,RO,Romania,Europe & Central Asia,High income,2023,2.90081433195069,-2.69806519586844
ROU,RO,Romania,Europe & Central Asia,High income,2024,2.84615726921326,-0.750528102539905
RUS,RU,Russian Federation,Europe & Central Asia,High income,2000,,-9.63311144269675
RUS,RU,Russian Federation,Europe & Central Asia,High income,2001,,1.2265785072243
RUS,RU,Russian Federation,Europe & Central Asia,High income,2002,,0.0329353853463892
RUS,RU,Russian Federation,Europe & Central Asia,High income,2003,,-0.60017068040332
RUS,RU,Russian Federation,Europe & Central Asia,High income,2004,,-7.32898586198479
RUS,RU,Russian Federation,Europe & Central Asia,High income,2005,,-7.20668991062191
RUS,RU,Russian Federation,Europe & Central Asia,High income,2006,,-4.07869184018714
RUS,RU,Russian Federation,Europe & Central Asia,High income,2007,,-3.34492661176016
RUS,RU,Russian Federation,Europe & Central Asia,High income,2008,3.81172366116837,-4.90496208972303
RUS,RU,Russian Federation,Europe & Central Asia,High income,2009,9.58055783170298,13.079965285875
RUS,RU,Russian Federation,Europe & Central Asia,High income,2010,8.30661167313489,-2.9550837319085
RUS,RU,Russian Federation,Europe & Central Asia,High income,2011,6.62814262110441,-12.8569352912719
RUS,RU,Russian Federation,Europe & Central Asia,High income,2012,6.05937220678027,0.176416618563869
RUS,RU,Russian Federation,Europe & Central Asia,High income,2013,6.01730651081845,3.93707019297023
RUS,RU,Russian Federation,Europe & Central Asia,High income,2014,6.81325840246744,3.39714683538317
RUS,RU,Russian Federation,Europe & Central Asia,High income,2015,8.37596711898549,7.8945935741024
RUS,RU,Russian Federation,Europe & Central Asia,High income,2016,9.24076995498894,9.48433377577098
RUS,RU,Russian Federation,Europe & Central Asia,High income,2017,9.65589344602211,4.9465474833995
RUS,RU,Russian Federation,Europe & Central Asia,High income,2018,9.74675740899047,-1.02935343449587
RUS,RU,Russian Federation,Europe & Central Asia,High income,2019,8.82848632528604,5.31670923121165
RUS,RU,Russian Federation,Europe & Central Asia,High income,2020,8.16184118410632,5.82526212499436
RUS,RU,Russian Federation,Europe & Central Asia,High income,2021,6.10135444843519,-9.32924566831166
RUS,RU,Russian Federation,Europe & Central Asia,High income,2022,5.50983446091328,-5.72652345869014
RUS,RU,Russian Federation,Europe & Central Asia,High income,2023,4.50692606999785,4.6537266293364
RUS,RU,Russian Federation,Europe & Central Asia,High income,2024,,5.81969103265575
RWA,RW,Rwanda,Sub-Saharan Africa,Low income,2000,,12.7898510205382
RWA,RW,Rwanda,Sub-Saharan Africa,Low income,2001,,16.812761043247
RWA,RW,Rwanda,Sub-Saharan Africa,Low income,2002,,22.6248575482056
RWA,RW,Rwanda,Sub-Saharan Africa,Low income,2003,,-3.62974030867144
RWA,RW,Rwanda,Sub-Saharan Africa,Low income,2004,,4.40397445774123
RWA,RW,Rwanda,Sub-Saharan Africa,Low income,2005,,6.18940676527911
RWA,RW,Rwanda,Sub-Saharan Africa,Low income,2006,,14.6562892738287
RWA,RW,Rwanda,Sub-Saharan Africa,Low income,2007,,2.62655954555323
RWA,RW,Rwanda,Sub-Saharan Africa,Low income,2008,10.6190849328518,1.41891609881712
RWA,RW,Rwanda,Sub-Saharan Africa,Low income,2009,9.32328577526061,9.0579463828942
RWA,RW,Rwanda,Sub-Saharan Africa,Low income,2010,8.06311329277669,13.3076036415334
RWA,RW,Rwanda,Sub-Saharan Africa,Low income,2011,6.18036484427646,8.85245706724868
RWA,RW,Rwanda,Sub-Saharan Africa,Low income,2012,6.36788135427598,11.5367415802999
RWA,RW,Rwanda,Sub-Saharan Africa,Low income,2013,6.05632087194988,14.3274756891941
RWA,RW,Rwanda,Sub-Saharan Africa,Low income,2014,5.22347933148057,11.4023760351949
RWA,RW,Rwanda,Sub-Saharan Africa,Low income,2015,5.90612714724264,16.5548427196279
RWA,RW,Rwanda,Sub-Saharan Africa,Low income,2016,7.08391549135575,11.3461541371984
RWA,RW,Rwanda,Sub-Saharan Africa,Low income,2017,7.2249358724129,8.95354983723723
RWA,RW,Rwanda,Sub-Saharan Africa,Low income,2018,4.50860787734397,15.9053917064436
RWA,RW,Rwanda,Sub-Saharan Africa,Low income,2019,4.03178162490704,11.8571234383871
RWA,RW,Rwanda,Sub-Saharan Africa,Low income,2020,4.3246107437271,8.17674210139152
RWA,RW,Rwanda,Sub-Saharan Africa,Low income,2021,5.38712290624539,11.9933028256297
RWA,RW,Rwanda,Sub-Saharan Africa,Low income,2022,3.70368041864365,0.393585901512125
RWA,RW,Rwanda,Sub-Saharan Africa,Low income,2023,4.6428027275821,3.89200940310549
RWA,RW,Rwanda,Sub-Saharan Africa,Low income,2024,4.18430963986442,7.2802728080444
SAU,SA,Saudi Arabia,"Middle East, North Africa, Afghanistan & Pakistan",High income,2000,,
SAU,SA,Saudi Arabia,"Middle East, North Africa, Afghanistan & Pakistan",High income,2001,,
SAU,SA,Saudi Arabia,"Middle East, North Africa, Afghanistan & Pakistan",High income,2002,,
SAU,SA,Saudi Arabia,"Middle East, North Africa, Afghanistan & Pakistan",High income,2003,,
SAU,SA,Saudi Arabia,"Middle East, North Africa, Afghanistan & Pakistan",High income,2004,,
SAU,SA,Saudi Arabia,"Middle East, North Africa, Afghanistan & Pakistan",High income,2005,,
SAU,SA,Saudi Arabia,"Middle East, North Africa, Afghanistan & Pakistan",High income,2006,,
SAU,SA,Saudi Arabia,"Middle East, North Africa, Afghanistan & Pakistan",High income,2007,,
SAU,SA,Saudi Arabia,"Middle East, North Africa, Afghanistan & Pakistan",High income,2008,,
SAU,SA,Saudi Arabia,"Middle East, North Africa, Afghanistan & Pakistan",High income,2009,3.28697148338663,
SAU,SA,Saudi Arabia,"Middle East, North Africa, Afghanistan & Pakistan",High income,2010,2.96818471895202,
SAU,SA,Saudi Arabia,"Middle East, North Africa, Afghanistan & Pakistan",High income,2011,2.22411986474196,
SAU,SA,Saudi Arabia,"Middle East, North Africa, Afghanistan & Pakistan",High income,2012,1.6697936801687,
SAU,SA,Saudi Arabia,"Middle East, North Africa, Afghanistan & Pakistan",High income,2013,1.30683882837442,
SAU,SA,Saudi Arabia,"Middle East, North Africa, Afghanistan & Pakistan",High income,2014,1.08033805274768,
SAU,SA,Saudi Arabia,"Middle East, North Africa, Afghanistan & Pakistan",High income,2015,1.23698687005172,
SAU,SA,Saudi Arabia,"Middle East, North Africa, Afghanistan & Pakistan",High income,2016,1.38335895995773,
SAU,SA,Saudi Arabia,"Middle East, North Africa, Afghanistan & Pakistan",High income,2017,1.61364907195792,
SAU,SA,Saudi Arabia,"Middle East, North Africa, Afghanistan & Pakistan",High income,2018,1.95231785727138,
SAU,SA,Saudi Arabia,"Middle East, North Africa, Afghanistan & Pakistan",High income,2019,1.85839038526168,
SAU,SA,Saudi Arabia,"Middle East, North Africa, Afghanistan & Pakistan",High income,2020,2.21159921239074,
SAU,SA,Saudi Arabia,"Middle East, North Africa, Afghanistan & Pakistan",High income,2021,1.86810170169937,
SAU,SA,Saudi Arabia,"Middle East, North Africa, Afghanistan & Pakistan",High income,2022,1.80253047265234,
SAU,SA,Saudi Arabia,"Middle East, North Africa, Afghanistan & Pakistan",High income,2023,1.51347587802945,
SAU,SA,Saudi Arabia,"Middle East, North Africa, Afghanistan & Pakistan",High income,2024,1.24535587233852,
SDN,SD,Sudan,Sub-Saharan Africa,Low income,2000,,
SDN,SD,Sudan,Sub-Saharan Africa,Low income,2001,,
SDN,SD,Sudan,Sub-Saharan Africa,Low income,2002,,
SDN,SD,Sudan,Sub-Saharan Africa,Low income,2003,,
SDN,SD,Sudan,Sub-Saharan Africa,Low income,2004,,
SDN,SD,Sudan,Sub-Saharan Africa,Low income,2005,,
SDN,SD,Sudan,Sub-Saharan Africa,Low income,2006,,
SDN,SD,Sudan,Sub-Saharan Africa,Low income,2007,,
SDN,SD,Sudan,Sub-Saharan Africa,Low income,2008,,
SDN,SD,Sudan,Sub-Saharan Africa,Low income,2009,,
SDN,SD,Sudan,Sub-Saharan Africa,Low income,2010,,
SDN,SD,Sudan,Sub-Saharan Africa,Low income,2011,,
SDN,SD,Sudan,Sub-Saharan Africa,Low income,2012,,
SDN,SD,Sudan,Sub-Saharan Africa,Low income,2013,,
SDN,SD,Sudan,Sub-Saharan Africa,Low income,2014,,
SDN,SD,Sudan,Sub-Saharan Africa,Low income,2015,,
SDN,SD,Sudan,Sub-Saharan Africa,Low income,2016,,
SDN,SD,Sudan,Sub-Saharan Africa,Low income,2017,,
SDN,SD,Sudan,Sub-Saharan Africa,Low income,2018,,
SDN,SD,Sudan,Sub-Saharan Africa,Low income,2019,,
SDN,SD,Sudan,Sub-Saharan Africa,Low income,2020,,
SDN,SD,Sudan,Sub-Saharan Africa,Low income,2021,,
SDN,SD,Sudan,Sub-Saharan Africa,Low income,2022,,
SDN,SD,Sudan,Sub-Saharan Africa,Low income,2023,,
SDN,SD,Sudan,Sub-Saharan Africa,Low income,2024,,
SEN,SN,Senegal,Sub-Saharan Africa,Lower middle income,2000,,
SEN,SN,Senegal,Sub-Saharan Africa,Lower middle income,2001,,
SEN,SN,Senegal,Sub-Saharan Africa,Lower middle income,2002,,
SEN,SN,Senegal,Sub-Saharan Africa,Lower middle income,2003,,
SEN,SN,Senegal,Sub-Saharan Africa,Lower middle income,2004,,
SEN,SN,Senegal,Sub-Saharan Africa,Lower middle income,2005,,2.22332732513481
SEN,SN,Senegal,Sub-Saharan Africa,Lower middle income,2006,,1.79925724091591
SEN,SN,Senegal,Sub-Saharan Africa,Lower middle income,2007,,-1.72348998541049
SEN,SN,Senegal,Sub-Saharan Africa,Lower middle income,2008,,-2.9869518860136
SEN,SN,Senegal,Sub-Saharan Africa,Lower middle income,2009,,6.78107363941052
SEN,SN,Senegal,Sub-Saharan Africa,Lower middle income,2010,,3.45350890101026
SEN,SN,Senegal,Sub-Saharan Africa,Lower middle income,2011,,1.34650524218175
SEN,SN,Senegal,Sub-Saharan Africa,Lower middle income,2012,,1.7090973367486
SEN,SN,Senegal,Sub-Saharan Africa,Lower middle income,2013,,4.05329219626871
SEN,SN,Senegal,Sub-Saharan Africa,Lower middle income,2014,,6.95969224016425
SEN,SN,Senegal,Sub-Saharan Africa,Lower middle income,2015,,4.04115044114453
SEN,SN,Senegal,Sub-Saharan Africa,Lower middle income,2016,,4.29827404488885
SEN,SN,Senegal,Sub-Saharan Africa,Lower middle income,2017,,
SEN,SN,Senegal,Sub-Saharan Africa,Lower middle income,2018,,
SEN,SN,Senegal,Sub-Saharan Africa,Lower middle income,2019,,
SEN,SN,Senegal,Sub-Saharan Africa,Lower middle income,2020,,
SEN,SN,Senegal,Sub-Saharan Africa,Lower middle income,2021,,
SEN,SN,Senegal,Sub-Saharan Africa,Lower middle income,2022,,
SEN,SN,Senegal,Sub-Saharan Africa,Lower middle income,2023,,
SEN,SN,Senegal,Sub-Saharan Africa,Lower middle income,2024,,
SGP,SG,Singapore,East Asia & Pacific,High income,2000,,1.89658180389967
SGP,SG,Singapore,East Asia & Pacific,High income,2001,,7.60067410678851
SGP,SG,Singapore,East Asia & Pacific,High income,2002,,6.29924790489969
SGP,SG,Singapore,East Asia & Pacific,High income,2003,,7.23589278336476
SGP,SG,Singapore,East Asia & Pacific,High income,2004,,1.28941695213109
SGP,SG,Singapore,East Asia & Pacific,High income,2005,,3.33607855433956
SGP,SG,Singapore,East Asia & Pacific,High income,2006,,3.40551309237873
SGP,SG,Singapore,East Asia & Pacific,High income,2007,,-0.554042740231563
SGP,SG,Singapore,East Asia & Pacific,High income,2008,1.42549965541006,6.85627872280123
SGP,SG,Singapore,East Asia & Pacific,High income,2009,2.03438434173328,2.35646709404947
SGP,SG,Singapore,East Asia & Pacific,High income,2010,1.40635425755787,4.22538213508497
SGP,SG,Singapore,East Asia & Pacific,High income,2011,1.06045560853893,4.16049084438408
SGP,SG,Singapore,East Asia & Pacific,High income,2012,1.04262808908742,4.86057756338297
SGP,SG,Singapore,East Asia & Pacific,High income,2013,0.866941606339939,5.83621695317835
SGP,SG,Singapore,East Asia & Pacific,High income,2014,0.756532862271537,5.63232355514565
SGP,SG,Singapore,East Asia & Pacific,High income,2015,0.92406290512104,2.21015017142368
SGP,SG,Singapore,East Asia & Pacific,High income,2016,1.22253307180161,4.60380264997622
SGP,SG,Singapore,East Asia & Pacific,High income,2017,1.40020092664899,2.2245050675132
SGP,SG,Singapore,East Asia & Pacific,High income,2018,1.30951785160199,1.50347162588522
SGP,SG,Singapore,East Asia & Pacific,High income,2019,1.30642223339991,5.5952239176712
SGP,SG,Singapore,East Asia & Pacific,High income,2020,,7.61485450331353
SGP,SG,Singapore,East Asia & Pacific,High income,2021,,-5.20690857279518
SGP,SG,Singapore,East Asia & Pacific,High income,2022,,
SGP,SG,Singapore,East Asia & Pacific,High income,2023,,
SGP,SG,Singapore,East Asia & Pacific,High income,2024,,
SLB,SB,Solomon Islands,East Asia & Pacific,Lower middle income,2000,,4.522841966782
SLB,SB,Solomon Islands,East Asia & Pacific,Lower middle income,2001,,0.084615597106754
SLB,SB,Solomon Islands,East Asia & Pacific,Lower middle income,2002,,-1.14945632759871
SLB,SB,Solomon Islands,East Asia & Pacific,Lower middle income,2003,,-12.6196134088731
SLB,SB,Solomon Islands,East Asia & Pacific,Lower middle income,2004,,6.01189733371023
SLB,SB,Solomon Islands,East Asia & Pacific,Lower middle income,2005,,-1.3121828748754
SLB,SB,Solomon Islands,East Asia & Pacific,Lower middle income,2006,,-0.161251153003704
SLB,SB,Solomon Islands,East Asia & Pacific,Lower middle income,2007,,-1.18373967056518
SLB,SB,Solomon Islands,East Asia & Pacific,Lower middle income,2008,,1.47556719860378
SLB,SB,Solomon Islands,East Asia & Pacific,Lower middle income,2009,,5.04791551778151
SLB,SB,Solomon Islands,East Asia & Pacific,Lower middle income,2010,9.27355570762363,12.4707955709345
SLB,SB,Solomon Islands,East Asia & Pacific,Lower middle income,2011,5.72832384196683,8.32323985735787
SLB,SB,Solomon Islands,East Asia & Pacific,Lower middle income,2012,3.57433837836801,6.33158473720289
SLB,SB,Solomon Islands,East Asia & Pacific,Lower middle income,2013,7.02695775360135,8.22871384293824
SLB,SB,Solomon Islands,East Asia & Pacific,Lower middle income,2014,4.68455869216179,6.98276892733726
SLB,SB,Solomon Islands,East Asia & Pacific,Lower middle income,2015,4.13158152400068,6.88937230319503
SLB,SB,Solomon Islands,East Asia & Pacific,Lower middle income,2016,3.8430068325085,9.72181402662967
SLB,SB,Solomon Islands,East Asia & Pacific,Lower middle income,2017,6.36399930775807,7.91382467289631
SLB,SB,Solomon Islands,East Asia & Pacific,Lower middle income,2018,7.11590121991795,2.68045513504386
SLB,SB,Solomon Islands,East Asia & Pacific,Lower middle income,2019,10.4015387469366,9.23985700270919
SLB,SB,Solomon Islands,East Asia & Pacific,Lower middle income,2020,10.7374556115609,12.1695862397776
SLB,SB,Solomon Islands,East Asia & Pacific,Lower middle income,2021,10.4324537749556,5.80449063618866
SLB,SB,Solomon Islands,East Asia & Pacific,Lower middle income,2022,9.50994217337096,
SLB,SB,Solomon Islands,East Asia & Pacific,Lower middle income,2023,9.38547972649274,
SLB,SB,Solomon Islands,East Asia & Pacific,Lower middle income,2024,11.5562977075058,
SLE,SL,Sierra Leone,Sub-Saharan Africa,Low income,2000,,22.2391610621372
SLE,SL,Sierra Leone,Sub-Saharan Africa,Low income,2001,,-53.6416318640629
SLE,SL,Sierra Leone,Sub-Saharan Africa,Low income,2002,,27.1697353429059
SLE,SL,Sierra Leone,Sub-Saharan Africa,Low income,2003,,6.0092345188854
SLE,SL,Sierra Leone,Sub-Saharan Africa,Low income,2004,,8.20452895821371
SLE,SL,Sierra Leone,Sub-Saharan Africa,Low income,2005,,6.83232335242084
SLE,SL,Sierra Leone,Sub-Saharan Africa,Low income,2006,,-1.61593859436763
SLE,SL,Sierra Leone,Sub-Saharan Africa,Low income,2007,,15.5971121120359
SLE,SL,Sierra Leone,Sub-Saharan Africa,Low income,2008,,12.9304090681647
SLE,SL,Sierra Leone,Sub-Saharan Africa,Low income,2009,,14.8809281715439
SLE,SL,Sierra Leone,Sub-Saharan Africa,Low income,2010,,1.78544856072434
SLE,SL,Sierra Leone,Sub-Saharan Africa,Low income,2011,,4.90490445164439
SLE,SL,Sierra Leone,Sub-Saharan Africa,Low income,2012,,6.03843344025308
SLE,SL,Sierra Leone,Sub-Saharan Africa,Low income,2013,,13.4613433470703
SLE,SL,Sierra Leone,Sub-Saharan Africa,Low income,2014,,2.90125082818672
SLE,SL,Sierra Leone,Sub-Saharan Africa,Low income,2015,,14.5895088870658
SLE,SL,Sierra Leone,Sub-Saharan Africa,Low income,2016,,11.3760797652545
SLE,SL,Sierra Leone,Sub-Saharan Africa,Low income,2017,,7.59034035979518
SLE,SL,Sierra Leone,Sub-Saharan Africa,Low income,2018,,-0.0509091204627795
SLE,SL,Sierra Leone,Sub-Saharan Africa,Low income,2019,,7.32478787177938
SLE,SL,Sierra Leone,Sub-Saharan Africa,Low income,2020,,4.11950604140505
SLE,SL,Sierra Leone,Sub-Saharan Africa,Low income,2021,,10.6044093150569
SLE,SL,Sierra Leone,Sub-Saharan Africa,Low income,2022,,-6.02100909004331
SLE,SL,Sierra Leone,Sub-Saharan Africa,Low income,2023,,-7.44317106929368
SLE,SL,Sierra Leone,Sub-Saharan Africa,Low income,2024,,9.17059747357436
SLV,SV,El Salvador,Latin America & Caribbean,Upper middle income,2000,,
SLV,SV,El Salvador,Latin America & Caribbean,Upper middle income,2001,,
SLV,SV,El Salvador,Latin America & Caribbean,Upper middle income,2002,,
SLV,SV,El Salvador,Latin America & Caribbean,Upper middle income,2003,,
SLV,SV,El Salvador,Latin America & Caribbean,Upper middle income,2004,,
SLV,SV,El Salvador,Latin America & Caribbean,Upper middle income,2005,,
SLV,SV,El Salvador,Latin America & Caribbean,Upper middle income,2006,,
SLV,SV,El Salvador,Latin America & Caribbean,Upper middle income,2007,,
SLV,SV,El Salvador,Latin America & Caribbean,Upper middle income,2008,2.73861425286399,
SLV,SV,El Salvador,Latin America & Caribbean,Upper middle income,2009,3.59769335441226,
SLV,SV,El Salvador,Latin America & Caribbean,Upper middle income,2010,3.82773614018999,
SLV,SV,El Salvador,Latin America & Caribbean,Upper middle income,2011,3.44620551979269,
SLV,SV,El Salvador,Latin America & Caribbean,Upper middle income,2012,2.82635637565409,
SLV,SV,El Salvador,Latin America & Caribbean,Upper middle income,2013,2.29198045695359,
SLV,SV,El Salvador,Latin America & Caribbean,Upper middle income,2014,2.30744934932199,
SLV,SV,El Salvador,Latin America & Caribbean,Upper middle income,2015,2.2540984821962,
SLV,SV,El Salvador,Latin America & Caribbean,Upper middle income,2016,1.9684661443707,
SLV,SV,El Salvador,Latin America & Caribbean,Upper middle income,2017,1.89419432594822,
SLV,SV,El Salvador,Latin America & Caribbean,Upper middle income,2018,1.84617175476304,
SLV,SV,El Salvador,Latin America & Caribbean,Upper middle income,2019,1.72062907242908,
SLV,SV,El Salvador,Latin America & Caribbean,Upper middle income,2020,1.5706679061413,
SLV,SV,El Salvador,Latin America & Caribbean,Upper middle income,2021,1.82876964140841,
SLV,SV,El Salvador,Latin America & Caribbean,Upper middle income,2022,1.80255600088238,
SLV,SV,El Salvador,Latin America & Caribbean,Upper middle income,2023,1.77470500100184,
SLV,SV,El Salvador,Latin America & Caribbean,Upper middle income,2024,1.70975218161488,
SMR,SM,San Marino,Europe & Central Asia,High income,2000,,
SMR,SM,San Marino,Europe & Central Asia,High income,2001,,5.25446817333611
SMR,SM,San Marino,Europe & Central Asia,High income,2002,,5.43354491416219
SMR,SM,San Marino,Europe & Central Asia,High income,2003,,4.91516080000574
SMR,SM,San Marino,Europe & Central Asia,High income,2004,,5.02555920300189
SMR,SM,San Marino,Europe & Central Asia,High income,2005,,5.41677960057061
SMR,SM,San Marino,Europe & Central Asia,High income,2006,,4.60461275476661
SMR,SM,San Marino,Europe & Central Asia,High income,2007,,9.74713782696176
SMR,SM,San Marino,Europe & Central Asia,High income,2008,,4.92116432068544
SMR,SM,San Marino,Europe & Central Asia,High income,2009,6.9026825183015,4.69619007577433
SMR,SM,San Marino,Europe & Central Asia,High income,2010,11.9223384451581,3.89641170579727
SMR,SM,San Marino,Europe & Central Asia,High income,2011,34.5595714508245,5.75850760708114
SMR,SM,San Marino,Europe & Central Asia,High income,2012,20.3323421684588,3.255870775973
SMR,SM,San Marino,Europe & Central Asia,High income,2013,42.3009858312382,4.5314181007046
SMR,SM,San Marino,Europe & Central Asia,High income,2014,43.1158491357151,5.69907157808861
SMR,SM,San Marino,Europe & Central Asia,High income,2015,49.1057251543942,3.25649871848444
SMR,SM,San Marino,Europe & Central Asia,High income,2016,47.0769880777697,1.68300891879849
SMR,SM,San Marino,Europe & Central Asia,High income,2017,51.6024118815224,2.2833789668577
SMR,SM,San Marino,Europe & Central Asia,High income,2018,50.6671225487337,2.05632711604847
SMR,SM,San Marino,Europe & Central Asia,High income,2019,58.9301560480268,3.04307974763864
SMR,SM,San Marino,Europe & Central Asia,High income,2020,61.1160411121776,3.37769402421743
SMR,SM,San Marino,Europe & Central Asia,High income,2021,58.9618327392133,1.66028879863523
SMR,SM,San Marino,Europe & Central Asia,High income,2022,53.136388835916,1.0095161247537
SMR,SM,San Marino,Europe & Central Asia,High income,2023,21.0458157340059,-1.60290544493976
SMR,SM,San Marino,Europe & Central Asia,High income,2024,16.8682350087403,
SOM,SO,"Somalia, Fed. Rep.",Sub-Saharan Africa,Low income,2000,,
SOM,SO,"Somalia, Fed. Rep.",Sub-Saharan Africa,Low income,2001,,
SOM,SO,"Somalia, Fed. Rep.",Sub-Saharan Africa,Low income,2002,,
SOM,SO,"Somalia, Fed. Rep.",Sub-Saharan Africa,Low income,2003,,
SOM,SO,"Somalia, Fed. Rep.",Sub-Saharan Africa,Low income,2004,,
SOM,SO,"Somalia, Fed. Rep.",Sub-Saharan Africa,Low income,2005,,
SOM,SO,"Somalia, Fed. Rep.",Sub-Saharan Africa,Low income,2006,,
SOM,SO,"Somalia, Fed. Rep.",Sub-Saharan Africa,Low income,2007,,
SOM,SO,"Somalia, Fed. Rep.",Sub-Saharan Africa,Low income,2008,,
SOM,SO,"Somalia, Fed. Rep.",Sub-Saharan Africa,Low income,2009,,
SOM,SO,"Somalia, Fed. Rep.",Sub-Saharan Africa,Low income,2010,,
SOM,SO,"Somalia, Fed. Rep.",Sub-Saharan Africa,Low income,2011,,
SOM,SO,"Somalia, Fed. Rep.",Sub-Saharan Africa,Low income,2012,,
SOM,SO,"Somalia, Fed. Rep.",Sub-Saharan Africa,Low income,2013,,
SOM,SO,"Somalia, Fed. Rep.",Sub-Saharan Africa,Low income,2014,,
SOM,SO,"Somalia, Fed. Rep.",Sub-Saharan Africa,Low income,2015,,
SOM,SO,"Somalia, Fed. Rep.",Sub-Saharan Africa,Low income,2016,,
SOM,SO,"Somalia, Fed. Rep.",Sub-Saharan Africa,Low income,2017,,
SOM,SO,"Somalia, Fed. Rep.",Sub-Saharan Africa,Low income,2018,1.64952305586339,
SOM,SO,"Somalia, Fed. Rep.",Sub-Saharan Africa,Low income,2019,4.23573281598442,
SOM,SO,"Somalia, Fed. Rep.",Sub-Saharan Africa,Low income,2020,3.47079434250694,
SOM,SO,"Somalia, Fed. Rep.",Sub-Saharan Africa,Low income,2021,2.32250827107724,
SOM,SO,"Somalia, Fed. Rep.",Sub-Saharan Africa,Low income,2022,1.76552816050369,
SOM,SO,"Somalia, Fed. Rep.",Sub-Saharan Africa,Low income,2023,2.26632125393185,
SOM,SO,"Somalia, Fed. Rep.",Sub-Saharan Africa,Low income,2024,2.69173727183634,
SRB,RS,Serbia,Europe & Central Asia,Upper middle income,2000,,-0.289231056562629
SRB,RS,Serbia,Europe & Central Asia,Upper middle income,2001,,-24.6006317373923
SRB,RS,Serbia,Europe & Central Asia,Upper middle income,2002,,-13.284827262201
SRB,RS,Serbia,Europe & Central Asia,Upper middle income,2003,,-8.8342114842979
SRB,RS,Serbia,Europe & Central Asia,Upper middle income,2004,,-4.32328213710444
SRB,RS,Serbia,Europe & Central Asia,Upper middle income,2005,,-9.11898776085567
SRB,RS,Serbia,Europe & Central Asia,Upper middle income,2006,,-7.66309734779764
SRB,RS,Serbia,Europe & Central Asia,Upper middle income,2007,,-4.0781819072808
SRB,RS,Serbia,Europe & Central Asia,Upper middle income,2008,,-3.16572572269858
SRB,RS,Serbia,Europe & Central Asia,Upper middle income,2009,,-1.44446465861948
SRB,RS,Serbia,Europe & Central Asia,Upper middle income,2010,,-0.182390992803134
SRB,RS,Serbia,Europe & Central Asia,Upper middle income,2011,,
SRB,RS,Serbia,Europe & Central Asia,Upper middle income,2012,,
SRB,RS,Serbia,Europe & Central Asia,Upper middle income,2013,,
SRB,RS,Serbia,Europe & Central Asia,Upper middle income,2014,,
SRB,RS,Serbia,Europe & Central Asia,Upper middle income,2015,,
SRB,RS,Serbia,Europe & Central Asia,Upper middle income,2016,,
SRB,RS,Serbia,Europe & Central Asia,Upper middle income,2017,,
SRB,RS,Serbia,Europe & Central Asia,Upper middle income,2018,,
SRB,RS,Serbia,Europe & Central Asia,Upper middle income,2019,,
SRB,RS,Serbia,Europe & Central Asia,Upper middle income,2020,,
SRB,RS,Serbia,Europe & Central Asia,Upper middle income,2021,,
SRB,RS,Serbia,Europe & Central Asia,Upper middle income,2022,,
SRB,RS,Serbia,Europe & Central Asia,Upper middle income,2023,,
SRB,RS,Serbia,Europe & Central Asia,Upper middle income,2024,,
SSD,SS,South Sudan,Sub-Saharan Africa,Low income,2000,,
SSD,SS,South Sudan,Sub-Saharan Africa,Low income,2001,,
SSD,SS,South Sudan,Sub-Saharan Africa,Low income,2002,,
SSD,SS,South Sudan,Sub-Saharan Africa,Low income,2003,,
SSD,SS,South Sudan,Sub-Saharan Africa,Low income,2004,,
SSD,SS,South Sudan,Sub-Saharan Africa,Low income,2005,,
SSD,SS,South Sudan,Sub-Saharan Africa,Low income,2006,,
SSD,SS,South Sudan,Sub-Saharan Africa,Low income,2007,,
SSD,SS,South Sudan,Sub-Saharan Africa,Low income,2008,,
SSD,SS,South Sudan,Sub-Saharan Africa,Low income,2009,,
SSD,SS,South Sudan,Sub-Saharan Africa,Low income,2010,,
SSD,SS,South Sudan,Sub-Saharan Africa,Low income,2011,,
SSD,SS,South Sudan,Sub-Saharan Africa,Low income,2012,,-23.5358140539176
SSD,SS,South Sudan,Sub-Saharan Africa,Low income,2013,,-16.810250338827
SSD,SS,South Sudan,Sub-Saharan Africa,Low income,2014,,61.8826038964822
SSD,SS,South Sudan,Sub-Saharan Africa,Low income,2015,,-3.32140405501117
SSD,SS,South Sudan,Sub-Saharan Africa,Low income,2016,,-33.0091896068993
SSD,SS,South Sudan,Sub-Saharan Africa,Low income,2017,,-77.5612801177758
SSD,SS,South Sudan,Sub-Saharan Africa,Low income,2018,,-27.287868332326
SSD,SS,South Sudan,Sub-Saharan Africa,Low income,2019,,-25.0979573292195
SSD,SS,South Sudan,Sub-Saharan Africa,Low income,2020,,14.5513067368722
SSD,SS,South Sudan,Sub-Saharan Africa,Low income,2021,,-8.15352860472585
SSD,SS,South Sudan,Sub-Saharan Africa,Low income,2022,,-52.1437574773198
SSD,SS,South Sudan,Sub-Saharan Africa,Low income,2023,,-52.939081999706
SSD,SS,South Sudan,Sub-Saharan Africa,Low income,2024,,-37.712313690012
STP,ST,Sao Tome and Principe,Sub-Saharan Africa,Lower middle income,2000,,
STP,ST,Sao Tome and Principe,Sub-Saharan Africa,Lower middle income,2001,,27.8170207148015
STP,ST,Sao Tome and Principe,Sub-Saharan Africa,Lower middle income,2002,,23.2272770603297
STP,ST,Sao Tome and Principe,Sub-Saharan Africa,Lower middle income,2003,,13.8354095180784
STP,ST,Sao Tome and Principe,Sub-Saharan Africa,Lower middle income,2004,,13.0013443500073
STP,ST,Sao Tome and Principe,Sub-Saharan Africa,Lower middle income,2005,,10.1645326949413
STP,ST,Sao Tome and Principe,Sub-Saharan Africa,Lower middle income,2006,,14.0966258420469
STP,ST,Sao Tome and Principe,Sub-Saharan Africa,Lower middle income,2007,,20.800073962812
STP,ST,Sao Tome and Principe,Sub-Saharan Africa,Lower middle income,2008,,2.77246065203271
STP,ST,Sao Tome and Principe,Sub-Saharan Africa,Lower middle income,2009,,15.0543926204021
STP,ST,Sao Tome and Principe,Sub-Saharan Africa,Lower middle income,2010,,20.4829446153416
STP,ST,Sao Tome and Principe,Sub-Saharan Africa,Lower middle income,2011,,13.6722774884172
STP,ST,Sao Tome and Principe,Sub-Saharan Africa,Lower middle income,2012,,18.5035274816135
STP,ST,Sao Tome and Principe,Sub-Saharan Africa,Lower middle income,2013,,17.4655848290726
STP,ST,Sao Tome and Principe,Sub-Saharan Africa,Lower middle income,2014,,17.7325784601536
STP,ST,Sao Tome and Principe,Sub-Saharan Africa,Lower middle income,2015,,17.9918383362066
STP,ST,Sao Tome and Principe,Sub-Saharan Africa,Lower middle income,2016,,11.7058588629551
STP,ST,Sao Tome and Principe,Sub-Saharan Africa,Lower middle income,2017,,14.9235627408156
STP,ST,Sao Tome and Principe,Sub-Saharan Africa,Lower middle income,2018,,10.0569194152027
STP,ST,Sao Tome and Principe,Sub-Saharan Africa,Lower middle income,2019,,7.00821885926806
STP,ST,Sao Tome and Principe,Sub-Saharan Africa,Lower middle income,2020,,8.74845910044102
STP,ST,Sao Tome and Principe,Sub-Saharan Africa,Lower middle income,2021,,12.6679354868288
STP,ST,Sao Tome and Principe,Sub-Saharan Africa,Lower middle income,2022,,1.83413870367723
STP,ST,Sao Tome and Principe,Sub-Saharan Africa,Lower middle income,2023,,-4.79367923098626
STP,ST,Sao Tome and Principe,Sub-Saharan Africa,Lower middle income,2024,10.0215704099397,0.146022911303171
SUR,SR,Suriname,Latin America & Caribbean,Upper middle income,2000,,-19.7475825715864
SUR,SR,Suriname,Latin America & Caribbean,Upper middle income,2001,,-9.89407700981861
SUR,SR,Suriname,Latin America & Caribbean,Upper middle income,2002,,-11.1091919583685
SUR,SR,Suriname,Latin America & Caribbean,Upper middle income,2003,,-0.227758122513367
SUR,SR,Suriname,Latin America & Caribbean,Upper middle income,2004,,6.73863741041776
SUR,SR,Suriname,Latin America & Caribbean,Upper middle income,2005,,1.60999747937889
SUR,SR,Suriname,Latin America & Caribbean,Upper middle income,2006,,-16.8261723542529
SUR,SR,Suriname,Latin America & Caribbean,Upper middle income,2007,,6.89823963534924
SUR,SR,Suriname,Latin America & Caribbean,Upper middle income,2008,,-2.87492239735718
SUR,SR,Suriname,Latin America & Caribbean,Upper middle income,2009,,4.85180307175705
SUR,SR,Suriname,Latin America & Caribbean,Upper middle income,2010,,4.09900197173047
SUR,SR,Suriname,Latin America & Caribbean,Upper middle income,2011,,-1.82998633360082
SUR,SR,Suriname,Latin America & Caribbean,Upper middle income,2012,,0.908894422312221
SUR,SR,Suriname,Latin America & Caribbean,Upper middle income,2013,,11.5552221319596
SUR,SR,Suriname,Latin America & Caribbean,Upper middle income,2014,,10.532838957218
SUR,SR,Suriname,Latin America & Caribbean,Upper middle income,2015,,7.40270503379033
SUR,SR,Suriname,Latin America & Caribbean,Upper middle income,2016,,-8.53234849128659
SUR,SR,Suriname,Latin America & Caribbean,Upper middle income,2017,,-10.7066949477175
SUR,SR,Suriname,Latin America & Caribbean,Upper middle income,2018,,8.17572653651775
SUR,SR,Suriname,Latin America & Caribbean,Upper middle income,2019,,9.30349148093913
SUR,SR,Suriname,Latin America & Caribbean,Upper middle income,2020,,-20.948951476167
SUR,SR,Suriname,Latin America & Caribbean,Upper middle income,2021,,-29.1137816722331
SUR,SR,Suriname,Latin America & Caribbean,Upper middle income,2022,,-23.205748142401
SUR,SR,Suriname,Latin America & Caribbean,Upper middle income,2023,,-14.2202606657982
SUR,SR,Suriname,Latin America & Caribbean,Upper middle income,2024,,1.75968126918459
SVK,SK,Slovak Republic,Europe & Central Asia,High income,2000,,
SVK,SK,Slovak Republic,Europe & Central Asia,High income,2001,,
SVK,SK,Slovak Republic,Europe & Central Asia,High income,2002,,
SVK,SK,Slovak Republic,Europe & Central Asia,High income,2003,,
SVK,SK,Slovak Republic,Europe & Central Asia,High income,2004,,
SVK,SK,Slovak Republic,Europe & Central Asia,High income,2005,5.03102650551527,
SVK,SK,Slovak Republic,Europe & Central Asia,High income,2006,,
SVK,SK,Slovak Republic,Europe & Central Asia,High income,2007,,
SVK,SK,Slovak Republic,Europe & Central Asia,High income,2008,2.32821565494644,
SVK,SK,Slovak Republic,Europe & Central Asia,High income,2009,4.7879499759385,
SVK,SK,Slovak Republic,Europe & Central Asia,High income,2010,5.36854918034667,
SVK,SK,Slovak Republic,Europe & Central Asia,High income,2011,5.30571463582037,
SVK,SK,Slovak Republic,Europe & Central Asia,High income,2012,5.15691742164664,
SVK,SK,Slovak Republic,Europe & Central Asia,High income,2013,5.15521654499404,
SVK,SK,Slovak Republic,Europe & Central Asia,High income,2014,5.2026408246472,
SVK,SK,Slovak Republic,Europe & Central Asia,High income,2015,4.70929220260797,
SVK,SK,Slovak Republic,Europe & Central Asia,High income,2016,4.34557691876759,
SVK,SK,Slovak Republic,Europe & Central Asia,High income,2017,3.62697846954924,
SVK,SK,Slovak Republic,Europe & Central Asia,High income,2018,3.11539804225055,
SVK,SK,Slovak Republic,Europe & Central Asia,High income,2019,2.95897371585083,
SVK,SK,Slovak Republic,Europe & Central Asia,High income,2020,2.56788614282869,
SVK,SK,Slovak Republic,Europe & Central Asia,High income,2021,2.1170420643996,
SVK,SK,Slovak Republic,Europe & Central Asia,High income,2022,1.85551077468373,
SVK,SK,Slovak Republic,Europe & Central Asia,High income,2023,1.99250796599292,
SVK,SK,Slovak Republic,Europe & Central Asia,High income,2024,1.92175510012188,
SVN,SI,Slovenia,Europe & Central Asia,High income,2000,,
SVN,SI,Slovenia,Europe & Central Asia,High income,2001,,
SVN,SI,Slovenia,Europe & Central Asia,High income,2002,,
SVN,SI,Slovenia,Europe & Central Asia,High income,2003,,
SVN,SI,Slovenia,Europe & Central Asia,High income,2004,,
SVN,SI,Slovenia,Europe & Central Asia,High income,2005,,
SVN,SI,Slovenia,Europe & Central Asia,High income,2006,,
SVN,SI,Slovenia,Europe & Central Asia,High income,2007,,
SVN,SI,Slovenia,Europe & Central Asia,High income,2008,4.21574658021237,
SVN,SI,Slovenia,Europe & Central Asia,High income,2009,5.79123054219475,
SVN,SI,Slovenia,Europe & Central Asia,High income,2010,8.21418388709017,
SVN,SI,Slovenia,Europe & Central Asia,High income,2011,11.8140213880629,
SVN,SI,Slovenia,Europe & Central Asia,High income,2012,15.1800772229365,
SVN,SI,Slovenia,Europe & Central Asia,High income,2013,13.3118940728928,
SVN,SI,Slovenia,Europe & Central Asia,High income,2014,11.7319347333408,
SVN,SI,Slovenia,Europe & Central Asia,High income,2015,9.96211515631996,
SVN,SI,Slovenia,Europe & Central Asia,High income,2016,5.07141393661737,
SVN,SI,Slovenia,Europe & Central Asia,High income,2017,3.20363588164703,
SVN,SI,Slovenia,Europe & Central Asia,High income,2018,6.00921749143581,
SVN,SI,Slovenia,Europe & Central Asia,High income,2019,3.364772691154,
SVN,SI,Slovenia,Europe & Central Asia,High income,2020,3.01762967051171,
SVN,SI,Slovenia,Europe & Central Asia,High income,2021,2.0551823830108,
SVN,SI,Slovenia,Europe & Central Asia,High income,2022,1.75022880209529,
SVN,SI,Slovenia,Europe & Central Asia,High income,2023,1.5154631696917,
SVN,SI,Slovenia,Europe & Central Asia,High income,2024,1.64627596187691,
SWE,SE,Sweden,Europe & Central Asia,High income,2000,,4.13542710004244
SWE,SE,Sweden,Europe & Central Asia,High income,2001,,3.06097434931146
SWE,SE,Sweden,Europe & Central Asia,High income,2002,,4.10242132523834
SWE,SE,Sweden,Europe & Central Asia,High income,2003,,3.11216223245068
SWE,SE,Sweden,Europe & Central Asia,High income,2004,,3.75233788796579
SWE,SE,Sweden,Europe & Central Asia,High income,2005,,2.7465308895004
SWE,SE,Sweden,Europe & Central Asia,High income,2006,,1.89888281128576
SWE,SE,Sweden,Europe & Central Asia,High income,2007,,
SWE,SE,Sweden,Europe & Central Asia,High income,2008,,
SWE,SE,Sweden,Europe & Central Asia,High income,2009,,
SWE,SE,Sweden,Europe & Central Asia,High income,2010,,
SWE,SE,Sweden,Europe & Central Asia,High income,2011,,
SWE,SE,Sweden,Europe & Central Asia,High income,2012,,
SWE,SE,Sweden,Europe & Central Asia,High income,2013,,
SWE,SE,Sweden,Europe & Central Asia,High income,2014,,
SWE,SE,Sweden,Europe & Central Asia,High income,2015,,
SWE,SE,Sweden,Europe & Central Asia,High income,2016,1.06459067890898,
SWE,SE,Sweden,Europe & Central Asia,High income,2017,1.11978084734838,
SWE,SE,Sweden,Europe & Central Asia,High income,2018,0.494908669779694,
SWE,SE,Sweden,Europe & Central Asia,High income,2019,0.581325196187855,
SWE,SE,Sweden,Europe & Central Asia,High income,2020,0.513361451406936,
SWE,SE,Sweden,Europe & Central Asia,High income,2021,0.417650657609338,
SWE,SE,Sweden,Europe & Central Asia,High income,2022,0.304298366340019,
SWE,SE,Sweden,Europe & Central Asia,High income,2023,0.381163170019899,
SWE,SE,Sweden,Europe & Central Asia,High income,2024,0.506332050543119,
SWZ,SZ,Eswatini,Sub-Saharan Africa,Lower middle income,2000,,-6.85597508820444
SWZ,SZ,Eswatini,Sub-Saharan Africa,Lower middle income,2001,,4.54928315622834
SWZ,SZ,Eswatini,Sub-Saharan Africa,Lower middle income,2002,,5.63469239607446
SWZ,SZ,Eswatini,Sub-Saharan Africa,Lower middle income,2003,,8.27160299374849
SWZ,SZ,Eswatini,Sub-Saharan Africa,Lower middle income,2004,,7.10871400720548
SWZ,SZ,Eswatini,Sub-Saharan Africa,Lower middle income,2005,,4.20066562206563
SWZ,SZ,Eswatini,Sub-Saharan Africa,Lower middle income,2006,,7.35710117439768
SWZ,SZ,Eswatini,Sub-Saharan Africa,Lower middle income,2007,,7.58214123508388
SWZ,SZ,Eswatini,Sub-Saharan Africa,Lower middle income,2008,,4.10805404758412
SWZ,SZ,Eswatini,Sub-Saharan Africa,Lower middle income,2009,5.86910175632252,1.10032841252271
SWZ,SZ,Eswatini,Sub-Saharan Africa,Lower middle income,2010,7.8074135254831,6.61543065324206
SWZ,SZ,Eswatini,Sub-Saharan Africa,Lower middle income,2011,3.5272700795754,3.34055508625505
SWZ,SZ,Eswatini,Sub-Saharan Africa,Lower middle income,2012,10.6707564994314,-0.409171349306797
SWZ,SZ,Eswatini,Sub-Saharan Africa,Lower middle income,2013,6.79342240618838,2.1580910700119
SWZ,SZ,Eswatini,Sub-Saharan Africa,Lower middle income,2014,6.87068790595697,2.73086149979964
SWZ,SZ,Eswatini,Sub-Saharan Africa,Lower middle income,2015,6.63027167224261,3.52904994199219
SWZ,SZ,Eswatini,Sub-Saharan Africa,Lower middle income,2016,9.62105068496717,3.26450637974075
SWZ,SZ,Eswatini,Sub-Saharan Africa,Lower middle income,2017,7.91683451676682,5.5316562022321
SWZ,SZ,Eswatini,Sub-Saharan Africa,Lower middle income,2018,9.3155186631086,6.79501144097576
SWZ,SZ,Eswatini,Sub-Saharan Africa,Lower middle income,2019,9.4459371017568,8.00268068430049
SWZ,SZ,Eswatini,Sub-Saharan Africa,Lower middle income,2020,5.38253524565833,2.65609708937312
SWZ,SZ,Eswatini,Sub-Saharan Africa,Lower middle income,2021,9.55164658087609,7.12781245477293
SWZ,SZ,Eswatini,Sub-Saharan Africa,Lower middle income,2022,6.65323861949401,-0.338623363428756
SWZ,SZ,Eswatini,Sub-Saharan Africa,Lower middle income,2023,6.86940333741661,4.50681426827475
SWZ,SZ,Eswatini,Sub-Saharan Africa,Lower middle income,2024,7.58748394715965,9.45401809440188
SXM,SX,Sint Maarten (Dutch part),Latin America & Caribbean,High income,2000,,
SXM,SX,Sint Maarten (Dutch part),Latin America & Caribbean,High income,2001,,
SXM,SX,Sint Maarten (Dutch part),Latin America & Caribbean,High income,2002,,
SXM,SX,Sint Maarten (Dutch part),Latin America & Caribbean,High income,2003,,
SXM,SX,Sint Maarten (Dutch part),Latin America & Caribbean,High income,2004,,
SXM,SX,Sint Maarten (Dutch part),Latin America & Caribbean,High income,2005,,
SXM,SX,Sint Maarten (Dutch part),Latin America & Caribbean,High income,2006,,
SXM,SX,Sint Maarten (Dutch part),Latin America & Caribbean,High income,2007,,
SXM,SX,Sint Maarten (Dutch part),Latin America & Caribbean,High income,2008,,
SXM,SX,Sint Maarten (Dutch part),Latin America & Caribbean,High income,2009,,
SXM,SX,Sint Maarten (Dutch part),Latin America & Caribbean,High income,2010,,
SXM,SX,Sint Maarten (Dutch part),Latin America & Caribbean,High income,2011,,
SXM,SX,Sint Maarten (Dutch part),Latin America & Caribbean,High income,2012,,
SXM,SX,Sint Maarten (Dutch part),Latin America & Caribbean,High income,2013,,
SXM,SX,Sint Maarten (Dutch part),Latin America & Caribbean,High income,2014,,
SXM,SX,Sint Maarten (Dutch part),Latin America & Caribbean,High income,2015,,
SXM,SX,Sint Maarten (Dutch part),Latin America & Caribbean,High income,2016,,
SXM,SX,Sint Maarten (Dutch part),Latin America & Caribbean,High income,2017,,
SXM,SX,Sint Maarten (Dutch part),Latin America & Caribbean,High income,2018,13.8929146756362,
SXM,SX,Sint Maarten (Dutch part),Latin America & Caribbean,High income,2019,9.9788285195452,
SXM,SX,Sint Maarten (Dutch part),Latin America & Caribbean,High income,2020,12.3138019402199,
SXM,SX,Sint Maarten (Dutch part),Latin America & Caribbean,High income,2021,9.97782479266266,
SXM,SX,Sint Maarten (Dutch part),Latin America & Caribbean,High income,2022,11.2029122250993,
SXM,SX,Sint Maarten (Dutch part),Latin America & Caribbean,High income,2023,,
SXM,SX,Sint Maarten (Dutch part),Latin America & Caribbean,High income,2024,,
SYC,SC,Seychelles,Sub-Saharan Africa,High income,2000,,9.36777543838295
SYC,SC,Seychelles,Sub-Saharan Africa,High income,2001,,4.20941635223287
SYC,SC,Seychelles,Sub-Saharan Africa,High income,2002,,6.73116415705108
SYC,SC,Seychelles,Sub-Saharan Africa,High income,2003,,4.40696526702378
SYC,SC,Seychelles,Sub-Saharan Africa,High income,2004,,-11.77667823764
SYC,SC,Seychelles,Sub-Saharan Africa,High income,2005,,9.26788153726261
SYC,SC,Seychelles,Sub-Saharan Africa,High income,2006,,8.48523589021172
SYC,SC,Seychelles,Sub-Saharan Africa,High income,2007,,-0.167198865482365
SYC,SC,Seychelles,Sub-Saharan Africa,High income,2008,,-15.2498348420001
SYC,SC,Seychelles,Sub-Saharan Africa,High income,2009,,-10.0128845071919
SYC,SC,Seychelles,Sub-Saharan Africa,High income,2010,5.46606365904674,15.1433555494509
SYC,SC,Seychelles,Sub-Saharan Africa,High income,2011,8.12277931492634,10.018913655974
SYC,SC,Seychelles,Sub-Saharan Africa,High income,2012,9.00887174900835,1.58814290435949
SYC,SC,Seychelles,Sub-Saharan Africa,High income,2013,9.22005332216967,6.29173455144142
SYC,SC,Seychelles,Sub-Saharan Africa,High income,2014,7.98987998096582,4.8971241665697
SYC,SC,Seychelles,Sub-Saharan Africa,High income,2015,7.58752425543803,13.4967846311865
SYC,SC,Seychelles,Sub-Saharan Africa,High income,2016,6.56670348327213,14.9962310759697
SYC,SC,Seychelles,Sub-Saharan Africa,High income,2017,6.10831682277961,9.68290886417854
SYC,SC,Seychelles,Sub-Saharan Africa,High income,2018,3.33021344152957,8.56612263200906
SYC,SC,Seychelles,Sub-Saharan Africa,High income,2019,2.6239448827366,12.4616257380224
SYC,SC,Seychelles,Sub-Saharan Africa,High income,2020,3.17929979216732,6.06000448750586
SYC,SC,Seychelles,Sub-Saharan Africa,High income,2021,5.30459954724465,6.23563850072967
SYC,SC,Seychelles,Sub-Saharan Africa,High income,2022,7.39746171563241,5.68468031436967
SYC,SC,Seychelles,Sub-Saharan Africa,High income,2023,7.90395170965171,8.02381180921941
SYC,SC,Seychelles,Sub-Saharan Africa,High income,2024,5.39281336910827,6.6838541510451
SYR,SY,Syrian Arab Republic,"Middle East, North Africa, Afghanistan & Pakistan",Low income,2000,,
SYR,SY,Syrian Arab Republic,"Middle East, North Africa, Afghanistan & Pakistan",Low income,2001,,
SYR,SY,Syrian Arab Republic,"Middle East, North Africa, Afghanistan & Pakistan",Low income,2002,,
SYR,SY,Syrian Arab Republic,"Middle East, North Africa, Afghanistan & Pakistan",Low income,2003,,
SYR,SY,Syrian Arab Republic,"Middle East, North Africa, Afghanistan & Pakistan",Low income,2004,,
SYR,SY,Syrian Arab Republic,"Middle East, North Africa, Afghanistan & Pakistan",Low income,2005,,
SYR,SY,Syrian Arab Republic,"Middle East, North Africa, Afghanistan & Pakistan",Low income,2006,,
SYR,SY,Syrian Arab Republic,"Middle East, North Africa, Afghanistan & Pakistan",Low income,2007,,
SYR,SY,Syrian Arab Republic,"Middle East, North Africa, Afghanistan & Pakistan",Low income,2008,,
SYR,SY,Syrian Arab Republic,"Middle East, North Africa, Afghanistan & Pakistan",Low income,2009,,
SYR,SY,Syrian Arab Republic,"Middle East, North Africa, Afghanistan & Pakistan",Low income,2010,,
SYR,SY,Syrian Arab Republic,"Middle East, North Africa, Afghanistan & Pakistan",Low income,2011,,
SYR,SY,Syrian Arab Republic,"Middle East, North Africa, Afghanistan & Pakistan",Low income,2012,,
SYR,SY,Syrian Arab Republic,"Middle East, North Africa, Afghanistan & Pakistan",Low income,2013,,
SYR,SY,Syrian Arab Republic,"Middle East, North Africa, Afghanistan & Pakistan",Low income,2014,,
SYR,SY,Syrian Arab Republic,"Middle East, North Africa, Afghanistan & Pakistan",Low income,2015,,
SYR,SY,Syrian Arab Republic,"Middle East, North Africa, Afghanistan & Pakistan",Low income,2016,,
SYR,SY,Syrian Arab Republic,"Middle East, North Africa, Afghanistan & Pakistan",Low income,2017,,
SYR,SY,Syrian Arab Republic,"Middle East, North Africa, Afghanistan & Pakistan",Low income,2018,,
SYR,SY,Syrian Arab Republic,"Middle East, North Africa, Afghanistan & Pakistan",Low income,2019,,
SYR,SY,Syrian Arab Republic,"Middle East, North Africa, Afghanistan & Pakistan",Low income,2020,,
SYR,SY,Syrian Arab Republic,"Middle East, North Africa, Afghanistan & Pakistan",Low income,2021,,
SYR,SY,Syrian Arab Republic,"Middle East, North Africa, Afghanistan & Pakistan",Low income,2022,,
SYR,SY,Syrian Arab Republic,"Middle East, North Africa, Afghanistan & Pakistan",Low income,2023,,
SYR,SY,Syrian Arab Republic,"Middle East, North Africa, Afghanistan & Pakistan",Low income,2024,,
TCA,TC,Turks and Caicos Islands,Latin America & Caribbean,High income,2000,,
TCA,TC,Turks and Caicos Islands,Latin America & Caribbean,High income,2001,,
TCA,TC,Turks and Caicos Islands,Latin America & Caribbean,High income,2002,,
TCA,TC,Turks and Caicos Islands,Latin America & Caribbean,High income,2003,,
TCA,TC,Turks and Caicos Islands,Latin America & Caribbean,High income,2004,,
TCA,TC,Turks and Caicos Islands,Latin America & Caribbean,High income,2005,,
TCA,TC,Turks and Caicos Islands,Latin America & Caribbean,High income,2006,,
TCA,TC,Turks and Caicos Islands,Latin America & Caribbean,High income,2007,,
TCA,TC,Turks and Caicos Islands,Latin America & Caribbean,High income,2008,,
TCA,TC,Turks and Caicos Islands,Latin America & Caribbean,High income,2009,,
TCA,TC,Turks and Caicos Islands,Latin America & Caribbean,High income,2010,,
TCA,TC,Turks and Caicos Islands,Latin America & Caribbean,High income,2011,,
TCA,TC,Turks and Caicos Islands,Latin America & Caribbean,High income,2012,,
TCA,TC,Turks and Caicos Islands,Latin America & Caribbean,High income,2013,,
TCA,TC,Turks and Caicos Islands,Latin America & Caribbean,High income,2014,,
TCA,TC,Turks and Caicos Islands,Latin America & Caribbean,High income,2015,,
TCA,TC,Turks and Caicos Islands,Latin America & Caribbean,High income,2016,,
TCA,TC,Turks and Caicos Islands,Latin America & Caribbean,High income,2017,,
TCA,TC,Turks and Caicos Islands,Latin America & Caribbean,High income,2018,,
TCA,TC,Turks and Caicos Islands,Latin America & Caribbean,High income,2019,,
TCA,TC,Turks and Caicos Islands,Latin America & Caribbean,High income,2020,,
TCA,TC,Turks and Caicos Islands,Latin America & Caribbean,High income,2021,,
TCA,TC,Turks and Caicos Islands,Latin America & Caribbean,High income,2022,,
TCA,TC,Turks and Caicos Islands,Latin America & Caribbean,High income,2023,,
TCA,TC,Turks and Caicos Islands,Latin America & Caribbean,High income,2024,,
TCD,TD,Chad,Sub-Saharan Africa,Low income,2000,,
TCD,TD,Chad,Sub-Saharan Africa,Low income,2001,,
TCD,TD,Chad,Sub-Saharan Africa,Low income,2002,,
TCD,TD,Chad,Sub-Saharan Africa,Low income,2003,,
TCD,TD,Chad,Sub-Saharan Africa,Low income,2004,,
TCD,TD,Chad,Sub-Saharan Africa,Low income,2005,,
TCD,TD,Chad,Sub-Saharan Africa,Low income,2006,,
TCD,TD,Chad,Sub-Saharan Africa,Low income,2007,,
TCD,TD,Chad,Sub-Saharan Africa,Low income,2008,,
TCD,TD,Chad,Sub-Saharan Africa,Low income,2009,,
TCD,TD,Chad,Sub-Saharan Africa,Low income,2010,9.91927521923457,
TCD,TD,Chad,Sub-Saharan Africa,Low income,2011,7.6476971168983,
TCD,TD,Chad,Sub-Saharan Africa,Low income,2012,7.37392810431258,
TCD,TD,Chad,Sub-Saharan Africa,Low income,2013,9.77718144818641,
TCD,TD,Chad,Sub-Saharan Africa,Low income,2014,11.7377638896695,
TCD,TD,Chad,Sub-Saharan Africa,Low income,2015,18.7635385132862,
TCD,TD,Chad,Sub-Saharan Africa,Low income,2016,22.893831824127,
TCD,TD,Chad,Sub-Saharan Africa,Low income,2017,27.9113491340018,
TCD,TD,Chad,Sub-Saharan Africa,Low income,2018,31.0692826779947,
TCD,TD,Chad,Sub-Saharan Africa,Low income,2019,26.0285295860898,
TCD,TD,Chad,Sub-Saharan Africa,Low income,2020,27.7172963248522,
TCD,TD,Chad,Sub-Saharan Africa,Low income,2021,26.0716487994699,
TCD,TD,Chad,Sub-Saharan Africa,Low income,2022,27.7035489488032,
TCD,TD,Chad,Sub-Saharan Africa,Low income,2023,31.5108722767164,
TCD,TD,Chad,Sub-Saharan Africa,Low income,2024,,
TGO,TG,Togo,Sub-Saharan Africa,Lower middle income,2000,,
TGO,TG,Togo,Sub-Saharan Africa,Lower middle income,2001,,
TGO,TG,Togo,Sub-Saharan Africa,Lower middle income,2002,,
TGO,TG,Togo,Sub-Saharan Africa,Lower middle income,2003,,
TGO,TG,Togo,Sub-Saharan Africa,Lower middle income,2004,,
TGO,TG,Togo,Sub-Saharan Africa,Lower middle income,2005,,2.71985272969826
TGO,TG,Togo,Sub-Saharan Africa,Lower middle income,2006,,5.27225318540164
TGO,TG,Togo,Sub-Saharan Africa,Lower middle income,2007,,-0.202055170376248
TGO,TG,Togo,Sub-Saharan Africa,Lower middle income,2008,,-3.74980031782193
TGO,TG,Togo,Sub-Saharan Africa,Lower middle income,2009,,1.804021576419
TGO,TG,Togo,Sub-Saharan Africa,Lower middle income,2010,,5.21151497265106
TGO,TG,Togo,Sub-Saharan Africa,Lower middle income,2011,,2.36951484385564
TGO,TG,Togo,Sub-Saharan Africa,Lower middle income,2012,,3.23221628610636
TGO,TG,Togo,Sub-Saharan Africa,Lower middle income,2013,,3.54454457364396
TGO,TG,Togo,Sub-Saharan Africa,Lower middle income,2014,,4.83525153938626
TGO,TG,Togo,Sub-Saharan Africa,Lower middle income,2015,,2.88785435794475
TGO,TG,Togo,Sub-Saharan Africa,Lower middle income,2016,,3.78210934053472
TGO,TG,Togo,Sub-Saharan Africa,Lower middle income,2017,,
TGO,TG,Togo,Sub-Saharan Africa,Lower middle income,2018,,
TGO,TG,Togo,Sub-Saharan Africa,Lower middle income,2019,,
TGO,TG,Togo,Sub-Saharan Africa,Lower middle income,2020,,
TGO,TG,Togo,Sub-Saharan Africa,Lower middle income,2021,,
TGO,TG,Togo,Sub-Saharan Africa,Lower middle income,2022,,
TGO,TG,Togo,Sub-Saharan Africa,Lower middle income,2023,,
TGO,TG,Togo,Sub-Saharan Africa,Lower middle income,2024,,
THA,TH,Thailand,East Asia & Pacific,Upper middle income,2000,,6.41687160709718
THA,TH,Thailand,East Asia & Pacific,Upper middle income,2001,,5.25258115113859
THA,TH,Thailand,East Asia & Pacific,Upper middle income,2002,,
THA,TH,Thailand,East Asia & Pacific,Upper middle income,2003,,
THA,TH,Thailand,East Asia & Pacific,Upper middle income,2004,,0.949922531687858
THA,TH,Thailand,East Asia & Pacific,Upper middle income,2005,,-0.354173197273536
THA,TH,Thailand,East Asia & Pacific,Upper middle income,2006,7.76759647374961,1.11279460175694
THA,TH,Thailand,East Asia & Pacific,Upper middle income,2007,7.59844455870216,3.48698568702785
THA,TH,Thailand,East Asia & Pacific,Upper middle income,2008,5.59879211346276,0.654506894891978
THA,TH,Thailand,East Asia & Pacific,Upper middle income,2009,5.22061861150824,4.57231980497401
THA,TH,Thailand,East Asia & Pacific,Upper middle income,2010,3.88785784505743,0.243128638611464
THA,TH,Thailand,East Asia & Pacific,Upper middle income,2011,2.93261853635558,1.2766820317925
THA,TH,Thailand,East Asia & Pacific,Upper middle income,2012,2.43018679665442,3.21675712469183
THA,TH,Thailand,East Asia & Pacific,Upper middle income,2013,2.30382713124504,3.22433498210821
THA,TH,Thailand,East Asia & Pacific,Upper middle income,2014,2.305232984074,3.45784317114814
THA,TH,Thailand,East Asia & Pacific,Upper middle income,2015,2.68283086735209,3.98101397309843
THA,TH,Thailand,East Asia & Pacific,Upper middle income,2016,2.98569607594999,1.78511916997275
THA,TH,Thailand,East Asia & Pacific,Upper middle income,2017,3.07080207643183,2.46971462408852
THA,TH,Thailand,East Asia & Pacific,Upper middle income,2018,3.0839449162558,2.67979728915769
THA,TH,Thailand,East Asia & Pacific,Upper middle income,2019,3.13027182387348,3.03891578719485
THA,TH,Thailand,East Asia & Pacific,Upper middle income,2020,3.23248100828431,4.64285868065104
THA,TH,Thailand,East Asia & Pacific,Upper middle income,2021,3.10718391598902,1.26044284284124
THA,TH,Thailand,East Asia & Pacific,Upper middle income,2022,2.84397655094515,-1.43574487358447
THA,TH,Thailand,East Asia & Pacific,Upper middle income,2023,2.7575864291698,2.99490663552014
THA,TH,Thailand,East Asia & Pacific,Upper middle income,2024,2.8154168013744,3.61835329433484
TJK,TJ,Tajikistan,Europe & Central Asia,Lower middle income,2000,,
TJK,TJ,Tajikistan,Europe & Central Asia,Lower middle income,2001,,
TJK,TJ,Tajikistan,Europe & Central Asia,Lower middle income,2002,,-3.87887629740887
TJK,TJ,Tajikistan,Europe & Central Asia,Lower middle income,2003,,-8.15046296202619
TJK,TJ,Tajikistan,Europe & Central Asia,Lower middle income,2004,,2.45507802874919
TJK,TJ,Tajikistan,Europe & Central Asia,Lower middle income,2005,,12.5741937374914
TJK,TJ,Tajikistan,Europe & Central Asia,Lower middle income,2006,,2.55451745444762
TJK,TJ,Tajikistan,Europe & Central Asia,Lower middle income,2007,,-3.36220546540617
TJK,TJ,Tajikistan,Europe & Central Asia,Lower middle income,2008,,-3.56503833011034
TJK,TJ,Tajikistan,Europe & Central Asia,Lower middle income,2009,,9.35520128155154
TJK,TJ,Tajikistan,Europe & Central Asia,Lower middle income,2010,6.08782854089517,9.72594138073503
TJK,TJ,Tajikistan,Europe & Central Asia,Lower middle income,2011,5.05854780225549,8.06297203407717
TJK,TJ,Tajikistan,Europe & Central Asia,Lower middle income,2012,5.99506688381505,8.24612510137313
TJK,TJ,Tajikistan,Europe & Central Asia,Lower middle income,2013,8.27382585661298,19.9754473269452
TJK,TJ,Tajikistan,Europe & Central Asia,Lower middle income,2014,19.8486775882401,18.8653286469212
TJK,TJ,Tajikistan,Europe & Central Asia,Lower middle income,2015,26.2569938097746,17.7511693755864
TJK,TJ,Tajikistan,Europe & Central Asia,Lower middle income,2016,47.5958495651832,24.270353035943
TJK,TJ,Tajikistan,Europe & Central Asia,Lower middle income,2017,36.5052970282406,18.0694406754277
TJK,TJ,Tajikistan,Europe & Central Asia,Lower middle income,2018,31.1178674044007,24.09604073384
TJK,TJ,Tajikistan,Europe & Central Asia,Lower middle income,2019,26.9555451538116,19.1889598699904
TJK,TJ,Tajikistan,Europe & Central Asia,Lower middle income,2020,23.8270235145523,
TJK,TJ,Tajikistan,Europe & Central Asia,Lower middle income,2021,13.6547196765819,
TJK,TJ,Tajikistan,Europe & Central Asia,Lower middle income,2022,,
TJK,TJ,Tajikistan,Europe & Central Asia,Lower middle income,2023,,
TJK,TJ,Tajikistan,Europe & Central Asia,Lower middle income,2024,,
TKM,TM,Turkmenistan,Europe & Central Asia,Upper middle income,2000,,
TKM,TM,Turkmenistan,Europe & Central Asia,Upper middle income,2001,,
TKM,TM,Turkmenistan,Europe & Central Asia,Upper middle income,2002,,
TKM,TM,Turkmenistan,Europe & Central Asia,Upper middle income,2003,,
TKM,TM,Turkmenistan,Europe & Central Asia,Upper middle income,2004,,
TKM,TM,Turkmenistan,Europe & Central Asia,Upper middle income,2005,,
TKM,TM,Turkmenistan,Europe & Central Asia,Upper middle income,2006,,
TKM,TM,Turkmenistan,Europe & Central Asia,Upper middle income,2007,,
TKM,TM,Turkmenistan,Europe & Central Asia,Upper middle income,2008,,
TKM,TM,Turkmenistan,Europe & Central Asia,Upper middle income,2009,,
TKM,TM,Turkmenistan,Europe & Central Asia,Upper middle income,2010,,
TKM,TM,Turkmenistan,Europe & Central Asia,Upper middle income,2011,,
TKM,TM,Turkmenistan,Europe & Central Asia,Upper middle income,2012,,
TKM,TM,Turkmenistan,Europe & Central Asia,Upper middle income,2013,,
TKM,TM,Turkmenistan,Europe & Central Asia,Upper middle income,2014,,
TKM,TM,Turkmenistan,Europe & Central Asia,Upper middle income,2015,,
TKM,TM,Turkmenistan,Europe & Central Asia,Upper middle income,2016,,
TKM,TM,Turkmenistan,Europe & Central Asia,Upper middle income,2017,,
TKM,TM,Turkmenistan,Europe & Central Asia,Upper middle income,2018,,
TKM,TM,Turkmenistan,Europe & Central Asia,Upper middle income,2019,,
TKM,TM,Turkmenistan,Europe & Central Asia,Upper middle income,2020,,
TKM,TM,Turkmenistan,Europe & Central Asia,Upper middle income,2021,,
TKM,TM,Turkmenistan,Europe & Central Asia,Upper middle income,2022,,
TKM,TM,Turkmenistan,Europe & Central Asia,Upper middle income,2023,,
TKM,TM,Turkmenistan,Europe & Central Asia,Upper middle income,2024,,
TLS,TL,Timor-Leste,East Asia & Pacific,Lower middle income,2000,,
TLS,TL,Timor-Leste,East Asia & Pacific,Lower middle income,2001,,
TLS,TL,Timor-Leste,East Asia & Pacific,Lower middle income,2002,,
TLS,TL,Timor-Leste,East Asia & Pacific,Lower middle income,2003,,
TLS,TL,Timor-Leste,East Asia & Pacific,Lower middle income,2004,,
TLS,TL,Timor-Leste,East Asia & Pacific,Lower middle income,2005,,
TLS,TL,Timor-Leste,East Asia & Pacific,Lower middle income,2006,,
TLS,TL,Timor-Leste,East Asia & Pacific,Lower middle income,2007,,
TLS,TL,Timor-Leste,East Asia & Pacific,Lower middle income,2008,,
TLS,TL,Timor-Leste,East Asia & Pacific,Lower middle income,2009,,
TLS,TL,Timor-Leste,East Asia & Pacific,Lower middle income,2010,,
TLS,TL,Timor-Leste,East Asia & Pacific,Lower middle income,2011,,-0.467428254749718
TLS,TL,Timor-Leste,East Asia & Pacific,Lower middle income,2012,,5.69926491609732
TLS,TL,Timor-Leste,East Asia & Pacific,Lower middle income,2013,,-3.62525819342588
TLS,TL,Timor-Leste,East Asia & Pacific,Lower middle income,2014,,13.69442014857
TLS,TL,Timor-Leste,East Asia & Pacific,Lower middle income,2015,,5.87106345239976
TLS,TL,Timor-Leste,East Asia & Pacific,Lower middle income,2016,,13.8873341422439
TLS,TL,Timor-Leste,East Asia & Pacific,Lower middle income,2017,,13.5282541733051
TLS,TL,Timor-Leste,East Asia & Pacific,Lower middle income,2018,,15.0237239715198
TLS,TL,Timor-Leste,East Asia & Pacific,Lower middle income,2019,,9.69711058892707
TLS,TL,Timor-Leste,East Asia & Pacific,Lower middle income,2020,,41.2938053040911
TLS,TL,Timor-Leste,East Asia & Pacific,Lower middle income,2021,,-30.1231709986168
TLS,TL,Timor-Leste,East Asia & Pacific,Lower middle income,2022,,-0.32638349413183
TLS,TL,Timor-Leste,East Asia & Pacific,Lower middle income,2023,,39.8424032658914
TLS,TL,Timor-Leste,East Asia & Pacific,Lower middle income,2024,,12.0828335128891
TON,TO,Tonga,East Asia & Pacific,Upper middle income,2000,,
TON,TO,Tonga,East Asia & Pacific,Upper middle income,2001,,
TON,TO,Tonga,East Asia & Pacific,Upper middle income,2002,,
TON,TO,Tonga,East Asia & Pacific,Upper middle income,2003,,
TON,TO,Tonga,East Asia & Pacific,Upper middle income,2004,,
TON,TO,Tonga,East Asia & Pacific,Upper middle income,2005,,
TON,TO,Tonga,East Asia & Pacific,Upper middle income,2006,,
TON,TO,Tonga,East Asia & Pacific,Upper middle income,2007,,
TON,TO,Tonga,East Asia & Pacific,Upper middle income,2008,,
TON,TO,Tonga,East Asia & Pacific,Upper middle income,2009,,
TON,TO,Tonga,East Asia & Pacific,Upper middle income,2010,,
TON,TO,Tonga,East Asia & Pacific,Upper middle income,2011,,
TON,TO,Tonga,East Asia & Pacific,Upper middle income,2012,14.3731796444657,5.41099056911256
TON,TO,Tonga,East Asia & Pacific,Upper middle income,2013,10.6057193507606,11.9183091003653
TON,TO,Tonga,East Asia & Pacific,Upper middle income,2014,10.4781361324885,8.59924551023296
TON,TO,Tonga,East Asia & Pacific,Upper middle income,2015,7.71220540333397,2.884809640574
TON,TO,Tonga,East Asia & Pacific,Upper middle income,2016,4.29691693462224,4.81091650848209
TON,TO,Tonga,East Asia & Pacific,Upper middle income,2017,3.68327094992368,2.17541632036801
TON,TO,Tonga,East Asia & Pacific,Upper middle income,2018,3.47050237673211,1.99672472419788
TON,TO,Tonga,East Asia & Pacific,Upper middle income,2019,3.10579584895944,1.4812624428517
TON,TO,Tonga,East Asia & Pacific,Upper middle income,2020,3.60217512627458,7.8444251113955
TON,TO,Tonga,East Asia & Pacific,Upper middle income,2021,3.49666295766886,5.60494684850546
TON,TO,Tonga,East Asia & Pacific,Upper middle income,2022,8.26126966134644,-1.22725307855055
TON,TO,Tonga,East Asia & Pacific,Upper middle income,2023,11.6377552381714,0.287683385305114
TON,TO,Tonga,East Asia & Pacific,Upper middle income,2024,13.7602448815668,-0.452945338273569
TTO,TT,Trinidad and Tobago,Latin America & Caribbean,High income,2000,,3.97779499579407
TTO,TT,Trinidad and Tobago,Latin America & Caribbean,High income,2001,,12.5228375094763
TTO,TT,Trinidad and Tobago,Latin America & Caribbean,High income,2002,,18.6395676414552
TTO,TT,Trinidad and Tobago,Latin America & Caribbean,High income,2003,,0.622840512635647
TTO,TT,Trinidad and Tobago,Latin America & Caribbean,High income,2004,,0.393330894931759
TTO,TT,Trinidad and Tobago,Latin America & Caribbean,High income,2005,,-3.72150193385783
TTO,TT,Trinidad and Tobago,Latin America & Caribbean,High income,2006,,9.03210307148484
TTO,TT,Trinidad and Tobago,Latin America & Caribbean,High income,2007,,-0.888544431909194
TTO,TT,Trinidad and Tobago,Latin America & Caribbean,High income,2008,2.44876270077795,-9.17262279754077
TTO,TT,Trinidad and Tobago,Latin America & Caribbean,High income,2009,4.91725080263949,54.6777282052185
TTO,TT,Trinidad and Tobago,Latin America & Caribbean,High income,2010,6.02218150304495,-3.06106094642406
TTO,TT,Trinidad and Tobago,Latin America & Caribbean,High income,2011,6.11059822833409,-6.70574309512339
TTO,TT,Trinidad and Tobago,Latin America & Caribbean,High income,2012,5.27066330339674,7.33818556695434
TTO,TT,Trinidad and Tobago,Latin America & Caribbean,High income,2013,4.15049070347689,5.40895175825991
TTO,TT,Trinidad and Tobago,Latin America & Caribbean,High income,2014,4.03333887320168,8.55660517548072
TTO,TT,Trinidad and Tobago,Latin America & Caribbean,High income,2015,3.38908071606843,18.8994621437832
TTO,TT,Trinidad and Tobago,Latin America & Caribbean,High income,2016,3.10918007575296,9.50325991701113
TTO,TT,Trinidad and Tobago,Latin America & Caribbean,High income,2017,2.86026494299577,1.11425216347258
TTO,TT,Trinidad and Tobago,Latin America & Caribbean,High income,2018,3.03023645857573,7.96537993277094
TTO,TT,Trinidad and Tobago,Latin America & Caribbean,High income,2019,2.89566197238883,11.9273841427192
TTO,TT,Trinidad and Tobago,Latin America & Caribbean,High income,2020,3.19617382600748,9.29024569728177
TTO,TT,Trinidad and Tobago,Latin America & Caribbean,High income,2021,3.22912895640994,-8.11777752849696
TTO,TT,Trinidad and Tobago,Latin America & Caribbean,High income,2022,3.09343020938296,-7.27790201589327
TTO,TT,Trinidad and Tobago,Latin America & Caribbean,High income,2023,2.79665804544483,23.5661064639995
TTO,TT,Trinidad and Tobago,Latin America & Caribbean,High income,2024,2.84520569588401,7.63507008462009
TUN,TN,Tunisia,"Middle East, North Africa, Afghanistan & Pakistan",Lower middle income,2000,,
TUN,TN,Tunisia,"Middle East, North Africa, Afghanistan & Pakistan",Lower middle income,2001,,
TUN,TN,Tunisia,"Middle East, North Africa, Afghanistan & Pakistan",Lower middle income,2002,,
TUN,TN,Tunisia,"Middle East, North Africa, Afghanistan & Pakistan",Lower middle income,2003,,
TUN,TN,Tunisia,"Middle East, North Africa, Afghanistan & Pakistan",Lower middle income,2004,,
TUN,TN,Tunisia,"Middle East, North Africa, Afghanistan & Pakistan",Lower middle income,2005,,
TUN,TN,Tunisia,"Middle East, North Africa, Afghanistan & Pakistan",Lower middle income,2006,,
TUN,TN,Tunisia,"Middle East, North Africa, Afghanistan & Pakistan",Lower middle income,2007,,
TUN,TN,Tunisia,"Middle East, North Africa, Afghanistan & Pakistan",Lower middle income,2008,,
TUN,TN,Tunisia,"Middle East, North Africa, Afghanistan & Pakistan",Lower middle income,2009,,
TUN,TN,Tunisia,"Middle East, North Africa, Afghanistan & Pakistan",Lower middle income,2010,,
TUN,TN,Tunisia,"Middle East, North Africa, Afghanistan & Pakistan",Lower middle income,2011,,
TUN,TN,Tunisia,"Middle East, North Africa, Afghanistan & Pakistan",Lower middle income,2012,,
TUN,TN,Tunisia,"Middle East, North Africa, Afghanistan & Pakistan",Lower middle income,2013,,
TUN,TN,Tunisia,"Middle East, North Africa, Afghanistan & Pakistan",Lower middle income,2014,,
TUN,TN,Tunisia,"Middle East, North Africa, Afghanistan & Pakistan",Lower middle income,2015,,
TUN,TN,Tunisia,"Middle East, North Africa, Afghanistan & Pakistan",Lower middle income,2016,,
TUN,TN,Tunisia,"Middle East, North Africa, Afghanistan & Pakistan",Lower middle income,2017,,
TUN,TN,Tunisia,"Middle East, North Africa, Afghanistan & Pakistan",Lower middle income,2018,,
TUN,TN,Tunisia,"Middle East, North Africa, Afghanistan & Pakistan",Lower middle income,2019,,
TUN,TN,Tunisia,"Middle East, North Africa, Afghanistan & Pakistan",Lower middle income,2020,,
TUN,TN,Tunisia,"Middle East, North Africa, Afghanistan & Pakistan",Lower middle income,2021,,
TUN,TN,Tunisia,"Middle East, North Africa, Afghanistan & Pakistan",Lower middle income,2022,,
TUN,TN,Tunisia,"Middle East, North Africa, Afghanistan & Pakistan",Lower middle income,2023,,
TUN,TN,Tunisia,"Middle East, North Africa, Afghanistan & Pakistan",Lower middle income,2024,,
TUR,TR,Turkiye,Europe & Central Asia,Upper middle income,2000,,
TUR,TR,Turkiye,Europe & Central Asia,Upper middle income,2001,,
TUR,TR,Turkiye,Europe & Central Asia,Upper middle income,2002,,
TUR,TR,Turkiye,Europe & Central Asia,Upper middle income,2003,,
TUR,TR,Turkiye,Europe & Central Asia,Upper middle income,2004,,
TUR,TR,Turkiye,Europe & Central Asia,Upper middle income,2005,4.31589850311115,
TUR,TR,Turkiye,Europe & Central Asia,Upper middle income,2006,3.58098683705456,
TUR,TR,Turkiye,Europe & Central Asia,Upper middle income,2007,3.3213977793724,
TUR,TR,Turkiye,Europe & Central Asia,Upper middle income,2008,3.44167340058132,
TUR,TR,Turkiye,Europe & Central Asia,Upper middle income,2009,4.96997625418198,
TUR,TR,Turkiye,Europe & Central Asia,Upper middle income,2010,3.48959158482402,
TUR,TR,Turkiye,Europe & Central Asia,Upper middle income,2011,2.57632211204451,
TUR,TR,Turkiye,Europe & Central Asia,Upper middle income,2012,2.7433675978872,
TUR,TR,Turkiye,Europe & Central Asia,Upper middle income,2013,2.63627102630173,
TUR,TR,Turkiye,Europe & Central Asia,Upper middle income,2014,2.74183131997442,
TUR,TR,Turkiye,Europe & Central Asia,Upper middle income,2015,2.98772329214313,
TUR,TR,Turkiye,Europe & Central Asia,Upper middle income,2016,3.10968373133546,
TUR,TR,Turkiye,Europe & Central Asia,Upper middle income,2017,2.84271365893526,
TUR,TR,Turkiye,Europe & Central Asia,Upper middle income,2018,3.68690904641213,
TUR,TR,Turkiye,Europe & Central Asia,Upper middle income,2019,5.0229492930967,
TUR,TR,Turkiye,Europe & Central Asia,Upper middle income,2020,3.8900924404522,
TUR,TR,Turkiye,Europe & Central Asia,Upper middle income,2021,2.97599400811766,
TUR,TR,Turkiye,Europe & Central Asia,Upper middle income,2022,1.97901752159552,
TUR,TR,Turkiye,Europe & Central Asia,Upper middle income,2023,1.48012751953029,
TUR,TR,Turkiye,Europe & Central Asia,Upper middle income,2024,1.6536819200798,
TUV,TV,Tuvalu,East Asia & Pacific,Upper middle income,2000,,
TUV,TV,Tuvalu,East Asia & Pacific,Upper middle income,2001,,
TUV,TV,Tuvalu,East Asia & Pacific,Upper middle income,2002,,
TUV,TV,Tuvalu,East Asia & Pacific,Upper middle income,2003,,
TUV,TV,Tuvalu,East Asia & Pacific,Upper middle income,2004,,
TUV,TV,Tuvalu,East Asia & Pacific,Upper middle income,2005,,
TUV,TV,Tuvalu,East Asia & Pacific,Upper middle income,2006,,
TUV,TV,Tuvalu,East Asia & Pacific,Upper middle income,2007,,
TUV,TV,Tuvalu,East Asia & Pacific,Upper middle income,2008,,
TUV,TV,Tuvalu,East Asia & Pacific,Upper middle income,2009,,
TUV,TV,Tuvalu,East Asia & Pacific,Upper middle income,2010,,
TUV,TV,Tuvalu,East Asia & Pacific,Upper middle income,2011,,
TUV,TV,Tuvalu,East Asia & Pacific,Upper middle income,2012,,
TUV,TV,Tuvalu,East Asia & Pacific,Upper middle income,2013,,
TUV,TV,Tuvalu,East Asia & Pacific,Upper middle income,2014,,
TUV,TV,Tuvalu,East Asia & Pacific,Upper middle income,2015,,
TUV,TV,Tuvalu,East Asia & Pacific,Upper middle income,2016,,
TUV,TV,Tuvalu,East Asia & Pacific,Upper middle income,2017,,
TUV,TV,Tuvalu,East Asia & Pacific,Upper middle income,2018,,
TUV,TV,Tuvalu,East Asia & Pacific,Upper middle income,2019,,
TUV,TV,Tuvalu,East Asia & Pacific,Upper middle income,2020,,
TUV,TV,Tuvalu,East Asia & Pacific,Upper middle income,2021,,
TUV,TV,Tuvalu,East Asia & Pacific,Upper middle income,2022,,
TUV,TV,Tuvalu,East Asia & Pacific,Upper middle income,2023,,
TUV,TV,Tuvalu,East Asia & Pacific,Upper middle income,2024,,
TZA,TZ,Tanzania,Sub-Saharan Africa,Lower middle income,2000,,12.3625316450654
TZA,TZ,Tanzania,Sub-Saharan Africa,Lower middle income,2001,,14.5410020183044
TZA,TZ,Tanzania,Sub-Saharan Africa,Lower middle income,2002,,8.54700274679886
TZA,TZ,Tanzania,Sub-Saharan Africa,Lower middle income,2003,,5.62474851993463
TZA,TZ,Tanzania,Sub-Saharan Africa,Lower middle income,2004,,6.78734531634907
TZA,TZ,Tanzania,Sub-Saharan Africa,Lower middle income,2005,,8.29001316534224
TZA,TZ,Tanzania,Sub-Saharan Africa,Lower middle income,2006,,9.61235270450994
TZA,TZ,Tanzania,Sub-Saharan Africa,Lower middle income,2007,,6.3895651962267
TZA,TZ,Tanzania,Sub-Saharan Africa,Lower middle income,2008,,-1.20176222947434
TZA,TZ,Tanzania,Sub-Saharan Africa,Lower middle income,2009,,5.49223043385646
TZA,TZ,Tanzania,Sub-Saharan Africa,Lower middle income,2010,7.84376122521316,4.67468740278379
TZA,TZ,Tanzania,Sub-Saharan Africa,Lower middle income,2011,5.39637230168725,2.464304206777
TZA,TZ,Tanzania,Sub-Saharan Africa,Lower middle income,2012,6.4018854955144,4.59141372169781
TZA,TZ,Tanzania,Sub-Saharan Africa,Lower middle income,2013,5.11514486567446,5.64864168084363
TZA,TZ,Tanzania,Sub-Saharan Africa,Lower middle income,2014,6.58398471153914,9.65573386813088
TZA,TZ,Tanzania,Sub-Saharan Africa,Lower middle income,2015,8.5825026988656,7.91293618587464
TZA,TZ,Tanzania,Sub-Saharan Africa,Lower middle income,2016,9.60809945919416,7.89628648135895
TZA,TZ,Tanzania,Sub-Saharan Africa,Lower middle income,2017,12.4845780313064,14.7093732540298
TZA,TZ,Tanzania,Sub-Saharan Africa,Lower middle income,2018,9.9300907937924,13.9859534876616
TZA,TZ,Tanzania,Sub-Saharan Africa,Lower middle income,2019,9.61371669561269,14.3628917375248
TZA,TZ,Tanzania,Sub-Saharan Africa,Lower middle income,2020,8.69677193421736,9.63750201577468
TZA,TZ,Tanzania,Sub-Saharan Africa,Lower middle income,2021,7.63089352247962,
TZA,TZ,Tanzania,Sub-Saharan Africa,Lower middle income,2022,5.33950979837503,
TZA,TZ,Tanzania,Sub-Saharan Africa,Lower middle income,2023,4.19231066082799,
TZA,TZ,Tanzania,Sub-Saharan Africa,Lower middle income,2024,3.05520310253012,
UGA,UG,Uganda,Sub-Saharan Africa,Low income,2000,,10.6216142695141
UGA,UG,Uganda,Sub-Saharan Africa,Low income,2001,,17.3344956748948
UGA,UG,Uganda,Sub-Saharan Africa,Low income,2002,,22.9955928360462
UGA,UG,Uganda,Sub-Saharan Africa,Low income,2003,,10.3290387321641
UGA,UG,Uganda,Sub-Saharan Africa,Low income,2004,,4.33924393856924
UGA,UG,Uganda,Sub-Saharan Africa,Low income,2005,1.50718421954579,21.7655522885928
UGA,UG,Uganda,Sub-Saharan Africa,Low income,2006,1.96057557646524,15.9090043564186
UGA,UG,Uganda,Sub-Saharan Africa,Low income,2007,2.84782536822429,10.9806235436646
UGA,UG,Uganda,Sub-Saharan Africa,Low income,2008,1.67879906162916,13.2429702962502
UGA,UG,Uganda,Sub-Saharan Africa,Low income,2009,3.34137304710695,-34.7434429588376
UGA,UG,Uganda,Sub-Saharan Africa,Low income,2010,1.86158193519678,13.7612146491897
UGA,UG,Uganda,Sub-Saharan Africa,Low income,2011,2.0389512630627,11.3734989307615
UGA,UG,Uganda,Sub-Saharan Africa,Low income,2012,4.05584907416987,21.4880791448606
UGA,UG,Uganda,Sub-Saharan Africa,Low income,2013,5.97464019247973,19.0146300185037
UGA,UG,Uganda,Sub-Saharan Africa,Low income,2014,4.05305145439071,15.6773841196638
UGA,UG,Uganda,Sub-Saharan Africa,Low income,2015,5.1269555308933,16.5546646041457
UGA,UG,Uganda,Sub-Saharan Africa,Low income,2016,10.4013107515952,18.2333937267573
UGA,UG,Uganda,Sub-Saharan Africa,Low income,2017,5.44570853608703,15.8908471114542
UGA,UG,Uganda,Sub-Saharan Africa,Low income,2018,3.32061335019615,14.7478688039364
UGA,UG,Uganda,Sub-Saharan Africa,Low income,2019,4.55501095819166,
UGA,UG,Uganda,Sub-Saharan Africa,Low income,2020,5.34171405117954,
UGA,UG,Uganda,Sub-Saharan Africa,Low income,2021,5.32198953283005,
UGA,UG,Uganda,Sub-Saharan Africa,Low income,2022,5.09502348431099,
UGA,UG,Uganda,Sub-Saharan Africa,Low income,2023,4.49675369389608,
UGA,UG,Uganda,Sub-Saharan Africa,Low income,2024,3.86130570776028,
UKR,UA,Ukraine,Europe & Central Asia,Upper middle income,2000,,11.0014569626244
UKR,UA,Ukraine,Europe & Central Asia,Upper middle income,2001,,20.0334624721958
UKR,UA,Ukraine,Europe & Central Asia,Upper middle income,2002,,19.0926391889736
UKR,UA,Ukraine,Europe & Central Asia,Upper middle income,2003,,8.99608127369122
UKR,UA,Ukraine,Europe & Central Asia,Upper middle income,2004,,1.81291767240014
UKR,UA,Ukraine,Europe & Central Asia,Upper middle income,2005,57.9897716519798,-6.38367731879631
UKR,UA,Ukraine,Europe & Central Asia,Upper middle income,2006,59.7566320355279,0.275719908852206
UKR,UA,Ukraine,Europe & Central Asia,Upper middle income,2007,48.1183737206673,-7.28020736362096
UKR,UA,Ukraine,Europe & Central Asia,Upper middle income,2008,3.88384823823554,-8.93474204549135
UKR,UA,Ukraine,Europe & Central Asia,Upper middle income,2009,13.6977713199854,7.31013899639914
UKR,UA,Ukraine,Europe & Central Asia,Upper middle income,2010,15.2665117708455,1.93111737385511
UKR,UA,Ukraine,Europe & Central Asia,Upper middle income,2011,14.7322884259186,1.54605607669365
UKR,UA,Ukraine,Europe & Central Asia,Upper middle income,2012,20.3740677541987,9.64012656225918
UKR,UA,Ukraine,Europe & Central Asia,Upper middle income,2013,16.3528524705884,11.8306483626893
UKR,UA,Ukraine,Europe & Central Asia,Upper middle income,2014,23.32072094246,1.56710691487677
UKR,UA,Ukraine,Europe & Central Asia,Upper middle income,2015,35.3852494023723,-12.2829289815693
UKR,UA,Ukraine,Europe & Central Asia,Upper middle income,2016,38.9524888709753,1.82756968752029
UKR,UA,Ukraine,Europe & Central Asia,Upper middle income,2017,54.8232758416852,-4.68048423181966
UKR,UA,Ukraine,Europe & Central Asia,Upper middle income,2018,54.4100172630313,3.12512181706498
UKR,UA,Ukraine,Europe & Central Asia,Upper middle income,2019,50.5258505757218,10.6936587686836
UKR,UA,Ukraine,Europe & Central Asia,Upper middle income,2020,43.4686522704986,3.62431779033836
UKR,UA,Ukraine,Europe & Central Asia,Upper middle income,2021,31.7178311337651,-9.22452695906716
UKR,UA,Ukraine,Europe & Central Asia,Upper middle income,2022,38.1191801712499,-12.0860052732231
UKR,UA,Ukraine,Europe & Central Asia,Upper middle income,2023,37.3513584049094,1.86637148771747
UKR,UA,Ukraine,Europe & Central Asia,Upper middle income,2024,30.2882706427491,6.80462149735091
URY,UY,Uruguay,Latin America & Caribbean,High income,2000,,42.4969239585893
URY,UY,Uruguay,Latin America & Caribbean,High income,2001,,43.2064213627233
URY,UY,Uruguay,Latin America & Caribbean,High income,2002,,93.9150781315781
URY,UY,Uruguay,Latin America & Caribbean,High income,2003,,36.3812989440391
URY,UY,Uruguay,Latin America & Caribbean,High income,2004,,12.3282787037608
URY,UY,Uruguay,Latin America & Caribbean,High income,2005,,12.8445855762339
URY,UY,Uruguay,Latin America & Caribbean,High income,2006,,1.7089111284159
URY,UY,Uruguay,Latin America & Caribbean,High income,2007,,-1.24667058477178
URY,UY,Uruguay,Latin America & Caribbean,High income,2008,,3.25541429163842
URY,UY,Uruguay,Latin America & Caribbean,High income,2009,,6.1387842275117
URY,UY,Uruguay,Latin America & Caribbean,High income,2010,,4.33049768870304
URY,UY,Uruguay,Latin America & Caribbean,High income,2011,,-0.0851869359373854
URY,UY,Uruguay,Latin America & Caribbean,High income,2012,,1.63260408891415
URY,UY,Uruguay,Latin America & Caribbean,High income,2013,,3.15123121935891
URY,UY,Uruguay,Latin America & Caribbean,High income,2014,,4.82076932063265
URY,UY,Uruguay,Latin America & Caribbean,High income,2015,1.61881565597063,5.44867158636639
URY,UY,Uruguay,Latin America & Caribbean,High income,2016,2.44690921031637,7.4005664568913
URY,UY,Uruguay,Latin America & Caribbean,High income,2017,2.65871523841494,7.71505678146003
URY,UY,Uruguay,Latin America & Caribbean,High income,2018,2.82306730581331,4.34838235275325
URY,UY,Uruguay,Latin America & Caribbean,High income,2019,2.55080285634812,3.04910964870795
URY,UY,Uruguay,Latin America & Caribbean,High income,2020,2.33577120791948,0.458677823557128
URY,UY,Uruguay,Latin America & Caribbean,High income,2021,1.32633570785667,-3.26211326300968
URY,UY,Uruguay,Latin America & Caribbean,High income,2022,1.38667637075011,4.60079993878287
URY,UY,Uruguay,Latin America & Caribbean,High income,2023,1.6507725638992,7.53651612741655
URY,UY,Uruguay,Latin America & Caribbean,High income,2024,1.52254317648406,5.49262302951463
USA,US,United States,North America,High income,2000,,6.81379246050012
USA,US,United States,North America,High income,2001,,4.56713893450361
USA,US,United States,North America,High income,2002,,3.07324724961218
USA,US,United States,North America,High income,2003,,2.10659448836249
USA,US,United States,North America,High income,2004,,1.60768046141462
USA,US,United States,North America,High income,2005,,2.96087521229479
USA,US,United States,North America,High income,2006,,4.72786366721857
USA,US,United States,North America,High income,2007,,5.19986376898933
USA,US,United States,North America,High income,2008,,3.10104221900586
USA,US,United States,North America,High income,2009,4.95990413551278,2.61707765207786
USA,US,United States,North America,High income,2010,4.38774309355535,2.01028262405699
USA,US,United States,North America,High income,2011,3.78150447341426,1.16289864996398
USA,US,United States,North America,High income,2012,3.31729162388854,1.3624637521625
USA,US,United States,North America,High income,2013,2.45239118205518,1.52221338388325
USA,US,United States,North America,High income,2014,1.85071180176898,1.48256139371882
USA,US,United States,North America,High income,2015,1.47342654705219,2.31051463833344
USA,US,United States,North America,High income,2016,1.32052217577727,2.53723230294962
USA,US,United States,North America,High income,2017,1.12682415706513,2.26529637783859
USA,US,United States,North America,High income,2018,0.913161529735837,2.55474987113849
USA,US,United States,North America,High income,2019,0.855251960083455,3.57306216680747
USA,US,United States,North America,High income,2020,1.06536914566418,2.17024683398691
USA,US,United States,North America,High income,2021,0.813464699477564,-1.25567664234207
USA,US,United States,North America,High income,2022,0.71607362746051,
USA,US,United States,North America,High income,2023,0.846592385960373,
USA,US,United States,North America,High income,2024,0.972922460845953,
UZB,UZ,Uzbekistan,Europe & Central Asia,Lower middle income,2000,,
UZB,UZ,Uzbekistan,Europe & Central Asia,Lower middle income,2001,,
UZB,UZ,Uzbekistan,Europe & Central Asia,Lower middle income,2002,,
UZB,UZ,Uzbekistan,Europe & Central Asia,Lower middle income,2003,,
UZB,UZ,Uzbekistan,Europe & Central Asia,Lower middle income,2004,,
UZB,UZ,Uzbekistan,Europe & Central Asia,Lower middle income,2005,,
UZB,UZ,Uzbekistan,Europe & Central Asia,Lower middle income,2006,,
UZB,UZ,Uzbekistan,Europe & Central Asia,Lower middle income,2007,,
UZB,UZ,Uzbekistan,Europe & Central Asia,Lower middle income,2008,,
UZB,UZ,Uzbekistan,Europe & Central Asia,Lower middle income,2009,,
UZB,UZ,Uzbekistan,Europe & Central Asia,Lower middle income,2010,0.965131048293637,
UZB,UZ,Uzbekistan,Europe & Central Asia,Lower middle income,2011,0.709190155100445,
UZB,UZ,Uzbekistan,Europe & Central Asia,Lower middle income,2012,3.05328353123232,
UZB,UZ,Uzbekistan,Europe & Central Asia,Lower middle income,2013,2.81670032876534,3.05646913256291
UZB,UZ,Uzbekistan,Europe & Central Asia,Lower middle income,2014,2.09687034766165,2.55689260908371
UZB,UZ,Uzbekistan,Europe & Central Asia,Lower middle income,2015,1.46241461373232,3.42788806855111
UZB,UZ,Uzbekistan,Europe & Central Asia,Lower middle income,2016,0.744086678772422,4.58384197665864
UZB,UZ,Uzbekistan,Europe & Central Asia,Lower middle income,2017,1.19780753069295,-5.15013659288559
UZB,UZ,Uzbekistan,Europe & Central Asia,Lower middle income,2018,1.27871644313014,-5.25999584432066
UZB,UZ,Uzbekistan,Europe & Central Asia,Lower middle income,2019,1.47850042070038,5.33592931385435
UZB,UZ,Uzbekistan,Europe & Central Asia,Lower middle income,2020,2.06065321360246,9.33824654731484
UZB,UZ,Uzbekistan,Europe & Central Asia,Lower middle income,2021,5.13022516204468,7.57056832082121
UZB,UZ,Uzbekistan,Europe & Central Asia,Lower middle income,2022,3.53227061739394,6.75428410325491
UZB,UZ,Uzbekistan,Europe & Central Asia,Lower middle income,2023,3.45445449013674,7.23011538117087
UZB,UZ,Uzbekistan,Europe & Central Asia,Lower middle income,2024,3.88791727639684,7.94619590257576
VCT,VC,St. Vincent and the Grenadines,Latin America & Caribbean,Upper middle income,2000,,3.43607105955498
VCT,VC,St. Vincent and the Grenadines,Latin America & Caribbean,Upper middle income,2001,,5.18936807816217
VCT,VC,St. Vincent and the Grenadines,Latin America & Caribbean,Upper middle income,2002,,11.3323085748559
VCT,VC,St. Vincent and the Grenadines,Latin America & Caribbean,Upper middle income,2003,,14.3170551321309
VCT,VC,St. Vincent and the Grenadines,Latin America & Caribbean,Upper middle income,2004,,5.73065828611084
VCT,VC,St. Vincent and the Grenadines,Latin America & Caribbean,Upper middle income,2005,,6.49203912479022
VCT,VC,St. Vincent and the Grenadines,Latin America & Caribbean,Upper middle income,2006,,5.8141490384009
VCT,VC,St. Vincent and the Grenadines,Latin America & Caribbean,Upper middle income,2007,,2.13011015150533
VCT,VC,St. Vincent and the Grenadines,Latin America & Caribbean,Upper middle income,2008,,7.10583527375841
VCT,VC,St. Vincent and the Grenadines,Latin America & Caribbean,Upper middle income,2009,,10.4500063711068
VCT,VC,St. Vincent and the Grenadines,Latin America & Caribbean,Upper middle income,2010,,3.40142070746745
VCT,VC,St. Vincent and the Grenadines,Latin America & Caribbean,Upper middle income,2011,,9.48553232710216
VCT,VC,St. Vincent and the Grenadines,Latin America & Caribbean,Upper middle income,2012,,8.2317157145835
VCT,VC,St. Vincent and the Grenadines,Latin America & Caribbean,Upper middle income,2013,,7.03975596196512
VCT,VC,St. Vincent and the Grenadines,Latin America & Caribbean,Upper middle income,2014,,9.52029134884415
VCT,VC,St. Vincent and the Grenadines,Latin America & Caribbean,Upper middle income,2015,8.653232,10.1107917501005
VCT,VC,St. Vincent and the Grenadines,Latin America & Caribbean,Upper middle income,2016,9.531349,9.77295220423226
VCT,VC,St. Vincent and the Grenadines,Latin America & Caribbean,Upper middle income,2017,8.173337,6.545241682768
VCT,VC,St. Vincent and the Grenadines,Latin America & Caribbean,Upper middle income,2018,6.476606,6.83138666227532
VCT,VC,St. Vincent and the Grenadines,Latin America & Caribbean,Upper middle income,2019,6.423136,5.94263071975383
VCT,VC,St. Vincent and the Grenadines,Latin America & Caribbean,Upper middle income,2020,7.38275314065035,8.87117590771937
VCT,VC,St. Vincent and the Grenadines,Latin America & Caribbean,Upper middle income,2021,7.83357109578419,6.92198961357141
VCT,VC,St. Vincent and the Grenadines,Latin America & Caribbean,Upper middle income,2022,10.1239914738193,-0.518741606481612
VCT,VC,St. Vincent and the Grenadines,Latin America & Caribbean,Upper middle income,2023,8.125208,4.12832139759897
VCT,VC,St. Vincent and the Grenadines,Latin America & Caribbean,Upper middle income,2024,5.792836,3.26262786896019
VEN,VE,"Venezuela, RB",Latin America & Caribbean,Lower middle income,2000,,-3.427271677593
VEN,VE,"Venezuela, RB",Latin America & Caribbean,Lower middle income,2001,,13.4067920775441
VEN,VE,"Venezuela, RB",Latin America & Caribbean,Lower middle income,2002,,2.81776735888189
VEN,VE,"Venezuela, RB",Latin America & Caribbean,Lower middle income,2003,,-7.21528827246595
VEN,VE,"Venezuela, RB",Latin America & Caribbean,Lower middle income,2004,,-11.5984250472679
VEN,VE,"Venezuela, RB",Latin America & Caribbean,Lower middle income,2005,,-9.9771448599891
VEN,VE,"Venezuela, RB",Latin America & Caribbean,Lower middle income,2006,,-2.04088217205993
VEN,VE,"Venezuela, RB",Latin America & Caribbean,Lower middle income,2007,,1.48399647333513
VEN,VE,"Venezuela, RB",Latin America & Caribbean,Lower middle income,2008,,-6.01980277978769
VEN,VE,"Venezuela, RB",Latin America & Caribbean,Lower middle income,2009,,11.3296605279432
VEN,VE,"Venezuela, RB",Latin America & Caribbean,Lower middle income,2010,,-18.9896494698648
VEN,VE,"Venezuela, RB",Latin America & Caribbean,Lower middle income,2011,,-8.63099270105034
VEN,VE,"Venezuela, RB",Latin America & Caribbean,Lower middle income,2012,,-3.49269516009221
VEN,VE,"Venezuela, RB",Latin America & Caribbean,Lower middle income,2013,,-16.7579072328723
VEN,VE,"Venezuela, RB",Latin America & Caribbean,Lower middle income,2014,,-42.8355024477854
VEN,VE,"Venezuela, RB",Latin America & Caribbean,Lower middle income,2015,,-49.1738717186218
VEN,VE,"Venezuela, RB",Latin America & Caribbean,Lower middle income,2016,,-70.4417611308894
VEN,VE,"Venezuela, RB",Latin America & Caribbean,Lower middle income,2017,,-89.4719970296214
VEN,VE,"Venezuela, RB",Latin America & Caribbean,Lower middle income,2018,,
VEN,VE,"Venezuela, RB",Latin America & Caribbean,Lower middle income,2019,,
VEN,VE,"Venezuela, RB",Latin America & Caribbean,Lower middle income,2020,,
VEN,VE,"Venezuela, RB",Latin America & Caribbean,Lower middle income,2021,,
VEN,VE,"Venezuela, RB",Latin America & Caribbean,Lower middle income,2022,,
VEN,VE,"Venezuela, RB",Latin America & Caribbean,Lower middle income,2023,,
VEN,VE,"Venezuela, RB",Latin America & Caribbean,Lower middle income,2024,,
VGB,VG,British Virgin Islands,Latin America & Caribbean,High income,2000,,
VGB,VG,British Virgin Islands,Latin America & Caribbean,High income,2001,,
VGB,VG,British Virgin Islands,Latin America & Caribbean,High income,2002,,
VGB,VG,British Virgin Islands,Latin America & Caribbean,High income,2003,,
VGB,VG,British Virgin Islands,Latin America & Caribbean,High income,2004,,
VGB,VG,British Virgin Islands,Latin America & Caribbean,High income,2005,,
VGB,VG,British Virgin Islands,Latin America & Caribbean,High income,2006,,
VGB,VG,British Virgin Islands,Latin America & Caribbean,High income,2007,,
VGB,VG,British Virgin Islands,Latin America & Caribbean,High income,2008,,
VGB,VG,British Virgin Islands,Latin America & Caribbean,High income,2009,,
VGB,VG,British Virgin Islands,Latin America & Caribbean,High income,2010,,
VGB,VG,British Virgin Islands,Latin America & Caribbean,High income,2011,,
VGB,VG,British Virgin Islands,Latin America & Caribbean,High income,2012,,
VGB,VG,British Virgin Islands,Latin America & Caribbean,High income,2013,,
VGB,VG,British Virgin Islands,Latin America & Caribbean,High income,2014,,
VGB,VG,British Virgin Islands,Latin America & Caribbean,High income,2015,,
VGB,VG,British Virgin Islands,Latin America & Caribbean,High income,2016,,
VGB,VG,British Virgin Islands,Latin America & Caribbean,High income,2017,,
VGB,VG,British Virgin Islands,Latin America & Caribbean,High income,2018,,
VGB,VG,British Virgin Islands,Latin America & Caribbean,High income,2019,,
VGB,VG,British Virgin Islands,Latin America & Caribbean,High income,2020,,
VGB,VG,British Virgin Islands,Latin America & Caribbean,High income,2021,,
VGB,VG,British Virgin Islands,Latin America & Caribbean,High income,2022,,
VGB,VG,British Virgin Islands,Latin America & Caribbean,High income,2023,,
VGB,VG,British Virgin Islands,Latin America & Caribbean,High income,2024,,
VIR,VI,Virgin Islands (U.S.),Latin America & Caribbean,High income,2000,,
VIR,VI,Virgin Islands (U.S.),Latin America & Caribbean,High income,2001,,
VIR,VI,Virgin Islands (U.S.),Latin America & Caribbean,High income,2002,,
VIR,VI,Virgin Islands (U.S.),Latin America & Caribbean,High income,2003,,
VIR,VI,Virgin Islands (U.S.),Latin America & Caribbean,High income,2004,,
VIR,VI,Virgin Islands (U.S.),Latin America & Caribbean,High income,2005,,
VIR,VI,Virgin Islands (U.S.),Latin America & Caribbean,High income,2006,,
VIR,VI,Virgin Islands (U.S.),Latin America & Caribbean,High income,2007,,
VIR,VI,Virgin Islands (U.S.),Latin America & Caribbean,High income,2008,,
VIR,VI,Virgin Islands (U.S.),Latin America & Caribbean,High income,2009,,
VIR,VI,Virgin Islands (U.S.),Latin America & Caribbean,High income,2010,,
VIR,VI,Virgin Islands (U.S.),Latin America & Caribbean,High income,2011,,
VIR,VI,Virgin Islands (U.S.),Latin America & Caribbean,High income,2012,,
VIR,VI,Virgin Islands (U.S.),Latin America & Caribbean,High income,2013,,
VIR,VI,Virgin Islands (U.S.),Latin America & Caribbean,High income,2014,,
VIR,VI,Virgin Islands (U.S.),Latin America & Caribbean,High income,2015,,
VIR,VI,Virgin Islands (U.S.),Latin America & Caribbean,High income,2016,,
VIR,VI,Virgin Islands (U.S.),Latin America & Caribbean,High income,2017,,
VIR,VI,Virgin Islands (U.S.),Latin America & Caribbean,High income,2018,,
VIR,VI,Virgin Islands (U.S.),Latin America & Caribbean,High income,2019,,
VIR,VI,Virgin Islands (U.S.),Latin America & Caribbean,High income,2020,,
VIR,VI,Virgin Islands (U.S.),Latin America & Caribbean,High income,2021,,
VIR,VI,Virgin Islands (U.S.),Latin America & Caribbean,High income,2022,,
VIR,VI,Virgin Islands (U.S.),Latin America & Caribbean,High income,2023,,
VIR,VI,Virgin Islands (U.S.),Latin America & Caribbean,High income,2024,,
VNM,VN,Viet Nam,East Asia & Pacific,Upper middle income,2000,,6.9057666506376
VNM,VN,Viet Nam,East Asia & Pacific,Upper middle income,2001,,6.62403546630217
VNM,VN,Viet Nam,East Asia & Pacific,Upper middle income,2002,,4.16693712269503
VNM,VN,Viet Nam,East Asia & Pacific,Upper middle income,2003,,2.21305791691824
VNM,VN,Viet Nam,East Asia & Pacific,Upper middle income,2004,,1.18892233628232
VNM,VN,Viet Nam,East Asia & Pacific,Upper middle income,2005,,-6.55288740331808
VNM,VN,Viet Nam,East Asia & Pacific,Upper middle income,2006,,2.40151725937125
VNM,VN,Viet Nam,East Asia & Pacific,Upper middle income,2007,,1.41363787147666
VNM,VN,Viet Nam,East Asia & Pacific,Upper middle income,2008,2.15099820496032,-5.6163352886234
VNM,VN,Viet Nam,East Asia & Pacific,Upper middle income,2009,1.79656609383679,3.62788141186044
VNM,VN,Viet Nam,East Asia & Pacific,Upper middle income,2010,2.09259938242001,-20.4970819101768
VNM,VN,Viet Nam,East Asia & Pacific,Upper middle income,2011,2.79209384764477,-3.67326480415152
VNM,VN,Viet Nam,East Asia & Pacific,Upper middle income,2012,3.43791016533392,4.02832802666538
VNM,VN,Viet Nam,East Asia & Pacific,Upper middle income,2013,3.10707263260723,6.08970870368918
VNM,VN,Viet Nam,East Asia & Pacific,Upper middle income,2014,3.49733108025612,4.78973116512498
VNM,VN,Viet Nam,East Asia & Pacific,Upper middle income,2015,2.75511790461507,8.98829687567201
VNM,VN,Viet Nam,East Asia & Pacific,Upper middle income,2016,2.63885944068427,5.04860292807267
VNM,VN,Viet Nam,East Asia & Pacific,Upper middle income,2017,2.11141959192174,2.59151415896465
VNM,VN,Viet Nam,East Asia & Pacific,Upper middle income,2018,2.12656065140467,3.61415504341763
VNM,VN,Viet Nam,East Asia & Pacific,Upper middle income,2019,1.77330386734804,5.15925265729481
VNM,VN,Viet Nam,East Asia & Pacific,Upper middle income,2020,1.87185415971074,6.09064299683403
VNM,VN,Viet Nam,East Asia & Pacific,Upper middle income,2021,1.59911146644285,4.79218047283212
VNM,VN,Viet Nam,East Asia & Pacific,Upper middle income,2022,2.32004921223853,3.41861679203259
VNM,VN,Viet Nam,East Asia & Pacific,Upper middle income,2023,5.40935233043068,7.006330785335
VNM,VN,Viet Nam,East Asia & Pacific,Upper middle income,2024,4.84808056727128,
VUT,VU,Vanuatu,East Asia & Pacific,Lower middle income,2000,,
VUT,VU,Vanuatu,East Asia & Pacific,Lower middle income,2001,,
VUT,VU,Vanuatu,East Asia & Pacific,Lower middle income,2002,,
VUT,VU,Vanuatu,East Asia & Pacific,Lower middle income,2003,,
VUT,VU,Vanuatu,East Asia & Pacific,Lower middle income,2004,,
VUT,VU,Vanuatu,East Asia & Pacific,Lower middle income,2005,,
VUT,VU,Vanuatu,East Asia & Pacific,Lower middle income,2006,,
VUT,VU,Vanuatu,East Asia & Pacific,Lower middle income,2007,,
VUT,VU,Vanuatu,East Asia & Pacific,Lower middle income,2008,,
VUT,VU,Vanuatu,East Asia & Pacific,Lower middle income,2009,,
VUT,VU,Vanuatu,East Asia & Pacific,Lower middle income,2010,4.77150543510283,
VUT,VU,Vanuatu,East Asia & Pacific,Lower middle income,2011,7.82015970798529,
VUT,VU,Vanuatu,East Asia & Pacific,Lower middle income,2012,7.82678528887575,
VUT,VU,Vanuatu,East Asia & Pacific,Lower middle income,2013,14.1043951624069,-5.73666118490053
VUT,VU,Vanuatu,East Asia & Pacific,Lower middle income,2014,10.72651222798,8.87090949485617
VUT,VU,Vanuatu,East Asia & Pacific,Lower middle income,2015,12.2669904276453,4.41669626030177
VUT,VU,Vanuatu,East Asia & Pacific,Lower middle income,2016,10.8098880003735,7.89470092480432
VUT,VU,Vanuatu,East Asia & Pacific,Lower middle income,2017,15.0452264354829,4.9337740040003
VUT,VU,Vanuatu,East Asia & Pacific,Lower middle income,2018,,6.7164167224473
VUT,VU,Vanuatu,East Asia & Pacific,Lower middle income,2019,,6.33684058160548
VUT,VU,Vanuatu,East Asia & Pacific,Lower middle income,2020,,7.36055114028835
VUT,VU,Vanuatu,East Asia & Pacific,Lower middle income,2021,,5.95475615137642
VUT,VU,Vanuatu,East Asia & Pacific,Lower middle income,2022,,3.51982065703929
VUT,VU,Vanuatu,East Asia & Pacific,Lower middle income,2023,,8.24004479858318
VUT,VU,Vanuatu,East Asia & Pacific,Lower middle income,2024,,3.14585067557593
WSM,WS,Samoa,East Asia & Pacific,Upper middle income,2000,,
WSM,WS,Samoa,East Asia & Pacific,Upper middle income,2001,,7.93595960342519
WSM,WS,Samoa,East Asia & Pacific,Upper middle income,2002,,9.81902742755991
WSM,WS,Samoa,East Asia & Pacific,Upper middle income,2003,,8.51719312456674
WSM,WS,Samoa,East Asia & Pacific,Upper middle income,2004,,3.88340999544769
WSM,WS,Samoa,East Asia & Pacific,Upper middle income,2005,,7.14684078660197
WSM,WS,Samoa,East Asia & Pacific,Upper middle income,2006,,6.12454095170627
WSM,WS,Samoa,East Asia & Pacific,Upper middle income,2007,,4.80249955932429
WSM,WS,Samoa,East Asia & Pacific,Upper middle income,2008,,3.2450642672478
WSM,WS,Samoa,East Asia & Pacific,Upper middle income,2009,,10.2330929055009
WSM,WS,Samoa,East Asia & Pacific,Upper middle income,2010,,16.7266894490841
WSM,WS,Samoa,East Asia & Pacific,Upper middle income,2011,,10.9721914663177
WSM,WS,Samoa,East Asia & Pacific,Upper middle income,2012,,5.60773084163378
WSM,WS,Samoa,East Asia & Pacific,Upper middle income,2013,,7.67447772362735
WSM,WS,Samoa,East Asia & Pacific,Upper middle income,2014,,9.08438667412642
WSM,WS,Samoa,East Asia & Pacific,Upper middle income,2015,,5.33226059335482
WSM,WS,Samoa,East Asia & Pacific,Upper middle income,2016,3.72405853190228,6.69658805074628
WSM,WS,Samoa,East Asia & Pacific,Upper middle income,2017,5.28277454094001,8.43105450180022
WSM,WS,Samoa,East Asia & Pacific,Upper middle income,2018,3.60416147310541,7.76726514812698
WSM,WS,Samoa,East Asia & Pacific,Upper middle income,2019,3.95248764606907,7.31991929261315
WSM,WS,Samoa,East Asia & Pacific,Upper middle income,2020,3.84423551921777,7.3923947705346
WSM,WS,Samoa,East Asia & Pacific,Upper middle income,2021,3.55056387502311,9.29101937132664
WSM,WS,Samoa,East Asia & Pacific,Upper middle income,2022,4.98291772854717,5.60528021247199
WSM,WS,Samoa,East Asia & Pacific,Upper middle income,2023,5.37135173195123,1.39483613006814
WSM,WS,Samoa,East Asia & Pacific,Upper middle income,2024,4.20226648010875,0.00513474008971874
XKX,XK,Kosovo,Europe & Central Asia,Upper middle income,2000,,
XKX,XK,Kosovo,Europe & Central Asia,Upper middle income,2001,,
XKX,XK,Kosovo,Europe & Central Asia,Upper middle income,2002,,
XKX,XK,Kosovo,Europe & Central Asia,Upper middle income,2003,,
XKX,XK,Kosovo,Europe & Central Asia,Upper middle income,2004,,
XKX,XK,Kosovo,Europe & Central Asia,Upper middle income,2005,,
XKX,XK,Kosovo,Europe & Central Asia,Upper middle income,2006,,
XKX,XK,Kosovo,Europe & Central Asia,Upper middle income,2007,,
XKX,XK,Kosovo,Europe & Central Asia,Upper middle income,2008,,
XKX,XK,Kosovo,Europe & Central Asia,Upper middle income,2009,,17.7250694690864
XKX,XK,Kosovo,Europe & Central Asia,Upper middle income,2010,5.69841005452576,7.49436222856692
XKX,XK,Kosovo,Europe & Central Asia,Upper middle income,2011,5.60078770656018,7.02819308420878
XKX,XK,Kosovo,Europe & Central Asia,Upper middle income,2012,7.16122893927306,8.82916677524908
XKX,XK,Kosovo,Europe & Central Asia,Upper middle income,2013,8.1331988515195,11.4265227251928
XKX,XK,Kosovo,Europe & Central Asia,Upper middle income,2014,7.9569987721034,8.87148961121219
XKX,XK,Kosovo,Europe & Central Asia,Upper middle income,2015,5.83242585494619,7.66556492106195
XKX,XK,Kosovo,Europe & Central Asia,Upper middle income,2016,4.66137799499364,6.61599044931985
XKX,XK,Kosovo,Europe & Central Asia,Upper middle income,2017,2.93417258582565,6.36467506803805
XKX,XK,Kosovo,Europe & Central Asia,Upper middle income,2018,2.56894447422835,5.07900884074454
XKX,XK,Kosovo,Europe & Central Asia,Upper middle income,2019,1.93256959783445,
XKX,XK,Kosovo,Europe & Central Asia,Upper middle income,2020,2.47418317289528,
XKX,XK,Kosovo,Europe & Central Asia,Upper middle income,2021,2.13270464070687,
XKX,XK,Kosovo,Europe & Central Asia,Upper middle income,2022,1.93605113644216,
XKX,XK,Kosovo,Europe & Central Asia,Upper middle income,2023,1.93387207399385,
XKX,XK,Kosovo,Europe & Central Asia,Upper middle income,2024,1.86408526407201,
YEM,YE,"Yemen, Rep.","Middle East, North Africa, Afghanistan & Pakistan",Low income,2000,,-3.08431862863075
YEM,YE,"Yemen, Rep.","Middle East, North Africa, Afghanistan & Pakistan",Low income,2001,,14.3572339769979
YEM,YE,"Yemen, Rep.","Middle East, North Africa, Afghanistan & Pakistan",Low income,2002,,8.27550108571082
YEM,YE,"Yemen, Rep.","Middle East, North Africa, Afghanistan & Pakistan",Low income,2003,,6.40951122422722
YEM,YE,"Yemen, Rep.","Middle East, North Africa, Afghanistan & Pakistan",Low income,2004,,3.84414370907284
YEM,YE,"Yemen, Rep.","Middle East, North Africa, Afghanistan & Pakistan",Low income,2005,,-0.449960737491968
YEM,YE,"Yemen, Rep.","Middle East, North Africa, Afghanistan & Pakistan",Low income,2006,,3.883621145591
YEM,YE,"Yemen, Rep.","Middle East, North Africa, Afghanistan & Pakistan",Low income,2007,,6.41340762882513
YEM,YE,"Yemen, Rep.","Middle East, North Africa, Afghanistan & Pakistan",Low income,2008,,-1.97523737577545
YEM,YE,"Yemen, Rep.","Middle East, North Africa, Afghanistan & Pakistan",Low income,2009,,29.2517103958068
YEM,YE,"Yemen, Rep.","Middle East, North Africa, Afghanistan & Pakistan",Low income,2010,,0.174627011628769
YEM,YE,"Yemen, Rep.","Middle East, North Africa, Afghanistan & Pakistan",Low income,2011,,5.83025953972386
YEM,YE,"Yemen, Rep.","Middle East, North Africa, Afghanistan & Pakistan",Low income,2012,,17.5713344205015
YEM,YE,"Yemen, Rep.","Middle East, North Africa, Afghanistan & Pakistan",Low income,2013,,11.7887549277275
YEM,YE,"Yemen, Rep.","Middle East, North Africa, Afghanistan & Pakistan",Low income,2014,,
YEM,YE,"Yemen, Rep.","Middle East, North Africa, Afghanistan & Pakistan",Low income,2015,,
YEM,YE,"Yemen, Rep.","Middle East, North Africa, Afghanistan & Pakistan",Low income,2016,,
YEM,YE,"Yemen, Rep.","Middle East, North Africa, Afghanistan & Pakistan",Low income,2017,,
YEM,YE,"Yemen, Rep.","Middle East, North Africa, Afghanistan & Pakistan",Low income,2018,,
YEM,YE,"Yemen, Rep.","Middle East, North Africa, Afghanistan & Pakistan",Low income,2019,,
YEM,YE,"Yemen, Rep.","Middle East, North Africa, Afghanistan & Pakistan",Low income,2020,,
YEM,YE,"Yemen, Rep.","Middle East, North Africa, Afghanistan & Pakistan",Low income,2021,,
YEM,YE,"Yemen, Rep.","Middle East, North Africa, Afghanistan & Pakistan",Low income,2022,,
YEM,YE,"Yemen, Rep.","Middle East, North Africa, Afghanistan & Pakistan",Low income,2023,,
YEM,YE,"Yemen, Rep.","Middle East, North Africa, Afghanistan & Pakistan",Low income,2024,,
ZAF,ZA,South Africa,Sub-Saharan Africa,Upper middle income,2000,,4.87058238653657
ZAF,ZA,South Africa,Sub-Saharan Africa,Upper middle income,2001,,5.53834143339364
ZAF,ZA,South Africa,Sub-Saharan Africa,Upper middle income,2002,,2.85418551575979
ZAF,ZA,South Africa,Sub-Saharan Africa,Upper middle income,2003,,8.04784838936572
ZAF,ZA,South Africa,Sub-Saharan Africa,Upper middle income,2004,,4.95038435886218
ZAF,ZA,South Africa,Sub-Saharan Africa,Upper middle income,2005,,4.76148920296545
ZAF,ZA,South Africa,Sub-Saharan Africa,Upper middle income,2006,,4.81030227960517
ZAF,ZA,South Africa,Sub-Saharan Africa,Upper middle income,2007,,4.54604566856022
ZAF,ZA,South Africa,Sub-Saharan Africa,Upper middle income,2008,3.92151508288564,6.74515150291692
ZAF,ZA,South Africa,Sub-Saharan Africa,Upper middle income,2009,5.93611112398251,2.80250897674709
ZAF,ZA,South Africa,Sub-Saharan Africa,Upper middle income,2010,5.79213600421704,3.49095978979672
ZAF,ZA,South Africa,Sub-Saharan Africa,Upper middle income,2011,4.68085453063316,3.27930122317635
ZAF,ZA,South Africa,Sub-Saharan Africa,Upper middle income,2012,4.04289177410579,3.88287299810937
ZAF,ZA,South Africa,Sub-Saharan Africa,Upper middle income,2013,3.64128702921644,2.50924549715633
ZAF,ZA,South Africa,Sub-Saharan Africa,Upper middle income,2014,3.24484679094119,3.56702763012509
ZAF,ZA,South Africa,Sub-Saharan Africa,Upper middle income,2015,3.12168564309893,3.66774283297156
ZAF,ZA,South Africa,Sub-Saharan Africa,Upper middle income,2016,2.85780789685003,3.27825167845196
ZAF,ZA,South Africa,Sub-Saharan Africa,Upper middle income,2017,2.84200004498428,4.64731548547952
ZAF,ZA,South Africa,Sub-Saharan Africa,Upper middle income,2018,3.72802083553832,5.85618355804153
ZAF,ZA,South Africa,Sub-Saharan Africa,Upper middle income,2019,3.8923903817602,5.26841565254553
ZAF,ZA,South Africa,Sub-Saharan Africa,Upper middle income,2020,5.18028329482246,2.19841383909371
ZAF,ZA,South Africa,Sub-Saharan Africa,Upper middle income,2021,4.4542556212951,0.595087859723449
ZAF,ZA,South Africa,Sub-Saharan Africa,Upper middle income,2022,4.14167269623936,3.37387624023208
ZAF,ZA,South Africa,Sub-Saharan Africa,Upper middle income,2023,4.72216238902933,6.47206699043374
ZAF,ZA,South Africa,Sub-Saharan Africa,Upper middle income,2024,4.53555112448807,7.41753982186412
ZMB,ZM,Zambia,Sub-Saharan Africa,Lower middle income,2000,,4.6647680701877
ZMB,ZM,Zambia,Sub-Saharan Africa,Lower middle income,2001,,16.6774634895963
ZMB,ZM,Zambia,Sub-Saharan Africa,Lower middle income,2002,,21.6156242816087
ZMB,ZM,Zambia,Sub-Saharan Africa,Lower middle income,2003,,19.5253414742067
ZMB,ZM,Zambia,Sub-Saharan Africa,Lower middle income,2004,,9.19693364690934
ZMB,ZM,Zambia,Sub-Saharan Africa,Lower middle income,2005,,9.90908518429273
ZMB,ZM,Zambia,Sub-Saharan Africa,Lower middle income,2006,,7.51782024205524
ZMB,ZM,Zambia,Sub-Saharan Africa,Lower middle income,2007,8.29268685998542,5.24087063421901
ZMB,ZM,Zambia,Sub-Saharan Africa,Lower middle income,2008,6.16079889871222,7.61379538117008
ZMB,ZM,Zambia,Sub-Saharan Africa,Lower middle income,2009,27.1980586657819,15.6336334619814
ZMB,ZM,Zambia,Sub-Saharan Africa,Lower middle income,2010,14.8235944117761,6.11294221169531
ZMB,ZM,Zambia,Sub-Saharan Africa,Lower middle income,2011,10.3765643433032,6.95655957659878
ZMB,ZM,Zambia,Sub-Saharan Africa,Lower middle income,2012,8.10539058575298,4.82147742594943
ZMB,ZM,Zambia,Sub-Saharan Africa,Lower middle income,2013,6.95836224281355,-0.191430038192798
ZMB,ZM,Zambia,Sub-Saharan Africa,Lower middle income,2014,6.10431821561777,5.81636783051129
ZMB,ZM,Zambia,Sub-Saharan Africa,Lower middle income,2015,7.27920989434563,6.17921585248158
ZMB,ZM,Zambia,Sub-Saharan Africa,Lower middle income,2016,9.66494478806436,1.69392927805065
ZMB,ZM,Zambia,Sub-Saharan Africa,Lower middle income,2017,11.9837030549505,2.0914904852687
ZMB,ZM,Zambia,Sub-Saharan Africa,Lower middle income,2018,10.9511985266962,2.21586529013412
ZMB,ZM,Zambia,Sub-Saharan Africa,Lower middle income,2019,8.90727795611646,2.46967432530594
ZMB,ZM,Zambia,Sub-Saharan Africa,Lower middle income,2020,11.6305661246946,-3.89303245264567
ZMB,ZM,Zambia,Sub-Saharan Africa,Lower middle income,2021,5.82203274352001,
ZMB,ZM,Zambia,Sub-Saharan Africa,Lower middle income,2022,4.98070477108037,
ZMB,ZM,Zambia,Sub-Saharan Africa,Lower middle income,2023,4.21601675932856,
ZMB,ZM,Zambia,Sub-Saharan Africa,Lower middle income,2024,4.06472934916428,
ZWE,ZW,Zimbabwe,Sub-Saharan Africa,Lower middle income,2000,,
ZWE,ZW,Zimbabwe,Sub-Saharan Africa,Lower middle income,2001,,
ZWE,ZW,Zimbabwe,Sub-Saharan Africa,Lower middle income,2002,,
ZWE,ZW,Zimbabwe,Sub-Saharan Africa,Lower middle income,2003,,
ZWE,ZW,Zimbabwe,Sub-Saharan Africa,Lower middle income,2004,,
ZWE,ZW,Zimbabwe,Sub-Saharan Africa,Lower middle income,2005,,
ZWE,ZW,Zimbabwe,Sub-Saharan Africa,Lower middle income,2006,,
ZWE,ZW,Zimbabwe,Sub-Saharan Africa,Lower middle income,2007,,
ZWE,ZW,Zimbabwe,Sub-Saharan Africa,Lower middle income,2008,,
ZWE,ZW,Zimbabwe,Sub-Saharan Africa,Lower middle income,2009,,
ZWE,ZW,Zimbabwe,Sub-Saharan Africa,Lower middle income,2010,,
ZWE,ZW,Zimbabwe,Sub-Saharan Africa,Lower middle income,2011,,
ZWE,ZW,Zimbabwe,Sub-Saharan Africa,Lower middle income,2012,,7.27464858446583
ZWE,ZW,Zimbabwe,Sub-Saharan Africa,Lower middle income,2013,,0.337314876571312
ZWE,ZW,Zimbabwe,Sub-Saharan Africa,Lower middle income,2014,,9.74402156755415
ZWE,ZW,Zimbabwe,Sub-Saharan Africa,Lower middle income,2015,,7.88649296252919
ZWE,ZW,Zimbabwe,Sub-Saharan Africa,Lower middle income,2016,,4.84676501119519
ZWE,ZW,Zimbabwe,Sub-Saharan Africa,Lower middle income,2017,,-64.0569870550594
ZWE,ZW,Zimbabwe,Sub-Saharan Africa,Lower middle income,2018,,3.45482465727136
ZWE,ZW,Zimbabwe,Sub-Saharan Africa,Lower middle income,2019,,-76.6315761576556
ZWE,ZW,Zimbabwe,Sub-Saharan Africa,Lower middle income,2020,,-80.610262143418
ZWE,ZW,Zimbabwe,Sub-Saharan Africa,Lower middle income,2021,,-30.3181952038656
ZWE,ZW,Zimbabwe,Sub-Saharan Africa,Lower middle income,2022,,-38.0936507384686
ZWE,ZW,Zimbabwe,Sub-Saharan Africa,Lower middle income,2023,,-68.8772669884142
ZWE,ZW,Zimbabwe,Sub-Saharan Africa,Lower middle income,2024,,-85.8970318797999
