iso3,iso2,country,region,income_level,year,battle_related_deaths,armed_conflict_dummy,log_battle_related_deaths
ABW,AW,Aruba,Latin America & Caribbean,High income,2000,,,
ABW,AW,Aruba,Latin America & Caribbean,High income,2001,,,
ABW,AW,Aruba,Latin America & Caribbean,High income,2002,,,
ABW,AW,Aruba,Latin America & Caribbean,High income,2003,,,
ABW,AW,Aruba,Latin America & Caribbean,High income,2004,,,
ABW,AW,Aruba,Latin America & Caribbean,High income,2005,,,
ABW,AW,Aruba,Latin America & Caribbean,High income,2006,,,
ABW,AW,Aruba,Latin America & Caribbean,High income,2007,,,
ABW,AW,Aruba,Latin America & Caribbean,High income,2008,,,
ABW,AW,Aruba,Latin America & Caribbean,High income,2009,,,
ABW,AW,Aruba,Latin America & Caribbean,High income,2010,,,
ABW,AW,Aruba,Latin America & Caribbean,High income,2011,,,
ABW,AW,Aruba,Latin America & Caribbean,High income,2012,,,
ABW,AW,Aruba,Latin America & Caribbean,High income,2013,,,
ABW,AW,Aruba,Latin America & Caribbean,High income,2014,,,
ABW,AW,Aruba,Latin America & Caribbean,High income,2015,,,
ABW,AW,Aruba,Latin America & Caribbean,High income,2016,,,
ABW,AW,Aruba,Latin America & Caribbean,High income,2017,,,
ABW,AW,Aruba,Latin America & Caribbean,High income,2018,,,
ABW,AW,Aruba,Latin America & Caribbean,High income,2019,,,
ABW,AW,Aruba,Latin America & Caribbean,High income,2020,,,
ABW,AW,Aruba,Latin America & Caribbean,High income,2021,,,
ABW,AW,Aruba,Latin America & Caribbean,High income,2022,,,
ABW,AW,Aruba,Latin America & Caribbean,High income,2023,,,
ABW,AW,Aruba,Latin America & Caribbean,High income,2024,,,
AFG,AF,Afghanistan,"Middle East, North Africa, Afghanistan & Pakistan",Low income,2000,5235.0,1.0,8.56331312702979
AFG,AF,Afghanistan,"Middle East, North Africa, Afghanistan & Pakistan",Low income,2001,5055.0,1.0,8.528330935826693
AFG,AF,Afghanistan,"Middle East, North Africa, Afghanistan & Pakistan",Low income,2002,890.0,1.0,6.792344427470809
AFG,AF,Afghanistan,"Middle East, North Africa, Afghanistan & Pakistan",Low income,2003,687.0,1.0,6.5337888379333435
AFG,AF,Afghanistan,"Middle East, North Africa, Afghanistan & Pakistan",Low income,2004,715.0,1.0,6.573680166960646
AFG,AF,Afghanistan,"Middle East, North Africa, Afghanistan & Pakistan",Low income,2005,1595.0,1.0,7.3752557780097545
AFG,AF,Afghanistan,"Middle East, North Africa, Afghanistan & Pakistan",Low income,2006,4750.0,1.0,8.46611040118692
AFG,AF,Afghanistan,"Middle East, North Africa, Afghanistan & Pakistan",Low income,2007,6911.0,1.0,8.841014310483892
AFG,AF,Afghanistan,"Middle East, North Africa, Afghanistan & Pakistan",Low income,2008,5552.0,1.0,8.622093601241607
AFG,AF,Afghanistan,"Middle East, North Africa, Afghanistan & Pakistan",Low income,2009,6341.0,1.0,8.754949455098293
AFG,AF,Afghanistan,"Middle East, North Africa, Afghanistan & Pakistan",Low income,2010,6864.0,1.0,8.834191318202071
AFG,AF,Afghanistan,"Middle East, North Africa, Afghanistan & Pakistan",Low income,2011,7403.0,1.0,8.909775673693389
AFG,AF,Afghanistan,"Middle East, North Africa, Afghanistan & Pakistan",Low income,2012,7721.0,1.0,8.951828676824181
AFG,AF,Afghanistan,"Middle East, North Africa, Afghanistan & Pakistan",Low income,2013,8056.0,1.0,8.994296557777195
AFG,AF,Afghanistan,"Middle East, North Africa, Afghanistan & Pakistan",Low income,2014,12284.0,1.0,9.41613428495528
AFG,AF,Afghanistan,"Middle East, North Africa, Afghanistan & Pakistan",Low income,2015,17303.0,1.0,9.758692967632895
AFG,AF,Afghanistan,"Middle East, North Africa, Afghanistan & Pakistan",Low income,2016,17985.0,1.0,9.79734895647446
AFG,AF,Afghanistan,"Middle East, North Africa, Afghanistan & Pakistan",Low income,2017,19014.0,1.0,9.85298342036236
AFG,AF,Afghanistan,"Middle East, North Africa, Afghanistan & Pakistan",Low income,2018,25676.0,1.0,10.153350928549719
AFG,AF,Afghanistan,"Middle East, North Africa, Afghanistan & Pakistan",Low income,2019,29940.0,1.0,10.306984057549448
AFG,AF,Afghanistan,"Middle East, North Africa, Afghanistan & Pakistan",Low income,2020,20475.0,1.0,9.927008747577474
AFG,AF,Afghanistan,"Middle East, North Africa, Afghanistan & Pakistan",Low income,2021,35787.0,1.0,10.485367920667487
AFG,AF,Afghanistan,"Middle East, North Africa, Afghanistan & Pakistan",Low income,2022,917.0,1.0,6.822197390620491
AFG,AF,Afghanistan,"Middle East, North Africa, Afghanistan & Pakistan",Low income,2023,237.0,1.0,5.472270673671475
AFG,AF,Afghanistan,"Middle East, North Africa, Afghanistan & Pakistan",Low income,2024,260.0,1.0,5.564520407322694
AGO,AO,Angola,Sub-Saharan Africa,Lower middle income,2000,946.0,1.0,6.853299093186078
AGO,AO,Angola,Sub-Saharan Africa,Lower middle income,2001,1123.0,1.0,7.024649030453636
AGO,AO,Angola,Sub-Saharan Africa,Lower middle income,2002,521.0,1.0,6.257667587882639
AGO,AO,Angola,Sub-Saharan Africa,Lower middle income,2003,25.0,1.0,3.258096538021482
AGO,AO,Angola,Sub-Saharan Africa,Lower middle income,2004,25.0,1.0,3.258096538021482
AGO,AO,Angola,Sub-Saharan Africa,Lower middle income,2005,,,
AGO,AO,Angola,Sub-Saharan Africa,Lower middle income,2006,,,
AGO,AO,Angola,Sub-Saharan Africa,Lower middle income,2007,25.0,1.0,3.258096538021482
AGO,AO,Angola,Sub-Saharan Africa,Lower middle income,2008,,,
AGO,AO,Angola,Sub-Saharan Africa,Lower middle income,2009,25.0,1.0,3.258096538021482
AGO,AO,Angola,Sub-Saharan Africa,Lower middle income,2010,,,
AGO,AO,Angola,Sub-Saharan Africa,Lower middle income,2011,,,
AGO,AO,Angola,Sub-Saharan Africa,Lower middle income,2012,,,
AGO,AO,Angola,Sub-Saharan Africa,Lower middle income,2013,,,
AGO,AO,Angola,Sub-Saharan Africa,Lower middle income,2014,,,
AGO,AO,Angola,Sub-Saharan Africa,Lower middle income,2015,,,
AGO,AO,Angola,Sub-Saharan Africa,Lower middle income,2016,25.0,1.0,3.258096538021482
AGO,AO,Angola,Sub-Saharan Africa,Lower middle income,2017,25.0,1.0,3.258096538021482
AGO,AO,Angola,Sub-Saharan Africa,Lower middle income,2018,,,
AGO,AO,Angola,Sub-Saharan Africa,Lower middle income,2019,25.0,1.0,3.258096538021482
AGO,AO,Angola,Sub-Saharan Africa,Lower middle income,2020,21.0,1.0,3.091042453358316
AGO,AO,Angola,Sub-Saharan Africa,Lower middle income,2021,,,
AGO,AO,Angola,Sub-Saharan Africa,Lower middle income,2022,20.0,1.0,3.044522437723423
AGO,AO,Angola,Sub-Saharan Africa,Lower middle income,2023,,,
AGO,AO,Angola,Sub-Saharan Africa,Lower middle income,2024,25.0,1.0,3.258096538021482
ALB,AL,Albania,Europe & Central Asia,Upper middle income,2000,,,
ALB,AL,Albania,Europe & Central Asia,Upper middle income,2001,,,
ALB,AL,Albania,Europe & Central Asia,Upper middle income,2002,,,
ALB,AL,Albania,Europe & Central Asia,Upper middle income,2003,,,
ALB,AL,Albania,Europe & Central Asia,Upper middle income,2004,,,
ALB,AL,Albania,Europe & Central Asia,Upper middle income,2005,,,
ALB,AL,Albania,Europe & Central Asia,Upper middle income,2006,,,
ALB,AL,Albania,Europe & Central Asia,Upper middle income,2007,,,
ALB,AL,Albania,Europe & Central Asia,Upper middle income,2008,,,
ALB,AL,Albania,Europe & Central Asia,Upper middle income,2009,,,
ALB,AL,Albania,Europe & Central Asia,Upper middle income,2010,,,
ALB,AL,Albania,Europe & Central Asia,Upper middle income,2011,,,
ALB,AL,Albania,Europe & Central Asia,Upper middle income,2012,,,
ALB,AL,Albania,Europe & Central Asia,Upper middle income,2013,,,
ALB,AL,Albania,Europe & Central Asia,Upper middle income,2014,,,
ALB,AL,Albania,Europe & Central Asia,Upper middle income,2015,,,
ALB,AL,Albania,Europe & Central Asia,Upper middle income,2016,,,
ALB,AL,Albania,Europe & Central Asia,Upper middle income,2017,,,
ALB,AL,Albania,Europe & Central Asia,Upper middle income,2018,,,
ALB,AL,Albania,Europe & Central Asia,Upper middle income,2019,,,
ALB,AL,Albania,Europe & Central Asia,Upper middle income,2020,,,
ALB,AL,Albania,Europe & Central Asia,Upper middle income,2021,,,
ALB,AL,Albania,Europe & Central Asia,Upper middle income,2022,,,
ALB,AL,Albania,Europe & Central Asia,Upper middle income,2023,,,
ALB,AL,Albania,Europe & Central Asia,Upper middle income,2024,,,
AND,AD,Andorra,Europe & Central Asia,High income,2000,,,
AND,AD,Andorra,Europe & Central Asia,High income,2001,,,
AND,AD,Andorra,Europe & Central Asia,High income,2002,,,
AND,AD,Andorra,Europe & Central Asia,High income,2003,,,
AND,AD,Andorra,Europe & Central Asia,High income,2004,,,
AND,AD,Andorra,Europe & Central Asia,High income,2005,,,
AND,AD,Andorra,Europe & Central Asia,High income,2006,,,
AND,AD,Andorra,Europe & Central Asia,High income,2007,,,
AND,AD,Andorra,Europe & Central Asia,High income,2008,,,
AND,AD,Andorra,Europe & Central Asia,High income,2009,,,
AND,AD,Andorra,Europe & Central Asia,High income,2010,,,
AND,AD,Andorra,Europe & Central Asia,High income,2011,,,
AND,AD,Andorra,Europe & Central Asia,High income,2012,,,
AND,AD,Andorra,Europe & Central Asia,High income,2013,,,
AND,AD,Andorra,Europe & Central Asia,High income,2014,,,
AND,AD,Andorra,Europe & Central Asia,High income,2015,,,
AND,AD,Andorra,Europe & Central Asia,High income,2016,,,
AND,AD,Andorra,Europe & Central Asia,High income,2017,,,
AND,AD,Andorra,Europe & Central Asia,High income,2018,,,
AND,AD,Andorra,Europe & Central Asia,High income,2019,,,
AND,AD,Andorra,Europe & Central Asia,High income,2020,,,
AND,AD,Andorra,Europe & Central Asia,High income,2021,,,
AND,AD,Andorra,Europe & Central Asia,High income,2022,,,
AND,AD,Andorra,Europe & Central Asia,High income,2023,,,
AND,AD,Andorra,Europe & Central Asia,High income,2024,,,
ARE,AE,United Arab Emirates,"Middle East, North Africa, Afghanistan & Pakistan",High income,2000,,,
ARE,AE,United Arab Emirates,"Middle East, North Africa, Afghanistan & Pakistan",High income,2001,,,
ARE,AE,United Arab Emirates,"Middle East, North Africa, Afghanistan & Pakistan",High income,2002,,,
ARE,AE,United Arab Emirates,"Middle East, North Africa, Afghanistan & Pakistan",High income,2003,,,
ARE,AE,United Arab Emirates,"Middle East, North Africa, Afghanistan & Pakistan",High income,2004,,,
ARE,AE,United Arab Emirates,"Middle East, North Africa, Afghanistan & Pakistan",High income,2005,,,
ARE,AE,United Arab Emirates,"Middle East, North Africa, Afghanistan & Pakistan",High income,2006,,,
ARE,AE,United Arab Emirates,"Middle East, North Africa, Afghanistan & Pakistan",High income,2007,,,
ARE,AE,United Arab Emirates,"Middle East, North Africa, Afghanistan & Pakistan",High income,2008,,,
ARE,AE,United Arab Emirates,"Middle East, North Africa, Afghanistan & Pakistan",High income,2009,,,
ARE,AE,United Arab Emirates,"Middle East, North Africa, Afghanistan & Pakistan",High income,2010,,,
ARE,AE,United Arab Emirates,"Middle East, North Africa, Afghanistan & Pakistan",High income,2011,,,
ARE,AE,United Arab Emirates,"Middle East, North Africa, Afghanistan & Pakistan",High income,2012,,,
ARE,AE,United Arab Emirates,"Middle East, North Africa, Afghanistan & Pakistan",High income,2013,,,
ARE,AE,United Arab Emirates,"Middle East, North Africa, Afghanistan & Pakistan",High income,2014,,,
ARE,AE,United Arab Emirates,"Middle East, North Africa, Afghanistan & Pakistan",High income,2015,,,
ARE,AE,United Arab Emirates,"Middle East, North Africa, Afghanistan & Pakistan",High income,2016,,,
ARE,AE,United Arab Emirates,"Middle East, North Africa, Afghanistan & Pakistan",High income,2017,,,
ARE,AE,United Arab Emirates,"Middle East, North Africa, Afghanistan & Pakistan",High income,2018,,,
ARE,AE,United Arab Emirates,"Middle East, North Africa, Afghanistan & Pakistan",High income,2019,,,
ARE,AE,United Arab Emirates,"Middle East, North Africa, Afghanistan & Pakistan",High income,2020,,,
ARE,AE,United Arab Emirates,"Middle East, North Africa, Afghanistan & Pakistan",High income,2021,,,
ARE,AE,United Arab Emirates,"Middle East, North Africa, Afghanistan & Pakistan",High income,2022,3.0,1.0,1.3862943611198906
ARE,AE,United Arab Emirates,"Middle East, North Africa, Afghanistan & Pakistan",High income,2023,,,
ARE,AE,United Arab Emirates,"Middle East, North Africa, Afghanistan & Pakistan",High income,2024,,,
ARG,AR,Argentina,Latin America & Caribbean,Upper middle income,2000,,,
ARG,AR,Argentina,Latin America & Caribbean,Upper middle income,2001,,,
ARG,AR,Argentina,Latin America & Caribbean,Upper middle income,2002,,,
ARG,AR,Argentina,Latin America & Caribbean,Upper middle income,2003,,,
ARG,AR,Argentina,Latin America & Caribbean,Upper middle income,2004,,,
ARG,AR,Argentina,Latin America & Caribbean,Upper middle income,2005,,,
ARG,AR,Argentina,Latin America & Caribbean,Upper middle income,2006,,,
ARG,AR,Argentina,Latin America & Caribbean,Upper middle income,2007,,,
ARG,AR,Argentina,Latin America & Caribbean,Upper middle income,2008,,,
ARG,AR,Argentina,Latin America & Caribbean,Upper middle income,2009,,,
ARG,AR,Argentina,Latin America & Caribbean,Upper middle income,2010,,,
ARG,AR,Argentina,Latin America & Caribbean,Upper middle income,2011,,,
ARG,AR,Argentina,Latin America & Caribbean,Upper middle income,2012,,,
ARG,AR,Argentina,Latin America & Caribbean,Upper middle income,2013,,,
ARG,AR,Argentina,Latin America & Caribbean,Upper middle income,2014,,,
ARG,AR,Argentina,Latin America & Caribbean,Upper middle income,2015,,,
ARG,AR,Argentina,Latin America & Caribbean,Upper middle income,2016,,,
ARG,AR,Argentina,Latin America & Caribbean,Upper middle income,2017,,,
ARG,AR,Argentina,Latin America & Caribbean,Upper middle income,2018,,,
ARG,AR,Argentina,Latin America & Caribbean,Upper middle income,2019,,,
ARG,AR,Argentina,Latin America & Caribbean,Upper middle income,2020,,,
ARG,AR,Argentina,Latin America & Caribbean,Upper middle income,2021,,,
ARG,AR,Argentina,Latin America & Caribbean,Upper middle income,2022,,,
ARG,AR,Argentina,Latin America & Caribbean,Upper middle income,2023,,,
ARG,AR,Argentina,Latin America & Caribbean,Upper middle income,2024,,,
ARM,AM,Armenia,Europe & Central Asia,Upper middle income,2000,,,
ARM,AM,Armenia,Europe & Central Asia,Upper middle income,2001,,,
ARM,AM,Armenia,Europe & Central Asia,Upper middle income,2002,,,
ARM,AM,Armenia,Europe & Central Asia,Upper middle income,2003,,,
ARM,AM,Armenia,Europe & Central Asia,Upper middle income,2004,,,
ARM,AM,Armenia,Europe & Central Asia,Upper middle income,2005,1.0,1.0,0.6931471805599453
ARM,AM,Armenia,Europe & Central Asia,Upper middle income,2006,,,
ARM,AM,Armenia,Europe & Central Asia,Upper middle income,2007,,,
ARM,AM,Armenia,Europe & Central Asia,Upper middle income,2008,,,
ARM,AM,Armenia,Europe & Central Asia,Upper middle income,2009,,,
ARM,AM,Armenia,Europe & Central Asia,Upper middle income,2010,,,
ARM,AM,Armenia,Europe & Central Asia,Upper middle income,2011,,,
ARM,AM,Armenia,Europe & Central Asia,Upper middle income,2012,9.0,1.0,2.302585092994046
ARM,AM,Armenia,Europe & Central Asia,Upper middle income,2013,,,
ARM,AM,Armenia,Europe & Central Asia,Upper middle income,2014,,,
ARM,AM,Armenia,Europe & Central Asia,Upper middle income,2015,9.0,1.0,2.302585092994046
ARM,AM,Armenia,Europe & Central Asia,Upper middle income,2016,4.0,1.0,1.6094379124341003
ARM,AM,Armenia,Europe & Central Asia,Upper middle income,2017,,,
ARM,AM,Armenia,Europe & Central Asia,Upper middle income,2018,,,
ARM,AM,Armenia,Europe & Central Asia,Upper middle income,2019,,,
ARM,AM,Armenia,Europe & Central Asia,Upper middle income,2020,10.0,1.0,2.3978952727983707
ARM,AM,Armenia,Europe & Central Asia,Upper middle income,2021,10.0,1.0,2.3978952727983707
ARM,AM,Armenia,Europe & Central Asia,Upper middle income,2022,154.0,1.0,5.043425116919247
ARM,AM,Armenia,Europe & Central Asia,Upper middle income,2023,20.0,1.0,3.044522437723423
ARM,AM,Armenia,Europe & Central Asia,Upper middle income,2024,,,
ASM,AS,American Samoa,East Asia & Pacific,High income,2000,,,
ASM,AS,American Samoa,East Asia & Pacific,High income,2001,,,
ASM,AS,American Samoa,East Asia & Pacific,High income,2002,,,
ASM,AS,American Samoa,East Asia & Pacific,High income,2003,,,
ASM,AS,American Samoa,East Asia & Pacific,High income,2004,,,
ASM,AS,American Samoa,East Asia & Pacific,High income,2005,,,
ASM,AS,American Samoa,East Asia & Pacific,High income,2006,,,
ASM,AS,American Samoa,East Asia & Pacific,High income,2007,,,
ASM,AS,American Samoa,East Asia & Pacific,High income,2008,,,
ASM,AS,American Samoa,East Asia & Pacific,High income,2009,,,
ASM,AS,American Samoa,East Asia & Pacific,High income,2010,,,
ASM,AS,American Samoa,East Asia & Pacific,High income,2011,,,
ASM,AS,American Samoa,East Asia & Pacific,High income,2012,,,
ASM,AS,American Samoa,East Asia & Pacific,High income,2013,,,
ASM,AS,American Samoa,East Asia & Pacific,High income,2014,,,
ASM,AS,American Samoa,East Asia & Pacific,High income,2015,,,
ASM,AS,American Samoa,East Asia & Pacific,High income,2016,,,
ASM,AS,American Samoa,East Asia & Pacific,High income,2017,,,
ASM,AS,American Samoa,East Asia & Pacific,High income,2018,,,
ASM,AS,American Samoa,East Asia & Pacific,High income,2019,,,
ASM,AS,American Samoa,East Asia & Pacific,High income,2020,,,
ASM,AS,American Samoa,East Asia & Pacific,High income,2021,,,
ASM,AS,American Samoa,East Asia & Pacific,High income,2022,,,
ASM,AS,American Samoa,East Asia & Pacific,High income,2023,,,
ASM,AS,American Samoa,East Asia & Pacific,High income,2024,,,
ATG,AG,Antigua and Barbuda,Latin America & Caribbean,High income,2000,,,
ATG,AG,Antigua and Barbuda,Latin America & Caribbean,High income,2001,,,
ATG,AG,Antigua and Barbuda,Latin America & Caribbean,High income,2002,,,
ATG,AG,Antigua and Barbuda,Latin America & Caribbean,High income,2003,,,
ATG,AG,Antigua and Barbuda,Latin America & Caribbean,High income,2004,,,
ATG,AG,Antigua and Barbuda,Latin America & Caribbean,High income,2005,,,
ATG,AG,Antigua and Barbuda,Latin America & Caribbean,High income,2006,,,
ATG,AG,Antigua and Barbuda,Latin America & Caribbean,High income,2007,,,
ATG,AG,Antigua and Barbuda,Latin America & Caribbean,High income,2008,,,
ATG,AG,Antigua and Barbuda,Latin America & Caribbean,High income,2009,,,
ATG,AG,Antigua and Barbuda,Latin America & Caribbean,High income,2010,,,
ATG,AG,Antigua and Barbuda,Latin America & Caribbean,High income,2011,,,
ATG,AG,Antigua and Barbuda,Latin America & Caribbean,High income,2012,,,
ATG,AG,Antigua and Barbuda,Latin America & Caribbean,High income,2013,,,
ATG,AG,Antigua and Barbuda,Latin America & Caribbean,High income,2014,,,
ATG,AG,Antigua and Barbuda,Latin America & Caribbean,High income,2015,,,
ATG,AG,Antigua and Barbuda,Latin America & Caribbean,High income,2016,,,
ATG,AG,Antigua and Barbuda,Latin America & Caribbean,High income,2017,,,
ATG,AG,Antigua and Barbuda,Latin America & Caribbean,High income,2018,,,
ATG,AG,Antigua and Barbuda,Latin America & Caribbean,High income,2019,,,
ATG,AG,Antigua and Barbuda,Latin America & Caribbean,High income,2020,,,
ATG,AG,Antigua and Barbuda,Latin America & Caribbean,High income,2021,,,
ATG,AG,Antigua and Barbuda,Latin America & Caribbean,High income,2022,,,
ATG,AG,Antigua and Barbuda,Latin America & Caribbean,High income,2023,,,
ATG,AG,Antigua and Barbuda,Latin America & Caribbean,High income,2024,,,
AUS,AU,Australia,East Asia & Pacific,High income,2000,,,
AUS,AU,Australia,East Asia & Pacific,High income,2001,,,
AUS,AU,Australia,East Asia & Pacific,High income,2002,,,
AUS,AU,Australia,East Asia & Pacific,High income,2003,,,
AUS,AU,Australia,East Asia & Pacific,High income,2004,,,
AUS,AU,Australia,East Asia & Pacific,High income,2005,,,
AUS,AU,Australia,East Asia & Pacific,High income,2006,,,
AUS,AU,Australia,East Asia & Pacific,High income,2007,,,
AUS,AU,Australia,East Asia & Pacific,High income,2008,,,
AUS,AU,Australia,East Asia & Pacific,High income,2009,,,
AUS,AU,Australia,East Asia & Pacific,High income,2010,,,
AUS,AU,Australia,East Asia & Pacific,High income,2011,,,
AUS,AU,Australia,East Asia & Pacific,High income,2012,,,
AUS,AU,Australia,East Asia & Pacific,High income,2013,,,
AUS,AU,Australia,East Asia & Pacific,High income,2014,,,
AUS,AU,Australia,East Asia & Pacific,High income,2015,,,
AUS,AU,Australia,East Asia & Pacific,High income,2016,,,
AUS,AU,Australia,East Asia & Pacific,High income,2017,,,
AUS,AU,Australia,East Asia & Pacific,High income,2018,1.0,1.0,0.6931471805599453
AUS,AU,Australia,East Asia & Pacific,High income,2019,,,
AUS,AU,Australia,East Asia & Pacific,High income,2020,,,
AUS,AU,Australia,East Asia & Pacific,High income,2021,,,
AUS,AU,Australia,East Asia & Pacific,High income,2022,,,
AUS,AU,Australia,East Asia & Pacific,High income,2023,,,
AUS,AU,Australia,East Asia & Pacific,High income,2024,,,
AUT,AT,Austria,Europe & Central Asia,High income,2000,,,
AUT,AT,Austria,Europe & Central Asia,High income,2001,,,
AUT,AT,Austria,Europe & Central Asia,High income,2002,,,
AUT,AT,Austria,Europe & Central Asia,High income,2003,,,
AUT,AT,Austria,Europe & Central Asia,High income,2004,,,
AUT,AT,Austria,Europe & Central Asia,High income,2005,,,
AUT,AT,Austria,Europe & Central Asia,High income,2006,,,
AUT,AT,Austria,Europe & Central Asia,High income,2007,,,
AUT,AT,Austria,Europe & Central Asia,High income,2008,,,
AUT,AT,Austria,Europe & Central Asia,High income,2009,,,
AUT,AT,Austria,Europe & Central Asia,High income,2010,,,
AUT,AT,Austria,Europe & Central Asia,High income,2011,,,
AUT,AT,Austria,Europe & Central Asia,High income,2012,,,
AUT,AT,Austria,Europe & Central Asia,High income,2013,,,
AUT,AT,Austria,Europe & Central Asia,High income,2014,,,
AUT,AT,Austria,Europe & Central Asia,High income,2015,,,
AUT,AT,Austria,Europe & Central Asia,High income,2016,,,
AUT,AT,Austria,Europe & Central Asia,High income,2017,,,
AUT,AT,Austria,Europe & Central Asia,High income,2018,,,
AUT,AT,Austria,Europe & Central Asia,High income,2019,,,
AUT,AT,Austria,Europe & Central Asia,High income,2020,,,
AUT,AT,Austria,Europe & Central Asia,High income,2021,,,
AUT,AT,Austria,Europe & Central Asia,High income,2022,,,
AUT,AT,Austria,Europe & Central Asia,High income,2023,,,
AUT,AT,Austria,Europe & Central Asia,High income,2024,,,
AZE,AZ,Azerbaijan,Europe & Central Asia,Upper middle income,2000,,,
AZE,AZ,Azerbaijan,Europe & Central Asia,Upper middle income,2001,,,
AZE,AZ,Azerbaijan,Europe & Central Asia,Upper middle income,2002,,,
AZE,AZ,Azerbaijan,Europe & Central Asia,Upper middle income,2003,,,
AZE,AZ,Azerbaijan,Europe & Central Asia,Upper middle income,2004,,,
AZE,AZ,Azerbaijan,Europe & Central Asia,Upper middle income,2005,24.0,1.0,3.2188758248682006
AZE,AZ,Azerbaijan,Europe & Central Asia,Upper middle income,2006,,,
AZE,AZ,Azerbaijan,Europe & Central Asia,Upper middle income,2007,,,
AZE,AZ,Azerbaijan,Europe & Central Asia,Upper middle income,2008,30.0,1.0,3.4339872044851463
AZE,AZ,Azerbaijan,Europe & Central Asia,Upper middle income,2009,,,
AZE,AZ,Azerbaijan,Europe & Central Asia,Upper middle income,2010,,,
AZE,AZ,Azerbaijan,Europe & Central Asia,Upper middle income,2011,,,
AZE,AZ,Azerbaijan,Europe & Central Asia,Upper middle income,2012,16.0,1.0,2.833213344056216
AZE,AZ,Azerbaijan,Europe & Central Asia,Upper middle income,2013,,,
AZE,AZ,Azerbaijan,Europe & Central Asia,Upper middle income,2014,46.0,1.0,3.8501476017100584
AZE,AZ,Azerbaijan,Europe & Central Asia,Upper middle income,2015,63.0,1.0,4.1588830833596715
AZE,AZ,Azerbaijan,Europe & Central Asia,Upper middle income,2016,137.0,1.0,4.927253685157205
AZE,AZ,Azerbaijan,Europe & Central Asia,Upper middle income,2017,36.0,1.0,3.6109179126442243
AZE,AZ,Azerbaijan,Europe & Central Asia,Upper middle income,2018,,,
AZE,AZ,Azerbaijan,Europe & Central Asia,Upper middle income,2019,,,
AZE,AZ,Azerbaijan,Europe & Central Asia,Upper middle income,2020,7636.0,1.0,8.940760134888384
AZE,AZ,Azerbaijan,Europe & Central Asia,Upper middle income,2021,30.0,1.0,3.4339872044851463
AZE,AZ,Azerbaijan,Europe & Central Asia,Upper middle income,2022,154.0,1.0,5.043425116919247
AZE,AZ,Azerbaijan,Europe & Central Asia,Upper middle income,2023,442.0,1.0,6.093569770045136
AZE,AZ,Azerbaijan,Europe & Central Asia,Upper middle income,2024,,,
BDI,BI,Burundi,Sub-Saharan Africa,Low income,2000,1529.0,1.0,7.333023014386481
BDI,BI,Burundi,Sub-Saharan Africa,Low income,2001,1231.0,1.0,7.116394144093465
BDI,BI,Burundi,Sub-Saharan Africa,Low income,2002,1349.0,1.0,7.2078598714324755
BDI,BI,Burundi,Sub-Saharan Africa,Low income,2003,912.0,1.0,6.816735880594968
BDI,BI,Burundi,Sub-Saharan Africa,Low income,2004,433.0,1.0,6.073044534100405
BDI,BI,Burundi,Sub-Saharan Africa,Low income,2005,298.0,1.0,5.700443573390687
BDI,BI,Burundi,Sub-Saharan Africa,Low income,2006,141.0,1.0,4.955827057601261
BDI,BI,Burundi,Sub-Saharan Africa,Low income,2007,,,
BDI,BI,Burundi,Sub-Saharan Africa,Low income,2008,226.0,1.0,5.424950017481403
BDI,BI,Burundi,Sub-Saharan Africa,Low income,2009,,,
BDI,BI,Burundi,Sub-Saharan Africa,Low income,2010,,,
BDI,BI,Burundi,Sub-Saharan Africa,Low income,2011,,,
BDI,BI,Burundi,Sub-Saharan Africa,Low income,2012,,,
BDI,BI,Burundi,Sub-Saharan Africa,Low income,2013,,,
BDI,BI,Burundi,Sub-Saharan Africa,Low income,2014,56.0,1.0,4.04305126783455
BDI,BI,Burundi,Sub-Saharan Africa,Low income,2015,185.0,1.0,5.225746673713202
BDI,BI,Burundi,Sub-Saharan Africa,Low income,2016,,,
BDI,BI,Burundi,Sub-Saharan Africa,Low income,2017,,,
BDI,BI,Burundi,Sub-Saharan Africa,Low income,2018,,,
BDI,BI,Burundi,Sub-Saharan Africa,Low income,2019,16.0,1.0,2.833213344056216
BDI,BI,Burundi,Sub-Saharan Africa,Low income,2020,63.0,1.0,4.1588830833596715
BDI,BI,Burundi,Sub-Saharan Africa,Low income,2021,24.0,1.0,3.2188758248682006
BDI,BI,Burundi,Sub-Saharan Africa,Low income,2022,,,
BDI,BI,Burundi,Sub-Saharan Africa,Low income,2023,86.0,1.0,4.465908118654584
BDI,BI,Burundi,Sub-Saharan Africa,Low income,2024,19.0,1.0,2.995732273553991
BEL,BE,Belgium,Europe & Central Asia,High income,2000,,,
BEL,BE,Belgium,Europe & Central Asia,High income,2001,,,
BEL,BE,Belgium,Europe & Central Asia,High income,2002,,,
BEL,BE,Belgium,Europe & Central Asia,High income,2003,,,
BEL,BE,Belgium,Europe & Central Asia,High income,2004,,,
BEL,BE,Belgium,Europe & Central Asia,High income,2005,,,
BEL,BE,Belgium,Europe & Central Asia,High income,2006,,,
BEL,BE,Belgium,Europe & Central Asia,High income,2007,,,
BEL,BE,Belgium,Europe & Central Asia,High income,2008,,,
BEL,BE,Belgium,Europe & Central Asia,High income,2009,,,
BEL,BE,Belgium,Europe & Central Asia,High income,2010,,,
BEL,BE,Belgium,Europe & Central Asia,High income,2011,,,
BEL,BE,Belgium,Europe & Central Asia,High income,2012,,,
BEL,BE,Belgium,Europe & Central Asia,High income,2013,,,
BEL,BE,Belgium,Europe & Central Asia,High income,2014,,,
BEL,BE,Belgium,Europe & Central Asia,High income,2015,,,
BEL,BE,Belgium,Europe & Central Asia,High income,2016,2.0,1.0,1.0986122886681098
BEL,BE,Belgium,Europe & Central Asia,High income,2017,,,
BEL,BE,Belgium,Europe & Central Asia,High income,2018,3.0,1.0,1.3862943611198906
BEL,BE,Belgium,Europe & Central Asia,High income,2019,,,
BEL,BE,Belgium,Europe & Central Asia,High income,2020,,,
BEL,BE,Belgium,Europe & Central Asia,High income,2021,,,
BEL,BE,Belgium,Europe & Central Asia,High income,2022,,,
BEL,BE,Belgium,Europe & Central Asia,High income,2023,,,
BEL,BE,Belgium,Europe & Central Asia,High income,2024,,,
BEN,BJ,Benin,Sub-Saharan Africa,Lower middle income,2000,,,
BEN,BJ,Benin,Sub-Saharan Africa,Lower middle income,2001,,,
BEN,BJ,Benin,Sub-Saharan Africa,Lower middle income,2002,,,
BEN,BJ,Benin,Sub-Saharan Africa,Lower middle income,2003,,,
BEN,BJ,Benin,Sub-Saharan Africa,Lower middle income,2004,,,
BEN,BJ,Benin,Sub-Saharan Africa,Lower middle income,2005,,,
BEN,BJ,Benin,Sub-Saharan Africa,Lower middle income,2006,,,
BEN,BJ,Benin,Sub-Saharan Africa,Lower middle income,2007,,,
BEN,BJ,Benin,Sub-Saharan Africa,Lower middle income,2008,,,
BEN,BJ,Benin,Sub-Saharan Africa,Lower middle income,2009,,,
BEN,BJ,Benin,Sub-Saharan Africa,Lower middle income,2010,,,
BEN,BJ,Benin,Sub-Saharan Africa,Lower middle income,2011,,,
BEN,BJ,Benin,Sub-Saharan Africa,Lower middle income,2012,,,
BEN,BJ,Benin,Sub-Saharan Africa,Lower middle income,2013,,,
BEN,BJ,Benin,Sub-Saharan Africa,Lower middle income,2014,,,
BEN,BJ,Benin,Sub-Saharan Africa,Lower middle income,2015,,,
BEN,BJ,Benin,Sub-Saharan Africa,Lower middle income,2016,,,
BEN,BJ,Benin,Sub-Saharan Africa,Lower middle income,2017,,,
BEN,BJ,Benin,Sub-Saharan Africa,Lower middle income,2018,,,
BEN,BJ,Benin,Sub-Saharan Africa,Lower middle income,2019,,,
BEN,BJ,Benin,Sub-Saharan Africa,Lower middle income,2020,,,
BEN,BJ,Benin,Sub-Saharan Africa,Lower middle income,2021,,,
BEN,BJ,Benin,Sub-Saharan Africa,Lower middle income,2022,30.0,1.0,3.4339872044851463
BEN,BJ,Benin,Sub-Saharan Africa,Lower middle income,2023,28.0,1.0,3.367295829986474
BEN,BJ,Benin,Sub-Saharan Africa,Lower middle income,2024,77.0,1.0,4.356708826689592
BFA,BF,Burkina Faso,Sub-Saharan Africa,Low income,2000,,,
BFA,BF,Burkina Faso,Sub-Saharan Africa,Low income,2001,,,
BFA,BF,Burkina Faso,Sub-Saharan Africa,Low income,2002,,,
BFA,BF,Burkina Faso,Sub-Saharan Africa,Low income,2003,,,
BFA,BF,Burkina Faso,Sub-Saharan Africa,Low income,2004,,,
BFA,BF,Burkina Faso,Sub-Saharan Africa,Low income,2005,,,
BFA,BF,Burkina Faso,Sub-Saharan Africa,Low income,2006,,,
BFA,BF,Burkina Faso,Sub-Saharan Africa,Low income,2007,,,
BFA,BF,Burkina Faso,Sub-Saharan Africa,Low income,2008,,,
BFA,BF,Burkina Faso,Sub-Saharan Africa,Low income,2009,,,
BFA,BF,Burkina Faso,Sub-Saharan Africa,Low income,2010,,,
BFA,BF,Burkina Faso,Sub-Saharan Africa,Low income,2011,,,
BFA,BF,Burkina Faso,Sub-Saharan Africa,Low income,2012,,,
BFA,BF,Burkina Faso,Sub-Saharan Africa,Low income,2013,,,
BFA,BF,Burkina Faso,Sub-Saharan Africa,Low income,2014,,,
BFA,BF,Burkina Faso,Sub-Saharan Africa,Low income,2015,,,
BFA,BF,Burkina Faso,Sub-Saharan Africa,Low income,2016,,,
BFA,BF,Burkina Faso,Sub-Saharan Africa,Low income,2017,,,
BFA,BF,Burkina Faso,Sub-Saharan Africa,Low income,2018,79.0,1.0,4.382026634673881
BFA,BF,Burkina Faso,Sub-Saharan Africa,Low income,2019,349.0,1.0,5.857933154483459
BFA,BF,Burkina Faso,Sub-Saharan Africa,Low income,2020,512.0,1.0,6.240275845170769
BFA,BF,Burkina Faso,Sub-Saharan Africa,Low income,2021,991.0,1.0,6.899723107284872
BFA,BF,Burkina Faso,Sub-Saharan Africa,Low income,2022,2093.0,1.0,7.646831391430482
BFA,BF,Burkina Faso,Sub-Saharan Africa,Low income,2023,4608.0,1.0,8.435766192720509
BFA,BF,Burkina Faso,Sub-Saharan Africa,Low income,2024,2199.0,1.0,7.696212639346407
BGD,BD,Bangladesh,South Asia,Lower middle income,2000,,,
BGD,BD,Bangladesh,South Asia,Lower middle income,2001,,,
BGD,BD,Bangladesh,South Asia,Lower middle income,2002,,,
BGD,BD,Bangladesh,South Asia,Lower middle income,2003,,,
BGD,BD,Bangladesh,South Asia,Lower middle income,2004,,,
BGD,BD,Bangladesh,South Asia,Lower middle income,2005,62.0,1.0,4.143134726391533
BGD,BD,Bangladesh,South Asia,Lower middle income,2006,57.0,1.0,4.060443010546419
BGD,BD,Bangladesh,South Asia,Lower middle income,2007,,,
BGD,BD,Bangladesh,South Asia,Lower middle income,2008,,,
BGD,BD,Bangladesh,South Asia,Lower middle income,2009,,,
BGD,BD,Bangladesh,South Asia,Lower middle income,2010,,,
BGD,BD,Bangladesh,South Asia,Lower middle income,2011,,,
BGD,BD,Bangladesh,South Asia,Lower middle income,2012,,,
BGD,BD,Bangladesh,South Asia,Lower middle income,2013,,,
BGD,BD,Bangladesh,South Asia,Lower middle income,2014,,,
BGD,BD,Bangladesh,South Asia,Lower middle income,2015,,,
BGD,BD,Bangladesh,South Asia,Lower middle income,2016,41.0,1.0,3.7376696182833684
BGD,BD,Bangladesh,South Asia,Lower middle income,2017,47.0,1.0,3.871201010907891
BGD,BD,Bangladesh,South Asia,Lower middle income,2018,,,
BGD,BD,Bangladesh,South Asia,Lower middle income,2019,,,
BGD,BD,Bangladesh,South Asia,Lower middle income,2020,2.0,1.0,1.0986122886681098
BGD,BD,Bangladesh,South Asia,Lower middle income,2021,,,
BGD,BD,Bangladesh,South Asia,Lower middle income,2022,2.0,1.0,1.0986122886681098
BGD,BD,Bangladesh,South Asia,Lower middle income,2023,,,
BGD,BD,Bangladesh,South Asia,Lower middle income,2024,2.0,1.0,1.0986122886681098
BGR,BG,Bulgaria,Europe & Central Asia,High income,2000,,,
BGR,BG,Bulgaria,Europe & Central Asia,High income,2001,,,
BGR,BG,Bulgaria,Europe & Central Asia,High income,2002,,,
BGR,BG,Bulgaria,Europe & Central Asia,High income,2003,,,
BGR,BG,Bulgaria,Europe & Central Asia,High income,2004,,,
BGR,BG,Bulgaria,Europe & Central Asia,High income,2005,,,
BGR,BG,Bulgaria,Europe & Central Asia,High income,2006,,,
BGR,BG,Bulgaria,Europe & Central Asia,High income,2007,,,
BGR,BG,Bulgaria,Europe & Central Asia,High income,2008,,,
BGR,BG,Bulgaria,Europe & Central Asia,High income,2009,,,
BGR,BG,Bulgaria,Europe & Central Asia,High income,2010,,,
BGR,BG,Bulgaria,Europe & Central Asia,High income,2011,,,
BGR,BG,Bulgaria,Europe & Central Asia,High income,2012,,,
BGR,BG,Bulgaria,Europe & Central Asia,High income,2013,,,
BGR,BG,Bulgaria,Europe & Central Asia,High income,2014,,,
BGR,BG,Bulgaria,Europe & Central Asia,High income,2015,,,
BGR,BG,Bulgaria,Europe & Central Asia,High income,2016,,,
BGR,BG,Bulgaria,Europe & Central Asia,High income,2017,,,
BGR,BG,Bulgaria,Europe & Central Asia,High income,2018,,,
BGR,BG,Bulgaria,Europe & Central Asia,High income,2019,,,
BGR,BG,Bulgaria,Europe & Central Asia,High income,2020,,,
BGR,BG,Bulgaria,Europe & Central Asia,High income,2021,,,
BGR,BG,Bulgaria,Europe & Central Asia,High income,2022,,,
BGR,BG,Bulgaria,Europe & Central Asia,High income,2023,,,
BGR,BG,Bulgaria,Europe & Central Asia,High income,2024,,,
BHR,BH,Bahrain,"Middle East, North Africa, Afghanistan & Pakistan",High income,2000,,,
BHR,BH,Bahrain,"Middle East, North Africa, Afghanistan & Pakistan",High income,2001,,,
BHR,BH,Bahrain,"Middle East, North Africa, Afghanistan & Pakistan",High income,2002,,,
BHR,BH,Bahrain,"Middle East, North Africa, Afghanistan & Pakistan",High income,2003,,,
BHR,BH,Bahrain,"Middle East, North Africa, Afghanistan & Pakistan",High income,2004,,,
BHR,BH,Bahrain,"Middle East, North Africa, Afghanistan & Pakistan",High income,2005,,,
BHR,BH,Bahrain,"Middle East, North Africa, Afghanistan & Pakistan",High income,2006,,,
BHR,BH,Bahrain,"Middle East, North Africa, Afghanistan & Pakistan",High income,2007,,,
BHR,BH,Bahrain,"Middle East, North Africa, Afghanistan & Pakistan",High income,2008,,,
BHR,BH,Bahrain,"Middle East, North Africa, Afghanistan & Pakistan",High income,2009,,,
BHR,BH,Bahrain,"Middle East, North Africa, Afghanistan & Pakistan",High income,2010,,,
BHR,BH,Bahrain,"Middle East, North Africa, Afghanistan & Pakistan",High income,2011,,,
BHR,BH,Bahrain,"Middle East, North Africa, Afghanistan & Pakistan",High income,2012,,,
BHR,BH,Bahrain,"Middle East, North Africa, Afghanistan & Pakistan",High income,2013,,,
BHR,BH,Bahrain,"Middle East, North Africa, Afghanistan & Pakistan",High income,2014,,,
BHR,BH,Bahrain,"Middle East, North Africa, Afghanistan & Pakistan",High income,2015,,,
BHR,BH,Bahrain,"Middle East, North Africa, Afghanistan & Pakistan",High income,2016,,,
BHR,BH,Bahrain,"Middle East, North Africa, Afghanistan & Pakistan",High income,2017,,,
BHR,BH,Bahrain,"Middle East, North Africa, Afghanistan & Pakistan",High income,2018,,,
BHR,BH,Bahrain,"Middle East, North Africa, Afghanistan & Pakistan",High income,2019,,,
BHR,BH,Bahrain,"Middle East, North Africa, Afghanistan & Pakistan",High income,2020,,,
BHR,BH,Bahrain,"Middle East, North Africa, Afghanistan & Pakistan",High income,2021,,,
BHR,BH,Bahrain,"Middle East, North Africa, Afghanistan & Pakistan",High income,2022,,,
BHR,BH,Bahrain,"Middle East, North Africa, Afghanistan & Pakistan",High income,2023,,,
BHR,BH,Bahrain,"Middle East, North Africa, Afghanistan & Pakistan",High income,2024,,,
BHS,BS,"Bahamas, The",Latin America & Caribbean,High income,2000,,,
BHS,BS,"Bahamas, The",Latin America & Caribbean,High income,2001,,,
BHS,BS,"Bahamas, The",Latin America & Caribbean,High income,2002,,,
BHS,BS,"Bahamas, The",Latin America & Caribbean,High income,2003,,,
BHS,BS,"Bahamas, The",Latin America & Caribbean,High income,2004,,,
BHS,BS,"Bahamas, The",Latin America & Caribbean,High income,2005,,,
BHS,BS,"Bahamas, The",Latin America & Caribbean,High income,2006,,,
BHS,BS,"Bahamas, The",Latin America & Caribbean,High income,2007,,,
BHS,BS,"Bahamas, The",Latin America & Caribbean,High income,2008,,,
BHS,BS,"Bahamas, The",Latin America & Caribbean,High income,2009,,,
BHS,BS,"Bahamas, The",Latin America & Caribbean,High income,2010,,,
BHS,BS,"Bahamas, The",Latin America & Caribbean,High income,2011,,,
BHS,BS,"Bahamas, The",Latin America & Caribbean,High income,2012,,,
BHS,BS,"Bahamas, The",Latin America & Caribbean,High income,2013,,,
BHS,BS,"Bahamas, The",Latin America & Caribbean,High income,2014,,,
BHS,BS,"Bahamas, The",Latin America & Caribbean,High income,2015,,,
BHS,BS,"Bahamas, The",Latin America & Caribbean,High income,2016,,,
BHS,BS,"Bahamas, The",Latin America & Caribbean,High income,2017,,,
BHS,BS,"Bahamas, The",Latin America & Caribbean,High income,2018,,,
BHS,BS,"Bahamas, The",Latin America & Caribbean,High income,2019,,,
BHS,BS,"Bahamas, The",Latin America & Caribbean,High income,2020,,,
BHS,BS,"Bahamas, The",Latin America & Caribbean,High income,2021,,,
BHS,BS,"Bahamas, The",Latin America & Caribbean,High income,2022,,,
BHS,BS,"Bahamas, The",Latin America & Caribbean,High income,2023,,,
BHS,BS,"Bahamas, The",Latin America & Caribbean,High income,2024,,,
BIH,BA,Bosnia and Herzegovina,Europe & Central Asia,Upper middle income,2000,,,
BIH,BA,Bosnia and Herzegovina,Europe & Central Asia,Upper middle income,2001,,,
BIH,BA,Bosnia and Herzegovina,Europe & Central Asia,Upper middle income,2002,,,
BIH,BA,Bosnia and Herzegovina,Europe & Central Asia,Upper middle income,2003,,,
BIH,BA,Bosnia and Herzegovina,Europe & Central Asia,Upper middle income,2004,,,
BIH,BA,Bosnia and Herzegovina,Europe & Central Asia,Upper middle income,2005,,,
BIH,BA,Bosnia and Herzegovina,Europe & Central Asia,Upper middle income,2006,,,
BIH,BA,Bosnia and Herzegovina,Europe & Central Asia,Upper middle income,2007,,,
BIH,BA,Bosnia and Herzegovina,Europe & Central Asia,Upper middle income,2008,,,
BIH,BA,Bosnia and Herzegovina,Europe & Central Asia,Upper middle income,2009,,,
BIH,BA,Bosnia and Herzegovina,Europe & Central Asia,Upper middle income,2010,,,
BIH,BA,Bosnia and Herzegovina,Europe & Central Asia,Upper middle income,2011,,,
BIH,BA,Bosnia and Herzegovina,Europe & Central Asia,Upper middle income,2012,,,
BIH,BA,Bosnia and Herzegovina,Europe & Central Asia,Upper middle income,2013,,,
BIH,BA,Bosnia and Herzegovina,Europe & Central Asia,Upper middle income,2014,,,
BIH,BA,Bosnia and Herzegovina,Europe & Central Asia,Upper middle income,2015,,,
BIH,BA,Bosnia and Herzegovina,Europe & Central Asia,Upper middle income,2016,,,
BIH,BA,Bosnia and Herzegovina,Europe & Central Asia,Upper middle income,2017,,,
BIH,BA,Bosnia and Herzegovina,Europe & Central Asia,Upper middle income,2018,,,
BIH,BA,Bosnia and Herzegovina,Europe & Central Asia,Upper middle income,2019,,,
BIH,BA,Bosnia and Herzegovina,Europe & Central Asia,Upper middle income,2020,,,
BIH,BA,Bosnia and Herzegovina,Europe & Central Asia,Upper middle income,2021,,,
BIH,BA,Bosnia and Herzegovina,Europe & Central Asia,Upper middle income,2022,,,
BIH,BA,Bosnia and Herzegovina,Europe & Central Asia,Upper middle income,2023,,,
BIH,BA,Bosnia and Herzegovina,Europe & Central Asia,Upper middle income,2024,,,
BLR,BY,Belarus,Europe & Central Asia,Upper middle income,2000,,,
BLR,BY,Belarus,Europe & Central Asia,Upper middle income,2001,,,
BLR,BY,Belarus,Europe & Central Asia,Upper middle income,2002,,,
BLR,BY,Belarus,Europe & Central Asia,Upper middle income,2003,,,
BLR,BY,Belarus,Europe & Central Asia,Upper middle income,2004,,,
BLR,BY,Belarus,Europe & Central Asia,Upper middle income,2005,,,
BLR,BY,Belarus,Europe & Central Asia,Upper middle income,2006,,,
BLR,BY,Belarus,Europe & Central Asia,Upper middle income,2007,,,
BLR,BY,Belarus,Europe & Central Asia,Upper middle income,2008,,,
BLR,BY,Belarus,Europe & Central Asia,Upper middle income,2009,,,
BLR,BY,Belarus,Europe & Central Asia,Upper middle income,2010,,,
BLR,BY,Belarus,Europe & Central Asia,Upper middle income,2011,,,
BLR,BY,Belarus,Europe & Central Asia,Upper middle income,2012,,,
BLR,BY,Belarus,Europe & Central Asia,Upper middle income,2013,,,
BLR,BY,Belarus,Europe & Central Asia,Upper middle income,2014,,,
BLR,BY,Belarus,Europe & Central Asia,Upper middle income,2015,,,
BLR,BY,Belarus,Europe & Central Asia,Upper middle income,2016,,,
BLR,BY,Belarus,Europe & Central Asia,Upper middle income,2017,,,
BLR,BY,Belarus,Europe & Central Asia,Upper middle income,2018,,,
BLR,BY,Belarus,Europe & Central Asia,Upper middle income,2019,,,
BLR,BY,Belarus,Europe & Central Asia,Upper middle income,2020,,,
BLR,BY,Belarus,Europe & Central Asia,Upper middle income,2021,,,
BLR,BY,Belarus,Europe & Central Asia,Upper middle income,2022,,,
BLR,BY,Belarus,Europe & Central Asia,Upper middle income,2023,,,
BLR,BY,Belarus,Europe & Central Asia,Upper middle income,2024,,,
BLZ,BZ,Belize,Latin America & Caribbean,Upper middle income,2000,,,
BLZ,BZ,Belize,Latin America & Caribbean,Upper middle income,2001,,,
BLZ,BZ,Belize,Latin America & Caribbean,Upper middle income,2002,,,
BLZ,BZ,Belize,Latin America & Caribbean,Upper middle income,2003,,,
BLZ,BZ,Belize,Latin America & Caribbean,Upper middle income,2004,,,
BLZ,BZ,Belize,Latin America & Caribbean,Upper middle income,2005,,,
BLZ,BZ,Belize,Latin America & Caribbean,Upper middle income,2006,,,
BLZ,BZ,Belize,Latin America & Caribbean,Upper middle income,2007,,,
BLZ,BZ,Belize,Latin America & Caribbean,Upper middle income,2008,,,
BLZ,BZ,Belize,Latin America & Caribbean,Upper middle income,2009,,,
BLZ,BZ,Belize,Latin America & Caribbean,Upper middle income,2010,,,
BLZ,BZ,Belize,Latin America & Caribbean,Upper middle income,2011,,,
BLZ,BZ,Belize,Latin America & Caribbean,Upper middle income,2012,,,
BLZ,BZ,Belize,Latin America & Caribbean,Upper middle income,2013,,,
BLZ,BZ,Belize,Latin America & Caribbean,Upper middle income,2014,,,
BLZ,BZ,Belize,Latin America & Caribbean,Upper middle income,2015,,,
BLZ,BZ,Belize,Latin America & Caribbean,Upper middle income,2016,,,
BLZ,BZ,Belize,Latin America & Caribbean,Upper middle income,2017,,,
BLZ,BZ,Belize,Latin America & Caribbean,Upper middle income,2018,,,
BLZ,BZ,Belize,Latin America & Caribbean,Upper middle income,2019,,,
BLZ,BZ,Belize,Latin America & Caribbean,Upper middle income,2020,,,
BLZ,BZ,Belize,Latin America & Caribbean,Upper middle income,2021,,,
BLZ,BZ,Belize,Latin America & Caribbean,Upper middle income,2022,,,
BLZ,BZ,Belize,Latin America & Caribbean,Upper middle income,2023,,,
BLZ,BZ,Belize,Latin America & Caribbean,Upper middle income,2024,,,
BMU,BM,Bermuda,North America,High income,2000,,,
BMU,BM,Bermuda,North America,High income,2001,,,
BMU,BM,Bermuda,North America,High income,2002,,,
BMU,BM,Bermuda,North America,High income,2003,,,
BMU,BM,Bermuda,North America,High income,2004,,,
BMU,BM,Bermuda,North America,High income,2005,,,
BMU,BM,Bermuda,North America,High income,2006,,,
BMU,BM,Bermuda,North America,High income,2007,,,
BMU,BM,Bermuda,North America,High income,2008,,,
BMU,BM,Bermuda,North America,High income,2009,,,
BMU,BM,Bermuda,North America,High income,2010,,,
BMU,BM,Bermuda,North America,High income,2011,,,
BMU,BM,Bermuda,North America,High income,2012,,,
BMU,BM,Bermuda,North America,High income,2013,,,
BMU,BM,Bermuda,North America,High income,2014,,,
BMU,BM,Bermuda,North America,High income,2015,,,
BMU,BM,Bermuda,North America,High income,2016,,,
BMU,BM,Bermuda,North America,High income,2017,,,
BMU,BM,Bermuda,North America,High income,2018,,,
BMU,BM,Bermuda,North America,High income,2019,,,
BMU,BM,Bermuda,North America,High income,2020,,,
BMU,BM,Bermuda,North America,High income,2021,,,
BMU,BM,Bermuda,North America,High income,2022,,,
BMU,BM,Bermuda,North America,High income,2023,,,
BMU,BM,Bermuda,North America,High income,2024,,,
BOL,BO,Bolivia,Latin America & Caribbean,Lower middle income,2000,,,
BOL,BO,Bolivia,Latin America & Caribbean,Lower middle income,2001,,,
BOL,BO,Bolivia,Latin America & Caribbean,Lower middle income,2002,,,
BOL,BO,Bolivia,Latin America & Caribbean,Lower middle income,2003,,,
BOL,BO,Bolivia,Latin America & Caribbean,Lower middle income,2004,,,
BOL,BO,Bolivia,Latin America & Caribbean,Lower middle income,2005,,,
BOL,BO,Bolivia,Latin America & Caribbean,Lower middle income,2006,,,
BOL,BO,Bolivia,Latin America & Caribbean,Lower middle income,2007,,,
BOL,BO,Bolivia,Latin America & Caribbean,Lower middle income,2008,,,
BOL,BO,Bolivia,Latin America & Caribbean,Lower middle income,2009,,,
BOL,BO,Bolivia,Latin America & Caribbean,Lower middle income,2010,,,
BOL,BO,Bolivia,Latin America & Caribbean,Lower middle income,2011,,,
BOL,BO,Bolivia,Latin America & Caribbean,Lower middle income,2012,,,
BOL,BO,Bolivia,Latin America & Caribbean,Lower middle income,2013,,,
BOL,BO,Bolivia,Latin America & Caribbean,Lower middle income,2014,,,
BOL,BO,Bolivia,Latin America & Caribbean,Lower middle income,2015,,,
BOL,BO,Bolivia,Latin America & Caribbean,Lower middle income,2016,,,
BOL,BO,Bolivia,Latin America & Caribbean,Lower middle income,2017,,,
BOL,BO,Bolivia,Latin America & Caribbean,Lower middle income,2018,,,
BOL,BO,Bolivia,Latin America & Caribbean,Lower middle income,2019,,,
BOL,BO,Bolivia,Latin America & Caribbean,Lower middle income,2020,,,
BOL,BO,Bolivia,Latin America & Caribbean,Lower middle income,2021,,,
BOL,BO,Bolivia,Latin America & Caribbean,Lower middle income,2022,,,
BOL,BO,Bolivia,Latin America & Caribbean,Lower middle income,2023,,,
BOL,BO,Bolivia,Latin America & Caribbean,Lower middle income,2024,,,
BRA,BR,Brazil,Latin America & Caribbean,Upper middle income,2000,,,
BRA,BR,Brazil,Latin America & Caribbean,Upper middle income,2001,,,
BRA,BR,Brazil,Latin America & Caribbean,Upper middle income,2002,,,
BRA,BR,Brazil,Latin America & Caribbean,Upper middle income,2003,,,
BRA,BR,Brazil,Latin America & Caribbean,Upper middle income,2004,,,
BRA,BR,Brazil,Latin America & Caribbean,Upper middle income,2005,,,
BRA,BR,Brazil,Latin America & Caribbean,Upper middle income,2006,,,
BRA,BR,Brazil,Latin America & Caribbean,Upper middle income,2007,,,
BRA,BR,Brazil,Latin America & Caribbean,Upper middle income,2008,,,
BRA,BR,Brazil,Latin America & Caribbean,Upper middle income,2009,,,
BRA,BR,Brazil,Latin America & Caribbean,Upper middle income,2010,,,
BRA,BR,Brazil,Latin America & Caribbean,Upper middle income,2011,,,
BRA,BR,Brazil,Latin America & Caribbean,Upper middle income,2012,,,
BRA,BR,Brazil,Latin America & Caribbean,Upper middle income,2013,,,
BRA,BR,Brazil,Latin America & Caribbean,Upper middle income,2014,,,
BRA,BR,Brazil,Latin America & Caribbean,Upper middle income,2015,,,
BRA,BR,Brazil,Latin America & Caribbean,Upper middle income,2016,,,
BRA,BR,Brazil,Latin America & Caribbean,Upper middle income,2017,,,
BRA,BR,Brazil,Latin America & Caribbean,Upper middle income,2018,,,
BRA,BR,Brazil,Latin America & Caribbean,Upper middle income,2019,,,
BRA,BR,Brazil,Latin America & Caribbean,Upper middle income,2020,,,
BRA,BR,Brazil,Latin America & Caribbean,Upper middle income,2021,,,
BRA,BR,Brazil,Latin America & Caribbean,Upper middle income,2022,,,
BRA,BR,Brazil,Latin America & Caribbean,Upper middle income,2023,,,
BRA,BR,Brazil,Latin America & Caribbean,Upper middle income,2024,,,
BRB,BB,Barbados,Latin America & Caribbean,High income,2000,,,
BRB,BB,Barbados,Latin America & Caribbean,High income,2001,,,
BRB,BB,Barbados,Latin America & Caribbean,High income,2002,,,
BRB,BB,Barbados,Latin America & Caribbean,High income,2003,,,
BRB,BB,Barbados,Latin America & Caribbean,High income,2004,,,
BRB,BB,Barbados,Latin America & Caribbean,High income,2005,,,
BRB,BB,Barbados,Latin America & Caribbean,High income,2006,,,
BRB,BB,Barbados,Latin America & Caribbean,High income,2007,,,
BRB,BB,Barbados,Latin America & Caribbean,High income,2008,,,
BRB,BB,Barbados,Latin America & Caribbean,High income,2009,,,
BRB,BB,Barbados,Latin America & Caribbean,High income,2010,,,
BRB,BB,Barbados,Latin America & Caribbean,High income,2011,,,
BRB,BB,Barbados,Latin America & Caribbean,High income,2012,,,
BRB,BB,Barbados,Latin America & Caribbean,High income,2013,,,
BRB,BB,Barbados,Latin America & Caribbean,High income,2014,,,
BRB,BB,Barbados,Latin America & Caribbean,High income,2015,,,
BRB,BB,Barbados,Latin America & Caribbean,High income,2016,,,
BRB,BB,Barbados,Latin America & Caribbean,High income,2017,,,
BRB,BB,Barbados,Latin America & Caribbean,High income,2018,,,
BRB,BB,Barbados,Latin America & Caribbean,High income,2019,,,
BRB,BB,Barbados,Latin America & Caribbean,High income,2020,,,
BRB,BB,Barbados,Latin America & Caribbean,High income,2021,,,
BRB,BB,Barbados,Latin America & Caribbean,High income,2022,,,
BRB,BB,Barbados,Latin America & Caribbean,High income,2023,,,
BRB,BB,Barbados,Latin America & Caribbean,High income,2024,,,
BRN,BN,Brunei Darussalam,East Asia & Pacific,High income,2000,,,
BRN,BN,Brunei Darussalam,East Asia & Pacific,High income,2001,,,
BRN,BN,Brunei Darussalam,East Asia & Pacific,High income,2002,,,
BRN,BN,Brunei Darussalam,East Asia & Pacific,High income,2003,,,
BRN,BN,Brunei Darussalam,East Asia & Pacific,High income,2004,,,
BRN,BN,Brunei Darussalam,East Asia & Pacific,High income,2005,,,
BRN,BN,Brunei Darussalam,East Asia & Pacific,High income,2006,,,
BRN,BN,Brunei Darussalam,East Asia & Pacific,High income,2007,,,
BRN,BN,Brunei Darussalam,East Asia & Pacific,High income,2008,,,
BRN,BN,Brunei Darussalam,East Asia & Pacific,High income,2009,,,
BRN,BN,Brunei Darussalam,East Asia & Pacific,High income,2010,,,
BRN,BN,Brunei Darussalam,East Asia & Pacific,High income,2011,,,
BRN,BN,Brunei Darussalam,East Asia & Pacific,High income,2012,,,
BRN,BN,Brunei Darussalam,East Asia & Pacific,High income,2013,,,
BRN,BN,Brunei Darussalam,East Asia & Pacific,High income,2014,,,
BRN,BN,Brunei Darussalam,East Asia & Pacific,High income,2015,,,
BRN,BN,Brunei Darussalam,East Asia & Pacific,High income,2016,,,
BRN,BN,Brunei Darussalam,East Asia & Pacific,High income,2017,,,
BRN,BN,Brunei Darussalam,East Asia & Pacific,High income,2018,,,
BRN,BN,Brunei Darussalam,East Asia & Pacific,High income,2019,,,
BRN,BN,Brunei Darussalam,East Asia & Pacific,High income,2020,,,
BRN,BN,Brunei Darussalam,East Asia & Pacific,High income,2021,,,
BRN,BN,Brunei Darussalam,East Asia & Pacific,High income,2022,,,
BRN,BN,Brunei Darussalam,East Asia & Pacific,High income,2023,,,
BRN,BN,Brunei Darussalam,East Asia & Pacific,High income,2024,,,
BTN,BT,Bhutan,South Asia,Lower middle income,2000,,,
BTN,BT,Bhutan,South Asia,Lower middle income,2001,,,
BTN,BT,Bhutan,South Asia,Lower middle income,2002,,,
BTN,BT,Bhutan,South Asia,Lower middle income,2003,,,
BTN,BT,Bhutan,South Asia,Lower middle income,2004,,,
BTN,BT,Bhutan,South Asia,Lower middle income,2005,,,
BTN,BT,Bhutan,South Asia,Lower middle income,2006,,,
BTN,BT,Bhutan,South Asia,Lower middle income,2007,,,
BTN,BT,Bhutan,South Asia,Lower middle income,2008,,,
BTN,BT,Bhutan,South Asia,Lower middle income,2009,,,
BTN,BT,Bhutan,South Asia,Lower middle income,2010,,,
BTN,BT,Bhutan,South Asia,Lower middle income,2011,,,
BTN,BT,Bhutan,South Asia,Lower middle income,2012,,,
BTN,BT,Bhutan,South Asia,Lower middle income,2013,,,
BTN,BT,Bhutan,South Asia,Lower middle income,2014,,,
BTN,BT,Bhutan,South Asia,Lower middle income,2015,,,
BTN,BT,Bhutan,South Asia,Lower middle income,2016,,,
BTN,BT,Bhutan,South Asia,Lower middle income,2017,,,
BTN,BT,Bhutan,South Asia,Lower middle income,2018,,,
BTN,BT,Bhutan,South Asia,Lower middle income,2019,,,
BTN,BT,Bhutan,South Asia,Lower middle income,2020,,,
BTN,BT,Bhutan,South Asia,Lower middle income,2021,,,
BTN,BT,Bhutan,South Asia,Lower middle income,2022,,,
BTN,BT,Bhutan,South Asia,Lower middle income,2023,,,
BTN,BT,Bhutan,South Asia,Lower middle income,2024,,,
BWA,BW,Botswana,Sub-Saharan Africa,Upper middle income,2000,,,
BWA,BW,Botswana,Sub-Saharan Africa,Upper middle income,2001,,,
BWA,BW,Botswana,Sub-Saharan Africa,Upper middle income,2002,,,
BWA,BW,Botswana,Sub-Saharan Africa,Upper middle income,2003,,,
BWA,BW,Botswana,Sub-Saharan Africa,Upper middle income,2004,,,
BWA,BW,Botswana,Sub-Saharan Africa,Upper middle income,2005,,,
BWA,BW,Botswana,Sub-Saharan Africa,Upper middle income,2006,,,
BWA,BW,Botswana,Sub-Saharan Africa,Upper middle income,2007,,,
BWA,BW,Botswana,Sub-Saharan Africa,Upper middle income,2008,,,
BWA,BW,Botswana,Sub-Saharan Africa,Upper middle income,2009,,,
BWA,BW,Botswana,Sub-Saharan Africa,Upper middle income,2010,,,
BWA,BW,Botswana,Sub-Saharan Africa,Upper middle income,2011,,,
BWA,BW,Botswana,Sub-Saharan Africa,Upper middle income,2012,,,
BWA,BW,Botswana,Sub-Saharan Africa,Upper middle income,2013,,,
BWA,BW,Botswana,Sub-Saharan Africa,Upper middle income,2014,,,
BWA,BW,Botswana,Sub-Saharan Africa,Upper middle income,2015,,,
BWA,BW,Botswana,Sub-Saharan Africa,Upper middle income,2016,,,
BWA,BW,Botswana,Sub-Saharan Africa,Upper middle income,2017,,,
BWA,BW,Botswana,Sub-Saharan Africa,Upper middle income,2018,,,
BWA,BW,Botswana,Sub-Saharan Africa,Upper middle income,2019,,,
BWA,BW,Botswana,Sub-Saharan Africa,Upper middle income,2020,,,
BWA,BW,Botswana,Sub-Saharan Africa,Upper middle income,2021,,,
BWA,BW,Botswana,Sub-Saharan Africa,Upper middle income,2022,,,
BWA,BW,Botswana,Sub-Saharan Africa,Upper middle income,2023,,,
BWA,BW,Botswana,Sub-Saharan Africa,Upper middle income,2024,,,
CAF,CF,Central African Republic,Sub-Saharan Africa,Low income,2000,,,
CAF,CF,Central African Republic,Sub-Saharan Africa,Low income,2001,195.0,1.0,5.278114659230517
CAF,CF,Central African Republic,Sub-Saharan Africa,Low income,2002,131.0,1.0,4.882801922586371
CAF,CF,Central African Republic,Sub-Saharan Africa,Low income,2003,,,
CAF,CF,Central African Republic,Sub-Saharan Africa,Low income,2004,,,
CAF,CF,Central African Republic,Sub-Saharan Africa,Low income,2005,,,
CAF,CF,Central African Republic,Sub-Saharan Africa,Low income,2006,46.0,1.0,3.8501476017100584
CAF,CF,Central African Republic,Sub-Saharan Africa,Low income,2007,,,
CAF,CF,Central African Republic,Sub-Saharan Africa,Low income,2008,,,
CAF,CF,Central African Republic,Sub-Saharan Africa,Low income,2009,88.0,1.0,4.48863636973214
CAF,CF,Central African Republic,Sub-Saharan Africa,Low income,2010,47.0,1.0,3.871201010907891
CAF,CF,Central African Republic,Sub-Saharan Africa,Low income,2011,48.0,1.0,3.8918202981106265
CAF,CF,Central African Republic,Sub-Saharan Africa,Low income,2012,45.0,1.0,3.828641396489095
CAF,CF,Central African Republic,Sub-Saharan Africa,Low income,2013,417.0,1.0,6.035481432524756
CAF,CF,Central African Republic,Sub-Saharan Africa,Low income,2014,153.0,1.0,5.0369526024136295
CAF,CF,Central African Republic,Sub-Saharan Africa,Low income,2015,27.0,1.0,3.332204510175204
CAF,CF,Central African Republic,Sub-Saharan Africa,Low income,2016,,,
CAF,CF,Central African Republic,Sub-Saharan Africa,Low income,2017,35.0,1.0,3.58351893845611
CAF,CF,Central African Republic,Sub-Saharan Africa,Low income,2018,103.0,1.0,4.6443908991413725
CAF,CF,Central African Republic,Sub-Saharan Africa,Low income,2019,51.0,1.0,3.9512437185814275
CAF,CF,Central African Republic,Sub-Saharan Africa,Low income,2020,57.0,1.0,4.060443010546419
CAF,CF,Central African Republic,Sub-Saharan Africa,Low income,2021,906.0,1.0,6.810142450115136
CAF,CF,Central African Republic,Sub-Saharan Africa,Low income,2022,675.0,1.0,6.516193076042964
CAF,CF,Central African Republic,Sub-Saharan Africa,Low income,2023,261.0,1.0,5.568344503761097
CAF,CF,Central African Republic,Sub-Saharan Africa,Low income,2024,177.0,1.0,5.181783550292085
CAN,CA,Canada,North America,High income,2000,,,
CAN,CA,Canada,North America,High income,2001,,,
CAN,CA,Canada,North America,High income,2002,,,
CAN,CA,Canada,North America,High income,2003,,,
CAN,CA,Canada,North America,High income,2004,,,
CAN,CA,Canada,North America,High income,2005,,,
CAN,CA,Canada,North America,High income,2006,,,
CAN,CA,Canada,North America,High income,2007,,,
CAN,CA,Canada,North America,High income,2008,,,
CAN,CA,Canada,North America,High income,2009,,,
CAN,CA,Canada,North America,High income,2010,,,
CAN,CA,Canada,North America,High income,2011,,,
CAN,CA,Canada,North America,High income,2012,,,
CAN,CA,Canada,North America,High income,2013,,,
CAN,CA,Canada,North America,High income,2014,,,
CAN,CA,Canada,North America,High income,2015,,,
CAN,CA,Canada,North America,High income,2016,,,
CAN,CA,Canada,North America,High income,2017,,,
CAN,CA,Canada,North America,High income,2018,,,
CAN,CA,Canada,North America,High income,2019,,,
CAN,CA,Canada,North America,High income,2020,,,
CAN,CA,Canada,North America,High income,2021,,,
CAN,CA,Canada,North America,High income,2022,,,
CAN,CA,Canada,North America,High income,2023,,,
CAN,CA,Canada,North America,High income,2024,,,
CHE,CH,Switzerland,Europe & Central Asia,High income,2000,,,
CHE,CH,Switzerland,Europe & Central Asia,High income,2001,,,
CHE,CH,Switzerland,Europe & Central Asia,High income,2002,,,
CHE,CH,Switzerland,Europe & Central Asia,High income,2003,,,
CHE,CH,Switzerland,Europe & Central Asia,High income,2004,,,
CHE,CH,Switzerland,Europe & Central Asia,High income,2005,,,
CHE,CH,Switzerland,Europe & Central Asia,High income,2006,,,
CHE,CH,Switzerland,Europe & Central Asia,High income,2007,,,
CHE,CH,Switzerland,Europe & Central Asia,High income,2008,,,
CHE,CH,Switzerland,Europe & Central Asia,High income,2009,,,
CHE,CH,Switzerland,Europe & Central Asia,High income,2010,,,
CHE,CH,Switzerland,Europe & Central Asia,High income,2011,,,
CHE,CH,Switzerland,Europe & Central Asia,High income,2012,,,
CHE,CH,Switzerland,Europe & Central Asia,High income,2013,,,
CHE,CH,Switzerland,Europe & Central Asia,High income,2014,,,
CHE,CH,Switzerland,Europe & Central Asia,High income,2015,,,
CHE,CH,Switzerland,Europe & Central Asia,High income,2016,,,
CHE,CH,Switzerland,Europe & Central Asia,High income,2017,,,
CHE,CH,Switzerland,Europe & Central Asia,High income,2018,,,
CHE,CH,Switzerland,Europe & Central Asia,High income,2019,,,
CHE,CH,Switzerland,Europe & Central Asia,High income,2020,,,
CHE,CH,Switzerland,Europe & Central Asia,High income,2021,,,
CHE,CH,Switzerland,Europe & Central Asia,High income,2022,,,
CHE,CH,Switzerland,Europe & Central Asia,High income,2023,,,
CHE,CH,Switzerland,Europe & Central Asia,High income,2024,,,
CHI,JG,Channel Islands,Europe & Central Asia,High income,2000,,,
CHI,JG,Channel Islands,Europe & Central Asia,High income,2001,,,
CHI,JG,Channel Islands,Europe & Central Asia,High income,2002,,,
CHI,JG,Channel Islands,Europe & Central Asia,High income,2003,,,
CHI,JG,Channel Islands,Europe & Central Asia,High income,2004,,,
CHI,JG,Channel Islands,Europe & Central Asia,High income,2005,,,
CHI,JG,Channel Islands,Europe & Central Asia,High income,2006,,,
CHI,JG,Channel Islands,Europe & Central Asia,High income,2007,,,
CHI,JG,Channel Islands,Europe & Central Asia,High income,2008,,,
CHI,JG,Channel Islands,Europe & Central Asia,High income,2009,,,
CHI,JG,Channel Islands,Europe & Central Asia,High income,2010,,,
CHI,JG,Channel Islands,Europe & Central Asia,High income,2011,,,
CHI,JG,Channel Islands,Europe & Central Asia,High income,2012,,,
CHI,JG,Channel Islands,Europe & Central Asia,High income,2013,,,
CHI,JG,Channel Islands,Europe & Central Asia,High income,2014,,,
CHI,JG,Channel Islands,Europe & Central Asia,High income,2015,,,
CHI,JG,Channel Islands,Europe & Central Asia,High income,2016,,,
CHI,JG,Channel Islands,Europe & Central Asia,High income,2017,,,
CHI,JG,Channel Islands,Europe & Central Asia,High income,2018,,,
CHI,JG,Channel Islands,Europe & Central Asia,High income,2019,,,
CHI,JG,Channel Islands,Europe & Central Asia,High income,2020,,,
CHI,JG,Channel Islands,Europe & Central Asia,High income,2021,,,
CHI,JG,Channel Islands,Europe & Central Asia,High income,2022,,,
CHI,JG,Channel Islands,Europe & Central Asia,High income,2023,,,
CHI,JG,Channel Islands,Europe & Central Asia,High income,2024,,,
CHL,CL,Chile,Latin America & Caribbean,High income,2000,,,
CHL,CL,Chile,Latin America & Caribbean,High income,2001,,,
CHL,CL,Chile,Latin America & Caribbean,High income,2002,,,
CHL,CL,Chile,Latin America & Caribbean,High income,2003,,,
CHL,CL,Chile,Latin America & Caribbean,High income,2004,,,
CHL,CL,Chile,Latin America & Caribbean,High income,2005,,,
CHL,CL,Chile,Latin America & Caribbean,High income,2006,,,
CHL,CL,Chile,Latin America & Caribbean,High income,2007,,,
CHL,CL,Chile,Latin America & Caribbean,High income,2008,,,
CHL,CL,Chile,Latin America & Caribbean,High income,2009,,,
CHL,CL,Chile,Latin America & Caribbean,High income,2010,,,
CHL,CL,Chile,Latin America & Caribbean,High income,2011,,,
CHL,CL,Chile,Latin America & Caribbean,High income,2012,,,
CHL,CL,Chile,Latin America & Caribbean,High income,2013,,,
CHL,CL,Chile,Latin America & Caribbean,High income,2014,,,
CHL,CL,Chile,Latin America & Caribbean,High income,2015,,,
CHL,CL,Chile,Latin America & Caribbean,High income,2016,,,
CHL,CL,Chile,Latin America & Caribbean,High income,2017,,,
CHL,CL,Chile,Latin America & Caribbean,High income,2018,,,
CHL,CL,Chile,Latin America & Caribbean,High income,2019,,,
CHL,CL,Chile,Latin America & Caribbean,High income,2020,,,
CHL,CL,Chile,Latin America & Caribbean,High income,2021,,,
CHL,CL,Chile,Latin America & Caribbean,High income,2022,,,
CHL,CL,Chile,Latin America & Caribbean,High income,2023,,,
CHL,CL,Chile,Latin America & Caribbean,High income,2024,,,
CHN,CN,China,East Asia & Pacific,Upper middle income,2000,,,
CHN,CN,China,East Asia & Pacific,Upper middle income,2001,,,
CHN,CN,China,East Asia & Pacific,Upper middle income,2002,,,
CHN,CN,China,East Asia & Pacific,Upper middle income,2003,,,
CHN,CN,China,East Asia & Pacific,Upper middle income,2004,,,
CHN,CN,China,East Asia & Pacific,Upper middle income,2005,,,
CHN,CN,China,East Asia & Pacific,Upper middle income,2006,,,
CHN,CN,China,East Asia & Pacific,Upper middle income,2007,,,
CHN,CN,China,East Asia & Pacific,Upper middle income,2008,36.0,1.0,3.6109179126442243
CHN,CN,China,East Asia & Pacific,Upper middle income,2009,2.0,1.0,1.0986122886681098
CHN,CN,China,East Asia & Pacific,Upper middle income,2010,,,
CHN,CN,China,East Asia & Pacific,Upper middle income,2011,,,
CHN,CN,China,East Asia & Pacific,Upper middle income,2012,,,
CHN,CN,China,East Asia & Pacific,Upper middle income,2013,,,
CHN,CN,China,East Asia & Pacific,Upper middle income,2014,,,
CHN,CN,China,East Asia & Pacific,Upper middle income,2015,5.0,1.0,1.791759469228055
CHN,CN,China,East Asia & Pacific,Upper middle income,2016,,,
CHN,CN,China,East Asia & Pacific,Upper middle income,2017,,,
CHN,CN,China,East Asia & Pacific,Upper middle income,2018,,,
CHN,CN,China,East Asia & Pacific,Upper middle income,2019,,,
CHN,CN,China,East Asia & Pacific,Upper middle income,2020,,,
CHN,CN,China,East Asia & Pacific,Upper middle income,2021,,,
CHN,CN,China,East Asia & Pacific,Upper middle income,2022,,,
CHN,CN,China,East Asia & Pacific,Upper middle income,2023,1.0,1.0,0.6931471805599453
CHN,CN,China,East Asia & Pacific,Upper middle income,2024,,,
CIV,CI,Cote d'Ivoire,Sub-Saharan Africa,Lower middle income,2000,,,
CIV,CI,Cote d'Ivoire,Sub-Saharan Africa,Lower middle income,2001,,,
CIV,CI,Cote d'Ivoire,Sub-Saharan Africa,Lower middle income,2002,661.0,1.0,6.495265555937008
CIV,CI,Cote d'Ivoire,Sub-Saharan Africa,Lower middle income,2003,140.0,1.0,4.948759890378168
CIV,CI,Cote d'Ivoire,Sub-Saharan Africa,Lower middle income,2004,47.0,1.0,3.871201010907891
CIV,CI,Cote d'Ivoire,Sub-Saharan Africa,Lower middle income,2005,,,
CIV,CI,Cote d'Ivoire,Sub-Saharan Africa,Lower middle income,2006,,,
CIV,CI,Cote d'Ivoire,Sub-Saharan Africa,Lower middle income,2007,,,
CIV,CI,Cote d'Ivoire,Sub-Saharan Africa,Lower middle income,2008,,,
CIV,CI,Cote d'Ivoire,Sub-Saharan Africa,Lower middle income,2009,,,
CIV,CI,Cote d'Ivoire,Sub-Saharan Africa,Lower middle income,2010,,,
CIV,CI,Cote d'Ivoire,Sub-Saharan Africa,Lower middle income,2011,98.0,1.0,4.59511985013459
CIV,CI,Cote d'Ivoire,Sub-Saharan Africa,Lower middle income,2012,,,
CIV,CI,Cote d'Ivoire,Sub-Saharan Africa,Lower middle income,2013,,,
CIV,CI,Cote d'Ivoire,Sub-Saharan Africa,Lower middle income,2014,,,
CIV,CI,Cote d'Ivoire,Sub-Saharan Africa,Lower middle income,2015,,,
CIV,CI,Cote d'Ivoire,Sub-Saharan Africa,Lower middle income,2016,,,
CIV,CI,Cote d'Ivoire,Sub-Saharan Africa,Lower middle income,2017,,,
CIV,CI,Cote d'Ivoire,Sub-Saharan Africa,Lower middle income,2018,,,
CIV,CI,Cote d'Ivoire,Sub-Saharan Africa,Lower middle income,2019,,,
CIV,CI,Cote d'Ivoire,Sub-Saharan Africa,Lower middle income,2020,,,
CIV,CI,Cote d'Ivoire,Sub-Saharan Africa,Lower middle income,2021,,,
CIV,CI,Cote d'Ivoire,Sub-Saharan Africa,Lower middle income,2022,,,
CIV,CI,Cote d'Ivoire,Sub-Saharan Africa,Lower middle income,2023,,,
CIV,CI,Cote d'Ivoire,Sub-Saharan Africa,Lower middle income,2024,,,
CMR,CM,Cameroon,Sub-Saharan Africa,Lower middle income,2000,,,
CMR,CM,Cameroon,Sub-Saharan Africa,Lower middle income,2001,,,
CMR,CM,Cameroon,Sub-Saharan Africa,Lower middle income,2002,,,
CMR,CM,Cameroon,Sub-Saharan Africa,Lower middle income,2003,,,
CMR,CM,Cameroon,Sub-Saharan Africa,Lower middle income,2004,,,
CMR,CM,Cameroon,Sub-Saharan Africa,Lower middle income,2005,,,
CMR,CM,Cameroon,Sub-Saharan Africa,Lower middle income,2006,,,
CMR,CM,Cameroon,Sub-Saharan Africa,Lower middle income,2007,,,
CMR,CM,Cameroon,Sub-Saharan Africa,Lower middle income,2008,,,
CMR,CM,Cameroon,Sub-Saharan Africa,Lower middle income,2009,,,
CMR,CM,Cameroon,Sub-Saharan Africa,Lower middle income,2010,,,
CMR,CM,Cameroon,Sub-Saharan Africa,Lower middle income,2011,,,
CMR,CM,Cameroon,Sub-Saharan Africa,Lower middle income,2012,,,
CMR,CM,Cameroon,Sub-Saharan Africa,Lower middle income,2013,,,
CMR,CM,Cameroon,Sub-Saharan Africa,Lower middle income,2014,969.0,1.0,6.877296071497429
CMR,CM,Cameroon,Sub-Saharan Africa,Lower middle income,2015,924.0,1.0,6.829793737512425
CMR,CM,Cameroon,Sub-Saharan Africa,Lower middle income,2016,181.0,1.0,5.204006687076795
CMR,CM,Cameroon,Sub-Saharan Africa,Lower middle income,2017,98.0,1.0,4.59511985013459
CMR,CM,Cameroon,Sub-Saharan Africa,Lower middle income,2018,752.0,1.0,6.6240652277998935
CMR,CM,Cameroon,Sub-Saharan Africa,Lower middle income,2019,693.0,1.0,6.542471960506805
CMR,CM,Cameroon,Sub-Saharan Africa,Lower middle income,2020,429.0,1.0,6.063785208687608
CMR,CM,Cameroon,Sub-Saharan Africa,Lower middle income,2021,581.0,1.0,6.366470447731438
CMR,CM,Cameroon,Sub-Saharan Africa,Lower middle income,2022,406.0,1.0,6.008813185442595
CMR,CM,Cameroon,Sub-Saharan Africa,Lower middle income,2023,358.0,1.0,5.883322388488279
CMR,CM,Cameroon,Sub-Saharan Africa,Lower middle income,2024,231.0,1.0,5.44673737166631
COD,CD,"Congo, Dem. Rep.",Sub-Saharan Africa,Low income,2000,1473.0,1.0,7.295735072749282
COD,CD,"Congo, Dem. Rep.",Sub-Saharan Africa,Low income,2001,501.0,1.0,6.218600119691729
COD,CD,"Congo, Dem. Rep.",Sub-Saharan Africa,Low income,2002,100.0,1.0,4.61512051684126
COD,CD,"Congo, Dem. Rep.",Sub-Saharan Africa,Low income,2003,,,
COD,CD,"Congo, Dem. Rep.",Sub-Saharan Africa,Low income,2004,,,
COD,CD,"Congo, Dem. Rep.",Sub-Saharan Africa,Low income,2005,34.0,1.0,3.5553480614894135
COD,CD,"Congo, Dem. Rep.",Sub-Saharan Africa,Low income,2006,177.0,1.0,5.181783550292085
COD,CD,"Congo, Dem. Rep.",Sub-Saharan Africa,Low income,2007,632.0,1.0,6.450470422144176
COD,CD,"Congo, Dem. Rep.",Sub-Saharan Africa,Low income,2008,767.0,1.0,6.643789733147672
COD,CD,"Congo, Dem. Rep.",Sub-Saharan Africa,Low income,2009,1961.0,1.0,7.581719640125308
COD,CD,"Congo, Dem. Rep.",Sub-Saharan Africa,Low income,2010,300.0,1.0,5.707110264748875
COD,CD,"Congo, Dem. Rep.",Sub-Saharan Africa,Low income,2011,324.0,1.0,5.783825182329737
COD,CD,"Congo, Dem. Rep.",Sub-Saharan Africa,Low income,2012,804.0,1.0,6.690842277418564
COD,CD,"Congo, Dem. Rep.",Sub-Saharan Africa,Low income,2013,1532.0,1.0,7.334981878871814
COD,CD,"Congo, Dem. Rep.",Sub-Saharan Africa,Low income,2014,993.0,1.0,6.901737206656574
COD,CD,"Congo, Dem. Rep.",Sub-Saharan Africa,Low income,2015,197.0,1.0,5.288267030694535
COD,CD,"Congo, Dem. Rep.",Sub-Saharan Africa,Low income,2016,794.0,1.0,6.678342114654332
COD,CD,"Congo, Dem. Rep.",Sub-Saharan Africa,Low income,2017,3632.0,1.0,8.197814032221203
COD,CD,"Congo, Dem. Rep.",Sub-Saharan Africa,Low income,2018,817.0,1.0,6.706862336602747
COD,CD,"Congo, Dem. Rep.",Sub-Saharan Africa,Low income,2019,766.0,1.0,6.642486801367256
COD,CD,"Congo, Dem. Rep.",Sub-Saharan Africa,Low income,2020,1200.0,1.0,7.0909098220799835
COD,CD,"Congo, Dem. Rep.",Sub-Saharan Africa,Low income,2021,1019.0,1.0,6.927557906278317
COD,CD,"Congo, Dem. Rep.",Sub-Saharan Africa,Low income,2022,1723.0,1.0,7.452402451223638
COD,CD,"Congo, Dem. Rep.",Sub-Saharan Africa,Low income,2023,689.0,1.0,6.536691597591305
COD,CD,"Congo, Dem. Rep.",Sub-Saharan Africa,Low income,2024,1138.0,1.0,7.037905963447182
COG,CG,"Congo, Rep.",Sub-Saharan Africa,Lower middle income,2000,,,
COG,CG,"Congo, Rep.",Sub-Saharan Africa,Lower middle income,2001,,,
COG,CG,"Congo, Rep.",Sub-Saharan Africa,Lower middle income,2002,167.0,1.0,5.123963979403259
COG,CG,"Congo, Rep.",Sub-Saharan Africa,Lower middle income,2003,,,
COG,CG,"Congo, Rep.",Sub-Saharan Africa,Lower middle income,2004,,,
COG,CG,"Congo, Rep.",Sub-Saharan Africa,Lower middle income,2005,,,
COG,CG,"Congo, Rep.",Sub-Saharan Africa,Lower middle income,2006,,,
COG,CG,"Congo, Rep.",Sub-Saharan Africa,Lower middle income,2007,,,
COG,CG,"Congo, Rep.",Sub-Saharan Africa,Lower middle income,2008,,,
COG,CG,"Congo, Rep.",Sub-Saharan Africa,Lower middle income,2009,,,
COG,CG,"Congo, Rep.",Sub-Saharan Africa,Lower middle income,2010,,,
COG,CG,"Congo, Rep.",Sub-Saharan Africa,Lower middle income,2011,,,
COG,CG,"Congo, Rep.",Sub-Saharan Africa,Lower middle income,2012,,,
COG,CG,"Congo, Rep.",Sub-Saharan Africa,Lower middle income,2013,,,
COG,CG,"Congo, Rep.",Sub-Saharan Africa,Lower middle income,2014,,,
COG,CG,"Congo, Rep.",Sub-Saharan Africa,Lower middle income,2015,,,
COG,CG,"Congo, Rep.",Sub-Saharan Africa,Lower middle income,2016,73.0,1.0,4.30406509320417
COG,CG,"Congo, Rep.",Sub-Saharan Africa,Lower middle income,2017,,,
COG,CG,"Congo, Rep.",Sub-Saharan Africa,Lower middle income,2018,,,
COG,CG,"Congo, Rep.",Sub-Saharan Africa,Lower middle income,2019,0.0,0.0,0.0
COG,CG,"Congo, Rep.",Sub-Saharan Africa,Lower middle income,2020,0.0,0.0,0.0
COG,CG,"Congo, Rep.",Sub-Saharan Africa,Lower middle income,2021,,,
COG,CG,"Congo, Rep.",Sub-Saharan Africa,Lower middle income,2022,3.0,1.0,1.3862943611198906
COG,CG,"Congo, Rep.",Sub-Saharan Africa,Lower middle income,2023,,,
COG,CG,"Congo, Rep.",Sub-Saharan Africa,Lower middle income,2024,,,
COL,CO,Colombia,Latin America & Caribbean,Upper middle income,2000,1879.0,1.0,7.539027055823995
COL,CO,Colombia,Latin America & Caribbean,Upper middle income,2001,1864.0,1.0,7.5310163320779155
COL,CO,Colombia,Latin America & Caribbean,Upper middle income,2002,3387.0,1.0,8.127995055771946
COL,CO,Colombia,Latin America & Caribbean,Upper middle income,2003,2086.0,1.0,7.643482907077201
COL,CO,Colombia,Latin America & Caribbean,Upper middle income,2004,1360.0,1.0,7.215975002651466
COL,CO,Colombia,Latin America & Caribbean,Upper middle income,2005,1561.0,1.0,7.3537223303996315
COL,CO,Colombia,Latin America & Caribbean,Upper middle income,2006,503.0,1.0,6.222576268071369
COL,CO,Colombia,Latin America & Caribbean,Upper middle income,2007,316.0,1.0,5.75890177387728
COL,CO,Colombia,Latin America & Caribbean,Upper middle income,2008,232.0,1.0,5.4510384535657
COL,CO,Colombia,Latin America & Caribbean,Upper middle income,2009,379.0,1.0,5.940171252720432
COL,CO,Colombia,Latin America & Caribbean,Upper middle income,2010,419.0,1.0,6.040254711277414
COL,CO,Colombia,Latin America & Caribbean,Upper middle income,2011,202.0,1.0,5.313205979041787
COL,CO,Colombia,Latin America & Caribbean,Upper middle income,2012,211.0,1.0,5.356586274672012
COL,CO,Colombia,Latin America & Caribbean,Upper middle income,2013,140.0,1.0,4.948759890378168
COL,CO,Colombia,Latin America & Caribbean,Upper middle income,2014,119.0,1.0,4.787491742782046
COL,CO,Colombia,Latin America & Caribbean,Upper middle income,2015,134.0,1.0,4.90527477843843
COL,CO,Colombia,Latin America & Caribbean,Upper middle income,2016,30.0,1.0,3.4339872044851463
COL,CO,Colombia,Latin America & Caribbean,Upper middle income,2017,,,
COL,CO,Colombia,Latin America & Caribbean,Upper middle income,2018,131.0,1.0,4.882801922586371
COL,CO,Colombia,Latin America & Caribbean,Upper middle income,2019,115.0,1.0,4.7535901911063645
COL,CO,Colombia,Latin America & Caribbean,Upper middle income,2020,23.0,1.0,3.1780538303479458
COL,CO,Colombia,Latin America & Caribbean,Upper middle income,2021,113.0,1.0,4.736198448394496
COL,CO,Colombia,Latin America & Caribbean,Upper middle income,2022,122.0,1.0,4.812184355372417
COL,CO,Colombia,Latin America & Caribbean,Upper middle income,2023,89.0,1.0,4.499809670330265
COL,CO,Colombia,Latin America & Caribbean,Upper middle income,2024,225.0,1.0,5.420534999272286
COM,KM,Comoros,Sub-Saharan Africa,Lower middle income,2000,,,
COM,KM,Comoros,Sub-Saharan Africa,Lower middle income,2001,,,
COM,KM,Comoros,Sub-Saharan Africa,Lower middle income,2002,,,
COM,KM,Comoros,Sub-Saharan Africa,Lower middle income,2003,,,
COM,KM,Comoros,Sub-Saharan Africa,Lower middle income,2004,,,
COM,KM,Comoros,Sub-Saharan Africa,Lower middle income,2005,,,
COM,KM,Comoros,Sub-Saharan Africa,Lower middle income,2006,,,
COM,KM,Comoros,Sub-Saharan Africa,Lower middle income,2007,,,
COM,KM,Comoros,Sub-Saharan Africa,Lower middle income,2008,,,
COM,KM,Comoros,Sub-Saharan Africa,Lower middle income,2009,,,
COM,KM,Comoros,Sub-Saharan Africa,Lower middle income,2010,,,
COM,KM,Comoros,Sub-Saharan Africa,Lower middle income,2011,,,
COM,KM,Comoros,Sub-Saharan Africa,Lower middle income,2012,,,
COM,KM,Comoros,Sub-Saharan Africa,Lower middle income,2013,,,
COM,KM,Comoros,Sub-Saharan Africa,Lower middle income,2014,,,
COM,KM,Comoros,Sub-Saharan Africa,Lower middle income,2015,,,
COM,KM,Comoros,Sub-Saharan Africa,Lower middle income,2016,,,
COM,KM,Comoros,Sub-Saharan Africa,Lower middle income,2017,,,
COM,KM,Comoros,Sub-Saharan Africa,Lower middle income,2018,,,
COM,KM,Comoros,Sub-Saharan Africa,Lower middle income,2019,,,
COM,KM,Comoros,Sub-Saharan Africa,Lower middle income,2020,,,
COM,KM,Comoros,Sub-Saharan Africa,Lower middle income,2021,,,
COM,KM,Comoros,Sub-Saharan Africa,Lower middle income,2022,,,
COM,KM,Comoros,Sub-Saharan Africa,Lower middle income,2023,,,
COM,KM,Comoros,Sub-Saharan Africa,Lower middle income,2024,,,
CPV,CV,Cabo Verde,Sub-Saharan Africa,Upper middle income,2000,,,
CPV,CV,Cabo Verde,Sub-Saharan Africa,Upper middle income,2001,,,
CPV,CV,Cabo Verde,Sub-Saharan Africa,Upper middle income,2002,,,
CPV,CV,Cabo Verde,Sub-Saharan Africa,Upper middle income,2003,,,
CPV,CV,Cabo Verde,Sub-Saharan Africa,Upper middle income,2004,,,
CPV,CV,Cabo Verde,Sub-Saharan Africa,Upper middle income,2005,,,
CPV,CV,Cabo Verde,Sub-Saharan Africa,Upper middle income,2006,,,
CPV,CV,Cabo Verde,Sub-Saharan Africa,Upper middle income,2007,,,
CPV,CV,Cabo Verde,Sub-Saharan Africa,Upper middle income,2008,,,
CPV,CV,Cabo Verde,Sub-Saharan Africa,Upper middle income,2009,,,
CPV,CV,Cabo Verde,Sub-Saharan Africa,Upper middle income,2010,,,
CPV,CV,Cabo Verde,Sub-Saharan Africa,Upper middle income,2011,,,
CPV,CV,Cabo Verde,Sub-Saharan Africa,Upper middle income,2012,,,
CPV,CV,Cabo Verde,Sub-Saharan Africa,Upper middle income,2013,,,
CPV,CV,Cabo Verde,Sub-Saharan Africa,Upper middle income,2014,,,
CPV,CV,Cabo Verde,Sub-Saharan Africa,Upper middle income,2015,,,
CPV,CV,Cabo Verde,Sub-Saharan Africa,Upper middle income,2016,,,
CPV,CV,Cabo Verde,Sub-Saharan Africa,Upper middle income,2017,,,
CPV,CV,Cabo Verde,Sub-Saharan Africa,Upper middle income,2018,,,
CPV,CV,Cabo Verde,Sub-Saharan Africa,Upper middle income,2019,,,
CPV,CV,Cabo Verde,Sub-Saharan Africa,Upper middle income,2020,,,
CPV,CV,Cabo Verde,Sub-Saharan Africa,Upper middle income,2021,,,
CPV,CV,Cabo Verde,Sub-Saharan Africa,Upper middle income,2022,,,
CPV,CV,Cabo Verde,Sub-Saharan Africa,Upper middle income,2023,,,
CPV,CV,Cabo Verde,Sub-Saharan Africa,Upper middle income,2024,,,
CRI,CR,Costa Rica,Latin America & Caribbean,High income,2000,,,
CRI,CR,Costa Rica,Latin America & Caribbean,High income,2001,,,
CRI,CR,Costa Rica,Latin America & Caribbean,High income,2002,,,
CRI,CR,Costa Rica,Latin America & Caribbean,High income,2003,,,
CRI,CR,Costa Rica,Latin America & Caribbean,High income,2004,,,
CRI,CR,Costa Rica,Latin America & Caribbean,High income,2005,,,
CRI,CR,Costa Rica,Latin America & Caribbean,High income,2006,,,
CRI,CR,Costa Rica,Latin America & Caribbean,High income,2007,,,
CRI,CR,Costa Rica,Latin America & Caribbean,High income,2008,,,
CRI,CR,Costa Rica,Latin America & Caribbean,High income,2009,,,
CRI,CR,Costa Rica,Latin America & Caribbean,High income,2010,,,
CRI,CR,Costa Rica,Latin America & Caribbean,High income,2011,,,
CRI,CR,Costa Rica,Latin America & Caribbean,High income,2012,,,
CRI,CR,Costa Rica,Latin America & Caribbean,High income,2013,,,
CRI,CR,Costa Rica,Latin America & Caribbean,High income,2014,,,
CRI,CR,Costa Rica,Latin America & Caribbean,High income,2015,,,
CRI,CR,Costa Rica,Latin America & Caribbean,High income,2016,,,
CRI,CR,Costa Rica,Latin America & Caribbean,High income,2017,,,
CRI,CR,Costa Rica,Latin America & Caribbean,High income,2018,,,
CRI,CR,Costa Rica,Latin America & Caribbean,High income,2019,,,
CRI,CR,Costa Rica,Latin America & Caribbean,High income,2020,,,
CRI,CR,Costa Rica,Latin America & Caribbean,High income,2021,,,
CRI,CR,Costa Rica,Latin America & Caribbean,High income,2022,,,
CRI,CR,Costa Rica,Latin America & Caribbean,High income,2023,,,
CRI,CR,Costa Rica,Latin America & Caribbean,High income,2024,,,
CUB,CU,Cuba,Latin America & Caribbean,Upper middle income,2000,,,
CUB,CU,Cuba,Latin America & Caribbean,Upper middle income,2001,,,
CUB,CU,Cuba,Latin America & Caribbean,Upper middle income,2002,,,
CUB,CU,Cuba,Latin America & Caribbean,Upper middle income,2003,,,
CUB,CU,Cuba,Latin America & Caribbean,Upper middle income,2004,,,
CUB,CU,Cuba,Latin America & Caribbean,Upper middle income,2005,,,
CUB,CU,Cuba,Latin America & Caribbean,Upper middle income,2006,,,
CUB,CU,Cuba,Latin America & Caribbean,Upper middle income,2007,,,
CUB,CU,Cuba,Latin America & Caribbean,Upper middle income,2008,,,
CUB,CU,Cuba,Latin America & Caribbean,Upper middle income,2009,,,
CUB,CU,Cuba,Latin America & Caribbean,Upper middle income,2010,,,
CUB,CU,Cuba,Latin America & Caribbean,Upper middle income,2011,,,
CUB,CU,Cuba,Latin America & Caribbean,Upper middle income,2012,,,
CUB,CU,Cuba,Latin America & Caribbean,Upper middle income,2013,,,
CUB,CU,Cuba,Latin America & Caribbean,Upper middle income,2014,,,
CUB,CU,Cuba,Latin America & Caribbean,Upper middle income,2015,,,
CUB,CU,Cuba,Latin America & Caribbean,Upper middle income,2016,,,
CUB,CU,Cuba,Latin America & Caribbean,Upper middle income,2017,,,
CUB,CU,Cuba,Latin America & Caribbean,Upper middle income,2018,,,
CUB,CU,Cuba,Latin America & Caribbean,Upper middle income,2019,,,
CUB,CU,Cuba,Latin America & Caribbean,Upper middle income,2020,,,
CUB,CU,Cuba,Latin America & Caribbean,Upper middle income,2021,,,
CUB,CU,Cuba,Latin America & Caribbean,Upper middle income,2022,,,
CUB,CU,Cuba,Latin America & Caribbean,Upper middle income,2023,,,
CUB,CU,Cuba,Latin America & Caribbean,Upper middle income,2024,,,
CUW,CW,Curacao,Latin America & Caribbean,High income,2000,,,
CUW,CW,Curacao,Latin America & Caribbean,High income,2001,,,
CUW,CW,Curacao,Latin America & Caribbean,High income,2002,,,
CUW,CW,Curacao,Latin America & Caribbean,High income,2003,,,
CUW,CW,Curacao,Latin America & Caribbean,High income,2004,,,
CUW,CW,Curacao,Latin America & Caribbean,High income,2005,,,
CUW,CW,Curacao,Latin America & Caribbean,High income,2006,,,
CUW,CW,Curacao,Latin America & Caribbean,High income,2007,,,
CUW,CW,Curacao,Latin America & Caribbean,High income,2008,,,
CUW,CW,Curacao,Latin America & Caribbean,High income,2009,,,
CUW,CW,Curacao,Latin America & Caribbean,High income,2010,,,
CUW,CW,Curacao,Latin America & Caribbean,High income,2011,,,
CUW,CW,Curacao,Latin America & Caribbean,High income,2012,,,
CUW,CW,Curacao,Latin America & Caribbean,High income,2013,,,
CUW,CW,Curacao,Latin America & Caribbean,High income,2014,,,
CUW,CW,Curacao,Latin America & Caribbean,High income,2015,,,
CUW,CW,Curacao,Latin America & Caribbean,High income,2016,,,
CUW,CW,Curacao,Latin America & Caribbean,High income,2017,,,
CUW,CW,Curacao,Latin America & Caribbean,High income,2018,,,
CUW,CW,Curacao,Latin America & Caribbean,High income,2019,,,
CUW,CW,Curacao,Latin America & Caribbean,High income,2020,,,
CUW,CW,Curacao,Latin America & Caribbean,High income,2021,,,
CUW,CW,Curacao,Latin America & Caribbean,High income,2022,,,
CUW,CW,Curacao,Latin America & Caribbean,High income,2023,,,
CUW,CW,Curacao,Latin America & Caribbean,High income,2024,,,
CYM,KY,Cayman Islands,Latin America & Caribbean,High income,2000,,,
CYM,KY,Cayman Islands,Latin America & Caribbean,High income,2001,,,
CYM,KY,Cayman Islands,Latin America & Caribbean,High income,2002,,,
CYM,KY,Cayman Islands,Latin America & Caribbean,High income,2003,,,
CYM,KY,Cayman Islands,Latin America & Caribbean,High income,2004,,,
CYM,KY,Cayman Islands,Latin America & Caribbean,High income,2005,,,
CYM,KY,Cayman Islands,Latin America & Caribbean,High income,2006,,,
CYM,KY,Cayman Islands,Latin America & Caribbean,High income,2007,,,
CYM,KY,Cayman Islands,Latin America & Caribbean,High income,2008,,,
CYM,KY,Cayman Islands,Latin America & Caribbean,High income,2009,,,
CYM,KY,Cayman Islands,Latin America & Caribbean,High income,2010,,,
CYM,KY,Cayman Islands,Latin America & Caribbean,High income,2011,,,
CYM,KY,Cayman Islands,Latin America & Caribbean,High income,2012,,,
CYM,KY,Cayman Islands,Latin America & Caribbean,High income,2013,,,
CYM,KY,Cayman Islands,Latin America & Caribbean,High income,2014,,,
CYM,KY,Cayman Islands,Latin America & Caribbean,High income,2015,,,
CYM,KY,Cayman Islands,Latin America & Caribbean,High income,2016,,,
CYM,KY,Cayman Islands,Latin America & Caribbean,High income,2017,,,
CYM,KY,Cayman Islands,Latin America & Caribbean,High income,2018,,,
CYM,KY,Cayman Islands,Latin America & Caribbean,High income,2019,,,
CYM,KY,Cayman Islands,Latin America & Caribbean,High income,2020,,,
CYM,KY,Cayman Islands,Latin America & Caribbean,High income,2021,,,
CYM,KY,Cayman Islands,Latin America & Caribbean,High income,2022,,,
CYM,KY,Cayman Islands,Latin America & Caribbean,High income,2023,,,
CYM,KY,Cayman Islands,Latin America & Caribbean,High income,2024,,,
CYP,CY,Cyprus,Europe & Central Asia,High income,2000,,,
CYP,CY,Cyprus,Europe & Central Asia,High income,2001,,,
CYP,CY,Cyprus,Europe & Central Asia,High income,2002,,,
CYP,CY,Cyprus,Europe & Central Asia,High income,2003,,,
CYP,CY,Cyprus,Europe & Central Asia,High income,2004,,,
CYP,CY,Cyprus,Europe & Central Asia,High income,2005,,,
CYP,CY,Cyprus,Europe & Central Asia,High income,2006,,,
CYP,CY,Cyprus,Europe & Central Asia,High income,2007,,,
CYP,CY,Cyprus,Europe & Central Asia,High income,2008,,,
CYP,CY,Cyprus,Europe & Central Asia,High income,2009,,,
CYP,CY,Cyprus,Europe & Central Asia,High income,2010,,,
CYP,CY,Cyprus,Europe & Central Asia,High income,2011,,,
CYP,CY,Cyprus,Europe & Central Asia,High income,2012,,,
CYP,CY,Cyprus,Europe & Central Asia,High income,2013,,,
CYP,CY,Cyprus,Europe & Central Asia,High income,2014,,,
CYP,CY,Cyprus,Europe & Central Asia,High income,2015,,,
CYP,CY,Cyprus,Europe & Central Asia,High income,2016,,,
CYP,CY,Cyprus,Europe & Central Asia,High income,2017,,,
CYP,CY,Cyprus,Europe & Central Asia,High income,2018,,,
CYP,CY,Cyprus,Europe & Central Asia,High income,2019,,,
CYP,CY,Cyprus,Europe & Central Asia,High income,2020,,,
CYP,CY,Cyprus,Europe & Central Asia,High income,2021,,,
CYP,CY,Cyprus,Europe & Central Asia,High income,2022,,,
CYP,CY,Cyprus,Europe & Central Asia,High income,2023,,,
CYP,CY,Cyprus,Europe & Central Asia,High income,2024,,,
CZE,CZ,Czechia,Europe & Central Asia,High income,2000,,,
CZE,CZ,Czechia,Europe & Central Asia,High income,2001,,,
CZE,CZ,Czechia,Europe & Central Asia,High income,2002,,,
CZE,CZ,Czechia,Europe & Central Asia,High income,2003,,,
CZE,CZ,Czechia,Europe & Central Asia,High income,2004,,,
CZE,CZ,Czechia,Europe & Central Asia,High income,2005,,,
CZE,CZ,Czechia,Europe & Central Asia,High income,2006,,,
CZE,CZ,Czechia,Europe & Central Asia,High income,2007,,,
CZE,CZ,Czechia,Europe & Central Asia,High income,2008,,,
CZE,CZ,Czechia,Europe & Central Asia,High income,2009,,,
CZE,CZ,Czechia,Europe & Central Asia,High income,2010,,,
CZE,CZ,Czechia,Europe & Central Asia,High income,2011,,,
CZE,CZ,Czechia,Europe & Central Asia,High income,2012,,,
CZE,CZ,Czechia,Europe & Central Asia,High income,2013,,,
CZE,CZ,Czechia,Europe & Central Asia,High income,2014,,,
CZE,CZ,Czechia,Europe & Central Asia,High income,2015,,,
CZE,CZ,Czechia,Europe & Central Asia,High income,2016,,,
CZE,CZ,Czechia,Europe & Central Asia,High income,2017,,,
CZE,CZ,Czechia,Europe & Central Asia,High income,2018,,,
CZE,CZ,Czechia,Europe & Central Asia,High income,2019,,,
CZE,CZ,Czechia,Europe & Central Asia,High income,2020,,,
CZE,CZ,Czechia,Europe & Central Asia,High income,2021,,,
CZE,CZ,Czechia,Europe & Central Asia,High income,2022,,,
CZE,CZ,Czechia,Europe & Central Asia,High income,2023,,,
CZE,CZ,Czechia,Europe & Central Asia,High income,2024,,,
DEU,DE,Germany,Europe & Central Asia,High income,2000,,,
DEU,DE,Germany,Europe & Central Asia,High income,2001,,,
DEU,DE,Germany,Europe & Central Asia,High income,2002,,,
DEU,DE,Germany,Europe & Central Asia,High income,2003,,,
DEU,DE,Germany,Europe & Central Asia,High income,2004,,,
DEU,DE,Germany,Europe & Central Asia,High income,2005,,,
DEU,DE,Germany,Europe & Central Asia,High income,2006,,,
DEU,DE,Germany,Europe & Central Asia,High income,2007,,,
DEU,DE,Germany,Europe & Central Asia,High income,2008,,,
DEU,DE,Germany,Europe & Central Asia,High income,2009,,,
DEU,DE,Germany,Europe & Central Asia,High income,2010,,,
DEU,DE,Germany,Europe & Central Asia,High income,2011,,,
DEU,DE,Germany,Europe & Central Asia,High income,2012,,,
DEU,DE,Germany,Europe & Central Asia,High income,2013,,,
DEU,DE,Germany,Europe & Central Asia,High income,2014,,,
DEU,DE,Germany,Europe & Central Asia,High income,2015,,,
DEU,DE,Germany,Europe & Central Asia,High income,2016,,,
DEU,DE,Germany,Europe & Central Asia,High income,2017,,,
DEU,DE,Germany,Europe & Central Asia,High income,2018,,,
DEU,DE,Germany,Europe & Central Asia,High income,2019,,,
DEU,DE,Germany,Europe & Central Asia,High income,2020,,,
DEU,DE,Germany,Europe & Central Asia,High income,2021,,,
DEU,DE,Germany,Europe & Central Asia,High income,2022,,,
DEU,DE,Germany,Europe & Central Asia,High income,2023,,,
DEU,DE,Germany,Europe & Central Asia,High income,2024,,,
DJI,DJ,Djibouti,"Middle East, North Africa, Afghanistan & Pakistan",Lower middle income,2000,,,
DJI,DJ,Djibouti,"Middle East, North Africa, Afghanistan & Pakistan",Lower middle income,2001,,,
DJI,DJ,Djibouti,"Middle East, North Africa, Afghanistan & Pakistan",Lower middle income,2002,,,
DJI,DJ,Djibouti,"Middle East, North Africa, Afghanistan & Pakistan",Lower middle income,2003,,,
DJI,DJ,Djibouti,"Middle East, North Africa, Afghanistan & Pakistan",Lower middle income,2004,,,
DJI,DJ,Djibouti,"Middle East, North Africa, Afghanistan & Pakistan",Lower middle income,2005,,,
DJI,DJ,Djibouti,"Middle East, North Africa, Afghanistan & Pakistan",Lower middle income,2006,,,
DJI,DJ,Djibouti,"Middle East, North Africa, Afghanistan & Pakistan",Lower middle income,2007,,,
DJI,DJ,Djibouti,"Middle East, North Africa, Afghanistan & Pakistan",Lower middle income,2008,35.0,1.0,3.58351893845611
DJI,DJ,Djibouti,"Middle East, North Africa, Afghanistan & Pakistan",Lower middle income,2009,,,
DJI,DJ,Djibouti,"Middle East, North Africa, Afghanistan & Pakistan",Lower middle income,2010,,,
DJI,DJ,Djibouti,"Middle East, North Africa, Afghanistan & Pakistan",Lower middle income,2011,,,
DJI,DJ,Djibouti,"Middle East, North Africa, Afghanistan & Pakistan",Lower middle income,2012,,,
DJI,DJ,Djibouti,"Middle East, North Africa, Afghanistan & Pakistan",Lower middle income,2013,,,
DJI,DJ,Djibouti,"Middle East, North Africa, Afghanistan & Pakistan",Lower middle income,2014,,,
DJI,DJ,Djibouti,"Middle East, North Africa, Afghanistan & Pakistan",Lower middle income,2015,,,
DJI,DJ,Djibouti,"Middle East, North Africa, Afghanistan & Pakistan",Lower middle income,2016,,,
DJI,DJ,Djibouti,"Middle East, North Africa, Afghanistan & Pakistan",Lower middle income,2017,,,
DJI,DJ,Djibouti,"Middle East, North Africa, Afghanistan & Pakistan",Lower middle income,2018,,,
DJI,DJ,Djibouti,"Middle East, North Africa, Afghanistan & Pakistan",Lower middle income,2019,,,
DJI,DJ,Djibouti,"Middle East, North Africa, Afghanistan & Pakistan",Lower middle income,2020,,,
DJI,DJ,Djibouti,"Middle East, North Africa, Afghanistan & Pakistan",Lower middle income,2021,,,
DJI,DJ,Djibouti,"Middle East, North Africa, Afghanistan & Pakistan",Lower middle income,2022,,,
DJI,DJ,Djibouti,"Middle East, North Africa, Afghanistan & Pakistan",Lower middle income,2023,,,
DJI,DJ,Djibouti,"Middle East, North Africa, Afghanistan & Pakistan",Lower middle income,2024,,,
DMA,DM,Dominica,Latin America & Caribbean,Upper middle income,2000,,,
DMA,DM,Dominica,Latin America & Caribbean,Upper middle income,2001,,,
DMA,DM,Dominica,Latin America & Caribbean,Upper middle income,2002,,,
DMA,DM,Dominica,Latin America & Caribbean,Upper middle income,2003,,,
DMA,DM,Dominica,Latin America & Caribbean,Upper middle income,2004,,,
DMA,DM,Dominica,Latin America & Caribbean,Upper middle income,2005,,,
DMA,DM,Dominica,Latin America & Caribbean,Upper middle income,2006,,,
DMA,DM,Dominica,Latin America & Caribbean,Upper middle income,2007,,,
DMA,DM,Dominica,Latin America & Caribbean,Upper middle income,2008,,,
DMA,DM,Dominica,Latin America & Caribbean,Upper middle income,2009,,,
DMA,DM,Dominica,Latin America & Caribbean,Upper middle income,2010,,,
DMA,DM,Dominica,Latin America & Caribbean,Upper middle income,2011,,,
DMA,DM,Dominica,Latin America & Caribbean,Upper middle income,2012,,,
DMA,DM,Dominica,Latin America & Caribbean,Upper middle income,2013,,,
DMA,DM,Dominica,Latin America & Caribbean,Upper middle income,2014,,,
DMA,DM,Dominica,Latin America & Caribbean,Upper middle income,2015,,,
DMA,DM,Dominica,Latin America & Caribbean,Upper middle income,2016,,,
DMA,DM,Dominica,Latin America & Caribbean,Upper middle income,2017,,,
DMA,DM,Dominica,Latin America & Caribbean,Upper middle income,2018,,,
DMA,DM,Dominica,Latin America & Caribbean,Upper middle income,2019,,,
DMA,DM,Dominica,Latin America & Caribbean,Upper middle income,2020,,,
DMA,DM,Dominica,Latin America & Caribbean,Upper middle income,2021,,,
DMA,DM,Dominica,Latin America & Caribbean,Upper middle income,2022,,,
DMA,DM,Dominica,Latin America & Caribbean,Upper middle income,2023,,,
DMA,DM,Dominica,Latin America & Caribbean,Upper middle income,2024,,,
DNK,DK,Denmark,Europe & Central Asia,High income,2000,,,
DNK,DK,Denmark,Europe & Central Asia,High income,2001,,,
DNK,DK,Denmark,Europe & Central Asia,High income,2002,,,
DNK,DK,Denmark,Europe & Central Asia,High income,2003,,,
DNK,DK,Denmark,Europe & Central Asia,High income,2004,,,
DNK,DK,Denmark,Europe & Central Asia,High income,2005,,,
DNK,DK,Denmark,Europe & Central Asia,High income,2006,,,
DNK,DK,Denmark,Europe & Central Asia,High income,2007,,,
DNK,DK,Denmark,Europe & Central Asia,High income,2008,,,
DNK,DK,Denmark,Europe & Central Asia,High income,2009,,,
DNK,DK,Denmark,Europe & Central Asia,High income,2010,,,
DNK,DK,Denmark,Europe & Central Asia,High income,2011,,,
DNK,DK,Denmark,Europe & Central Asia,High income,2012,,,
DNK,DK,Denmark,Europe & Central Asia,High income,2013,,,
DNK,DK,Denmark,Europe & Central Asia,High income,2014,,,
DNK,DK,Denmark,Europe & Central Asia,High income,2015,,,
DNK,DK,Denmark,Europe & Central Asia,High income,2016,,,
DNK,DK,Denmark,Europe & Central Asia,High income,2017,,,
DNK,DK,Denmark,Europe & Central Asia,High income,2018,,,
DNK,DK,Denmark,Europe & Central Asia,High income,2019,,,
DNK,DK,Denmark,Europe & Central Asia,High income,2020,,,
DNK,DK,Denmark,Europe & Central Asia,High income,2021,,,
DNK,DK,Denmark,Europe & Central Asia,High income,2022,,,
DNK,DK,Denmark,Europe & Central Asia,High income,2023,,,
DNK,DK,Denmark,Europe & Central Asia,High income,2024,,,
DOM,DO,Dominican Republic,Latin America & Caribbean,Upper middle income,2000,,,
DOM,DO,Dominican Republic,Latin America & Caribbean,Upper middle income,2001,,,
DOM,DO,Dominican Republic,Latin America & Caribbean,Upper middle income,2002,,,
DOM,DO,Dominican Republic,Latin America & Caribbean,Upper middle income,2003,,,
DOM,DO,Dominican Republic,Latin America & Caribbean,Upper middle income,2004,,,
DOM,DO,Dominican Republic,Latin America & Caribbean,Upper middle income,2005,,,
DOM,DO,Dominican Republic,Latin America & Caribbean,Upper middle income,2006,,,
DOM,DO,Dominican Republic,Latin America & Caribbean,Upper middle income,2007,,,
DOM,DO,Dominican Republic,Latin America & Caribbean,Upper middle income,2008,,,
DOM,DO,Dominican Republic,Latin America & Caribbean,Upper middle income,2009,,,
DOM,DO,Dominican Republic,Latin America & Caribbean,Upper middle income,2010,,,
DOM,DO,Dominican Republic,Latin America & Caribbean,Upper middle income,2011,,,
DOM,DO,Dominican Republic,Latin America & Caribbean,Upper middle income,2012,,,
DOM,DO,Dominican Republic,Latin America & Caribbean,Upper middle income,2013,,,
DOM,DO,Dominican Republic,Latin America & Caribbean,Upper middle income,2014,,,
DOM,DO,Dominican Republic,Latin America & Caribbean,Upper middle income,2015,,,
DOM,DO,Dominican Republic,Latin America & Caribbean,Upper middle income,2016,,,
DOM,DO,Dominican Republic,Latin America & Caribbean,Upper middle income,2017,,,
DOM,DO,Dominican Republic,Latin America & Caribbean,Upper middle income,2018,,,
DOM,DO,Dominican Republic,Latin America & Caribbean,Upper middle income,2019,,,
DOM,DO,Dominican Republic,Latin America & Caribbean,Upper middle income,2020,,,
DOM,DO,Dominican Republic,Latin America & Caribbean,Upper middle income,2021,,,
DOM,DO,Dominican Republic,Latin America & Caribbean,Upper middle income,2022,,,
DOM,DO,Dominican Republic,Latin America & Caribbean,Upper middle income,2023,,,
DOM,DO,Dominican Republic,Latin America & Caribbean,Upper middle income,2024,,,
DZA,DZ,Algeria,"Middle East, North Africa, Afghanistan & Pakistan",Upper middle income,2000,947.0,1.0,6.854354502255021
DZA,DZ,Algeria,"Middle East, North Africa, Afghanistan & Pakistan",Upper middle income,2001,642.0,1.0,6.466144724237619
DZA,DZ,Algeria,"Middle East, North Africa, Afghanistan & Pakistan",Upper middle income,2002,539.0,1.0,6.29156913955832
DZA,DZ,Algeria,"Middle East, North Africa, Afghanistan & Pakistan",Upper middle income,2003,670.0,1.0,6.508769136971682
DZA,DZ,Algeria,"Middle East, North Africa, Afghanistan & Pakistan",Upper middle income,2004,397.0,1.0,5.986452005284438
DZA,DZ,Algeria,"Middle East, North Africa, Afghanistan & Pakistan",Upper middle income,2005,217.0,1.0,5.384495062789089
DZA,DZ,Algeria,"Middle East, North Africa, Afghanistan & Pakistan",Upper middle income,2006,255.0,1.0,5.545177444479562
DZA,DZ,Algeria,"Middle East, North Africa, Afghanistan & Pakistan",Upper middle income,2007,472.0,1.0,6.159095388491933
DZA,DZ,Algeria,"Middle East, North Africa, Afghanistan & Pakistan",Upper middle income,2008,339.0,1.0,5.8289456176102075
DZA,DZ,Algeria,"Middle East, North Africa, Afghanistan & Pakistan",Upper middle income,2009,505.0,1.0,6.226536669287466
DZA,DZ,Algeria,"Middle East, North Africa, Afghanistan & Pakistan",Upper middle income,2010,236.0,1.0,5.4680601411351315
DZA,DZ,Algeria,"Middle East, North Africa, Afghanistan & Pakistan",Upper middle income,2011,267.0,1.0,5.5909869805108565
DZA,DZ,Algeria,"Middle East, North Africa, Afghanistan & Pakistan",Upper middle income,2012,256.0,1.0,5.54907608489522
DZA,DZ,Algeria,"Middle East, North Africa, Afghanistan & Pakistan",Upper middle income,2013,147.0,1.0,4.997212273764115
DZA,DZ,Algeria,"Middle East, North Africa, Afghanistan & Pakistan",Upper middle income,2014,107.0,1.0,4.68213122712422
DZA,DZ,Algeria,"Middle East, North Africa, Afghanistan & Pakistan",Upper middle income,2015,110.0,1.0,4.709530201312334
DZA,DZ,Algeria,"Middle East, North Africa, Afghanistan & Pakistan",Upper middle income,2016,86.0,1.0,4.465908118654584
DZA,DZ,Algeria,"Middle East, North Africa, Afghanistan & Pakistan",Upper middle income,2017,60.0,1.0,4.110873864173311
DZA,DZ,Algeria,"Middle East, North Africa, Afghanistan & Pakistan",Upper middle income,2018,33.0,1.0,3.5263605246161616
DZA,DZ,Algeria,"Middle East, North Africa, Afghanistan & Pakistan",Upper middle income,2019,,,
DZA,DZ,Algeria,"Middle East, North Africa, Afghanistan & Pakistan",Upper middle income,2020,26.0,1.0,3.295836866004329
DZA,DZ,Algeria,"Middle East, North Africa, Afghanistan & Pakistan",Upper middle income,2021,,,
DZA,DZ,Algeria,"Middle East, North Africa, Afghanistan & Pakistan",Upper middle income,2022,,,
DZA,DZ,Algeria,"Middle East, North Africa, Afghanistan & Pakistan",Upper middle income,2023,,,
DZA,DZ,Algeria,"Middle East, North Africa, Afghanistan & Pakistan",Upper middle income,2024,,,
ECU,EC,Ecuador,Latin America & Caribbean,Upper middle income,2000,,,
ECU,EC,Ecuador,Latin America & Caribbean,Upper middle income,2001,,,
ECU,EC,Ecuador,Latin America & Caribbean,Upper middle income,2002,,,
ECU,EC,Ecuador,Latin America & Caribbean,Upper middle income,2003,,,
ECU,EC,Ecuador,Latin America & Caribbean,Upper middle income,2004,,,
ECU,EC,Ecuador,Latin America & Caribbean,Upper middle income,2005,,,
ECU,EC,Ecuador,Latin America & Caribbean,Upper middle income,2006,,,
ECU,EC,Ecuador,Latin America & Caribbean,Upper middle income,2007,,,
ECU,EC,Ecuador,Latin America & Caribbean,Upper middle income,2008,50.0,1.0,3.9318256327243257
ECU,EC,Ecuador,Latin America & Caribbean,Upper middle income,2009,,,
ECU,EC,Ecuador,Latin America & Caribbean,Upper middle income,2010,,,
ECU,EC,Ecuador,Latin America & Caribbean,Upper middle income,2011,,,
ECU,EC,Ecuador,Latin America & Caribbean,Upper middle income,2012,,,
ECU,EC,Ecuador,Latin America & Caribbean,Upper middle income,2013,,,
ECU,EC,Ecuador,Latin America & Caribbean,Upper middle income,2014,,,
ECU,EC,Ecuador,Latin America & Caribbean,Upper middle income,2015,,,
ECU,EC,Ecuador,Latin America & Caribbean,Upper middle income,2016,,,
ECU,EC,Ecuador,Latin America & Caribbean,Upper middle income,2017,,,
ECU,EC,Ecuador,Latin America & Caribbean,Upper middle income,2018,,,
ECU,EC,Ecuador,Latin America & Caribbean,Upper middle income,2019,2.0,1.0,1.0986122886681098
ECU,EC,Ecuador,Latin America & Caribbean,Upper middle income,2020,,,
ECU,EC,Ecuador,Latin America & Caribbean,Upper middle income,2021,,,
ECU,EC,Ecuador,Latin America & Caribbean,Upper middle income,2022,,,
ECU,EC,Ecuador,Latin America & Caribbean,Upper middle income,2023,,,
ECU,EC,Ecuador,Latin America & Caribbean,Upper middle income,2024,,,
EGY,EG,"Egypt, Arab Rep.","Middle East, North Africa, Afghanistan & Pakistan",Lower middle income,2000,,,
EGY,EG,"Egypt, Arab Rep.","Middle East, North Africa, Afghanistan & Pakistan",Lower middle income,2001,,,
EGY,EG,"Egypt, Arab Rep.","Middle East, North Africa, Afghanistan & Pakistan",Lower middle income,2002,,,
EGY,EG,"Egypt, Arab Rep.","Middle East, North Africa, Afghanistan & Pakistan",Lower middle income,2003,,,
EGY,EG,"Egypt, Arab Rep.","Middle East, North Africa, Afghanistan & Pakistan",Lower middle income,2004,,,
EGY,EG,"Egypt, Arab Rep.","Middle East, North Africa, Afghanistan & Pakistan",Lower middle income,2005,,,
EGY,EG,"Egypt, Arab Rep.","Middle East, North Africa, Afghanistan & Pakistan",Lower middle income,2006,,,
EGY,EG,"Egypt, Arab Rep.","Middle East, North Africa, Afghanistan & Pakistan",Lower middle income,2007,,,
EGY,EG,"Egypt, Arab Rep.","Middle East, North Africa, Afghanistan & Pakistan",Lower middle income,2008,,,
EGY,EG,"Egypt, Arab Rep.","Middle East, North Africa, Afghanistan & Pakistan",Lower middle income,2009,,,
EGY,EG,"Egypt, Arab Rep.","Middle East, North Africa, Afghanistan & Pakistan",Lower middle income,2010,,,
EGY,EG,"Egypt, Arab Rep.","Middle East, North Africa, Afghanistan & Pakistan",Lower middle income,2011,,,
EGY,EG,"Egypt, Arab Rep.","Middle East, North Africa, Afghanistan & Pakistan",Lower middle income,2012,,,
EGY,EG,"Egypt, Arab Rep.","Middle East, North Africa, Afghanistan & Pakistan",Lower middle income,2013,,,
EGY,EG,"Egypt, Arab Rep.","Middle East, North Africa, Afghanistan & Pakistan",Lower middle income,2014,184.0,1.0,5.220355825078324
EGY,EG,"Egypt, Arab Rep.","Middle East, North Africa, Afghanistan & Pakistan",Lower middle income,2015,767.0,1.0,6.643789733147672
EGY,EG,"Egypt, Arab Rep.","Middle East, North Africa, Afghanistan & Pakistan",Lower middle income,2016,355.0,1.0,5.87493073085203
EGY,EG,"Egypt, Arab Rep.","Middle East, North Africa, Afghanistan & Pakistan",Lower middle income,2017,497.0,1.0,6.210600077024653
EGY,EG,"Egypt, Arab Rep.","Middle East, North Africa, Afghanistan & Pakistan",Lower middle income,2018,680.0,1.0,6.523562306149512
EGY,EG,"Egypt, Arab Rep.","Middle East, North Africa, Afghanistan & Pakistan",Lower middle income,2019,637.0,1.0,6.45833828334479
EGY,EG,"Egypt, Arab Rep.","Middle East, North Africa, Afghanistan & Pakistan",Lower middle income,2020,527.0,1.0,6.269096283706261
EGY,EG,"Egypt, Arab Rep.","Middle East, North Africa, Afghanistan & Pakistan",Lower middle income,2021,112.0,1.0,4.727387818712341
EGY,EG,"Egypt, Arab Rep.","Middle East, North Africa, Afghanistan & Pakistan",Lower middle income,2022,231.0,1.0,5.44673737166631
EGY,EG,"Egypt, Arab Rep.","Middle East, North Africa, Afghanistan & Pakistan",Lower middle income,2023,,,
EGY,EG,"Egypt, Arab Rep.","Middle East, North Africa, Afghanistan & Pakistan",Lower middle income,2024,,,
ERI,ER,Eritrea,Sub-Saharan Africa,Low income,2000,1793.0,1.0,7.492203042618741
ERI,ER,Eritrea,Sub-Saharan Africa,Low income,2001,,,
ERI,ER,Eritrea,Sub-Saharan Africa,Low income,2002,,,
ERI,ER,Eritrea,Sub-Saharan Africa,Low income,2003,57.0,1.0,4.060443010546419
ERI,ER,Eritrea,Sub-Saharan Africa,Low income,2004,,,
ERI,ER,Eritrea,Sub-Saharan Africa,Low income,2005,,,
ERI,ER,Eritrea,Sub-Saharan Africa,Low income,2006,,,
ERI,ER,Eritrea,Sub-Saharan Africa,Low income,2007,,,
ERI,ER,Eritrea,Sub-Saharan Africa,Low income,2008,,,
ERI,ER,Eritrea,Sub-Saharan Africa,Low income,2009,,,
ERI,ER,Eritrea,Sub-Saharan Africa,Low income,2010,,,
ERI,ER,Eritrea,Sub-Saharan Africa,Low income,2011,,,
ERI,ER,Eritrea,Sub-Saharan Africa,Low income,2012,,,
ERI,ER,Eritrea,Sub-Saharan Africa,Low income,2013,,,
ERI,ER,Eritrea,Sub-Saharan Africa,Low income,2014,,,
ERI,ER,Eritrea,Sub-Saharan Africa,Low income,2015,,,
ERI,ER,Eritrea,Sub-Saharan Africa,Low income,2016,25.0,1.0,3.258096538021482
ERI,ER,Eritrea,Sub-Saharan Africa,Low income,2017,,,
ERI,ER,Eritrea,Sub-Saharan Africa,Low income,2018,,,
ERI,ER,Eritrea,Sub-Saharan Africa,Low income,2019,,,
ERI,ER,Eritrea,Sub-Saharan Africa,Low income,2020,,,
ERI,ER,Eritrea,Sub-Saharan Africa,Low income,2021,,,
ERI,ER,Eritrea,Sub-Saharan Africa,Low income,2022,4.0,1.0,1.6094379124341003
ERI,ER,Eritrea,Sub-Saharan Africa,Low income,2023,,,
ERI,ER,Eritrea,Sub-Saharan Africa,Low income,2024,,,
ESP,ES,Spain,Europe & Central Asia,High income,2000,,,
ESP,ES,Spain,Europe & Central Asia,High income,2001,,,
ESP,ES,Spain,Europe & Central Asia,High income,2002,,,
ESP,ES,Spain,Europe & Central Asia,High income,2003,,,
ESP,ES,Spain,Europe & Central Asia,High income,2004,,,
ESP,ES,Spain,Europe & Central Asia,High income,2005,,,
ESP,ES,Spain,Europe & Central Asia,High income,2006,,,
ESP,ES,Spain,Europe & Central Asia,High income,2007,,,
ESP,ES,Spain,Europe & Central Asia,High income,2008,,,
ESP,ES,Spain,Europe & Central Asia,High income,2009,,,
ESP,ES,Spain,Europe & Central Asia,High income,2010,,,
ESP,ES,Spain,Europe & Central Asia,High income,2011,,,
ESP,ES,Spain,Europe & Central Asia,High income,2012,,,
ESP,ES,Spain,Europe & Central Asia,High income,2013,,,
ESP,ES,Spain,Europe & Central Asia,High income,2014,,,
ESP,ES,Spain,Europe & Central Asia,High income,2015,,,
ESP,ES,Spain,Europe & Central Asia,High income,2016,,,
ESP,ES,Spain,Europe & Central Asia,High income,2017,,,
ESP,ES,Spain,Europe & Central Asia,High income,2018,,,
ESP,ES,Spain,Europe & Central Asia,High income,2019,,,
ESP,ES,Spain,Europe & Central Asia,High income,2020,,,
ESP,ES,Spain,Europe & Central Asia,High income,2021,,,
ESP,ES,Spain,Europe & Central Asia,High income,2022,,,
ESP,ES,Spain,Europe & Central Asia,High income,2023,,,
ESP,ES,Spain,Europe & Central Asia,High income,2024,,,
EST,EE,Estonia,Europe & Central Asia,High income,2000,,,
EST,EE,Estonia,Europe & Central Asia,High income,2001,,,
EST,EE,Estonia,Europe & Central Asia,High income,2002,,,
EST,EE,Estonia,Europe & Central Asia,High income,2003,,,
EST,EE,Estonia,Europe & Central Asia,High income,2004,,,
EST,EE,Estonia,Europe & Central Asia,High income,2005,,,
EST,EE,Estonia,Europe & Central Asia,High income,2006,,,
EST,EE,Estonia,Europe & Central Asia,High income,2007,,,
EST,EE,Estonia,Europe & Central Asia,High income,2008,,,
EST,EE,Estonia,Europe & Central Asia,High income,2009,,,
EST,EE,Estonia,Europe & Central Asia,High income,2010,,,
EST,EE,Estonia,Europe & Central Asia,High income,2011,,,
EST,EE,Estonia,Europe & Central Asia,High income,2012,,,
EST,EE,Estonia,Europe & Central Asia,High income,2013,,,
EST,EE,Estonia,Europe & Central Asia,High income,2014,,,
EST,EE,Estonia,Europe & Central Asia,High income,2015,,,
EST,EE,Estonia,Europe & Central Asia,High income,2016,,,
EST,EE,Estonia,Europe & Central Asia,High income,2017,,,
EST,EE,Estonia,Europe & Central Asia,High income,2018,,,
EST,EE,Estonia,Europe & Central Asia,High income,2019,,,
EST,EE,Estonia,Europe & Central Asia,High income,2020,,,
EST,EE,Estonia,Europe & Central Asia,High income,2021,,,
EST,EE,Estonia,Europe & Central Asia,High income,2022,,,
EST,EE,Estonia,Europe & Central Asia,High income,2023,,,
EST,EE,Estonia,Europe & Central Asia,High income,2024,,,
ETH,ET,Ethiopia,Sub-Saharan Africa,Low income,2000,48257.0,1.0,10.784316896132124
ETH,ET,Ethiopia,Sub-Saharan Africa,Low income,2001,40.0,1.0,3.713572066704308
ETH,ET,Ethiopia,Sub-Saharan Africa,Low income,2002,50.0,1.0,3.9318256327243257
ETH,ET,Ethiopia,Sub-Saharan Africa,Low income,2003,50.0,1.0,3.9318256327243257
ETH,ET,Ethiopia,Sub-Saharan Africa,Low income,2004,50.0,1.0,3.9318256327243257
ETH,ET,Ethiopia,Sub-Saharan Africa,Low income,2005,83.0,1.0,4.430816798843313
ETH,ET,Ethiopia,Sub-Saharan Africa,Low income,2006,50.0,1.0,3.9318256327243257
ETH,ET,Ethiopia,Sub-Saharan Africa,Low income,2007,177.0,1.0,5.181783550292085
ETH,ET,Ethiopia,Sub-Saharan Africa,Low income,2008,50.0,1.0,3.9318256327243257
ETH,ET,Ethiopia,Sub-Saharan Africa,Low income,2009,515.0,1.0,6.246106765481563
ETH,ET,Ethiopia,Sub-Saharan Africa,Low income,2010,151.0,1.0,5.0238805208462765
ETH,ET,Ethiopia,Sub-Saharan Africa,Low income,2011,51.0,1.0,3.9512437185814275
ETH,ET,Ethiopia,Sub-Saharan Africa,Low income,2012,50.0,1.0,3.9318256327243257
ETH,ET,Ethiopia,Sub-Saharan Africa,Low income,2013,77.0,1.0,4.356708826689592
ETH,ET,Ethiopia,Sub-Saharan Africa,Low income,2014,25.0,1.0,3.258096538021482
ETH,ET,Ethiopia,Sub-Saharan Africa,Low income,2015,49.0,1.0,3.912023005428146
ETH,ET,Ethiopia,Sub-Saharan Africa,Low income,2016,50.0,1.0,3.9318256327243257
ETH,ET,Ethiopia,Sub-Saharan Africa,Low income,2017,,,
ETH,ET,Ethiopia,Sub-Saharan Africa,Low income,2018,,,
ETH,ET,Ethiopia,Sub-Saharan Africa,Low income,2019,67.0,1.0,4.219507705176107
ETH,ET,Ethiopia,Sub-Saharan Africa,Low income,2020,20916.0,1.0,9.94831750445392
ETH,ET,Ethiopia,Sub-Saharan Africa,Low income,2021,124550.0,1.0,11.73247054956215
ETH,ET,Ethiopia,Sub-Saharan Africa,Low income,2022,163210.0,1.0,12.002799121201518
ETH,ET,Ethiopia,Sub-Saharan Africa,Low income,2023,1688.0,1.0,7.4318919168078
ETH,ET,Ethiopia,Sub-Saharan Africa,Low income,2024,2824.0,1.0,7.946263643580541
FIN,FI,Finland,Europe & Central Asia,High income,2000,,,
FIN,FI,Finland,Europe & Central Asia,High income,2001,,,
FIN,FI,Finland,Europe & Central Asia,High income,2002,,,
FIN,FI,Finland,Europe & Central Asia,High income,2003,,,
FIN,FI,Finland,Europe & Central Asia,High income,2004,,,
FIN,FI,Finland,Europe & Central Asia,High income,2005,,,
FIN,FI,Finland,Europe & Central Asia,High income,2006,,,
FIN,FI,Finland,Europe & Central Asia,High income,2007,,,
FIN,FI,Finland,Europe & Central Asia,High income,2008,,,
FIN,FI,Finland,Europe & Central Asia,High income,2009,,,
FIN,FI,Finland,Europe & Central Asia,High income,2010,,,
FIN,FI,Finland,Europe & Central Asia,High income,2011,,,
FIN,FI,Finland,Europe & Central Asia,High income,2012,,,
FIN,FI,Finland,Europe & Central Asia,High income,2013,,,
FIN,FI,Finland,Europe & Central Asia,High income,2014,,,
FIN,FI,Finland,Europe & Central Asia,High income,2015,,,
FIN,FI,Finland,Europe & Central Asia,High income,2016,,,
FIN,FI,Finland,Europe & Central Asia,High income,2017,,,
FIN,FI,Finland,Europe & Central Asia,High income,2018,,,
FIN,FI,Finland,Europe & Central Asia,High income,2019,,,
FIN,FI,Finland,Europe & Central Asia,High income,2020,,,
FIN,FI,Finland,Europe & Central Asia,High income,2021,,,
FIN,FI,Finland,Europe & Central Asia,High income,2022,,,
FIN,FI,Finland,Europe & Central Asia,High income,2023,,,
FIN,FI,Finland,Europe & Central Asia,High income,2024,,,
FJI,FJ,Fiji,East Asia & Pacific,Upper middle income,2000,,,
FJI,FJ,Fiji,East Asia & Pacific,Upper middle income,2001,,,
FJI,FJ,Fiji,East Asia & Pacific,Upper middle income,2002,,,
FJI,FJ,Fiji,East Asia & Pacific,Upper middle income,2003,,,
FJI,FJ,Fiji,East Asia & Pacific,Upper middle income,2004,,,
FJI,FJ,Fiji,East Asia & Pacific,Upper middle income,2005,,,
FJI,FJ,Fiji,East Asia & Pacific,Upper middle income,2006,,,
FJI,FJ,Fiji,East Asia & Pacific,Upper middle income,2007,,,
FJI,FJ,Fiji,East Asia & Pacific,Upper middle income,2008,,,
FJI,FJ,Fiji,East Asia & Pacific,Upper middle income,2009,,,
FJI,FJ,Fiji,East Asia & Pacific,Upper middle income,2010,,,
FJI,FJ,Fiji,East Asia & Pacific,Upper middle income,2011,,,
FJI,FJ,Fiji,East Asia & Pacific,Upper middle income,2012,,,
FJI,FJ,Fiji,East Asia & Pacific,Upper middle income,2013,,,
FJI,FJ,Fiji,East Asia & Pacific,Upper middle income,2014,,,
FJI,FJ,Fiji,East Asia & Pacific,Upper middle income,2015,,,
FJI,FJ,Fiji,East Asia & Pacific,Upper middle income,2016,,,
FJI,FJ,Fiji,East Asia & Pacific,Upper middle income,2017,,,
FJI,FJ,Fiji,East Asia & Pacific,Upper middle income,2018,,,
FJI,FJ,Fiji,East Asia & Pacific,Upper middle income,2019,,,
FJI,FJ,Fiji,East Asia & Pacific,Upper middle income,2020,,,
FJI,FJ,Fiji,East Asia & Pacific,Upper middle income,2021,,,
FJI,FJ,Fiji,East Asia & Pacific,Upper middle income,2022,,,
FJI,FJ,Fiji,East Asia & Pacific,Upper middle income,2023,,,
FJI,FJ,Fiji,East Asia & Pacific,Upper middle income,2024,,,
FRA,FR,France,Europe & Central Asia,High income,2000,,,
FRA,FR,France,Europe & Central Asia,High income,2001,,,
FRA,FR,France,Europe & Central Asia,High income,2002,,,
FRA,FR,France,Europe & Central Asia,High income,2003,,,
FRA,FR,France,Europe & Central Asia,High income,2004,,,
FRA,FR,France,Europe & Central Asia,High income,2005,,,
FRA,FR,France,Europe & Central Asia,High income,2006,,,
FRA,FR,France,Europe & Central Asia,High income,2007,,,
FRA,FR,France,Europe & Central Asia,High income,2008,,,
FRA,FR,France,Europe & Central Asia,High income,2009,,,
FRA,FR,France,Europe & Central Asia,High income,2010,,,
FRA,FR,France,Europe & Central Asia,High income,2011,,,
FRA,FR,France,Europe & Central Asia,High income,2012,,,
FRA,FR,France,Europe & Central Asia,High income,2013,,,
FRA,FR,France,Europe & Central Asia,High income,2014,,,
FRA,FR,France,Europe & Central Asia,High income,2015,3.0,1.0,1.3862943611198906
FRA,FR,France,Europe & Central Asia,High income,2016,,,
FRA,FR,France,Europe & Central Asia,High income,2017,2.0,1.0,1.0986122886681098
FRA,FR,France,Europe & Central Asia,High income,2018,4.0,1.0,1.6094379124341003
FRA,FR,France,Europe & Central Asia,High income,2019,,,
FRA,FR,France,Europe & Central Asia,High income,2020,,,
FRA,FR,France,Europe & Central Asia,High income,2021,,,
FRA,FR,France,Europe & Central Asia,High income,2022,,,
FRA,FR,France,Europe & Central Asia,High income,2023,,,
FRA,FR,France,Europe & Central Asia,High income,2024,,,
FRO,FO,Faroe Islands,Europe & Central Asia,High income,2000,,,
FRO,FO,Faroe Islands,Europe & Central Asia,High income,2001,,,
FRO,FO,Faroe Islands,Europe & Central Asia,High income,2002,,,
FRO,FO,Faroe Islands,Europe & Central Asia,High income,2003,,,
FRO,FO,Faroe Islands,Europe & Central Asia,High income,2004,,,
FRO,FO,Faroe Islands,Europe & Central Asia,High income,2005,,,
FRO,FO,Faroe Islands,Europe & Central Asia,High income,2006,,,
FRO,FO,Faroe Islands,Europe & Central Asia,High income,2007,,,
FRO,FO,Faroe Islands,Europe & Central Asia,High income,2008,,,
FRO,FO,Faroe Islands,Europe & Central Asia,High income,2009,,,
FRO,FO,Faroe Islands,Europe & Central Asia,High income,2010,,,
FRO,FO,Faroe Islands,Europe & Central Asia,High income,2011,,,
FRO,FO,Faroe Islands,Europe & Central Asia,High income,2012,,,
FRO,FO,Faroe Islands,Europe & Central Asia,High income,2013,,,
FRO,FO,Faroe Islands,Europe & Central Asia,High income,2014,,,
FRO,FO,Faroe Islands,Europe & Central Asia,High income,2015,,,
FRO,FO,Faroe Islands,Europe & Central Asia,High income,2016,,,
FRO,FO,Faroe Islands,Europe & Central Asia,High income,2017,,,
FRO,FO,Faroe Islands,Europe & Central Asia,High income,2018,,,
FRO,FO,Faroe Islands,Europe & Central Asia,High income,2019,,,
FRO,FO,Faroe Islands,Europe & Central Asia,High income,2020,,,
FRO,FO,Faroe Islands,Europe & Central Asia,High income,2021,,,
FRO,FO,Faroe Islands,Europe & Central Asia,High income,2022,,,
FRO,FO,Faroe Islands,Europe & Central Asia,High income,2023,,,
FRO,FO,Faroe Islands,Europe & Central Asia,High income,2024,,,
FSM,FM,"Micronesia, Fed. Sts.",East Asia & Pacific,Upper middle income,2000,,,
FSM,FM,"Micronesia, Fed. Sts.",East Asia & Pacific,Upper middle income,2001,,,
FSM,FM,"Micronesia, Fed. Sts.",East Asia & Pacific,Upper middle income,2002,,,
FSM,FM,"Micronesia, Fed. Sts.",East Asia & Pacific,Upper middle income,2003,,,
FSM,FM,"Micronesia, Fed. Sts.",East Asia & Pacific,Upper middle income,2004,,,
FSM,FM,"Micronesia, Fed. Sts.",East Asia & Pacific,Upper middle income,2005,,,
FSM,FM,"Micronesia, Fed. Sts.",East Asia & Pacific,Upper middle income,2006,,,
FSM,FM,"Micronesia, Fed. Sts.",East Asia & Pacific,Upper middle income,2007,,,
FSM,FM,"Micronesia, Fed. Sts.",East Asia & Pacific,Upper middle income,2008,,,
FSM,FM,"Micronesia, Fed. Sts.",East Asia & Pacific,Upper middle income,2009,,,
FSM,FM,"Micronesia, Fed. Sts.",East Asia & Pacific,Upper middle income,2010,,,
FSM,FM,"Micronesia, Fed. Sts.",East Asia & Pacific,Upper middle income,2011,,,
FSM,FM,"Micronesia, Fed. Sts.",East Asia & Pacific,Upper middle income,2012,,,
FSM,FM,"Micronesia, Fed. Sts.",East Asia & Pacific,Upper middle income,2013,,,
FSM,FM,"Micronesia, Fed. Sts.",East Asia & Pacific,Upper middle income,2014,,,
FSM,FM,"Micronesia, Fed. Sts.",East Asia & Pacific,Upper middle income,2015,,,
FSM,FM,"Micronesia, Fed. Sts.",East Asia & Pacific,Upper middle income,2016,,,
FSM,FM,"Micronesia, Fed. Sts.",East Asia & Pacific,Upper middle income,2017,,,
FSM,FM,"Micronesia, Fed. Sts.",East Asia & Pacific,Upper middle income,2018,,,
FSM,FM,"Micronesia, Fed. Sts.",East Asia & Pacific,Upper middle income,2019,,,
FSM,FM,"Micronesia, Fed. Sts.",East Asia & Pacific,Upper middle income,2020,,,
FSM,FM,"Micronesia, Fed. Sts.",East Asia & Pacific,Upper middle income,2021,,,
FSM,FM,"Micronesia, Fed. Sts.",East Asia & Pacific,Upper middle income,2022,,,
FSM,FM,"Micronesia, Fed. Sts.",East Asia & Pacific,Upper middle income,2023,,,
FSM,FM,"Micronesia, Fed. Sts.",East Asia & Pacific,Upper middle income,2024,,,
GAB,GA,Gabon,Sub-Saharan Africa,Upper middle income,2000,,,
GAB,GA,Gabon,Sub-Saharan Africa,Upper middle income,2001,,,
GAB,GA,Gabon,Sub-Saharan Africa,Upper middle income,2002,,,
GAB,GA,Gabon,Sub-Saharan Africa,Upper middle income,2003,,,
GAB,GA,Gabon,Sub-Saharan Africa,Upper middle income,2004,,,
GAB,GA,Gabon,Sub-Saharan Africa,Upper middle income,2005,,,
GAB,GA,Gabon,Sub-Saharan Africa,Upper middle income,2006,,,
GAB,GA,Gabon,Sub-Saharan Africa,Upper middle income,2007,,,
GAB,GA,Gabon,Sub-Saharan Africa,Upper middle income,2008,,,
GAB,GA,Gabon,Sub-Saharan Africa,Upper middle income,2009,,,
GAB,GA,Gabon,Sub-Saharan Africa,Upper middle income,2010,,,
GAB,GA,Gabon,Sub-Saharan Africa,Upper middle income,2011,,,
GAB,GA,Gabon,Sub-Saharan Africa,Upper middle income,2012,,,
GAB,GA,Gabon,Sub-Saharan Africa,Upper middle income,2013,,,
GAB,GA,Gabon,Sub-Saharan Africa,Upper middle income,2014,,,
GAB,GA,Gabon,Sub-Saharan Africa,Upper middle income,2015,,,
GAB,GA,Gabon,Sub-Saharan Africa,Upper middle income,2016,,,
GAB,GA,Gabon,Sub-Saharan Africa,Upper middle income,2017,,,
GAB,GA,Gabon,Sub-Saharan Africa,Upper middle income,2018,,,
GAB,GA,Gabon,Sub-Saharan Africa,Upper middle income,2019,,,
GAB,GA,Gabon,Sub-Saharan Africa,Upper middle income,2020,,,
GAB,GA,Gabon,Sub-Saharan Africa,Upper middle income,2021,,,
GAB,GA,Gabon,Sub-Saharan Africa,Upper middle income,2022,,,
GAB,GA,Gabon,Sub-Saharan Africa,Upper middle income,2023,,,
GAB,GA,Gabon,Sub-Saharan Africa,Upper middle income,2024,,,
GBR,GB,United Kingdom,Europe & Central Asia,High income,2000,,,
GBR,GB,United Kingdom,Europe & Central Asia,High income,2001,,,
GBR,GB,United Kingdom,Europe & Central Asia,High income,2002,,,
GBR,GB,United Kingdom,Europe & Central Asia,High income,2003,,,
GBR,GB,United Kingdom,Europe & Central Asia,High income,2004,,,
GBR,GB,United Kingdom,Europe & Central Asia,High income,2005,,,
GBR,GB,United Kingdom,Europe & Central Asia,High income,2006,,,
GBR,GB,United Kingdom,Europe & Central Asia,High income,2007,,,
GBR,GB,United Kingdom,Europe & Central Asia,High income,2008,,,
GBR,GB,United Kingdom,Europe & Central Asia,High income,2009,,,
GBR,GB,United Kingdom,Europe & Central Asia,High income,2010,,,
GBR,GB,United Kingdom,Europe & Central Asia,High income,2011,,,
GBR,GB,United Kingdom,Europe & Central Asia,High income,2012,,,
GBR,GB,United Kingdom,Europe & Central Asia,High income,2013,,,
GBR,GB,United Kingdom,Europe & Central Asia,High income,2014,,,
GBR,GB,United Kingdom,Europe & Central Asia,High income,2015,,,
GBR,GB,United Kingdom,Europe & Central Asia,High income,2016,,,
GBR,GB,United Kingdom,Europe & Central Asia,High income,2017,,,
GBR,GB,United Kingdom,Europe & Central Asia,High income,2018,,,
GBR,GB,United Kingdom,Europe & Central Asia,High income,2019,1.0,1.0,0.6931471805599453
GBR,GB,United Kingdom,Europe & Central Asia,High income,2020,,,
GBR,GB,United Kingdom,Europe & Central Asia,High income,2021,,,
GBR,GB,United Kingdom,Europe & Central Asia,High income,2022,,,
GBR,GB,United Kingdom,Europe & Central Asia,High income,2023,,,
GBR,GB,United Kingdom,Europe & Central Asia,High income,2024,,,
GEO,GE,Georgia,Europe & Central Asia,Upper middle income,2000,,,
GEO,GE,Georgia,Europe & Central Asia,Upper middle income,2001,,,
GEO,GE,Georgia,Europe & Central Asia,Upper middle income,2002,0.0,0.0,0.0
GEO,GE,Georgia,Europe & Central Asia,Upper middle income,2003,,,
GEO,GE,Georgia,Europe & Central Asia,Upper middle income,2004,27.0,1.0,3.332204510175204
GEO,GE,Georgia,Europe & Central Asia,Upper middle income,2005,,,
GEO,GE,Georgia,Europe & Central Asia,Upper middle income,2006,,,
GEO,GE,Georgia,Europe & Central Asia,Upper middle income,2007,,,
GEO,GE,Georgia,Europe & Central Asia,Upper middle income,2008,621.0,1.0,6.432940092739179
GEO,GE,Georgia,Europe & Central Asia,Upper middle income,2009,,,
GEO,GE,Georgia,Europe & Central Asia,Upper middle income,2010,,,
GEO,GE,Georgia,Europe & Central Asia,Upper middle income,2011,,,
GEO,GE,Georgia,Europe & Central Asia,Upper middle income,2012,,,
GEO,GE,Georgia,Europe & Central Asia,Upper middle income,2013,,,
GEO,GE,Georgia,Europe & Central Asia,Upper middle income,2014,,,
GEO,GE,Georgia,Europe & Central Asia,Upper middle income,2015,,,
GEO,GE,Georgia,Europe & Central Asia,Upper middle income,2016,,,
GEO,GE,Georgia,Europe & Central Asia,Upper middle income,2017,,,
GEO,GE,Georgia,Europe & Central Asia,Upper middle income,2018,,,
GEO,GE,Georgia,Europe & Central Asia,Upper middle income,2019,,,
GEO,GE,Georgia,Europe & Central Asia,Upper middle income,2020,,,
GEO,GE,Georgia,Europe & Central Asia,Upper middle income,2021,,,
GEO,GE,Georgia,Europe & Central Asia,Upper middle income,2022,,,
GEO,GE,Georgia,Europe & Central Asia,Upper middle income,2023,,,
GEO,GE,Georgia,Europe & Central Asia,Upper middle income,2024,,,
GHA,GH,Ghana,Sub-Saharan Africa,Lower middle income,2000,,,
GHA,GH,Ghana,Sub-Saharan Africa,Lower middle income,2001,,,
GHA,GH,Ghana,Sub-Saharan Africa,Lower middle income,2002,,,
GHA,GH,Ghana,Sub-Saharan Africa,Lower middle income,2003,,,
GHA,GH,Ghana,Sub-Saharan Africa,Lower middle income,2004,,,
GHA,GH,Ghana,Sub-Saharan Africa,Lower middle income,2005,,,
GHA,GH,Ghana,Sub-Saharan Africa,Lower middle income,2006,,,
GHA,GH,Ghana,Sub-Saharan Africa,Lower middle income,2007,,,
GHA,GH,Ghana,Sub-Saharan Africa,Lower middle income,2008,,,
GHA,GH,Ghana,Sub-Saharan Africa,Lower middle income,2009,,,
GHA,GH,Ghana,Sub-Saharan Africa,Lower middle income,2010,,,
GHA,GH,Ghana,Sub-Saharan Africa,Lower middle income,2011,,,
GHA,GH,Ghana,Sub-Saharan Africa,Lower middle income,2012,,,
GHA,GH,Ghana,Sub-Saharan Africa,Lower middle income,2013,,,
GHA,GH,Ghana,Sub-Saharan Africa,Lower middle income,2014,,,
GHA,GH,Ghana,Sub-Saharan Africa,Lower middle income,2015,,,
GHA,GH,Ghana,Sub-Saharan Africa,Lower middle income,2016,,,
GHA,GH,Ghana,Sub-Saharan Africa,Lower middle income,2017,,,
GHA,GH,Ghana,Sub-Saharan Africa,Lower middle income,2018,,,
GHA,GH,Ghana,Sub-Saharan Africa,Lower middle income,2019,,,
GHA,GH,Ghana,Sub-Saharan Africa,Lower middle income,2020,,,
GHA,GH,Ghana,Sub-Saharan Africa,Lower middle income,2021,,,
GHA,GH,Ghana,Sub-Saharan Africa,Lower middle income,2022,,,
GHA,GH,Ghana,Sub-Saharan Africa,Lower middle income,2023,,,
GHA,GH,Ghana,Sub-Saharan Africa,Lower middle income,2024,,,
GIB,GI,Gibraltar,Europe & Central Asia,High income,2000,,,
GIB,GI,Gibraltar,Europe & Central Asia,High income,2001,,,
GIB,GI,Gibraltar,Europe & Central Asia,High income,2002,,,
GIB,GI,Gibraltar,Europe & Central Asia,High income,2003,,,
GIB,GI,Gibraltar,Europe & Central Asia,High income,2004,,,
GIB,GI,Gibraltar,Europe & Central Asia,High income,2005,,,
GIB,GI,Gibraltar,Europe & Central Asia,High income,2006,,,
GIB,GI,Gibraltar,Europe & Central Asia,High income,2007,,,
GIB,GI,Gibraltar,Europe & Central Asia,High income,2008,,,
GIB,GI,Gibraltar,Europe & Central Asia,High income,2009,,,
GIB,GI,Gibraltar,Europe & Central Asia,High income,2010,,,
GIB,GI,Gibraltar,Europe & Central Asia,High income,2011,,,
GIB,GI,Gibraltar,Europe & Central Asia,High income,2012,,,
GIB,GI,Gibraltar,Europe & Central Asia,High income,2013,,,
GIB,GI,Gibraltar,Europe & Central Asia,High income,2014,,,
GIB,GI,Gibraltar,Europe & Central Asia,High income,2015,,,
GIB,GI,Gibraltar,Europe & Central Asia,High income,2016,,,
GIB,GI,Gibraltar,Europe & Central Asia,High income,2017,,,
GIB,GI,Gibraltar,Europe & Central Asia,High income,2018,,,
GIB,GI,Gibraltar,Europe & Central Asia,High income,2019,,,
GIB,GI,Gibraltar,Europe & Central Asia,High income,2020,,,
GIB,GI,Gibraltar,Europe & Central Asia,High income,2021,,,
GIB,GI,Gibraltar,Europe & Central Asia,High income,2022,,,
GIB,GI,Gibraltar,Europe & Central Asia,High income,2023,,,
GIB,GI,Gibraltar,Europe & Central Asia,High income,2024,,,
GIN,GN,Guinea,Sub-Saharan Africa,Lower middle income,2000,217.0,1.0,5.384495062789089
GIN,GN,Guinea,Sub-Saharan Africa,Lower middle income,2001,430.0,1.0,6.066108090103747
GIN,GN,Guinea,Sub-Saharan Africa,Lower middle income,2002,,,
GIN,GN,Guinea,Sub-Saharan Africa,Lower middle income,2003,,,
GIN,GN,Guinea,Sub-Saharan Africa,Lower middle income,2004,,,
GIN,GN,Guinea,Sub-Saharan Africa,Lower middle income,2005,,,
GIN,GN,Guinea,Sub-Saharan Africa,Lower middle income,2006,,,
GIN,GN,Guinea,Sub-Saharan Africa,Lower middle income,2007,,,
GIN,GN,Guinea,Sub-Saharan Africa,Lower middle income,2008,,,
GIN,GN,Guinea,Sub-Saharan Africa,Lower middle income,2009,,,
GIN,GN,Guinea,Sub-Saharan Africa,Lower middle income,2010,,,
GIN,GN,Guinea,Sub-Saharan Africa,Lower middle income,2011,,,
GIN,GN,Guinea,Sub-Saharan Africa,Lower middle income,2012,,,
GIN,GN,Guinea,Sub-Saharan Africa,Lower middle income,2013,,,
GIN,GN,Guinea,Sub-Saharan Africa,Lower middle income,2014,,,
GIN,GN,Guinea,Sub-Saharan Africa,Lower middle income,2015,,,
GIN,GN,Guinea,Sub-Saharan Africa,Lower middle income,2016,,,
GIN,GN,Guinea,Sub-Saharan Africa,Lower middle income,2017,,,
GIN,GN,Guinea,Sub-Saharan Africa,Lower middle income,2018,,,
GIN,GN,Guinea,Sub-Saharan Africa,Lower middle income,2019,,,
GIN,GN,Guinea,Sub-Saharan Africa,Lower middle income,2020,,,
GIN,GN,Guinea,Sub-Saharan Africa,Lower middle income,2021,,,
GIN,GN,Guinea,Sub-Saharan Africa,Lower middle income,2022,,,
GIN,GN,Guinea,Sub-Saharan Africa,Lower middle income,2023,,,
GIN,GN,Guinea,Sub-Saharan Africa,Lower middle income,2024,,,
GMB,GM,"Gambia, The",Sub-Saharan Africa,Low income,2000,,,
GMB,GM,"Gambia, The",Sub-Saharan Africa,Low income,2001,,,
GMB,GM,"Gambia, The",Sub-Saharan Africa,Low income,2002,,,
GMB,GM,"Gambia, The",Sub-Saharan Africa,Low income,2003,,,
GMB,GM,"Gambia, The",Sub-Saharan Africa,Low income,2004,,,
GMB,GM,"Gambia, The",Sub-Saharan Africa,Low income,2005,,,
GMB,GM,"Gambia, The",Sub-Saharan Africa,Low income,2006,,,
GMB,GM,"Gambia, The",Sub-Saharan Africa,Low income,2007,,,
GMB,GM,"Gambia, The",Sub-Saharan Africa,Low income,2008,,,
GMB,GM,"Gambia, The",Sub-Saharan Africa,Low income,2009,,,
GMB,GM,"Gambia, The",Sub-Saharan Africa,Low income,2010,,,
GMB,GM,"Gambia, The",Sub-Saharan Africa,Low income,2011,,,
GMB,GM,"Gambia, The",Sub-Saharan Africa,Low income,2012,,,
GMB,GM,"Gambia, The",Sub-Saharan Africa,Low income,2013,,,
GMB,GM,"Gambia, The",Sub-Saharan Africa,Low income,2014,,,
GMB,GM,"Gambia, The",Sub-Saharan Africa,Low income,2015,,,
GMB,GM,"Gambia, The",Sub-Saharan Africa,Low income,2016,,,
GMB,GM,"Gambia, The",Sub-Saharan Africa,Low income,2017,,,
GMB,GM,"Gambia, The",Sub-Saharan Africa,Low income,2018,,,
GMB,GM,"Gambia, The",Sub-Saharan Africa,Low income,2019,,,
GMB,GM,"Gambia, The",Sub-Saharan Africa,Low income,2020,,,
GMB,GM,"Gambia, The",Sub-Saharan Africa,Low income,2021,,,
GMB,GM,"Gambia, The",Sub-Saharan Africa,Low income,2022,,,
GMB,GM,"Gambia, The",Sub-Saharan Africa,Low income,2023,,,
GMB,GM,"Gambia, The",Sub-Saharan Africa,Low income,2024,,,
GNB,GW,Guinea-Bissau,Sub-Saharan Africa,Low income,2000,0.0,0.0,0.0
GNB,GW,Guinea-Bissau,Sub-Saharan Africa,Low income,2001,,,
GNB,GW,Guinea-Bissau,Sub-Saharan Africa,Low income,2002,,,
GNB,GW,Guinea-Bissau,Sub-Saharan Africa,Low income,2003,,,
GNB,GW,Guinea-Bissau,Sub-Saharan Africa,Low income,2004,,,
GNB,GW,Guinea-Bissau,Sub-Saharan Africa,Low income,2005,,,
GNB,GW,Guinea-Bissau,Sub-Saharan Africa,Low income,2006,,,
GNB,GW,Guinea-Bissau,Sub-Saharan Africa,Low income,2007,,,
GNB,GW,Guinea-Bissau,Sub-Saharan Africa,Low income,2008,,,
GNB,GW,Guinea-Bissau,Sub-Saharan Africa,Low income,2009,,,
GNB,GW,Guinea-Bissau,Sub-Saharan Africa,Low income,2010,,,
GNB,GW,Guinea-Bissau,Sub-Saharan Africa,Low income,2011,,,
GNB,GW,Guinea-Bissau,Sub-Saharan Africa,Low income,2012,,,
GNB,GW,Guinea-Bissau,Sub-Saharan Africa,Low income,2013,,,
GNB,GW,Guinea-Bissau,Sub-Saharan Africa,Low income,2014,,,
GNB,GW,Guinea-Bissau,Sub-Saharan Africa,Low income,2015,,,
GNB,GW,Guinea-Bissau,Sub-Saharan Africa,Low income,2016,,,
GNB,GW,Guinea-Bissau,Sub-Saharan Africa,Low income,2017,,,
GNB,GW,Guinea-Bissau,Sub-Saharan Africa,Low income,2018,,,
GNB,GW,Guinea-Bissau,Sub-Saharan Africa,Low income,2019,,,
GNB,GW,Guinea-Bissau,Sub-Saharan Africa,Low income,2020,,,
GNB,GW,Guinea-Bissau,Sub-Saharan Africa,Low income,2021,,,
GNB,GW,Guinea-Bissau,Sub-Saharan Africa,Low income,2022,,,
GNB,GW,Guinea-Bissau,Sub-Saharan Africa,Low income,2023,,,
GNB,GW,Guinea-Bissau,Sub-Saharan Africa,Low income,2024,,,
GNQ,GQ,Equatorial Guinea,Sub-Saharan Africa,Upper middle income,2000,,,
GNQ,GQ,Equatorial Guinea,Sub-Saharan Africa,Upper middle income,2001,,,
GNQ,GQ,Equatorial Guinea,Sub-Saharan Africa,Upper middle income,2002,,,
GNQ,GQ,Equatorial Guinea,Sub-Saharan Africa,Upper middle income,2003,,,
GNQ,GQ,Equatorial Guinea,Sub-Saharan Africa,Upper middle income,2004,,,
GNQ,GQ,Equatorial Guinea,Sub-Saharan Africa,Upper middle income,2005,,,
GNQ,GQ,Equatorial Guinea,Sub-Saharan Africa,Upper middle income,2006,,,
GNQ,GQ,Equatorial Guinea,Sub-Saharan Africa,Upper middle income,2007,,,
GNQ,GQ,Equatorial Guinea,Sub-Saharan Africa,Upper middle income,2008,,,
GNQ,GQ,Equatorial Guinea,Sub-Saharan Africa,Upper middle income,2009,,,
GNQ,GQ,Equatorial Guinea,Sub-Saharan Africa,Upper middle income,2010,,,
GNQ,GQ,Equatorial Guinea,Sub-Saharan Africa,Upper middle income,2011,,,
GNQ,GQ,Equatorial Guinea,Sub-Saharan Africa,Upper middle income,2012,,,
GNQ,GQ,Equatorial Guinea,Sub-Saharan Africa,Upper middle income,2013,,,
GNQ,GQ,Equatorial Guinea,Sub-Saharan Africa,Upper middle income,2014,,,
GNQ,GQ,Equatorial Guinea,Sub-Saharan Africa,Upper middle income,2015,,,
GNQ,GQ,Equatorial Guinea,Sub-Saharan Africa,Upper middle income,2016,,,
GNQ,GQ,Equatorial Guinea,Sub-Saharan Africa,Upper middle income,2017,,,
GNQ,GQ,Equatorial Guinea,Sub-Saharan Africa,Upper middle income,2018,,,
GNQ,GQ,Equatorial Guinea,Sub-Saharan Africa,Upper middle income,2019,,,
GNQ,GQ,Equatorial Guinea,Sub-Saharan Africa,Upper middle income,2020,,,
GNQ,GQ,Equatorial Guinea,Sub-Saharan Africa,Upper middle income,2021,,,
GNQ,GQ,Equatorial Guinea,Sub-Saharan Africa,Upper middle income,2022,,,
GNQ,GQ,Equatorial Guinea,Sub-Saharan Africa,Upper middle income,2023,,,
GNQ,GQ,Equatorial Guinea,Sub-Saharan Africa,Upper middle income,2024,,,
GRC,GR,Greece,Europe & Central Asia,High income,2000,,,
GRC,GR,Greece,Europe & Central Asia,High income,2001,,,
GRC,GR,Greece,Europe & Central Asia,High income,2002,,,
GRC,GR,Greece,Europe & Central Asia,High income,2003,,,
GRC,GR,Greece,Europe & Central Asia,High income,2004,,,
GRC,GR,Greece,Europe & Central Asia,High income,2005,,,
GRC,GR,Greece,Europe & Central Asia,High income,2006,,,
GRC,GR,Greece,Europe & Central Asia,High income,2007,,,
GRC,GR,Greece,Europe & Central Asia,High income,2008,,,
GRC,GR,Greece,Europe & Central Asia,High income,2009,,,
GRC,GR,Greece,Europe & Central Asia,High income,2010,,,
GRC,GR,Greece,Europe & Central Asia,High income,2011,,,
GRC,GR,Greece,Europe & Central Asia,High income,2012,,,
GRC,GR,Greece,Europe & Central Asia,High income,2013,,,
GRC,GR,Greece,Europe & Central Asia,High income,2014,,,
GRC,GR,Greece,Europe & Central Asia,High income,2015,,,
GRC,GR,Greece,Europe & Central Asia,High income,2016,,,
GRC,GR,Greece,Europe & Central Asia,High income,2017,,,
GRC,GR,Greece,Europe & Central Asia,High income,2018,,,
GRC,GR,Greece,Europe & Central Asia,High income,2019,,,
GRC,GR,Greece,Europe & Central Asia,High income,2020,,,
GRC,GR,Greece,Europe & Central Asia,High income,2021,,,
GRC,GR,Greece,Europe & Central Asia,High income,2022,,,
GRC,GR,Greece,Europe & Central Asia,High income,2023,,,
GRC,GR,Greece,Europe & Central Asia,High income,2024,,,
GRD,GD,Grenada,Latin America & Caribbean,Upper middle income,2000,,,
GRD,GD,Grenada,Latin America & Caribbean,Upper middle income,2001,,,
GRD,GD,Grenada,Latin America & Caribbean,Upper middle income,2002,,,
GRD,GD,Grenada,Latin America & Caribbean,Upper middle income,2003,,,
GRD,GD,Grenada,Latin America & Caribbean,Upper middle income,2004,,,
GRD,GD,Grenada,Latin America & Caribbean,Upper middle income,2005,,,
GRD,GD,Grenada,Latin America & Caribbean,Upper middle income,2006,,,
GRD,GD,Grenada,Latin America & Caribbean,Upper middle income,2007,,,
GRD,GD,Grenada,Latin America & Caribbean,Upper middle income,2008,,,
GRD,GD,Grenada,Latin America & Caribbean,Upper middle income,2009,,,
GRD,GD,Grenada,Latin America & Caribbean,Upper middle income,2010,,,
GRD,GD,Grenada,Latin America & Caribbean,Upper middle income,2011,,,
GRD,GD,Grenada,Latin America & Caribbean,Upper middle income,2012,,,
GRD,GD,Grenada,Latin America & Caribbean,Upper middle income,2013,,,
GRD,GD,Grenada,Latin America & Caribbean,Upper middle income,2014,,,
GRD,GD,Grenada,Latin America & Caribbean,Upper middle income,2015,,,
GRD,GD,Grenada,Latin America & Caribbean,Upper middle income,2016,,,
GRD,GD,Grenada,Latin America & Caribbean,Upper middle income,2017,,,
GRD,GD,Grenada,Latin America & Caribbean,Upper middle income,2018,,,
GRD,GD,Grenada,Latin America & Caribbean,Upper middle income,2019,,,
GRD,GD,Grenada,Latin America & Caribbean,Upper middle income,2020,,,
GRD,GD,Grenada,Latin America & Caribbean,Upper middle income,2021,,,
GRD,GD,Grenada,Latin America & Caribbean,Upper middle income,2022,,,
GRD,GD,Grenada,Latin America & Caribbean,Upper middle income,2023,,,
GRD,GD,Grenada,Latin America & Caribbean,Upper middle income,2024,,,
GRL,GL,Greenland,Europe & Central Asia,High income,2000,,,
GRL,GL,Greenland,Europe & Central Asia,High income,2001,,,
GRL,GL,Greenland,Europe & Central Asia,High income,2002,,,
GRL,GL,Greenland,Europe & Central Asia,High income,2003,,,
GRL,GL,Greenland,Europe & Central Asia,High income,2004,,,
GRL,GL,Greenland,Europe & Central Asia,High income,2005,,,
GRL,GL,Greenland,Europe & Central Asia,High income,2006,,,
GRL,GL,Greenland,Europe & Central Asia,High income,2007,,,
GRL,GL,Greenland,Europe & Central Asia,High income,2008,,,
GRL,GL,Greenland,Europe & Central Asia,High income,2009,,,
GRL,GL,Greenland,Europe & Central Asia,High income,2010,,,
GRL,GL,Greenland,Europe & Central Asia,High income,2011,,,
GRL,GL,Greenland,Europe & Central Asia,High income,2012,,,
GRL,GL,Greenland,Europe & Central Asia,High income,2013,,,
GRL,GL,Greenland,Europe & Central Asia,High income,2014,,,
GRL,GL,Greenland,Europe & Central Asia,High income,2015,,,
GRL,GL,Greenland,Europe & Central Asia,High income,2016,,,
GRL,GL,Greenland,Europe & Central Asia,High income,2017,,,
GRL,GL,Greenland,Europe & Central Asia,High income,2018,,,
GRL,GL,Greenland,Europe & Central Asia,High income,2019,,,
GRL,GL,Greenland,Europe & Central Asia,High income,2020,,,
GRL,GL,Greenland,Europe & Central Asia,High income,2021,,,
GRL,GL,Greenland,Europe & Central Asia,High income,2022,,,
GRL,GL,Greenland,Europe & Central Asia,High income,2023,,,
GRL,GL,Greenland,Europe & Central Asia,High income,2024,,,
GTM,GT,Guatemala,Latin America & Caribbean,Upper middle income,2000,,,
GTM,GT,Guatemala,Latin America & Caribbean,Upper middle income,2001,,,
GTM,GT,Guatemala,Latin America & Caribbean,Upper middle income,2002,,,
GTM,GT,Guatemala,Latin America & Caribbean,Upper middle income,2003,,,
GTM,GT,Guatemala,Latin America & Caribbean,Upper middle income,2004,,,
GTM,GT,Guatemala,Latin America & Caribbean,Upper middle income,2005,,,
GTM,GT,Guatemala,Latin America & Caribbean,Upper middle income,2006,,,
GTM,GT,Guatemala,Latin America & Caribbean,Upper middle income,2007,,,
GTM,GT,Guatemala,Latin America & Caribbean,Upper middle income,2008,,,
GTM,GT,Guatemala,Latin America & Caribbean,Upper middle income,2009,,,
GTM,GT,Guatemala,Latin America & Caribbean,Upper middle income,2010,,,
GTM,GT,Guatemala,Latin America & Caribbean,Upper middle income,2011,,,
GTM,GT,Guatemala,Latin America & Caribbean,Upper middle income,2012,,,
GTM,GT,Guatemala,Latin America & Caribbean,Upper middle income,2013,,,
GTM,GT,Guatemala,Latin America & Caribbean,Upper middle income,2014,,,
GTM,GT,Guatemala,Latin America & Caribbean,Upper middle income,2015,,,
GTM,GT,Guatemala,Latin America & Caribbean,Upper middle income,2016,,,
GTM,GT,Guatemala,Latin America & Caribbean,Upper middle income,2017,,,
GTM,GT,Guatemala,Latin America & Caribbean,Upper middle income,2018,,,
GTM,GT,Guatemala,Latin America & Caribbean,Upper middle income,2019,,,
GTM,GT,Guatemala,Latin America & Caribbean,Upper middle income,2020,,,
GTM,GT,Guatemala,Latin America & Caribbean,Upper middle income,2021,,,
GTM,GT,Guatemala,Latin America & Caribbean,Upper middle income,2022,,,
GTM,GT,Guatemala,Latin America & Caribbean,Upper middle income,2023,,,
GTM,GT,Guatemala,Latin America & Caribbean,Upper middle income,2024,,,
GUM,GU,Guam,East Asia & Pacific,High income,2000,,,
GUM,GU,Guam,East Asia & Pacific,High income,2001,,,
GUM,GU,Guam,East Asia & Pacific,High income,2002,,,
GUM,GU,Guam,East Asia & Pacific,High income,2003,,,
GUM,GU,Guam,East Asia & Pacific,High income,2004,,,
GUM,GU,Guam,East Asia & Pacific,High income,2005,,,
GUM,GU,Guam,East Asia & Pacific,High income,2006,,,
GUM,GU,Guam,East Asia & Pacific,High income,2007,,,
GUM,GU,Guam,East Asia & Pacific,High income,2008,,,
GUM,GU,Guam,East Asia & Pacific,High income,2009,,,
GUM,GU,Guam,East Asia & Pacific,High income,2010,,,
GUM,GU,Guam,East Asia & Pacific,High income,2011,,,
GUM,GU,Guam,East Asia & Pacific,High income,2012,,,
GUM,GU,Guam,East Asia & Pacific,High income,2013,,,
GUM,GU,Guam,East Asia & Pacific,High income,2014,,,
GUM,GU,Guam,East Asia & Pacific,High income,2015,,,
GUM,GU,Guam,East Asia & Pacific,High income,2016,,,
GUM,GU,Guam,East Asia & Pacific,High income,2017,,,
GUM,GU,Guam,East Asia & Pacific,High income,2018,,,
GUM,GU,Guam,East Asia & Pacific,High income,2019,,,
GUM,GU,Guam,East Asia & Pacific,High income,2020,,,
GUM,GU,Guam,East Asia & Pacific,High income,2021,,,
GUM,GU,Guam,East Asia & Pacific,High income,2022,,,
GUM,GU,Guam,East Asia & Pacific,High income,2023,,,
GUM,GU,Guam,East Asia & Pacific,High income,2024,,,
GUY,GY,Guyana,Latin America & Caribbean,High income,2000,,,
GUY,GY,Guyana,Latin America & Caribbean,High income,2001,,,
GUY,GY,Guyana,Latin America & Caribbean,High income,2002,,,
GUY,GY,Guyana,Latin America & Caribbean,High income,2003,,,
GUY,GY,Guyana,Latin America & Caribbean,High income,2004,,,
GUY,GY,Guyana,Latin America & Caribbean,High income,2005,,,
GUY,GY,Guyana,Latin America & Caribbean,High income,2006,,,
GUY,GY,Guyana,Latin America & Caribbean,High income,2007,,,
GUY,GY,Guyana,Latin America & Caribbean,High income,2008,,,
GUY,GY,Guyana,Latin America & Caribbean,High income,2009,,,
GUY,GY,Guyana,Latin America & Caribbean,High income,2010,,,
GUY,GY,Guyana,Latin America & Caribbean,High income,2011,,,
GUY,GY,Guyana,Latin America & Caribbean,High income,2012,,,
GUY,GY,Guyana,Latin America & Caribbean,High income,2013,,,
GUY,GY,Guyana,Latin America & Caribbean,High income,2014,,,
GUY,GY,Guyana,Latin America & Caribbean,High income,2015,,,
GUY,GY,Guyana,Latin America & Caribbean,High income,2016,,,
GUY,GY,Guyana,Latin America & Caribbean,High income,2017,,,
GUY,GY,Guyana,Latin America & Caribbean,High income,2018,,,
GUY,GY,Guyana,Latin America & Caribbean,High income,2019,,,
GUY,GY,Guyana,Latin America & Caribbean,High income,2020,,,
GUY,GY,Guyana,Latin America & Caribbean,High income,2021,,,
GUY,GY,Guyana,Latin America & Caribbean,High income,2022,,,
GUY,GY,Guyana,Latin America & Caribbean,High income,2023,,,
GUY,GY,Guyana,Latin America & Caribbean,High income,2024,,,
HKG,HK,"Hong Kong SAR, China",East Asia & Pacific,High income,2000,,,
HKG,HK,"Hong Kong SAR, China",East Asia & Pacific,High income,2001,,,
HKG,HK,"Hong Kong SAR, China",East Asia & Pacific,High income,2002,,,
HKG,HK,"Hong Kong SAR, China",East Asia & Pacific,High income,2003,,,
HKG,HK,"Hong Kong SAR, China",East Asia & Pacific,High income,2004,,,
HKG,HK,"Hong Kong SAR, China",East Asia & Pacific,High income,2005,,,
HKG,HK,"Hong Kong SAR, China",East Asia & Pacific,High income,2006,,,
HKG,HK,"Hong Kong SAR, China",East Asia & Pacific,High income,2007,,,
HKG,HK,"Hong Kong SAR, China",East Asia & Pacific,High income,2008,,,
HKG,HK,"Hong Kong SAR, China",East Asia & Pacific,High income,2009,,,
HKG,HK,"Hong Kong SAR, China",East Asia & Pacific,High income,2010,,,
HKG,HK,"Hong Kong SAR, China",East Asia & Pacific,High income,2011,,,
HKG,HK,"Hong Kong SAR, China",East Asia & Pacific,High income,2012,,,
HKG,HK,"Hong Kong SAR, China",East Asia & Pacific,High income,2013,,,
HKG,HK,"Hong Kong SAR, China",East Asia & Pacific,High income,2014,,,
HKG,HK,"Hong Kong SAR, China",East Asia & Pacific,High income,2015,,,
HKG,HK,"Hong Kong SAR, China",East Asia & Pacific,High income,2016,,,
HKG,HK,"Hong Kong SAR, China",East Asia & Pacific,High income,2017,,,
HKG,HK,"Hong Kong SAR, China",East Asia & Pacific,High income,2018,,,
HKG,HK,"Hong Kong SAR, China",East Asia & Pacific,High income,2019,,,
HKG,HK,"Hong Kong SAR, China",East Asia & Pacific,High income,2020,,,
HKG,HK,"Hong Kong SAR, China",East Asia & Pacific,High income,2021,,,
HKG,HK,"Hong Kong SAR, China",East Asia & Pacific,High income,2022,,,
HKG,HK,"Hong Kong SAR, China",East Asia & Pacific,High income,2023,,,
HKG,HK,"Hong Kong SAR, China",East Asia & Pacific,High income,2024,,,
HND,HN,Honduras,Latin America & Caribbean,Lower middle income,2000,,,
HND,HN,Honduras,Latin America & Caribbean,Lower middle income,2001,,,
HND,HN,Honduras,Latin America & Caribbean,Lower middle income,2002,,,
HND,HN,Honduras,Latin America & Caribbean,Lower middle income,2003,,,
HND,HN,Honduras,Latin America & Caribbean,Lower middle income,2004,,,
HND,HN,Honduras,Latin America & Caribbean,Lower middle income,2005,,,
HND,HN,Honduras,Latin America & Caribbean,Lower middle income,2006,,,
HND,HN,Honduras,Latin America & Caribbean,Lower middle income,2007,,,
HND,HN,Honduras,Latin America & Caribbean,Lower middle income,2008,,,
HND,HN,Honduras,Latin America & Caribbean,Lower middle income,2009,,,
HND,HN,Honduras,Latin America & Caribbean,Lower middle income,2010,,,
HND,HN,Honduras,Latin America & Caribbean,Lower middle income,2011,,,
HND,HN,Honduras,Latin America & Caribbean,Lower middle income,2012,,,
HND,HN,Honduras,Latin America & Caribbean,Lower middle income,2013,,,
HND,HN,Honduras,Latin America & Caribbean,Lower middle income,2014,,,
HND,HN,Honduras,Latin America & Caribbean,Lower middle income,2015,,,
HND,HN,Honduras,Latin America & Caribbean,Lower middle income,2016,,,
HND,HN,Honduras,Latin America & Caribbean,Lower middle income,2017,,,
HND,HN,Honduras,Latin America & Caribbean,Lower middle income,2018,,,
HND,HN,Honduras,Latin America & Caribbean,Lower middle income,2019,,,
HND,HN,Honduras,Latin America & Caribbean,Lower middle income,2020,,,
HND,HN,Honduras,Latin America & Caribbean,Lower middle income,2021,,,
HND,HN,Honduras,Latin America & Caribbean,Lower middle income,2022,,,
HND,HN,Honduras,Latin America & Caribbean,Lower middle income,2023,,,
HND,HN,Honduras,Latin America & Caribbean,Lower middle income,2024,,,
HRV,HR,Croatia,Europe & Central Asia,High income,2000,,,
HRV,HR,Croatia,Europe & Central Asia,High income,2001,,,
HRV,HR,Croatia,Europe & Central Asia,High income,2002,,,
HRV,HR,Croatia,Europe & Central Asia,High income,2003,,,
HRV,HR,Croatia,Europe & Central Asia,High income,2004,,,
HRV,HR,Croatia,Europe & Central Asia,High income,2005,,,
HRV,HR,Croatia,Europe & Central Asia,High income,2006,,,
HRV,HR,Croatia,Europe & Central Asia,High income,2007,,,
HRV,HR,Croatia,Europe & Central Asia,High income,2008,,,
HRV,HR,Croatia,Europe & Central Asia,High income,2009,,,
HRV,HR,Croatia,Europe & Central Asia,High income,2010,,,
HRV,HR,Croatia,Europe & Central Asia,High income,2011,,,
HRV,HR,Croatia,Europe & Central Asia,High income,2012,,,
HRV,HR,Croatia,Europe & Central Asia,High income,2013,,,
HRV,HR,Croatia,Europe & Central Asia,High income,2014,,,
HRV,HR,Croatia,Europe & Central Asia,High income,2015,,,
HRV,HR,Croatia,Europe & Central Asia,High income,2016,,,
HRV,HR,Croatia,Europe & Central Asia,High income,2017,,,
HRV,HR,Croatia,Europe & Central Asia,High income,2018,,,
HRV,HR,Croatia,Europe & Central Asia,High income,2019,,,
HRV,HR,Croatia,Europe & Central Asia,High income,2020,,,
HRV,HR,Croatia,Europe & Central Asia,High income,2021,,,
HRV,HR,Croatia,Europe & Central Asia,High income,2022,,,
HRV,HR,Croatia,Europe & Central Asia,High income,2023,,,
HRV,HR,Croatia,Europe & Central Asia,High income,2024,,,
HTI,HT,Haiti,Latin America & Caribbean,Lower middle income,2000,,,
HTI,HT,Haiti,Latin America & Caribbean,Lower middle income,2001,,,
HTI,HT,Haiti,Latin America & Caribbean,Lower middle income,2002,,,
HTI,HT,Haiti,Latin America & Caribbean,Lower middle income,2003,,,
HTI,HT,Haiti,Latin America & Caribbean,Lower middle income,2004,207.0,1.0,5.337538079701318
HTI,HT,Haiti,Latin America & Caribbean,Lower middle income,2005,,,
HTI,HT,Haiti,Latin America & Caribbean,Lower middle income,2006,,,
HTI,HT,Haiti,Latin America & Caribbean,Lower middle income,2007,,,
HTI,HT,Haiti,Latin America & Caribbean,Lower middle income,2008,,,
HTI,HT,Haiti,Latin America & Caribbean,Lower middle income,2009,,,
HTI,HT,Haiti,Latin America & Caribbean,Lower middle income,2010,,,
HTI,HT,Haiti,Latin America & Caribbean,Lower middle income,2011,,,
HTI,HT,Haiti,Latin America & Caribbean,Lower middle income,2012,,,
HTI,HT,Haiti,Latin America & Caribbean,Lower middle income,2013,,,
HTI,HT,Haiti,Latin America & Caribbean,Lower middle income,2014,,,
HTI,HT,Haiti,Latin America & Caribbean,Lower middle income,2015,,,
HTI,HT,Haiti,Latin America & Caribbean,Lower middle income,2016,,,
HTI,HT,Haiti,Latin America & Caribbean,Lower middle income,2017,,,
HTI,HT,Haiti,Latin America & Caribbean,Lower middle income,2018,,,
HTI,HT,Haiti,Latin America & Caribbean,Lower middle income,2019,,,
HTI,HT,Haiti,Latin America & Caribbean,Lower middle income,2020,,,
HTI,HT,Haiti,Latin America & Caribbean,Lower middle income,2021,,,
HTI,HT,Haiti,Latin America & Caribbean,Lower middle income,2022,,,
HTI,HT,Haiti,Latin America & Caribbean,Lower middle income,2023,,,
HTI,HT,Haiti,Latin America & Caribbean,Lower middle income,2024,193.0,1.0,5.267858159063328
HUN,HU,Hungary,Europe & Central Asia,High income,2000,,,
HUN,HU,Hungary,Europe & Central Asia,High income,2001,,,
HUN,HU,Hungary,Europe & Central Asia,High income,2002,,,
HUN,HU,Hungary,Europe & Central Asia,High income,2003,,,
HUN,HU,Hungary,Europe & Central Asia,High income,2004,,,
HUN,HU,Hungary,Europe & Central Asia,High income,2005,,,
HUN,HU,Hungary,Europe & Central Asia,High income,2006,,,
HUN,HU,Hungary,Europe & Central Asia,High income,2007,,,
HUN,HU,Hungary,Europe & Central Asia,High income,2008,,,
HUN,HU,Hungary,Europe & Central Asia,High income,2009,,,
HUN,HU,Hungary,Europe & Central Asia,High income,2010,,,
HUN,HU,Hungary,Europe & Central Asia,High income,2011,,,
HUN,HU,Hungary,Europe & Central Asia,High income,2012,,,
HUN,HU,Hungary,Europe & Central Asia,High income,2013,,,
HUN,HU,Hungary,Europe & Central Asia,High income,2014,,,
HUN,HU,Hungary,Europe & Central Asia,High income,2015,,,
HUN,HU,Hungary,Europe & Central Asia,High income,2016,,,
HUN,HU,Hungary,Europe & Central Asia,High income,2017,,,
HUN,HU,Hungary,Europe & Central Asia,High income,2018,,,
HUN,HU,Hungary,Europe & Central Asia,High income,2019,,,
HUN,HU,Hungary,Europe & Central Asia,High income,2020,,,
HUN,HU,Hungary,Europe & Central Asia,High income,2021,,,
HUN,HU,Hungary,Europe & Central Asia,High income,2022,,,
HUN,HU,Hungary,Europe & Central Asia,High income,2023,,,
HUN,HU,Hungary,Europe & Central Asia,High income,2024,,,
IDN,ID,Indonesia,East Asia & Pacific,Upper middle income,2000,286.0,1.0,5.659482215759621
IDN,ID,Indonesia,East Asia & Pacific,Upper middle income,2001,278.0,1.0,5.631211781821365
IDN,ID,Indonesia,East Asia & Pacific,Upper middle income,2002,466.0,1.0,6.1463292576688975
IDN,ID,Indonesia,East Asia & Pacific,Upper middle income,2003,868.0,1.0,6.767343125265392
IDN,ID,Indonesia,East Asia & Pacific,Upper middle income,2004,935.0,1.0,6.841615476477592
IDN,ID,Indonesia,East Asia & Pacific,Upper middle income,2005,213.0,1.0,5.365976015021851
IDN,ID,Indonesia,East Asia & Pacific,Upper middle income,2006,,,
IDN,ID,Indonesia,East Asia & Pacific,Upper middle income,2007,,,
IDN,ID,Indonesia,East Asia & Pacific,Upper middle income,2008,,,
IDN,ID,Indonesia,East Asia & Pacific,Upper middle income,2009,,,
IDN,ID,Indonesia,East Asia & Pacific,Upper middle income,2010,,,
IDN,ID,Indonesia,East Asia & Pacific,Upper middle income,2011,,,
IDN,ID,Indonesia,East Asia & Pacific,Upper middle income,2012,,,
IDN,ID,Indonesia,East Asia & Pacific,Upper middle income,2013,,,
IDN,ID,Indonesia,East Asia & Pacific,Upper middle income,2014,,,
IDN,ID,Indonesia,East Asia & Pacific,Upper middle income,2015,,,
IDN,ID,Indonesia,East Asia & Pacific,Upper middle income,2016,,,
IDN,ID,Indonesia,East Asia & Pacific,Upper middle income,2017,,,
IDN,ID,Indonesia,East Asia & Pacific,Upper middle income,2018,28.0,1.0,3.367295829986474
IDN,ID,Indonesia,East Asia & Pacific,Upper middle income,2019,34.0,1.0,3.5553480614894135
IDN,ID,Indonesia,East Asia & Pacific,Upper middle income,2020,31.0,1.0,3.4657359027997265
IDN,ID,Indonesia,East Asia & Pacific,Upper middle income,2021,51.0,1.0,3.9512437185814275
IDN,ID,Indonesia,East Asia & Pacific,Upper middle income,2022,46.0,1.0,3.8501476017100584
IDN,ID,Indonesia,East Asia & Pacific,Upper middle income,2023,59.0,1.0,4.0943445622221
IDN,ID,Indonesia,East Asia & Pacific,Upper middle income,2024,57.0,1.0,4.060443010546419
IMN,IM,Isle of Man,Europe & Central Asia,High income,2000,,,
IMN,IM,Isle of Man,Europe & Central Asia,High income,2001,,,
IMN,IM,Isle of Man,Europe & Central Asia,High income,2002,,,
IMN,IM,Isle of Man,Europe & Central Asia,High income,2003,,,
IMN,IM,Isle of Man,Europe & Central Asia,High income,2004,,,
IMN,IM,Isle of Man,Europe & Central Asia,High income,2005,,,
IMN,IM,Isle of Man,Europe & Central Asia,High income,2006,,,
IMN,IM,Isle of Man,Europe & Central Asia,High income,2007,,,
IMN,IM,Isle of Man,Europe & Central Asia,High income,2008,,,
IMN,IM,Isle of Man,Europe & Central Asia,High income,2009,,,
IMN,IM,Isle of Man,Europe & Central Asia,High income,2010,,,
IMN,IM,Isle of Man,Europe & Central Asia,High income,2011,,,
IMN,IM,Isle of Man,Europe & Central Asia,High income,2012,,,
IMN,IM,Isle of Man,Europe & Central Asia,High income,2013,,,
IMN,IM,Isle of Man,Europe & Central Asia,High income,2014,,,
IMN,IM,Isle of Man,Europe & Central Asia,High income,2015,,,
IMN,IM,Isle of Man,Europe & Central Asia,High income,2016,,,
IMN,IM,Isle of Man,Europe & Central Asia,High income,2017,,,
IMN,IM,Isle of Man,Europe & Central Asia,High income,2018,,,
IMN,IM,Isle of Man,Europe & Central Asia,High income,2019,,,
IMN,IM,Isle of Man,Europe & Central Asia,High income,2020,,,
IMN,IM,Isle of Man,Europe & Central Asia,High income,2021,,,
IMN,IM,Isle of Man,Europe & Central Asia,High income,2022,,,
IMN,IM,Isle of Man,Europe & Central Asia,High income,2023,,,
IMN,IM,Isle of Man,Europe & Central Asia,High income,2024,,,
IND,IN,India,South Asia,Lower middle income,2000,2902.0,1.0,7.97349996402463
IND,IN,India,South Asia,Lower middle income,2001,1320.0,1.0,7.186144304522325
IND,IN,India,South Asia,Lower middle income,2002,1903.0,1.0,7.55171221535131
IND,IN,India,South Asia,Lower middle income,2003,1727.0,1.0,7.454719949364001
IND,IN,India,South Asia,Lower middle income,2004,1667.0,1.0,7.419380582918692
IND,IN,India,South Asia,Lower middle income,2005,1382.0,1.0,7.232010331664759
IND,IN,India,South Asia,Lower middle income,2006,1373.0,1.0,7.2254814727822945
IND,IN,India,South Asia,Lower middle income,2007,1086.0,1.0,6.99117688712121
IND,IN,India,South Asia,Lower middle income,2008,1083.0,1.0,6.988413181999592
IND,IN,India,South Asia,Lower middle income,2009,1115.0,1.0,7.017506142941256
IND,IN,India,South Asia,Lower middle income,2010,1028.0,1.0,6.9363427358340495
IND,IN,India,South Asia,Lower middle income,2011,439.0,1.0,6.0867747269123065
IND,IN,India,South Asia,Lower middle income,2012,416.0,1.0,6.0330862217988015
IND,IN,India,South Asia,Lower middle income,2013,405.0,1.0,6.0063531596017325
IND,IN,India,South Asia,Lower middle income,2014,473.0,1.0,6.161207321695077
IND,IN,India,South Asia,Lower middle income,2015,504.0,1.0,6.22455842927536
IND,IN,India,South Asia,Lower middle income,2016,637.0,1.0,6.45833828334479
IND,IN,India,South Asia,Lower middle income,2017,665.0,1.0,6.501289670540389
IND,IN,India,South Asia,Lower middle income,2018,824.0,1.0,6.715383386334681
IND,IN,India,South Asia,Lower middle income,2019,594.0,1.0,6.38856140554563
IND,IN,India,South Asia,Lower middle income,2020,584.0,1.0,6.371611847231857
IND,IN,India,South Asia,Lower middle income,2021,430.0,1.0,6.066108090103747
IND,IN,India,South Asia,Lower middle income,2022,310.0,1.0,5.739792912179234
IND,IN,India,South Asia,Lower middle income,2023,217.0,1.0,5.384495062789089
IND,IN,India,South Asia,Lower middle income,2024,437.0,1.0,6.082218910376446
IRL,IE,Ireland,Europe & Central Asia,High income,2000,,,
IRL,IE,Ireland,Europe & Central Asia,High income,2001,,,
IRL,IE,Ireland,Europe & Central Asia,High income,2002,,,
IRL,IE,Ireland,Europe & Central Asia,High income,2003,,,
IRL,IE,Ireland,Europe & Central Asia,High income,2004,,,
IRL,IE,Ireland,Europe & Central Asia,High income,2005,,,
IRL,IE,Ireland,Europe & Central Asia,High income,2006,,,
IRL,IE,Ireland,Europe & Central Asia,High income,2007,,,
IRL,IE,Ireland,Europe & Central Asia,High income,2008,,,
IRL,IE,Ireland,Europe & Central Asia,High income,2009,,,
IRL,IE,Ireland,Europe & Central Asia,High income,2010,,,
IRL,IE,Ireland,Europe & Central Asia,High income,2011,,,
IRL,IE,Ireland,Europe & Central Asia,High income,2012,,,
IRL,IE,Ireland,Europe & Central Asia,High income,2013,,,
IRL,IE,Ireland,Europe & Central Asia,High income,2014,,,
IRL,IE,Ireland,Europe & Central Asia,High income,2015,,,
IRL,IE,Ireland,Europe & Central Asia,High income,2016,,,
IRL,IE,Ireland,Europe & Central Asia,High income,2017,,,
IRL,IE,Ireland,Europe & Central Asia,High income,2018,,,
IRL,IE,Ireland,Europe & Central Asia,High income,2019,,,
IRL,IE,Ireland,Europe & Central Asia,High income,2020,,,
IRL,IE,Ireland,Europe & Central Asia,High income,2021,,,
IRL,IE,Ireland,Europe & Central Asia,High income,2022,,,
IRL,IE,Ireland,Europe & Central Asia,High income,2023,,,
IRL,IE,Ireland,Europe & Central Asia,High income,2024,,,
IRN,IR,"Iran, Islamic Rep.","Middle East, North Africa, Afghanistan & Pakistan",Upper middle income,2000,40.0,1.0,3.713572066704308
IRN,IR,"Iran, Islamic Rep.","Middle East, North Africa, Afghanistan & Pakistan",Upper middle income,2001,112.0,1.0,4.727387818712341
IRN,IR,"Iran, Islamic Rep.","Middle East, North Africa, Afghanistan & Pakistan",Upper middle income,2002,,,
IRN,IR,"Iran, Islamic Rep.","Middle East, North Africa, Afghanistan & Pakistan",Upper middle income,2003,,,
IRN,IR,"Iran, Islamic Rep.","Middle East, North Africa, Afghanistan & Pakistan",Upper middle income,2004,,,
IRN,IR,"Iran, Islamic Rep.","Middle East, North Africa, Afghanistan & Pakistan",Upper middle income,2005,28.0,1.0,3.367295829986474
IRN,IR,"Iran, Islamic Rep.","Middle East, North Africa, Afghanistan & Pakistan",Upper middle income,2006,52.0,1.0,3.970291913552122
IRN,IR,"Iran, Islamic Rep.","Middle East, North Africa, Afghanistan & Pakistan",Upper middle income,2007,86.0,1.0,4.465908118654584
IRN,IR,"Iran, Islamic Rep.","Middle East, North Africa, Afghanistan & Pakistan",Upper middle income,2008,117.0,1.0,4.770684624465665
IRN,IR,"Iran, Islamic Rep.","Middle East, North Africa, Afghanistan & Pakistan",Upper middle income,2009,133.0,1.0,4.897839799950911
IRN,IR,"Iran, Islamic Rep.","Middle East, North Africa, Afghanistan & Pakistan",Upper middle income,2010,74.0,1.0,4.31748811353631
IRN,IR,"Iran, Islamic Rep.","Middle East, North Africa, Afghanistan & Pakistan",Upper middle income,2011,219.0,1.0,5.393627546352362
IRN,IR,"Iran, Islamic Rep.","Middle East, North Africa, Afghanistan & Pakistan",Upper middle income,2012,,,
IRN,IR,"Iran, Islamic Rep.","Middle East, North Africa, Afghanistan & Pakistan",Upper middle income,2013,,,
IRN,IR,"Iran, Islamic Rep.","Middle East, North Africa, Afghanistan & Pakistan",Upper middle income,2014,,,
IRN,IR,"Iran, Islamic Rep.","Middle East, North Africa, Afghanistan & Pakistan",Upper middle income,2015,,,
IRN,IR,"Iran, Islamic Rep.","Middle East, North Africa, Afghanistan & Pakistan",Upper middle income,2016,22.0,1.0,3.1354942159291497
IRN,IR,"Iran, Islamic Rep.","Middle East, North Africa, Afghanistan & Pakistan",Upper middle income,2017,27.0,1.0,3.332204510175204
IRN,IR,"Iran, Islamic Rep.","Middle East, North Africa, Afghanistan & Pakistan",Upper middle income,2018,60.0,1.0,4.110873864173311
IRN,IR,"Iran, Islamic Rep.","Middle East, North Africa, Afghanistan & Pakistan",Upper middle income,2019,31.0,1.0,3.4657359027997265
IRN,IR,"Iran, Islamic Rep.","Middle East, North Africa, Afghanistan & Pakistan",Upper middle income,2020,212.0,1.0,5.3612921657094255
IRN,IR,"Iran, Islamic Rep.","Middle East, North Africa, Afghanistan & Pakistan",Upper middle income,2021,27.0,1.0,3.332204510175204
IRN,IR,"Iran, Islamic Rep.","Middle East, North Africa, Afghanistan & Pakistan",Upper middle income,2022,,,
IRN,IR,"Iran, Islamic Rep.","Middle East, North Africa, Afghanistan & Pakistan",Upper middle income,2023,34.0,1.0,3.5553480614894135
IRN,IR,"Iran, Islamic Rep.","Middle East, North Africa, Afghanistan & Pakistan",Upper middle income,2024,123.0,1.0,4.820281565605037
IRQ,IQ,Iraq,"Middle East, North Africa, Afghanistan & Pakistan",Upper middle income,2000,53.0,1.0,3.9889840465642745
IRQ,IQ,Iraq,"Middle East, North Africa, Afghanistan & Pakistan",Upper middle income,2001,36.0,1.0,3.6109179126442243
IRQ,IQ,Iraq,"Middle East, North Africa, Afghanistan & Pakistan",Upper middle income,2002,26.0,1.0,3.295836866004329
IRQ,IQ,Iraq,"Middle East, North Africa, Afghanistan & Pakistan",Upper middle income,2003,7927.0,1.0,8.978156076009824
IRQ,IQ,Iraq,"Middle East, North Africa, Afghanistan & Pakistan",Upper middle income,2004,4095.0,1.0,8.317766166719343
IRQ,IQ,Iraq,"Middle East, North Africa, Afghanistan & Pakistan",Upper middle income,2005,2608.0,1.0,7.866722285136729
IRQ,IQ,Iraq,"Middle East, North Africa, Afghanistan & Pakistan",Upper middle income,2006,3928.0,1.0,8.27614021955846
IRQ,IQ,Iraq,"Middle East, North Africa, Afghanistan & Pakistan",Upper middle income,2007,2217.0,1.0,7.704361167910313
IRQ,IQ,Iraq,"Middle East, North Africa, Afghanistan & Pakistan",Upper middle income,2008,2233.0,1.0,7.711548979629146
IRQ,IQ,Iraq,"Middle East, North Africa, Afghanistan & Pakistan",Upper middle income,2009,1045.0,1.0,6.952728644624869
IRQ,IQ,Iraq,"Middle East, North Africa, Afghanistan & Pakistan",Upper middle income,2010,1118.0,1.0,7.020190708311925
IRQ,IQ,Iraq,"Middle East, North Africa, Afghanistan & Pakistan",Upper middle income,2011,1043.0,1.0,6.950814768442584
IRQ,IQ,Iraq,"Middle East, North Africa, Afghanistan & Pakistan",Upper middle income,2012,638.0,1.0,6.459904454377535
IRQ,IQ,Iraq,"Middle East, North Africa, Afghanistan & Pakistan",Upper middle income,2013,1882.0,1.0,7.5406215286571525
IRQ,IQ,Iraq,"Middle East, North Africa, Afghanistan & Pakistan",Upper middle income,2014,13168.0,1.0,9.48562086171022
IRQ,IQ,Iraq,"Middle East, North Africa, Afghanistan & Pakistan",Upper middle income,2015,10139.0,1.0,9.224243277145174
IRQ,IQ,Iraq,"Middle East, North Africa, Afghanistan & Pakistan",Upper middle income,2016,9630.0,1.0,9.172742341560864
IRQ,IQ,Iraq,"Middle East, North Africa, Afghanistan & Pakistan",Upper middle income,2017,10248.0,1.0,9.234935418831563
IRQ,IQ,Iraq,"Middle East, North Africa, Afghanistan & Pakistan",Upper middle income,2018,1294.0,1.0,7.166265974133638
IRQ,IQ,Iraq,"Middle East, North Africa, Afghanistan & Pakistan",Upper middle income,2019,822.0,1.0,6.71295620067707
IRQ,IQ,Iraq,"Middle East, North Africa, Afghanistan & Pakistan",Upper middle income,2020,902.0,1.0,6.805722553416985
IRQ,IQ,Iraq,"Middle East, North Africa, Afghanistan & Pakistan",Upper middle income,2021,872.0,1.0,6.771935555839602
IRQ,IQ,Iraq,"Middle East, North Africa, Afghanistan & Pakistan",Upper middle income,2022,993.0,1.0,6.901737206656574
IRQ,IQ,Iraq,"Middle East, North Africa, Afghanistan & Pakistan",Upper middle income,2023,469.0,1.0,6.152732694704104
IRQ,IQ,Iraq,"Middle East, North Africa, Afghanistan & Pakistan",Upper middle income,2024,396.0,1.0,5.983936280687191
ISL,IS,Iceland,Europe & Central Asia,High income,2000,,,
ISL,IS,Iceland,Europe & Central Asia,High income,2001,,,
ISL,IS,Iceland,Europe & Central Asia,High income,2002,,,
ISL,IS,Iceland,Europe & Central Asia,High income,2003,,,
ISL,IS,Iceland,Europe & Central Asia,High income,2004,,,
ISL,IS,Iceland,Europe & Central Asia,High income,2005,,,
ISL,IS,Iceland,Europe & Central Asia,High income,2006,,,
ISL,IS,Iceland,Europe & Central Asia,High income,2007,,,
ISL,IS,Iceland,Europe & Central Asia,High income,2008,,,
ISL,IS,Iceland,Europe & Central Asia,High income,2009,,,
ISL,IS,Iceland,Europe & Central Asia,High income,2010,,,
ISL,IS,Iceland,Europe & Central Asia,High income,2011,,,
ISL,IS,Iceland,Europe & Central Asia,High income,2012,,,
ISL,IS,Iceland,Europe & Central Asia,High income,2013,,,
ISL,IS,Iceland,Europe & Central Asia,High income,2014,,,
ISL,IS,Iceland,Europe & Central Asia,High income,2015,,,
ISL,IS,Iceland,Europe & Central Asia,High income,2016,,,
ISL,IS,Iceland,Europe & Central Asia,High income,2017,,,
ISL,IS,Iceland,Europe & Central Asia,High income,2018,,,
ISL,IS,Iceland,Europe & Central Asia,High income,2019,,,
ISL,IS,Iceland,Europe & Central Asia,High income,2020,,,
ISL,IS,Iceland,Europe & Central Asia,High income,2021,,,
ISL,IS,Iceland,Europe & Central Asia,High income,2022,,,
ISL,IS,Iceland,Europe & Central Asia,High income,2023,,,
ISL,IS,Iceland,Europe & Central Asia,High income,2024,,,
ISR,IL,Israel,"Middle East, North Africa, Afghanistan & Pakistan",High income,2000,79.0,1.0,4.382026634673881
ISR,IL,Israel,"Middle East, North Africa, Afghanistan & Pakistan",High income,2001,244.0,1.0,5.501258210544727
ISR,IL,Israel,"Middle East, North Africa, Afghanistan & Pakistan",High income,2002,613.0,1.0,6.419994928147142
ISR,IL,Israel,"Middle East, North Africa, Afghanistan & Pakistan",High income,2003,308.0,1.0,5.733341276897746
ISR,IL,Israel,"Middle East, North Africa, Afghanistan & Pakistan",High income,2004,385.0,1.0,5.955837369464831
ISR,IL,Israel,"Middle East, North Africa, Afghanistan & Pakistan",High income,2005,123.0,1.0,4.820281565605037
ISR,IL,Israel,"Middle East, North Africa, Afghanistan & Pakistan",High income,2006,465.0,1.0,6.144185634125646
ISR,IL,Israel,"Middle East, North Africa, Afghanistan & Pakistan",High income,2007,276.0,1.0,5.6240175061873385
ISR,IL,Israel,"Middle East, North Africa, Afghanistan & Pakistan",High income,2008,668.0,1.0,6.505784060128229
ISR,IL,Israel,"Middle East, North Africa, Afghanistan & Pakistan",High income,2009,696.0,1.0,6.546785410760524
ISR,IL,Israel,"Middle East, North Africa, Afghanistan & Pakistan",High income,2010,27.0,1.0,3.332204510175204
ISR,IL,Israel,"Middle East, North Africa, Afghanistan & Pakistan",High income,2011,78.0,1.0,4.3694478524670215
ISR,IL,Israel,"Middle East, North Africa, Afghanistan & Pakistan",High income,2012,235.0,1.0,5.4638318050256105
ISR,IL,Israel,"Middle East, North Africa, Afghanistan & Pakistan",High income,2013,,,
ISR,IL,Israel,"Middle East, North Africa, Afghanistan & Pakistan",High income,2014,2378.0,1.0,7.774435510302958
ISR,IL,Israel,"Middle East, North Africa, Afghanistan & Pakistan",High income,2015,,,
ISR,IL,Israel,"Middle East, North Africa, Afghanistan & Pakistan",High income,2016,,,
ISR,IL,Israel,"Middle East, North Africa, Afghanistan & Pakistan",High income,2017,,,
ISR,IL,Israel,"Middle East, North Africa, Afghanistan & Pakistan",High income,2018,53.0,1.0,3.9889840465642745
ISR,IL,Israel,"Middle East, North Africa, Afghanistan & Pakistan",High income,2019,48.0,1.0,3.8918202981106265
ISR,IL,Israel,"Middle East, North Africa, Afghanistan & Pakistan",High income,2020,,,
ISR,IL,Israel,"Middle East, North Africa, Afghanistan & Pakistan",High income,2021,269.0,1.0,5.598421958998375
ISR,IL,Israel,"Middle East, North Africa, Afghanistan & Pakistan",High income,2022,84.0,1.0,4.442651256490317
ISR,IL,Israel,"Middle East, North Africa, Afghanistan & Pakistan",High income,2023,26712.0,1.0,10.192905617280958
ISR,IL,Israel,"Middle East, North Africa, Afghanistan & Pakistan",High income,2024,21440.0,1.0,9.973060255888088
ITA,IT,Italy,Europe & Central Asia,High income,2000,,,
ITA,IT,Italy,Europe & Central Asia,High income,2001,,,
ITA,IT,Italy,Europe & Central Asia,High income,2002,,,
ITA,IT,Italy,Europe & Central Asia,High income,2003,,,
ITA,IT,Italy,Europe & Central Asia,High income,2004,,,
ITA,IT,Italy,Europe & Central Asia,High income,2005,,,
ITA,IT,Italy,Europe & Central Asia,High income,2006,,,
ITA,IT,Italy,Europe & Central Asia,High income,2007,,,
ITA,IT,Italy,Europe & Central Asia,High income,2008,,,
ITA,IT,Italy,Europe & Central Asia,High income,2009,,,
ITA,IT,Italy,Europe & Central Asia,High income,2010,,,
ITA,IT,Italy,Europe & Central Asia,High income,2011,,,
ITA,IT,Italy,Europe & Central Asia,High income,2012,,,
ITA,IT,Italy,Europe & Central Asia,High income,2013,,,
ITA,IT,Italy,Europe & Central Asia,High income,2014,,,
ITA,IT,Italy,Europe & Central Asia,High income,2015,,,
ITA,IT,Italy,Europe & Central Asia,High income,2016,,,
ITA,IT,Italy,Europe & Central Asia,High income,2017,,,
ITA,IT,Italy,Europe & Central Asia,High income,2018,,,
ITA,IT,Italy,Europe & Central Asia,High income,2019,,,
ITA,IT,Italy,Europe & Central Asia,High income,2020,,,
ITA,IT,Italy,Europe & Central Asia,High income,2021,,,
ITA,IT,Italy,Europe & Central Asia,High income,2022,,,
ITA,IT,Italy,Europe & Central Asia,High income,2023,,,
ITA,IT,Italy,Europe & Central Asia,High income,2024,,,
JAM,JM,Jamaica,Latin America & Caribbean,Upper middle income,2000,,,
JAM,JM,Jamaica,Latin America & Caribbean,Upper middle income,2001,,,
JAM,JM,Jamaica,Latin America & Caribbean,Upper middle income,2002,,,
JAM,JM,Jamaica,Latin America & Caribbean,Upper middle income,2003,,,
JAM,JM,Jamaica,Latin America & Caribbean,Upper middle income,2004,,,
JAM,JM,Jamaica,Latin America & Caribbean,Upper middle income,2005,,,
JAM,JM,Jamaica,Latin America & Caribbean,Upper middle income,2006,,,
JAM,JM,Jamaica,Latin America & Caribbean,Upper middle income,2007,,,
JAM,JM,Jamaica,Latin America & Caribbean,Upper middle income,2008,,,
JAM,JM,Jamaica,Latin America & Caribbean,Upper middle income,2009,,,
JAM,JM,Jamaica,Latin America & Caribbean,Upper middle income,2010,,,
JAM,JM,Jamaica,Latin America & Caribbean,Upper middle income,2011,,,
JAM,JM,Jamaica,Latin America & Caribbean,Upper middle income,2012,,,
JAM,JM,Jamaica,Latin America & Caribbean,Upper middle income,2013,,,
JAM,JM,Jamaica,Latin America & Caribbean,Upper middle income,2014,,,
JAM,JM,Jamaica,Latin America & Caribbean,Upper middle income,2015,,,
JAM,JM,Jamaica,Latin America & Caribbean,Upper middle income,2016,,,
JAM,JM,Jamaica,Latin America & Caribbean,Upper middle income,2017,,,
JAM,JM,Jamaica,Latin America & Caribbean,Upper middle income,2018,,,
JAM,JM,Jamaica,Latin America & Caribbean,Upper middle income,2019,,,
JAM,JM,Jamaica,Latin America & Caribbean,Upper middle income,2020,,,
JAM,JM,Jamaica,Latin America & Caribbean,Upper middle income,2021,,,
JAM,JM,Jamaica,Latin America & Caribbean,Upper middle income,2022,,,
JAM,JM,Jamaica,Latin America & Caribbean,Upper middle income,2023,,,
JAM,JM,Jamaica,Latin America & Caribbean,Upper middle income,2024,,,
JOR,JO,Jordan,"Middle East, North Africa, Afghanistan & Pakistan",Upper middle income,2000,,,
JOR,JO,Jordan,"Middle East, North Africa, Afghanistan & Pakistan",Upper middle income,2001,,,
JOR,JO,Jordan,"Middle East, North Africa, Afghanistan & Pakistan",Upper middle income,2002,,,
JOR,JO,Jordan,"Middle East, North Africa, Afghanistan & Pakistan",Upper middle income,2003,,,
JOR,JO,Jordan,"Middle East, North Africa, Afghanistan & Pakistan",Upper middle income,2004,,,
JOR,JO,Jordan,"Middle East, North Africa, Afghanistan & Pakistan",Upper middle income,2005,,,
JOR,JO,Jordan,"Middle East, North Africa, Afghanistan & Pakistan",Upper middle income,2006,,,
JOR,JO,Jordan,"Middle East, North Africa, Afghanistan & Pakistan",Upper middle income,2007,,,
JOR,JO,Jordan,"Middle East, North Africa, Afghanistan & Pakistan",Upper middle income,2008,,,
JOR,JO,Jordan,"Middle East, North Africa, Afghanistan & Pakistan",Upper middle income,2009,,,
JOR,JO,Jordan,"Middle East, North Africa, Afghanistan & Pakistan",Upper middle income,2010,,,
JOR,JO,Jordan,"Middle East, North Africa, Afghanistan & Pakistan",Upper middle income,2011,,,
JOR,JO,Jordan,"Middle East, North Africa, Afghanistan & Pakistan",Upper middle income,2012,,,
JOR,JO,Jordan,"Middle East, North Africa, Afghanistan & Pakistan",Upper middle income,2013,,,
JOR,JO,Jordan,"Middle East, North Africa, Afghanistan & Pakistan",Upper middle income,2014,,,
JOR,JO,Jordan,"Middle East, North Africa, Afghanistan & Pakistan",Upper middle income,2015,1.0,1.0,0.6931471805599453
JOR,JO,Jordan,"Middle East, North Africa, Afghanistan & Pakistan",Upper middle income,2016,34.0,1.0,3.5553480614894135
JOR,JO,Jordan,"Middle East, North Africa, Afghanistan & Pakistan",Upper middle income,2017,,,
JOR,JO,Jordan,"Middle East, North Africa, Afghanistan & Pakistan",Upper middle income,2018,,,
JOR,JO,Jordan,"Middle East, North Africa, Afghanistan & Pakistan",Upper middle income,2019,,,
JOR,JO,Jordan,"Middle East, North Africa, Afghanistan & Pakistan",Upper middle income,2020,,,
JOR,JO,Jordan,"Middle East, North Africa, Afghanistan & Pakistan",Upper middle income,2021,,,
JOR,JO,Jordan,"Middle East, North Africa, Afghanistan & Pakistan",Upper middle income,2022,,,
JOR,JO,Jordan,"Middle East, North Africa, Afghanistan & Pakistan",Upper middle income,2023,,,
JOR,JO,Jordan,"Middle East, North Africa, Afghanistan & Pakistan",Upper middle income,2024,3.0,1.0,1.3862943611198906
JPN,JP,Japan,East Asia & Pacific,High income,2000,,,
JPN,JP,Japan,East Asia & Pacific,High income,2001,,,
JPN,JP,Japan,East Asia & Pacific,High income,2002,,,
JPN,JP,Japan,East Asia & Pacific,High income,2003,,,
JPN,JP,Japan,East Asia & Pacific,High income,2004,,,
JPN,JP,Japan,East Asia & Pacific,High income,2005,,,
JPN,JP,Japan,East Asia & Pacific,High income,2006,,,
JPN,JP,Japan,East Asia & Pacific,High income,2007,,,
JPN,JP,Japan,East Asia & Pacific,High income,2008,,,
JPN,JP,Japan,East Asia & Pacific,High income,2009,,,
JPN,JP,Japan,East Asia & Pacific,High income,2010,,,
JPN,JP,Japan,East Asia & Pacific,High income,2011,,,
JPN,JP,Japan,East Asia & Pacific,High income,2012,,,
JPN,JP,Japan,East Asia & Pacific,High income,2013,,,
JPN,JP,Japan,East Asia & Pacific,High income,2014,,,
JPN,JP,Japan,East Asia & Pacific,High income,2015,,,
JPN,JP,Japan,East Asia & Pacific,High income,2016,,,
JPN,JP,Japan,East Asia & Pacific,High income,2017,,,
JPN,JP,Japan,East Asia & Pacific,High income,2018,,,
JPN,JP,Japan,East Asia & Pacific,High income,2019,,,
JPN,JP,Japan,East Asia & Pacific,High income,2020,,,
JPN,JP,Japan,East Asia & Pacific,High income,2021,,,
JPN,JP,Japan,East Asia & Pacific,High income,2022,,,
JPN,JP,Japan,East Asia & Pacific,High income,2023,,,
JPN,JP,Japan,East Asia & Pacific,High income,2024,,,
KAZ,KZ,Kazakhstan,Europe & Central Asia,Upper middle income,2000,,,
KAZ,KZ,Kazakhstan,Europe & Central Asia,Upper middle income,2001,,,
KAZ,KZ,Kazakhstan,Europe & Central Asia,Upper middle income,2002,,,
KAZ,KZ,Kazakhstan,Europe & Central Asia,Upper middle income,2003,,,
KAZ,KZ,Kazakhstan,Europe & Central Asia,Upper middle income,2004,,,
KAZ,KZ,Kazakhstan,Europe & Central Asia,Upper middle income,2005,,,
KAZ,KZ,Kazakhstan,Europe & Central Asia,Upper middle income,2006,,,
KAZ,KZ,Kazakhstan,Europe & Central Asia,Upper middle income,2007,,,
KAZ,KZ,Kazakhstan,Europe & Central Asia,Upper middle income,2008,,,
KAZ,KZ,Kazakhstan,Europe & Central Asia,Upper middle income,2009,,,
KAZ,KZ,Kazakhstan,Europe & Central Asia,Upper middle income,2010,,,
KAZ,KZ,Kazakhstan,Europe & Central Asia,Upper middle income,2011,,,
KAZ,KZ,Kazakhstan,Europe & Central Asia,Upper middle income,2012,,,
KAZ,KZ,Kazakhstan,Europe & Central Asia,Upper middle income,2013,,,
KAZ,KZ,Kazakhstan,Europe & Central Asia,Upper middle income,2014,,,
KAZ,KZ,Kazakhstan,Europe & Central Asia,Upper middle income,2015,,,
KAZ,KZ,Kazakhstan,Europe & Central Asia,Upper middle income,2016,,,
KAZ,KZ,Kazakhstan,Europe & Central Asia,Upper middle income,2017,,,
KAZ,KZ,Kazakhstan,Europe & Central Asia,Upper middle income,2018,,,
KAZ,KZ,Kazakhstan,Europe & Central Asia,Upper middle income,2019,,,
KAZ,KZ,Kazakhstan,Europe & Central Asia,Upper middle income,2020,,,
KAZ,KZ,Kazakhstan,Europe & Central Asia,Upper middle income,2021,,,
KAZ,KZ,Kazakhstan,Europe & Central Asia,Upper middle income,2022,,,
KAZ,KZ,Kazakhstan,Europe & Central Asia,Upper middle income,2023,,,
KAZ,KZ,Kazakhstan,Europe & Central Asia,Upper middle income,2024,,,
KEN,KE,Kenya,Sub-Saharan Africa,Lower middle income,2000,,,
KEN,KE,Kenya,Sub-Saharan Africa,Lower middle income,2001,10.0,1.0,2.3978952727983707
KEN,KE,Kenya,Sub-Saharan Africa,Lower middle income,2002,,,
KEN,KE,Kenya,Sub-Saharan Africa,Lower middle income,2003,,,
KEN,KE,Kenya,Sub-Saharan Africa,Lower middle income,2004,,,
KEN,KE,Kenya,Sub-Saharan Africa,Lower middle income,2005,,,
KEN,KE,Kenya,Sub-Saharan Africa,Lower middle income,2006,,,
KEN,KE,Kenya,Sub-Saharan Africa,Lower middle income,2007,1.0,1.0,0.6931471805599453
KEN,KE,Kenya,Sub-Saharan Africa,Lower middle income,2008,,,
KEN,KE,Kenya,Sub-Saharan Africa,Lower middle income,2009,,,
KEN,KE,Kenya,Sub-Saharan Africa,Lower middle income,2010,,,
KEN,KE,Kenya,Sub-Saharan Africa,Lower middle income,2011,2.0,1.0,1.0986122886681098
KEN,KE,Kenya,Sub-Saharan Africa,Lower middle income,2012,29.0,1.0,3.4011973816621555
KEN,KE,Kenya,Sub-Saharan Africa,Lower middle income,2013,29.0,1.0,3.4011973816621555
KEN,KE,Kenya,Sub-Saharan Africa,Lower middle income,2014,42.0,1.0,3.7612001156935624
KEN,KE,Kenya,Sub-Saharan Africa,Lower middle income,2015,48.0,1.0,3.8918202981106265
KEN,KE,Kenya,Sub-Saharan Africa,Lower middle income,2016,49.0,1.0,3.912023005428146
KEN,KE,Kenya,Sub-Saharan Africa,Lower middle income,2017,85.0,1.0,4.454347296253507
KEN,KE,Kenya,Sub-Saharan Africa,Lower middle income,2018,69.0,1.0,4.248495242049359
KEN,KE,Kenya,Sub-Saharan Africa,Lower middle income,2019,61.0,1.0,4.127134385045092
KEN,KE,Kenya,Sub-Saharan Africa,Lower middle income,2020,94.0,1.0,4.553876891600541
KEN,KE,Kenya,Sub-Saharan Africa,Lower middle income,2021,75.0,1.0,4.330733340286331
KEN,KE,Kenya,Sub-Saharan Africa,Lower middle income,2022,72.0,1.0,4.290459441148391
KEN,KE,Kenya,Sub-Saharan Africa,Lower middle income,2023,202.0,1.0,5.313205979041787
KEN,KE,Kenya,Sub-Saharan Africa,Lower middle income,2024,66.0,1.0,4.204692619390966
KGZ,KG,Kyrgyz Republic,Europe & Central Asia,Lower middle income,2000,174.0,1.0,5.1647859739235145
KGZ,KG,Kyrgyz Republic,Europe & Central Asia,Lower middle income,2001,,,
KGZ,KG,Kyrgyz Republic,Europe & Central Asia,Lower middle income,2002,,,
KGZ,KG,Kyrgyz Republic,Europe & Central Asia,Lower middle income,2003,,,
KGZ,KG,Kyrgyz Republic,Europe & Central Asia,Lower middle income,2004,,,
KGZ,KG,Kyrgyz Republic,Europe & Central Asia,Lower middle income,2005,,,
KGZ,KG,Kyrgyz Republic,Europe & Central Asia,Lower middle income,2006,,,
KGZ,KG,Kyrgyz Republic,Europe & Central Asia,Lower middle income,2007,,,
KGZ,KG,Kyrgyz Republic,Europe & Central Asia,Lower middle income,2008,,,
KGZ,KG,Kyrgyz Republic,Europe & Central Asia,Lower middle income,2009,,,
KGZ,KG,Kyrgyz Republic,Europe & Central Asia,Lower middle income,2010,,,
KGZ,KG,Kyrgyz Republic,Europe & Central Asia,Lower middle income,2011,,,
KGZ,KG,Kyrgyz Republic,Europe & Central Asia,Lower middle income,2012,,,
KGZ,KG,Kyrgyz Republic,Europe & Central Asia,Lower middle income,2013,,,
KGZ,KG,Kyrgyz Republic,Europe & Central Asia,Lower middle income,2014,,,
KGZ,KG,Kyrgyz Republic,Europe & Central Asia,Lower middle income,2015,,,
KGZ,KG,Kyrgyz Republic,Europe & Central Asia,Lower middle income,2016,,,
KGZ,KG,Kyrgyz Republic,Europe & Central Asia,Lower middle income,2017,,,
KGZ,KG,Kyrgyz Republic,Europe & Central Asia,Lower middle income,2018,,,
KGZ,KG,Kyrgyz Republic,Europe & Central Asia,Lower middle income,2019,,,
KGZ,KG,Kyrgyz Republic,Europe & Central Asia,Lower middle income,2020,,,
KGZ,KG,Kyrgyz Republic,Europe & Central Asia,Lower middle income,2021,40.0,1.0,3.713572066704308
KGZ,KG,Kyrgyz Republic,Europe & Central Asia,Lower middle income,2022,63.0,1.0,4.1588830833596715
KGZ,KG,Kyrgyz Republic,Europe & Central Asia,Lower middle income,2023,,,
KGZ,KG,Kyrgyz Republic,Europe & Central Asia,Lower middle income,2024,,,
KHM,KH,Cambodia,East Asia & Pacific,Lower middle income,2000,,,
KHM,KH,Cambodia,East Asia & Pacific,Lower middle income,2001,,,
KHM,KH,Cambodia,East Asia & Pacific,Lower middle income,2002,,,
KHM,KH,Cambodia,East Asia & Pacific,Lower middle income,2003,,,
KHM,KH,Cambodia,East Asia & Pacific,Lower middle income,2004,,,
KHM,KH,Cambodia,East Asia & Pacific,Lower middle income,2005,,,
KHM,KH,Cambodia,East Asia & Pacific,Lower middle income,2006,,,
KHM,KH,Cambodia,East Asia & Pacific,Lower middle income,2007,,,
KHM,KH,Cambodia,East Asia & Pacific,Lower middle income,2008,,,
KHM,KH,Cambodia,East Asia & Pacific,Lower middle income,2009,,,
KHM,KH,Cambodia,East Asia & Pacific,Lower middle income,2010,,,
KHM,KH,Cambodia,East Asia & Pacific,Lower middle income,2011,10.0,1.0,2.3978952727983707
KHM,KH,Cambodia,East Asia & Pacific,Lower middle income,2012,,,
KHM,KH,Cambodia,East Asia & Pacific,Lower middle income,2013,,,
KHM,KH,Cambodia,East Asia & Pacific,Lower middle income,2014,,,
KHM,KH,Cambodia,East Asia & Pacific,Lower middle income,2015,,,
KHM,KH,Cambodia,East Asia & Pacific,Lower middle income,2016,,,
KHM,KH,Cambodia,East Asia & Pacific,Lower middle income,2017,,,
KHM,KH,Cambodia,East Asia & Pacific,Lower middle income,2018,,,
KHM,KH,Cambodia,East Asia & Pacific,Lower middle income,2019,,,
KHM,KH,Cambodia,East Asia & Pacific,Lower middle income,2020,,,
KHM,KH,Cambodia,East Asia & Pacific,Lower middle income,2021,,,
KHM,KH,Cambodia,East Asia & Pacific,Lower middle income,2022,,,
KHM,KH,Cambodia,East Asia & Pacific,Lower middle income,2023,,,
KHM,KH,Cambodia,East Asia & Pacific,Lower middle income,2024,,,
KIR,KI,Kiribati,East Asia & Pacific,Lower middle income,2000,,,
KIR,KI,Kiribati,East Asia & Pacific,Lower middle income,2001,,,
KIR,KI,Kiribati,East Asia & Pacific,Lower middle income,2002,,,
KIR,KI,Kiribati,East Asia & Pacific,Lower middle income,2003,,,
KIR,KI,Kiribati,East Asia & Pacific,Lower middle income,2004,,,
KIR,KI,Kiribati,East Asia & Pacific,Lower middle income,2005,,,
KIR,KI,Kiribati,East Asia & Pacific,Lower middle income,2006,,,
KIR,KI,Kiribati,East Asia & Pacific,Lower middle income,2007,,,
KIR,KI,Kiribati,East Asia & Pacific,Lower middle income,2008,,,
KIR,KI,Kiribati,East Asia & Pacific,Lower middle income,2009,,,
KIR,KI,Kiribati,East Asia & Pacific,Lower middle income,2010,,,
KIR,KI,Kiribati,East Asia & Pacific,Lower middle income,2011,,,
KIR,KI,Kiribati,East Asia & Pacific,Lower middle income,2012,,,
KIR,KI,Kiribati,East Asia & Pacific,Lower middle income,2013,,,
KIR,KI,Kiribati,East Asia & Pacific,Lower middle income,2014,,,
KIR,KI,Kiribati,East Asia & Pacific,Lower middle income,2015,,,
KIR,KI,Kiribati,East Asia & Pacific,Lower middle income,2016,,,
KIR,KI,Kiribati,East Asia & Pacific,Lower middle income,2017,,,
KIR,KI,Kiribati,East Asia & Pacific,Lower middle income,2018,,,
KIR,KI,Kiribati,East Asia & Pacific,Lower middle income,2019,,,
KIR,KI,Kiribati,East Asia & Pacific,Lower middle income,2020,,,
KIR,KI,Kiribati,East Asia & Pacific,Lower middle income,2021,,,
KIR,KI,Kiribati,East Asia & Pacific,Lower middle income,2022,,,
KIR,KI,Kiribati,East Asia & Pacific,Lower middle income,2023,,,
KIR,KI,Kiribati,East Asia & Pacific,Lower middle income,2024,,,
KNA,KN,St. Kitts and Nevis,Latin America & Caribbean,High income,2000,,,
KNA,KN,St. Kitts and Nevis,Latin America & Caribbean,High income,2001,,,
KNA,KN,St. Kitts and Nevis,Latin America & Caribbean,High income,2002,,,
KNA,KN,St. Kitts and Nevis,Latin America & Caribbean,High income,2003,,,
KNA,KN,St. Kitts and Nevis,Latin America & Caribbean,High income,2004,,,
KNA,KN,St. Kitts and Nevis,Latin America & Caribbean,High income,2005,,,
KNA,KN,St. Kitts and Nevis,Latin America & Caribbean,High income,2006,,,
KNA,KN,St. Kitts and Nevis,Latin America & Caribbean,High income,2007,,,
KNA,KN,St. Kitts and Nevis,Latin America & Caribbean,High income,2008,,,
KNA,KN,St. Kitts and Nevis,Latin America & Caribbean,High income,2009,,,
KNA,KN,St. Kitts and Nevis,Latin America & Caribbean,High income,2010,,,
KNA,KN,St. Kitts and Nevis,Latin America & Caribbean,High income,2011,,,
KNA,KN,St. Kitts and Nevis,Latin America & Caribbean,High income,2012,,,
KNA,KN,St. Kitts and Nevis,Latin America & Caribbean,High income,2013,,,
KNA,KN,St. Kitts and Nevis,Latin America & Caribbean,High income,2014,,,
KNA,KN,St. Kitts and Nevis,Latin America & Caribbean,High income,2015,,,
KNA,KN,St. Kitts and Nevis,Latin America & Caribbean,High income,2016,,,
KNA,KN,St. Kitts and Nevis,Latin America & Caribbean,High income,2017,,,
KNA,KN,St. Kitts and Nevis,Latin America & Caribbean,High income,2018,,,
KNA,KN,St. Kitts and Nevis,Latin America & Caribbean,High income,2019,,,
KNA,KN,St. Kitts and Nevis,Latin America & Caribbean,High income,2020,,,
KNA,KN,St. Kitts and Nevis,Latin America & Caribbean,High income,2021,,,
KNA,KN,St. Kitts and Nevis,Latin America & Caribbean,High income,2022,,,
KNA,KN,St. Kitts and Nevis,Latin America & Caribbean,High income,2023,,,
KNA,KN,St. Kitts and Nevis,Latin America & Caribbean,High income,2024,,,
KOR,KR,"Korea, Rep.",East Asia & Pacific,High income,2000,,,
KOR,KR,"Korea, Rep.",East Asia & Pacific,High income,2001,,,
KOR,KR,"Korea, Rep.",East Asia & Pacific,High income,2002,,,
KOR,KR,"Korea, Rep.",East Asia & Pacific,High income,2003,,,
KOR,KR,"Korea, Rep.",East Asia & Pacific,High income,2004,,,
KOR,KR,"Korea, Rep.",East Asia & Pacific,High income,2005,,,
KOR,KR,"Korea, Rep.",East Asia & Pacific,High income,2006,,,
KOR,KR,"Korea, Rep.",East Asia & Pacific,High income,2007,,,
KOR,KR,"Korea, Rep.",East Asia & Pacific,High income,2008,,,
KOR,KR,"Korea, Rep.",East Asia & Pacific,High income,2009,,,
KOR,KR,"Korea, Rep.",East Asia & Pacific,High income,2010,,,
KOR,KR,"Korea, Rep.",East Asia & Pacific,High income,2011,,,
KOR,KR,"Korea, Rep.",East Asia & Pacific,High income,2012,,,
KOR,KR,"Korea, Rep.",East Asia & Pacific,High income,2013,,,
KOR,KR,"Korea, Rep.",East Asia & Pacific,High income,2014,,,
KOR,KR,"Korea, Rep.",East Asia & Pacific,High income,2015,,,
KOR,KR,"Korea, Rep.",East Asia & Pacific,High income,2016,,,
KOR,KR,"Korea, Rep.",East Asia & Pacific,High income,2017,,,
KOR,KR,"Korea, Rep.",East Asia & Pacific,High income,2018,,,
KOR,KR,"Korea, Rep.",East Asia & Pacific,High income,2019,,,
KOR,KR,"Korea, Rep.",East Asia & Pacific,High income,2020,,,
KOR,KR,"Korea, Rep.",East Asia & Pacific,High income,2021,,,
KOR,KR,"Korea, Rep.",East Asia & Pacific,High income,2022,,,
KOR,KR,"Korea, Rep.",East Asia & Pacific,High income,2023,,,
KOR,KR,"Korea, Rep.",East Asia & Pacific,High income,2024,,,
KWT,KW,Kuwait,"Middle East, North Africa, Afghanistan & Pakistan",High income,2000,,,
KWT,KW,Kuwait,"Middle East, North Africa, Afghanistan & Pakistan",High income,2001,,,
KWT,KW,Kuwait,"Middle East, North Africa, Afghanistan & Pakistan",High income,2002,,,
KWT,KW,Kuwait,"Middle East, North Africa, Afghanistan & Pakistan",High income,2003,,,
KWT,KW,Kuwait,"Middle East, North Africa, Afghanistan & Pakistan",High income,2004,,,
KWT,KW,Kuwait,"Middle East, North Africa, Afghanistan & Pakistan",High income,2005,,,
KWT,KW,Kuwait,"Middle East, North Africa, Afghanistan & Pakistan",High income,2006,,,
KWT,KW,Kuwait,"Middle East, North Africa, Afghanistan & Pakistan",High income,2007,,,
KWT,KW,Kuwait,"Middle East, North Africa, Afghanistan & Pakistan",High income,2008,,,
KWT,KW,Kuwait,"Middle East, North Africa, Afghanistan & Pakistan",High income,2009,,,
KWT,KW,Kuwait,"Middle East, North Africa, Afghanistan & Pakistan",High income,2010,,,
KWT,KW,Kuwait,"Middle East, North Africa, Afghanistan & Pakistan",High income,2011,,,
KWT,KW,Kuwait,"Middle East, North Africa, Afghanistan & Pakistan",High income,2012,,,
KWT,KW,Kuwait,"Middle East, North Africa, Afghanistan & Pakistan",High income,2013,,,
KWT,KW,Kuwait,"Middle East, North Africa, Afghanistan & Pakistan",High income,2014,,,
KWT,KW,Kuwait,"Middle East, North Africa, Afghanistan & Pakistan",High income,2015,,,
KWT,KW,Kuwait,"Middle East, North Africa, Afghanistan & Pakistan",High income,2016,,,
KWT,KW,Kuwait,"Middle East, North Africa, Afghanistan & Pakistan",High income,2017,,,
KWT,KW,Kuwait,"Middle East, North Africa, Afghanistan & Pakistan",High income,2018,,,
KWT,KW,Kuwait,"Middle East, North Africa, Afghanistan & Pakistan",High income,2019,,,
KWT,KW,Kuwait,"Middle East, North Africa, Afghanistan & Pakistan",High income,2020,,,
KWT,KW,Kuwait,"Middle East, North Africa, Afghanistan & Pakistan",High income,2021,,,
KWT,KW,Kuwait,"Middle East, North Africa, Afghanistan & Pakistan",High income,2022,,,
KWT,KW,Kuwait,"Middle East, North Africa, Afghanistan & Pakistan",High income,2023,,,
KWT,KW,Kuwait,"Middle East, North Africa, Afghanistan & Pakistan",High income,2024,,,
LAO,LA,Lao PDR,East Asia & Pacific,Lower middle income,2000,,,
LAO,LA,Lao PDR,East Asia & Pacific,Lower middle income,2001,,,
LAO,LA,Lao PDR,East Asia & Pacific,Lower middle income,2002,,,
LAO,LA,Lao PDR,East Asia & Pacific,Lower middle income,2003,,,
LAO,LA,Lao PDR,East Asia & Pacific,Lower middle income,2004,,,
LAO,LA,Lao PDR,East Asia & Pacific,Lower middle income,2005,,,
LAO,LA,Lao PDR,East Asia & Pacific,Lower middle income,2006,,,
LAO,LA,Lao PDR,East Asia & Pacific,Lower middle income,2007,,,
LAO,LA,Lao PDR,East Asia & Pacific,Lower middle income,2008,,,
LAO,LA,Lao PDR,East Asia & Pacific,Lower middle income,2009,,,
LAO,LA,Lao PDR,East Asia & Pacific,Lower middle income,2010,,,
LAO,LA,Lao PDR,East Asia & Pacific,Lower middle income,2011,,,
LAO,LA,Lao PDR,East Asia & Pacific,Lower middle income,2012,,,
LAO,LA,Lao PDR,East Asia & Pacific,Lower middle income,2013,,,
LAO,LA,Lao PDR,East Asia & Pacific,Lower middle income,2014,,,
LAO,LA,Lao PDR,East Asia & Pacific,Lower middle income,2015,,,
LAO,LA,Lao PDR,East Asia & Pacific,Lower middle income,2016,,,
LAO,LA,Lao PDR,East Asia & Pacific,Lower middle income,2017,,,
LAO,LA,Lao PDR,East Asia & Pacific,Lower middle income,2018,,,
LAO,LA,Lao PDR,East Asia & Pacific,Lower middle income,2019,,,
LAO,LA,Lao PDR,East Asia & Pacific,Lower middle income,2020,,,
LAO,LA,Lao PDR,East Asia & Pacific,Lower middle income,2021,,,
LAO,LA,Lao PDR,East Asia & Pacific,Lower middle income,2022,,,
LAO,LA,Lao PDR,East Asia & Pacific,Lower middle income,2023,,,
LAO,LA,Lao PDR,East Asia & Pacific,Lower middle income,2024,,,
LBN,LB,Lebanon,"Middle East, North Africa, Afghanistan & Pakistan",Lower middle income,2000,25.0,1.0,3.258096538021482
LBN,LB,Lebanon,"Middle East, North Africa, Afghanistan & Pakistan",Lower middle income,2001,,,
LBN,LB,Lebanon,"Middle East, North Africa, Afghanistan & Pakistan",Lower middle income,2002,,,
LBN,LB,Lebanon,"Middle East, North Africa, Afghanistan & Pakistan",Lower middle income,2003,,,
LBN,LB,Lebanon,"Middle East, North Africa, Afghanistan & Pakistan",Lower middle income,2004,,,
LBN,LB,Lebanon,"Middle East, North Africa, Afghanistan & Pakistan",Lower middle income,2005,,,
LBN,LB,Lebanon,"Middle East, North Africa, Afghanistan & Pakistan",Lower middle income,2006,1184.0,1.0,7.077498053569231
LBN,LB,Lebanon,"Middle East, North Africa, Afghanistan & Pakistan",Lower middle income,2007,,,
LBN,LB,Lebanon,"Middle East, North Africa, Afghanistan & Pakistan",Lower middle income,2008,,,
LBN,LB,Lebanon,"Middle East, North Africa, Afghanistan & Pakistan",Lower middle income,2009,,,
LBN,LB,Lebanon,"Middle East, North Africa, Afghanistan & Pakistan",Lower middle income,2010,,,
LBN,LB,Lebanon,"Middle East, North Africa, Afghanistan & Pakistan",Lower middle income,2011,,,
LBN,LB,Lebanon,"Middle East, North Africa, Afghanistan & Pakistan",Lower middle income,2012,,,
LBN,LB,Lebanon,"Middle East, North Africa, Afghanistan & Pakistan",Lower middle income,2013,2.0,1.0,1.0986122886681098
LBN,LB,Lebanon,"Middle East, North Africa, Afghanistan & Pakistan",Lower middle income,2014,140.0,1.0,4.948759890378168
LBN,LB,Lebanon,"Middle East, North Africa, Afghanistan & Pakistan",Lower middle income,2015,76.0,1.0,4.343805421853684
LBN,LB,Lebanon,"Middle East, North Africa, Afghanistan & Pakistan",Lower middle income,2016,,,
LBN,LB,Lebanon,"Middle East, North Africa, Afghanistan & Pakistan",Lower middle income,2017,74.0,1.0,4.31748811353631
LBN,LB,Lebanon,"Middle East, North Africa, Afghanistan & Pakistan",Lower middle income,2018,,,
LBN,LB,Lebanon,"Middle East, North Africa, Afghanistan & Pakistan",Lower middle income,2019,,,
LBN,LB,Lebanon,"Middle East, North Africa, Afghanistan & Pakistan",Lower middle income,2020,,,
LBN,LB,Lebanon,"Middle East, North Africa, Afghanistan & Pakistan",Lower middle income,2021,,,
LBN,LB,Lebanon,"Middle East, North Africa, Afghanistan & Pakistan",Lower middle income,2022,,,
LBN,LB,Lebanon,"Middle East, North Africa, Afghanistan & Pakistan",Lower middle income,2023,123.0,1.0,4.820281565605037
LBN,LB,Lebanon,"Middle East, North Africa, Afghanistan & Pakistan",Lower middle income,2024,4335.0,1.0,8.374707543119483
LBR,LR,Liberia,Sub-Saharan Africa,Low income,2000,57.0,1.0,4.060443010546419
LBR,LR,Liberia,Sub-Saharan Africa,Low income,2001,341.0,1.0,5.834810737062605
LBR,LR,Liberia,Sub-Saharan Africa,Low income,2002,492.0,1.0,6.20050917404269
LBR,LR,Liberia,Sub-Saharan Africa,Low income,2003,1787.0,1.0,7.488852955733459
LBR,LR,Liberia,Sub-Saharan Africa,Low income,2004,,,
LBR,LR,Liberia,Sub-Saharan Africa,Low income,2005,,,
LBR,LR,Liberia,Sub-Saharan Africa,Low income,2006,,,
LBR,LR,Liberia,Sub-Saharan Africa,Low income,2007,,,
LBR,LR,Liberia,Sub-Saharan Africa,Low income,2008,,,
LBR,LR,Liberia,Sub-Saharan Africa,Low income,2009,,,
LBR,LR,Liberia,Sub-Saharan Africa,Low income,2010,,,
LBR,LR,Liberia,Sub-Saharan Africa,Low income,2011,,,
LBR,LR,Liberia,Sub-Saharan Africa,Low income,2012,,,
LBR,LR,Liberia,Sub-Saharan Africa,Low income,2013,,,
LBR,LR,Liberia,Sub-Saharan Africa,Low income,2014,,,
LBR,LR,Liberia,Sub-Saharan Africa,Low income,2015,,,
LBR,LR,Liberia,Sub-Saharan Africa,Low income,2016,,,
LBR,LR,Liberia,Sub-Saharan Africa,Low income,2017,,,
LBR,LR,Liberia,Sub-Saharan Africa,Low income,2018,,,
LBR,LR,Liberia,Sub-Saharan Africa,Low income,2019,,,
LBR,LR,Liberia,Sub-Saharan Africa,Low income,2020,,,
LBR,LR,Liberia,Sub-Saharan Africa,Low income,2021,,,
LBR,LR,Liberia,Sub-Saharan Africa,Low income,2022,,,
LBR,LR,Liberia,Sub-Saharan Africa,Low income,2023,,,
LBR,LR,Liberia,Sub-Saharan Africa,Low income,2024,,,
LBY,LY,Libya,"Middle East, North Africa, Afghanistan & Pakistan",Upper middle income,2000,,,
LBY,LY,Libya,"Middle East, North Africa, Afghanistan & Pakistan",Upper middle income,2001,,,
LBY,LY,Libya,"Middle East, North Africa, Afghanistan & Pakistan",Upper middle income,2002,,,
LBY,LY,Libya,"Middle East, North Africa, Afghanistan & Pakistan",Upper middle income,2003,,,
LBY,LY,Libya,"Middle East, North Africa, Afghanistan & Pakistan",Upper middle income,2004,,,
LBY,LY,Libya,"Middle East, North Africa, Afghanistan & Pakistan",Upper middle income,2005,,,
LBY,LY,Libya,"Middle East, North Africa, Afghanistan & Pakistan",Upper middle income,2006,,,
LBY,LY,Libya,"Middle East, North Africa, Afghanistan & Pakistan",Upper middle income,2007,,,
LBY,LY,Libya,"Middle East, North Africa, Afghanistan & Pakistan",Upper middle income,2008,,,
LBY,LY,Libya,"Middle East, North Africa, Afghanistan & Pakistan",Upper middle income,2009,,,
LBY,LY,Libya,"Middle East, North Africa, Afghanistan & Pakistan",Upper middle income,2010,,,
LBY,LY,Libya,"Middle East, North Africa, Afghanistan & Pakistan",Upper middle income,2011,3762.0,1.0,8.232971790593437
LBY,LY,Libya,"Middle East, North Africa, Afghanistan & Pakistan",Upper middle income,2012,,,
LBY,LY,Libya,"Middle East, North Africa, Afghanistan & Pakistan",Upper middle income,2013,31.0,1.0,3.4657359027997265
LBY,LY,Libya,"Middle East, North Africa, Afghanistan & Pakistan",Upper middle income,2014,274.0,1.0,5.616771097666572
LBY,LY,Libya,"Middle East, North Africa, Afghanistan & Pakistan",Upper middle income,2015,275.0,1.0,5.62040086571715
LBY,LY,Libya,"Middle East, North Africa, Afghanistan & Pakistan",Upper middle income,2016,1727.0,1.0,7.454719949364001
LBY,LY,Libya,"Middle East, North Africa, Afghanistan & Pakistan",Upper middle income,2017,404.0,1.0,6.003887067106539
LBY,LY,Libya,"Middle East, North Africa, Afghanistan & Pakistan",Upper middle income,2018,44.0,1.0,3.8066624897703196
LBY,LY,Libya,"Middle East, North Africa, Afghanistan & Pakistan",Upper middle income,2019,1631.0,1.0,7.397561535524052
LBY,LY,Libya,"Middle East, North Africa, Afghanistan & Pakistan",Upper middle income,2020,668.0,1.0,6.505784060128229
LBY,LY,Libya,"Middle East, North Africa, Afghanistan & Pakistan",Upper middle income,2021,,,
LBY,LY,Libya,"Middle East, North Africa, Afghanistan & Pakistan",Upper middle income,2022,,,
LBY,LY,Libya,"Middle East, North Africa, Afghanistan & Pakistan",Upper middle income,2023,,,
LBY,LY,Libya,"Middle East, North Africa, Afghanistan & Pakistan",Upper middle income,2024,2.0,1.0,1.0986122886681098
LCA,LC,St. Lucia,Latin America & Caribbean,Upper middle income,2000,,,
LCA,LC,St. Lucia,Latin America & Caribbean,Upper middle income,2001,,,
LCA,LC,St. Lucia,Latin America & Caribbean,Upper middle income,2002,,,
LCA,LC,St. Lucia,Latin America & Caribbean,Upper middle income,2003,,,
LCA,LC,St. Lucia,Latin America & Caribbean,Upper middle income,2004,,,
LCA,LC,St. Lucia,Latin America & Caribbean,Upper middle income,2005,,,
LCA,LC,St. Lucia,Latin America & Caribbean,Upper middle income,2006,,,
LCA,LC,St. Lucia,Latin America & Caribbean,Upper middle income,2007,,,
LCA,LC,St. Lucia,Latin America & Caribbean,Upper middle income,2008,,,
LCA,LC,St. Lucia,Latin America & Caribbean,Upper middle income,2009,,,
LCA,LC,St. Lucia,Latin America & Caribbean,Upper middle income,2010,,,
LCA,LC,St. Lucia,Latin America & Caribbean,Upper middle income,2011,,,
LCA,LC,St. Lucia,Latin America & Caribbean,Upper middle income,2012,,,
LCA,LC,St. Lucia,Latin America & Caribbean,Upper middle income,2013,,,
LCA,LC,St. Lucia,Latin America & Caribbean,Upper middle income,2014,,,
LCA,LC,St. Lucia,Latin America & Caribbean,Upper middle income,2015,,,
LCA,LC,St. Lucia,Latin America & Caribbean,Upper middle income,2016,,,
LCA,LC,St. Lucia,Latin America & Caribbean,Upper middle income,2017,,,
LCA,LC,St. Lucia,Latin America & Caribbean,Upper middle income,2018,,,
LCA,LC,St. Lucia,Latin America & Caribbean,Upper middle income,2019,,,
LCA,LC,St. Lucia,Latin America & Caribbean,Upper middle income,2020,,,
LCA,LC,St. Lucia,Latin America & Caribbean,Upper middle income,2021,,,
LCA,LC,St. Lucia,Latin America & Caribbean,Upper middle income,2022,,,
LCA,LC,St. Lucia,Latin America & Caribbean,Upper middle income,2023,,,
LCA,LC,St. Lucia,Latin America & Caribbean,Upper middle income,2024,,,
LIE,LI,Liechtenstein,Europe & Central Asia,High income,2000,,,
LIE,LI,Liechtenstein,Europe & Central Asia,High income,2001,,,
LIE,LI,Liechtenstein,Europe & Central Asia,High income,2002,,,
LIE,LI,Liechtenstein,Europe & Central Asia,High income,2003,,,
LIE,LI,Liechtenstein,Europe & Central Asia,High income,2004,,,
LIE,LI,Liechtenstein,Europe & Central Asia,High income,2005,,,
LIE,LI,Liechtenstein,Europe & Central Asia,High income,2006,,,
LIE,LI,Liechtenstein,Europe & Central Asia,High income,2007,,,
LIE,LI,Liechtenstein,Europe & Central Asia,High income,2008,,,
LIE,LI,Liechtenstein,Europe & Central Asia,High income,2009,,,
LIE,LI,Liechtenstein,Europe & Central Asia,High income,2010,,,
LIE,LI,Liechtenstein,Europe & Central Asia,High income,2011,,,
LIE,LI,Liechtenstein,Europe & Central Asia,High income,2012,,,
LIE,LI,Liechtenstein,Europe & Central Asia,High income,2013,,,
LIE,LI,Liechtenstein,Europe & Central Asia,High income,2014,,,
LIE,LI,Liechtenstein,Europe & Central Asia,High income,2015,,,
LIE,LI,Liechtenstein,Europe & Central Asia,High income,2016,,,
LIE,LI,Liechtenstein,Europe & Central Asia,High income,2017,,,
LIE,LI,Liechtenstein,Europe & Central Asia,High income,2018,,,
LIE,LI,Liechtenstein,Europe & Central Asia,High income,2019,,,
LIE,LI,Liechtenstein,Europe & Central Asia,High income,2020,,,
LIE,LI,Liechtenstein,Europe & Central Asia,High income,2021,,,
LIE,LI,Liechtenstein,Europe & Central Asia,High income,2022,,,
LIE,LI,Liechtenstein,Europe & Central Asia,High income,2023,,,
LIE,LI,Liechtenstein,Europe & Central Asia,High income,2024,,,
LKA,LK,Sri Lanka,South Asia,Upper middle income,2000,2525.0,1.0,7.8343923029104365
LKA,LK,Sri Lanka,South Asia,Upper middle income,2001,1144.0,1.0,7.0431599159883405
LKA,LK,Sri Lanka,South Asia,Upper middle income,2002,,,
LKA,LK,Sri Lanka,South Asia,Upper middle income,2003,29.0,1.0,3.4011973816621555
LKA,LK,Sri Lanka,South Asia,Upper middle income,2004,,,
LKA,LK,Sri Lanka,South Asia,Upper middle income,2005,88.0,1.0,4.48863636973214
LKA,LK,Sri Lanka,South Asia,Upper middle income,2006,1970.0,1.0,7.58629630715272
LKA,LK,Sri Lanka,South Asia,Upper middle income,2007,2494.0,1.0,7.822044008185619
LKA,LK,Sri Lanka,South Asia,Upper middle income,2008,8262.0,1.0,9.019542996701185
LKA,LK,Sri Lanka,South Asia,Upper middle income,2009,10165.0,1.0,9.226804098006848
LKA,LK,Sri Lanka,South Asia,Upper middle income,2010,,,
LKA,LK,Sri Lanka,South Asia,Upper middle income,2011,,,
LKA,LK,Sri Lanka,South Asia,Upper middle income,2012,,,
LKA,LK,Sri Lanka,South Asia,Upper middle income,2013,,,
LKA,LK,Sri Lanka,South Asia,Upper middle income,2014,,,
LKA,LK,Sri Lanka,South Asia,Upper middle income,2015,,,
LKA,LK,Sri Lanka,South Asia,Upper middle income,2016,,,
LKA,LK,Sri Lanka,South Asia,Upper middle income,2017,,,
LKA,LK,Sri Lanka,South Asia,Upper middle income,2018,,,
LKA,LK,Sri Lanka,South Asia,Upper middle income,2019,,,
LKA,LK,Sri Lanka,South Asia,Upper middle income,2020,,,
LKA,LK,Sri Lanka,South Asia,Upper middle income,2021,,,
LKA,LK,Sri Lanka,South Asia,Upper middle income,2022,,,
LKA,LK,Sri Lanka,South Asia,Upper middle income,2023,,,
LKA,LK,Sri Lanka,South Asia,Upper middle income,2024,,,
LSO,LS,Lesotho,Sub-Saharan Africa,Lower middle income,2000,,,
LSO,LS,Lesotho,Sub-Saharan Africa,Lower middle income,2001,,,
LSO,LS,Lesotho,Sub-Saharan Africa,Lower middle income,2002,,,
LSO,LS,Lesotho,Sub-Saharan Africa,Lower middle income,2003,,,
LSO,LS,Lesotho,Sub-Saharan Africa,Lower middle income,2004,,,
LSO,LS,Lesotho,Sub-Saharan Africa,Lower middle income,2005,,,
LSO,LS,Lesotho,Sub-Saharan Africa,Lower middle income,2006,,,
LSO,LS,Lesotho,Sub-Saharan Africa,Lower middle income,2007,,,
LSO,LS,Lesotho,Sub-Saharan Africa,Lower middle income,2008,,,
LSO,LS,Lesotho,Sub-Saharan Africa,Lower middle income,2009,,,
LSO,LS,Lesotho,Sub-Saharan Africa,Lower middle income,2010,,,
LSO,LS,Lesotho,Sub-Saharan Africa,Lower middle income,2011,,,
LSO,LS,Lesotho,Sub-Saharan Africa,Lower middle income,2012,,,
LSO,LS,Lesotho,Sub-Saharan Africa,Lower middle income,2013,,,
LSO,LS,Lesotho,Sub-Saharan Africa,Lower middle income,2014,,,
LSO,LS,Lesotho,Sub-Saharan Africa,Lower middle income,2015,,,
LSO,LS,Lesotho,Sub-Saharan Africa,Lower middle income,2016,,,
LSO,LS,Lesotho,Sub-Saharan Africa,Lower middle income,2017,,,
LSO,LS,Lesotho,Sub-Saharan Africa,Lower middle income,2018,,,
LSO,LS,Lesotho,Sub-Saharan Africa,Lower middle income,2019,,,
LSO,LS,Lesotho,Sub-Saharan Africa,Lower middle income,2020,,,
LSO,LS,Lesotho,Sub-Saharan Africa,Lower middle income,2021,,,
LSO,LS,Lesotho,Sub-Saharan Africa,Lower middle income,2022,,,
LSO,LS,Lesotho,Sub-Saharan Africa,Lower middle income,2023,,,
LSO,LS,Lesotho,Sub-Saharan Africa,Lower middle income,2024,,,
LTU,LT,Lithuania,Europe & Central Asia,High income,2000,,,
LTU,LT,Lithuania,Europe & Central Asia,High income,2001,,,
LTU,LT,Lithuania,Europe & Central Asia,High income,2002,,,
LTU,LT,Lithuania,Europe & Central Asia,High income,2003,,,
LTU,LT,Lithuania,Europe & Central Asia,High income,2004,,,
LTU,LT,Lithuania,Europe & Central Asia,High income,2005,,,
LTU,LT,Lithuania,Europe & Central Asia,High income,2006,,,
LTU,LT,Lithuania,Europe & Central Asia,High income,2007,,,
LTU,LT,Lithuania,Europe & Central Asia,High income,2008,,,
LTU,LT,Lithuania,Europe & Central Asia,High income,2009,,,
LTU,LT,Lithuania,Europe & Central Asia,High income,2010,,,
LTU,LT,Lithuania,Europe & Central Asia,High income,2011,,,
LTU,LT,Lithuania,Europe & Central Asia,High income,2012,,,
LTU,LT,Lithuania,Europe & Central Asia,High income,2013,,,
LTU,LT,Lithuania,Europe & Central Asia,High income,2014,,,
LTU,LT,Lithuania,Europe & Central Asia,High income,2015,,,
LTU,LT,Lithuania,Europe & Central Asia,High income,2016,,,
LTU,LT,Lithuania,Europe & Central Asia,High income,2017,,,
LTU,LT,Lithuania,Europe & Central Asia,High income,2018,,,
LTU,LT,Lithuania,Europe & Central Asia,High income,2019,,,
LTU,LT,Lithuania,Europe & Central Asia,High income,2020,,,
LTU,LT,Lithuania,Europe & Central Asia,High income,2021,,,
LTU,LT,Lithuania,Europe & Central Asia,High income,2022,,,
LTU,LT,Lithuania,Europe & Central Asia,High income,2023,,,
LTU,LT,Lithuania,Europe & Central Asia,High income,2024,,,
LUX,LU,Luxembourg,Europe & Central Asia,High income,2000,,,
LUX,LU,Luxembourg,Europe & Central Asia,High income,2001,,,
LUX,LU,Luxembourg,Europe & Central Asia,High income,2002,,,
LUX,LU,Luxembourg,Europe & Central Asia,High income,2003,,,
LUX,LU,Luxembourg,Europe & Central Asia,High income,2004,,,
LUX,LU,Luxembourg,Europe & Central Asia,High income,2005,,,
LUX,LU,Luxembourg,Europe & Central Asia,High income,2006,,,
LUX,LU,Luxembourg,Europe & Central Asia,High income,2007,,,
LUX,LU,Luxembourg,Europe & Central Asia,High income,2008,,,
LUX,LU,Luxembourg,Europe & Central Asia,High income,2009,,,
LUX,LU,Luxembourg,Europe & Central Asia,High income,2010,,,
LUX,LU,Luxembourg,Europe & Central Asia,High income,2011,,,
LUX,LU,Luxembourg,Europe & Central Asia,High income,2012,,,
LUX,LU,Luxembourg,Europe & Central Asia,High income,2013,,,
LUX,LU,Luxembourg,Europe & Central Asia,High income,2014,,,
LUX,LU,Luxembourg,Europe & Central Asia,High income,2015,,,
LUX,LU,Luxembourg,Europe & Central Asia,High income,2016,,,
LUX,LU,Luxembourg,Europe & Central Asia,High income,2017,,,
LUX,LU,Luxembourg,Europe & Central Asia,High income,2018,,,
LUX,LU,Luxembourg,Europe & Central Asia,High income,2019,,,
LUX,LU,Luxembourg,Europe & Central Asia,High income,2020,,,
LUX,LU,Luxembourg,Europe & Central Asia,High income,2021,,,
LUX,LU,Luxembourg,Europe & Central Asia,High income,2022,,,
LUX,LU,Luxembourg,Europe & Central Asia,High income,2023,,,
LUX,LU,Luxembourg,Europe & Central Asia,High income,2024,,,
LVA,LV,Latvia,Europe & Central Asia,High income,2000,,,
LVA,LV,Latvia,Europe & Central Asia,High income,2001,,,
LVA,LV,Latvia,Europe & Central Asia,High income,2002,,,
LVA,LV,Latvia,Europe & Central Asia,High income,2003,,,
LVA,LV,Latvia,Europe & Central Asia,High income,2004,,,
LVA,LV,Latvia,Europe & Central Asia,High income,2005,,,
LVA,LV,Latvia,Europe & Central Asia,High income,2006,,,
LVA,LV,Latvia,Europe & Central Asia,High income,2007,,,
LVA,LV,Latvia,Europe & Central Asia,High income,2008,,,
LVA,LV,Latvia,Europe & Central Asia,High income,2009,,,
LVA,LV,Latvia,Europe & Central Asia,High income,2010,,,
LVA,LV,Latvia,Europe & Central Asia,High income,2011,,,
LVA,LV,Latvia,Europe & Central Asia,High income,2012,,,
LVA,LV,Latvia,Europe & Central Asia,High income,2013,,,
LVA,LV,Latvia,Europe & Central Asia,High income,2014,,,
LVA,LV,Latvia,Europe & Central Asia,High income,2015,,,
LVA,LV,Latvia,Europe & Central Asia,High income,2016,,,
LVA,LV,Latvia,Europe & Central Asia,High income,2017,,,
LVA,LV,Latvia,Europe & Central Asia,High income,2018,,,
LVA,LV,Latvia,Europe & Central Asia,High income,2019,,,
LVA,LV,Latvia,Europe & Central Asia,High income,2020,,,
LVA,LV,Latvia,Europe & Central Asia,High income,2021,,,
LVA,LV,Latvia,Europe & Central Asia,High income,2022,,,
LVA,LV,Latvia,Europe & Central Asia,High income,2023,,,
LVA,LV,Latvia,Europe & Central Asia,High income,2024,,,
MAC,MO,"Macao SAR, China",East Asia & Pacific,High income,2000,,,
MAC,MO,"Macao SAR, China",East Asia & Pacific,High income,2001,,,
MAC,MO,"Macao SAR, China",East Asia & Pacific,High income,2002,,,
MAC,MO,"Macao SAR, China",East Asia & Pacific,High income,2003,,,
MAC,MO,"Macao SAR, China",East Asia & Pacific,High income,2004,,,
MAC,MO,"Macao SAR, China",East Asia & Pacific,High income,2005,,,
MAC,MO,"Macao SAR, China",East Asia & Pacific,High income,2006,,,
MAC,MO,"Macao SAR, China",East Asia & Pacific,High income,2007,,,
MAC,MO,"Macao SAR, China",East Asia & Pacific,High income,2008,,,
MAC,MO,"Macao SAR, China",East Asia & Pacific,High income,2009,,,
MAC,MO,"Macao SAR, China",East Asia & Pacific,High income,2010,,,
MAC,MO,"Macao SAR, China",East Asia & Pacific,High income,2011,,,
MAC,MO,"Macao SAR, China",East Asia & Pacific,High income,2012,,,
MAC,MO,"Macao SAR, China",East Asia & Pacific,High income,2013,,,
MAC,MO,"Macao SAR, China",East Asia & Pacific,High income,2014,,,
MAC,MO,"Macao SAR, China",East Asia & Pacific,High income,2015,,,
MAC,MO,"Macao SAR, China",East Asia & Pacific,High income,2016,,,
MAC,MO,"Macao SAR, China",East Asia & Pacific,High income,2017,,,
MAC,MO,"Macao SAR, China",East Asia & Pacific,High income,2018,,,
MAC,MO,"Macao SAR, China",East Asia & Pacific,High income,2019,,,
MAC,MO,"Macao SAR, China",East Asia & Pacific,High income,2020,,,
MAC,MO,"Macao SAR, China",East Asia & Pacific,High income,2021,,,
MAC,MO,"Macao SAR, China",East Asia & Pacific,High income,2022,,,
MAC,MO,"Macao SAR, China",East Asia & Pacific,High income,2023,,,
MAC,MO,"Macao SAR, China",East Asia & Pacific,High income,2024,,,
MAF,MF,St. Martin (French part),Latin America & Caribbean,High income,2000,,,
MAF,MF,St. Martin (French part),Latin America & Caribbean,High income,2001,,,
MAF,MF,St. Martin (French part),Latin America & Caribbean,High income,2002,,,
MAF,MF,St. Martin (French part),Latin America & Caribbean,High income,2003,,,
MAF,MF,St. Martin (French part),Latin America & Caribbean,High income,2004,,,
MAF,MF,St. Martin (French part),Latin America & Caribbean,High income,2005,,,
MAF,MF,St. Martin (French part),Latin America & Caribbean,High income,2006,,,
MAF,MF,St. Martin (French part),Latin America & Caribbean,High income,2007,,,
MAF,MF,St. Martin (French part),Latin America & Caribbean,High income,2008,,,
MAF,MF,St. Martin (French part),Latin America & Caribbean,High income,2009,,,
MAF,MF,St. Martin (French part),Latin America & Caribbean,High income,2010,,,
MAF,MF,St. Martin (French part),Latin America & Caribbean,High income,2011,,,
MAF,MF,St. Martin (French part),Latin America & Caribbean,High income,2012,,,
MAF,MF,St. Martin (French part),Latin America & Caribbean,High income,2013,,,
MAF,MF,St. Martin (French part),Latin America & Caribbean,High income,2014,,,
MAF,MF,St. Martin (French part),Latin America & Caribbean,High income,2015,,,
MAF,MF,St. Martin (French part),Latin America & Caribbean,High income,2016,,,
MAF,MF,St. Martin (French part),Latin America & Caribbean,High income,2017,,,
MAF,MF,St. Martin (French part),Latin America & Caribbean,High income,2018,,,
MAF,MF,St. Martin (French part),Latin America & Caribbean,High income,2019,,,
MAF,MF,St. Martin (French part),Latin America & Caribbean,High income,2020,,,
MAF,MF,St. Martin (French part),Latin America & Caribbean,High income,2021,,,
MAF,MF,St. Martin (French part),Latin America & Caribbean,High income,2022,,,
MAF,MF,St. Martin (French part),Latin America & Caribbean,High income,2023,,,
MAF,MF,St. Martin (French part),Latin America & Caribbean,High income,2024,,,
MAR,MA,Morocco,"Middle East, North Africa, Afghanistan & Pakistan",Lower middle income,2000,,,
MAR,MA,Morocco,"Middle East, North Africa, Afghanistan & Pakistan",Lower middle income,2001,,,
MAR,MA,Morocco,"Middle East, North Africa, Afghanistan & Pakistan",Lower middle income,2002,,,
MAR,MA,Morocco,"Middle East, North Africa, Afghanistan & Pakistan",Lower middle income,2003,,,
MAR,MA,Morocco,"Middle East, North Africa, Afghanistan & Pakistan",Lower middle income,2004,,,
MAR,MA,Morocco,"Middle East, North Africa, Afghanistan & Pakistan",Lower middle income,2005,,,
MAR,MA,Morocco,"Middle East, North Africa, Afghanistan & Pakistan",Lower middle income,2006,,,
MAR,MA,Morocco,"Middle East, North Africa, Afghanistan & Pakistan",Lower middle income,2007,,,
MAR,MA,Morocco,"Middle East, North Africa, Afghanistan & Pakistan",Lower middle income,2008,,,
MAR,MA,Morocco,"Middle East, North Africa, Afghanistan & Pakistan",Lower middle income,2009,,,
MAR,MA,Morocco,"Middle East, North Africa, Afghanistan & Pakistan",Lower middle income,2010,,,
MAR,MA,Morocco,"Middle East, North Africa, Afghanistan & Pakistan",Lower middle income,2011,,,
MAR,MA,Morocco,"Middle East, North Africa, Afghanistan & Pakistan",Lower middle income,2012,,,
MAR,MA,Morocco,"Middle East, North Africa, Afghanistan & Pakistan",Lower middle income,2013,,,
MAR,MA,Morocco,"Middle East, North Africa, Afghanistan & Pakistan",Lower middle income,2014,,,
MAR,MA,Morocco,"Middle East, North Africa, Afghanistan & Pakistan",Lower middle income,2015,,,
MAR,MA,Morocco,"Middle East, North Africa, Afghanistan & Pakistan",Lower middle income,2016,,,
MAR,MA,Morocco,"Middle East, North Africa, Afghanistan & Pakistan",Lower middle income,2017,,,
MAR,MA,Morocco,"Middle East, North Africa, Afghanistan & Pakistan",Lower middle income,2018,,,
MAR,MA,Morocco,"Middle East, North Africa, Afghanistan & Pakistan",Lower middle income,2019,,,
MAR,MA,Morocco,"Middle East, North Africa, Afghanistan & Pakistan",Lower middle income,2020,,,
MAR,MA,Morocco,"Middle East, North Africa, Afghanistan & Pakistan",Lower middle income,2021,,,
MAR,MA,Morocco,"Middle East, North Africa, Afghanistan & Pakistan",Lower middle income,2022,,,
MAR,MA,Morocco,"Middle East, North Africa, Afghanistan & Pakistan",Lower middle income,2023,,,
MAR,MA,Morocco,"Middle East, North Africa, Afghanistan & Pakistan",Lower middle income,2024,,,
MCO,MC,Monaco,Europe & Central Asia,High income,2000,,,
MCO,MC,Monaco,Europe & Central Asia,High income,2001,,,
MCO,MC,Monaco,Europe & Central Asia,High income,2002,,,
MCO,MC,Monaco,Europe & Central Asia,High income,2003,,,
MCO,MC,Monaco,Europe & Central Asia,High income,2004,,,
MCO,MC,Monaco,Europe & Central Asia,High income,2005,,,
MCO,MC,Monaco,Europe & Central Asia,High income,2006,,,
MCO,MC,Monaco,Europe & Central Asia,High income,2007,,,
MCO,MC,Monaco,Europe & Central Asia,High income,2008,,,
MCO,MC,Monaco,Europe & Central Asia,High income,2009,,,
MCO,MC,Monaco,Europe & Central Asia,High income,2010,,,
MCO,MC,Monaco,Europe & Central Asia,High income,2011,,,
MCO,MC,Monaco,Europe & Central Asia,High income,2012,,,
MCO,MC,Monaco,Europe & Central Asia,High income,2013,,,
MCO,MC,Monaco,Europe & Central Asia,High income,2014,,,
MCO,MC,Monaco,Europe & Central Asia,High income,2015,,,
MCO,MC,Monaco,Europe & Central Asia,High income,2016,,,
MCO,MC,Monaco,Europe & Central Asia,High income,2017,,,
MCO,MC,Monaco,Europe & Central Asia,High income,2018,,,
MCO,MC,Monaco,Europe & Central Asia,High income,2019,,,
MCO,MC,Monaco,Europe & Central Asia,High income,2020,,,
MCO,MC,Monaco,Europe & Central Asia,High income,2021,,,
MCO,MC,Monaco,Europe & Central Asia,High income,2022,,,
MCO,MC,Monaco,Europe & Central Asia,High income,2023,,,
MCO,MC,Monaco,Europe & Central Asia,High income,2024,,,
MDA,MD,Moldova,Europe & Central Asia,Upper middle income,2000,,,
MDA,MD,Moldova,Europe & Central Asia,Upper middle income,2001,,,
MDA,MD,Moldova,Europe & Central Asia,Upper middle income,2002,,,
MDA,MD,Moldova,Europe & Central Asia,Upper middle income,2003,,,
MDA,MD,Moldova,Europe & Central Asia,Upper middle income,2004,,,
MDA,MD,Moldova,Europe & Central Asia,Upper middle income,2005,,,
MDA,MD,Moldova,Europe & Central Asia,Upper middle income,2006,,,
MDA,MD,Moldova,Europe & Central Asia,Upper middle income,2007,,,
MDA,MD,Moldova,Europe & Central Asia,Upper middle income,2008,,,
MDA,MD,Moldova,Europe & Central Asia,Upper middle income,2009,,,
MDA,MD,Moldova,Europe & Central Asia,Upper middle income,2010,,,
MDA,MD,Moldova,Europe & Central Asia,Upper middle income,2011,,,
MDA,MD,Moldova,Europe & Central Asia,Upper middle income,2012,,,
MDA,MD,Moldova,Europe & Central Asia,Upper middle income,2013,,,
MDA,MD,Moldova,Europe & Central Asia,Upper middle income,2014,,,
MDA,MD,Moldova,Europe & Central Asia,Upper middle income,2015,,,
MDA,MD,Moldova,Europe & Central Asia,Upper middle income,2016,,,
MDA,MD,Moldova,Europe & Central Asia,Upper middle income,2017,,,
MDA,MD,Moldova,Europe & Central Asia,Upper middle income,2018,,,
MDA,MD,Moldova,Europe & Central Asia,Upper middle income,2019,,,
MDA,MD,Moldova,Europe & Central Asia,Upper middle income,2020,,,
MDA,MD,Moldova,Europe & Central Asia,Upper middle income,2021,,,
MDA,MD,Moldova,Europe & Central Asia,Upper middle income,2022,,,
MDA,MD,Moldova,Europe & Central Asia,Upper middle income,2023,,,
MDA,MD,Moldova,Europe & Central Asia,Upper middle income,2024,,,
MDG,MG,Madagascar,Sub-Saharan Africa,Low income,2000,,,
MDG,MG,Madagascar,Sub-Saharan Africa,Low income,2001,,,
MDG,MG,Madagascar,Sub-Saharan Africa,Low income,2002,,,
MDG,MG,Madagascar,Sub-Saharan Africa,Low income,2003,,,
MDG,MG,Madagascar,Sub-Saharan Africa,Low income,2004,,,
MDG,MG,Madagascar,Sub-Saharan Africa,Low income,2005,,,
MDG,MG,Madagascar,Sub-Saharan Africa,Low income,2006,,,
MDG,MG,Madagascar,Sub-Saharan Africa,Low income,2007,,,
MDG,MG,Madagascar,Sub-Saharan Africa,Low income,2008,,,
MDG,MG,Madagascar,Sub-Saharan Africa,Low income,2009,,,
MDG,MG,Madagascar,Sub-Saharan Africa,Low income,2010,,,
MDG,MG,Madagascar,Sub-Saharan Africa,Low income,2011,,,
MDG,MG,Madagascar,Sub-Saharan Africa,Low income,2012,,,
MDG,MG,Madagascar,Sub-Saharan Africa,Low income,2013,,,
MDG,MG,Madagascar,Sub-Saharan Africa,Low income,2014,,,
MDG,MG,Madagascar,Sub-Saharan Africa,Low income,2015,,,
MDG,MG,Madagascar,Sub-Saharan Africa,Low income,2016,,,
MDG,MG,Madagascar,Sub-Saharan Africa,Low income,2017,,,
MDG,MG,Madagascar,Sub-Saharan Africa,Low income,2018,,,
MDG,MG,Madagascar,Sub-Saharan Africa,Low income,2019,,,
MDG,MG,Madagascar,Sub-Saharan Africa,Low income,2020,,,
MDG,MG,Madagascar,Sub-Saharan Africa,Low income,2021,,,
MDG,MG,Madagascar,Sub-Saharan Africa,Low income,2022,,,
MDG,MG,Madagascar,Sub-Saharan Africa,Low income,2023,,,
MDG,MG,Madagascar,Sub-Saharan Africa,Low income,2024,,,
MDV,MV,Maldives,South Asia,Upper middle income,2000,,,
MDV,MV,Maldives,South Asia,Upper middle income,2001,,,
MDV,MV,Maldives,South Asia,Upper middle income,2002,,,
MDV,MV,Maldives,South Asia,Upper middle income,2003,,,
MDV,MV,Maldives,South Asia,Upper middle income,2004,,,
MDV,MV,Maldives,South Asia,Upper middle income,2005,,,
MDV,MV,Maldives,South Asia,Upper middle income,2006,,,
MDV,MV,Maldives,South Asia,Upper middle income,2007,,,
MDV,MV,Maldives,South Asia,Upper middle income,2008,,,
MDV,MV,Maldives,South Asia,Upper middle income,2009,,,
MDV,MV,Maldives,South Asia,Upper middle income,2010,,,
MDV,MV,Maldives,South Asia,Upper middle income,2011,,,
MDV,MV,Maldives,South Asia,Upper middle income,2012,,,
MDV,MV,Maldives,South Asia,Upper middle income,2013,,,
MDV,MV,Maldives,South Asia,Upper middle income,2014,,,
MDV,MV,Maldives,South Asia,Upper middle income,2015,,,
MDV,MV,Maldives,South Asia,Upper middle income,2016,,,
MDV,MV,Maldives,South Asia,Upper middle income,2017,,,
MDV,MV,Maldives,South Asia,Upper middle income,2018,,,
MDV,MV,Maldives,South Asia,Upper middle income,2019,,,
MDV,MV,Maldives,South Asia,Upper middle income,2020,,,
MDV,MV,Maldives,South Asia,Upper middle income,2021,,,
MDV,MV,Maldives,South Asia,Upper middle income,2022,,,
MDV,MV,Maldives,South Asia,Upper middle income,2023,,,
MDV,MV,Maldives,South Asia,Upper middle income,2024,,,
MEX,MX,Mexico,Latin America & Caribbean,Upper middle income,2000,,,
MEX,MX,Mexico,Latin America & Caribbean,Upper middle income,2001,,,
MEX,MX,Mexico,Latin America & Caribbean,Upper middle income,2002,,,
MEX,MX,Mexico,Latin America & Caribbean,Upper middle income,2003,,,
MEX,MX,Mexico,Latin America & Caribbean,Upper middle income,2004,,,
MEX,MX,Mexico,Latin America & Caribbean,Upper middle income,2005,,,
MEX,MX,Mexico,Latin America & Caribbean,Upper middle income,2006,,,
MEX,MX,Mexico,Latin America & Caribbean,Upper middle income,2007,,,
MEX,MX,Mexico,Latin America & Caribbean,Upper middle income,2008,,,
MEX,MX,Mexico,Latin America & Caribbean,Upper middle income,2009,,,
MEX,MX,Mexico,Latin America & Caribbean,Upper middle income,2010,,,
MEX,MX,Mexico,Latin America & Caribbean,Upper middle income,2011,,,
MEX,MX,Mexico,Latin America & Caribbean,Upper middle income,2012,,,
MEX,MX,Mexico,Latin America & Caribbean,Upper middle income,2013,,,
MEX,MX,Mexico,Latin America & Caribbean,Upper middle income,2014,,,
MEX,MX,Mexico,Latin America & Caribbean,Upper middle income,2015,,,
MEX,MX,Mexico,Latin America & Caribbean,Upper middle income,2016,,,
MEX,MX,Mexico,Latin America & Caribbean,Upper middle income,2017,,,
MEX,MX,Mexico,Latin America & Caribbean,Upper middle income,2018,,,
MEX,MX,Mexico,Latin America & Caribbean,Upper middle income,2019,,,
MEX,MX,Mexico,Latin America & Caribbean,Upper middle income,2020,,,
MEX,MX,Mexico,Latin America & Caribbean,Upper middle income,2021,,,
MEX,MX,Mexico,Latin America & Caribbean,Upper middle income,2022,,,
MEX,MX,Mexico,Latin America & Caribbean,Upper middle income,2023,,,
MEX,MX,Mexico,Latin America & Caribbean,Upper middle income,2024,,,
MHL,MH,Marshall Islands,East Asia & Pacific,Upper middle income,2000,,,
MHL,MH,Marshall Islands,East Asia & Pacific,Upper middle income,2001,,,
MHL,MH,Marshall Islands,East Asia & Pacific,Upper middle income,2002,,,
MHL,MH,Marshall Islands,East Asia & Pacific,Upper middle income,2003,,,
MHL,MH,Marshall Islands,East Asia & Pacific,Upper middle income,2004,,,
MHL,MH,Marshall Islands,East Asia & Pacific,Upper middle income,2005,,,
MHL,MH,Marshall Islands,East Asia & Pacific,Upper middle income,2006,,,
MHL,MH,Marshall Islands,East Asia & Pacific,Upper middle income,2007,,,
MHL,MH,Marshall Islands,East Asia & Pacific,Upper middle income,2008,,,
MHL,MH,Marshall Islands,East Asia & Pacific,Upper middle income,2009,,,
MHL,MH,Marshall Islands,East Asia & Pacific,Upper middle income,2010,,,
MHL,MH,Marshall Islands,East Asia & Pacific,Upper middle income,2011,,,
MHL,MH,Marshall Islands,East Asia & Pacific,Upper middle income,2012,,,
MHL,MH,Marshall Islands,East Asia & Pacific,Upper middle income,2013,,,
MHL,MH,Marshall Islands,East Asia & Pacific,Upper middle income,2014,,,
MHL,MH,Marshall Islands,East Asia & Pacific,Upper middle income,2015,,,
MHL,MH,Marshall Islands,East Asia & Pacific,Upper middle income,2016,,,
MHL,MH,Marshall Islands,East Asia & Pacific,Upper middle income,2017,,,
MHL,MH,Marshall Islands,East Asia & Pacific,Upper middle income,2018,,,
MHL,MH,Marshall Islands,East Asia & Pacific,Upper middle income,2019,,,
MHL,MH,Marshall Islands,East Asia & Pacific,Upper middle income,2020,,,
MHL,MH,Marshall Islands,East Asia & Pacific,Upper middle income,2021,,,
MHL,MH,Marshall Islands,East Asia & Pacific,Upper middle income,2022,,,
MHL,MH,Marshall Islands,East Asia & Pacific,Upper middle income,2023,,,
MHL,MH,Marshall Islands,East Asia & Pacific,Upper middle income,2024,,,
MKD,MK,North Macedonia,Europe & Central Asia,Upper middle income,2000,,,
MKD,MK,North Macedonia,Europe & Central Asia,Upper middle income,2001,72.0,1.0,4.290459441148391
MKD,MK,North Macedonia,Europe & Central Asia,Upper middle income,2002,,,
MKD,MK,North Macedonia,Europe & Central Asia,Upper middle income,2003,,,
MKD,MK,North Macedonia,Europe & Central Asia,Upper middle income,2004,,,
MKD,MK,North Macedonia,Europe & Central Asia,Upper middle income,2005,,,
MKD,MK,North Macedonia,Europe & Central Asia,Upper middle income,2006,,,
MKD,MK,North Macedonia,Europe & Central Asia,Upper middle income,2007,,,
MKD,MK,North Macedonia,Europe & Central Asia,Upper middle income,2008,,,
MKD,MK,North Macedonia,Europe & Central Asia,Upper middle income,2009,,,
MKD,MK,North Macedonia,Europe & Central Asia,Upper middle income,2010,,,
MKD,MK,North Macedonia,Europe & Central Asia,Upper middle income,2011,,,
MKD,MK,North Macedonia,Europe & Central Asia,Upper middle income,2012,,,
MKD,MK,North Macedonia,Europe & Central Asia,Upper middle income,2013,,,
MKD,MK,North Macedonia,Europe & Central Asia,Upper middle income,2014,,,
MKD,MK,North Macedonia,Europe & Central Asia,Upper middle income,2015,,,
MKD,MK,North Macedonia,Europe & Central Asia,Upper middle income,2016,,,
MKD,MK,North Macedonia,Europe & Central Asia,Upper middle income,2017,,,
MKD,MK,North Macedonia,Europe & Central Asia,Upper middle income,2018,,,
MKD,MK,North Macedonia,Europe & Central Asia,Upper middle income,2019,,,
MKD,MK,North Macedonia,Europe & Central Asia,Upper middle income,2020,,,
MKD,MK,North Macedonia,Europe & Central Asia,Upper middle income,2021,,,
MKD,MK,North Macedonia,Europe & Central Asia,Upper middle income,2022,,,
MKD,MK,North Macedonia,Europe & Central Asia,Upper middle income,2023,,,
MKD,MK,North Macedonia,Europe & Central Asia,Upper middle income,2024,,,
MLI,ML,Mali,Sub-Saharan Africa,Low income,2000,,,
MLI,ML,Mali,Sub-Saharan Africa,Low income,2001,,,
MLI,ML,Mali,Sub-Saharan Africa,Low income,2002,,,
MLI,ML,Mali,Sub-Saharan Africa,Low income,2003,,,
MLI,ML,Mali,Sub-Saharan Africa,Low income,2004,,,
MLI,ML,Mali,Sub-Saharan Africa,Low income,2005,12.0,1.0,2.5649493574615367
MLI,ML,Mali,Sub-Saharan Africa,Low income,2006,,,
MLI,ML,Mali,Sub-Saharan Africa,Low income,2007,39.0,1.0,3.6888794541139363
MLI,ML,Mali,Sub-Saharan Africa,Low income,2008,112.0,1.0,4.727387818712341
MLI,ML,Mali,Sub-Saharan Africa,Low income,2009,126.0,1.0,4.844187086458591
MLI,ML,Mali,Sub-Saharan Africa,Low income,2010,28.0,1.0,3.367295829986474
MLI,ML,Mali,Sub-Saharan Africa,Low income,2011,,,
MLI,ML,Mali,Sub-Saharan Africa,Low income,2012,218.0,1.0,5.389071729816501
MLI,ML,Mali,Sub-Saharan Africa,Low income,2013,805.0,1.0,6.692083742506628
MLI,ML,Mali,Sub-Saharan Africa,Low income,2014,189.0,1.0,5.247024072160486
MLI,ML,Mali,Sub-Saharan Africa,Low income,2015,172.0,1.0,5.153291594497779
MLI,ML,Mali,Sub-Saharan Africa,Low income,2016,97.0,1.0,4.584967478670572
MLI,ML,Mali,Sub-Saharan Africa,Low income,2017,359.0,1.0,5.886104031450156
MLI,ML,Mali,Sub-Saharan Africa,Low income,2018,521.0,1.0,6.257667587882639
MLI,ML,Mali,Sub-Saharan Africa,Low income,2019,603.0,1.0,6.403574197934815
MLI,ML,Mali,Sub-Saharan Africa,Low income,2020,583.0,1.0,6.369900982828227
MLI,ML,Mali,Sub-Saharan Africa,Low income,2021,726.0,1.0,6.588926477533519
MLI,ML,Mali,Sub-Saharan Africa,Low income,2022,1440.0,1.0,7.273092595999522
MLI,ML,Mali,Sub-Saharan Africa,Low income,2023,1238.0,1.0,7.122059881629142
MLI,ML,Mali,Sub-Saharan Africa,Low income,2024,1008.0,1.0,6.9167150203536085
MLT,MT,Malta,"Middle East, North Africa, Afghanistan & Pakistan",High income,2000,,,
MLT,MT,Malta,"Middle East, North Africa, Afghanistan & Pakistan",High income,2001,,,
MLT,MT,Malta,"Middle East, North Africa, Afghanistan & Pakistan",High income,2002,,,
MLT,MT,Malta,"Middle East, North Africa, Afghanistan & Pakistan",High income,2003,,,
MLT,MT,Malta,"Middle East, North Africa, Afghanistan & Pakistan",High income,2004,,,
MLT,MT,Malta,"Middle East, North Africa, Afghanistan & Pakistan",High income,2005,,,
MLT,MT,Malta,"Middle East, North Africa, Afghanistan & Pakistan",High income,2006,,,
MLT,MT,Malta,"Middle East, North Africa, Afghanistan & Pakistan",High income,2007,,,
MLT,MT,Malta,"Middle East, North Africa, Afghanistan & Pakistan",High income,2008,,,
MLT,MT,Malta,"Middle East, North Africa, Afghanistan & Pakistan",High income,2009,,,
MLT,MT,Malta,"Middle East, North Africa, Afghanistan & Pakistan",High income,2010,,,
MLT,MT,Malta,"Middle East, North Africa, Afghanistan & Pakistan",High income,2011,,,
MLT,MT,Malta,"Middle East, North Africa, Afghanistan & Pakistan",High income,2012,,,
MLT,MT,Malta,"Middle East, North Africa, Afghanistan & Pakistan",High income,2013,,,
MLT,MT,Malta,"Middle East, North Africa, Afghanistan & Pakistan",High income,2014,,,
MLT,MT,Malta,"Middle East, North Africa, Afghanistan & Pakistan",High income,2015,,,
MLT,MT,Malta,"Middle East, North Africa, Afghanistan & Pakistan",High income,2016,,,
MLT,MT,Malta,"Middle East, North Africa, Afghanistan & Pakistan",High income,2017,,,
MLT,MT,Malta,"Middle East, North Africa, Afghanistan & Pakistan",High income,2018,,,
MLT,MT,Malta,"Middle East, North Africa, Afghanistan & Pakistan",High income,2019,,,
MLT,MT,Malta,"Middle East, North Africa, Afghanistan & Pakistan",High income,2020,,,
MLT,MT,Malta,"Middle East, North Africa, Afghanistan & Pakistan",High income,2021,,,
MLT,MT,Malta,"Middle East, North Africa, Afghanistan & Pakistan",High income,2022,,,
MLT,MT,Malta,"Middle East, North Africa, Afghanistan & Pakistan",High income,2023,,,
MLT,MT,Malta,"Middle East, North Africa, Afghanistan & Pakistan",High income,2024,,,
MMR,MM,Myanmar,East Asia & Pacific,Lower middle income,2000,215.0,1.0,5.375278407684165
MMR,MM,Myanmar,East Asia & Pacific,Lower middle income,2001,193.0,1.0,5.267858159063328
MMR,MM,Myanmar,East Asia & Pacific,Lower middle income,2002,271.0,1.0,5.605802066295998
MMR,MM,Myanmar,East Asia & Pacific,Lower middle income,2003,38.0,1.0,3.6635616461296463
MMR,MM,Myanmar,East Asia & Pacific,Lower middle income,2004,27.0,1.0,3.332204510175204
MMR,MM,Myanmar,East Asia & Pacific,Lower middle income,2005,139.0,1.0,4.941642422609304
MMR,MM,Myanmar,East Asia & Pacific,Lower middle income,2006,244.0,1.0,5.501258210544727
MMR,MM,Myanmar,East Asia & Pacific,Lower middle income,2007,348.0,1.0,5.855071922202427
MMR,MM,Myanmar,East Asia & Pacific,Lower middle income,2008,46.0,1.0,3.8501476017100584
MMR,MM,Myanmar,East Asia & Pacific,Lower middle income,2009,193.0,1.0,5.267858159063328
MMR,MM,Myanmar,East Asia & Pacific,Lower middle income,2010,150.0,1.0,5.017279836814924
MMR,MM,Myanmar,East Asia & Pacific,Lower middle income,2011,713.0,1.0,6.570882962339584
MMR,MM,Myanmar,East Asia & Pacific,Lower middle income,2012,702.0,1.0,6.555356891810665
MMR,MM,Myanmar,East Asia & Pacific,Lower middle income,2013,278.0,1.0,5.631211781821365
MMR,MM,Myanmar,East Asia & Pacific,Lower middle income,2014,187.0,1.0,5.236441962829949
MMR,MM,Myanmar,East Asia & Pacific,Lower middle income,2015,629.0,1.0,6.4457198193855785
MMR,MM,Myanmar,East Asia & Pacific,Lower middle income,2016,118.0,1.0,4.77912349311153
MMR,MM,Myanmar,East Asia & Pacific,Lower middle income,2017,517.0,1.0,6.249975242259483
MMR,MM,Myanmar,East Asia & Pacific,Lower middle income,2018,99.0,1.0,4.605170185988092
MMR,MM,Myanmar,East Asia & Pacific,Lower middle income,2019,558.0,1.0,6.326149473155099
MMR,MM,Myanmar,East Asia & Pacific,Lower middle income,2020,168.0,1.0,5.1298987149230735
MMR,MM,Myanmar,East Asia & Pacific,Lower middle income,2021,1031.0,1.0,6.939253946041508
MMR,MM,Myanmar,East Asia & Pacific,Lower middle income,2022,2036.0,1.0,7.619233416226805
MMR,MM,Myanmar,East Asia & Pacific,Lower middle income,2023,2439.0,1.0,7.799753318287247
MMR,MM,Myanmar,East Asia & Pacific,Lower middle income,2024,2332.0,1.0,7.75491027202143
MNE,ME,Montenegro,Europe & Central Asia,Upper middle income,2000,,,
MNE,ME,Montenegro,Europe & Central Asia,Upper middle income,2001,,,
MNE,ME,Montenegro,Europe & Central Asia,Upper middle income,2002,,,
MNE,ME,Montenegro,Europe & Central Asia,Upper middle income,2003,,,
MNE,ME,Montenegro,Europe & Central Asia,Upper middle income,2004,,,
MNE,ME,Montenegro,Europe & Central Asia,Upper middle income,2005,,,
MNE,ME,Montenegro,Europe & Central Asia,Upper middle income,2006,,,
MNE,ME,Montenegro,Europe & Central Asia,Upper middle income,2007,,,
MNE,ME,Montenegro,Europe & Central Asia,Upper middle income,2008,,,
MNE,ME,Montenegro,Europe & Central Asia,Upper middle income,2009,,,
MNE,ME,Montenegro,Europe & Central Asia,Upper middle income,2010,,,
MNE,ME,Montenegro,Europe & Central Asia,Upper middle income,2011,,,
MNE,ME,Montenegro,Europe & Central Asia,Upper middle income,2012,,,
MNE,ME,Montenegro,Europe & Central Asia,Upper middle income,2013,,,
MNE,ME,Montenegro,Europe & Central Asia,Upper middle income,2014,,,
MNE,ME,Montenegro,Europe & Central Asia,Upper middle income,2015,,,
MNE,ME,Montenegro,Europe & Central Asia,Upper middle income,2016,,,
MNE,ME,Montenegro,Europe & Central Asia,Upper middle income,2017,,,
MNE,ME,Montenegro,Europe & Central Asia,Upper middle income,2018,,,
MNE,ME,Montenegro,Europe & Central Asia,Upper middle income,2019,,,
MNE,ME,Montenegro,Europe & Central Asia,Upper middle income,2020,,,
MNE,ME,Montenegro,Europe & Central Asia,Upper middle income,2021,,,
MNE,ME,Montenegro,Europe & Central Asia,Upper middle income,2022,,,
MNE,ME,Montenegro,Europe & Central Asia,Upper middle income,2023,,,
MNE,ME,Montenegro,Europe & Central Asia,Upper middle income,2024,,,
MNG,MN,Mongolia,East Asia & Pacific,Upper middle income,2000,,,
MNG,MN,Mongolia,East Asia & Pacific,Upper middle income,2001,,,
MNG,MN,Mongolia,East Asia & Pacific,Upper middle income,2002,,,
MNG,MN,Mongolia,East Asia & Pacific,Upper middle income,2003,,,
MNG,MN,Mongolia,East Asia & Pacific,Upper middle income,2004,,,
MNG,MN,Mongolia,East Asia & Pacific,Upper middle income,2005,,,
MNG,MN,Mongolia,East Asia & Pacific,Upper middle income,2006,,,
MNG,MN,Mongolia,East Asia & Pacific,Upper middle income,2007,,,
MNG,MN,Mongolia,East Asia & Pacific,Upper middle income,2008,,,
MNG,MN,Mongolia,East Asia & Pacific,Upper middle income,2009,,,
MNG,MN,Mongolia,East Asia & Pacific,Upper middle income,2010,,,
MNG,MN,Mongolia,East Asia & Pacific,Upper middle income,2011,,,
MNG,MN,Mongolia,East Asia & Pacific,Upper middle income,2012,,,
MNG,MN,Mongolia,East Asia & Pacific,Upper middle income,2013,,,
MNG,MN,Mongolia,East Asia & Pacific,Upper middle income,2014,,,
MNG,MN,Mongolia,East Asia & Pacific,Upper middle income,2015,,,
MNG,MN,Mongolia,East Asia & Pacific,Upper middle income,2016,,,
MNG,MN,Mongolia,East Asia & Pacific,Upper middle income,2017,,,
MNG,MN,Mongolia,East Asia & Pacific,Upper middle income,2018,,,
MNG,MN,Mongolia,East Asia & Pacific,Upper middle income,2019,,,
MNG,MN,Mongolia,East Asia & Pacific,Upper middle income,2020,,,
MNG,MN,Mongolia,East Asia & Pacific,Upper middle income,2021,,,
MNG,MN,Mongolia,East Asia & Pacific,Upper middle income,2022,,,
MNG,MN,Mongolia,East Asia & Pacific,Upper middle income,2023,,,
MNG,MN,Mongolia,East Asia & Pacific,Upper middle income,2024,,,
MNP,MP,Northern Mariana Islands,East Asia & Pacific,High income,2000,,,
MNP,MP,Northern Mariana Islands,East Asia & Pacific,High income,2001,,,
MNP,MP,Northern Mariana Islands,East Asia & Pacific,High income,2002,,,
MNP,MP,Northern Mariana Islands,East Asia & Pacific,High income,2003,,,
MNP,MP,Northern Mariana Islands,East Asia & Pacific,High income,2004,,,
MNP,MP,Northern Mariana Islands,East Asia & Pacific,High income,2005,,,
MNP,MP,Northern Mariana Islands,East Asia & Pacific,High income,2006,,,
MNP,MP,Northern Mariana Islands,East Asia & Pacific,High income,2007,,,
MNP,MP,Northern Mariana Islands,East Asia & Pacific,High income,2008,,,
MNP,MP,Northern Mariana Islands,East Asia & Pacific,High income,2009,,,
MNP,MP,Northern Mariana Islands,East Asia & Pacific,High income,2010,,,
MNP,MP,Northern Mariana Islands,East Asia & Pacific,High income,2011,,,
MNP,MP,Northern Mariana Islands,East Asia & Pacific,High income,2012,,,
MNP,MP,Northern Mariana Islands,East Asia & Pacific,High income,2013,,,
MNP,MP,Northern Mariana Islands,East Asia & Pacific,High income,2014,,,
MNP,MP,Northern Mariana Islands,East Asia & Pacific,High income,2015,,,
MNP,MP,Northern Mariana Islands,East Asia & Pacific,High income,2016,,,
MNP,MP,Northern Mariana Islands,East Asia & Pacific,High income,2017,,,
MNP,MP,Northern Mariana Islands,East Asia & Pacific,High income,2018,,,
MNP,MP,Northern Mariana Islands,East Asia & Pacific,High income,2019,,,
MNP,MP,Northern Mariana Islands,East Asia & Pacific,High income,2020,,,
MNP,MP,Northern Mariana Islands,East Asia & Pacific,High income,2021,,,
MNP,MP,Northern Mariana Islands,East Asia & Pacific,High income,2022,,,
MNP,MP,Northern Mariana Islands,East Asia & Pacific,High income,2023,,,
MNP,MP,Northern Mariana Islands,East Asia & Pacific,High income,2024,,,
MOZ,MZ,Mozambique,Sub-Saharan Africa,Low income,2000,,,
MOZ,MZ,Mozambique,Sub-Saharan Africa,Low income,2001,,,
MOZ,MZ,Mozambique,Sub-Saharan Africa,Low income,2002,,,
MOZ,MZ,Mozambique,Sub-Saharan Africa,Low income,2003,,,
MOZ,MZ,Mozambique,Sub-Saharan Africa,Low income,2004,,,
MOZ,MZ,Mozambique,Sub-Saharan Africa,Low income,2005,,,
MOZ,MZ,Mozambique,Sub-Saharan Africa,Low income,2006,,,
MOZ,MZ,Mozambique,Sub-Saharan Africa,Low income,2007,,,
MOZ,MZ,Mozambique,Sub-Saharan Africa,Low income,2008,,,
MOZ,MZ,Mozambique,Sub-Saharan Africa,Low income,2009,,,
MOZ,MZ,Mozambique,Sub-Saharan Africa,Low income,2010,,,
MOZ,MZ,Mozambique,Sub-Saharan Africa,Low income,2011,,,
MOZ,MZ,Mozambique,Sub-Saharan Africa,Low income,2012,,,
MOZ,MZ,Mozambique,Sub-Saharan Africa,Low income,2013,42.0,1.0,3.7612001156935624
MOZ,MZ,Mozambique,Sub-Saharan Africa,Low income,2014,30.0,1.0,3.4339872044851463
MOZ,MZ,Mozambique,Sub-Saharan Africa,Low income,2015,,,
MOZ,MZ,Mozambique,Sub-Saharan Africa,Low income,2016,55.0,1.0,4.02535169073515
MOZ,MZ,Mozambique,Sub-Saharan Africa,Low income,2017,,,
MOZ,MZ,Mozambique,Sub-Saharan Africa,Low income,2018,51.0,1.0,3.9512437185814275
MOZ,MZ,Mozambique,Sub-Saharan Africa,Low income,2019,291.0,1.0,5.676753802268282
MOZ,MZ,Mozambique,Sub-Saharan Africa,Low income,2020,939.0,1.0,6.84587987526405
MOZ,MZ,Mozambique,Sub-Saharan Africa,Low income,2021,867.0,1.0,6.7661917146603505
MOZ,MZ,Mozambique,Sub-Saharan Africa,Low income,2022,378.0,1.0,5.937536205082426
MOZ,MZ,Mozambique,Sub-Saharan Africa,Low income,2023,176.0,1.0,5.176149732573829
MOZ,MZ,Mozambique,Sub-Saharan Africa,Low income,2024,151.0,1.0,5.0238805208462765
MRT,MR,Mauritania,Sub-Saharan Africa,Lower middle income,2000,,,
MRT,MR,Mauritania,Sub-Saharan Africa,Lower middle income,2001,,,
MRT,MR,Mauritania,Sub-Saharan Africa,Lower middle income,2002,,,
MRT,MR,Mauritania,Sub-Saharan Africa,Lower middle income,2003,,,
MRT,MR,Mauritania,Sub-Saharan Africa,Lower middle income,2004,,,
MRT,MR,Mauritania,Sub-Saharan Africa,Lower middle income,2005,,,
MRT,MR,Mauritania,Sub-Saharan Africa,Lower middle income,2006,,,
MRT,MR,Mauritania,Sub-Saharan Africa,Lower middle income,2007,,,
MRT,MR,Mauritania,Sub-Saharan Africa,Lower middle income,2008,,,
MRT,MR,Mauritania,Sub-Saharan Africa,Lower middle income,2009,,,
MRT,MR,Mauritania,Sub-Saharan Africa,Lower middle income,2010,1.0,1.0,0.6931471805599453
MRT,MR,Mauritania,Sub-Saharan Africa,Lower middle income,2011,,,
MRT,MR,Mauritania,Sub-Saharan Africa,Lower middle income,2012,,,
MRT,MR,Mauritania,Sub-Saharan Africa,Lower middle income,2013,,,
MRT,MR,Mauritania,Sub-Saharan Africa,Lower middle income,2014,,,
MRT,MR,Mauritania,Sub-Saharan Africa,Lower middle income,2015,,,
MRT,MR,Mauritania,Sub-Saharan Africa,Lower middle income,2016,,,
MRT,MR,Mauritania,Sub-Saharan Africa,Lower middle income,2017,,,
MRT,MR,Mauritania,Sub-Saharan Africa,Lower middle income,2018,,,
MRT,MR,Mauritania,Sub-Saharan Africa,Lower middle income,2019,,,
MRT,MR,Mauritania,Sub-Saharan Africa,Lower middle income,2020,,,
MRT,MR,Mauritania,Sub-Saharan Africa,Lower middle income,2021,,,
MRT,MR,Mauritania,Sub-Saharan Africa,Lower middle income,2022,,,
MRT,MR,Mauritania,Sub-Saharan Africa,Lower middle income,2023,,,
MRT,MR,Mauritania,Sub-Saharan Africa,Lower middle income,2024,3.0,1.0,1.3862943611198906
MUS,MU,Mauritius,Sub-Saharan Africa,Upper middle income,2000,,,
MUS,MU,Mauritius,Sub-Saharan Africa,Upper middle income,2001,,,
MUS,MU,Mauritius,Sub-Saharan Africa,Upper middle income,2002,,,
MUS,MU,Mauritius,Sub-Saharan Africa,Upper middle income,2003,,,
MUS,MU,Mauritius,Sub-Saharan Africa,Upper middle income,2004,,,
MUS,MU,Mauritius,Sub-Saharan Africa,Upper middle income,2005,,,
MUS,MU,Mauritius,Sub-Saharan Africa,Upper middle income,2006,,,
MUS,MU,Mauritius,Sub-Saharan Africa,Upper middle income,2007,,,
MUS,MU,Mauritius,Sub-Saharan Africa,Upper middle income,2008,,,
MUS,MU,Mauritius,Sub-Saharan Africa,Upper middle income,2009,,,
MUS,MU,Mauritius,Sub-Saharan Africa,Upper middle income,2010,,,
MUS,MU,Mauritius,Sub-Saharan Africa,Upper middle income,2011,,,
MUS,MU,Mauritius,Sub-Saharan Africa,Upper middle income,2012,,,
MUS,MU,Mauritius,Sub-Saharan Africa,Upper middle income,2013,,,
MUS,MU,Mauritius,Sub-Saharan Africa,Upper middle income,2014,,,
MUS,MU,Mauritius,Sub-Saharan Africa,Upper middle income,2015,,,
MUS,MU,Mauritius,Sub-Saharan Africa,Upper middle income,2016,,,
MUS,MU,Mauritius,Sub-Saharan Africa,Upper middle income,2017,,,
MUS,MU,Mauritius,Sub-Saharan Africa,Upper middle income,2018,,,
MUS,MU,Mauritius,Sub-Saharan Africa,Upper middle income,2019,,,
MUS,MU,Mauritius,Sub-Saharan Africa,Upper middle income,2020,,,
MUS,MU,Mauritius,Sub-Saharan Africa,Upper middle income,2021,,,
MUS,MU,Mauritius,Sub-Saharan Africa,Upper middle income,2022,,,
MUS,MU,Mauritius,Sub-Saharan Africa,Upper middle income,2023,,,
MUS,MU,Mauritius,Sub-Saharan Africa,Upper middle income,2024,,,
MWI,MW,Malawi,Sub-Saharan Africa,Low income,2000,,,
MWI,MW,Malawi,Sub-Saharan Africa,Low income,2001,,,
MWI,MW,Malawi,Sub-Saharan Africa,Low income,2002,,,
MWI,MW,Malawi,Sub-Saharan Africa,Low income,2003,,,
MWI,MW,Malawi,Sub-Saharan Africa,Low income,2004,,,
MWI,MW,Malawi,Sub-Saharan Africa,Low income,2005,,,
MWI,MW,Malawi,Sub-Saharan Africa,Low income,2006,,,
MWI,MW,Malawi,Sub-Saharan Africa,Low income,2007,,,
MWI,MW,Malawi,Sub-Saharan Africa,Low income,2008,,,
MWI,MW,Malawi,Sub-Saharan Africa,Low income,2009,,,
MWI,MW,Malawi,Sub-Saharan Africa,Low income,2010,,,
MWI,MW,Malawi,Sub-Saharan Africa,Low income,2011,,,
MWI,MW,Malawi,Sub-Saharan Africa,Low income,2012,,,
MWI,MW,Malawi,Sub-Saharan Africa,Low income,2013,,,
MWI,MW,Malawi,Sub-Saharan Africa,Low income,2014,,,
MWI,MW,Malawi,Sub-Saharan Africa,Low income,2015,,,
MWI,MW,Malawi,Sub-Saharan Africa,Low income,2016,,,
MWI,MW,Malawi,Sub-Saharan Africa,Low income,2017,,,
MWI,MW,Malawi,Sub-Saharan Africa,Low income,2018,,,
MWI,MW,Malawi,Sub-Saharan Africa,Low income,2019,,,
MWI,MW,Malawi,Sub-Saharan Africa,Low income,2020,,,
MWI,MW,Malawi,Sub-Saharan Africa,Low income,2021,,,
MWI,MW,Malawi,Sub-Saharan Africa,Low income,2022,,,
MWI,MW,Malawi,Sub-Saharan Africa,Low income,2023,,,
MWI,MW,Malawi,Sub-Saharan Africa,Low income,2024,,,
MYS,MY,Malaysia,East Asia & Pacific,Upper middle income,2000,,,
MYS,MY,Malaysia,East Asia & Pacific,Upper middle income,2001,,,
MYS,MY,Malaysia,East Asia & Pacific,Upper middle income,2002,,,
MYS,MY,Malaysia,East Asia & Pacific,Upper middle income,2003,,,
MYS,MY,Malaysia,East Asia & Pacific,Upper middle income,2004,,,
MYS,MY,Malaysia,East Asia & Pacific,Upper middle income,2005,,,
MYS,MY,Malaysia,East Asia & Pacific,Upper middle income,2006,,,
MYS,MY,Malaysia,East Asia & Pacific,Upper middle income,2007,,,
MYS,MY,Malaysia,East Asia & Pacific,Upper middle income,2008,,,
MYS,MY,Malaysia,East Asia & Pacific,Upper middle income,2009,,,
MYS,MY,Malaysia,East Asia & Pacific,Upper middle income,2010,,,
MYS,MY,Malaysia,East Asia & Pacific,Upper middle income,2011,,,
MYS,MY,Malaysia,East Asia & Pacific,Upper middle income,2012,,,
MYS,MY,Malaysia,East Asia & Pacific,Upper middle income,2013,70.0,1.0,4.2626798770413155
MYS,MY,Malaysia,East Asia & Pacific,Upper middle income,2014,,,
MYS,MY,Malaysia,East Asia & Pacific,Upper middle income,2015,,,
MYS,MY,Malaysia,East Asia & Pacific,Upper middle income,2016,,,
MYS,MY,Malaysia,East Asia & Pacific,Upper middle income,2017,1.0,1.0,0.6931471805599453
MYS,MY,Malaysia,East Asia & Pacific,Upper middle income,2018,,,
MYS,MY,Malaysia,East Asia & Pacific,Upper middle income,2019,,,
MYS,MY,Malaysia,East Asia & Pacific,Upper middle income,2020,,,
MYS,MY,Malaysia,East Asia & Pacific,Upper middle income,2021,,,
MYS,MY,Malaysia,East Asia & Pacific,Upper middle income,2022,,,
MYS,MY,Malaysia,East Asia & Pacific,Upper middle income,2023,,,
MYS,MY,Malaysia,East Asia & Pacific,Upper middle income,2024,,,
NAM,NA,Namibia,Sub-Saharan Africa,Lower middle income,2000,54.0,1.0,4.007333185232471
NAM,NA,Namibia,Sub-Saharan Africa,Lower middle income,2001,,,
NAM,NA,Namibia,Sub-Saharan Africa,Lower middle income,2002,,,
NAM,NA,Namibia,Sub-Saharan Africa,Lower middle income,2003,,,
NAM,NA,Namibia,Sub-Saharan Africa,Lower middle income,2004,,,
NAM,NA,Namibia,Sub-Saharan Africa,Lower middle income,2005,,,
NAM,NA,Namibia,Sub-Saharan Africa,Lower middle income,2006,,,
NAM,NA,Namibia,Sub-Saharan Africa,Lower middle income,2007,,,
NAM,NA,Namibia,Sub-Saharan Africa,Lower middle income,2008,,,
NAM,NA,Namibia,Sub-Saharan Africa,Lower middle income,2009,,,
NAM,NA,Namibia,Sub-Saharan Africa,Lower middle income,2010,,,
NAM,NA,Namibia,Sub-Saharan Africa,Lower middle income,2011,,,
NAM,NA,Namibia,Sub-Saharan Africa,Lower middle income,2012,,,
NAM,NA,Namibia,Sub-Saharan Africa,Lower middle income,2013,,,
NAM,NA,Namibia,Sub-Saharan Africa,Lower middle income,2014,,,
NAM,NA,Namibia,Sub-Saharan Africa,Lower middle income,2015,,,
NAM,NA,Namibia,Sub-Saharan Africa,Lower middle income,2016,,,
NAM,NA,Namibia,Sub-Saharan Africa,Lower middle income,2017,,,
NAM,NA,Namibia,Sub-Saharan Africa,Lower middle income,2018,,,
NAM,NA,Namibia,Sub-Saharan Africa,Lower middle income,2019,,,
NAM,NA,Namibia,Sub-Saharan Africa,Lower middle income,2020,,,
NAM,NA,Namibia,Sub-Saharan Africa,Lower middle income,2021,,,
NAM,NA,Namibia,Sub-Saharan Africa,Lower middle income,2022,,,
NAM,NA,Namibia,Sub-Saharan Africa,Lower middle income,2023,,,
NAM,NA,Namibia,Sub-Saharan Africa,Lower middle income,2024,,,
NCL,NC,New Caledonia,East Asia & Pacific,High income,2000,,,
NCL,NC,New Caledonia,East Asia & Pacific,High income,2001,,,
NCL,NC,New Caledonia,East Asia & Pacific,High income,2002,,,
NCL,NC,New Caledonia,East Asia & Pacific,High income,2003,,,
NCL,NC,New Caledonia,East Asia & Pacific,High income,2004,,,
NCL,NC,New Caledonia,East Asia & Pacific,High income,2005,,,
NCL,NC,New Caledonia,East Asia & Pacific,High income,2006,,,
NCL,NC,New Caledonia,East Asia & Pacific,High income,2007,,,
NCL,NC,New Caledonia,East Asia & Pacific,High income,2008,,,
NCL,NC,New Caledonia,East Asia & Pacific,High income,2009,,,
NCL,NC,New Caledonia,East Asia & Pacific,High income,2010,,,
NCL,NC,New Caledonia,East Asia & Pacific,High income,2011,,,
NCL,NC,New Caledonia,East Asia & Pacific,High income,2012,,,
NCL,NC,New Caledonia,East Asia & Pacific,High income,2013,,,
NCL,NC,New Caledonia,East Asia & Pacific,High income,2014,,,
NCL,NC,New Caledonia,East Asia & Pacific,High income,2015,,,
NCL,NC,New Caledonia,East Asia & Pacific,High income,2016,,,
NCL,NC,New Caledonia,East Asia & Pacific,High income,2017,,,
NCL,NC,New Caledonia,East Asia & Pacific,High income,2018,,,
NCL,NC,New Caledonia,East Asia & Pacific,High income,2019,,,
NCL,NC,New Caledonia,East Asia & Pacific,High income,2020,,,
NCL,NC,New Caledonia,East Asia & Pacific,High income,2021,,,
NCL,NC,New Caledonia,East Asia & Pacific,High income,2022,,,
NCL,NC,New Caledonia,East Asia & Pacific,High income,2023,,,
NCL,NC,New Caledonia,East Asia & Pacific,High income,2024,,,
NER,NE,Niger,Sub-Saharan Africa,Low income,2000,,,
NER,NE,Niger,Sub-Saharan Africa,Low income,2001,,,
NER,NE,Niger,Sub-Saharan Africa,Low income,2002,,,
NER,NE,Niger,Sub-Saharan Africa,Low income,2003,,,
NER,NE,Niger,Sub-Saharan Africa,Low income,2004,4.0,1.0,1.6094379124341003
NER,NE,Niger,Sub-Saharan Africa,Low income,2005,,,
NER,NE,Niger,Sub-Saharan Africa,Low income,2006,,,
NER,NE,Niger,Sub-Saharan Africa,Low income,2007,81.0,1.0,4.406719247264253
NER,NE,Niger,Sub-Saharan Africa,Low income,2008,47.0,1.0,3.871201010907891
NER,NE,Niger,Sub-Saharan Africa,Low income,2009,,,
NER,NE,Niger,Sub-Saharan Africa,Low income,2010,,,
NER,NE,Niger,Sub-Saharan Africa,Low income,2011,,,
NER,NE,Niger,Sub-Saharan Africa,Low income,2012,,,
NER,NE,Niger,Sub-Saharan Africa,Low income,2013,31.0,1.0,3.4657359027997265
NER,NE,Niger,Sub-Saharan Africa,Low income,2014,,,
NER,NE,Niger,Sub-Saharan Africa,Low income,2015,368.0,1.0,5.910796644040527
NER,NE,Niger,Sub-Saharan Africa,Low income,2016,274.0,1.0,5.616771097666572
NER,NE,Niger,Sub-Saharan Africa,Low income,2017,229.0,1.0,5.438079308923196
NER,NE,Niger,Sub-Saharan Africa,Low income,2018,74.0,1.0,4.31748811353631
NER,NE,Niger,Sub-Saharan Africa,Low income,2019,298.0,1.0,5.700443573390687
NER,NE,Niger,Sub-Saharan Africa,Low income,2020,535.0,1.0,6.284134161070802
NER,NE,Niger,Sub-Saharan Africa,Low income,2021,459.0,1.0,6.131226489483141
NER,NE,Niger,Sub-Saharan Africa,Low income,2022,516.0,1.0,6.248042874508429
NER,NE,Niger,Sub-Saharan Africa,Low income,2023,337.0,1.0,5.823045895483019
NER,NE,Niger,Sub-Saharan Africa,Low income,2024,952.0,1.0,6.859614903654202
NGA,NG,Nigeria,Sub-Saharan Africa,Lower middle income,2000,,,
NGA,NG,Nigeria,Sub-Saharan Africa,Lower middle income,2001,,,
NGA,NG,Nigeria,Sub-Saharan Africa,Lower middle income,2002,,,
NGA,NG,Nigeria,Sub-Saharan Africa,Lower middle income,2003,,,
NGA,NG,Nigeria,Sub-Saharan Africa,Lower middle income,2004,151.0,1.0,5.0238805208462765
NGA,NG,Nigeria,Sub-Saharan Africa,Lower middle income,2005,,,
NGA,NG,Nigeria,Sub-Saharan Africa,Lower middle income,2006,,,
NGA,NG,Nigeria,Sub-Saharan Africa,Lower middle income,2007,,,
NGA,NG,Nigeria,Sub-Saharan Africa,Lower middle income,2008,,,
NGA,NG,Nigeria,Sub-Saharan Africa,Lower middle income,2009,405.0,1.0,6.0063531596017325
NGA,NG,Nigeria,Sub-Saharan Africa,Lower middle income,2010,,,
NGA,NG,Nigeria,Sub-Saharan Africa,Lower middle income,2011,325.0,1.0,5.786897381366708
NGA,NG,Nigeria,Sub-Saharan Africa,Lower middle income,2012,811.0,1.0,6.699500340161678
NGA,NG,Nigeria,Sub-Saharan Africa,Lower middle income,2013,1629.0,1.0,7.396335293800808
NGA,NG,Nigeria,Sub-Saharan Africa,Lower middle income,2014,3819.0,1.0,8.24800570160062
NGA,NG,Nigeria,Sub-Saharan Africa,Lower middle income,2015,4637.0,1.0,8.442038517815478
NGA,NG,Nigeria,Sub-Saharan Africa,Lower middle income,2016,2491.0,1.0,7.820840879907344
NGA,NG,Nigeria,Sub-Saharan Africa,Lower middle income,2017,1879.0,1.0,7.539027055823995
NGA,NG,Nigeria,Sub-Saharan Africa,Lower middle income,2018,1173.0,1.0,7.068172000388042
NGA,NG,Nigeria,Sub-Saharan Africa,Lower middle income,2019,1326.0,1.0,7.190676034332207
NGA,NG,Nigeria,Sub-Saharan Africa,Lower middle income,2020,2001.0,1.0,7.601901959875166
NGA,NG,Nigeria,Sub-Saharan Africa,Lower middle income,2021,1999.0,1.0,7.600902459542082
NGA,NG,Nigeria,Sub-Saharan Africa,Lower middle income,2022,1535.0,1.0,7.336936913707618
NGA,NG,Nigeria,Sub-Saharan Africa,Lower middle income,2023,2084.0,1.0,7.642524134232902
NGA,NG,Nigeria,Sub-Saharan Africa,Lower middle income,2024,1486.0,1.0,7.304515946460155
NIC,NI,Nicaragua,Latin America & Caribbean,Lower middle income,2000,,,
NIC,NI,Nicaragua,Latin America & Caribbean,Lower middle income,2001,,,
NIC,NI,Nicaragua,Latin America & Caribbean,Lower middle income,2002,,,
NIC,NI,Nicaragua,Latin America & Caribbean,Lower middle income,2003,,,
NIC,NI,Nicaragua,Latin America & Caribbean,Lower middle income,2004,,,
NIC,NI,Nicaragua,Latin America & Caribbean,Lower middle income,2005,,,
NIC,NI,Nicaragua,Latin America & Caribbean,Lower middle income,2006,,,
NIC,NI,Nicaragua,Latin America & Caribbean,Lower middle income,2007,,,
NIC,NI,Nicaragua,Latin America & Caribbean,Lower middle income,2008,,,
NIC,NI,Nicaragua,Latin America & Caribbean,Lower middle income,2009,,,
NIC,NI,Nicaragua,Latin America & Caribbean,Lower middle income,2010,,,
NIC,NI,Nicaragua,Latin America & Caribbean,Lower middle income,2011,,,
NIC,NI,Nicaragua,Latin America & Caribbean,Lower middle income,2012,,,
NIC,NI,Nicaragua,Latin America & Caribbean,Lower middle income,2013,,,
NIC,NI,Nicaragua,Latin America & Caribbean,Lower middle income,2014,,,
NIC,NI,Nicaragua,Latin America & Caribbean,Lower middle income,2015,,,
NIC,NI,Nicaragua,Latin America & Caribbean,Lower middle income,2016,,,
NIC,NI,Nicaragua,Latin America & Caribbean,Lower middle income,2017,,,
NIC,NI,Nicaragua,Latin America & Caribbean,Lower middle income,2018,,,
NIC,NI,Nicaragua,Latin America & Caribbean,Lower middle income,2019,,,
NIC,NI,Nicaragua,Latin America & Caribbean,Lower middle income,2020,,,
NIC,NI,Nicaragua,Latin America & Caribbean,Lower middle income,2021,,,
NIC,NI,Nicaragua,Latin America & Caribbean,Lower middle income,2022,,,
NIC,NI,Nicaragua,Latin America & Caribbean,Lower middle income,2023,,,
NIC,NI,Nicaragua,Latin America & Caribbean,Lower middle income,2024,,,
NLD,NL,Netherlands,Europe & Central Asia,High income,2000,,,
NLD,NL,Netherlands,Europe & Central Asia,High income,2001,,,
NLD,NL,Netherlands,Europe & Central Asia,High income,2002,,,
NLD,NL,Netherlands,Europe & Central Asia,High income,2003,,,
NLD,NL,Netherlands,Europe & Central Asia,High income,2004,,,
NLD,NL,Netherlands,Europe & Central Asia,High income,2005,,,
NLD,NL,Netherlands,Europe & Central Asia,High income,2006,,,
NLD,NL,Netherlands,Europe & Central Asia,High income,2007,,,
NLD,NL,Netherlands,Europe & Central Asia,High income,2008,,,
NLD,NL,Netherlands,Europe & Central Asia,High income,2009,,,
NLD,NL,Netherlands,Europe & Central Asia,High income,2010,,,
NLD,NL,Netherlands,Europe & Central Asia,High income,2011,,,
NLD,NL,Netherlands,Europe & Central Asia,High income,2012,,,
NLD,NL,Netherlands,Europe & Central Asia,High income,2013,,,
NLD,NL,Netherlands,Europe & Central Asia,High income,2014,,,
NLD,NL,Netherlands,Europe & Central Asia,High income,2015,,,
NLD,NL,Netherlands,Europe & Central Asia,High income,2016,,,
NLD,NL,Netherlands,Europe & Central Asia,High income,2017,,,
NLD,NL,Netherlands,Europe & Central Asia,High income,2018,,,
NLD,NL,Netherlands,Europe & Central Asia,High income,2019,,,
NLD,NL,Netherlands,Europe & Central Asia,High income,2020,,,
NLD,NL,Netherlands,Europe & Central Asia,High income,2021,,,
NLD,NL,Netherlands,Europe & Central Asia,High income,2022,,,
NLD,NL,Netherlands,Europe & Central Asia,High income,2023,,,
NLD,NL,Netherlands,Europe & Central Asia,High income,2024,,,
NOR,NO,Norway,Europe & Central Asia,High income,2000,,,
NOR,NO,Norway,Europe & Central Asia,High income,2001,,,
NOR,NO,Norway,Europe & Central Asia,High income,2002,,,
NOR,NO,Norway,Europe & Central Asia,High income,2003,,,
NOR,NO,Norway,Europe & Central Asia,High income,2004,,,
NOR,NO,Norway,Europe & Central Asia,High income,2005,,,
NOR,NO,Norway,Europe & Central Asia,High income,2006,,,
NOR,NO,Norway,Europe & Central Asia,High income,2007,,,
NOR,NO,Norway,Europe & Central Asia,High income,2008,,,
NOR,NO,Norway,Europe & Central Asia,High income,2009,,,
NOR,NO,Norway,Europe & Central Asia,High income,2010,,,
NOR,NO,Norway,Europe & Central Asia,High income,2011,,,
NOR,NO,Norway,Europe & Central Asia,High income,2012,,,
NOR,NO,Norway,Europe & Central Asia,High income,2013,,,
NOR,NO,Norway,Europe & Central Asia,High income,2014,,,
NOR,NO,Norway,Europe & Central Asia,High income,2015,,,
NOR,NO,Norway,Europe & Central Asia,High income,2016,,,
NOR,NO,Norway,Europe & Central Asia,High income,2017,,,
NOR,NO,Norway,Europe & Central Asia,High income,2018,,,
NOR,NO,Norway,Europe & Central Asia,High income,2019,,,
NOR,NO,Norway,Europe & Central Asia,High income,2020,,,
NOR,NO,Norway,Europe & Central Asia,High income,2021,,,
NOR,NO,Norway,Europe & Central Asia,High income,2022,,,
NOR,NO,Norway,Europe & Central Asia,High income,2023,,,
NOR,NO,Norway,Europe & Central Asia,High income,2024,,,
NPL,NP,Nepal,South Asia,Lower middle income,2000,268.0,1.0,5.594711379601839
NPL,NP,Nepal,South Asia,Lower middle income,2001,429.0,1.0,6.063785208687608
NPL,NP,Nepal,South Asia,Lower middle income,2002,3946.0,1.0,8.280711075662847
NPL,NP,Nepal,South Asia,Lower middle income,2003,1341.0,1.0,7.201916317531627
NPL,NP,Nepal,South Asia,Lower middle income,2004,1880.0,1.0,7.53955882930103
NPL,NP,Nepal,South Asia,Lower middle income,2005,1104.0,1.0,7.007600613951853
NPL,NP,Nepal,South Asia,Lower middle income,2006,457.0,1.0,6.126869184114185
NPL,NP,Nepal,South Asia,Lower middle income,2007,,,
NPL,NP,Nepal,South Asia,Lower middle income,2008,,,
NPL,NP,Nepal,South Asia,Lower middle income,2009,,,
NPL,NP,Nepal,South Asia,Lower middle income,2010,,,
NPL,NP,Nepal,South Asia,Lower middle income,2011,,,
NPL,NP,Nepal,South Asia,Lower middle income,2012,,,
NPL,NP,Nepal,South Asia,Lower middle income,2013,,,
NPL,NP,Nepal,South Asia,Lower middle income,2014,,,
NPL,NP,Nepal,South Asia,Lower middle income,2015,,,
NPL,NP,Nepal,South Asia,Lower middle income,2016,,,
NPL,NP,Nepal,South Asia,Lower middle income,2017,,,
NPL,NP,Nepal,South Asia,Lower middle income,2018,,,
NPL,NP,Nepal,South Asia,Lower middle income,2019,,,
NPL,NP,Nepal,South Asia,Lower middle income,2020,,,
NPL,NP,Nepal,South Asia,Lower middle income,2021,,,
NPL,NP,Nepal,South Asia,Lower middle income,2022,,,
NPL,NP,Nepal,South Asia,Lower middle income,2023,,,
NPL,NP,Nepal,South Asia,Lower middle income,2024,,,
NRU,NR,Naoero,East Asia & Pacific,High income,2000,,,
NRU,NR,Naoero,East Asia & Pacific,High income,2001,,,
NRU,NR,Naoero,East Asia & Pacific,High income,2002,,,
NRU,NR,Naoero,East Asia & Pacific,High income,2003,,,
NRU,NR,Naoero,East Asia & Pacific,High income,2004,,,
NRU,NR,Naoero,East Asia & Pacific,High income,2005,,,
NRU,NR,Naoero,East Asia & Pacific,High income,2006,,,
NRU,NR,Naoero,East Asia & Pacific,High income,2007,,,
NRU,NR,Naoero,East Asia & Pacific,High income,2008,,,
NRU,NR,Naoero,East Asia & Pacific,High income,2009,,,
NRU,NR,Naoero,East Asia & Pacific,High income,2010,,,
NRU,NR,Naoero,East Asia & Pacific,High income,2011,,,
NRU,NR,Naoero,East Asia & Pacific,High income,2012,,,
NRU,NR,Naoero,East Asia & Pacific,High income,2013,,,
NRU,NR,Naoero,East Asia & Pacific,High income,2014,,,
NRU,NR,Naoero,East Asia & Pacific,High income,2015,,,
NRU,NR,Naoero,East Asia & Pacific,High income,2016,,,
NRU,NR,Naoero,East Asia & Pacific,High income,2017,,,
NRU,NR,Naoero,East Asia & Pacific,High income,2018,,,
NRU,NR,Naoero,East Asia & Pacific,High income,2019,,,
NRU,NR,Naoero,East Asia & Pacific,High income,2020,,,
NRU,NR,Naoero,East Asia & Pacific,High income,2021,,,
NRU,NR,Naoero,East Asia & Pacific,High income,2022,,,
NRU,NR,Naoero,East Asia & Pacific,High income,2023,,,
NRU,NR,Naoero,East Asia & Pacific,High income,2024,,,
NZL,NZ,New Zealand,East Asia & Pacific,High income,2000,,,
NZL,NZ,New Zealand,East Asia & Pacific,High income,2001,,,
NZL,NZ,New Zealand,East Asia & Pacific,High income,2002,,,
NZL,NZ,New Zealand,East Asia & Pacific,High income,2003,,,
NZL,NZ,New Zealand,East Asia & Pacific,High income,2004,,,
NZL,NZ,New Zealand,East Asia & Pacific,High income,2005,,,
NZL,NZ,New Zealand,East Asia & Pacific,High income,2006,,,
NZL,NZ,New Zealand,East Asia & Pacific,High income,2007,,,
NZL,NZ,New Zealand,East Asia & Pacific,High income,2008,,,
NZL,NZ,New Zealand,East Asia & Pacific,High income,2009,,,
NZL,NZ,New Zealand,East Asia & Pacific,High income,2010,,,
NZL,NZ,New Zealand,East Asia & Pacific,High income,2011,,,
NZL,NZ,New Zealand,East Asia & Pacific,High income,2012,,,
NZL,NZ,New Zealand,East Asia & Pacific,High income,2013,,,
NZL,NZ,New Zealand,East Asia & Pacific,High income,2014,,,
NZL,NZ,New Zealand,East Asia & Pacific,High income,2015,,,
NZL,NZ,New Zealand,East Asia & Pacific,High income,2016,,,
NZL,NZ,New Zealand,East Asia & Pacific,High income,2017,,,
NZL,NZ,New Zealand,East Asia & Pacific,High income,2018,,,
NZL,NZ,New Zealand,East Asia & Pacific,High income,2019,,,
NZL,NZ,New Zealand,East Asia & Pacific,High income,2020,,,
NZL,NZ,New Zealand,East Asia & Pacific,High income,2021,,,
NZL,NZ,New Zealand,East Asia & Pacific,High income,2022,,,
NZL,NZ,New Zealand,East Asia & Pacific,High income,2023,,,
NZL,NZ,New Zealand,East Asia & Pacific,High income,2024,,,
OMN,OM,Oman,"Middle East, North Africa, Afghanistan & Pakistan",High income,2000,,,
OMN,OM,Oman,"Middle East, North Africa, Afghanistan & Pakistan",High income,2001,,,
OMN,OM,Oman,"Middle East, North Africa, Afghanistan & Pakistan",High income,2002,,,
OMN,OM,Oman,"Middle East, North Africa, Afghanistan & Pakistan",High income,2003,,,
OMN,OM,Oman,"Middle East, North Africa, Afghanistan & Pakistan",High income,2004,,,
OMN,OM,Oman,"Middle East, North Africa, Afghanistan & Pakistan",High income,2005,,,
OMN,OM,Oman,"Middle East, North Africa, Afghanistan & Pakistan",High income,2006,,,
OMN,OM,Oman,"Middle East, North Africa, Afghanistan & Pakistan",High income,2007,,,
OMN,OM,Oman,"Middle East, North Africa, Afghanistan & Pakistan",High income,2008,,,
OMN,OM,Oman,"Middle East, North Africa, Afghanistan & Pakistan",High income,2009,,,
OMN,OM,Oman,"Middle East, North Africa, Afghanistan & Pakistan",High income,2010,,,
OMN,OM,Oman,"Middle East, North Africa, Afghanistan & Pakistan",High income,2011,,,
OMN,OM,Oman,"Middle East, North Africa, Afghanistan & Pakistan",High income,2012,,,
OMN,OM,Oman,"Middle East, North Africa, Afghanistan & Pakistan",High income,2013,,,
OMN,OM,Oman,"Middle East, North Africa, Afghanistan & Pakistan",High income,2014,,,
OMN,OM,Oman,"Middle East, North Africa, Afghanistan & Pakistan",High income,2015,,,
OMN,OM,Oman,"Middle East, North Africa, Afghanistan & Pakistan",High income,2016,,,
OMN,OM,Oman,"Middle East, North Africa, Afghanistan & Pakistan",High income,2017,,,
OMN,OM,Oman,"Middle East, North Africa, Afghanistan & Pakistan",High income,2018,,,
OMN,OM,Oman,"Middle East, North Africa, Afghanistan & Pakistan",High income,2019,,,
OMN,OM,Oman,"Middle East, North Africa, Afghanistan & Pakistan",High income,2020,,,
OMN,OM,Oman,"Middle East, North Africa, Afghanistan & Pakistan",High income,2021,,,
OMN,OM,Oman,"Middle East, North Africa, Afghanistan & Pakistan",High income,2022,,,
OMN,OM,Oman,"Middle East, North Africa, Afghanistan & Pakistan",High income,2023,,,
OMN,OM,Oman,"Middle East, North Africa, Afghanistan & Pakistan",High income,2024,,,
PAK,PK,Pakistan,"Middle East, North Africa, Afghanistan & Pakistan",Lower middle income,2000,116.0,1.0,4.762173934797756
PAK,PK,Pakistan,"Middle East, North Africa, Afghanistan & Pakistan",Lower middle income,2001,36.0,1.0,3.6109179126442243
PAK,PK,Pakistan,"Middle East, North Africa, Afghanistan & Pakistan",Lower middle income,2002,148.0,1.0,5.003946305945459
PAK,PK,Pakistan,"Middle East, North Africa, Afghanistan & Pakistan",Lower middle income,2003,175.0,1.0,5.170483995038151
PAK,PK,Pakistan,"Middle East, North Africa, Afghanistan & Pakistan",Lower middle income,2004,359.0,1.0,5.886104031450156
PAK,PK,Pakistan,"Middle East, North Africa, Afghanistan & Pakistan",Lower middle income,2005,110.0,1.0,4.709530201312334
PAK,PK,Pakistan,"Middle East, North Africa, Afghanistan & Pakistan",Lower middle income,2006,419.0,1.0,6.040254711277414
PAK,PK,Pakistan,"Middle East, North Africa, Afghanistan & Pakistan",Lower middle income,2007,759.0,1.0,6.633318433280377
PAK,PK,Pakistan,"Middle East, North Africa, Afghanistan & Pakistan",Lower middle income,2008,3538.0,1.0,8.171599480345463
PAK,PK,Pakistan,"Middle East, North Africa, Afghanistan & Pakistan",Lower middle income,2009,6916.0,1.0,8.841737428600585
PAK,PK,Pakistan,"Middle East, North Africa, Afghanistan & Pakistan",Lower middle income,2010,6077.0,1.0,8.712430973476739
PAK,PK,Pakistan,"Middle East, North Africa, Afghanistan & Pakistan",Lower middle income,2011,2863.0,1.0,7.9599745280805365
PAK,PK,Pakistan,"Middle East, North Africa, Afghanistan & Pakistan",Lower middle income,2012,3018.0,1.0,8.012680929706839
PAK,PK,Pakistan,"Middle East, North Africa, Afghanistan & Pakistan",Lower middle income,2013,1817.0,1.0,7.505492274737424
PAK,PK,Pakistan,"Middle East, North Africa, Afghanistan & Pakistan",Lower middle income,2014,3154.0,1.0,8.056743774975313
PAK,PK,Pakistan,"Middle East, North Africa, Afghanistan & Pakistan",Lower middle income,2015,2126.0,1.0,7.6624678152002375
PAK,PK,Pakistan,"Middle East, North Africa, Afghanistan & Pakistan",Lower middle income,2016,796.0,1.0,6.680854678790215
PAK,PK,Pakistan,"Middle East, North Africa, Afghanistan & Pakistan",Lower middle income,2017,701.0,1.0,6.553933404025811
PAK,PK,Pakistan,"Middle East, North Africa, Afghanistan & Pakistan",Lower middle income,2018,228.0,1.0,5.43372200355424
PAK,PK,Pakistan,"Middle East, North Africa, Afghanistan & Pakistan",Lower middle income,2019,267.0,1.0,5.5909869805108565
PAK,PK,Pakistan,"Middle East, North Africa, Afghanistan & Pakistan",Lower middle income,2020,373.0,1.0,5.924255797414532
PAK,PK,Pakistan,"Middle East, North Africa, Afghanistan & Pakistan",Lower middle income,2021,416.0,1.0,6.0330862217988015
PAK,PK,Pakistan,"Middle East, North Africa, Afghanistan & Pakistan",Lower middle income,2022,630.0,1.0,6.447305862541213
PAK,PK,Pakistan,"Middle East, North Africa, Afghanistan & Pakistan",Lower middle income,2023,1054.0,1.0,6.961296045910167
PAK,PK,Pakistan,"Middle East, North Africa, Afghanistan & Pakistan",Lower middle income,2024,1534.0,1.0,7.336285660021297
PAN,PA,Panama,Latin America & Caribbean,High income,2000,,,
PAN,PA,Panama,Latin America & Caribbean,High income,2001,,,
PAN,PA,Panama,Latin America & Caribbean,High income,2002,,,
PAN,PA,Panama,Latin America & Caribbean,High income,2003,,,
PAN,PA,Panama,Latin America & Caribbean,High income,2004,,,
PAN,PA,Panama,Latin America & Caribbean,High income,2005,,,
PAN,PA,Panama,Latin America & Caribbean,High income,2006,,,
PAN,PA,Panama,Latin America & Caribbean,High income,2007,,,
PAN,PA,Panama,Latin America & Caribbean,High income,2008,,,
PAN,PA,Panama,Latin America & Caribbean,High income,2009,,,
PAN,PA,Panama,Latin America & Caribbean,High income,2010,,,
PAN,PA,Panama,Latin America & Caribbean,High income,2011,,,
PAN,PA,Panama,Latin America & Caribbean,High income,2012,,,
PAN,PA,Panama,Latin America & Caribbean,High income,2013,,,
PAN,PA,Panama,Latin America & Caribbean,High income,2014,,,
PAN,PA,Panama,Latin America & Caribbean,High income,2015,,,
PAN,PA,Panama,Latin America & Caribbean,High income,2016,,,
PAN,PA,Panama,Latin America & Caribbean,High income,2017,,,
PAN,PA,Panama,Latin America & Caribbean,High income,2018,,,
PAN,PA,Panama,Latin America & Caribbean,High income,2019,,,
PAN,PA,Panama,Latin America & Caribbean,High income,2020,,,
PAN,PA,Panama,Latin America & Caribbean,High income,2021,,,
PAN,PA,Panama,Latin America & Caribbean,High income,2022,,,
PAN,PA,Panama,Latin America & Caribbean,High income,2023,,,
PAN,PA,Panama,Latin America & Caribbean,High income,2024,,,
PER,PE,Peru,Latin America & Caribbean,Upper middle income,2000,,,
PER,PE,Peru,Latin America & Caribbean,Upper middle income,2001,,,
PER,PE,Peru,Latin America & Caribbean,Upper middle income,2002,,,
PER,PE,Peru,Latin America & Caribbean,Upper middle income,2003,,,
PER,PE,Peru,Latin America & Caribbean,Upper middle income,2004,,,
PER,PE,Peru,Latin America & Caribbean,Upper middle income,2005,,,
PER,PE,Peru,Latin America & Caribbean,Upper middle income,2006,,,
PER,PE,Peru,Latin America & Caribbean,Upper middle income,2007,32.0,1.0,3.4965075614664802
PER,PE,Peru,Latin America & Caribbean,Upper middle income,2008,40.0,1.0,3.713572066704308
PER,PE,Peru,Latin America & Caribbean,Upper middle income,2009,50.0,1.0,3.9318256327243257
PER,PE,Peru,Latin America & Caribbean,Upper middle income,2010,28.0,1.0,3.367295829986474
PER,PE,Peru,Latin America & Caribbean,Upper middle income,2011,,,
PER,PE,Peru,Latin America & Caribbean,Upper middle income,2012,,,
PER,PE,Peru,Latin America & Caribbean,Upper middle income,2013,,,
PER,PE,Peru,Latin America & Caribbean,Upper middle income,2014,,,
PER,PE,Peru,Latin America & Caribbean,Upper middle income,2015,,,
PER,PE,Peru,Latin America & Caribbean,Upper middle income,2016,,,
PER,PE,Peru,Latin America & Caribbean,Upper middle income,2017,,,
PER,PE,Peru,Latin America & Caribbean,Upper middle income,2018,,,
PER,PE,Peru,Latin America & Caribbean,Upper middle income,2019,,,
PER,PE,Peru,Latin America & Caribbean,Upper middle income,2020,5.0,1.0,1.791759469228055
PER,PE,Peru,Latin America & Caribbean,Upper middle income,2021,,,
PER,PE,Peru,Latin America & Caribbean,Upper middle income,2022,,,
PER,PE,Peru,Latin America & Caribbean,Upper middle income,2023,,,
PER,PE,Peru,Latin America & Caribbean,Upper middle income,2024,,,
PHL,PH,Philippines,East Asia & Pacific,Upper middle income,2000,1567.0,1.0,7.357556200910353
PHL,PH,Philippines,East Asia & Pacific,Upper middle income,2001,1001.0,1.0,6.90975328164481
PHL,PH,Philippines,East Asia & Pacific,Upper middle income,2002,662.0,1.0,6.4967749901858625
PHL,PH,Philippines,East Asia & Pacific,Upper middle income,2003,1051.0,1.0,6.9584483932976555
PHL,PH,Philippines,East Asia & Pacific,Upper middle income,2004,339.0,1.0,5.8289456176102075
PHL,PH,Philippines,East Asia & Pacific,Upper middle income,2005,470.0,1.0,6.154858094016418
PHL,PH,Philippines,East Asia & Pacific,Upper middle income,2006,360.0,1.0,5.8888779583328805
PHL,PH,Philippines,East Asia & Pacific,Upper middle income,2007,439.0,1.0,6.0867747269123065
PHL,PH,Philippines,East Asia & Pacific,Upper middle income,2008,481.0,1.0,6.1779441140506
PHL,PH,Philippines,East Asia & Pacific,Upper middle income,2009,894.0,1.0,6.796823718274855
PHL,PH,Philippines,East Asia & Pacific,Upper middle income,2010,332.0,1.0,5.808142489980444
PHL,PH,Philippines,East Asia & Pacific,Upper middle income,2011,350.0,1.0,5.860786223465865
PHL,PH,Philippines,East Asia & Pacific,Upper middle income,2012,295.0,1.0,5.69035945432406
PHL,PH,Philippines,East Asia & Pacific,Upper middle income,2013,514.0,1.0,6.244166900663736
PHL,PH,Philippines,East Asia & Pacific,Upper middle income,2014,470.0,1.0,6.154858094016418
PHL,PH,Philippines,East Asia & Pacific,Upper middle income,2015,572.0,1.0,6.35088571671474
PHL,PH,Philippines,East Asia & Pacific,Upper middle income,2016,550.0,1.0,6.311734809152915
PHL,PH,Philippines,East Asia & Pacific,Upper middle income,2017,1623.0,1.0,7.392647520721623
PHL,PH,Philippines,East Asia & Pacific,Upper middle income,2018,420.0,1.0,6.042632833682381
PHL,PH,Philippines,East Asia & Pacific,Upper middle income,2019,309.0,1.0,5.736572297479192
PHL,PH,Philippines,East Asia & Pacific,Upper middle income,2020,348.0,1.0,5.855071922202427
PHL,PH,Philippines,East Asia & Pacific,Upper middle income,2021,266.0,1.0,5.58724865840025
PHL,PH,Philippines,East Asia & Pacific,Upper middle income,2022,219.0,1.0,5.393627546352362
PHL,PH,Philippines,East Asia & Pacific,Upper middle income,2023,243.0,1.0,5.497168225293202
PHL,PH,Philippines,East Asia & Pacific,Upper middle income,2024,176.0,1.0,5.176149732573829
PLW,PW,Palau,East Asia & Pacific,High income,2000,,,
PLW,PW,Palau,East Asia & Pacific,High income,2001,,,
PLW,PW,Palau,East Asia & Pacific,High income,2002,,,
PLW,PW,Palau,East Asia & Pacific,High income,2003,,,
PLW,PW,Palau,East Asia & Pacific,High income,2004,,,
PLW,PW,Palau,East Asia & Pacific,High income,2005,,,
PLW,PW,Palau,East Asia & Pacific,High income,2006,,,
PLW,PW,Palau,East Asia & Pacific,High income,2007,,,
PLW,PW,Palau,East Asia & Pacific,High income,2008,,,
PLW,PW,Palau,East Asia & Pacific,High income,2009,,,
PLW,PW,Palau,East Asia & Pacific,High income,2010,,,
PLW,PW,Palau,East Asia & Pacific,High income,2011,,,
PLW,PW,Palau,East Asia & Pacific,High income,2012,,,
PLW,PW,Palau,East Asia & Pacific,High income,2013,,,
PLW,PW,Palau,East Asia & Pacific,High income,2014,,,
PLW,PW,Palau,East Asia & Pacific,High income,2015,,,
PLW,PW,Palau,East Asia & Pacific,High income,2016,,,
PLW,PW,Palau,East Asia & Pacific,High income,2017,,,
PLW,PW,Palau,East Asia & Pacific,High income,2018,,,
PLW,PW,Palau,East Asia & Pacific,High income,2019,,,
PLW,PW,Palau,East Asia & Pacific,High income,2020,,,
PLW,PW,Palau,East Asia & Pacific,High income,2021,,,
PLW,PW,Palau,East Asia & Pacific,High income,2022,,,
PLW,PW,Palau,East Asia & Pacific,High income,2023,,,
PLW,PW,Palau,East Asia & Pacific,High income,2024,,,
PNG,PG,Papua New Guinea,East Asia & Pacific,Lower middle income,2000,,,
PNG,PG,Papua New Guinea,East Asia & Pacific,Lower middle income,2001,,,
PNG,PG,Papua New Guinea,East Asia & Pacific,Lower middle income,2002,,,
PNG,PG,Papua New Guinea,East Asia & Pacific,Lower middle income,2003,,,
PNG,PG,Papua New Guinea,East Asia & Pacific,Lower middle income,2004,,,
PNG,PG,Papua New Guinea,East Asia & Pacific,Lower middle income,2005,,,
PNG,PG,Papua New Guinea,East Asia & Pacific,Lower middle income,2006,,,
PNG,PG,Papua New Guinea,East Asia & Pacific,Lower middle income,2007,,,
PNG,PG,Papua New Guinea,East Asia & Pacific,Lower middle income,2008,,,
PNG,PG,Papua New Guinea,East Asia & Pacific,Lower middle income,2009,,,
PNG,PG,Papua New Guinea,East Asia & Pacific,Lower middle income,2010,,,
PNG,PG,Papua New Guinea,East Asia & Pacific,Lower middle income,2011,,,
PNG,PG,Papua New Guinea,East Asia & Pacific,Lower middle income,2012,,,
PNG,PG,Papua New Guinea,East Asia & Pacific,Lower middle income,2013,,,
PNG,PG,Papua New Guinea,East Asia & Pacific,Lower middle income,2014,,,
PNG,PG,Papua New Guinea,East Asia & Pacific,Lower middle income,2015,,,
PNG,PG,Papua New Guinea,East Asia & Pacific,Lower middle income,2016,,,
PNG,PG,Papua New Guinea,East Asia & Pacific,Lower middle income,2017,,,
PNG,PG,Papua New Guinea,East Asia & Pacific,Lower middle income,2018,,,
PNG,PG,Papua New Guinea,East Asia & Pacific,Lower middle income,2019,,,
PNG,PG,Papua New Guinea,East Asia & Pacific,Lower middle income,2020,,,
PNG,PG,Papua New Guinea,East Asia & Pacific,Lower middle income,2021,,,
PNG,PG,Papua New Guinea,East Asia & Pacific,Lower middle income,2022,,,
PNG,PG,Papua New Guinea,East Asia & Pacific,Lower middle income,2023,,,
PNG,PG,Papua New Guinea,East Asia & Pacific,Lower middle income,2024,,,
POL,PL,Poland,Europe & Central Asia,High income,2000,,,
POL,PL,Poland,Europe & Central Asia,High income,2001,,,
POL,PL,Poland,Europe & Central Asia,High income,2002,,,
POL,PL,Poland,Europe & Central Asia,High income,2003,,,
POL,PL,Poland,Europe & Central Asia,High income,2004,,,
POL,PL,Poland,Europe & Central Asia,High income,2005,,,
POL,PL,Poland,Europe & Central Asia,High income,2006,,,
POL,PL,Poland,Europe & Central Asia,High income,2007,,,
POL,PL,Poland,Europe & Central Asia,High income,2008,,,
POL,PL,Poland,Europe & Central Asia,High income,2009,,,
POL,PL,Poland,Europe & Central Asia,High income,2010,,,
POL,PL,Poland,Europe & Central Asia,High income,2011,,,
POL,PL,Poland,Europe & Central Asia,High income,2012,,,
POL,PL,Poland,Europe & Central Asia,High income,2013,,,
POL,PL,Poland,Europe & Central Asia,High income,2014,,,
POL,PL,Poland,Europe & Central Asia,High income,2015,,,
POL,PL,Poland,Europe & Central Asia,High income,2016,,,
POL,PL,Poland,Europe & Central Asia,High income,2017,,,
POL,PL,Poland,Europe & Central Asia,High income,2018,,,
POL,PL,Poland,Europe & Central Asia,High income,2019,,,
POL,PL,Poland,Europe & Central Asia,High income,2020,,,
POL,PL,Poland,Europe & Central Asia,High income,2021,,,
POL,PL,Poland,Europe & Central Asia,High income,2022,2.0,1.0,1.0986122886681098
POL,PL,Poland,Europe & Central Asia,High income,2023,,,
POL,PL,Poland,Europe & Central Asia,High income,2024,,,
PRI,PR,Puerto Rico (US),Latin America & Caribbean,High income,2000,,,
PRI,PR,Puerto Rico (US),Latin America & Caribbean,High income,2001,,,
PRI,PR,Puerto Rico (US),Latin America & Caribbean,High income,2002,,,
PRI,PR,Puerto Rico (US),Latin America & Caribbean,High income,2003,,,
PRI,PR,Puerto Rico (US),Latin America & Caribbean,High income,2004,,,
PRI,PR,Puerto Rico (US),Latin America & Caribbean,High income,2005,,,
PRI,PR,Puerto Rico (US),Latin America & Caribbean,High income,2006,,,
PRI,PR,Puerto Rico (US),Latin America & Caribbean,High income,2007,,,
PRI,PR,Puerto Rico (US),Latin America & Caribbean,High income,2008,,,
PRI,PR,Puerto Rico (US),Latin America & Caribbean,High income,2009,,,
PRI,PR,Puerto Rico (US),Latin America & Caribbean,High income,2010,,,
PRI,PR,Puerto Rico (US),Latin America & Caribbean,High income,2011,,,
PRI,PR,Puerto Rico (US),Latin America & Caribbean,High income,2012,,,
PRI,PR,Puerto Rico (US),Latin America & Caribbean,High income,2013,,,
PRI,PR,Puerto Rico (US),Latin America & Caribbean,High income,2014,,,
PRI,PR,Puerto Rico (US),Latin America & Caribbean,High income,2015,,,
PRI,PR,Puerto Rico (US),Latin America & Caribbean,High income,2016,,,
PRI,PR,Puerto Rico (US),Latin America & Caribbean,High income,2017,,,
PRI,PR,Puerto Rico (US),Latin America & Caribbean,High income,2018,,,
PRI,PR,Puerto Rico (US),Latin America & Caribbean,High income,2019,,,
PRI,PR,Puerto Rico (US),Latin America & Caribbean,High income,2020,,,
PRI,PR,Puerto Rico (US),Latin America & Caribbean,High income,2021,,,
PRI,PR,Puerto Rico (US),Latin America & Caribbean,High income,2022,,,
PRI,PR,Puerto Rico (US),Latin America & Caribbean,High income,2023,,,
PRI,PR,Puerto Rico (US),Latin America & Caribbean,High income,2024,,,
PRK,KP,"Korea, Dem. People's Rep.",East Asia & Pacific,Low income,2000,,,
PRK,KP,"Korea, Dem. People's Rep.",East Asia & Pacific,Low income,2001,,,
PRK,KP,"Korea, Dem. People's Rep.",East Asia & Pacific,Low income,2002,,,
PRK,KP,"Korea, Dem. People's Rep.",East Asia & Pacific,Low income,2003,,,
PRK,KP,"Korea, Dem. People's Rep.",East Asia & Pacific,Low income,2004,,,
PRK,KP,"Korea, Dem. People's Rep.",East Asia & Pacific,Low income,2005,,,
PRK,KP,"Korea, Dem. People's Rep.",East Asia & Pacific,Low income,2006,,,
PRK,KP,"Korea, Dem. People's Rep.",East Asia & Pacific,Low income,2007,,,
PRK,KP,"Korea, Dem. People's Rep.",East Asia & Pacific,Low income,2008,,,
PRK,KP,"Korea, Dem. People's Rep.",East Asia & Pacific,Low income,2009,,,
PRK,KP,"Korea, Dem. People's Rep.",East Asia & Pacific,Low income,2010,,,
PRK,KP,"Korea, Dem. People's Rep.",East Asia & Pacific,Low income,2011,,,
PRK,KP,"Korea, Dem. People's Rep.",East Asia & Pacific,Low income,2012,,,
PRK,KP,"Korea, Dem. People's Rep.",East Asia & Pacific,Low income,2013,,,
PRK,KP,"Korea, Dem. People's Rep.",East Asia & Pacific,Low income,2014,,,
PRK,KP,"Korea, Dem. People's Rep.",East Asia & Pacific,Low income,2015,,,
PRK,KP,"Korea, Dem. People's Rep.",East Asia & Pacific,Low income,2016,,,
PRK,KP,"Korea, Dem. People's Rep.",East Asia & Pacific,Low income,2017,,,
PRK,KP,"Korea, Dem. People's Rep.",East Asia & Pacific,Low income,2018,,,
PRK,KP,"Korea, Dem. People's Rep.",East Asia & Pacific,Low income,2019,,,
PRK,KP,"Korea, Dem. People's Rep.",East Asia & Pacific,Low income,2020,,,
PRK,KP,"Korea, Dem. People's Rep.",East Asia & Pacific,Low income,2021,,,
PRK,KP,"Korea, Dem. People's Rep.",East Asia & Pacific,Low income,2022,,,
PRK,KP,"Korea, Dem. People's Rep.",East Asia & Pacific,Low income,2023,,,
PRK,KP,"Korea, Dem. People's Rep.",East Asia & Pacific,Low income,2024,,,
PRT,PT,Portugal,Europe & Central Asia,High income,2000,,,
PRT,PT,Portugal,Europe & Central Asia,High income,2001,,,
PRT,PT,Portugal,Europe & Central Asia,High income,2002,,,
PRT,PT,Portugal,Europe & Central Asia,High income,2003,,,
PRT,PT,Portugal,Europe & Central Asia,High income,2004,,,
PRT,PT,Portugal,Europe & Central Asia,High income,2005,,,
PRT,PT,Portugal,Europe & Central Asia,High income,2006,,,
PRT,PT,Portugal,Europe & Central Asia,High income,2007,,,
PRT,PT,Portugal,Europe & Central Asia,High income,2008,,,
PRT,PT,Portugal,Europe & Central Asia,High income,2009,,,
PRT,PT,Portugal,Europe & Central Asia,High income,2010,,,
PRT,PT,Portugal,Europe & Central Asia,High income,2011,,,
PRT,PT,Portugal,Europe & Central Asia,High income,2012,,,
PRT,PT,Portugal,Europe & Central Asia,High income,2013,,,
PRT,PT,Portugal,Europe & Central Asia,High income,2014,,,
PRT,PT,Portugal,Europe & Central Asia,High income,2015,,,
PRT,PT,Portugal,Europe & Central Asia,High income,2016,,,
PRT,PT,Portugal,Europe & Central Asia,High income,2017,,,
PRT,PT,Portugal,Europe & Central Asia,High income,2018,,,
PRT,PT,Portugal,Europe & Central Asia,High income,2019,,,
PRT,PT,Portugal,Europe & Central Asia,High income,2020,,,
PRT,PT,Portugal,Europe & Central Asia,High income,2021,,,
PRT,PT,Portugal,Europe & Central Asia,High income,2022,,,
PRT,PT,Portugal,Europe & Central Asia,High income,2023,,,
PRT,PT,Portugal,Europe & Central Asia,High income,2024,,,
PRY,PY,Paraguay,Latin America & Caribbean,Upper middle income,2000,,,
PRY,PY,Paraguay,Latin America & Caribbean,Upper middle income,2001,,,
PRY,PY,Paraguay,Latin America & Caribbean,Upper middle income,2002,,,
PRY,PY,Paraguay,Latin America & Caribbean,Upper middle income,2003,,,
PRY,PY,Paraguay,Latin America & Caribbean,Upper middle income,2004,,,
PRY,PY,Paraguay,Latin America & Caribbean,Upper middle income,2005,,,
PRY,PY,Paraguay,Latin America & Caribbean,Upper middle income,2006,,,
PRY,PY,Paraguay,Latin America & Caribbean,Upper middle income,2007,,,
PRY,PY,Paraguay,Latin America & Caribbean,Upper middle income,2008,,,
PRY,PY,Paraguay,Latin America & Caribbean,Upper middle income,2009,,,
PRY,PY,Paraguay,Latin America & Caribbean,Upper middle income,2010,,,
PRY,PY,Paraguay,Latin America & Caribbean,Upper middle income,2011,,,
PRY,PY,Paraguay,Latin America & Caribbean,Upper middle income,2012,,,
PRY,PY,Paraguay,Latin America & Caribbean,Upper middle income,2013,,,
PRY,PY,Paraguay,Latin America & Caribbean,Upper middle income,2014,,,
PRY,PY,Paraguay,Latin America & Caribbean,Upper middle income,2015,,,
PRY,PY,Paraguay,Latin America & Caribbean,Upper middle income,2016,,,
PRY,PY,Paraguay,Latin America & Caribbean,Upper middle income,2017,,,
PRY,PY,Paraguay,Latin America & Caribbean,Upper middle income,2018,,,
PRY,PY,Paraguay,Latin America & Caribbean,Upper middle income,2019,,,
PRY,PY,Paraguay,Latin America & Caribbean,Upper middle income,2020,,,
PRY,PY,Paraguay,Latin America & Caribbean,Upper middle income,2021,,,
PRY,PY,Paraguay,Latin America & Caribbean,Upper middle income,2022,,,
PRY,PY,Paraguay,Latin America & Caribbean,Upper middle income,2023,,,
PRY,PY,Paraguay,Latin America & Caribbean,Upper middle income,2024,,,
PSE,PS,West Bank and Gaza,"Middle East, North Africa, Afghanistan & Pakistan",Lower middle income,2000,,,
PSE,PS,West Bank and Gaza,"Middle East, North Africa, Afghanistan & Pakistan",Lower middle income,2001,,,
PSE,PS,West Bank and Gaza,"Middle East, North Africa, Afghanistan & Pakistan",Lower middle income,2002,,,
PSE,PS,West Bank and Gaza,"Middle East, North Africa, Afghanistan & Pakistan",Lower middle income,2003,,,
PSE,PS,West Bank and Gaza,"Middle East, North Africa, Afghanistan & Pakistan",Lower middle income,2004,,,
PSE,PS,West Bank and Gaza,"Middle East, North Africa, Afghanistan & Pakistan",Lower middle income,2005,,,
PSE,PS,West Bank and Gaza,"Middle East, North Africa, Afghanistan & Pakistan",Lower middle income,2006,,,
PSE,PS,West Bank and Gaza,"Middle East, North Africa, Afghanistan & Pakistan",Lower middle income,2007,,,
PSE,PS,West Bank and Gaza,"Middle East, North Africa, Afghanistan & Pakistan",Lower middle income,2008,,,
PSE,PS,West Bank and Gaza,"Middle East, North Africa, Afghanistan & Pakistan",Lower middle income,2009,,,
PSE,PS,West Bank and Gaza,"Middle East, North Africa, Afghanistan & Pakistan",Lower middle income,2010,,,
PSE,PS,West Bank and Gaza,"Middle East, North Africa, Afghanistan & Pakistan",Lower middle income,2011,,,
PSE,PS,West Bank and Gaza,"Middle East, North Africa, Afghanistan & Pakistan",Lower middle income,2012,,,
PSE,PS,West Bank and Gaza,"Middle East, North Africa, Afghanistan & Pakistan",Lower middle income,2013,,,
PSE,PS,West Bank and Gaza,"Middle East, North Africa, Afghanistan & Pakistan",Lower middle income,2014,,,
PSE,PS,West Bank and Gaza,"Middle East, North Africa, Afghanistan & Pakistan",Lower middle income,2015,,,
PSE,PS,West Bank and Gaza,"Middle East, North Africa, Afghanistan & Pakistan",Lower middle income,2016,,,
PSE,PS,West Bank and Gaza,"Middle East, North Africa, Afghanistan & Pakistan",Lower middle income,2017,,,
PSE,PS,West Bank and Gaza,"Middle East, North Africa, Afghanistan & Pakistan",Lower middle income,2018,,,
PSE,PS,West Bank and Gaza,"Middle East, North Africa, Afghanistan & Pakistan",Lower middle income,2019,,,
PSE,PS,West Bank and Gaza,"Middle East, North Africa, Afghanistan & Pakistan",Lower middle income,2020,,,
PSE,PS,West Bank and Gaza,"Middle East, North Africa, Afghanistan & Pakistan",Lower middle income,2021,,,
PSE,PS,West Bank and Gaza,"Middle East, North Africa, Afghanistan & Pakistan",Lower middle income,2022,,,
PSE,PS,West Bank and Gaza,"Middle East, North Africa, Afghanistan & Pakistan",Lower middle income,2023,,,
PSE,PS,West Bank and Gaza,"Middle East, North Africa, Afghanistan & Pakistan",Lower middle income,2024,,,
PYF,PF,French Polynesia,East Asia & Pacific,High income,2000,,,
PYF,PF,French Polynesia,East Asia & Pacific,High income,2001,,,
PYF,PF,French Polynesia,East Asia & Pacific,High income,2002,,,
PYF,PF,French Polynesia,East Asia & Pacific,High income,2003,,,
PYF,PF,French Polynesia,East Asia & Pacific,High income,2004,,,
PYF,PF,French Polynesia,East Asia & Pacific,High income,2005,,,
PYF,PF,French Polynesia,East Asia & Pacific,High income,2006,,,
PYF,PF,French Polynesia,East Asia & Pacific,High income,2007,,,
PYF,PF,French Polynesia,East Asia & Pacific,High income,2008,,,
PYF,PF,French Polynesia,East Asia & Pacific,High income,2009,,,
PYF,PF,French Polynesia,East Asia & Pacific,High income,2010,,,
PYF,PF,French Polynesia,East Asia & Pacific,High income,2011,,,
PYF,PF,French Polynesia,East Asia & Pacific,High income,2012,,,
PYF,PF,French Polynesia,East Asia & Pacific,High income,2013,,,
PYF,PF,French Polynesia,East Asia & Pacific,High income,2014,,,
PYF,PF,French Polynesia,East Asia & Pacific,High income,2015,,,
PYF,PF,French Polynesia,East Asia & Pacific,High income,2016,,,
PYF,PF,French Polynesia,East Asia & Pacific,High income,2017,,,
PYF,PF,French Polynesia,East Asia & Pacific,High income,2018,,,
PYF,PF,French Polynesia,East Asia & Pacific,High income,2019,,,
PYF,PF,French Polynesia,East Asia & Pacific,High income,2020,,,
PYF,PF,French Polynesia,East Asia & Pacific,High income,2021,,,
PYF,PF,French Polynesia,East Asia & Pacific,High income,2022,,,
PYF,PF,French Polynesia,East Asia & Pacific,High income,2023,,,
PYF,PF,French Polynesia,East Asia & Pacific,High income,2024,,,
QAT,QA,Qatar,"Middle East, North Africa, Afghanistan & Pakistan",High income,2000,,,
QAT,QA,Qatar,"Middle East, North Africa, Afghanistan & Pakistan",High income,2001,,,
QAT,QA,Qatar,"Middle East, North Africa, Afghanistan & Pakistan",High income,2002,,,
QAT,QA,Qatar,"Middle East, North Africa, Afghanistan & Pakistan",High income,2003,,,
QAT,QA,Qatar,"Middle East, North Africa, Afghanistan & Pakistan",High income,2004,0.0,0.0,0.0
QAT,QA,Qatar,"Middle East, North Africa, Afghanistan & Pakistan",High income,2005,,,
QAT,QA,Qatar,"Middle East, North Africa, Afghanistan & Pakistan",High income,2006,,,
QAT,QA,Qatar,"Middle East, North Africa, Afghanistan & Pakistan",High income,2007,,,
QAT,QA,Qatar,"Middle East, North Africa, Afghanistan & Pakistan",High income,2008,,,
QAT,QA,Qatar,"Middle East, North Africa, Afghanistan & Pakistan",High income,2009,,,
QAT,QA,Qatar,"Middle East, North Africa, Afghanistan & Pakistan",High income,2010,,,
QAT,QA,Qatar,"Middle East, North Africa, Afghanistan & Pakistan",High income,2011,,,
QAT,QA,Qatar,"Middle East, North Africa, Afghanistan & Pakistan",High income,2012,,,
QAT,QA,Qatar,"Middle East, North Africa, Afghanistan & Pakistan",High income,2013,,,
QAT,QA,Qatar,"Middle East, North Africa, Afghanistan & Pakistan",High income,2014,,,
QAT,QA,Qatar,"Middle East, North Africa, Afghanistan & Pakistan",High income,2015,,,
QAT,QA,Qatar,"Middle East, North Africa, Afghanistan & Pakistan",High income,2016,,,
QAT,QA,Qatar,"Middle East, North Africa, Afghanistan & Pakistan",High income,2017,,,
QAT,QA,Qatar,"Middle East, North Africa, Afghanistan & Pakistan",High income,2018,,,
QAT,QA,Qatar,"Middle East, North Africa, Afghanistan & Pakistan",High income,2019,,,
QAT,QA,Qatar,"Middle East, North Africa, Afghanistan & Pakistan",High income,2020,,,
QAT,QA,Qatar,"Middle East, North Africa, Afghanistan & Pakistan",High income,2021,,,
QAT,QA,Qatar,"Middle East, North Africa, Afghanistan & Pakistan",High income,2022,,,
QAT,QA,Qatar,"Middle East, North Africa, Afghanistan & Pakistan",High income,2023,,,
QAT,QA,Qatar,"Middle East, North Africa, Afghanistan & Pakistan",High income,2024,,,
ROU,RO,Romania,Europe & Central Asia,High income,2000,,,
ROU,RO,Romania,Europe & Central Asia,High income,2001,,,
ROU,RO,Romania,Europe & Central Asia,High income,2002,,,
ROU,RO,Romania,Europe & Central Asia,High income,2003,,,
ROU,RO,Romania,Europe & Central Asia,High income,2004,,,
ROU,RO,Romania,Europe & Central Asia,High income,2005,,,
ROU,RO,Romania,Europe & Central Asia,High income,2006,,,
ROU,RO,Romania,Europe & Central Asia,High income,2007,,,
ROU,RO,Romania,Europe & Central Asia,High income,2008,,,
ROU,RO,Romania,Europe & Central Asia,High income,2009,,,
ROU,RO,Romania,Europe & Central Asia,High income,2010,,,
ROU,RO,Romania,Europe & Central Asia,High income,2011,,,
ROU,RO,Romania,Europe & Central Asia,High income,2012,,,
ROU,RO,Romania,Europe & Central Asia,High income,2013,,,
ROU,RO,Romania,Europe & Central Asia,High income,2014,,,
ROU,RO,Romania,Europe & Central Asia,High income,2015,,,
ROU,RO,Romania,Europe & Central Asia,High income,2016,,,
ROU,RO,Romania,Europe & Central Asia,High income,2017,,,
ROU,RO,Romania,Europe & Central Asia,High income,2018,,,
ROU,RO,Romania,Europe & Central Asia,High income,2019,,,
ROU,RO,Romania,Europe & Central Asia,High income,2020,,,
ROU,RO,Romania,Europe & Central Asia,High income,2021,,,
ROU,RO,Romania,Europe & Central Asia,High income,2022,,,
ROU,RO,Romania,Europe & Central Asia,High income,2023,,,
ROU,RO,Romania,Europe & Central Asia,High income,2024,,,
RUS,RU,Russian Federation,Europe & Central Asia,High income,2000,2907.0,1.0,7.97522083865341
RUS,RU,Russian Federation,Europe & Central Asia,High income,2001,791.0,1.0,6.674561391814426
RUS,RU,Russian Federation,Europe & Central Asia,High income,2002,1289.0,1.0,7.162397497355718
RUS,RU,Russian Federation,Europe & Central Asia,High income,2003,480.0,1.0,6.175867270105761
RUS,RU,Russian Federation,Europe & Central Asia,High income,2004,1151.0,1.0,7.049254841255837
RUS,RU,Russian Federation,Europe & Central Asia,High income,2005,682.0,1.0,6.52649485957079
RUS,RU,Russian Federation,Europe & Central Asia,High income,2006,259.0,1.0,5.560681631015528
RUS,RU,Russian Federation,Europe & Central Asia,High income,2007,176.0,1.0,5.176149732573829
RUS,RU,Russian Federation,Europe & Central Asia,High income,2008,404.0,1.0,6.003887067106539
RUS,RU,Russian Federation,Europe & Central Asia,High income,2009,697.0,1.0,6.548219102762372
RUS,RU,Russian Federation,Europe & Central Asia,High income,2010,418.0,1.0,6.037870919922137
RUS,RU,Russian Federation,Europe & Central Asia,High income,2011,356.0,1.0,5.877735781779639
RUS,RU,Russian Federation,Europe & Central Asia,High income,2012,516.0,1.0,6.248042874508429
RUS,RU,Russian Federation,Europe & Central Asia,High income,2013,321.0,1.0,5.7745515455444085
RUS,RU,Russian Federation,Europe & Central Asia,High income,2014,174.0,1.0,5.1647859739235145
RUS,RU,Russian Federation,Europe & Central Asia,High income,2015,84.0,1.0,4.442651256490317
RUS,RU,Russian Federation,Europe & Central Asia,High income,2016,69.0,1.0,4.248495242049359
RUS,RU,Russian Federation,Europe & Central Asia,High income,2017,53.0,1.0,3.9889840465642745
RUS,RU,Russian Federation,Europe & Central Asia,High income,2018,30.0,1.0,3.4339872044851463
RUS,RU,Russian Federation,Europe & Central Asia,High income,2019,26.0,1.0,3.295836866004329
RUS,RU,Russian Federation,Europe & Central Asia,High income,2020,32.0,1.0,3.4965075614664802
RUS,RU,Russian Federation,Europe & Central Asia,High income,2021,,,
RUS,RU,Russian Federation,Europe & Central Asia,High income,2022,65.0,1.0,4.189654742026425
RUS,RU,Russian Federation,Europe & Central Asia,High income,2023,197.0,1.0,5.288267030694535
RUS,RU,Russian Federation,Europe & Central Asia,High income,2024,7670.0,1.0,8.945202263959297
RWA,RW,Rwanda,Sub-Saharan Africa,Low income,2000,,,
RWA,RW,Rwanda,Sub-Saharan Africa,Low income,2001,2044.0,1.0,7.623153068476902
RWA,RW,Rwanda,Sub-Saharan Africa,Low income,2002,,,
RWA,RW,Rwanda,Sub-Saharan Africa,Low income,2003,,,
RWA,RW,Rwanda,Sub-Saharan Africa,Low income,2004,,,
RWA,RW,Rwanda,Sub-Saharan Africa,Low income,2005,,,
RWA,RW,Rwanda,Sub-Saharan Africa,Low income,2006,,,
RWA,RW,Rwanda,Sub-Saharan Africa,Low income,2007,,,
RWA,RW,Rwanda,Sub-Saharan Africa,Low income,2008,,,
RWA,RW,Rwanda,Sub-Saharan Africa,Low income,2009,,,
RWA,RW,Rwanda,Sub-Saharan Africa,Low income,2010,,,
RWA,RW,Rwanda,Sub-Saharan Africa,Low income,2011,,,
RWA,RW,Rwanda,Sub-Saharan Africa,Low income,2012,13.0,1.0,2.6390573296152584
RWA,RW,Rwanda,Sub-Saharan Africa,Low income,2013,1.0,1.0,0.6931471805599453
RWA,RW,Rwanda,Sub-Saharan Africa,Low income,2014,,,
RWA,RW,Rwanda,Sub-Saharan Africa,Low income,2015,,,
RWA,RW,Rwanda,Sub-Saharan Africa,Low income,2016,,,
RWA,RW,Rwanda,Sub-Saharan Africa,Low income,2017,,,
RWA,RW,Rwanda,Sub-Saharan Africa,Low income,2018,,,
RWA,RW,Rwanda,Sub-Saharan Africa,Low income,2019,19.0,1.0,2.995732273553991
RWA,RW,Rwanda,Sub-Saharan Africa,Low income,2020,,,
RWA,RW,Rwanda,Sub-Saharan Africa,Low income,2021,,,
RWA,RW,Rwanda,Sub-Saharan Africa,Low income,2022,4.0,1.0,1.6094379124341003
RWA,RW,Rwanda,Sub-Saharan Africa,Low income,2023,,,
RWA,RW,Rwanda,Sub-Saharan Africa,Low income,2024,1.0,1.0,0.6931471805599453
SAU,SA,Saudi Arabia,"Middle East, North Africa, Afghanistan & Pakistan",High income,2000,,,
SAU,SA,Saudi Arabia,"Middle East, North Africa, Afghanistan & Pakistan",High income,2001,,,
SAU,SA,Saudi Arabia,"Middle East, North Africa, Afghanistan & Pakistan",High income,2002,,,
SAU,SA,Saudi Arabia,"Middle East, North Africa, Afghanistan & Pakistan",High income,2003,,,
SAU,SA,Saudi Arabia,"Middle East, North Africa, Afghanistan & Pakistan",High income,2004,58.0,1.0,4.07753744390572
SAU,SA,Saudi Arabia,"Middle East, North Africa, Afghanistan & Pakistan",High income,2005,31.0,1.0,3.4657359027997265
SAU,SA,Saudi Arabia,"Middle East, North Africa, Afghanistan & Pakistan",High income,2006,11.0,1.0,2.4849066497880004
SAU,SA,Saudi Arabia,"Middle East, North Africa, Afghanistan & Pakistan",High income,2007,2.0,1.0,1.0986122886681098
SAU,SA,Saudi Arabia,"Middle East, North Africa, Afghanistan & Pakistan",High income,2008,,,
SAU,SA,Saudi Arabia,"Middle East, North Africa, Afghanistan & Pakistan",High income,2009,,,
SAU,SA,Saudi Arabia,"Middle East, North Africa, Afghanistan & Pakistan",High income,2010,,,
SAU,SA,Saudi Arabia,"Middle East, North Africa, Afghanistan & Pakistan",High income,2011,,,
SAU,SA,Saudi Arabia,"Middle East, North Africa, Afghanistan & Pakistan",High income,2012,,,
SAU,SA,Saudi Arabia,"Middle East, North Africa, Afghanistan & Pakistan",High income,2013,,,
SAU,SA,Saudi Arabia,"Middle East, North Africa, Afghanistan & Pakistan",High income,2014,,,
SAU,SA,Saudi Arabia,"Middle East, North Africa, Afghanistan & Pakistan",High income,2015,81.0,1.0,4.406719247264253
SAU,SA,Saudi Arabia,"Middle East, North Africa, Afghanistan & Pakistan",High income,2016,120.0,1.0,4.795790545596741
SAU,SA,Saudi Arabia,"Middle East, North Africa, Afghanistan & Pakistan",High income,2017,45.0,1.0,3.828641396489095
SAU,SA,Saudi Arabia,"Middle East, North Africa, Afghanistan & Pakistan",High income,2018,11.0,1.0,2.4849066497880004
SAU,SA,Saudi Arabia,"Middle East, North Africa, Afghanistan & Pakistan",High income,2019,5.0,1.0,1.791759469228055
SAU,SA,Saudi Arabia,"Middle East, North Africa, Afghanistan & Pakistan",High income,2020,0.0,0.0,0.0
SAU,SA,Saudi Arabia,"Middle East, North Africa, Afghanistan & Pakistan",High income,2021,6.0,1.0,1.9459101490553132
SAU,SA,Saudi Arabia,"Middle East, North Africa, Afghanistan & Pakistan",High income,2022,,,
SAU,SA,Saudi Arabia,"Middle East, North Africa, Afghanistan & Pakistan",High income,2023,9.0,1.0,2.302585092994046
SAU,SA,Saudi Arabia,"Middle East, North Africa, Afghanistan & Pakistan",High income,2024,,,
SDN,SD,Sudan,Sub-Saharan Africa,Low income,2000,2841.0,1.0,7.952263308657046
SDN,SD,Sudan,Sub-Saharan Africa,Low income,2001,3457.0,1.0,8.148445666243235
SDN,SD,Sudan,Sub-Saharan Africa,Low income,2002,2312.0,1.0,7.746300662231439
SDN,SD,Sudan,Sub-Saharan Africa,Low income,2003,2008.0,1.0,7.605392364814935
SDN,SD,Sudan,Sub-Saharan Africa,Low income,2004,3671.0,1.0,8.20849175174038
SDN,SD,Sudan,Sub-Saharan Africa,Low income,2005,246.0,1.0,5.5093883366279774
SDN,SD,Sudan,Sub-Saharan Africa,Low income,2006,1030.0,1.0,6.93828448401696
SDN,SD,Sudan,Sub-Saharan Africa,Low income,2007,217.0,1.0,5.384495062789089
SDN,SD,Sudan,Sub-Saharan Africa,Low income,2008,620.0,1.0,6.431331081933479
SDN,SD,Sudan,Sub-Saharan Africa,Low income,2009,373.0,1.0,5.924255797414532
SDN,SD,Sudan,Sub-Saharan Africa,Low income,2010,1054.0,1.0,6.961296045910167
SDN,SD,Sudan,Sub-Saharan Africa,Low income,2011,1404.0,1.0,7.247792581767846
SDN,SD,Sudan,Sub-Saharan Africa,Low income,2012,1411.0,1.0,7.252762418053187
SDN,SD,Sudan,Sub-Saharan Africa,Low income,2013,594.0,1.0,6.38856140554563
SDN,SD,Sudan,Sub-Saharan Africa,Low income,2014,849.0,1.0,6.745236349484363
SDN,SD,Sudan,Sub-Saharan Africa,Low income,2015,1264.0,1.0,7.142827401161621
SDN,SD,Sudan,Sub-Saharan Africa,Low income,2016,1309.0,1.0,7.177782416195197
SDN,SD,Sudan,Sub-Saharan Africa,Low income,2017,160.0,1.0,5.081404364984463
SDN,SD,Sudan,Sub-Saharan Africa,Low income,2018,243.0,1.0,5.497168225293202
SDN,SD,Sudan,Sub-Saharan Africa,Low income,2019,,,
SDN,SD,Sudan,Sub-Saharan Africa,Low income,2020,45.0,1.0,3.828641396489095
SDN,SD,Sudan,Sub-Saharan Africa,Low income,2021,31.0,1.0,3.4657359027997265
SDN,SD,Sudan,Sub-Saharan Africa,Low income,2022,54.0,1.0,4.007333185232471
SDN,SD,Sudan,Sub-Saharan Africa,Low income,2023,5353.0,1.0,8.585599224080298
SDN,SD,Sudan,Sub-Saharan Africa,Low income,2024,4680.0,1.0,8.45126704130007
SEN,SN,Senegal,Sub-Saharan Africa,Lower middle income,2000,47.0,1.0,3.871201010907891
SEN,SN,Senegal,Sub-Saharan Africa,Lower middle income,2001,33.0,1.0,3.5263605246161616
SEN,SN,Senegal,Sub-Saharan Africa,Lower middle income,2002,,,
SEN,SN,Senegal,Sub-Saharan Africa,Lower middle income,2003,39.0,1.0,3.6888794541139363
SEN,SN,Senegal,Sub-Saharan Africa,Lower middle income,2004,,,
SEN,SN,Senegal,Sub-Saharan Africa,Lower middle income,2005,,,
SEN,SN,Senegal,Sub-Saharan Africa,Lower middle income,2006,,,
SEN,SN,Senegal,Sub-Saharan Africa,Lower middle income,2007,,,
SEN,SN,Senegal,Sub-Saharan Africa,Lower middle income,2008,,,
SEN,SN,Senegal,Sub-Saharan Africa,Lower middle income,2009,,,
SEN,SN,Senegal,Sub-Saharan Africa,Lower middle income,2010,,,
SEN,SN,Senegal,Sub-Saharan Africa,Lower middle income,2011,25.0,1.0,3.258096538021482
SEN,SN,Senegal,Sub-Saharan Africa,Lower middle income,2012,,,
SEN,SN,Senegal,Sub-Saharan Africa,Lower middle income,2013,,,
SEN,SN,Senegal,Sub-Saharan Africa,Lower middle income,2014,,,
SEN,SN,Senegal,Sub-Saharan Africa,Lower middle income,2015,,,
SEN,SN,Senegal,Sub-Saharan Africa,Lower middle income,2016,,,
SEN,SN,Senegal,Sub-Saharan Africa,Lower middle income,2017,,,
SEN,SN,Senegal,Sub-Saharan Africa,Lower middle income,2018,,,
SEN,SN,Senegal,Sub-Saharan Africa,Lower middle income,2019,,,
SEN,SN,Senegal,Sub-Saharan Africa,Lower middle income,2020,,,
SEN,SN,Senegal,Sub-Saharan Africa,Lower middle income,2021,,,
SEN,SN,Senegal,Sub-Saharan Africa,Lower middle income,2022,,,
SEN,SN,Senegal,Sub-Saharan Africa,Lower middle income,2023,,,
SEN,SN,Senegal,Sub-Saharan Africa,Lower middle income,2024,,,
SGP,SG,Singapore,East Asia & Pacific,High income,2000,,,
SGP,SG,Singapore,East Asia & Pacific,High income,2001,,,
SGP,SG,Singapore,East Asia & Pacific,High income,2002,,,
SGP,SG,Singapore,East Asia & Pacific,High income,2003,,,
SGP,SG,Singapore,East Asia & Pacific,High income,2004,,,
SGP,SG,Singapore,East Asia & Pacific,High income,2005,,,
SGP,SG,Singapore,East Asia & Pacific,High income,2006,,,
SGP,SG,Singapore,East Asia & Pacific,High income,2007,,,
SGP,SG,Singapore,East Asia & Pacific,High income,2008,,,
SGP,SG,Singapore,East Asia & Pacific,High income,2009,,,
SGP,SG,Singapore,East Asia & Pacific,High income,2010,,,
SGP,SG,Singapore,East Asia & Pacific,High income,2011,,,
SGP,SG,Singapore,East Asia & Pacific,High income,2012,,,
SGP,SG,Singapore,East Asia & Pacific,High income,2013,,,
SGP,SG,Singapore,East Asia & Pacific,High income,2014,,,
SGP,SG,Singapore,East Asia & Pacific,High income,2015,,,
SGP,SG,Singapore,East Asia & Pacific,High income,2016,,,
SGP,SG,Singapore,East Asia & Pacific,High income,2017,,,
SGP,SG,Singapore,East Asia & Pacific,High income,2018,,,
SGP,SG,Singapore,East Asia & Pacific,High income,2019,,,
SGP,SG,Singapore,East Asia & Pacific,High income,2020,,,
SGP,SG,Singapore,East Asia & Pacific,High income,2021,,,
SGP,SG,Singapore,East Asia & Pacific,High income,2022,,,
SGP,SG,Singapore,East Asia & Pacific,High income,2023,,,
SGP,SG,Singapore,East Asia & Pacific,High income,2024,,,
SLB,SB,Solomon Islands,East Asia & Pacific,Lower middle income,2000,,,
SLB,SB,Solomon Islands,East Asia & Pacific,Lower middle income,2001,,,
SLB,SB,Solomon Islands,East Asia & Pacific,Lower middle income,2002,,,
SLB,SB,Solomon Islands,East Asia & Pacific,Lower middle income,2003,,,
SLB,SB,Solomon Islands,East Asia & Pacific,Lower middle income,2004,,,
SLB,SB,Solomon Islands,East Asia & Pacific,Lower middle income,2005,,,
SLB,SB,Solomon Islands,East Asia & Pacific,Lower middle income,2006,,,
SLB,SB,Solomon Islands,East Asia & Pacific,Lower middle income,2007,,,
SLB,SB,Solomon Islands,East Asia & Pacific,Lower middle income,2008,,,
SLB,SB,Solomon Islands,East Asia & Pacific,Lower middle income,2009,,,
SLB,SB,Solomon Islands,East Asia & Pacific,Lower middle income,2010,,,
SLB,SB,Solomon Islands,East Asia & Pacific,Lower middle income,2011,,,
SLB,SB,Solomon Islands,East Asia & Pacific,Lower middle income,2012,,,
SLB,SB,Solomon Islands,East Asia & Pacific,Lower middle income,2013,,,
SLB,SB,Solomon Islands,East Asia & Pacific,Lower middle income,2014,,,
SLB,SB,Solomon Islands,East Asia & Pacific,Lower middle income,2015,,,
SLB,SB,Solomon Islands,East Asia & Pacific,Lower middle income,2016,,,
SLB,SB,Solomon Islands,East Asia & Pacific,Lower middle income,2017,,,
SLB,SB,Solomon Islands,East Asia & Pacific,Lower middle income,2018,,,
SLB,SB,Solomon Islands,East Asia & Pacific,Lower middle income,2019,,,
SLB,SB,Solomon Islands,East Asia & Pacific,Lower middle income,2020,,,
SLB,SB,Solomon Islands,East Asia & Pacific,Lower middle income,2021,,,
SLB,SB,Solomon Islands,East Asia & Pacific,Lower middle income,2022,,,
SLB,SB,Solomon Islands,East Asia & Pacific,Lower middle income,2023,,,
SLB,SB,Solomon Islands,East Asia & Pacific,Lower middle income,2024,,,
SLE,SL,Sierra Leone,Sub-Saharan Africa,Low income,2000,382.0,1.0,5.948034989180646
SLE,SL,Sierra Leone,Sub-Saharan Africa,Low income,2001,50.0,1.0,3.9318256327243257
SLE,SL,Sierra Leone,Sub-Saharan Africa,Low income,2002,,,
SLE,SL,Sierra Leone,Sub-Saharan Africa,Low income,2003,,,
SLE,SL,Sierra Leone,Sub-Saharan Africa,Low income,2004,,,
SLE,SL,Sierra Leone,Sub-Saharan Africa,Low income,2005,,,
SLE,SL,Sierra Leone,Sub-Saharan Africa,Low income,2006,,,
SLE,SL,Sierra Leone,Sub-Saharan Africa,Low income,2007,,,
SLE,SL,Sierra Leone,Sub-Saharan Africa,Low income,2008,,,
SLE,SL,Sierra Leone,Sub-Saharan Africa,Low income,2009,,,
SLE,SL,Sierra Leone,Sub-Saharan Africa,Low income,2010,,,
SLE,SL,Sierra Leone,Sub-Saharan Africa,Low income,2011,,,
SLE,SL,Sierra Leone,Sub-Saharan Africa,Low income,2012,,,
SLE,SL,Sierra Leone,Sub-Saharan Africa,Low income,2013,,,
SLE,SL,Sierra Leone,Sub-Saharan Africa,Low income,2014,,,
SLE,SL,Sierra Leone,Sub-Saharan Africa,Low income,2015,,,
SLE,SL,Sierra Leone,Sub-Saharan Africa,Low income,2016,,,
SLE,SL,Sierra Leone,Sub-Saharan Africa,Low income,2017,,,
SLE,SL,Sierra Leone,Sub-Saharan Africa,Low income,2018,,,
SLE,SL,Sierra Leone,Sub-Saharan Africa,Low income,2019,,,
SLE,SL,Sierra Leone,Sub-Saharan Africa,Low income,2020,,,
SLE,SL,Sierra Leone,Sub-Saharan Africa,Low income,2021,,,
SLE,SL,Sierra Leone,Sub-Saharan Africa,Low income,2022,,,
SLE,SL,Sierra Leone,Sub-Saharan Africa,Low income,2023,,,
SLE,SL,Sierra Leone,Sub-Saharan Africa,Low income,2024,,,
SLV,SV,El Salvador,Latin America & Caribbean,Upper middle income,2000,,,
SLV,SV,El Salvador,Latin America & Caribbean,Upper middle income,2001,,,
SLV,SV,El Salvador,Latin America & Caribbean,Upper middle income,2002,,,
SLV,SV,El Salvador,Latin America & Caribbean,Upper middle income,2003,,,
SLV,SV,El Salvador,Latin America & Caribbean,Upper middle income,2004,,,
SLV,SV,El Salvador,Latin America & Caribbean,Upper middle income,2005,,,
SLV,SV,El Salvador,Latin America & Caribbean,Upper middle income,2006,,,
SLV,SV,El Salvador,Latin America & Caribbean,Upper middle income,2007,,,
SLV,SV,El Salvador,Latin America & Caribbean,Upper middle income,2008,,,
SLV,SV,El Salvador,Latin America & Caribbean,Upper middle income,2009,,,
SLV,SV,El Salvador,Latin America & Caribbean,Upper middle income,2010,,,
SLV,SV,El Salvador,Latin America & Caribbean,Upper middle income,2011,,,
SLV,SV,El Salvador,Latin America & Caribbean,Upper middle income,2012,,,
SLV,SV,El Salvador,Latin America & Caribbean,Upper middle income,2013,,,
SLV,SV,El Salvador,Latin America & Caribbean,Upper middle income,2014,,,
SLV,SV,El Salvador,Latin America & Caribbean,Upper middle income,2015,,,
SLV,SV,El Salvador,Latin America & Caribbean,Upper middle income,2016,,,
SLV,SV,El Salvador,Latin America & Caribbean,Upper middle income,2017,,,
SLV,SV,El Salvador,Latin America & Caribbean,Upper middle income,2018,,,
SLV,SV,El Salvador,Latin America & Caribbean,Upper middle income,2019,,,
SLV,SV,El Salvador,Latin America & Caribbean,Upper middle income,2020,,,
SLV,SV,El Salvador,Latin America & Caribbean,Upper middle income,2021,,,
SLV,SV,El Salvador,Latin America & Caribbean,Upper middle income,2022,,,
SLV,SV,El Salvador,Latin America & Caribbean,Upper middle income,2023,,,
SLV,SV,El Salvador,Latin America & Caribbean,Upper middle income,2024,,,
SMR,SM,San Marino,Europe & Central Asia,High income,2000,,,
SMR,SM,San Marino,Europe & Central Asia,High income,2001,,,
SMR,SM,San Marino,Europe & Central Asia,High income,2002,,,
SMR,SM,San Marino,Europe & Central Asia,High income,2003,,,
SMR,SM,San Marino,Europe & Central Asia,High income,2004,,,
SMR,SM,San Marino,Europe & Central Asia,High income,2005,,,
SMR,SM,San Marino,Europe & Central Asia,High income,2006,,,
SMR,SM,San Marino,Europe & Central Asia,High income,2007,,,
SMR,SM,San Marino,Europe & Central Asia,High income,2008,,,
SMR,SM,San Marino,Europe & Central Asia,High income,2009,,,
SMR,SM,San Marino,Europe & Central Asia,High income,2010,,,
SMR,SM,San Marino,Europe & Central Asia,High income,2011,,,
SMR,SM,San Marino,Europe & Central Asia,High income,2012,,,
SMR,SM,San Marino,Europe & Central Asia,High income,2013,,,
SMR,SM,San Marino,Europe & Central Asia,High income,2014,,,
SMR,SM,San Marino,Europe & Central Asia,High income,2015,,,
SMR,SM,San Marino,Europe & Central Asia,High income,2016,,,
SMR,SM,San Marino,Europe & Central Asia,High income,2017,,,
SMR,SM,San Marino,Europe & Central Asia,High income,2018,,,
SMR,SM,San Marino,Europe & Central Asia,High income,2019,,,
SMR,SM,San Marino,Europe & Central Asia,High income,2020,,,
SMR,SM,San Marino,Europe & Central Asia,High income,2021,,,
SMR,SM,San Marino,Europe & Central Asia,High income,2022,,,
SMR,SM,San Marino,Europe & Central Asia,High income,2023,,,
SMR,SM,San Marino,Europe & Central Asia,High income,2024,,,
SOM,SO,"Somalia, Fed. Rep.",Sub-Saharan Africa,Low income,2000,,,
SOM,SO,"Somalia, Fed. Rep.",Sub-Saharan Africa,Low income,2001,228.0,1.0,5.43372200355424
SOM,SO,"Somalia, Fed. Rep.",Sub-Saharan Africa,Low income,2002,114.0,1.0,4.74493212836325
SOM,SO,"Somalia, Fed. Rep.",Sub-Saharan Africa,Low income,2003,,,
SOM,SO,"Somalia, Fed. Rep.",Sub-Saharan Africa,Low income,2004,0.0,0.0,0.0
SOM,SO,"Somalia, Fed. Rep.",Sub-Saharan Africa,Low income,2005,,,
SOM,SO,"Somalia, Fed. Rep.",Sub-Saharan Africa,Low income,2006,547.0,1.0,6.306275286948016
SOM,SO,"Somalia, Fed. Rep.",Sub-Saharan Africa,Low income,2007,1575.0,1.0,7.362645270417825
SOM,SO,"Somalia, Fed. Rep.",Sub-Saharan Africa,Low income,2008,1521.0,1.0,7.3277805384216315
SOM,SO,"Somalia, Fed. Rep.",Sub-Saharan Africa,Low income,2009,1477.0,1.0,7.298445101508147
SOM,SO,"Somalia, Fed. Rep.",Sub-Saharan Africa,Low income,2010,2150.0,1.0,7.67368812926773
SOM,SO,"Somalia, Fed. Rep.",Sub-Saharan Africa,Low income,2011,1937.0,1.0,7.569411792450712
SOM,SO,"Somalia, Fed. Rep.",Sub-Saharan Africa,Low income,2012,2624.0,1.0,7.872836175025724
SOM,SO,"Somalia, Fed. Rep.",Sub-Saharan Africa,Low income,2013,913.0,1.0,6.81783057145415
SOM,SO,"Somalia, Fed. Rep.",Sub-Saharan Africa,Low income,2014,1111.0,1.0,7.013915474810528
SOM,SO,"Somalia, Fed. Rep.",Sub-Saharan Africa,Low income,2015,1201.0,1.0,7.091742115095153
SOM,SO,"Somalia, Fed. Rep.",Sub-Saharan Africa,Low income,2016,1933.0,1.0,7.56734567601324
SOM,SO,"Somalia, Fed. Rep.",Sub-Saharan Africa,Low income,2017,1918.0,1.0,7.5595594960077
SOM,SO,"Somalia, Fed. Rep.",Sub-Saharan Africa,Low income,2018,2204.0,1.0,7.6984827878809465
SOM,SO,"Somalia, Fed. Rep.",Sub-Saharan Africa,Low income,2019,1943.0,1.0,7.572502985020384
SOM,SO,"Somalia, Fed. Rep.",Sub-Saharan Africa,Low income,2020,1942.0,1.0,7.57198844937744
SOM,SO,"Somalia, Fed. Rep.",Sub-Saharan Africa,Low income,2021,2174.0,1.0,7.684783943522785
SOM,SO,"Somalia, Fed. Rep.",Sub-Saharan Africa,Low income,2022,3032.0,1.0,8.017307507688582
SOM,SO,"Somalia, Fed. Rep.",Sub-Saharan Africa,Low income,2023,3847.0,1.0,8.255308811785596
SOM,SO,"Somalia, Fed. Rep.",Sub-Saharan Africa,Low income,2024,2284.0,1.0,7.734121303328305
SRB,RS,Serbia,Europe & Central Asia,Upper middle income,2000,,,
SRB,RS,Serbia,Europe & Central Asia,Upper middle income,2001,0.0,0.0,0.0
SRB,RS,Serbia,Europe & Central Asia,Upper middle income,2002,,,
SRB,RS,Serbia,Europe & Central Asia,Upper middle income,2003,,,
SRB,RS,Serbia,Europe & Central Asia,Upper middle income,2004,,,
SRB,RS,Serbia,Europe & Central Asia,Upper middle income,2005,,,
SRB,RS,Serbia,Europe & Central Asia,Upper middle income,2006,,,
SRB,RS,Serbia,Europe & Central Asia,Upper middle income,2007,,,
SRB,RS,Serbia,Europe & Central Asia,Upper middle income,2008,,,
SRB,RS,Serbia,Europe & Central Asia,Upper middle income,2009,,,
SRB,RS,Serbia,Europe & Central Asia,Upper middle income,2010,,,
SRB,RS,Serbia,Europe & Central Asia,Upper middle income,2011,,,
SRB,RS,Serbia,Europe & Central Asia,Upper middle income,2012,,,
SRB,RS,Serbia,Europe & Central Asia,Upper middle income,2013,,,
SRB,RS,Serbia,Europe & Central Asia,Upper middle income,2014,,,
SRB,RS,Serbia,Europe & Central Asia,Upper middle income,2015,,,
SRB,RS,Serbia,Europe & Central Asia,Upper middle income,2016,,,
SRB,RS,Serbia,Europe & Central Asia,Upper middle income,2017,,,
SRB,RS,Serbia,Europe & Central Asia,Upper middle income,2018,,,
SRB,RS,Serbia,Europe & Central Asia,Upper middle income,2019,,,
SRB,RS,Serbia,Europe & Central Asia,Upper middle income,2020,,,
SRB,RS,Serbia,Europe & Central Asia,Upper middle income,2021,,,
SRB,RS,Serbia,Europe & Central Asia,Upper middle income,2022,,,
SRB,RS,Serbia,Europe & Central Asia,Upper middle income,2023,,,
SRB,RS,Serbia,Europe & Central Asia,Upper middle income,2024,,,
SSD,SS,South Sudan,Sub-Saharan Africa,Low income,2000,,,
SSD,SS,South Sudan,Sub-Saharan Africa,Low income,2001,,,
SSD,SS,South Sudan,Sub-Saharan Africa,Low income,2002,,,
SSD,SS,South Sudan,Sub-Saharan Africa,Low income,2003,,,
SSD,SS,South Sudan,Sub-Saharan Africa,Low income,2004,,,
SSD,SS,South Sudan,Sub-Saharan Africa,Low income,2005,,,
SSD,SS,South Sudan,Sub-Saharan Africa,Low income,2006,,,
SSD,SS,South Sudan,Sub-Saharan Africa,Low income,2007,,,
SSD,SS,South Sudan,Sub-Saharan Africa,Low income,2008,,,
SSD,SS,South Sudan,Sub-Saharan Africa,Low income,2009,,,
SSD,SS,South Sudan,Sub-Saharan Africa,Low income,2010,,,
SSD,SS,South Sudan,Sub-Saharan Africa,Low income,2011,220.0,1.0,5.3981627015177525
SSD,SS,South Sudan,Sub-Saharan Africa,Low income,2012,266.0,1.0,5.58724865840025
SSD,SS,South Sudan,Sub-Saharan Africa,Low income,2013,926.0,1.0,6.831953565565855
SSD,SS,South Sudan,Sub-Saharan Africa,Low income,2014,1674.0,1.0,7.423568444259167
SSD,SS,South Sudan,Sub-Saharan Africa,Low income,2015,493.0,1.0,6.202535517187923
SSD,SS,South Sudan,Sub-Saharan Africa,Low income,2016,735.0,1.0,6.601230118728877
SSD,SS,South Sudan,Sub-Saharan Africa,Low income,2017,484.0,1.0,6.184148890937483
SSD,SS,South Sudan,Sub-Saharan Africa,Low income,2018,526.0,1.0,6.267200548541362
SSD,SS,South Sudan,Sub-Saharan Africa,Low income,2019,110.0,1.0,4.709530201312334
SSD,SS,South Sudan,Sub-Saharan Africa,Low income,2020,58.0,1.0,4.07753744390572
SSD,SS,South Sudan,Sub-Saharan Africa,Low income,2021,188.0,1.0,5.241747015059643
SSD,SS,South Sudan,Sub-Saharan Africa,Low income,2022,,,
SSD,SS,South Sudan,Sub-Saharan Africa,Low income,2023,,,
SSD,SS,South Sudan,Sub-Saharan Africa,Low income,2024,2.0,1.0,1.0986122886681098
STP,ST,Sao Tome and Principe,Sub-Saharan Africa,Lower middle income,2000,,,
STP,ST,Sao Tome and Principe,Sub-Saharan Africa,Lower middle income,2001,,,
STP,ST,Sao Tome and Principe,Sub-Saharan Africa,Lower middle income,2002,,,
STP,ST,Sao Tome and Principe,Sub-Saharan Africa,Lower middle income,2003,,,
STP,ST,Sao Tome and Principe,Sub-Saharan Africa,Lower middle income,2004,,,
STP,ST,Sao Tome and Principe,Sub-Saharan Africa,Lower middle income,2005,,,
STP,ST,Sao Tome and Principe,Sub-Saharan Africa,Lower middle income,2006,,,
STP,ST,Sao Tome and Principe,Sub-Saharan Africa,Lower middle income,2007,,,
STP,ST,Sao Tome and Principe,Sub-Saharan Africa,Lower middle income,2008,,,
STP,ST,Sao Tome and Principe,Sub-Saharan Africa,Lower middle income,2009,,,
STP,ST,Sao Tome and Principe,Sub-Saharan Africa,Lower middle income,2010,,,
STP,ST,Sao Tome and Principe,Sub-Saharan Africa,Lower middle income,2011,,,
STP,ST,Sao Tome and Principe,Sub-Saharan Africa,Lower middle income,2012,,,
STP,ST,Sao Tome and Principe,Sub-Saharan Africa,Lower middle income,2013,,,
STP,ST,Sao Tome and Principe,Sub-Saharan Africa,Lower middle income,2014,,,
STP,ST,Sao Tome and Principe,Sub-Saharan Africa,Lower middle income,2015,,,
STP,ST,Sao Tome and Principe,Sub-Saharan Africa,Lower middle income,2016,,,
STP,ST,Sao Tome and Principe,Sub-Saharan Africa,Lower middle income,2017,,,
STP,ST,Sao Tome and Principe,Sub-Saharan Africa,Lower middle income,2018,,,
STP,ST,Sao Tome and Principe,Sub-Saharan Africa,Lower middle income,2019,,,
STP,ST,Sao Tome and Principe,Sub-Saharan Africa,Lower middle income,2020,,,
STP,ST,Sao Tome and Principe,Sub-Saharan Africa,Lower middle income,2021,,,
STP,ST,Sao Tome and Principe,Sub-Saharan Africa,Lower middle income,2022,,,
STP,ST,Sao Tome and Principe,Sub-Saharan Africa,Lower middle income,2023,,,
STP,ST,Sao Tome and Principe,Sub-Saharan Africa,Lower middle income,2024,,,
SUR,SR,Suriname,Latin America & Caribbean,Upper middle income,2000,,,
SUR,SR,Suriname,Latin America & Caribbean,Upper middle income,2001,,,
SUR,SR,Suriname,Latin America & Caribbean,Upper middle income,2002,,,
SUR,SR,Suriname,Latin America & Caribbean,Upper middle income,2003,,,
SUR,SR,Suriname,Latin America & Caribbean,Upper middle income,2004,,,
SUR,SR,Suriname,Latin America & Caribbean,Upper middle income,2005,,,
SUR,SR,Suriname,Latin America & Caribbean,Upper middle income,2006,,,
SUR,SR,Suriname,Latin America & Caribbean,Upper middle income,2007,,,
SUR,SR,Suriname,Latin America & Caribbean,Upper middle income,2008,,,
SUR,SR,Suriname,Latin America & Caribbean,Upper middle income,2009,,,
SUR,SR,Suriname,Latin America & Caribbean,Upper middle income,2010,,,
SUR,SR,Suriname,Latin America & Caribbean,Upper middle income,2011,,,
SUR,SR,Suriname,Latin America & Caribbean,Upper middle income,2012,,,
SUR,SR,Suriname,Latin America & Caribbean,Upper middle income,2013,,,
SUR,SR,Suriname,Latin America & Caribbean,Upper middle income,2014,,,
SUR,SR,Suriname,Latin America & Caribbean,Upper middle income,2015,,,
SUR,SR,Suriname,Latin America & Caribbean,Upper middle income,2016,,,
SUR,SR,Suriname,Latin America & Caribbean,Upper middle income,2017,,,
SUR,SR,Suriname,Latin America & Caribbean,Upper middle income,2018,,,
SUR,SR,Suriname,Latin America & Caribbean,Upper middle income,2019,,,
SUR,SR,Suriname,Latin America & Caribbean,Upper middle income,2020,,,
SUR,SR,Suriname,Latin America & Caribbean,Upper middle income,2021,,,
SUR,SR,Suriname,Latin America & Caribbean,Upper middle income,2022,,,
SUR,SR,Suriname,Latin America & Caribbean,Upper middle income,2023,,,
SUR,SR,Suriname,Latin America & Caribbean,Upper middle income,2024,,,
SVK,SK,Slovak Republic,Europe & Central Asia,High income,2000,,,
SVK,SK,Slovak Republic,Europe & Central Asia,High income,2001,,,
SVK,SK,Slovak Republic,Europe & Central Asia,High income,2002,,,
SVK,SK,Slovak Republic,Europe & Central Asia,High income,2003,,,
SVK,SK,Slovak Republic,Europe & Central Asia,High income,2004,,,
SVK,SK,Slovak Republic,Europe & Central Asia,High income,2005,,,
SVK,SK,Slovak Republic,Europe & Central Asia,High income,2006,,,
SVK,SK,Slovak Republic,Europe & Central Asia,High income,2007,,,
SVK,SK,Slovak Republic,Europe & Central Asia,High income,2008,,,
SVK,SK,Slovak Republic,Europe & Central Asia,High income,2009,,,
SVK,SK,Slovak Republic,Europe & Central Asia,High income,2010,,,
SVK,SK,Slovak Republic,Europe & Central Asia,High income,2011,,,
SVK,SK,Slovak Republic,Europe & Central Asia,High income,2012,,,
SVK,SK,Slovak Republic,Europe & Central Asia,High income,2013,,,
SVK,SK,Slovak Republic,Europe & Central Asia,High income,2014,,,
SVK,SK,Slovak Republic,Europe & Central Asia,High income,2015,,,
SVK,SK,Slovak Republic,Europe & Central Asia,High income,2016,,,
SVK,SK,Slovak Republic,Europe & Central Asia,High income,2017,,,
SVK,SK,Slovak Republic,Europe & Central Asia,High income,2018,,,
SVK,SK,Slovak Republic,Europe & Central Asia,High income,2019,,,
SVK,SK,Slovak Republic,Europe & Central Asia,High income,2020,,,
SVK,SK,Slovak Republic,Europe & Central Asia,High income,2021,,,
SVK,SK,Slovak Republic,Europe & Central Asia,High income,2022,,,
SVK,SK,Slovak Republic,Europe & Central Asia,High income,2023,,,
SVK,SK,Slovak Republic,Europe & Central Asia,High income,2024,,,
SVN,SI,Slovenia,Europe & Central Asia,High income,2000,,,
SVN,SI,Slovenia,Europe & Central Asia,High income,2001,,,
SVN,SI,Slovenia,Europe & Central Asia,High income,2002,,,
SVN,SI,Slovenia,Europe & Central Asia,High income,2003,,,
SVN,SI,Slovenia,Europe & Central Asia,High income,2004,,,
SVN,SI,Slovenia,Europe & Central Asia,High income,2005,,,
SVN,SI,Slovenia,Europe & Central Asia,High income,2006,,,
SVN,SI,Slovenia,Europe & Central Asia,High income,2007,,,
SVN,SI,Slovenia,Europe & Central Asia,High income,2008,,,
SVN,SI,Slovenia,Europe & Central Asia,High income,2009,,,
SVN,SI,Slovenia,Europe & Central Asia,High income,2010,,,
SVN,SI,Slovenia,Europe & Central Asia,High income,2011,,,
SVN,SI,Slovenia,Europe & Central Asia,High income,2012,,,
SVN,SI,Slovenia,Europe & Central Asia,High income,2013,,,
SVN,SI,Slovenia,Europe & Central Asia,High income,2014,,,
SVN,SI,Slovenia,Europe & Central Asia,High income,2015,,,
SVN,SI,Slovenia,Europe & Central Asia,High income,2016,,,
SVN,SI,Slovenia,Europe & Central Asia,High income,2017,,,
SVN,SI,Slovenia,Europe & Central Asia,High income,2018,,,
SVN,SI,Slovenia,Europe & Central Asia,High income,2019,,,
SVN,SI,Slovenia,Europe & Central Asia,High income,2020,,,
SVN,SI,Slovenia,Europe & Central Asia,High income,2021,,,
SVN,SI,Slovenia,Europe & Central Asia,High income,2022,,,
SVN,SI,Slovenia,Europe & Central Asia,High income,2023,,,
SVN,SI,Slovenia,Europe & Central Asia,High income,2024,,,
SWE,SE,Sweden,Europe & Central Asia,High income,2000,,,
SWE,SE,Sweden,Europe & Central Asia,High income,2001,,,
SWE,SE,Sweden,Europe & Central Asia,High income,2002,,,
SWE,SE,Sweden,Europe & Central Asia,High income,2003,,,
SWE,SE,Sweden,Europe & Central Asia,High income,2004,,,
SWE,SE,Sweden,Europe & Central Asia,High income,2005,,,
SWE,SE,Sweden,Europe & Central Asia,High income,2006,,,
SWE,SE,Sweden,Europe & Central Asia,High income,2007,,,
SWE,SE,Sweden,Europe & Central Asia,High income,2008,,,
SWE,SE,Sweden,Europe & Central Asia,High income,2009,,,
SWE,SE,Sweden,Europe & Central Asia,High income,2010,,,
SWE,SE,Sweden,Europe & Central Asia,High income,2011,,,
SWE,SE,Sweden,Europe & Central Asia,High income,2012,,,
SWE,SE,Sweden,Europe & Central Asia,High income,2013,,,
SWE,SE,Sweden,Europe & Central Asia,High income,2014,,,
SWE,SE,Sweden,Europe & Central Asia,High income,2015,,,
SWE,SE,Sweden,Europe & Central Asia,High income,2016,,,
SWE,SE,Sweden,Europe & Central Asia,High income,2017,,,
SWE,SE,Sweden,Europe & Central Asia,High income,2018,,,
SWE,SE,Sweden,Europe & Central Asia,High income,2019,,,
SWE,SE,Sweden,Europe & Central Asia,High income,2020,,,
SWE,SE,Sweden,Europe & Central Asia,High income,2021,,,
SWE,SE,Sweden,Europe & Central Asia,High income,2022,,,
SWE,SE,Sweden,Europe & Central Asia,High income,2023,,,
SWE,SE,Sweden,Europe & Central Asia,High income,2024,,,
SWZ,SZ,Eswatini,Sub-Saharan Africa,Lower middle income,2000,,,
SWZ,SZ,Eswatini,Sub-Saharan Africa,Lower middle income,2001,,,
SWZ,SZ,Eswatini,Sub-Saharan Africa,Lower middle income,2002,,,
SWZ,SZ,Eswatini,Sub-Saharan Africa,Lower middle income,2003,,,
SWZ,SZ,Eswatini,Sub-Saharan Africa,Lower middle income,2004,,,
SWZ,SZ,Eswatini,Sub-Saharan Africa,Lower middle income,2005,,,
SWZ,SZ,Eswatini,Sub-Saharan Africa,Lower middle income,2006,,,
SWZ,SZ,Eswatini,Sub-Saharan Africa,Lower middle income,2007,,,
SWZ,SZ,Eswatini,Sub-Saharan Africa,Lower middle income,2008,,,
SWZ,SZ,Eswatini,Sub-Saharan Africa,Lower middle income,2009,,,
SWZ,SZ,Eswatini,Sub-Saharan Africa,Lower middle income,2010,,,
SWZ,SZ,Eswatini,Sub-Saharan Africa,Lower middle income,2011,,,
SWZ,SZ,Eswatini,Sub-Saharan Africa,Lower middle income,2012,,,
SWZ,SZ,Eswatini,Sub-Saharan Africa,Lower middle income,2013,,,
SWZ,SZ,Eswatini,Sub-Saharan Africa,Lower middle income,2014,,,
SWZ,SZ,Eswatini,Sub-Saharan Africa,Lower middle income,2015,,,
SWZ,SZ,Eswatini,Sub-Saharan Africa,Lower middle income,2016,,,
SWZ,SZ,Eswatini,Sub-Saharan Africa,Lower middle income,2017,,,
SWZ,SZ,Eswatini,Sub-Saharan Africa,Lower middle income,2018,,,
SWZ,SZ,Eswatini,Sub-Saharan Africa,Lower middle income,2019,,,
SWZ,SZ,Eswatini,Sub-Saharan Africa,Lower middle income,2020,,,
SWZ,SZ,Eswatini,Sub-Saharan Africa,Lower middle income,2021,,,
SWZ,SZ,Eswatini,Sub-Saharan Africa,Lower middle income,2022,,,
SWZ,SZ,Eswatini,Sub-Saharan Africa,Lower middle income,2023,,,
SWZ,SZ,Eswatini,Sub-Saharan Africa,Lower middle income,2024,,,
SXM,SX,Sint Maarten (Dutch part),Latin America & Caribbean,High income,2000,,,
SXM,SX,Sint Maarten (Dutch part),Latin America & Caribbean,High income,2001,,,
SXM,SX,Sint Maarten (Dutch part),Latin America & Caribbean,High income,2002,,,
SXM,SX,Sint Maarten (Dutch part),Latin America & Caribbean,High income,2003,,,
SXM,SX,Sint Maarten (Dutch part),Latin America & Caribbean,High income,2004,,,
SXM,SX,Sint Maarten (Dutch part),Latin America & Caribbean,High income,2005,,,
SXM,SX,Sint Maarten (Dutch part),Latin America & Caribbean,High income,2006,,,
SXM,SX,Sint Maarten (Dutch part),Latin America & Caribbean,High income,2007,,,
SXM,SX,Sint Maarten (Dutch part),Latin America & Caribbean,High income,2008,,,
SXM,SX,Sint Maarten (Dutch part),Latin America & Caribbean,High income,2009,,,
SXM,SX,Sint Maarten (Dutch part),Latin America & Caribbean,High income,2010,,,
SXM,SX,Sint Maarten (Dutch part),Latin America & Caribbean,High income,2011,,,
SXM,SX,Sint Maarten (Dutch part),Latin America & Caribbean,High income,2012,,,
SXM,SX,Sint Maarten (Dutch part),Latin America & Caribbean,High income,2013,,,
SXM,SX,Sint Maarten (Dutch part),Latin America & Caribbean,High income,2014,,,
SXM,SX,Sint Maarten (Dutch part),Latin America & Caribbean,High income,2015,,,
SXM,SX,Sint Maarten (Dutch part),Latin America & Caribbean,High income,2016,,,
SXM,SX,Sint Maarten (Dutch part),Latin America & Caribbean,High income,2017,,,
SXM,SX,Sint Maarten (Dutch part),Latin America & Caribbean,High income,2018,,,
SXM,SX,Sint Maarten (Dutch part),Latin America & Caribbean,High income,2019,,,
SXM,SX,Sint Maarten (Dutch part),Latin America & Caribbean,High income,2020,,,
SXM,SX,Sint Maarten (Dutch part),Latin America & Caribbean,High income,2021,,,
SXM,SX,Sint Maarten (Dutch part),Latin America & Caribbean,High income,2022,,,
SXM,SX,Sint Maarten (Dutch part),Latin America & Caribbean,High income,2023,,,
SXM,SX,Sint Maarten (Dutch part),Latin America & Caribbean,High income,2024,,,
SYC,SC,Seychelles,Sub-Saharan Africa,High income,2000,,,
SYC,SC,Seychelles,Sub-Saharan Africa,High income,2001,,,
SYC,SC,Seychelles,Sub-Saharan Africa,High income,2002,,,
SYC,SC,Seychelles,Sub-Saharan Africa,High income,2003,,,
SYC,SC,Seychelles,Sub-Saharan Africa,High income,2004,,,
SYC,SC,Seychelles,Sub-Saharan Africa,High income,2005,,,
SYC,SC,Seychelles,Sub-Saharan Africa,High income,2006,,,
SYC,SC,Seychelles,Sub-Saharan Africa,High income,2007,,,
SYC,SC,Seychelles,Sub-Saharan Africa,High income,2008,,,
SYC,SC,Seychelles,Sub-Saharan Africa,High income,2009,,,
SYC,SC,Seychelles,Sub-Saharan Africa,High income,2010,,,
SYC,SC,Seychelles,Sub-Saharan Africa,High income,2011,,,
SYC,SC,Seychelles,Sub-Saharan Africa,High income,2012,,,
SYC,SC,Seychelles,Sub-Saharan Africa,High income,2013,,,
SYC,SC,Seychelles,Sub-Saharan Africa,High income,2014,,,
SYC,SC,Seychelles,Sub-Saharan Africa,High income,2015,,,
SYC,SC,Seychelles,Sub-Saharan Africa,High income,2016,,,
SYC,SC,Seychelles,Sub-Saharan Africa,High income,2017,,,
SYC,SC,Seychelles,Sub-Saharan Africa,High income,2018,,,
SYC,SC,Seychelles,Sub-Saharan Africa,High income,2019,,,
SYC,SC,Seychelles,Sub-Saharan Africa,High income,2020,,,
SYC,SC,Seychelles,Sub-Saharan Africa,High income,2021,,,
SYC,SC,Seychelles,Sub-Saharan Africa,High income,2022,,,
SYC,SC,Seychelles,Sub-Saharan Africa,High income,2023,,,
SYC,SC,Seychelles,Sub-Saharan Africa,High income,2024,,,
SYR,SY,Syrian Arab Republic,"Middle East, North Africa, Afghanistan & Pakistan",Low income,2000,,,
SYR,SY,Syrian Arab Republic,"Middle East, North Africa, Afghanistan & Pakistan",Low income,2001,,,
SYR,SY,Syrian Arab Republic,"Middle East, North Africa, Afghanistan & Pakistan",Low income,2002,,,
SYR,SY,Syrian Arab Republic,"Middle East, North Africa, Afghanistan & Pakistan",Low income,2003,,,
SYR,SY,Syrian Arab Republic,"Middle East, North Africa, Afghanistan & Pakistan",Low income,2004,1.0,1.0,0.6931471805599453
SYR,SY,Syrian Arab Republic,"Middle East, North Africa, Afghanistan & Pakistan",Low income,2005,,,
SYR,SY,Syrian Arab Republic,"Middle East, North Africa, Afghanistan & Pakistan",Low income,2006,,,
SYR,SY,Syrian Arab Republic,"Middle East, North Africa, Afghanistan & Pakistan",Low income,2007,,,
SYR,SY,Syrian Arab Republic,"Middle East, North Africa, Afghanistan & Pakistan",Low income,2008,,,
SYR,SY,Syrian Arab Republic,"Middle East, North Africa, Afghanistan & Pakistan",Low income,2009,,,
SYR,SY,Syrian Arab Republic,"Middle East, North Africa, Afghanistan & Pakistan",Low income,2010,,,
SYR,SY,Syrian Arab Republic,"Middle East, North Africa, Afghanistan & Pakistan",Low income,2011,1203.0,1.0,7.093404625868766
SYR,SY,Syrian Arab Republic,"Middle East, North Africa, Afghanistan & Pakistan",Low income,2012,50485.0,1.0,10.82945134910597
SYR,SY,Syrian Arab Republic,"Middle East, North Africa, Afghanistan & Pakistan",Low income,2013,72013.0,1.0,11.184615823540765
SYR,SY,Syrian Arab Republic,"Middle East, North Africa, Afghanistan & Pakistan",Low income,2014,66066.0,1.0,11.098424657605864
SYR,SY,Syrian Arab Republic,"Middle East, North Africa, Afghanistan & Pakistan",Low income,2015,51086.0,1.0,10.841285340694714
SYR,SY,Syrian Arab Republic,"Middle East, North Africa, Afghanistan & Pakistan",Low income,2016,44938.0,1.0,10.713061293600333
SYR,SY,Syrian Arab Republic,"Middle East, North Africa, Afghanistan & Pakistan",Low income,2017,25035.0,1.0,10.128070068044591
SYR,SY,Syrian Arab Republic,"Middle East, North Africa, Afghanistan & Pakistan",Low income,2018,13246.0,1.0,9.491526390684262
SYR,SY,Syrian Arab Republic,"Middle East, North Africa, Afghanistan & Pakistan",Low income,2019,7539.0,1.0,8.927977461002001
SYR,SY,Syrian Arab Republic,"Middle East, North Africa, Afghanistan & Pakistan",Low income,2020,4862.0,1.0,8.489410810403786
SYR,SY,Syrian Arab Republic,"Middle East, North Africa, Afghanistan & Pakistan",Low income,2021,1523.0,1.0,7.329093736246592
SYR,SY,Syrian Arab Republic,"Middle East, North Africa, Afghanistan & Pakistan",Low income,2022,966.0,1.0,6.874198495453294
SYR,SY,Syrian Arab Republic,"Middle East, North Africa, Afghanistan & Pakistan",Low income,2023,1660.0,1.0,7.415175109613295
SYR,SY,Syrian Arab Republic,"Middle East, North Africa, Afghanistan & Pakistan",Low income,2024,2732.0,1.0,7.913155185928068
TCA,TC,Turks and Caicos Islands,Latin America & Caribbean,High income,2000,,,
TCA,TC,Turks and Caicos Islands,Latin America & Caribbean,High income,2001,,,
TCA,TC,Turks and Caicos Islands,Latin America & Caribbean,High income,2002,,,
TCA,TC,Turks and Caicos Islands,Latin America & Caribbean,High income,2003,,,
TCA,TC,Turks and Caicos Islands,Latin America & Caribbean,High income,2004,,,
TCA,TC,Turks and Caicos Islands,Latin America & Caribbean,High income,2005,,,
TCA,TC,Turks and Caicos Islands,Latin America & Caribbean,High income,2006,,,
TCA,TC,Turks and Caicos Islands,Latin America & Caribbean,High income,2007,,,
TCA,TC,Turks and Caicos Islands,Latin America & Caribbean,High income,2008,,,
TCA,TC,Turks and Caicos Islands,Latin America & Caribbean,High income,2009,,,
TCA,TC,Turks and Caicos Islands,Latin America & Caribbean,High income,2010,,,
TCA,TC,Turks and Caicos Islands,Latin America & Caribbean,High income,2011,,,
TCA,TC,Turks and Caicos Islands,Latin America & Caribbean,High income,2012,,,
TCA,TC,Turks and Caicos Islands,Latin America & Caribbean,High income,2013,,,
TCA,TC,Turks and Caicos Islands,Latin America & Caribbean,High income,2014,,,
TCA,TC,Turks and Caicos Islands,Latin America & Caribbean,High income,2015,,,
TCA,TC,Turks and Caicos Islands,Latin America & Caribbean,High income,2016,,,
TCA,TC,Turks and Caicos Islands,Latin America & Caribbean,High income,2017,,,
TCA,TC,Turks and Caicos Islands,Latin America & Caribbean,High income,2018,,,
TCA,TC,Turks and Caicos Islands,Latin America & Caribbean,High income,2019,,,
TCA,TC,Turks and Caicos Islands,Latin America & Caribbean,High income,2020,,,
TCA,TC,Turks and Caicos Islands,Latin America & Caribbean,High income,2021,,,
TCA,TC,Turks and Caicos Islands,Latin America & Caribbean,High income,2022,,,
TCA,TC,Turks and Caicos Islands,Latin America & Caribbean,High income,2023,,,
TCA,TC,Turks and Caicos Islands,Latin America & Caribbean,High income,2024,,,
TCD,TD,Chad,Sub-Saharan Africa,Low income,2000,989.0,1.0,6.897704943128636
TCD,TD,Chad,Sub-Saharan Africa,Low income,2001,226.0,1.0,5.424950017481403
TCD,TD,Chad,Sub-Saharan Africa,Low income,2002,294.0,1.0,5.68697535633982
TCD,TD,Chad,Sub-Saharan Africa,Low income,2003,37.0,1.0,3.6375861597263857
TCD,TD,Chad,Sub-Saharan Africa,Low income,2004,52.0,1.0,3.970291913552122
TCD,TD,Chad,Sub-Saharan Africa,Low income,2005,100.0,1.0,4.61512051684126
TCD,TD,Chad,Sub-Saharan Africa,Low income,2006,1250.0,1.0,7.1316985104669115
TCD,TD,Chad,Sub-Saharan Africa,Low income,2007,69.0,1.0,4.248495242049359
TCD,TD,Chad,Sub-Saharan Africa,Low income,2008,991.0,1.0,6.899723107284872
TCD,TD,Chad,Sub-Saharan Africa,Low income,2009,135.0,1.0,4.912654885736052
TCD,TD,Chad,Sub-Saharan Africa,Low income,2010,4.0,1.0,1.6094379124341003
TCD,TD,Chad,Sub-Saharan Africa,Low income,2011,,,
TCD,TD,Chad,Sub-Saharan Africa,Low income,2012,,,
TCD,TD,Chad,Sub-Saharan Africa,Low income,2013,,,
TCD,TD,Chad,Sub-Saharan Africa,Low income,2014,,,
TCD,TD,Chad,Sub-Saharan Africa,Low income,2015,275.0,1.0,5.62040086571715
TCD,TD,Chad,Sub-Saharan Africa,Low income,2016,,,
TCD,TD,Chad,Sub-Saharan Africa,Low income,2017,57.0,1.0,4.060443010546419
TCD,TD,Chad,Sub-Saharan Africa,Low income,2018,150.0,1.0,5.017279836814924
TCD,TD,Chad,Sub-Saharan Africa,Low income,2019,144.0,1.0,4.976733742420574
TCD,TD,Chad,Sub-Saharan Africa,Low income,2020,196.0,1.0,5.2832037287379885
TCD,TD,Chad,Sub-Saharan Africa,Low income,2021,486.0,1.0,6.18826412308259
TCD,TD,Chad,Sub-Saharan Africa,Low income,2022,35.0,1.0,3.58351893845611
TCD,TD,Chad,Sub-Saharan Africa,Low income,2023,61.0,1.0,4.127134385045092
TCD,TD,Chad,Sub-Saharan Africa,Low income,2024,69.0,1.0,4.248495242049359
TGO,TG,Togo,Sub-Saharan Africa,Lower middle income,2000,,,
TGO,TG,Togo,Sub-Saharan Africa,Lower middle income,2001,,,
TGO,TG,Togo,Sub-Saharan Africa,Lower middle income,2002,,,
TGO,TG,Togo,Sub-Saharan Africa,Lower middle income,2003,,,
TGO,TG,Togo,Sub-Saharan Africa,Lower middle income,2004,,,
TGO,TG,Togo,Sub-Saharan Africa,Lower middle income,2005,,,
TGO,TG,Togo,Sub-Saharan Africa,Lower middle income,2006,,,
TGO,TG,Togo,Sub-Saharan Africa,Lower middle income,2007,,,
TGO,TG,Togo,Sub-Saharan Africa,Lower middle income,2008,,,
TGO,TG,Togo,Sub-Saharan Africa,Lower middle income,2009,,,
TGO,TG,Togo,Sub-Saharan Africa,Lower middle income,2010,,,
TGO,TG,Togo,Sub-Saharan Africa,Lower middle income,2011,,,
TGO,TG,Togo,Sub-Saharan Africa,Lower middle income,2012,,,
TGO,TG,Togo,Sub-Saharan Africa,Lower middle income,2013,,,
TGO,TG,Togo,Sub-Saharan Africa,Lower middle income,2014,,,
TGO,TG,Togo,Sub-Saharan Africa,Lower middle income,2015,,,
TGO,TG,Togo,Sub-Saharan Africa,Lower middle income,2016,,,
TGO,TG,Togo,Sub-Saharan Africa,Lower middle income,2017,,,
TGO,TG,Togo,Sub-Saharan Africa,Lower middle income,2018,,,
TGO,TG,Togo,Sub-Saharan Africa,Lower middle income,2019,,,
TGO,TG,Togo,Sub-Saharan Africa,Lower middle income,2020,,,
TGO,TG,Togo,Sub-Saharan Africa,Lower middle income,2021,,,
TGO,TG,Togo,Sub-Saharan Africa,Lower middle income,2022,34.0,1.0,3.5553480614894135
TGO,TG,Togo,Sub-Saharan Africa,Lower middle income,2023,29.0,1.0,3.4011973816621555
TGO,TG,Togo,Sub-Saharan Africa,Lower middle income,2024,46.0,1.0,3.8501476017100584
THA,TH,Thailand,East Asia & Pacific,Upper middle income,2000,8.0,1.0,2.1972245773362196
THA,TH,Thailand,East Asia & Pacific,Upper middle income,2001,22.0,1.0,3.1354942159291497
THA,TH,Thailand,East Asia & Pacific,Upper middle income,2002,23.0,1.0,3.1780538303479458
THA,TH,Thailand,East Asia & Pacific,Upper middle income,2003,26.0,1.0,3.295836866004329
THA,TH,Thailand,East Asia & Pacific,Upper middle income,2004,164.0,1.0,5.10594547390058
THA,TH,Thailand,East Asia & Pacific,Upper middle income,2005,208.0,1.0,5.342334251964811
THA,TH,Thailand,East Asia & Pacific,Upper middle income,2006,212.0,1.0,5.3612921657094255
THA,TH,Thailand,East Asia & Pacific,Upper middle income,2007,197.0,1.0,5.288267030694535
THA,TH,Thailand,East Asia & Pacific,Upper middle income,2008,148.0,1.0,5.003946305945459
THA,TH,Thailand,East Asia & Pacific,Upper middle income,2009,138.0,1.0,4.9344739331306915
THA,TH,Thailand,East Asia & Pacific,Upper middle income,2010,83.0,1.0,4.430816798843313
THA,TH,Thailand,East Asia & Pacific,Upper middle income,2011,162.0,1.0,5.093750200806762
THA,TH,Thailand,East Asia & Pacific,Upper middle income,2012,131.0,1.0,4.882801922586371
THA,TH,Thailand,East Asia & Pacific,Upper middle income,2013,189.0,1.0,5.247024072160486
THA,TH,Thailand,East Asia & Pacific,Upper middle income,2014,68.0,1.0,4.23410650459726
THA,TH,Thailand,East Asia & Pacific,Upper middle income,2015,57.0,1.0,4.060443010546419
THA,TH,Thailand,East Asia & Pacific,Upper middle income,2016,50.0,1.0,3.9318256327243257
THA,TH,Thailand,East Asia & Pacific,Upper middle income,2017,43.0,1.0,3.784189633918261
THA,TH,Thailand,East Asia & Pacific,Upper middle income,2018,36.0,1.0,3.6109179126442243
THA,TH,Thailand,East Asia & Pacific,Upper middle income,2019,55.0,1.0,4.02535169073515
THA,TH,Thailand,East Asia & Pacific,Upper middle income,2020,46.0,1.0,3.8501476017100584
THA,TH,Thailand,East Asia & Pacific,Upper middle income,2021,38.0,1.0,3.6635616461296463
THA,TH,Thailand,East Asia & Pacific,Upper middle income,2022,29.0,1.0,3.4011973816621555
THA,TH,Thailand,East Asia & Pacific,Upper middle income,2023,30.0,1.0,3.4339872044851463
THA,TH,Thailand,East Asia & Pacific,Upper middle income,2024,35.0,1.0,3.58351893845611
TJK,TJ,Tajikistan,Europe & Central Asia,Lower middle income,2000,46.0,1.0,3.8501476017100584
TJK,TJ,Tajikistan,Europe & Central Asia,Lower middle income,2001,,,
TJK,TJ,Tajikistan,Europe & Central Asia,Lower middle income,2002,,,
TJK,TJ,Tajikistan,Europe & Central Asia,Lower middle income,2003,,,
TJK,TJ,Tajikistan,Europe & Central Asia,Lower middle income,2004,,,
TJK,TJ,Tajikistan,Europe & Central Asia,Lower middle income,2005,,,
TJK,TJ,Tajikistan,Europe & Central Asia,Lower middle income,2006,,,
TJK,TJ,Tajikistan,Europe & Central Asia,Lower middle income,2007,,,
TJK,TJ,Tajikistan,Europe & Central Asia,Lower middle income,2008,,,
TJK,TJ,Tajikistan,Europe & Central Asia,Lower middle income,2009,,,
TJK,TJ,Tajikistan,Europe & Central Asia,Lower middle income,2010,98.0,1.0,4.59511985013459
TJK,TJ,Tajikistan,Europe & Central Asia,Lower middle income,2011,28.0,1.0,3.367295829986474
TJK,TJ,Tajikistan,Europe & Central Asia,Lower middle income,2012,,,
TJK,TJ,Tajikistan,Europe & Central Asia,Lower middle income,2013,,,
TJK,TJ,Tajikistan,Europe & Central Asia,Lower middle income,2014,,,
TJK,TJ,Tajikistan,Europe & Central Asia,Lower middle income,2015,,,
TJK,TJ,Tajikistan,Europe & Central Asia,Lower middle income,2016,,,
TJK,TJ,Tajikistan,Europe & Central Asia,Lower middle income,2017,,,
TJK,TJ,Tajikistan,Europe & Central Asia,Lower middle income,2018,52.0,1.0,3.970291913552122
TJK,TJ,Tajikistan,Europe & Central Asia,Lower middle income,2019,49.0,1.0,3.912023005428146
TJK,TJ,Tajikistan,Europe & Central Asia,Lower middle income,2020,,,
TJK,TJ,Tajikistan,Europe & Central Asia,Lower middle income,2021,16.0,1.0,2.833213344056216
TJK,TJ,Tajikistan,Europe & Central Asia,Lower middle income,2022,87.0,1.0,4.477336814478207
TJK,TJ,Tajikistan,Europe & Central Asia,Lower middle income,2023,,,
TJK,TJ,Tajikistan,Europe & Central Asia,Lower middle income,2024,,,
TKM,TM,Turkmenistan,Europe & Central Asia,Upper middle income,2000,,,
TKM,TM,Turkmenistan,Europe & Central Asia,Upper middle income,2001,,,
TKM,TM,Turkmenistan,Europe & Central Asia,Upper middle income,2002,,,
TKM,TM,Turkmenistan,Europe & Central Asia,Upper middle income,2003,,,
TKM,TM,Turkmenistan,Europe & Central Asia,Upper middle income,2004,,,
TKM,TM,Turkmenistan,Europe & Central Asia,Upper middle income,2005,,,
TKM,TM,Turkmenistan,Europe & Central Asia,Upper middle income,2006,,,
TKM,TM,Turkmenistan,Europe & Central Asia,Upper middle income,2007,,,
TKM,TM,Turkmenistan,Europe & Central Asia,Upper middle income,2008,,,
TKM,TM,Turkmenistan,Europe & Central Asia,Upper middle income,2009,,,
TKM,TM,Turkmenistan,Europe & Central Asia,Upper middle income,2010,,,
TKM,TM,Turkmenistan,Europe & Central Asia,Upper middle income,2011,,,
TKM,TM,Turkmenistan,Europe & Central Asia,Upper middle income,2012,,,
TKM,TM,Turkmenistan,Europe & Central Asia,Upper middle income,2013,,,
TKM,TM,Turkmenistan,Europe & Central Asia,Upper middle income,2014,,,
TKM,TM,Turkmenistan,Europe & Central Asia,Upper middle income,2015,,,
TKM,TM,Turkmenistan,Europe & Central Asia,Upper middle income,2016,,,
TKM,TM,Turkmenistan,Europe & Central Asia,Upper middle income,2017,,,
TKM,TM,Turkmenistan,Europe & Central Asia,Upper middle income,2018,,,
TKM,TM,Turkmenistan,Europe & Central Asia,Upper middle income,2019,,,
TKM,TM,Turkmenistan,Europe & Central Asia,Upper middle income,2020,,,
TKM,TM,Turkmenistan,Europe & Central Asia,Upper middle income,2021,,,
TKM,TM,Turkmenistan,Europe & Central Asia,Upper middle income,2022,,,
TKM,TM,Turkmenistan,Europe & Central Asia,Upper middle income,2023,,,
TKM,TM,Turkmenistan,Europe & Central Asia,Upper middle income,2024,,,
TLS,TL,Timor-Leste,East Asia & Pacific,Lower middle income,2000,,,
TLS,TL,Timor-Leste,East Asia & Pacific,Lower middle income,2001,,,
TLS,TL,Timor-Leste,East Asia & Pacific,Lower middle income,2002,,,
TLS,TL,Timor-Leste,East Asia & Pacific,Lower middle income,2003,,,
TLS,TL,Timor-Leste,East Asia & Pacific,Lower middle income,2004,,,
TLS,TL,Timor-Leste,East Asia & Pacific,Lower middle income,2005,,,
TLS,TL,Timor-Leste,East Asia & Pacific,Lower middle income,2006,,,
TLS,TL,Timor-Leste,East Asia & Pacific,Lower middle income,2007,,,
TLS,TL,Timor-Leste,East Asia & Pacific,Lower middle income,2008,,,
TLS,TL,Timor-Leste,East Asia & Pacific,Lower middle income,2009,,,
TLS,TL,Timor-Leste,East Asia & Pacific,Lower middle income,2010,,,
TLS,TL,Timor-Leste,East Asia & Pacific,Lower middle income,2011,,,
TLS,TL,Timor-Leste,East Asia & Pacific,Lower middle income,2012,,,
TLS,TL,Timor-Leste,East Asia & Pacific,Lower middle income,2013,,,
TLS,TL,Timor-Leste,East Asia & Pacific,Lower middle income,2014,,,
TLS,TL,Timor-Leste,East Asia & Pacific,Lower middle income,2015,,,
TLS,TL,Timor-Leste,East Asia & Pacific,Lower middle income,2016,,,
TLS,TL,Timor-Leste,East Asia & Pacific,Lower middle income,2017,,,
TLS,TL,Timor-Leste,East Asia & Pacific,Lower middle income,2018,,,
TLS,TL,Timor-Leste,East Asia & Pacific,Lower middle income,2019,,,
TLS,TL,Timor-Leste,East Asia & Pacific,Lower middle income,2020,,,
TLS,TL,Timor-Leste,East Asia & Pacific,Lower middle income,2021,,,
TLS,TL,Timor-Leste,East Asia & Pacific,Lower middle income,2022,,,
TLS,TL,Timor-Leste,East Asia & Pacific,Lower middle income,2023,,,
TLS,TL,Timor-Leste,East Asia & Pacific,Lower middle income,2024,,,
TON,TO,Tonga,East Asia & Pacific,Upper middle income,2000,,,
TON,TO,Tonga,East Asia & Pacific,Upper middle income,2001,,,
TON,TO,Tonga,East Asia & Pacific,Upper middle income,2002,,,
TON,TO,Tonga,East Asia & Pacific,Upper middle income,2003,,,
TON,TO,Tonga,East Asia & Pacific,Upper middle income,2004,,,
TON,TO,Tonga,East Asia & Pacific,Upper middle income,2005,,,
TON,TO,Tonga,East Asia & Pacific,Upper middle income,2006,,,
TON,TO,Tonga,East Asia & Pacific,Upper middle income,2007,,,
TON,TO,Tonga,East Asia & Pacific,Upper middle income,2008,,,
TON,TO,Tonga,East Asia & Pacific,Upper middle income,2009,,,
TON,TO,Tonga,East Asia & Pacific,Upper middle income,2010,,,
TON,TO,Tonga,East Asia & Pacific,Upper middle income,2011,,,
TON,TO,Tonga,East Asia & Pacific,Upper middle income,2012,,,
TON,TO,Tonga,East Asia & Pacific,Upper middle income,2013,,,
TON,TO,Tonga,East Asia & Pacific,Upper middle income,2014,,,
TON,TO,Tonga,East Asia & Pacific,Upper middle income,2015,,,
TON,TO,Tonga,East Asia & Pacific,Upper middle income,2016,,,
TON,TO,Tonga,East Asia & Pacific,Upper middle income,2017,,,
TON,TO,Tonga,East Asia & Pacific,Upper middle income,2018,,,
TON,TO,Tonga,East Asia & Pacific,Upper middle income,2019,,,
TON,TO,Tonga,East Asia & Pacific,Upper middle income,2020,,,
TON,TO,Tonga,East Asia & Pacific,Upper middle income,2021,,,
TON,TO,Tonga,East Asia & Pacific,Upper middle income,2022,,,
TON,TO,Tonga,East Asia & Pacific,Upper middle income,2023,,,
TON,TO,Tonga,East Asia & Pacific,Upper middle income,2024,,,
TTO,TT,Trinidad and Tobago,Latin America & Caribbean,High income,2000,,,
TTO,TT,Trinidad and Tobago,Latin America & Caribbean,High income,2001,,,
TTO,TT,Trinidad and Tobago,Latin America & Caribbean,High income,2002,,,
TTO,TT,Trinidad and Tobago,Latin America & Caribbean,High income,2003,,,
TTO,TT,Trinidad and Tobago,Latin America & Caribbean,High income,2004,,,
TTO,TT,Trinidad and Tobago,Latin America & Caribbean,High income,2005,,,
TTO,TT,Trinidad and Tobago,Latin America & Caribbean,High income,2006,,,
TTO,TT,Trinidad and Tobago,Latin America & Caribbean,High income,2007,,,
TTO,TT,Trinidad and Tobago,Latin America & Caribbean,High income,2008,,,
TTO,TT,Trinidad and Tobago,Latin America & Caribbean,High income,2009,,,
TTO,TT,Trinidad and Tobago,Latin America & Caribbean,High income,2010,,,
TTO,TT,Trinidad and Tobago,Latin America & Caribbean,High income,2011,,,
TTO,TT,Trinidad and Tobago,Latin America & Caribbean,High income,2012,,,
TTO,TT,Trinidad and Tobago,Latin America & Caribbean,High income,2013,,,
TTO,TT,Trinidad and Tobago,Latin America & Caribbean,High income,2014,,,
TTO,TT,Trinidad and Tobago,Latin America & Caribbean,High income,2015,,,
TTO,TT,Trinidad and Tobago,Latin America & Caribbean,High income,2016,,,
TTO,TT,Trinidad and Tobago,Latin America & Caribbean,High income,2017,,,
TTO,TT,Trinidad and Tobago,Latin America & Caribbean,High income,2018,,,
TTO,TT,Trinidad and Tobago,Latin America & Caribbean,High income,2019,,,
TTO,TT,Trinidad and Tobago,Latin America & Caribbean,High income,2020,,,
TTO,TT,Trinidad and Tobago,Latin America & Caribbean,High income,2021,,,
TTO,TT,Trinidad and Tobago,Latin America & Caribbean,High income,2022,,,
TTO,TT,Trinidad and Tobago,Latin America & Caribbean,High income,2023,,,
TTO,TT,Trinidad and Tobago,Latin America & Caribbean,High income,2024,,,
TUN,TN,Tunisia,"Middle East, North Africa, Afghanistan & Pakistan",Lower middle income,2000,,,
TUN,TN,Tunisia,"Middle East, North Africa, Afghanistan & Pakistan",Lower middle income,2001,,,
TUN,TN,Tunisia,"Middle East, North Africa, Afghanistan & Pakistan",Lower middle income,2002,,,
TUN,TN,Tunisia,"Middle East, North Africa, Afghanistan & Pakistan",Lower middle income,2003,,,
TUN,TN,Tunisia,"Middle East, North Africa, Afghanistan & Pakistan",Lower middle income,2004,,,
TUN,TN,Tunisia,"Middle East, North Africa, Afghanistan & Pakistan",Lower middle income,2005,,,
TUN,TN,Tunisia,"Middle East, North Africa, Afghanistan & Pakistan",Lower middle income,2006,,,
TUN,TN,Tunisia,"Middle East, North Africa, Afghanistan & Pakistan",Lower middle income,2007,,,
TUN,TN,Tunisia,"Middle East, North Africa, Afghanistan & Pakistan",Lower middle income,2008,,,
TUN,TN,Tunisia,"Middle East, North Africa, Afghanistan & Pakistan",Lower middle income,2009,,,
TUN,TN,Tunisia,"Middle East, North Africa, Afghanistan & Pakistan",Lower middle income,2010,,,
TUN,TN,Tunisia,"Middle East, North Africa, Afghanistan & Pakistan",Lower middle income,2011,,,
TUN,TN,Tunisia,"Middle East, North Africa, Afghanistan & Pakistan",Lower middle income,2012,,,
TUN,TN,Tunisia,"Middle East, North Africa, Afghanistan & Pakistan",Lower middle income,2013,29.0,1.0,3.4011973816621555
TUN,TN,Tunisia,"Middle East, North Africa, Afghanistan & Pakistan",Lower middle income,2014,50.0,1.0,3.9318256327243257
TUN,TN,Tunisia,"Middle East, North Africa, Afghanistan & Pakistan",Lower middle income,2015,59.0,1.0,4.0943445622221
TUN,TN,Tunisia,"Middle East, North Africa, Afghanistan & Pakistan",Lower middle income,2016,71.0,1.0,4.276666119016055
TUN,TN,Tunisia,"Middle East, North Africa, Afghanistan & Pakistan",Lower middle income,2017,,,
TUN,TN,Tunisia,"Middle East, North Africa, Afghanistan & Pakistan",Lower middle income,2018,,,
TUN,TN,Tunisia,"Middle East, North Africa, Afghanistan & Pakistan",Lower middle income,2019,,,
TUN,TN,Tunisia,"Middle East, North Africa, Afghanistan & Pakistan",Lower middle income,2020,,,
TUN,TN,Tunisia,"Middle East, North Africa, Afghanistan & Pakistan",Lower middle income,2021,,,
TUN,TN,Tunisia,"Middle East, North Africa, Afghanistan & Pakistan",Lower middle income,2022,,,
TUN,TN,Tunisia,"Middle East, North Africa, Afghanistan & Pakistan",Lower middle income,2023,,,
TUN,TN,Tunisia,"Middle East, North Africa, Afghanistan & Pakistan",Lower middle income,2024,,,
TUR,TR,Turkiye,Europe & Central Asia,Upper middle income,2000,153.0,1.0,5.0369526024136295
TUR,TR,Turkiye,Europe & Central Asia,Upper middle income,2001,103.0,1.0,4.6443908991413725
TUR,TR,Turkiye,Europe & Central Asia,Upper middle income,2002,28.0,1.0,3.367295829986474
TUR,TR,Turkiye,Europe & Central Asia,Upper middle income,2003,93.0,1.0,4.543294782270004
TUR,TR,Turkiye,Europe & Central Asia,Upper middle income,2004,194.0,1.0,5.272999558563747
TUR,TR,Turkiye,Europe & Central Asia,Upper middle income,2005,293.0,1.0,5.683579767338681
TUR,TR,Turkiye,Europe & Central Asia,Upper middle income,2006,225.0,1.0,5.420534999272286
TUR,TR,Turkiye,Europe & Central Asia,Upper middle income,2007,494.0,1.0,6.20455776256869
TUR,TR,Turkiye,Europe & Central Asia,Upper middle income,2008,471.0,1.0,6.156978985585555
TUR,TR,Turkiye,Europe & Central Asia,Upper middle income,2009,138.0,1.0,4.9344739331306915
TUR,TR,Turkiye,Europe & Central Asia,Upper middle income,2010,226.0,1.0,5.424950017481403
TUR,TR,Turkiye,Europe & Central Asia,Upper middle income,2011,405.0,1.0,6.0063531596017325
TUR,TR,Turkiye,Europe & Central Asia,Upper middle income,2012,785.0,1.0,6.666956792429207
TUR,TR,Turkiye,Europe & Central Asia,Upper middle income,2013,20.0,1.0,3.044522437723423
TUR,TR,Turkiye,Europe & Central Asia,Upper middle income,2014,,,
TUR,TR,Turkiye,Europe & Central Asia,Upper middle income,2015,902.0,1.0,6.805722553416985
TUR,TR,Turkiye,Europe & Central Asia,Upper middle income,2016,1421.0,1.0,7.259819610363186
TUR,TR,Turkiye,Europe & Central Asia,Upper middle income,2017,378.0,1.0,5.937536205082426
TUR,TR,Turkiye,Europe & Central Asia,Upper middle income,2018,434.0,1.0,6.075346031088684
TUR,TR,Turkiye,Europe & Central Asia,Upper middle income,2019,245.0,1.0,5.5053315359323625
TUR,TR,Turkiye,Europe & Central Asia,Upper middle income,2020,192.0,1.0,5.262690188904886
TUR,TR,Turkiye,Europe & Central Asia,Upper middle income,2021,117.0,1.0,4.770684624465665
TUR,TR,Turkiye,Europe & Central Asia,Upper middle income,2022,96.0,1.0,4.574710978503383
TUR,TR,Turkiye,Europe & Central Asia,Upper middle income,2023,106.0,1.0,4.672828834461906
TUR,TR,Turkiye,Europe & Central Asia,Upper middle income,2024,34.0,1.0,3.5553480614894135
TUV,TV,Tuvalu,East Asia & Pacific,Upper middle income,2000,,,
TUV,TV,Tuvalu,East Asia & Pacific,Upper middle income,2001,,,
TUV,TV,Tuvalu,East Asia & Pacific,Upper middle income,2002,,,
TUV,TV,Tuvalu,East Asia & Pacific,Upper middle income,2003,,,
TUV,TV,Tuvalu,East Asia & Pacific,Upper middle income,2004,,,
TUV,TV,Tuvalu,East Asia & Pacific,Upper middle income,2005,,,
TUV,TV,Tuvalu,East Asia & Pacific,Upper middle income,2006,,,
TUV,TV,Tuvalu,East Asia & Pacific,Upper middle income,2007,,,
TUV,TV,Tuvalu,East Asia & Pacific,Upper middle income,2008,,,
TUV,TV,Tuvalu,East Asia & Pacific,Upper middle income,2009,,,
TUV,TV,Tuvalu,East Asia & Pacific,Upper middle income,2010,,,
TUV,TV,Tuvalu,East Asia & Pacific,Upper middle income,2011,,,
TUV,TV,Tuvalu,East Asia & Pacific,Upper middle income,2012,,,
TUV,TV,Tuvalu,East Asia & Pacific,Upper middle income,2013,,,
TUV,TV,Tuvalu,East Asia & Pacific,Upper middle income,2014,,,
TUV,TV,Tuvalu,East Asia & Pacific,Upper middle income,2015,,,
TUV,TV,Tuvalu,East Asia & Pacific,Upper middle income,2016,,,
TUV,TV,Tuvalu,East Asia & Pacific,Upper middle income,2017,,,
TUV,TV,Tuvalu,East Asia & Pacific,Upper middle income,2018,,,
TUV,TV,Tuvalu,East Asia & Pacific,Upper middle income,2019,,,
TUV,TV,Tuvalu,East Asia & Pacific,Upper middle income,2020,,,
TUV,TV,Tuvalu,East Asia & Pacific,Upper middle income,2021,,,
TUV,TV,Tuvalu,East Asia & Pacific,Upper middle income,2022,,,
TUV,TV,Tuvalu,East Asia & Pacific,Upper middle income,2023,,,
TUV,TV,Tuvalu,East Asia & Pacific,Upper middle income,2024,,,
TZA,TZ,Tanzania,Sub-Saharan Africa,Lower middle income,2000,,,
TZA,TZ,Tanzania,Sub-Saharan Africa,Lower middle income,2001,,,
TZA,TZ,Tanzania,Sub-Saharan Africa,Lower middle income,2002,,,
TZA,TZ,Tanzania,Sub-Saharan Africa,Lower middle income,2003,,,
TZA,TZ,Tanzania,Sub-Saharan Africa,Lower middle income,2004,,,
TZA,TZ,Tanzania,Sub-Saharan Africa,Lower middle income,2005,,,
TZA,TZ,Tanzania,Sub-Saharan Africa,Lower middle income,2006,,,
TZA,TZ,Tanzania,Sub-Saharan Africa,Lower middle income,2007,,,
TZA,TZ,Tanzania,Sub-Saharan Africa,Lower middle income,2008,,,
TZA,TZ,Tanzania,Sub-Saharan Africa,Lower middle income,2009,,,
TZA,TZ,Tanzania,Sub-Saharan Africa,Lower middle income,2010,,,
TZA,TZ,Tanzania,Sub-Saharan Africa,Lower middle income,2011,,,
TZA,TZ,Tanzania,Sub-Saharan Africa,Lower middle income,2012,,,
TZA,TZ,Tanzania,Sub-Saharan Africa,Lower middle income,2013,,,
TZA,TZ,Tanzania,Sub-Saharan Africa,Lower middle income,2014,,,
TZA,TZ,Tanzania,Sub-Saharan Africa,Lower middle income,2015,,,
TZA,TZ,Tanzania,Sub-Saharan Africa,Lower middle income,2016,,,
TZA,TZ,Tanzania,Sub-Saharan Africa,Lower middle income,2017,,,
TZA,TZ,Tanzania,Sub-Saharan Africa,Lower middle income,2018,,,
TZA,TZ,Tanzania,Sub-Saharan Africa,Lower middle income,2019,,,
TZA,TZ,Tanzania,Sub-Saharan Africa,Lower middle income,2020,25.0,1.0,3.258096538021482
TZA,TZ,Tanzania,Sub-Saharan Africa,Lower middle income,2021,,,
TZA,TZ,Tanzania,Sub-Saharan Africa,Lower middle income,2022,,,
TZA,TZ,Tanzania,Sub-Saharan Africa,Lower middle income,2023,,,
TZA,TZ,Tanzania,Sub-Saharan Africa,Lower middle income,2024,,,
UGA,UG,Uganda,Sub-Saharan Africa,Low income,2000,364.0,1.0,5.8998973535824915
UGA,UG,Uganda,Sub-Saharan Africa,Low income,2001,108.0,1.0,4.6913478822291435
UGA,UG,Uganda,Sub-Saharan Africa,Low income,2002,722.0,1.0,6.583409222158765
UGA,UG,Uganda,Sub-Saharan Africa,Low income,2003,633.0,1.0,6.452048954437226
UGA,UG,Uganda,Sub-Saharan Africa,Low income,2004,1215.0,1.0,7.103322062526113
UGA,UG,Uganda,Sub-Saharan Africa,Low income,2005,610.0,1.0,6.415096959171596
UGA,UG,Uganda,Sub-Saharan Africa,Low income,2006,198.0,1.0,5.293304824724492
UGA,UG,Uganda,Sub-Saharan Africa,Low income,2007,91.0,1.0,4.5217885770490405
UGA,UG,Uganda,Sub-Saharan Africa,Low income,2008,,,
UGA,UG,Uganda,Sub-Saharan Africa,Low income,2009,,,
UGA,UG,Uganda,Sub-Saharan Africa,Low income,2010,,,
UGA,UG,Uganda,Sub-Saharan Africa,Low income,2011,,,
UGA,UG,Uganda,Sub-Saharan Africa,Low income,2012,,,
UGA,UG,Uganda,Sub-Saharan Africa,Low income,2013,,,
UGA,UG,Uganda,Sub-Saharan Africa,Low income,2014,,,
UGA,UG,Uganda,Sub-Saharan Africa,Low income,2015,,,
UGA,UG,Uganda,Sub-Saharan Africa,Low income,2016,,,
UGA,UG,Uganda,Sub-Saharan Africa,Low income,2017,0.0,0.0,0.0
UGA,UG,Uganda,Sub-Saharan Africa,Low income,2018,,,
UGA,UG,Uganda,Sub-Saharan Africa,Low income,2019,,,
UGA,UG,Uganda,Sub-Saharan Africa,Low income,2020,,,
UGA,UG,Uganda,Sub-Saharan Africa,Low income,2021,,,
UGA,UG,Uganda,Sub-Saharan Africa,Low income,2022,25.0,1.0,3.258096538021482
UGA,UG,Uganda,Sub-Saharan Africa,Low income,2023,,,
UGA,UG,Uganda,Sub-Saharan Africa,Low income,2024,,,
UKR,UA,Ukraine,Europe & Central Asia,Upper middle income,2000,,,
UKR,UA,Ukraine,Europe & Central Asia,Upper middle income,2001,,,
UKR,UA,Ukraine,Europe & Central Asia,Upper middle income,2002,,,
UKR,UA,Ukraine,Europe & Central Asia,Upper middle income,2003,,,
UKR,UA,Ukraine,Europe & Central Asia,Upper middle income,2004,,,
UKR,UA,Ukraine,Europe & Central Asia,Upper middle income,2005,,,
UKR,UA,Ukraine,Europe & Central Asia,Upper middle income,2006,,,
UKR,UA,Ukraine,Europe & Central Asia,Upper middle income,2007,,,
UKR,UA,Ukraine,Europe & Central Asia,Upper middle income,2008,,,
UKR,UA,Ukraine,Europe & Central Asia,Upper middle income,2009,,,
UKR,UA,Ukraine,Europe & Central Asia,Upper middle income,2010,,,
UKR,UA,Ukraine,Europe & Central Asia,Upper middle income,2011,,,
UKR,UA,Ukraine,Europe & Central Asia,Upper middle income,2012,,,
UKR,UA,Ukraine,Europe & Central Asia,Upper middle income,2013,,,
UKR,UA,Ukraine,Europe & Central Asia,Upper middle income,2014,4894.0,1.0,8.49596955496461
UKR,UA,Ukraine,Europe & Central Asia,Upper middle income,2015,1890.0,1.0,7.544861068658458
UKR,UA,Ukraine,Europe & Central Asia,Upper middle income,2016,697.0,1.0,6.548219102762372
UKR,UA,Ukraine,Europe & Central Asia,Upper middle income,2017,447.0,1.0,6.104793232414985
UKR,UA,Ukraine,Europe & Central Asia,Upper middle income,2018,243.0,1.0,5.497168225293202
UKR,UA,Ukraine,Europe & Central Asia,Upper middle income,2019,311.0,1.0,5.7430031878094825
UKR,UA,Ukraine,Europe & Central Asia,Upper middle income,2020,196.0,1.0,5.2832037287379885
UKR,UA,Ukraine,Europe & Central Asia,Upper middle income,2021,208.0,1.0,5.342334251964811
UKR,UA,Ukraine,Europe & Central Asia,Upper middle income,2022,91478.0,1.0,11.423864716725856
UKR,UA,Ukraine,Europe & Central Asia,Upper middle income,2023,75080.0,1.0,11.226322809738011
UKR,UA,Ukraine,Europe & Central Asia,Upper middle income,2024,68097.0,1.0,11.128703123130714
URY,UY,Uruguay,Latin America & Caribbean,High income,2000,,,
URY,UY,Uruguay,Latin America & Caribbean,High income,2001,,,
URY,UY,Uruguay,Latin America & Caribbean,High income,2002,,,
URY,UY,Uruguay,Latin America & Caribbean,High income,2003,,,
URY,UY,Uruguay,Latin America & Caribbean,High income,2004,,,
URY,UY,Uruguay,Latin America & Caribbean,High income,2005,,,
URY,UY,Uruguay,Latin America & Caribbean,High income,2006,,,
URY,UY,Uruguay,Latin America & Caribbean,High income,2007,,,
URY,UY,Uruguay,Latin America & Caribbean,High income,2008,,,
URY,UY,Uruguay,Latin America & Caribbean,High income,2009,,,
URY,UY,Uruguay,Latin America & Caribbean,High income,2010,,,
URY,UY,Uruguay,Latin America & Caribbean,High income,2011,,,
URY,UY,Uruguay,Latin America & Caribbean,High income,2012,,,
URY,UY,Uruguay,Latin America & Caribbean,High income,2013,,,
URY,UY,Uruguay,Latin America & Caribbean,High income,2014,,,
URY,UY,Uruguay,Latin America & Caribbean,High income,2015,,,
URY,UY,Uruguay,Latin America & Caribbean,High income,2016,,,
URY,UY,Uruguay,Latin America & Caribbean,High income,2017,,,
URY,UY,Uruguay,Latin America & Caribbean,High income,2018,,,
URY,UY,Uruguay,Latin America & Caribbean,High income,2019,,,
URY,UY,Uruguay,Latin America & Caribbean,High income,2020,,,
URY,UY,Uruguay,Latin America & Caribbean,High income,2021,,,
URY,UY,Uruguay,Latin America & Caribbean,High income,2022,,,
URY,UY,Uruguay,Latin America & Caribbean,High income,2023,,,
URY,UY,Uruguay,Latin America & Caribbean,High income,2024,,,
USA,US,United States,North America,High income,2000,,,
USA,US,United States,North America,High income,2001,233.0,1.0,5.455321115357702
USA,US,United States,North America,High income,2002,,,
USA,US,United States,North America,High income,2003,,,
USA,US,United States,North America,High income,2004,,,
USA,US,United States,North America,High income,2005,,,
USA,US,United States,North America,High income,2006,,,
USA,US,United States,North America,High income,2007,,,
USA,US,United States,North America,High income,2008,,,
USA,US,United States,North America,High income,2009,,,
USA,US,United States,North America,High income,2010,,,
USA,US,United States,North America,High income,2011,,,
USA,US,United States,North America,High income,2012,,,
USA,US,United States,North America,High income,2013,,,
USA,US,United States,North America,High income,2014,,,
USA,US,United States,North America,High income,2015,,,
USA,US,United States,North America,High income,2016,,,
USA,US,United States,North America,High income,2017,,,
USA,US,United States,North America,High income,2018,,,
USA,US,United States,North America,High income,2019,,,
USA,US,United States,North America,High income,2020,,,
USA,US,United States,North America,High income,2021,,,
USA,US,United States,North America,High income,2022,,,
USA,US,United States,North America,High income,2023,,,
USA,US,United States,North America,High income,2024,,,
UZB,UZ,Uzbekistan,Europe & Central Asia,Lower middle income,2000,297.0,1.0,5.697093486505405
UZB,UZ,Uzbekistan,Europe & Central Asia,Lower middle income,2001,,,
UZB,UZ,Uzbekistan,Europe & Central Asia,Lower middle income,2002,,,
UZB,UZ,Uzbekistan,Europe & Central Asia,Lower middle income,2003,,,
UZB,UZ,Uzbekistan,Europe & Central Asia,Lower middle income,2004,37.0,1.0,3.6375861597263857
UZB,UZ,Uzbekistan,Europe & Central Asia,Lower middle income,2005,,,
UZB,UZ,Uzbekistan,Europe & Central Asia,Lower middle income,2006,,,
UZB,UZ,Uzbekistan,Europe & Central Asia,Lower middle income,2007,,,
UZB,UZ,Uzbekistan,Europe & Central Asia,Lower middle income,2008,,,
UZB,UZ,Uzbekistan,Europe & Central Asia,Lower middle income,2009,,,
UZB,UZ,Uzbekistan,Europe & Central Asia,Lower middle income,2010,,,
UZB,UZ,Uzbekistan,Europe & Central Asia,Lower middle income,2011,,,
UZB,UZ,Uzbekistan,Europe & Central Asia,Lower middle income,2012,,,
UZB,UZ,Uzbekistan,Europe & Central Asia,Lower middle income,2013,,,
UZB,UZ,Uzbekistan,Europe & Central Asia,Lower middle income,2014,,,
UZB,UZ,Uzbekistan,Europe & Central Asia,Lower middle income,2015,,,
UZB,UZ,Uzbekistan,Europe & Central Asia,Lower middle income,2016,,,
UZB,UZ,Uzbekistan,Europe & Central Asia,Lower middle income,2017,,,
UZB,UZ,Uzbekistan,Europe & Central Asia,Lower middle income,2018,,,
UZB,UZ,Uzbekistan,Europe & Central Asia,Lower middle income,2019,,,
UZB,UZ,Uzbekistan,Europe & Central Asia,Lower middle income,2020,,,
UZB,UZ,Uzbekistan,Europe & Central Asia,Lower middle income,2021,,,
UZB,UZ,Uzbekistan,Europe & Central Asia,Lower middle income,2022,,,
UZB,UZ,Uzbekistan,Europe & Central Asia,Lower middle income,2023,,,
UZB,UZ,Uzbekistan,Europe & Central Asia,Lower middle income,2024,,,
VCT,VC,St. Vincent and the Grenadines,Latin America & Caribbean,Upper middle income,2000,,,
VCT,VC,St. Vincent and the Grenadines,Latin America & Caribbean,Upper middle income,2001,,,
VCT,VC,St. Vincent and the Grenadines,Latin America & Caribbean,Upper middle income,2002,,,
VCT,VC,St. Vincent and the Grenadines,Latin America & Caribbean,Upper middle income,2003,,,
VCT,VC,St. Vincent and the Grenadines,Latin America & Caribbean,Upper middle income,2004,,,
VCT,VC,St. Vincent and the Grenadines,Latin America & Caribbean,Upper middle income,2005,,,
VCT,VC,St. Vincent and the Grenadines,Latin America & Caribbean,Upper middle income,2006,,,
VCT,VC,St. Vincent and the Grenadines,Latin America & Caribbean,Upper middle income,2007,,,
VCT,VC,St. Vincent and the Grenadines,Latin America & Caribbean,Upper middle income,2008,,,
VCT,VC,St. Vincent and the Grenadines,Latin America & Caribbean,Upper middle income,2009,,,
VCT,VC,St. Vincent and the Grenadines,Latin America & Caribbean,Upper middle income,2010,,,
VCT,VC,St. Vincent and the Grenadines,Latin America & Caribbean,Upper middle income,2011,,,
VCT,VC,St. Vincent and the Grenadines,Latin America & Caribbean,Upper middle income,2012,,,
VCT,VC,St. Vincent and the Grenadines,Latin America & Caribbean,Upper middle income,2013,,,
VCT,VC,St. Vincent and the Grenadines,Latin America & Caribbean,Upper middle income,2014,,,
VCT,VC,St. Vincent and the Grenadines,Latin America & Caribbean,Upper middle income,2015,,,
VCT,VC,St. Vincent and the Grenadines,Latin America & Caribbean,Upper middle income,2016,,,
VCT,VC,St. Vincent and the Grenadines,Latin America & Caribbean,Upper middle income,2017,,,
VCT,VC,St. Vincent and the Grenadines,Latin America & Caribbean,Upper middle income,2018,,,
VCT,VC,St. Vincent and the Grenadines,Latin America & Caribbean,Upper middle income,2019,,,
VCT,VC,St. Vincent and the Grenadines,Latin America & Caribbean,Upper middle income,2020,,,
VCT,VC,St. Vincent and the Grenadines,Latin America & Caribbean,Upper middle income,2021,,,
VCT,VC,St. Vincent and the Grenadines,Latin America & Caribbean,Upper middle income,2022,,,
VCT,VC,St. Vincent and the Grenadines,Latin America & Caribbean,Upper middle income,2023,,,
VCT,VC,St. Vincent and the Grenadines,Latin America & Caribbean,Upper middle income,2024,,,
VEN,VE,"Venezuela, RB",Latin America & Caribbean,Lower middle income,2000,,,
VEN,VE,"Venezuela, RB",Latin America & Caribbean,Lower middle income,2001,,,
VEN,VE,"Venezuela, RB",Latin America & Caribbean,Lower middle income,2002,,,
VEN,VE,"Venezuela, RB",Latin America & Caribbean,Lower middle income,2003,,,
VEN,VE,"Venezuela, RB",Latin America & Caribbean,Lower middle income,2004,,,
VEN,VE,"Venezuela, RB",Latin America & Caribbean,Lower middle income,2005,,,
VEN,VE,"Venezuela, RB",Latin America & Caribbean,Lower middle income,2006,,,
VEN,VE,"Venezuela, RB",Latin America & Caribbean,Lower middle income,2007,2.0,1.0,1.0986122886681098
VEN,VE,"Venezuela, RB",Latin America & Caribbean,Lower middle income,2008,,,
VEN,VE,"Venezuela, RB",Latin America & Caribbean,Lower middle income,2009,,,
VEN,VE,"Venezuela, RB",Latin America & Caribbean,Lower middle income,2010,,,
VEN,VE,"Venezuela, RB",Latin America & Caribbean,Lower middle income,2011,,,
VEN,VE,"Venezuela, RB",Latin America & Caribbean,Lower middle income,2012,,,
VEN,VE,"Venezuela, RB",Latin America & Caribbean,Lower middle income,2013,,,
VEN,VE,"Venezuela, RB",Latin America & Caribbean,Lower middle income,2014,,,
VEN,VE,"Venezuela, RB",Latin America & Caribbean,Lower middle income,2015,,,
VEN,VE,"Venezuela, RB",Latin America & Caribbean,Lower middle income,2016,,,
VEN,VE,"Venezuela, RB",Latin America & Caribbean,Lower middle income,2017,,,
VEN,VE,"Venezuela, RB",Latin America & Caribbean,Lower middle income,2018,,,
VEN,VE,"Venezuela, RB",Latin America & Caribbean,Lower middle income,2019,,,
VEN,VE,"Venezuela, RB",Latin America & Caribbean,Lower middle income,2020,,,
VEN,VE,"Venezuela, RB",Latin America & Caribbean,Lower middle income,2021,,,
VEN,VE,"Venezuela, RB",Latin America & Caribbean,Lower middle income,2022,,,
VEN,VE,"Venezuela, RB",Latin America & Caribbean,Lower middle income,2023,,,
VEN,VE,"Venezuela, RB",Latin America & Caribbean,Lower middle income,2024,,,
VGB,VG,British Virgin Islands,Latin America & Caribbean,High income,2000,,,
VGB,VG,British Virgin Islands,Latin America & Caribbean,High income,2001,,,
VGB,VG,British Virgin Islands,Latin America & Caribbean,High income,2002,,,
VGB,VG,British Virgin Islands,Latin America & Caribbean,High income,2003,,,
VGB,VG,British Virgin Islands,Latin America & Caribbean,High income,2004,,,
VGB,VG,British Virgin Islands,Latin America & Caribbean,High income,2005,,,
VGB,VG,British Virgin Islands,Latin America & Caribbean,High income,2006,,,
VGB,VG,British Virgin Islands,Latin America & Caribbean,High income,2007,,,
VGB,VG,British Virgin Islands,Latin America & Caribbean,High income,2008,,,
VGB,VG,British Virgin Islands,Latin America & Caribbean,High income,2009,,,
VGB,VG,British Virgin Islands,Latin America & Caribbean,High income,2010,,,
VGB,VG,British Virgin Islands,Latin America & Caribbean,High income,2011,,,
VGB,VG,British Virgin Islands,Latin America & Caribbean,High income,2012,,,
VGB,VG,British Virgin Islands,Latin America & Caribbean,High income,2013,,,
VGB,VG,British Virgin Islands,Latin America & Caribbean,High income,2014,,,
VGB,VG,British Virgin Islands,Latin America & Caribbean,High income,2015,,,
VGB,VG,British Virgin Islands,Latin America & Caribbean,High income,2016,,,
VGB,VG,British Virgin Islands,Latin America & Caribbean,High income,2017,,,
VGB,VG,British Virgin Islands,Latin America & Caribbean,High income,2018,,,
VGB,VG,British Virgin Islands,Latin America & Caribbean,High income,2019,,,
VGB,VG,British Virgin Islands,Latin America & Caribbean,High income,2020,,,
VGB,VG,British Virgin Islands,Latin America & Caribbean,High income,2021,,,
VGB,VG,British Virgin Islands,Latin America & Caribbean,High income,2022,,,
VGB,VG,British Virgin Islands,Latin America & Caribbean,High income,2023,,,
VGB,VG,British Virgin Islands,Latin America & Caribbean,High income,2024,,,
VIR,VI,Virgin Islands (U.S.),Latin America & Caribbean,High income,2000,,,
VIR,VI,Virgin Islands (U.S.),Latin America & Caribbean,High income,2001,,,
VIR,VI,Virgin Islands (U.S.),Latin America & Caribbean,High income,2002,,,
VIR,VI,Virgin Islands (U.S.),Latin America & Caribbean,High income,2003,,,
VIR,VI,Virgin Islands (U.S.),Latin America & Caribbean,High income,2004,,,
VIR,VI,Virgin Islands (U.S.),Latin America & Caribbean,High income,2005,,,
VIR,VI,Virgin Islands (U.S.),Latin America & Caribbean,High income,2006,,,
VIR,VI,Virgin Islands (U.S.),Latin America & Caribbean,High income,2007,,,
VIR,VI,Virgin Islands (U.S.),Latin America & Caribbean,High income,2008,,,
VIR,VI,Virgin Islands (U.S.),Latin America & Caribbean,High income,2009,,,
VIR,VI,Virgin Islands (U.S.),Latin America & Caribbean,High income,2010,,,
VIR,VI,Virgin Islands (U.S.),Latin America & Caribbean,High income,2011,,,
VIR,VI,Virgin Islands (U.S.),Latin America & Caribbean,High income,2012,,,
VIR,VI,Virgin Islands (U.S.),Latin America & Caribbean,High income,2013,,,
VIR,VI,Virgin Islands (U.S.),Latin America & Caribbean,High income,2014,,,
VIR,VI,Virgin Islands (U.S.),Latin America & Caribbean,High income,2015,,,
VIR,VI,Virgin Islands (U.S.),Latin America & Caribbean,High income,2016,,,
VIR,VI,Virgin Islands (U.S.),Latin America & Caribbean,High income,2017,,,
VIR,VI,Virgin Islands (U.S.),Latin America & Caribbean,High income,2018,,,
VIR,VI,Virgin Islands (U.S.),Latin America & Caribbean,High income,2019,,,
VIR,VI,Virgin Islands (U.S.),Latin America & Caribbean,High income,2020,,,
VIR,VI,Virgin Islands (U.S.),Latin America & Caribbean,High income,2021,,,
VIR,VI,Virgin Islands (U.S.),Latin America & Caribbean,High income,2022,,,
VIR,VI,Virgin Islands (U.S.),Latin America & Caribbean,High income,2023,,,
VIR,VI,Virgin Islands (U.S.),Latin America & Caribbean,High income,2024,,,
VNM,VN,Viet Nam,East Asia & Pacific,Upper middle income,2000,,,
VNM,VN,Viet Nam,East Asia & Pacific,Upper middle income,2001,,,
VNM,VN,Viet Nam,East Asia & Pacific,Upper middle income,2002,,,
VNM,VN,Viet Nam,East Asia & Pacific,Upper middle income,2003,,,
VNM,VN,Viet Nam,East Asia & Pacific,Upper middle income,2004,,,
VNM,VN,Viet Nam,East Asia & Pacific,Upper middle income,2005,,,
VNM,VN,Viet Nam,East Asia & Pacific,Upper middle income,2006,,,
VNM,VN,Viet Nam,East Asia & Pacific,Upper middle income,2007,,,
VNM,VN,Viet Nam,East Asia & Pacific,Upper middle income,2008,,,
VNM,VN,Viet Nam,East Asia & Pacific,Upper middle income,2009,,,
VNM,VN,Viet Nam,East Asia & Pacific,Upper middle income,2010,,,
VNM,VN,Viet Nam,East Asia & Pacific,Upper middle income,2011,,,
VNM,VN,Viet Nam,East Asia & Pacific,Upper middle income,2012,,,
VNM,VN,Viet Nam,East Asia & Pacific,Upper middle income,2013,,,
VNM,VN,Viet Nam,East Asia & Pacific,Upper middle income,2014,,,
VNM,VN,Viet Nam,East Asia & Pacific,Upper middle income,2015,,,
VNM,VN,Viet Nam,East Asia & Pacific,Upper middle income,2016,,,
VNM,VN,Viet Nam,East Asia & Pacific,Upper middle income,2017,,,
VNM,VN,Viet Nam,East Asia & Pacific,Upper middle income,2018,,,
VNM,VN,Viet Nam,East Asia & Pacific,Upper middle income,2019,,,
VNM,VN,Viet Nam,East Asia & Pacific,Upper middle income,2020,,,
VNM,VN,Viet Nam,East Asia & Pacific,Upper middle income,2021,,,
VNM,VN,Viet Nam,East Asia & Pacific,Upper middle income,2022,,,
VNM,VN,Viet Nam,East Asia & Pacific,Upper middle income,2023,,,
VNM,VN,Viet Nam,East Asia & Pacific,Upper middle income,2024,,,
VUT,VU,Vanuatu,East Asia & Pacific,Lower middle income,2000,,,
VUT,VU,Vanuatu,East Asia & Pacific,Lower middle income,2001,,,
VUT,VU,Vanuatu,East Asia & Pacific,Lower middle income,2002,,,
VUT,VU,Vanuatu,East Asia & Pacific,Lower middle income,2003,,,
VUT,VU,Vanuatu,East Asia & Pacific,Lower middle income,2004,,,
VUT,VU,Vanuatu,East Asia & Pacific,Lower middle income,2005,,,
VUT,VU,Vanuatu,East Asia & Pacific,Lower middle income,2006,,,
VUT,VU,Vanuatu,East Asia & Pacific,Lower middle income,2007,,,
VUT,VU,Vanuatu,East Asia & Pacific,Lower middle income,2008,,,
VUT,VU,Vanuatu,East Asia & Pacific,Lower middle income,2009,,,
VUT,VU,Vanuatu,East Asia & Pacific,Lower middle income,2010,,,
VUT,VU,Vanuatu,East Asia & Pacific,Lower middle income,2011,,,
VUT,VU,Vanuatu,East Asia & Pacific,Lower middle income,2012,,,
VUT,VU,Vanuatu,East Asia & Pacific,Lower middle income,2013,,,
VUT,VU,Vanuatu,East Asia & Pacific,Lower middle income,2014,,,
VUT,VU,Vanuatu,East Asia & Pacific,Lower middle income,2015,,,
VUT,VU,Vanuatu,East Asia & Pacific,Lower middle income,2016,,,
VUT,VU,Vanuatu,East Asia & Pacific,Lower middle income,2017,,,
VUT,VU,Vanuatu,East Asia & Pacific,Lower middle income,2018,,,
VUT,VU,Vanuatu,East Asia & Pacific,Lower middle income,2019,,,
VUT,VU,Vanuatu,East Asia & Pacific,Lower middle income,2020,,,
VUT,VU,Vanuatu,East Asia & Pacific,Lower middle income,2021,,,
VUT,VU,Vanuatu,East Asia & Pacific,Lower middle income,2022,,,
VUT,VU,Vanuatu,East Asia & Pacific,Lower middle income,2023,,,
VUT,VU,Vanuatu,East Asia & Pacific,Lower middle income,2024,,,
WSM,WS,Samoa,East Asia & Pacific,Upper middle income,2000,,,
WSM,WS,Samoa,East Asia & Pacific,Upper middle income,2001,,,
WSM,WS,Samoa,East Asia & Pacific,Upper middle income,2002,,,
WSM,WS,Samoa,East Asia & Pacific,Upper middle income,2003,,,
WSM,WS,Samoa,East Asia & Pacific,Upper middle income,2004,,,
WSM,WS,Samoa,East Asia & Pacific,Upper middle income,2005,,,
WSM,WS,Samoa,East Asia & Pacific,Upper middle income,2006,,,
WSM,WS,Samoa,East Asia & Pacific,Upper middle income,2007,,,
WSM,WS,Samoa,East Asia & Pacific,Upper middle income,2008,,,
WSM,WS,Samoa,East Asia & Pacific,Upper middle income,2009,,,
WSM,WS,Samoa,East Asia & Pacific,Upper middle income,2010,,,
WSM,WS,Samoa,East Asia & Pacific,Upper middle income,2011,,,
WSM,WS,Samoa,East Asia & Pacific,Upper middle income,2012,,,
WSM,WS,Samoa,East Asia & Pacific,Upper middle income,2013,,,
WSM,WS,Samoa,East Asia & Pacific,Upper middle income,2014,,,
WSM,WS,Samoa,East Asia & Pacific,Upper middle income,2015,,,
WSM,WS,Samoa,East Asia & Pacific,Upper middle income,2016,,,
WSM,WS,Samoa,East Asia & Pacific,Upper middle income,2017,,,
WSM,WS,Samoa,East Asia & Pacific,Upper middle income,2018,,,
WSM,WS,Samoa,East Asia & Pacific,Upper middle income,2019,,,
WSM,WS,Samoa,East Asia & Pacific,Upper middle income,2020,,,
WSM,WS,Samoa,East Asia & Pacific,Upper middle income,2021,,,
WSM,WS,Samoa,East Asia & Pacific,Upper middle income,2022,,,
WSM,WS,Samoa,East Asia & Pacific,Upper middle income,2023,,,
WSM,WS,Samoa,East Asia & Pacific,Upper middle income,2024,,,
XKX,XK,Kosovo,Europe & Central Asia,Upper middle income,2000,,,
XKX,XK,Kosovo,Europe & Central Asia,Upper middle income,2001,,,
XKX,XK,Kosovo,Europe & Central Asia,Upper middle income,2002,,,
XKX,XK,Kosovo,Europe & Central Asia,Upper middle income,2003,,,
XKX,XK,Kosovo,Europe & Central Asia,Upper middle income,2004,,,
XKX,XK,Kosovo,Europe & Central Asia,Upper middle income,2005,,,
XKX,XK,Kosovo,Europe & Central Asia,Upper middle income,2006,,,
XKX,XK,Kosovo,Europe & Central Asia,Upper middle income,2007,,,
XKX,XK,Kosovo,Europe & Central Asia,Upper middle income,2008,,,
XKX,XK,Kosovo,Europe & Central Asia,Upper middle income,2009,,,
XKX,XK,Kosovo,Europe & Central Asia,Upper middle income,2010,,,
XKX,XK,Kosovo,Europe & Central Asia,Upper middle income,2011,,,
XKX,XK,Kosovo,Europe & Central Asia,Upper middle income,2012,,,
XKX,XK,Kosovo,Europe & Central Asia,Upper middle income,2013,,,
XKX,XK,Kosovo,Europe & Central Asia,Upper middle income,2014,,,
XKX,XK,Kosovo,Europe & Central Asia,Upper middle income,2015,,,
XKX,XK,Kosovo,Europe & Central Asia,Upper middle income,2016,,,
XKX,XK,Kosovo,Europe & Central Asia,Upper middle income,2017,,,
XKX,XK,Kosovo,Europe & Central Asia,Upper middle income,2018,,,
XKX,XK,Kosovo,Europe & Central Asia,Upper middle income,2019,,,
XKX,XK,Kosovo,Europe & Central Asia,Upper middle income,2020,,,
XKX,XK,Kosovo,Europe & Central Asia,Upper middle income,2021,,,
XKX,XK,Kosovo,Europe & Central Asia,Upper middle income,2022,,,
XKX,XK,Kosovo,Europe & Central Asia,Upper middle income,2023,,,
XKX,XK,Kosovo,Europe & Central Asia,Upper middle income,2024,,,
YEM,YE,"Yemen, Rep.","Middle East, North Africa, Afghanistan & Pakistan",Low income,2000,,,
YEM,YE,"Yemen, Rep.","Middle East, North Africa, Afghanistan & Pakistan",Low income,2001,,,
YEM,YE,"Yemen, Rep.","Middle East, North Africa, Afghanistan & Pakistan",Low income,2002,2.0,1.0,1.0986122886681098
YEM,YE,"Yemen, Rep.","Middle East, North Africa, Afghanistan & Pakistan",Low income,2003,,,
YEM,YE,"Yemen, Rep.","Middle East, North Africa, Afghanistan & Pakistan",Low income,2004,,,
YEM,YE,"Yemen, Rep.","Middle East, North Africa, Afghanistan & Pakistan",Low income,2005,,,
YEM,YE,"Yemen, Rep.","Middle East, North Africa, Afghanistan & Pakistan",Low income,2006,,,
YEM,YE,"Yemen, Rep.","Middle East, North Africa, Afghanistan & Pakistan",Low income,2007,,,
YEM,YE,"Yemen, Rep.","Middle East, North Africa, Afghanistan & Pakistan",Low income,2008,21.0,1.0,3.091042453358316
YEM,YE,"Yemen, Rep.","Middle East, North Africa, Afghanistan & Pakistan",Low income,2009,94.0,1.0,4.553876891600541
YEM,YE,"Yemen, Rep.","Middle East, North Africa, Afghanistan & Pakistan",Low income,2010,175.0,1.0,5.170483995038151
YEM,YE,"Yemen, Rep.","Middle East, North Africa, Afghanistan & Pakistan",Low income,2011,1143.0,1.0,7.042286171939743
YEM,YE,"Yemen, Rep.","Middle East, North Africa, Afghanistan & Pakistan",Low income,2012,2366.0,1.0,7.769378609513984
YEM,YE,"Yemen, Rep.","Middle East, North Africa, Afghanistan & Pakistan",Low income,2013,578.0,1.0,6.361302477572996
YEM,YE,"Yemen, Rep.","Middle East, North Africa, Afghanistan & Pakistan",Low income,2014,1826.0,1.0,7.510430556378006
YEM,YE,"Yemen, Rep.","Middle East, North Africa, Afghanistan & Pakistan",Low income,2015,7720.0,1.0,8.951699168308815
YEM,YE,"Yemen, Rep.","Middle East, North Africa, Afghanistan & Pakistan",Low income,2016,3013.0,1.0,8.01102337918644
YEM,YE,"Yemen, Rep.","Middle East, North Africa, Afghanistan & Pakistan",Low income,2017,3145.0,1.0,8.053887083618223
YEM,YE,"Yemen, Rep.","Middle East, North Africa, Afghanistan & Pakistan",Low income,2018,4639.0,1.0,8.442469645220301
YEM,YE,"Yemen, Rep.","Middle East, North Africa, Afghanistan & Pakistan",Low income,2019,2629.0,1.0,7.874739125171811
YEM,YE,"Yemen, Rep.","Middle East, North Africa, Afghanistan & Pakistan",Low income,2020,6294.0,1.0,8.747510946478448
YEM,YE,"Yemen, Rep.","Middle East, North Africa, Afghanistan & Pakistan",Low income,2021,23351.0,1.0,10.05843791253395
YEM,YE,"Yemen, Rep.","Middle East, North Africa, Afghanistan & Pakistan",Low income,2022,2917.0,1.0,7.978653729082731
YEM,YE,"Yemen, Rep.","Middle East, North Africa, Afghanistan & Pakistan",Low income,2023,795.0,1.0,6.679599185844383
YEM,YE,"Yemen, Rep.","Middle East, North Africa, Afghanistan & Pakistan",Low income,2024,918.0,1.0,6.823286122355687
ZAF,ZA,South Africa,Sub-Saharan Africa,Upper middle income,2000,,,
ZAF,ZA,South Africa,Sub-Saharan Africa,Upper middle income,2001,,,
ZAF,ZA,South Africa,Sub-Saharan Africa,Upper middle income,2002,,,
ZAF,ZA,South Africa,Sub-Saharan Africa,Upper middle income,2003,,,
ZAF,ZA,South Africa,Sub-Saharan Africa,Upper middle income,2004,,,
ZAF,ZA,South Africa,Sub-Saharan Africa,Upper middle income,2005,,,
ZAF,ZA,South Africa,Sub-Saharan Africa,Upper middle income,2006,,,
ZAF,ZA,South Africa,Sub-Saharan Africa,Upper middle income,2007,,,
ZAF,ZA,South Africa,Sub-Saharan Africa,Upper middle income,2008,,,
ZAF,ZA,South Africa,Sub-Saharan Africa,Upper middle income,2009,,,
ZAF,ZA,South Africa,Sub-Saharan Africa,Upper middle income,2010,,,
ZAF,ZA,South Africa,Sub-Saharan Africa,Upper middle income,2011,,,
ZAF,ZA,South Africa,Sub-Saharan Africa,Upper middle income,2012,,,
ZAF,ZA,South Africa,Sub-Saharan Africa,Upper middle income,2013,,,
ZAF,ZA,South Africa,Sub-Saharan Africa,Upper middle income,2014,,,
ZAF,ZA,South Africa,Sub-Saharan Africa,Upper middle income,2015,,,
ZAF,ZA,South Africa,Sub-Saharan Africa,Upper middle income,2016,,,
ZAF,ZA,South Africa,Sub-Saharan Africa,Upper middle income,2017,,,
ZAF,ZA,South Africa,Sub-Saharan Africa,Upper middle income,2018,,,
ZAF,ZA,South Africa,Sub-Saharan Africa,Upper middle income,2019,,,
ZAF,ZA,South Africa,Sub-Saharan Africa,Upper middle income,2020,,,
ZAF,ZA,South Africa,Sub-Saharan Africa,Upper middle income,2021,,,
ZAF,ZA,South Africa,Sub-Saharan Africa,Upper middle income,2022,,,
ZAF,ZA,South Africa,Sub-Saharan Africa,Upper middle income,2023,,,
ZAF,ZA,South Africa,Sub-Saharan Africa,Upper middle income,2024,,,
ZMB,ZM,Zambia,Sub-Saharan Africa,Lower middle income,2000,,,
ZMB,ZM,Zambia,Sub-Saharan Africa,Lower middle income,2001,,,
ZMB,ZM,Zambia,Sub-Saharan Africa,Lower middle income,2002,,,
ZMB,ZM,Zambia,Sub-Saharan Africa,Lower middle income,2003,,,
ZMB,ZM,Zambia,Sub-Saharan Africa,Lower middle income,2004,,,
ZMB,ZM,Zambia,Sub-Saharan Africa,Lower middle income,2005,,,
ZMB,ZM,Zambia,Sub-Saharan Africa,Lower middle income,2006,,,
ZMB,ZM,Zambia,Sub-Saharan Africa,Lower middle income,2007,,,
ZMB,ZM,Zambia,Sub-Saharan Africa,Lower middle income,2008,,,
ZMB,ZM,Zambia,Sub-Saharan Africa,Lower middle income,2009,,,
ZMB,ZM,Zambia,Sub-Saharan Africa,Lower middle income,2010,,,
ZMB,ZM,Zambia,Sub-Saharan Africa,Lower middle income,2011,,,
ZMB,ZM,Zambia,Sub-Saharan Africa,Lower middle income,2012,,,
ZMB,ZM,Zambia,Sub-Saharan Africa,Lower middle income,2013,,,
ZMB,ZM,Zambia,Sub-Saharan Africa,Lower middle income,2014,,,
ZMB,ZM,Zambia,Sub-Saharan Africa,Lower middle income,2015,,,
ZMB,ZM,Zambia,Sub-Saharan Africa,Lower middle income,2016,,,
ZMB,ZM,Zambia,Sub-Saharan Africa,Lower middle income,2017,,,
ZMB,ZM,Zambia,Sub-Saharan Africa,Lower middle income,2018,,,
ZMB,ZM,Zambia,Sub-Saharan Africa,Lower middle income,2019,,,
ZMB,ZM,Zambia,Sub-Saharan Africa,Lower middle income,2020,,,
ZMB,ZM,Zambia,Sub-Saharan Africa,Lower middle income,2021,,,
ZMB,ZM,Zambia,Sub-Saharan Africa,Lower middle income,2022,,,
ZMB,ZM,Zambia,Sub-Saharan Africa,Lower middle income,2023,,,
ZMB,ZM,Zambia,Sub-Saharan Africa,Lower middle income,2024,,,
ZWE,ZW,Zimbabwe,Sub-Saharan Africa,Lower middle income,2000,,,
ZWE,ZW,Zimbabwe,Sub-Saharan Africa,Lower middle income,2001,,,
ZWE,ZW,Zimbabwe,Sub-Saharan Africa,Lower middle income,2002,,,
ZWE,ZW,Zimbabwe,Sub-Saharan Africa,Lower middle income,2003,,,
ZWE,ZW,Zimbabwe,Sub-Saharan Africa,Lower middle income,2004,,,
ZWE,ZW,Zimbabwe,Sub-Saharan Africa,Lower middle income,2005,,,
ZWE,ZW,Zimbabwe,Sub-Saharan Africa,Lower middle income,2006,,,
ZWE,ZW,Zimbabwe,Sub-Saharan Africa,Lower middle income,2007,,,
ZWE,ZW,Zimbabwe,Sub-Saharan Africa,Lower middle income,2008,,,
ZWE,ZW,Zimbabwe,Sub-Saharan Africa,Lower middle income,2009,,,
ZWE,ZW,Zimbabwe,Sub-Saharan Africa,Lower middle income,2010,,,
ZWE,ZW,Zimbabwe,Sub-Saharan Africa,Lower middle income,2011,,,
ZWE,ZW,Zimbabwe,Sub-Saharan Africa,Lower middle income,2012,,,
ZWE,ZW,Zimbabwe,Sub-Saharan Africa,Lower middle income,2013,,,
ZWE,ZW,Zimbabwe,Sub-Saharan Africa,Lower middle income,2014,,,
ZWE,ZW,Zimbabwe,Sub-Saharan Africa,Lower middle income,2015,,,
ZWE,ZW,Zimbabwe,Sub-Saharan Africa,Lower middle income,2016,,,
ZWE,ZW,Zimbabwe,Sub-Saharan Africa,Lower middle income,2017,,,
ZWE,ZW,Zimbabwe,Sub-Saharan Africa,Lower middle income,2018,,,
ZWE,ZW,Zimbabwe,Sub-Saharan Africa,Lower middle income,2019,,,
ZWE,ZW,Zimbabwe,Sub-Saharan Africa,Lower middle income,2020,,,
ZWE,ZW,Zimbabwe,Sub-Saharan Africa,Lower middle income,2021,,,
ZWE,ZW,Zimbabwe,Sub-Saharan Africa,Lower middle income,2022,,,
ZWE,ZW,Zimbabwe,Sub-Saharan Africa,Lower middle income,2023,,,
ZWE,ZW,Zimbabwe,Sub-Saharan Africa,Lower middle income,2024,,,
