k,country_default_source,year,sovereign_debt_in_default_usd_mn,iso3
AFG_1960,Afghanistan,1960,0.0,AFG
AFG_1961,Afghanistan,1961,0.0,AFG
AFG_1962,Afghanistan,1962,0.0,AFG
AFG_1963,Afghanistan,1963,0.0,AFG
AFG_1964,Afghanistan,1964,267.0,AFG
AFG_1965,Afghanistan,1965,267.0,AFG
AFG_1966,Afghanistan,1966,267.0,AFG
AFG_1967,Afghanistan,1967,2.7,AFG
AFG_1968,Afghanistan,1968,0.0,AFG
AFG_1969,Afghanistan,1969,0.0,AFG
AFG_1970,Afghanistan,1970,0.0,AFG
AFG_1971,Afghanistan,1971,0.0,AFG
AFG_1972,Afghanistan,1972,37.0,AFG
AFG_1973,Afghanistan,1973,0.0,AFG
AFG_1974,Afghanistan,1974,0.0,AFG
AFG_1975,Afghanistan,1975,0.0,AFG
AFG_1976,Afghanistan,1976,437.0,AFG
AFG_1977,Afghanistan,1977,0.0,AFG
AFG_1978,Afghanistan,1978,0.0,AFG
AFG_1979,Afghanistan,1979,0.0,AFG
AFG_1980,Afghanistan,1980,15.0,AFG
AFG_1981,Afghanistan,1981,0.0,AFG
AFG_1982,Afghanistan,1982,3.0,AFG
AFG_1983,Afghanistan,1983,0.0,AFG
AFG_1984,Afghanistan,1984,0.0,AFG
AFG_1985,Afghanistan,1985,10.0,AFG
AFG_1986,Afghanistan,1986,10.0,AFG
AFG_1987,Afghanistan,1987,0.0,AFG
AFG_1988,Afghanistan,1988,0.0,AFG
AFG_1989,Afghanistan,1989,0.37,AFG
AFG_1990,Afghanistan,1990,0.0,AFG
AFG_1991,Afghanistan,1991,0.0,AFG
AFG_1992,Afghanistan,1992,5.02,AFG
AFG_1993,Afghanistan,1993,115.79,AFG
AFG_1994,Afghanistan,1994,30.35,AFG
AFG_1995,Afghanistan,1995,249.56,AFG
AFG_1996,Afghanistan,1996,27.48,AFG
AFG_1997,Afghanistan,1997,32.6,AFG
AFG_1998,Afghanistan,1998,112.65,AFG
AFG_1999,Afghanistan,1999,42.15,AFG
AFG_2000,Afghanistan,2000,396.32,AFG
AFG_2001,Afghanistan,2001,288.79,AFG
AFG_2002,Afghanistan,2002,113.35,AFG
AFG_2003,Afghanistan,2003,0.21,AFG
AFG_2004,Afghanistan,2004,3.84,AFG
AFG_2005,Afghanistan,2005,0.0,AFG
AFG_2006,Afghanistan,2006,2533.54,AFG
AFG_2007,Afghanistan,2007,164.39,AFG
AFG_2008,Afghanistan,2008,170.87,AFG
AFG_2009,Afghanistan,2009,91.31,AFG
AFG_2010,Afghanistan,2010,1092.0,AFG
AFG_2011,Afghanistan,2011,144.11,AFG
AFG_2012,Afghanistan,2012,172.65,AFG
AFG_2013,Afghanistan,2013,201.36,AFG
AFG_2014,Afghanistan,2014,320.23,AFG
AFG_2015,Afghanistan,2015,367.93,AFG
AFG_2016,Afghanistan,2016,445.66,AFG
AFG_2017,Afghanistan,2017,529.6,AFG
AFG_2018,Afghanistan,2018,605.33,AFG
AFG_2019,Afghanistan,2019,679.09,AFG
AFG_2020,Afghanistan,2020,751.57,AFG
AFG_2021,Afghanistan,2021,825.79,AFG
AFG_2022,Afghanistan,2022,2471.7,AFG
AFG_2023,Afghanistan,2023,2505.0,AFG
AFG_2024,Afghanistan,2024,2581.0,AFG
ALB_1960,Albania,1960,0.0,ALB
ALB_1961,Albania,1961,0.0,ALB
ALB_1962,Albania,1962,0.0,ALB
ALB_1963,Albania,1963,0.0,ALB
ALB_1964,Albania,1964,0.0,ALB
ALB_1965,Albania,1965,0.0,ALB
ALB_1966,Albania,1966,0.0,ALB
ALB_1967,Albania,1967,0.0,ALB
ALB_1968,Albania,1968,0.0,ALB
ALB_1969,Albania,1969,0.0,ALB
ALB_1970,Albania,1970,0.0,ALB
ALB_1971,Albania,1971,0.0,ALB
ALB_1972,Albania,1972,0.0,ALB
ALB_1973,Albania,1973,0.0,ALB
ALB_1974,Albania,1974,0.0,ALB
ALB_1975,Albania,1975,0.0,ALB
ALB_1976,Albania,1976,0.0,ALB
ALB_1977,Albania,1977,0.0,ALB
ALB_1978,Albania,1978,0.0,ALB
ALB_1979,Albania,1979,0.0,ALB
ALB_1980,Albania,1980,0.0,ALB
ALB_1981,Albania,1981,0.0,ALB
ALB_1982,Albania,1982,0.0,ALB
ALB_1983,Albania,1983,0.0,ALB
ALB_1984,Albania,1984,0.0,ALB
ALB_1985,Albania,1985,0.0,ALB
ALB_1986,Albania,1986,0.0,ALB
ALB_1987,Albania,1987,0.0,ALB
ALB_1988,Albania,1988,0.0,ALB
ALB_1989,Albania,1989,0.0,ALB
ALB_1990,Albania,1990,0.76,ALB
ALB_1991,Albania,1991,1266.74,ALB
ALB_1992,Albania,1992,1483.26,ALB
ALB_1993,Albania,1993,982.68,ALB
ALB_1994,Albania,1994,627.3,ALB
ALB_1995,Albania,1995,3374.66,ALB
ALB_1996,Albania,1996,34.96,ALB
ALB_1997,Albania,1997,37.22,ALB
ALB_1998,Albania,1998,97.86,ALB
ALB_1999,Albania,1999,37.35,ALB
ALB_2000,Albania,2000,107.77,ALB
ALB_2001,Albania,2001,274.09,ALB
ALB_2002,Albania,2002,272.44,ALB
ALB_2003,Albania,2003,44.21,ALB
ALB_2004,Albania,2004,17.0,ALB
ALB_2005,Albania,2005,17.0,ALB
ALB_2006,Albania,2006,18.88,ALB
ALB_2007,Albania,2007,18.06,ALB
ALB_2008,Albania,2008,8.7,ALB
ALB_2009,Albania,2009,0.31,ALB
ALB_2010,Albania,2010,0.0,ALB
ALB_2011,Albania,2011,0.0,ALB
ALB_2012,Albania,2012,0.0,ALB
ALB_2013,Albania,2013,1.23,ALB
ALB_2014,Albania,2014,0.0,ALB
ALB_2015,Albania,2015,0.0,ALB
ALB_2016,Albania,2016,0.0,ALB
ALB_2017,Albania,2017,0.6,ALB
ALB_2018,Albania,2018,0.0,ALB
ALB_2019,Albania,2019,0.05,ALB
ALB_2020,Albania,2020,0.0,ALB
ALB_2021,Albania,2021,0.0,ALB
ALB_2022,Albania,2022,0.0,ALB
ALB_2023,Albania,2023,0.0,ALB
ALB_2024,Albania,2024,0.0,ALB
DZA_1960,Algeria,1960,,DZA
DZA_1961,Algeria,1961,,DZA
DZA_1962,Algeria,1962,0.0,DZA
DZA_1963,Algeria,1963,0.0,DZA
DZA_1964,Algeria,1964,0.0,DZA
DZA_1965,Algeria,1965,0.0,DZA
DZA_1966,Algeria,1966,0.0,DZA
DZA_1967,Algeria,1967,0.0,DZA
DZA_1968,Algeria,1968,0.0,DZA
DZA_1969,Algeria,1969,0.0,DZA
DZA_1970,Algeria,1970,0.0,DZA
DZA_1971,Algeria,1971,0.0,DZA
DZA_1972,Algeria,1972,0.0,DZA
DZA_1973,Algeria,1973,0.0,DZA
DZA_1974,Algeria,1974,0.0,DZA
DZA_1975,Algeria,1975,0.0,DZA
DZA_1976,Algeria,1976,6.42,DZA
DZA_1977,Algeria,1977,13.01,DZA
DZA_1978,Algeria,1978,0.96,DZA
DZA_1979,Algeria,1979,3.49,DZA
DZA_1980,Algeria,1980,1.7,DZA
DZA_1981,Algeria,1981,1.7,DZA
DZA_1982,Algeria,1982,1.7,DZA
DZA_1983,Algeria,1983,1.7,DZA
DZA_1984,Algeria,1984,0.0,DZA
DZA_1985,Algeria,1985,0.0,DZA
DZA_1986,Algeria,1986,0.02,DZA
DZA_1987,Algeria,1987,0.02,DZA
DZA_1988,Algeria,1988,0.0,DZA
DZA_1989,Algeria,1989,0.32,DZA
DZA_1990,Algeria,1990,0.76,DZA
DZA_1991,Algeria,1991,6.62,DZA
DZA_1992,Algeria,1992,8.46,DZA
DZA_1993,Algeria,1993,3580.76,DZA
DZA_1994,Algeria,1994,9549.88,DZA
DZA_1995,Algeria,1995,10454.97,DZA
DZA_1996,Algeria,1996,2371.17,DZA
DZA_1997,Algeria,1997,710.13,DZA
DZA_1998,Algeria,1998,93.67,DZA
DZA_1999,Algeria,1999,12.59,DZA
DZA_2000,Algeria,2000,14.89,DZA
DZA_2001,Algeria,2001,17.33,DZA
DZA_2002,Algeria,2002,15.81,DZA
DZA_2003,Algeria,2003,19.01,DZA
DZA_2004,Algeria,2004,0.01,DZA
DZA_2005,Algeria,2005,85.01,DZA
DZA_2006,Algeria,2006,105.0,DZA
DZA_2007,Algeria,2007,55.0,DZA
DZA_2008,Algeria,2008,51.0,DZA
DZA_2009,Algeria,2009,36.0,DZA
DZA_2010,Algeria,2010,46.0,DZA
DZA_2011,Algeria,2011,46.0,DZA
DZA_2012,Algeria,2012,78.7,DZA
DZA_2013,Algeria,2013,1.9,DZA
DZA_2014,Algeria,2014,2.0,DZA
DZA_2015,Algeria,2015,2.0,DZA
DZA_2016,Algeria,2016,2.0,DZA
DZA_2017,Algeria,2017,2.0,DZA
DZA_2018,Algeria,2018,2.17,DZA
DZA_2019,Algeria,2019,2.0,DZA
DZA_2020,Algeria,2020,0.0,DZA
DZA_2021,Algeria,2021,0.0,DZA
DZA_2022,Algeria,2022,0.0,DZA
DZA_2023,Algeria,2023,0.0,DZA
DZA_2024,Algeria,2024,0.0,DZA
AGO_1960,Angola,1960,,AGO
AGO_1961,Angola,1961,,AGO
AGO_1962,Angola,1962,,AGO
AGO_1963,Angola,1963,,AGO
AGO_1964,Angola,1964,,AGO
AGO_1965,Angola,1965,,AGO
AGO_1966,Angola,1966,,AGO
AGO_1967,Angola,1967,,AGO
AGO_1968,Angola,1968,,AGO
AGO_1969,Angola,1969,,AGO
AGO_1970,Angola,1970,,AGO
AGO_1971,Angola,1971,,AGO
AGO_1972,Angola,1972,,AGO
AGO_1973,Angola,1973,,AGO
AGO_1974,Angola,1974,,AGO
AGO_1975,Angola,1975,,AGO
AGO_1976,Angola,1976,,AGO
AGO_1977,Angola,1977,,AGO
AGO_1978,Angola,1978,,AGO
AGO_1979,Angola,1979,,AGO
AGO_1980,Angola,1980,,AGO
AGO_1981,Angola,1981,,AGO
AGO_1982,Angola,1982,,AGO
AGO_1983,Angola,1983,,AGO
AGO_1984,Angola,1984,,AGO
AGO_1985,Angola,1985,,AGO
AGO_1986,Angola,1986,,AGO
AGO_1987,Angola,1987,227.0,AGO
AGO_1988,Angola,1988,225.0,AGO
AGO_1989,Angola,1989,969.47,AGO
AGO_1990,Angola,1990,1321.35,AGO
AGO_1991,Angola,1991,793.89,AGO
AGO_1992,Angola,1992,1164.05,AGO
AGO_1993,Angola,1993,1135.17,AGO
AGO_1994,Angola,1994,4697.67,AGO
AGO_1995,Angola,1995,2642.38,AGO
AGO_1996,Angola,1996,5884.17,AGO
AGO_1997,Angola,1997,1267.84,AGO
AGO_1998,Angola,1998,1624.56,AGO
AGO_1999,Angola,1999,1803.52,AGO
AGO_2000,Angola,2000,1890.47,AGO
AGO_2001,Angola,2001,2186.11,AGO
AGO_2002,Angola,2002,1539.19,AGO
AGO_2003,Angola,2003,1872.24,AGO
AGO_2004,Angola,2004,3191.58,AGO
AGO_2005,Angola,2005,1862.2,AGO
AGO_2006,Angola,2006,1218.78,AGO
AGO_2007,Angola,2007,501.12,AGO
AGO_2008,Angola,2008,352.21,AGO
AGO_2009,Angola,2009,390.79,AGO
AGO_2010,Angola,2010,2126.25,AGO
AGO_2011,Angola,2011,322.4,AGO
AGO_2012,Angola,2012,310.95,AGO
AGO_2013,Angola,2013,323.15,AGO
AGO_2014,Angola,2014,312.39,AGO
AGO_2015,Angola,2015,221.38,AGO
AGO_2016,Angola,2016,214.16,AGO
AGO_2017,Angola,2017,95.05,AGO
AGO_2018,Angola,2018,75.21,AGO
AGO_2019,Angola,2019,65.43,AGO
AGO_2020,Angola,2020,14386.67,AGO
AGO_2021,Angola,2021,5006.61,AGO
AGO_2022,Angola,2022,122.41,AGO
AGO_2023,Angola,2023,215.0,AGO
AGO_2024,Angola,2024,272.0,AGO
ATG_1960,Antigua and Barbuda,1960,,ATG
ATG_1961,Antigua and Barbuda,1961,,ATG
ATG_1962,Antigua and Barbuda,1962,,ATG
ATG_1963,Antigua and Barbuda,1963,,ATG
ATG_1964,Antigua and Barbuda,1964,,ATG
ATG_1965,Antigua and Barbuda,1965,,ATG
ATG_1966,Antigua and Barbuda,1966,,ATG
ATG_1967,Antigua and Barbuda,1967,,ATG
ATG_1968,Antigua and Barbuda,1968,,ATG
ATG_1969,Antigua and Barbuda,1969,,ATG
ATG_1970,Antigua and Barbuda,1970,,ATG
ATG_1971,Antigua and Barbuda,1971,,ATG
ATG_1972,Antigua and Barbuda,1972,,ATG
ATG_1973,Antigua and Barbuda,1973,,ATG
ATG_1974,Antigua and Barbuda,1974,,ATG
ATG_1975,Antigua and Barbuda,1975,,ATG
ATG_1976,Antigua and Barbuda,1976,,ATG
ATG_1977,Antigua and Barbuda,1977,,ATG
ATG_1978,Antigua and Barbuda,1978,,ATG
ATG_1979,Antigua and Barbuda,1979,,ATG
ATG_1980,Antigua and Barbuda,1980,1.7,ATG
ATG_1981,Antigua and Barbuda,1981,4.9,ATG
ATG_1982,Antigua and Barbuda,1982,14.1,ATG
ATG_1983,Antigua and Barbuda,1983,17.6,ATG
ATG_1984,Antigua and Barbuda,1984,24.7,ATG
ATG_1985,Antigua and Barbuda,1985,24.0,ATG
ATG_1986,Antigua and Barbuda,1986,40.2,ATG
ATG_1987,Antigua and Barbuda,1987,63.9,ATG
ATG_1988,Antigua and Barbuda,1988,76.9,ATG
ATG_1989,Antigua and Barbuda,1989,0.0,ATG
ATG_1990,Antigua and Barbuda,1990,0.0,ATG
ATG_1991,Antigua and Barbuda,1991,0.0,ATG
ATG_1992,Antigua and Barbuda,1992,0.0,ATG
ATG_1993,Antigua and Barbuda,1993,0.0,ATG
ATG_1994,Antigua and Barbuda,1994,0.0,ATG
ATG_1995,Antigua and Barbuda,1995,0.0,ATG
ATG_1996,Antigua and Barbuda,1996,161.0,ATG
ATG_1997,Antigua and Barbuda,1997,175.0,ATG
ATG_1998,Antigua and Barbuda,1998,403.59,ATG
ATG_1999,Antigua and Barbuda,1999,714.71,ATG
ATG_2000,Antigua and Barbuda,2000,754.79,ATG
ATG_2001,Antigua and Barbuda,2001,616.39,ATG
ATG_2002,Antigua and Barbuda,2002,664.78,ATG
ATG_2003,Antigua and Barbuda,2003,813.0,ATG
ATG_2004,Antigua and Barbuda,2004,838.0,ATG
ATG_2005,Antigua and Barbuda,2005,764.0,ATG
ATG_2006,Antigua and Barbuda,2006,762.0,ATG
ATG_2007,Antigua and Barbuda,2007,612.0,ATG
ATG_2008,Antigua and Barbuda,2008,631.0,ATG
ATG_2009,Antigua and Barbuda,2009,707.0,ATG
ATG_2010,Antigua and Barbuda,2010,684.0,ATG
ATG_2011,Antigua and Barbuda,2011,515.0,ATG
ATG_2012,Antigua and Barbuda,2012,0.4,ATG
ATG_2013,Antigua and Barbuda,2013,2.9,ATG
ATG_2014,Antigua and Barbuda,2014,12.0,ATG
ATG_2015,Antigua and Barbuda,2015,20.0,ATG
ATG_2016,Antigua and Barbuda,2016,8.0,ATG
ATG_2017,Antigua and Barbuda,2017,14.0,ATG
ATG_2018,Antigua and Barbuda,2018,153.0,ATG
ATG_2019,Antigua and Barbuda,2019,148.0,ATG
ATG_2020,Antigua and Barbuda,2020,171.9,ATG
ATG_2021,Antigua and Barbuda,2021,219.0,ATG
ATG_2022,Antigua and Barbuda,2022,216.0,ATG
ATG_2023,Antigua and Barbuda,2023,198.0,ATG
ATG_2024,Antigua and Barbuda,2024,197.0,ATG
ARG_1960,Argentina,1960,100.0,ARG
ARG_1961,Argentina,1961,462.0,ARG
ARG_1962,Argentina,1962,362.0,ARG
ARG_1963,Argentina,1963,15.0,ARG
ARG_1964,Argentina,1964,0.0,ARG
ARG_1965,Argentina,1965,472.0,ARG
ARG_1966,Argentina,1966,0.0,ARG
ARG_1967,Argentina,1967,0.0,ARG
ARG_1968,Argentina,1968,0.0,ARG
ARG_1969,Argentina,1969,0.0,ARG
ARG_1970,Argentina,1970,0.0,ARG
ARG_1971,Argentina,1971,0.0,ARG
ARG_1972,Argentina,1972,0.0,ARG
ARG_1973,Argentina,1973,0.0,ARG
ARG_1974,Argentina,1974,0.0,ARG
ARG_1975,Argentina,1975,0.0,ARG
ARG_1976,Argentina,1976,970.0,ARG
ARG_1977,Argentina,1977,0.0,ARG
ARG_1978,Argentina,1978,0.0,ARG
ARG_1979,Argentina,1979,0.0,ARG
ARG_1980,Argentina,1980,0.0,ARG
ARG_1981,Argentina,1981,0.0,ARG
ARG_1982,Argentina,1982,3870.0,ARG
ARG_1983,Argentina,1983,3507.11,ARG
ARG_1984,Argentina,1984,5535.49,ARG
ARG_1985,Argentina,1985,11649.65,ARG
ARG_1986,Argentina,1986,4521.01,ARG
ARG_1987,Argentina,1987,31736.4,ARG
ARG_1988,Argentina,1988,24529.24,ARG
ARG_1989,Argentina,1989,35044.0,ARG
ARG_1990,Argentina,1990,32776.01,ARG
ARG_1991,Argentina,1991,33826.0,ARG
ARG_1992,Argentina,1992,31176.0,ARG
ARG_1993,Argentina,1993,47553.79,ARG
ARG_1994,Argentina,1994,839.56,ARG
ARG_1995,Argentina,1995,248.45,ARG
ARG_1996,Argentina,1996,0.2,ARG
ARG_1997,Argentina,1997,0.01,ARG
ARG_1998,Argentina,1998,0.0,ARG
ARG_1999,Argentina,1999,0.0,ARG
ARG_2000,Argentina,2000,826.41,ARG
ARG_2001,Argentina,2001,84830.0,ARG
ARG_2002,Argentina,2002,104158.0,ARG
ARG_2003,Argentina,2003,115104.0,ARG
ARG_2004,Argentina,2004,112963.0,ARG
ARG_2005,Argentina,2005,106041.0,ARG
ARG_2006,Argentina,2006,32587.71,ARG
ARG_2007,Argentina,2007,35844.65,ARG
ARG_2008,Argentina,2008,35585.64,ARG
ARG_2009,Argentina,2009,36224.11,ARG
ARG_2010,Argentina,2010,15547.0,ARG
ARG_2011,Argentina,2011,17425.57,ARG
ARG_2012,Argentina,2012,17490.79,ARG
ARG_2013,Argentina,2013,17640.08,ARG
ARG_2014,Argentina,2014,55914.0,ARG
ARG_2015,Argentina,2015,44787.0,ARG
ARG_2016,Argentina,2016,47535.0,ARG
ARG_2017,Argentina,2017,22105.19,ARG
ARG_2018,Argentina,2018,22695.37,ARG
ARG_2019,Argentina,2019,28660.43,ARG
ARG_2020,Argentina,2020,70956.56,ARG
ARG_2021,Argentina,2021,13300.08,ARG
ARG_2022,Argentina,2022,14290.57,ARG
ARG_2023,Argentina,2023,22813.0,ARG
ARG_2024,Argentina,2024,2687.0,ARG
ARM_1960,Armenia,1960,,ARM
ARM_1961,Armenia,1961,,ARM
ARM_1962,Armenia,1962,,ARM
ARM_1963,Armenia,1963,,ARM
ARM_1964,Armenia,1964,,ARM
ARM_1965,Armenia,1965,,ARM
ARM_1966,Armenia,1966,,ARM
ARM_1967,Armenia,1967,,ARM
ARM_1968,Armenia,1968,,ARM
ARM_1969,Armenia,1969,,ARM
ARM_1970,Armenia,1970,,ARM
ARM_1971,Armenia,1971,,ARM
ARM_1972,Armenia,1972,,ARM
ARM_1973,Armenia,1973,,ARM
ARM_1974,Armenia,1974,,ARM
ARM_1975,Armenia,1975,,ARM
ARM_1976,Armenia,1976,,ARM
ARM_1977,Armenia,1977,,ARM
ARM_1978,Armenia,1978,,ARM
ARM_1979,Armenia,1979,,ARM
ARM_1980,Armenia,1980,,ARM
ARM_1981,Armenia,1981,,ARM
ARM_1982,Armenia,1982,,ARM
ARM_1983,Armenia,1983,,ARM
ARM_1984,Armenia,1984,,ARM
ARM_1985,Armenia,1985,,ARM
ARM_1986,Armenia,1986,,ARM
ARM_1987,Armenia,1987,,ARM
ARM_1988,Armenia,1988,,ARM
ARM_1989,Armenia,1989,,ARM
ARM_1990,Armenia,1990,,ARM
ARM_1991,Armenia,1991,0.0,ARM
ARM_1992,Armenia,1992,15.56,ARM
ARM_1993,Armenia,1993,202.6,ARM
ARM_1994,Armenia,1994,61.54,ARM
ARM_1995,Armenia,1995,87.92,ARM
ARM_1996,Armenia,1996,64.03,ARM
ARM_1997,Armenia,1997,138.93,ARM
ARM_1998,Armenia,1998,52.56,ARM
ARM_1999,Armenia,1999,58.23,ARM
ARM_2000,Armenia,2000,80.99,ARM
ARM_2001,Armenia,2001,93.87,ARM
ARM_2002,Armenia,2002,44.99,ARM
ARM_2003,Armenia,2003,46.06,ARM
ARM_2004,Armenia,2004,0.0,ARM
ARM_2005,Armenia,2005,0.0,ARM
ARM_2006,Armenia,2006,0.0,ARM
ARM_2007,Armenia,2007,0.0,ARM
ARM_2008,Armenia,2008,0.0,ARM
ARM_2009,Armenia,2009,0.0,ARM
ARM_2010,Armenia,2010,0.0,ARM
ARM_2011,Armenia,2011,0.0,ARM
ARM_2012,Armenia,2012,0.0,ARM
ARM_2013,Armenia,2013,0.0,ARM
ARM_2014,Armenia,2014,0.0,ARM
ARM_2015,Armenia,2015,0.0,ARM
ARM_2016,Armenia,2016,0.0,ARM
ARM_2017,Armenia,2017,0.0,ARM
ARM_2018,Armenia,2018,0.0,ARM
ARM_2019,Armenia,2019,0.0,ARM
ARM_2020,Armenia,2020,0.0,ARM
ARM_2021,Armenia,2021,0.0,ARM
ARM_2022,Armenia,2022,0.0,ARM
ARM_2023,Armenia,2023,0.0,ARM
ARM_2024,Armenia,2024,0.0,ARM
ABW_1960,Aruba,1960,,ABW
ABW_1961,Aruba,1961,,ABW
ABW_1962,Aruba,1962,,ABW
ABW_1963,Aruba,1963,,ABW
ABW_1964,Aruba,1964,,ABW
ABW_1965,Aruba,1965,,ABW
ABW_1966,Aruba,1966,,ABW
ABW_1967,Aruba,1967,,ABW
ABW_1968,Aruba,1968,,ABW
ABW_1969,Aruba,1969,,ABW
ABW_1970,Aruba,1970,,ABW
ABW_1971,Aruba,1971,,ABW
ABW_1972,Aruba,1972,,ABW
ABW_1973,Aruba,1973,,ABW
ABW_1974,Aruba,1974,,ABW
ABW_1975,Aruba,1975,,ABW
ABW_1976,Aruba,1976,,ABW
ABW_1977,Aruba,1977,,ABW
ABW_1978,Aruba,1978,,ABW
ABW_1979,Aruba,1979,,ABW
ABW_1980,Aruba,1980,,ABW
ABW_1981,Aruba,1981,,ABW
ABW_1982,Aruba,1982,,ABW
ABW_1983,Aruba,1983,,ABW
ABW_1984,Aruba,1984,,ABW
ABW_1985,Aruba,1985,,ABW
ABW_1986,Aruba,1986,,ABW
ABW_1987,Aruba,1987,,ABW
ABW_1988,Aruba,1988,,ABW
ABW_1989,Aruba,1989,,ABW
ABW_1990,Aruba,1990,,ABW
ABW_1991,Aruba,1991,,ABW
ABW_1992,Aruba,1992,,ABW
ABW_1993,Aruba,1993,,ABW
ABW_1994,Aruba,1994,,ABW
ABW_1995,Aruba,1995,,ABW
ABW_1996,Aruba,1996,,ABW
ABW_1997,Aruba,1997,,ABW
ABW_1998,Aruba,1998,,ABW
ABW_1999,Aruba,1999,,ABW
ABW_2000,Aruba,2000,,ABW
ABW_2001,Aruba,2001,,ABW
ABW_2002,Aruba,2002,,ABW
ABW_2003,Aruba,2003,,ABW
ABW_2004,Aruba,2004,,ABW
ABW_2005,Aruba,2005,,ABW
ABW_2006,Aruba,2006,,ABW
ABW_2007,Aruba,2007,,ABW
ABW_2008,Aruba,2008,,ABW
ABW_2009,Aruba,2009,,ABW
ABW_2010,Aruba,2010,,ABW
ABW_2011,Aruba,2011,,ABW
ABW_2012,Aruba,2012,,ABW
ABW_2013,Aruba,2013,,ABW
ABW_2014,Aruba,2014,,ABW
ABW_2015,Aruba,2015,,ABW
ABW_2016,Aruba,2016,,ABW
ABW_2017,Aruba,2017,,ABW
ABW_2018,Aruba,2018,,ABW
ABW_2019,Aruba,2019,,ABW
ABW_2020,Aruba,2020,,ABW
ABW_2021,Aruba,2021,,ABW
ABW_2022,Aruba,2022,,ABW
ABW_2023,Aruba,2023,,ABW
ABW_2024,Aruba,2024,,ABW
AZE_1960,Azerbaijan,1960,,AZE
AZE_1961,Azerbaijan,1961,,AZE
AZE_1962,Azerbaijan,1962,,AZE
AZE_1963,Azerbaijan,1963,,AZE
AZE_1964,Azerbaijan,1964,,AZE
AZE_1965,Azerbaijan,1965,,AZE
AZE_1966,Azerbaijan,1966,,AZE
AZE_1967,Azerbaijan,1967,,AZE
AZE_1968,Azerbaijan,1968,,AZE
AZE_1969,Azerbaijan,1969,,AZE
AZE_1970,Azerbaijan,1970,,AZE
AZE_1971,Azerbaijan,1971,,AZE
AZE_1972,Azerbaijan,1972,,AZE
AZE_1973,Azerbaijan,1973,,AZE
AZE_1974,Azerbaijan,1974,,AZE
AZE_1975,Azerbaijan,1975,,AZE
AZE_1976,Azerbaijan,1976,,AZE
AZE_1977,Azerbaijan,1977,,AZE
AZE_1978,Azerbaijan,1978,,AZE
AZE_1979,Azerbaijan,1979,,AZE
AZE_1980,Azerbaijan,1980,,AZE
AZE_1981,Azerbaijan,1981,,AZE
AZE_1982,Azerbaijan,1982,,AZE
AZE_1983,Azerbaijan,1983,,AZE
AZE_1984,Azerbaijan,1984,,AZE
AZE_1985,Azerbaijan,1985,,AZE
AZE_1986,Azerbaijan,1986,,AZE
AZE_1987,Azerbaijan,1987,,AZE
AZE_1988,Azerbaijan,1988,,AZE
AZE_1989,Azerbaijan,1989,,AZE
AZE_1990,Azerbaijan,1990,0.0,AZE
AZE_1991,Azerbaijan,1991,0.0,AZE
AZE_1992,Azerbaijan,1992,0.0,AZE
AZE_1993,Azerbaijan,1993,0.0,AZE
AZE_1994,Azerbaijan,1994,23.9,AZE
AZE_1995,Azerbaijan,1995,41.53,AZE
AZE_1996,Azerbaijan,1996,37.98,AZE
AZE_1997,Azerbaijan,1997,37.98,AZE
AZE_1998,Azerbaijan,1998,0.0,AZE
AZE_1999,Azerbaijan,1999,0.0,AZE
AZE_2000,Azerbaijan,2000,0.0,AZE
AZE_2001,Azerbaijan,2001,0.0,AZE
AZE_2002,Azerbaijan,2002,0.0,AZE
AZE_2003,Azerbaijan,2003,0.0,AZE
AZE_2004,Azerbaijan,2004,74.82,AZE
AZE_2005,Azerbaijan,2005,0.0,AZE
AZE_2006,Azerbaijan,2006,0.0,AZE
AZE_2007,Azerbaijan,2007,0.0,AZE
AZE_2008,Azerbaijan,2008,0.0,AZE
AZE_2009,Azerbaijan,2009,0.0,AZE
AZE_2010,Azerbaijan,2010,0.0,AZE
AZE_2011,Azerbaijan,2011,0.0,AZE
AZE_2012,Azerbaijan,2012,0.0,AZE
AZE_2013,Azerbaijan,2013,0.0,AZE
AZE_2014,Azerbaijan,2014,0.0,AZE
AZE_2015,Azerbaijan,2015,0.0,AZE
AZE_2016,Azerbaijan,2016,0.0,AZE
AZE_2017,Azerbaijan,2017,0.0,AZE
AZE_2018,Azerbaijan,2018,0.0,AZE
AZE_2019,Azerbaijan,2019,0.0,AZE
AZE_2020,Azerbaijan,2020,0.36,AZE
AZE_2021,Azerbaijan,2021,0.0,AZE
AZE_2022,Azerbaijan,2022,0.0,AZE
AZE_2023,Azerbaijan,2023,0.0,AZE
AZE_2024,Azerbaijan,2024,0.0,AZE
BHS_1960,Bahamas,1960,,BHS
BHS_1961,Bahamas,1961,,BHS
BHS_1962,Bahamas,1962,,BHS
BHS_1963,Bahamas,1963,,BHS
BHS_1964,Bahamas,1964,,BHS
BHS_1965,Bahamas,1965,,BHS
BHS_1966,Bahamas,1966,,BHS
BHS_1967,Bahamas,1967,,BHS
BHS_1968,Bahamas,1968,,BHS
BHS_1969,Bahamas,1969,,BHS
BHS_1970,Bahamas,1970,,BHS
BHS_1971,Bahamas,1971,,BHS
BHS_1972,Bahamas,1972,,BHS
BHS_1973,Bahamas,1973,,BHS
BHS_1974,Bahamas,1974,,BHS
BHS_1975,Bahamas,1975,,BHS
BHS_1976,Bahamas,1976,,BHS
BHS_1977,Bahamas,1977,,BHS
BHS_1978,Bahamas,1978,,BHS
BHS_1979,Bahamas,1979,,BHS
BHS_1980,Bahamas,1980,,BHS
BHS_1981,Bahamas,1981,,BHS
BHS_1982,Bahamas,1982,,BHS
BHS_1983,Bahamas,1983,,BHS
BHS_1984,Bahamas,1984,,BHS
BHS_1985,Bahamas,1985,,BHS
BHS_1986,Bahamas,1986,,BHS
BHS_1987,Bahamas,1987,,BHS
BHS_1988,Bahamas,1988,,BHS
BHS_1989,Bahamas,1989,,BHS
BHS_1990,Bahamas,1990,,BHS
BHS_1991,Bahamas,1991,,BHS
BHS_1992,Bahamas,1992,,BHS
BHS_1993,Bahamas,1993,,BHS
BHS_1994,Bahamas,1994,,BHS
BHS_1995,Bahamas,1995,,BHS
BHS_1996,Bahamas,1996,,BHS
BHS_1997,Bahamas,1997,,BHS
BHS_1998,Bahamas,1998,,BHS
BHS_1999,Bahamas,1999,,BHS
BHS_2000,Bahamas,2000,,BHS
BHS_2001,Bahamas,2001,,BHS
BHS_2002,Bahamas,2002,,BHS
BHS_2003,Bahamas,2003,,BHS
BHS_2004,Bahamas,2004,,BHS
BHS_2005,Bahamas,2005,,BHS
BHS_2006,Bahamas,2006,,BHS
BHS_2007,Bahamas,2007,,BHS
BHS_2008,Bahamas,2008,,BHS
BHS_2009,Bahamas,2009,,BHS
BHS_2010,Bahamas,2010,,BHS
BHS_2011,Bahamas,2011,,BHS
BHS_2012,Bahamas,2012,,BHS
BHS_2013,Bahamas,2013,,BHS
BHS_2014,Bahamas,2014,,BHS
BHS_2015,Bahamas,2015,,BHS
BHS_2016,Bahamas,2016,,BHS
BHS_2017,Bahamas,2017,,BHS
BHS_2018,Bahamas,2018,,BHS
BHS_2019,Bahamas,2019,,BHS
BHS_2020,Bahamas,2020,,BHS
BHS_2021,Bahamas,2021,,BHS
BHS_2022,Bahamas,2022,,BHS
BHS_2023,Bahamas,2023,,BHS
BHS_2024,Bahamas,2024,,BHS
BGD_1960,Bangladesh,1960,,BGD
BGD_1961,Bangladesh,1961,,BGD
BGD_1962,Bangladesh,1962,,BGD
BGD_1963,Bangladesh,1963,,BGD
BGD_1964,Bangladesh,1964,,BGD
BGD_1965,Bangladesh,1965,,BGD
BGD_1966,Bangladesh,1966,,BGD
BGD_1967,Bangladesh,1967,,BGD
BGD_1968,Bangladesh,1968,,BGD
BGD_1969,Bangladesh,1969,,BGD
BGD_1970,Bangladesh,1970,,BGD
BGD_1971,Bangladesh,1971,0.0,BGD
BGD_1972,Bangladesh,1972,0.0,BGD
BGD_1973,Bangladesh,1973,0.53,BGD
BGD_1974,Bangladesh,1974,1.03,BGD
BGD_1975,Bangladesh,1975,2.03,BGD
BGD_1976,Bangladesh,1976,3.22,BGD
BGD_1977,Bangladesh,1977,4.05,BGD
BGD_1978,Bangladesh,1978,5.46,BGD
BGD_1979,Bangladesh,1979,1.27,BGD
BGD_1980,Bangladesh,1980,0.24,BGD
BGD_1981,Bangladesh,1981,0.26,BGD
BGD_1982,Bangladesh,1982,0.27,BGD
BGD_1983,Bangladesh,1983,0.29,BGD
BGD_1984,Bangladesh,1984,0.27,BGD
BGD_1985,Bangladesh,1985,2.0,BGD
BGD_1986,Bangladesh,1986,4.67,BGD
BGD_1987,Bangladesh,1987,10.99,BGD
BGD_1988,Bangladesh,1988,12.3,BGD
BGD_1989,Bangladesh,1989,13.91,BGD
BGD_1990,Bangladesh,1990,16.22,BGD
BGD_1991,Bangladesh,1991,314.32,BGD
BGD_1992,Bangladesh,1992,18.38,BGD
BGD_1993,Bangladesh,1993,22.1,BGD
BGD_1994,Bangladesh,1994,31.36,BGD
BGD_1995,Bangladesh,1995,28.23,BGD
BGD_1996,Bangladesh,1996,3.39,BGD
BGD_1997,Bangladesh,1997,3.21,BGD
BGD_1998,Bangladesh,1998,3.53,BGD
BGD_1999,Bangladesh,1999,4.4,BGD
BGD_2000,Bangladesh,2000,4.4,BGD
BGD_2001,Bangladesh,2001,78.25,BGD
BGD_2002,Bangladesh,2002,103.41,BGD
BGD_2003,Bangladesh,2003,117.8,BGD
BGD_2004,Bangladesh,2004,161.54,BGD
BGD_2005,Bangladesh,2005,17.24,BGD
BGD_2006,Bangladesh,2006,86.39,BGD
BGD_2007,Bangladesh,2007,259.55,BGD
BGD_2008,Bangladesh,2008,535.84,BGD
BGD_2009,Bangladesh,2009,7.32,BGD
BGD_2010,Bangladesh,2010,256.31,BGD
BGD_2011,Bangladesh,2011,16.46,BGD
BGD_2012,Bangladesh,2012,63.37,BGD
BGD_2013,Bangladesh,2013,26.68,BGD
BGD_2014,Bangladesh,2014,8.87,BGD
BGD_2015,Bangladesh,2015,0.0,BGD
BGD_2016,Bangladesh,2016,0.0,BGD
BGD_2017,Bangladesh,2017,0.0,BGD
BGD_2018,Bangladesh,2018,0.0,BGD
BGD_2019,Bangladesh,2019,0.0,BGD
BGD_2020,Bangladesh,2020,0.0,BGD
BGD_2021,Bangladesh,2021,0.0,BGD
BGD_2022,Bangladesh,2022,0.0,BGD
BGD_2023,Bangladesh,2023,969.0,BGD
BGD_2024,Bangladesh,2024,1274.0,BGD
BRB_1960,Barbados,1960,,BRB
BRB_1961,Barbados,1961,,BRB
BRB_1962,Barbados,1962,,BRB
BRB_1963,Barbados,1963,,BRB
BRB_1964,Barbados,1964,,BRB
BRB_1965,Barbados,1965,,BRB
BRB_1966,Barbados,1966,0.0,BRB
BRB_1967,Barbados,1967,0.0,BRB
BRB_1968,Barbados,1968,0.0,BRB
BRB_1969,Barbados,1969,0.0,BRB
BRB_1970,Barbados,1970,0.0,BRB
BRB_1971,Barbados,1971,0.0,BRB
BRB_1972,Barbados,1972,0.0,BRB
BRB_1973,Barbados,1973,0.0,BRB
BRB_1974,Barbados,1974,0.0,BRB
BRB_1975,Barbados,1975,0.0,BRB
BRB_1976,Barbados,1976,0.0,BRB
BRB_1977,Barbados,1977,0.0,BRB
BRB_1978,Barbados,1978,0.0,BRB
BRB_1979,Barbados,1979,0.0,BRB
BRB_1980,Barbados,1980,0.0,BRB
BRB_1981,Barbados,1981,0.0,BRB
BRB_1982,Barbados,1982,0.0,BRB
BRB_1983,Barbados,1983,0.0,BRB
BRB_1984,Barbados,1984,0.0,BRB
BRB_1985,Barbados,1985,0.0,BRB
BRB_1986,Barbados,1986,0.0,BRB
BRB_1987,Barbados,1987,0.0,BRB
BRB_1988,Barbados,1988,0.0,BRB
BRB_1989,Barbados,1989,0.0,BRB
BRB_1990,Barbados,1990,0.0,BRB
BRB_1991,Barbados,1991,0.0,BRB
BRB_1992,Barbados,1992,0.0,BRB
BRB_1993,Barbados,1993,0.0,BRB
BRB_1994,Barbados,1994,0.0,BRB
BRB_1995,Barbados,1995,0.0,BRB
BRB_1996,Barbados,1996,0.0,BRB
BRB_1997,Barbados,1997,0.0,BRB
BRB_1998,Barbados,1998,0.0,BRB
BRB_1999,Barbados,1999,0.0,BRB
BRB_2000,Barbados,2000,0.0,BRB
BRB_2001,Barbados,2001,0.0,BRB
BRB_2002,Barbados,2002,0.0,BRB
BRB_2003,Barbados,2003,0.0,BRB
BRB_2004,Barbados,2004,0.0,BRB
BRB_2005,Barbados,2005,0.0,BRB
BRB_2006,Barbados,2006,0.0,BRB
BRB_2007,Barbados,2007,0.0,BRB
BRB_2008,Barbados,2008,0.0,BRB
BRB_2009,Barbados,2009,0.0,BRB
BRB_2010,Barbados,2010,0.0,BRB
BRB_2011,Barbados,2011,0.0,BRB
BRB_2012,Barbados,2012,0.0,BRB
BRB_2013,Barbados,2013,0.0,BRB
BRB_2014,Barbados,2014,0.0,BRB
BRB_2015,Barbados,2015,0.0,BRB
BRB_2016,Barbados,2016,0.0,BRB
BRB_2017,Barbados,2017,0.0,BRB
BRB_2018,Barbados,2018,6960.4,BRB
BRB_2019,Barbados,2019,1101.4,BRB
BRB_2020,Barbados,2020,25.0,BRB
BRB_2021,Barbados,2021,0.0,BRB
BRB_2022,Barbados,2022,150.5,BRB
BRB_2023,Barbados,2023,0.0,BRB
BRB_2024,Barbados,2024,0.0,BRB
BLR_1960,Belarus,1960,,BLR
BLR_1961,Belarus,1961,,BLR
BLR_1962,Belarus,1962,,BLR
BLR_1963,Belarus,1963,,BLR
BLR_1964,Belarus,1964,,BLR
BLR_1965,Belarus,1965,,BLR
BLR_1966,Belarus,1966,,BLR
BLR_1967,Belarus,1967,,BLR
BLR_1968,Belarus,1968,,BLR
BLR_1969,Belarus,1969,,BLR
BLR_1970,Belarus,1970,,BLR
BLR_1971,Belarus,1971,,BLR
BLR_1972,Belarus,1972,,BLR
BLR_1973,Belarus,1973,,BLR
BLR_1974,Belarus,1974,,BLR
BLR_1975,Belarus,1975,,BLR
BLR_1976,Belarus,1976,,BLR
BLR_1977,Belarus,1977,,BLR
BLR_1978,Belarus,1978,,BLR
BLR_1979,Belarus,1979,,BLR
BLR_1980,Belarus,1980,,BLR
BLR_1981,Belarus,1981,,BLR
BLR_1982,Belarus,1982,,BLR
BLR_1983,Belarus,1983,,BLR
BLR_1984,Belarus,1984,,BLR
BLR_1985,Belarus,1985,,BLR
BLR_1986,Belarus,1986,,BLR
BLR_1987,Belarus,1987,,BLR
BLR_1988,Belarus,1988,,BLR
BLR_1989,Belarus,1989,,BLR
BLR_1990,Belarus,1990,,BLR
BLR_1991,Belarus,1991,0.0,BLR
BLR_1992,Belarus,1992,0.0,BLR
BLR_1993,Belarus,1993,6.93,BLR
BLR_1994,Belarus,1994,149.76,BLR
BLR_1995,Belarus,1995,644.5,BLR
BLR_1996,Belarus,1996,315.75,BLR
BLR_1997,Belarus,1997,158.1,BLR
BLR_1998,Belarus,1998,453.07,BLR
BLR_1999,Belarus,1999,400.96,BLR
BLR_2000,Belarus,2000,464.41,BLR
BLR_2001,Belarus,2001,242.95,BLR
BLR_2002,Belarus,2002,210.9,BLR
BLR_2003,Belarus,2003,193.53,BLR
BLR_2004,Belarus,2004,167.51,BLR
BLR_2005,Belarus,2005,137.64,BLR
BLR_2006,Belarus,2006,26.32,BLR
BLR_2007,Belarus,2007,11.9,BLR
BLR_2008,Belarus,2008,5.48,BLR
BLR_2009,Belarus,2009,37.06,BLR
BLR_2010,Belarus,2010,10.64,BLR
BLR_2011,Belarus,2011,16.1,BLR
BLR_2012,Belarus,2012,12.23,BLR
BLR_2013,Belarus,2013,12.46,BLR
BLR_2014,Belarus,2014,15.22,BLR
BLR_2015,Belarus,2015,14.52,BLR
BLR_2016,Belarus,2016,11.49,BLR
BLR_2017,Belarus,2017,11.61,BLR
BLR_2018,Belarus,2018,12.16,BLR
BLR_2019,Belarus,2019,14.63,BLR
BLR_2020,Belarus,2020,218.5,BLR
BLR_2021,Belarus,2021,0.0,BLR
BLR_2022,Belarus,2022,13493.5,BLR
BLR_2023,Belarus,2023,14197.0,BLR
BLR_2024,Belarus,2024,15039.0,BLR
BLZ_1960,Belize,1960,,BLZ
BLZ_1961,Belize,1961,,BLZ
BLZ_1962,Belize,1962,,BLZ
BLZ_1963,Belize,1963,,BLZ
BLZ_1964,Belize,1964,,BLZ
BLZ_1965,Belize,1965,,BLZ
BLZ_1966,Belize,1966,,BLZ
BLZ_1967,Belize,1967,,BLZ
BLZ_1968,Belize,1968,,BLZ
BLZ_1969,Belize,1969,,BLZ
BLZ_1970,Belize,1970,,BLZ
BLZ_1971,Belize,1971,,BLZ
BLZ_1972,Belize,1972,,BLZ
BLZ_1973,Belize,1973,,BLZ
BLZ_1974,Belize,1974,,BLZ
BLZ_1975,Belize,1975,,BLZ
BLZ_1976,Belize,1976,,BLZ
BLZ_1977,Belize,1977,,BLZ
BLZ_1978,Belize,1978,,BLZ
BLZ_1979,Belize,1979,,BLZ
BLZ_1980,Belize,1980,,BLZ
BLZ_1981,Belize,1981,0.2,BLZ
BLZ_1982,Belize,1982,0.47,BLZ
BLZ_1983,Belize,1983,3.23,BLZ
BLZ_1984,Belize,1984,6.14,BLZ
BLZ_1985,Belize,1985,3.09,BLZ
BLZ_1986,Belize,1986,2.7,BLZ
BLZ_1987,Belize,1987,2.46,BLZ
BLZ_1988,Belize,1988,3.56,BLZ
BLZ_1989,Belize,1989,2.64,BLZ
BLZ_1990,Belize,1990,12.01,BLZ
BLZ_1991,Belize,1991,1.76,BLZ
BLZ_1992,Belize,1992,3.05,BLZ
BLZ_1993,Belize,1993,4.72,BLZ
BLZ_1994,Belize,1994,8.27,BLZ
BLZ_1995,Belize,1995,1.55,BLZ
BLZ_1996,Belize,1996,1.18,BLZ
BLZ_1997,Belize,1997,0.01,BLZ
BLZ_1998,Belize,1998,0.0,BLZ
BLZ_1999,Belize,1999,0.0,BLZ
BLZ_2000,Belize,2000,0.0,BLZ
BLZ_2001,Belize,2001,0.01,BLZ
BLZ_2002,Belize,2002,1.9,BLZ
BLZ_2003,Belize,2003,0.98,BLZ
BLZ_2004,Belize,2004,1.31,BLZ
BLZ_2005,Belize,2005,8.72,BLZ
BLZ_2006,Belize,2006,555.13,BLZ
BLZ_2007,Belize,2007,558.27,BLZ
BLZ_2008,Belize,2008,14.77,BLZ
BLZ_2009,Belize,2009,10.76,BLZ
BLZ_2010,Belize,2010,7.81,BLZ
BLZ_2011,Belize,2011,8.27,BLZ
BLZ_2012,Belize,2012,550.2,BLZ
BLZ_2013,Belize,2013,1105.05,BLZ
BLZ_2014,Belize,2014,6.03,BLZ
BLZ_2015,Belize,2015,7.28,BLZ
BLZ_2016,Belize,2016,530.1,BLZ
BLZ_2017,Belize,2017,532.93,BLZ
BLZ_2018,Belize,2018,13.52,BLZ
BLZ_2019,Belize,2019,22.73,BLZ
BLZ_2020,Belize,2020,55.6,BLZ
BLZ_2021,Belize,2021,606.55,BLZ
BLZ_2022,Belize,2022,56.0,BLZ
BLZ_2023,Belize,2023,11.0,BLZ
BLZ_2024,Belize,2024,10.0,BLZ
BEN_1960,Benin,1960,0.8,BEN
BEN_1961,Benin,1961,0.8,BEN
BEN_1962,Benin,1962,0.8,BEN
BEN_1963,Benin,1963,0.8,BEN
BEN_1964,Benin,1964,0.8,BEN
BEN_1965,Benin,1965,4.3,BEN
BEN_1966,Benin,1966,4.3,BEN
BEN_1967,Benin,1967,14.0,BEN
BEN_1968,Benin,1968,14.0,BEN
BEN_1969,Benin,1969,14.0,BEN
BEN_1970,Benin,1970,4.34,BEN
BEN_1971,Benin,1971,6.0,BEN
BEN_1972,Benin,1972,9.32,BEN
BEN_1973,Benin,1973,12.62,BEN
BEN_1974,Benin,1974,14.76,BEN
BEN_1975,Benin,1975,16.72,BEN
BEN_1976,Benin,1976,15.44,BEN
BEN_1977,Benin,1977,16.83,BEN
BEN_1978,Benin,1978,19.1,BEN
BEN_1979,Benin,1979,20.0,BEN
BEN_1980,Benin,1980,18.91,BEN
BEN_1981,Benin,1981,15.5,BEN
BEN_1982,Benin,1982,5.0,BEN
BEN_1983,Benin,1983,44.91,BEN
BEN_1984,Benin,1984,87.57,BEN
BEN_1985,Benin,1985,166.75,BEN
BEN_1986,Benin,1986,265.93,BEN
BEN_1987,Benin,1987,394.35,BEN
BEN_1988,Benin,1988,440.12,BEN
BEN_1989,Benin,1989,360.26,BEN
BEN_1990,Benin,1990,221.92,BEN
BEN_1991,Benin,1991,211.77,BEN
BEN_1992,Benin,1992,93.55,BEN
BEN_1993,Benin,1993,114.63,BEN
BEN_1994,Benin,1994,90.97,BEN
BEN_1995,Benin,1995,219.62,BEN
BEN_1996,Benin,1996,216.68,BEN
BEN_1997,Benin,1997,80.57,BEN
BEN_1998,Benin,1998,81.3,BEN
BEN_1999,Benin,1999,81.34,BEN
BEN_2000,Benin,2000,56.51,BEN
BEN_2001,Benin,2001,20.87,BEN
BEN_2002,Benin,2002,20.36,BEN
BEN_2003,Benin,2003,238.43,BEN
BEN_2004,Benin,2004,22.84,BEN
BEN_2005,Benin,2005,22.2,BEN
BEN_2006,Benin,2006,1085.24,BEN
BEN_2007,Benin,2007,14.12,BEN
BEN_2008,Benin,2008,22.89,BEN
BEN_2009,Benin,2009,61.28,BEN
BEN_2010,Benin,2010,60.85,BEN
BEN_2011,Benin,2011,62.91,BEN
BEN_2012,Benin,2012,75.91,BEN
BEN_2013,Benin,2013,83.23,BEN
BEN_2014,Benin,2014,54.27,BEN
BEN_2015,Benin,2015,82.48,BEN
BEN_2016,Benin,2016,74.34,BEN
BEN_2017,Benin,2017,80.7,BEN
BEN_2018,Benin,2018,84.51,BEN
BEN_2019,Benin,2019,0.0,BEN
BEN_2020,Benin,2020,0.0,BEN
BEN_2021,Benin,2021,0.0,BEN
BEN_2022,Benin,2022,0.0,BEN
BEN_2023,Benin,2023,0.0,BEN
BEN_2024,Benin,2024,0.0,BEN
BTN_1960,Bhutan,1960,0.0,BTN
BTN_1961,Bhutan,1961,0.0,BTN
BTN_1962,Bhutan,1962,0.0,BTN
BTN_1963,Bhutan,1963,0.0,BTN
BTN_1964,Bhutan,1964,0.0,BTN
BTN_1965,Bhutan,1965,0.0,BTN
BTN_1966,Bhutan,1966,0.0,BTN
BTN_1967,Bhutan,1967,0.0,BTN
BTN_1968,Bhutan,1968,0.0,BTN
BTN_1969,Bhutan,1969,0.0,BTN
BTN_1970,Bhutan,1970,0.0,BTN
BTN_1971,Bhutan,1971,0.0,BTN
BTN_1972,Bhutan,1972,0.0,BTN
BTN_1973,Bhutan,1973,0.0,BTN
BTN_1974,Bhutan,1974,0.0,BTN
BTN_1975,Bhutan,1975,0.0,BTN
BTN_1976,Bhutan,1976,0.0,BTN
BTN_1977,Bhutan,1977,0.0,BTN
BTN_1978,Bhutan,1978,0.0,BTN
BTN_1979,Bhutan,1979,0.0,BTN
BTN_1980,Bhutan,1980,0.0,BTN
BTN_1981,Bhutan,1981,0.0,BTN
BTN_1982,Bhutan,1982,0.0,BTN
BTN_1983,Bhutan,1983,0.0,BTN
BTN_1984,Bhutan,1984,0.0,BTN
BTN_1985,Bhutan,1985,0.0,BTN
BTN_1986,Bhutan,1986,0.0,BTN
BTN_1987,Bhutan,1987,0.0,BTN
BTN_1988,Bhutan,1988,0.0,BTN
BTN_1989,Bhutan,1989,0.0,BTN
BTN_1990,Bhutan,1990,1.72,BTN
BTN_1991,Bhutan,1991,3.54,BTN
BTN_1992,Bhutan,1992,3.49,BTN
BTN_1993,Bhutan,1993,2.84,BTN
BTN_1994,Bhutan,1994,2.03,BTN
BTN_1995,Bhutan,1995,0.81,BTN
BTN_1996,Bhutan,1996,0.28,BTN
BTN_1997,Bhutan,1997,0.0,BTN
BTN_1998,Bhutan,1998,0.0,BTN
BTN_1999,Bhutan,1999,0.0,BTN
BTN_2000,Bhutan,2000,0.0,BTN
BTN_2001,Bhutan,2001,0.0,BTN
BTN_2002,Bhutan,2002,0.0,BTN
BTN_2003,Bhutan,2003,0.0,BTN
BTN_2004,Bhutan,2004,0.0,BTN
BTN_2005,Bhutan,2005,8.62,BTN
BTN_2006,Bhutan,2006,0.0,BTN
BTN_2007,Bhutan,2007,0.0,BTN
BTN_2008,Bhutan,2008,0.0,BTN
BTN_2009,Bhutan,2009,0.0,BTN
BTN_2010,Bhutan,2010,0.0,BTN
BTN_2011,Bhutan,2011,0.0,BTN
BTN_2012,Bhutan,2012,0.0,BTN
BTN_2013,Bhutan,2013,0.0,BTN
BTN_2014,Bhutan,2014,0.0,BTN
BTN_2015,Bhutan,2015,0.0,BTN
BTN_2016,Bhutan,2016,0.0,BTN
BTN_2017,Bhutan,2017,0.0,BTN
BTN_2018,Bhutan,2018,0.0,BTN
BTN_2019,Bhutan,2019,0.0,BTN
BTN_2020,Bhutan,2020,0.0,BTN
BTN_2021,Bhutan,2021,0.0,BTN
BTN_2022,Bhutan,2022,0.0,BTN
BTN_2023,Bhutan,2023,0.0,BTN
BTN_2024,Bhutan,2024,0.0,BTN
BOL_1960,Bolivia,1960,116.55,BOL
BOL_1961,Bolivia,1961,121.19,BOL
BOL_1962,Bolivia,1962,97.83,BOL
BOL_1963,Bolivia,1963,102.78,BOL
BOL_1964,Bolivia,1964,106.12,BOL
BOL_1965,Bolivia,1965,109.76,BOL
BOL_1966,Bolivia,1966,112.4,BOL
BOL_1967,Bolivia,1967,72.05,BOL
BOL_1968,Bolivia,1968,74.69,BOL
BOL_1969,Bolivia,1969,77.33,BOL
BOL_1970,Bolivia,1970,3.0,BOL
BOL_1971,Bolivia,1971,5.3,BOL
BOL_1972,Bolivia,1972,4.13,BOL
BOL_1973,Bolivia,1973,6.38,BOL
BOL_1974,Bolivia,1974,5.42,BOL
BOL_1975,Bolivia,1975,5.22,BOL
BOL_1976,Bolivia,1976,5.22,BOL
BOL_1977,Bolivia,1977,5.22,BOL
BOL_1978,Bolivia,1978,6.66,BOL
BOL_1979,Bolivia,1979,26.69,BOL
BOL_1980,Bolivia,1980,196.2,BOL
BOL_1981,Bolivia,1981,558.16,BOL
BOL_1982,Bolivia,1982,438.08,BOL
BOL_1983,Bolivia,1983,735.15,BOL
BOL_1984,Bolivia,1984,586.73,BOL
BOL_1985,Bolivia,1985,891.36,BOL
BOL_1986,Bolivia,1986,2268.41,BOL
BOL_1987,Bolivia,1987,2157.83,BOL
BOL_1988,Bolivia,1988,958.55,BOL
BOL_1989,Bolivia,1989,1255.88,BOL
BOL_1990,Bolivia,1990,560.51,BOL
BOL_1991,Bolivia,1991,800.74,BOL
BOL_1992,Bolivia,1992,424.43,BOL
BOL_1993,Bolivia,1993,555.67,BOL
BOL_1994,Bolivia,1994,168.56,BOL
BOL_1995,Bolivia,1995,1402.92,BOL
BOL_1996,Bolivia,1996,709.13,BOL
BOL_1997,Bolivia,1997,442.04,BOL
BOL_1998,Bolivia,1998,570.38,BOL
BOL_1999,Bolivia,1999,76.2,BOL
BOL_2000,Bolivia,2000,67.1,BOL
BOL_2001,Bolivia,2001,685.0,BOL
BOL_2002,Bolivia,2002,65.33,BOL
BOL_2003,Bolivia,2003,55.66,BOL
BOL_2004,Bolivia,2004,85.82,BOL
BOL_2005,Bolivia,2005,65.09,BOL
BOL_2006,Bolivia,2006,1775.37,BOL
BOL_2007,Bolivia,2007,1174.78,BOL
BOL_2008,Bolivia,2008,19.3,BOL
BOL_2009,Bolivia,2009,85.31,BOL
BOL_2010,Bolivia,2010,0.0,BOL
BOL_2011,Bolivia,2011,0.0,BOL
BOL_2012,Bolivia,2012,0.0,BOL
BOL_2013,Bolivia,2013,0.0,BOL
BOL_2014,Bolivia,2014,0.44,BOL
BOL_2015,Bolivia,2015,3.1,BOL
BOL_2016,Bolivia,2016,0.0,BOL
BOL_2017,Bolivia,2017,1.73,BOL
BOL_2018,Bolivia,2018,0.0,BOL
BOL_2019,Bolivia,2019,0.0,BOL
BOL_2020,Bolivia,2020,2.08,BOL
BOL_2021,Bolivia,2021,0.14,BOL
BOL_2022,Bolivia,2022,0.24,BOL
BOL_2023,Bolivia,2023,0.43,BOL
BOL_2024,Bolivia,2024,0.43,BOL
BIH_1960,Bosnia & Herzegovina,1960,,BIH
BIH_1961,Bosnia & Herzegovina,1961,,BIH
BIH_1962,Bosnia & Herzegovina,1962,,BIH
BIH_1963,Bosnia & Herzegovina,1963,,BIH
BIH_1964,Bosnia & Herzegovina,1964,,BIH
BIH_1965,Bosnia & Herzegovina,1965,,BIH
BIH_1966,Bosnia & Herzegovina,1966,,BIH
BIH_1967,Bosnia & Herzegovina,1967,,BIH
BIH_1968,Bosnia & Herzegovina,1968,,BIH
BIH_1969,Bosnia & Herzegovina,1969,,BIH
BIH_1970,Bosnia & Herzegovina,1970,,BIH
BIH_1971,Bosnia & Herzegovina,1971,,BIH
BIH_1972,Bosnia & Herzegovina,1972,,BIH
BIH_1973,Bosnia & Herzegovina,1973,,BIH
BIH_1974,Bosnia & Herzegovina,1974,,BIH
BIH_1975,Bosnia & Herzegovina,1975,,BIH
BIH_1976,Bosnia & Herzegovina,1976,,BIH
BIH_1977,Bosnia & Herzegovina,1977,,BIH
BIH_1978,Bosnia & Herzegovina,1978,,BIH
BIH_1979,Bosnia & Herzegovina,1979,,BIH
BIH_1980,Bosnia & Herzegovina,1980,,BIH
BIH_1981,Bosnia & Herzegovina,1981,,BIH
BIH_1982,Bosnia & Herzegovina,1982,,BIH
BIH_1983,Bosnia & Herzegovina,1983,,BIH
BIH_1984,Bosnia & Herzegovina,1984,,BIH
BIH_1985,Bosnia & Herzegovina,1985,,BIH
BIH_1986,Bosnia & Herzegovina,1986,,BIH
BIH_1987,Bosnia & Herzegovina,1987,,BIH
BIH_1988,Bosnia & Herzegovina,1988,,BIH
BIH_1989,Bosnia & Herzegovina,1989,,BIH
BIH_1990,Bosnia & Herzegovina,1990,,BIH
BIH_1991,Bosnia & Herzegovina,1991,,BIH
BIH_1992,Bosnia & Herzegovina,1992,975.78,BIH
BIH_1993,Bosnia & Herzegovina,1993,1110.13,BIH
BIH_1994,Bosnia & Herzegovina,1994,1181.36,BIH
BIH_1995,Bosnia & Herzegovina,1995,2326.06,BIH
BIH_1996,Bosnia & Herzegovina,1996,2493.0,BIH
BIH_1997,Bosnia & Herzegovina,1997,2552.0,BIH
BIH_1998,Bosnia & Herzegovina,1998,1192.0,BIH
BIH_1999,Bosnia & Herzegovina,1999,1349.12,BIH
BIH_2000,Bosnia & Herzegovina,2000,584.24,BIH
BIH_2001,Bosnia & Herzegovina,2001,0.0,BIH
BIH_2002,Bosnia & Herzegovina,2002,1.69,BIH
BIH_2003,Bosnia & Herzegovina,2003,0.0,BIH
BIH_2004,Bosnia & Herzegovina,2004,0.0,BIH
BIH_2005,Bosnia & Herzegovina,2005,0.0,BIH
BIH_2006,Bosnia & Herzegovina,2006,0.0,BIH
BIH_2007,Bosnia & Herzegovina,2007,0.0,BIH
BIH_2008,Bosnia & Herzegovina,2008,0.0,BIH
BIH_2009,Bosnia & Herzegovina,2009,27.56,BIH
BIH_2010,Bosnia & Herzegovina,2010,0.0,BIH
BIH_2011,Bosnia & Herzegovina,2011,0.0,BIH
BIH_2012,Bosnia & Herzegovina,2012,0.0,BIH
BIH_2013,Bosnia & Herzegovina,2013,0.0,BIH
BIH_2014,Bosnia & Herzegovina,2014,0.0,BIH
BIH_2015,Bosnia & Herzegovina,2015,0.0,BIH
BIH_2016,Bosnia & Herzegovina,2016,0.6,BIH
BIH_2017,Bosnia & Herzegovina,2017,14.48,BIH
BIH_2018,Bosnia & Herzegovina,2018,0.0,BIH
BIH_2019,Bosnia & Herzegovina,2019,0.0,BIH
BIH_2020,Bosnia & Herzegovina,2020,45.66,BIH
BIH_2021,Bosnia & Herzegovina,2021,0.0,BIH
BIH_2022,Bosnia & Herzegovina,2022,0.0,BIH
BIH_2023,Bosnia & Herzegovina,2023,0.0,BIH
BIH_2024,Bosnia & Herzegovina,2024,0.0,BIH
BWA_1960,Botswana,1960,,BWA
BWA_1961,Botswana,1961,,BWA
BWA_1962,Botswana,1962,,BWA
BWA_1963,Botswana,1963,,BWA
BWA_1964,Botswana,1964,,BWA
BWA_1965,Botswana,1965,,BWA
BWA_1966,Botswana,1966,0.0,BWA
BWA_1967,Botswana,1967,0.0,BWA
BWA_1968,Botswana,1968,0.0,BWA
BWA_1969,Botswana,1969,0.0,BWA
BWA_1970,Botswana,1970,0.0,BWA
BWA_1971,Botswana,1971,0.0,BWA
BWA_1972,Botswana,1972,0.0,BWA
BWA_1973,Botswana,1973,0.0,BWA
BWA_1974,Botswana,1974,0.0,BWA
BWA_1975,Botswana,1975,0.0,BWA
BWA_1976,Botswana,1976,0.0,BWA
BWA_1977,Botswana,1977,0.0,BWA
BWA_1978,Botswana,1978,0.0,BWA
BWA_1979,Botswana,1979,0.27,BWA
BWA_1980,Botswana,1980,0.0,BWA
BWA_1981,Botswana,1981,0.0,BWA
BWA_1982,Botswana,1982,0.0,BWA
BWA_1983,Botswana,1983,0.0,BWA
BWA_1984,Botswana,1984,0.0,BWA
BWA_1985,Botswana,1985,0.0,BWA
BWA_1986,Botswana,1986,0.11,BWA
BWA_1987,Botswana,1987,1.81,BWA
BWA_1988,Botswana,1988,0.98,BWA
BWA_1989,Botswana,1989,2.65,BWA
BWA_1990,Botswana,1990,7.27,BWA
BWA_1991,Botswana,1991,9.12,BWA
BWA_1992,Botswana,1992,12.7,BWA
BWA_1993,Botswana,1993,13.59,BWA
BWA_1994,Botswana,1994,22.06,BWA
BWA_1995,Botswana,1995,16.86,BWA
BWA_1996,Botswana,1996,1.63,BWA
BWA_1997,Botswana,1997,2.06,BWA
BWA_1998,Botswana,1998,4.19,BWA
BWA_1999,Botswana,1999,4.2,BWA
BWA_2000,Botswana,2000,4.86,BWA
BWA_2001,Botswana,2001,3.83,BWA
BWA_2002,Botswana,2002,1.44,BWA
BWA_2003,Botswana,2003,2.84,BWA
BWA_2004,Botswana,2004,1.01,BWA
BWA_2005,Botswana,2005,5.49,BWA
BWA_2006,Botswana,2006,27.58,BWA
BWA_2007,Botswana,2007,0.0,BWA
BWA_2008,Botswana,2008,0.02,BWA
BWA_2009,Botswana,2009,0.43,BWA
BWA_2010,Botswana,2010,0.0,BWA
BWA_2011,Botswana,2011,0.0,BWA
BWA_2012,Botswana,2012,0.0,BWA
BWA_2013,Botswana,2013,0.0,BWA
BWA_2014,Botswana,2014,0.0,BWA
BWA_2015,Botswana,2015,0.0,BWA
BWA_2016,Botswana,2016,0.0,BWA
BWA_2017,Botswana,2017,0.0,BWA
BWA_2018,Botswana,2018,8.03,BWA
BWA_2019,Botswana,2019,0.0,BWA
BWA_2020,Botswana,2020,0.0,BWA
BWA_2021,Botswana,2021,0.0,BWA
BWA_2022,Botswana,2022,0.0,BWA
BWA_2023,Botswana,2023,0.0,BWA
BWA_2024,Botswana,2024,0.0,BWA
BRA_1960,Brazil,1960,48.0,BRA
BRA_1961,Brazil,1961,811.6,BRA
BRA_1962,Brazil,1962,43.5,BRA
BRA_1963,Brazil,1963,112.0,BRA
BRA_1964,Brazil,1964,416.0,BRA
BRA_1965,Brazil,1965,43.0,BRA
BRA_1966,Brazil,1966,0.0,BRA
BRA_1967,Brazil,1967,0.0,BRA
BRA_1968,Brazil,1968,0.0,BRA
BRA_1969,Brazil,1969,0.0,BRA
BRA_1970,Brazil,1970,0.0,BRA
BRA_1971,Brazil,1971,20.8,BRA
BRA_1972,Brazil,1972,35.0,BRA
BRA_1973,Brazil,1973,40.8,BRA
BRA_1974,Brazil,1974,39.8,BRA
BRA_1975,Brazil,1975,47.37,BRA
BRA_1976,Brazil,1976,62.83,BRA
BRA_1977,Brazil,1977,137.89,BRA
BRA_1978,Brazil,1978,286.38,BRA
BRA_1979,Brazil,1979,352.69,BRA
BRA_1980,Brazil,1980,411.44,BRA
BRA_1981,Brazil,1981,439.48,BRA
BRA_1982,Brazil,1982,441.3,BRA
BRA_1983,Brazil,1983,28266.53,BRA
BRA_1984,Brazil,1984,26641.56,BRA
BRA_1985,Brazil,1985,17329.88,BRA
BRA_1986,Brazil,1986,54301.69,BRA
BRA_1987,Brazil,1987,98751.7,BRA
BRA_1988,Brazil,1988,68315.1,BRA
BRA_1989,Brazil,1989,85564.52,BRA
BRA_1990,Brazil,1990,148584.7,BRA
BRA_1991,Brazil,1991,91440.6,BRA
BRA_1992,Brazil,1992,31888.5,BRA
BRA_1993,Brazil,1993,63096.48,BRA
BRA_1994,Brazil,1994,92622.26,BRA
BRA_1995,Brazil,1995,5450.46,BRA
BRA_1996,Brazil,1996,4901.75,BRA
BRA_1997,Brazil,1997,10851.41,BRA
BRA_1998,Brazil,1998,3561.11,BRA
BRA_1999,Brazil,1999,10647.55,BRA
BRA_2000,Brazil,2000,14955.63,BRA
BRA_2001,Brazil,2001,0.0,BRA
BRA_2002,Brazil,2002,0.0,BRA
BRA_2003,Brazil,2003,0.2,BRA
BRA_2004,Brazil,2004,0.02,BRA
BRA_2005,Brazil,2005,4274.21,BRA
BRA_2006,Brazil,2006,104.84,BRA
BRA_2007,Brazil,2007,24.1,BRA
BRA_2008,Brazil,2008,56.43,BRA
BRA_2009,Brazil,2009,47.9,BRA
BRA_2010,Brazil,2010,83.76,BRA
BRA_2011,Brazil,2011,1.9,BRA
BRA_2012,Brazil,2012,1.47,BRA
BRA_2013,Brazil,2013,102.53,BRA
BRA_2014,Brazil,2014,649.41,BRA
BRA_2015,Brazil,2015,40.64,BRA
BRA_2016,Brazil,2016,5.99,BRA
BRA_2017,Brazil,2017,21.42,BRA
BRA_2018,Brazil,2018,38175.3,BRA
BRA_2019,Brazil,2019,13.51,BRA
BRA_2020,Brazil,2020,8.77,BRA
BRA_2021,Brazil,2021,8.56,BRA
BRA_2022,Brazil,2022,12564.3,BRA
BRA_2023,Brazil,2023,429.0,BRA
BRA_2024,Brazil,2024,250.0,BRA
BGR_1960,Bulgaria,1960,131.69,BGR
BGR_1961,Bulgaria,1961,133.78,BGR
BGR_1962,Bulgaria,1962,135.86,BGR
BGR_1963,Bulgaria,1963,137.95,BGR
BGR_1964,Bulgaria,1964,140.04,BGR
BGR_1965,Bulgaria,1965,142.12,BGR
BGR_1966,Bulgaria,1966,144.21,BGR
BGR_1967,Bulgaria,1967,128.22,BGR
BGR_1968,Bulgaria,1968,130.07,BGR
BGR_1969,Bulgaria,1969,131.93,BGR
BGR_1970,Bulgaria,1970,133.32,BGR
BGR_1971,Bulgaria,1971,141.82,BGR
BGR_1972,Bulgaria,1972,134.61,BGR
BGR_1973,Bulgaria,1973,135.46,BGR
BGR_1974,Bulgaria,1974,137.77,BGR
BGR_1975,Bulgaria,1975,124.14,BGR
BGR_1976,Bulgaria,1976,108.65,BGR
BGR_1977,Bulgaria,1977,118.75,BGR
BGR_1978,Bulgaria,1978,127.51,BGR
BGR_1979,Bulgaria,1979,140.07,BGR
BGR_1980,Bulgaria,1980,123.81,BGR
BGR_1981,Bulgaria,1981,101.2,BGR
BGR_1982,Bulgaria,1982,87.22,BGR
BGR_1983,Bulgaria,1983,77.81,BGR
BGR_1984,Bulgaria,1984,65.44,BGR
BGR_1985,Bulgaria,1985,80.02,BGR
BGR_1986,Bulgaria,1986,80.85,BGR
BGR_1987,Bulgaria,1987,103.8,BGR
BGR_1988,Bulgaria,1988,0.0,BGR
BGR_1989,Bulgaria,1989,3.06,BGR
BGR_1990,Bulgaria,1990,6484.85,BGR
BGR_1991,Bulgaria,1991,7651.0,BGR
BGR_1992,Bulgaria,1992,8235.3,BGR
BGR_1993,Bulgaria,1993,8222.06,BGR
BGR_1994,Bulgaria,1994,14448.0,BGR
BGR_1995,Bulgaria,1995,348.03,BGR
BGR_1996,Bulgaria,1996,231.7,BGR
BGR_1997,Bulgaria,1997,514.56,BGR
BGR_1998,Bulgaria,1998,267.3,BGR
BGR_1999,Bulgaria,1999,337.15,BGR
BGR_2000,Bulgaria,2000,18.1,BGR
BGR_2001,Bulgaria,2001,226.59,BGR
BGR_2002,Bulgaria,2002,22.74,BGR
BGR_2003,Bulgaria,2003,4.51,BGR
BGR_2004,Bulgaria,2004,38.6,BGR
BGR_2005,Bulgaria,2005,72.17,BGR
BGR_2006,Bulgaria,2006,14.25,BGR
BGR_2007,Bulgaria,2007,19.61,BGR
BGR_2008,Bulgaria,2008,86.32,BGR
BGR_2009,Bulgaria,2009,122.89,BGR
BGR_2010,Bulgaria,2010,0.0,BGR
BGR_2011,Bulgaria,2011,0.0,BGR
BGR_2012,Bulgaria,2012,0.0,BGR
BGR_2013,Bulgaria,2013,0.95,BGR
BGR_2014,Bulgaria,2014,0.03,BGR
BGR_2015,Bulgaria,2015,0.0,BGR
BGR_2016,Bulgaria,2016,0.0,BGR
BGR_2017,Bulgaria,2017,0.0,BGR
BGR_2018,Bulgaria,2018,0.0,BGR
BGR_2019,Bulgaria,2019,0.0,BGR
BGR_2020,Bulgaria,2020,0.0,BGR
BGR_2021,Bulgaria,2021,0.0,BGR
BGR_2022,Bulgaria,2022,0.01,BGR
BGR_2023,Bulgaria,2023,0.0,BGR
BGR_2024,Bulgaria,2024,0.0,BGR
BFA_1960,Burkina Faso,1960,0.0,BFA
BFA_1961,Burkina Faso,1961,0.0,BFA
BFA_1962,Burkina Faso,1962,0.0,BFA
BFA_1963,Burkina Faso,1963,0.0,BFA
BFA_1964,Burkina Faso,1964,0.0,BFA
BFA_1965,Burkina Faso,1965,0.0,BFA
BFA_1966,Burkina Faso,1966,0.0,BFA
BFA_1967,Burkina Faso,1967,0.0,BFA
BFA_1968,Burkina Faso,1968,0.0,BFA
BFA_1969,Burkina Faso,1969,0.0,BFA
BFA_1970,Burkina Faso,1970,0.0,BFA
BFA_1971,Burkina Faso,1971,0.0,BFA
BFA_1972,Burkina Faso,1972,0.0,BFA
BFA_1973,Burkina Faso,1973,0.0,BFA
BFA_1974,Burkina Faso,1974,0.0,BFA
BFA_1975,Burkina Faso,1975,0.0,BFA
BFA_1976,Burkina Faso,1976,0.0,BFA
BFA_1977,Burkina Faso,1977,0.0,BFA
BFA_1978,Burkina Faso,1978,0.01,BFA
BFA_1979,Burkina Faso,1979,0.05,BFA
BFA_1980,Burkina Faso,1980,0.25,BFA
BFA_1981,Burkina Faso,1981,0.24,BFA
BFA_1982,Burkina Faso,1982,1.13,BFA
BFA_1983,Burkina Faso,1983,0.99,BFA
BFA_1984,Burkina Faso,1984,7.27,BFA
BFA_1985,Burkina Faso,1985,12.33,BFA
BFA_1986,Burkina Faso,1986,30.97,BFA
BFA_1987,Burkina Faso,1987,51.93,BFA
BFA_1988,Burkina Faso,1988,61.02,BFA
BFA_1989,Burkina Faso,1989,255.91,BFA
BFA_1990,Burkina Faso,1990,90.52,BFA
BFA_1991,Burkina Faso,1991,129.3,BFA
BFA_1992,Burkina Faso,1992,52.44,BFA
BFA_1993,Burkina Faso,1993,55.59,BFA
BFA_1994,Burkina Faso,1994,171.26,BFA
BFA_1995,Burkina Faso,1995,63.94,BFA
BFA_1996,Burkina Faso,1996,77.63,BFA
BFA_1997,Burkina Faso,1997,40.84,BFA
BFA_1998,Burkina Faso,1998,47.26,BFA
BFA_1999,Burkina Faso,1999,44.01,BFA
BFA_2000,Burkina Faso,2000,184.7,BFA
BFA_2001,Burkina Faso,2001,68.4,BFA
BFA_2002,Burkina Faso,2002,101.7,BFA
BFA_2003,Burkina Faso,2003,81.08,BFA
BFA_2004,Burkina Faso,2004,181.39,BFA
BFA_2005,Burkina Faso,2005,94.11,BFA
BFA_2006,Burkina Faso,2006,1327.72,BFA
BFA_2007,Burkina Faso,2007,38.11,BFA
BFA_2008,Burkina Faso,2008,40.63,BFA
BFA_2009,Burkina Faso,2009,36.38,BFA
BFA_2010,Burkina Faso,2010,40.27,BFA
BFA_2011,Burkina Faso,2011,34.24,BFA
BFA_2012,Burkina Faso,2012,34.34,BFA
BFA_2013,Burkina Faso,2013,35.18,BFA
BFA_2014,Burkina Faso,2014,35.1,BFA
BFA_2015,Burkina Faso,2015,34.63,BFA
BFA_2016,Burkina Faso,2016,79.81,BFA
BFA_2017,Burkina Faso,2017,87.34,BFA
BFA_2018,Burkina Faso,2018,85.59,BFA
BFA_2019,Burkina Faso,2019,82.59,BFA
BFA_2020,Burkina Faso,2020,99.59,BFA
BFA_2021,Burkina Faso,2021,100.82,BFA
BFA_2022,Burkina Faso,2022,80.02,BFA
BFA_2023,Burkina Faso,2023,56.0,BFA
BFA_2024,Burkina Faso,2024,55.0,BFA
BDI_1960,Burundi,1960,,BDI
BDI_1961,Burundi,1961,,BDI
BDI_1962,Burundi,1962,0.0,BDI
BDI_1963,Burundi,1963,0.0,BDI
BDI_1964,Burundi,1964,0.0,BDI
BDI_1965,Burundi,1965,0.0,BDI
BDI_1966,Burundi,1966,0.0,BDI
BDI_1967,Burundi,1967,0.0,BDI
BDI_1968,Burundi,1968,0.0,BDI
BDI_1969,Burundi,1969,0.0,BDI
BDI_1970,Burundi,1970,0.0,BDI
BDI_1971,Burundi,1971,0.05,BDI
BDI_1972,Burundi,1972,0.16,BDI
BDI_1973,Burundi,1973,0.31,BDI
BDI_1974,Burundi,1974,0.0,BDI
BDI_1975,Burundi,1975,0.0,BDI
BDI_1976,Burundi,1976,0.0,BDI
BDI_1977,Burundi,1977,0.0,BDI
BDI_1978,Burundi,1978,0.0,BDI
BDI_1979,Burundi,1979,0.0,BDI
BDI_1980,Burundi,1980,0.0,BDI
BDI_1981,Burundi,1981,0.0,BDI
BDI_1982,Burundi,1982,2.6,BDI
BDI_1983,Burundi,1983,5.05,BDI
BDI_1984,Burundi,1984,5.39,BDI
BDI_1985,Burundi,1985,7.32,BDI
BDI_1986,Burundi,1986,9.83,BDI
BDI_1987,Burundi,1987,10.97,BDI
BDI_1988,Burundi,1988,1.73,BDI
BDI_1989,Burundi,1989,14.62,BDI
BDI_1990,Burundi,1990,0.73,BDI
BDI_1991,Burundi,1991,0.07,BDI
BDI_1992,Burundi,1992,6.17,BDI
BDI_1993,Burundi,1993,13.27,BDI
BDI_1994,Burundi,1994,12.71,BDI
BDI_1995,Burundi,1995,5.88,BDI
BDI_1996,Burundi,1996,19.9,BDI
BDI_1997,Burundi,1997,35.53,BDI
BDI_1998,Burundi,1998,56.15,BDI
BDI_1999,Burundi,1999,78.44,BDI
BDI_2000,Burundi,2000,101.81,BDI
BDI_2001,Burundi,2001,106.59,BDI
BDI_2002,Burundi,2002,131.97,BDI
BDI_2003,Burundi,2003,161.46,BDI
BDI_2004,Burundi,2004,140.65,BDI
BDI_2005,Burundi,2005,110.57,BDI
BDI_2006,Burundi,2006,140.39,BDI
BDI_2007,Burundi,2007,106.72,BDI
BDI_2008,Burundi,2008,117.74,BDI
BDI_2009,Burundi,2009,895.65,BDI
BDI_2010,Burundi,2010,48.05,BDI
BDI_2011,Burundi,2011,47.85,BDI
BDI_2012,Burundi,2012,4.89,BDI
BDI_2013,Burundi,2013,6.52,BDI
BDI_2014,Burundi,2014,5.58,BDI
BDI_2015,Burundi,2015,5.98,BDI
BDI_2016,Burundi,2016,5.9,BDI
BDI_2017,Burundi,2017,5.56,BDI
BDI_2018,Burundi,2018,5.55,BDI
BDI_2019,Burundi,2019,5.58,BDI
BDI_2020,Burundi,2020,6.36,BDI
BDI_2021,Burundi,2021,6.38,BDI
BDI_2022,Burundi,2022,6.47,BDI
BDI_2023,Burundi,2023,6.0,BDI
BDI_2024,Burundi,2024,6.0,BDI
CPV_1960,Cabo Verde,1960,,CPV
CPV_1961,Cabo Verde,1961,,CPV
CPV_1962,Cabo Verde,1962,,CPV
CPV_1963,Cabo Verde,1963,,CPV
CPV_1964,Cabo Verde,1964,,CPV
CPV_1965,Cabo Verde,1965,,CPV
CPV_1966,Cabo Verde,1966,,CPV
CPV_1967,Cabo Verde,1967,,CPV
CPV_1968,Cabo Verde,1968,,CPV
CPV_1969,Cabo Verde,1969,,CPV
CPV_1970,Cabo Verde,1970,,CPV
CPV_1971,Cabo Verde,1971,,CPV
CPV_1972,Cabo Verde,1972,,CPV
CPV_1973,Cabo Verde,1973,,CPV
CPV_1974,Cabo Verde,1974,,CPV
CPV_1975,Cabo Verde,1975,0.0,CPV
CPV_1976,Cabo Verde,1976,0.0,CPV
CPV_1977,Cabo Verde,1977,0.0,CPV
CPV_1978,Cabo Verde,1978,0.0,CPV
CPV_1979,Cabo Verde,1979,0.0,CPV
CPV_1980,Cabo Verde,1980,0.0,CPV
CPV_1981,Cabo Verde,1981,0.01,CPV
CPV_1982,Cabo Verde,1982,0.02,CPV
CPV_1983,Cabo Verde,1983,0.02,CPV
CPV_1984,Cabo Verde,1984,0.0,CPV
CPV_1985,Cabo Verde,1985,37.56,CPV
CPV_1986,Cabo Verde,1986,43.31,CPV
CPV_1987,Cabo Verde,1987,48.82,CPV
CPV_1988,Cabo Verde,1988,54.55,CPV
CPV_1989,Cabo Verde,1989,63.03,CPV
CPV_1990,Cabo Verde,1990,80.4,CPV
CPV_1991,Cabo Verde,1991,69.02,CPV
CPV_1992,Cabo Verde,1992,66.54,CPV
CPV_1993,Cabo Verde,1993,68.77,CPV
CPV_1994,Cabo Verde,1994,68.78,CPV
CPV_1995,Cabo Verde,1995,70.72,CPV
CPV_1996,Cabo Verde,1996,27.92,CPV
CPV_1997,Cabo Verde,1997,24.3,CPV
CPV_1998,Cabo Verde,1998,84.74,CPV
CPV_1999,Cabo Verde,1999,205.94,CPV
CPV_2000,Cabo Verde,2000,207.08,CPV
CPV_2001,Cabo Verde,2001,106.58,CPV
CPV_2002,Cabo Verde,2002,31.48,CPV
CPV_2003,Cabo Verde,2003,24.63,CPV
CPV_2004,Cabo Verde,2004,12.61,CPV
CPV_2005,Cabo Verde,2005,4.05,CPV
CPV_2006,Cabo Verde,2006,3.16,CPV
CPV_2007,Cabo Verde,2007,6.12,CPV
CPV_2008,Cabo Verde,2008,3.88,CPV
CPV_2009,Cabo Verde,2009,3.9,CPV
CPV_2010,Cabo Verde,2010,8.44,CPV
CPV_2011,Cabo Verde,2011,0.0,CPV
CPV_2012,Cabo Verde,2012,0.0,CPV
CPV_2013,Cabo Verde,2013,0.0,CPV
CPV_2014,Cabo Verde,2014,0.0,CPV
CPV_2015,Cabo Verde,2015,0.0,CPV
CPV_2016,Cabo Verde,2016,1.54,CPV
CPV_2017,Cabo Verde,2017,0.0,CPV
CPV_2018,Cabo Verde,2018,118.51,CPV
CPV_2019,Cabo Verde,2019,115.06,CPV
CPV_2020,Cabo Verde,2020,147.77,CPV
CPV_2021,Cabo Verde,2021,145.24,CPV
CPV_2022,Cabo Verde,2022,0.0,CPV
CPV_2023,Cabo Verde,2023,0.0,CPV
CPV_2024,Cabo Verde,2024,0.0,CPV
KHM_1960,Cambodia,1960,0.0,KHM
KHM_1961,Cambodia,1961,0.0,KHM
KHM_1962,Cambodia,1962,0.0,KHM
KHM_1963,Cambodia,1963,0.0,KHM
KHM_1964,Cambodia,1964,0.0,KHM
KHM_1965,Cambodia,1965,0.0,KHM
KHM_1966,Cambodia,1966,0.0,KHM
KHM_1967,Cambodia,1967,0.0,KHM
KHM_1968,Cambodia,1968,0.0,KHM
KHM_1969,Cambodia,1969,0.0,KHM
KHM_1970,Cambodia,1970,0.0,KHM
KHM_1971,Cambodia,1971,10.0,KHM
KHM_1972,Cambodia,1972,17.0,KHM
KHM_1973,Cambodia,1973,11.0,KHM
KHM_1974,Cambodia,1974,16.0,KHM
KHM_1975,Cambodia,1975,380.0,KHM
KHM_1976,Cambodia,1976,294.0,KHM
KHM_1977,Cambodia,1977,298.0,KHM
KHM_1978,Cambodia,1978,304.49,KHM
KHM_1979,Cambodia,1979,310.03,KHM
KHM_1980,Cambodia,1980,314.96,KHM
KHM_1981,Cambodia,1981,319.94,KHM
KHM_1982,Cambodia,1982,325.81,KHM
KHM_1983,Cambodia,1983,331.66,KHM
KHM_1984,Cambodia,1984,337.29,KHM
KHM_1985,Cambodia,1985,347.72,KHM
KHM_1986,Cambodia,1986,1033.58,KHM
KHM_1987,Cambodia,1987,1134.32,KHM
KHM_1988,Cambodia,1988,1227.3,KHM
KHM_1989,Cambodia,1989,1322.29,KHM
KHM_1990,Cambodia,1990,1362.8,KHM
KHM_1991,Cambodia,1991,2006.8,KHM
KHM_1992,Cambodia,1992,752.09,KHM
KHM_1993,Cambodia,1993,849.77,KHM
KHM_1994,Cambodia,1994,927.32,KHM
KHM_1995,Cambodia,1995,1225.72,KHM
KHM_1996,Cambodia,1996,883.89,KHM
KHM_1997,Cambodia,1997,1010.87,KHM
KHM_1998,Cambodia,1998,940.0,KHM
KHM_1999,Cambodia,1999,1265.6,KHM
KHM_2000,Cambodia,2000,1408.3,KHM
KHM_2001,Cambodia,2001,1463.7,KHM
KHM_2002,Cambodia,2002,1551.4,KHM
KHM_2003,Cambodia,2003,1609.39,KHM
KHM_2004,Cambodia,2004,1672.0,KHM
KHM_2005,Cambodia,2005,1729.2,KHM
KHM_2006,Cambodia,2006,1787.11,KHM
KHM_2007,Cambodia,2007,1774.06,KHM
KHM_2008,Cambodia,2008,1949.31,KHM
KHM_2009,Cambodia,2009,1956.09,KHM
KHM_2010,Cambodia,2010,1767.34,KHM
KHM_2011,Cambodia,2011,1969.97,KHM
KHM_2012,Cambodia,2012,1982.67,KHM
KHM_2013,Cambodia,2013,1990.87,KHM
KHM_2014,Cambodia,2014,1998.18,KHM
KHM_2015,Cambodia,2015,1999.0,KHM
KHM_2016,Cambodia,2016,2006.54,KHM
KHM_2017,Cambodia,2017,2014.19,KHM
KHM_2018,Cambodia,2018,2025.0,KHM
KHM_2019,Cambodia,2019,633.0,KHM
KHM_2020,Cambodia,2020,633.0,KHM
KHM_2021,Cambodia,2021,629.0,KHM
KHM_2022,Cambodia,2022,631.0,KHM
KHM_2023,Cambodia,2023,633.0,KHM
KHM_2024,Cambodia,2024,635.0,KHM
CMR_1960,Cameroon,1960,0.0,CMR
CMR_1961,Cameroon,1961,0.0,CMR
CMR_1962,Cameroon,1962,0.0,CMR
CMR_1963,Cameroon,1963,0.0,CMR
CMR_1964,Cameroon,1964,0.0,CMR
CMR_1965,Cameroon,1965,0.0,CMR
CMR_1966,Cameroon,1966,0.0,CMR
CMR_1967,Cameroon,1967,0.0,CMR
CMR_1968,Cameroon,1968,0.0,CMR
CMR_1969,Cameroon,1969,0.0,CMR
CMR_1970,Cameroon,1970,0.0,CMR
CMR_1971,Cameroon,1971,0.0,CMR
CMR_1972,Cameroon,1972,0.01,CMR
CMR_1973,Cameroon,1973,0.05,CMR
CMR_1974,Cameroon,1974,2.96,CMR
CMR_1975,Cameroon,1975,1.61,CMR
CMR_1976,Cameroon,1976,0.0,CMR
CMR_1977,Cameroon,1977,1.32,CMR
CMR_1978,Cameroon,1978,0.87,CMR
CMR_1979,Cameroon,1979,19.14,CMR
CMR_1980,Cameroon,1980,16.13,CMR
CMR_1981,Cameroon,1981,22.18,CMR
CMR_1982,Cameroon,1982,28.8,CMR
CMR_1983,Cameroon,1983,32.8,CMR
CMR_1984,Cameroon,1984,36.69,CMR
CMR_1985,Cameroon,1985,405.9,CMR
CMR_1986,Cameroon,1986,444.03,CMR
CMR_1987,Cameroon,1987,515.84,CMR
CMR_1988,Cameroon,1988,645.49,CMR
CMR_1989,Cameroon,1989,1110.09,CMR
CMR_1990,Cameroon,1990,837.49,CMR
CMR_1991,Cameroon,1991,1107.06,CMR
CMR_1992,Cameroon,1992,1762.33,CMR
CMR_1993,Cameroon,1993,1289.04,CMR
CMR_1994,Cameroon,1994,3419.3,CMR
CMR_1995,Cameroon,1995,2040.49,CMR
CMR_1996,Cameroon,1996,1921.25,CMR
CMR_1997,Cameroon,1997,2264.6,CMR
CMR_1998,Cameroon,1998,1041.54,CMR
CMR_1999,Cameroon,1999,1064.11,CMR
CMR_2000,Cameroon,2000,984.33,CMR
CMR_2001,Cameroon,2001,2016.25,CMR
CMR_2002,Cameroon,2002,1076.52,CMR
CMR_2003,Cameroon,2003,1280.77,CMR
CMR_2004,Cameroon,2004,2189.45,CMR
CMR_2005,Cameroon,2005,5536.5,CMR
CMR_2006,Cameroon,2006,6278.89,CMR
CMR_2007,Cameroon,2007,364.5,CMR
CMR_2008,Cameroon,2008,92.55,CMR
CMR_2009,Cameroon,2009,79.47,CMR
CMR_2010,Cameroon,2010,145.59,CMR
CMR_2011,Cameroon,2011,0.0,CMR
CMR_2012,Cameroon,2012,64.02,CMR
CMR_2013,Cameroon,2013,178.78,CMR
CMR_2014,Cameroon,2014,26.99,CMR
CMR_2015,Cameroon,2015,16.03,CMR
CMR_2016,Cameroon,2016,0.0,CMR
CMR_2017,Cameroon,2017,30.01,CMR
CMR_2018,Cameroon,2018,17.55,CMR
CMR_2019,Cameroon,2019,104.12,CMR
CMR_2020,Cameroon,2020,303.12,CMR
CMR_2021,Cameroon,2021,407.26,CMR
CMR_2022,Cameroon,2022,102.18,CMR
CMR_2023,Cameroon,2023,60.0,CMR
CMR_2024,Cameroon,2024,0.0,CMR
CAF_1960,Central African Republic,1960,0.0,CAF
CAF_1961,Central African Republic,1961,0.0,CAF
CAF_1962,Central African Republic,1962,0.0,CAF
CAF_1963,Central African Republic,1963,0.0,CAF
CAF_1964,Central African Republic,1964,0.0,CAF
CAF_1965,Central African Republic,1965,0.0,CAF
CAF_1966,Central African Republic,1966,0.0,CAF
CAF_1967,Central African Republic,1967,0.0,CAF
CAF_1968,Central African Republic,1968,0.0,CAF
CAF_1969,Central African Republic,1969,0.0,CAF
CAF_1970,Central African Republic,1970,0.39,CAF
CAF_1971,Central African Republic,1971,1.43,CAF
CAF_1972,Central African Republic,1972,2.86,CAF
CAF_1973,Central African Republic,1973,5.04,CAF
CAF_1974,Central African Republic,1974,7.88,CAF
CAF_1975,Central African Republic,1975,13.45,CAF
CAF_1976,Central African Republic,1976,21.88,CAF
CAF_1977,Central African Republic,1977,29.24,CAF
CAF_1978,Central African Republic,1978,30.72,CAF
CAF_1979,Central African Republic,1979,38.33,CAF
CAF_1980,Central African Republic,1980,54.13,CAF
CAF_1981,Central African Republic,1981,37.6,CAF
CAF_1982,Central African Republic,1982,33.72,CAF
CAF_1983,Central African Republic,1983,18.62,CAF
CAF_1984,Central African Republic,1984,7.58,CAF
CAF_1985,Central African Republic,1985,31.57,CAF
CAF_1986,Central African Republic,1986,3.8,CAF
CAF_1987,Central African Republic,1987,14.43,CAF
CAF_1988,Central African Republic,1988,60.37,CAF
CAF_1989,Central African Republic,1989,57.7,CAF
CAF_1990,Central African Republic,1990,203.52,CAF
CAF_1991,Central African Republic,1991,58.81,CAF
CAF_1992,Central African Republic,1992,78.94,CAF
CAF_1993,Central African Republic,1993,112.02,CAF
CAF_1994,Central African Republic,1994,179.08,CAF
CAF_1995,Central African Republic,1995,118.72,CAF
CAF_1996,Central African Republic,1996,135.1,CAF
CAF_1997,Central African Republic,1997,142.72,CAF
CAF_1998,Central African Republic,1998,210.45,CAF
CAF_1999,Central African Republic,1999,187.89,CAF
CAF_2000,Central African Republic,2000,175.44,CAF
CAF_2001,Central African Republic,2001,172.97,CAF
CAF_2002,Central African Republic,2002,235.79,CAF
CAF_2003,Central African Republic,2003,335.8,CAF
CAF_2004,Central African Republic,2004,395.38,CAF
CAF_2005,Central African Republic,2005,434.54,CAF
CAF_2006,Central African Republic,2006,434.87,CAF
CAF_2007,Central African Republic,2007,357.55,CAF
CAF_2008,Central African Republic,2008,319.6,CAF
CAF_2009,Central African Republic,2009,873.24,CAF
CAF_2010,Central African Republic,2010,307.57,CAF
CAF_2011,Central African Republic,2011,241.81,CAF
CAF_2012,Central African Republic,2012,247.18,CAF
CAF_2013,Central African Republic,2013,262.2,CAF
CAF_2014,Central African Republic,2014,260.23,CAF
CAF_2015,Central African Republic,2015,274.08,CAF
CAF_2016,Central African Republic,2016,282.54,CAF
CAF_2017,Central African Republic,2017,280.75,CAF
CAF_2018,Central African Republic,2018,252.07,CAF
CAF_2019,Central African Republic,2019,256.95,CAF
CAF_2020,Central African Republic,2020,238.1,CAF
CAF_2021,Central African Republic,2021,220.79,CAF
CAF_2022,Central African Republic,2022,216.63,CAF
CAF_2023,Central African Republic,2023,230.0,CAF
CAF_2024,Central African Republic,2024,236.0,CAF
TCD_1960,Chad,1960,0.0,TCD
TCD_1961,Chad,1961,0.0,TCD
TCD_1962,Chad,1962,0.0,TCD
TCD_1963,Chad,1963,0.0,TCD
TCD_1964,Chad,1964,0.0,TCD
TCD_1965,Chad,1965,0.0,TCD
TCD_1966,Chad,1966,0.0,TCD
TCD_1967,Chad,1967,0.0,TCD
TCD_1968,Chad,1968,0.0,TCD
TCD_1969,Chad,1969,0.0,TCD
TCD_1970,Chad,1970,1.84,TCD
TCD_1971,Chad,1971,2.14,TCD
TCD_1972,Chad,1972,3.26,TCD
TCD_1973,Chad,1973,5.64,TCD
TCD_1974,Chad,1974,7.53,TCD
TCD_1975,Chad,1975,9.33,TCD
TCD_1976,Chad,1976,12.04,TCD
TCD_1977,Chad,1977,15.68,TCD
TCD_1978,Chad,1978,22.53,TCD
TCD_1979,Chad,1979,32.28,TCD
TCD_1980,Chad,1980,37.69,TCD
TCD_1981,Chad,1981,35.87,TCD
TCD_1982,Chad,1982,29.91,TCD
TCD_1983,Chad,1983,30.45,TCD
TCD_1984,Chad,1984,42.77,TCD
TCD_1985,Chad,1985,59.65,TCD
TCD_1986,Chad,1986,74.89,TCD
TCD_1987,Chad,1987,93.92,TCD
TCD_1988,Chad,1988,86.27,TCD
TCD_1989,Chad,1989,113.43,TCD
TCD_1990,Chad,1990,39.26,TCD
TCD_1991,Chad,1991,30.53,TCD
TCD_1992,Chad,1992,39.4,TCD
TCD_1993,Chad,1993,43.52,TCD
TCD_1994,Chad,1994,52.05,TCD
TCD_1995,Chad,1995,115.14,TCD
TCD_1996,Chad,1996,60.28,TCD
TCD_1997,Chad,1997,49.12,TCD
TCD_1998,Chad,1998,54.52,TCD
TCD_1999,Chad,1999,55.11,TCD
TCD_2000,Chad,2000,62.43,TCD
TCD_2001,Chad,2001,78.35,TCD
TCD_2002,Chad,2002,75.28,TCD
TCD_2003,Chad,2003,73.09,TCD
TCD_2004,Chad,2004,46.56,TCD
TCD_2005,Chad,2005,49.78,TCD
TCD_2006,Chad,2006,53.78,TCD
TCD_2007,Chad,2007,31.94,TCD
TCD_2008,Chad,2008,35.27,TCD
TCD_2009,Chad,2009,37.21,TCD
TCD_2010,Chad,2010,51.11,TCD
TCD_2011,Chad,2011,48.91,TCD
TCD_2012,Chad,2012,39.66,TCD
TCD_2013,Chad,2013,39.62,TCD
TCD_2014,Chad,2014,1519.98,TCD
TCD_2015,Chad,2015,2544.74,TCD
TCD_2016,Chad,2016,96.72,TCD
TCD_2017,Chad,2017,141.91,TCD
TCD_2018,Chad,2018,1560.4,TCD
TCD_2019,Chad,2019,154.4,TCD
TCD_2020,Chad,2020,146.4,TCD
TCD_2021,Chad,2021,1273.0,TCD
TCD_2022,Chad,2022,1436.0,TCD
TCD_2023,Chad,2023,889.0,TCD
TCD_2024,Chad,2024,52.0,TCD
CHL_1960,Chile,1960,0.0,CHL
CHL_1961,Chile,1961,17.8,CHL
CHL_1962,Chile,1962,0.0,CHL
CHL_1963,Chile,1963,15.0,CHL
CHL_1964,Chile,1964,109.0,CHL
CHL_1965,Chile,1965,90.0,CHL
CHL_1966,Chile,1966,66.0,CHL
CHL_1967,Chile,1967,0.0,CHL
CHL_1968,Chile,1968,0.0,CHL
CHL_1969,Chile,1969,0.0,CHL
CHL_1970,Chile,1970,0.0,CHL
CHL_1971,Chile,1971,53.5,CHL
CHL_1972,Chile,1972,562.6,CHL
CHL_1973,Chile,1973,399.0,CHL
CHL_1974,Chile,1974,560.3,CHL
CHL_1975,Chile,1975,281.0,CHL
CHL_1976,Chile,1976,0.0,CHL
CHL_1977,Chile,1977,0.0,CHL
CHL_1978,Chile,1978,0.0,CHL
CHL_1979,Chile,1979,0.0,CHL
CHL_1980,Chile,1980,0.0,CHL
CHL_1981,Chile,1981,0.0,CHL
CHL_1982,Chile,1982,0.0,CHL
CHL_1983,Chile,1983,2850.0,CHL
CHL_1984,Chile,1984,4317.0,CHL
CHL_1985,Chile,1985,8764.0,CHL
CHL_1986,Chile,1986,7602.0,CHL
CHL_1987,Chile,1987,7767.2,CHL
CHL_1988,Chile,1988,7303.0,CHL
CHL_1989,Chile,1989,7020.0,CHL
CHL_1990,Chile,1990,6494.0,CHL
CHL_1991,Chile,1991,0.0,CHL
CHL_1992,Chile,1992,0.0,CHL
CHL_1993,Chile,1993,0.0,CHL
CHL_1994,Chile,1994,0.0,CHL
CHL_1995,Chile,1995,0.0,CHL
CHL_1996,Chile,1996,0.0,CHL
CHL_1997,Chile,1997,0.0,CHL
CHL_1998,Chile,1998,0.0,CHL
CHL_1999,Chile,1999,0.0,CHL
CHL_2000,Chile,2000,0.0,CHL
CHL_2001,Chile,2001,0.0,CHL
CHL_2002,Chile,2002,0.0,CHL
CHL_2003,Chile,2003,0.0,CHL
CHL_2004,Chile,2004,0.0,CHL
CHL_2005,Chile,2005,0.0,CHL
CHL_2006,Chile,2006,0.0,CHL
CHL_2007,Chile,2007,0.0,CHL
CHL_2008,Chile,2008,0.0,CHL
CHL_2009,Chile,2009,0.0,CHL
CHL_2010,Chile,2010,0.0,CHL
CHL_2011,Chile,2011,0.0,CHL
CHL_2012,Chile,2012,0.0,CHL
CHL_2013,Chile,2013,0.0,CHL
CHL_2014,Chile,2014,0.0,CHL
CHL_2015,Chile,2015,0.0,CHL
CHL_2016,Chile,2016,0.0,CHL
CHL_2017,Chile,2017,0.0,CHL
CHL_2018,Chile,2018,0.0,CHL
CHL_2019,Chile,2019,0.0,CHL
CHL_2020,Chile,2020,0.0,CHL
CHL_2021,Chile,2021,0.0,CHL
CHL_2022,Chile,2022,0.0,CHL
CHL_2023,Chile,2023,0.0,CHL
CHL_2024,Chile,2024,0.0,CHL
CHN_1960,China,1960,476.0,CHN
CHN_1961,China,1961,500.0,CHN
CHN_1962,China,1962,525.0,CHN
CHN_1963,China,1963,551.0,CHN
CHN_1964,China,1964,578.0,CHN
CHN_1965,China,1965,607.0,CHN
CHN_1966,China,1966,638.0,CHN
CHN_1967,China,1967,574.0,CHN
CHN_1968,China,1968,603.0,CHN
CHN_1969,China,1969,633.0,CHN
CHN_1970,China,1970,664.0,CHN
CHN_1971,China,1971,741.0,CHN
CHN_1972,China,1972,739.0,CHN
CHN_1973,China,1973,747.0,CHN
CHN_1974,China,1974,781.0,CHN
CHN_1975,China,1975,714.0,CHN
CHN_1976,China,1976,675.0,CHN
CHN_1977,China,1977,795.0,CHN
CHN_1978,China,1978,911.0,CHN
CHN_1979,China,1979,957.0,CHN
CHN_1980,China,1980,1078.0,CHN
CHN_1981,China,1981,895.0,CHN
CHN_1982,China,1982,790.0,CHN
CHN_1983,China,1983,746.0,CHN
CHN_1984,China,1984,641.0,CHN
CHN_1985,China,1985,823.0,CHN
CHN_1986,China,1986,894.0,CHN
CHN_1987,China,1987,1197.0,CHN
CHN_1988,China,1988,0.0,CHN
CHN_1989,China,1989,0.0,CHN
CHN_1990,China,1990,0.0,CHN
CHN_1991,China,1991,0.0,CHN
CHN_1992,China,1992,0.0,CHN
CHN_1993,China,1993,0.0,CHN
CHN_1994,China,1994,0.0,CHN
CHN_1995,China,1995,0.02,CHN
CHN_1996,China,1996,0.0,CHN
CHN_1997,China,1997,0.0,CHN
CHN_1998,China,1998,0.0,CHN
CHN_1999,China,1999,0.0,CHN
CHN_2000,China,2000,0.0,CHN
CHN_2001,China,2001,0.0,CHN
CHN_2002,China,2002,0.0,CHN
CHN_2003,China,2003,0.0,CHN
CHN_2004,China,2004,0.0,CHN
CHN_2005,China,2005,0.0,CHN
CHN_2006,China,2006,0.0,CHN
CHN_2007,China,2007,0.0,CHN
CHN_2008,China,2008,0.0,CHN
CHN_2009,China,2009,0.0,CHN
CHN_2010,China,2010,2339.07,CHN
CHN_2011,China,2011,0.0,CHN
CHN_2012,China,2012,0.0,CHN
CHN_2013,China,2013,0.0,CHN
CHN_2014,China,2014,0.0,CHN
CHN_2015,China,2015,0.0,CHN
CHN_2016,China,2016,0.0,CHN
CHN_2017,China,2017,0.42,CHN
CHN_2018,China,2018,0.42,CHN
CHN_2019,China,2019,0.42,CHN
CHN_2020,China,2020,0.43,CHN
CHN_2021,China,2021,0.42,CHN
CHN_2022,China,2022,0.41,CHN
CHN_2023,China,2023,0.42,CHN
CHN_2024,China,2024,0.42,CHN
COL_1960,Colombia,1960,0.0,COL
COL_1961,Colombia,1961,0.0,COL
COL_1962,Colombia,1962,0.0,COL
COL_1963,Colombia,1963,0.0,COL
COL_1964,Colombia,1964,0.0,COL
COL_1965,Colombia,1965,0.0,COL
COL_1966,Colombia,1966,0.0,COL
COL_1967,Colombia,1967,0.0,COL
COL_1968,Colombia,1968,0.0,COL
COL_1969,Colombia,1969,0.0,COL
COL_1970,Colombia,1970,0.0,COL
COL_1971,Colombia,1971,0.0,COL
COL_1972,Colombia,1972,0.0,COL
COL_1973,Colombia,1973,0.0,COL
COL_1974,Colombia,1974,0.0,COL
COL_1975,Colombia,1975,0.0,COL
COL_1976,Colombia,1976,0.0,COL
COL_1977,Colombia,1977,0.0,COL
COL_1978,Colombia,1978,0.0,COL
COL_1979,Colombia,1979,0.0,COL
COL_1980,Colombia,1980,0.18,COL
COL_1981,Colombia,1981,0.18,COL
COL_1982,Colombia,1982,1.31,COL
COL_1983,Colombia,1983,4.67,COL
COL_1984,Colombia,1984,8.78,COL
COL_1985,Colombia,1985,15.83,COL
COL_1986,Colombia,1986,2.63,COL
COL_1987,Colombia,1987,8.77,COL
COL_1988,Colombia,1988,437.54,COL
COL_1989,Colombia,1989,338.0,COL
COL_1990,Colombia,1990,439.7,COL
COL_1991,Colombia,1991,273.2,COL
COL_1992,Colombia,1992,180.76,COL
COL_1993,Colombia,1993,550.36,COL
COL_1994,Colombia,1994,189.39,COL
COL_1995,Colombia,1995,179.06,COL
COL_1996,Colombia,1996,10.01,COL
COL_1997,Colombia,1997,8.79,COL
COL_1998,Colombia,1998,9.35,COL
COL_1999,Colombia,1999,8.0,COL
COL_2000,Colombia,2000,7.53,COL
COL_2001,Colombia,2001,6.6,COL
COL_2002,Colombia,2002,0.19,COL
COL_2003,Colombia,2003,0.22,COL
COL_2004,Colombia,2004,0.0,COL
COL_2005,Colombia,2005,0.0,COL
COL_2006,Colombia,2006,0.0,COL
COL_2007,Colombia,2007,0.0,COL
COL_2008,Colombia,2008,0.0,COL
COL_2009,Colombia,2009,0.0,COL
COL_2010,Colombia,2010,0.0,COL
COL_2011,Colombia,2011,0.0,COL
COL_2012,Colombia,2012,0.0,COL
COL_2013,Colombia,2013,0.0,COL
COL_2014,Colombia,2014,0.0,COL
COL_2015,Colombia,2015,0.0,COL
COL_2016,Colombia,2016,0.0,COL
COL_2017,Colombia,2017,2796.31,COL
COL_2018,Colombia,2018,0.0,COL
COL_2019,Colombia,2019,0.0,COL
COL_2020,Colombia,2020,0.0,COL
COL_2021,Colombia,2021,0.0,COL
COL_2022,Colombia,2022,0.0,COL
COL_2023,Colombia,2023,0.0,COL
COL_2024,Colombia,2024,0.0,COL
COM_1960,Comoros,1960,,COM
COM_1961,Comoros,1961,,COM
COM_1962,Comoros,1962,,COM
COM_1963,Comoros,1963,,COM
COM_1964,Comoros,1964,,COM
COM_1965,Comoros,1965,,COM
COM_1966,Comoros,1966,,COM
COM_1967,Comoros,1967,,COM
COM_1968,Comoros,1968,,COM
COM_1969,Comoros,1969,,COM
COM_1970,Comoros,1970,,COM
COM_1971,Comoros,1971,,COM
COM_1972,Comoros,1972,,COM
COM_1973,Comoros,1973,,COM
COM_1974,Comoros,1974,,COM
COM_1975,Comoros,1975,0.0,COM
COM_1976,Comoros,1976,0.04,COM
COM_1977,Comoros,1977,0.39,COM
COM_1978,Comoros,1978,1.48,COM
COM_1979,Comoros,1979,2.55,COM
COM_1980,Comoros,1980,0.0,COM
COM_1981,Comoros,1981,0.05,COM
COM_1982,Comoros,1982,0.29,COM
COM_1983,Comoros,1983,0.41,COM
COM_1984,Comoros,1984,1.87,COM
COM_1985,Comoros,1985,2.29,COM
COM_1986,Comoros,1986,7.12,COM
COM_1987,Comoros,1987,14.51,COM
COM_1988,Comoros,1988,22.33,COM
COM_1989,Comoros,1989,55.14,COM
COM_1990,Comoros,1990,37.75,COM
COM_1991,Comoros,1991,34.07,COM
COM_1992,Comoros,1992,30.0,COM
COM_1993,Comoros,1993,26.0,COM
COM_1994,Comoros,1994,28.0,COM
COM_1995,Comoros,1995,36.0,COM
COM_1996,Comoros,1996,43.0,COM
COM_1997,Comoros,1997,45.0,COM
COM_1998,Comoros,1998,51.0,COM
COM_1999,Comoros,1999,57.0,COM
COM_2000,Comoros,2000,56.0,COM
COM_2001,Comoros,2001,81.0,COM
COM_2002,Comoros,2002,89.15,COM
COM_2003,Comoros,2003,92.3,COM
COM_2004,Comoros,2004,107.31,COM
COM_2005,Comoros,2005,103.08,COM
COM_2006,Comoros,2006,108.77,COM
COM_2007,Comoros,2007,111.18,COM
COM_2008,Comoros,2008,28.17,COM
COM_2009,Comoros,2009,38.91,COM
COM_2010,Comoros,2010,64.51,COM
COM_2011,Comoros,2011,23.33,COM
COM_2012,Comoros,2012,51.43,COM
COM_2013,Comoros,2013,156.84,COM
COM_2014,Comoros,2014,5.26,COM
COM_2015,Comoros,2015,6.18,COM
COM_2016,Comoros,2016,7.34,COM
COM_2017,Comoros,2017,8.16,COM
COM_2018,Comoros,2018,9.42,COM
COM_2019,Comoros,2019,10.89,COM
COM_2020,Comoros,2020,12.45,COM
COM_2021,Comoros,2021,15.4,COM
COM_2022,Comoros,2022,11.56,COM
COM_2023,Comoros,2023,8.0,COM
COM_2024,Comoros,2024,15.0,COM
CRI_1960,Costa Rica,1960,0.0,CRI
CRI_1961,Costa Rica,1961,0.0,CRI
CRI_1962,Costa Rica,1962,3.0,CRI
CRI_1963,Costa Rica,1963,0.0,CRI
CRI_1964,Costa Rica,1964,0.0,CRI
CRI_1965,Costa Rica,1965,3.0,CRI
CRI_1966,Costa Rica,1966,0.0,CRI
CRI_1967,Costa Rica,1967,0.0,CRI
CRI_1968,Costa Rica,1968,0.0,CRI
CRI_1969,Costa Rica,1969,0.0,CRI
CRI_1970,Costa Rica,1970,0.0,CRI
CRI_1971,Costa Rica,1971,0.01,CRI
CRI_1972,Costa Rica,1972,0.0,CRI
CRI_1973,Costa Rica,1973,0.21,CRI
CRI_1974,Costa Rica,1974,0.0,CRI
CRI_1975,Costa Rica,1975,0.0,CRI
CRI_1976,Costa Rica,1976,0.0,CRI
CRI_1977,Costa Rica,1977,0.62,CRI
CRI_1978,Costa Rica,1978,0.91,CRI
CRI_1979,Costa Rica,1979,0.02,CRI
CRI_1980,Costa Rica,1980,2.42,CRI
CRI_1981,Costa Rica,1981,285.89,CRI
CRI_1982,Costa Rica,1982,923.16,CRI
CRI_1983,Costa Rica,1983,713.0,CRI
CRI_1984,Costa Rica,1984,308.85,CRI
CRI_1985,Costa Rica,1985,645.0,CRI
CRI_1986,Costa Rica,1986,1786.78,CRI
CRI_1987,Costa Rica,1987,2236.14,CRI
CRI_1988,Costa Rica,1988,2527.82,CRI
CRI_1989,Costa Rica,1989,1752.0,CRI
CRI_1990,Costa Rica,1990,1882.52,CRI
CRI_1991,Costa Rica,1991,260.23,CRI
CRI_1992,Costa Rica,1992,60.13,CRI
CRI_1993,Costa Rica,1993,93.63,CRI
CRI_1994,Costa Rica,1994,109.89,CRI
CRI_1995,Costa Rica,1995,61.41,CRI
CRI_1996,Costa Rica,1996,6.6,CRI
CRI_1997,Costa Rica,1997,5.0,CRI
CRI_1998,Costa Rica,1998,3.44,CRI
CRI_1999,Costa Rica,1999,3.12,CRI
CRI_2000,Costa Rica,2000,3.12,CRI
CRI_2001,Costa Rica,2001,3.1,CRI
CRI_2002,Costa Rica,2002,0.22,CRI
CRI_2003,Costa Rica,2003,0.32,CRI
CRI_2004,Costa Rica,2004,0.17,CRI
CRI_2005,Costa Rica,2005,0.0,CRI
CRI_2006,Costa Rica,2006,2.02,CRI
CRI_2007,Costa Rica,2007,0.1,CRI
CRI_2008,Costa Rica,2008,0.31,CRI
CRI_2009,Costa Rica,2009,0.31,CRI
CRI_2010,Costa Rica,2010,0.34,CRI
CRI_2011,Costa Rica,2011,0.34,CRI
CRI_2012,Costa Rica,2012,0.34,CRI
CRI_2013,Costa Rica,2013,0.34,CRI
CRI_2014,Costa Rica,2014,0.32,CRI
CRI_2015,Costa Rica,2015,0.0,CRI
CRI_2016,Costa Rica,2016,0.0,CRI
CRI_2017,Costa Rica,2017,0.0,CRI
CRI_2018,Costa Rica,2018,0.0,CRI
CRI_2019,Costa Rica,2019,0.0,CRI
CRI_2020,Costa Rica,2020,0.0,CRI
CRI_2021,Costa Rica,2021,0.0,CRI
CRI_2022,Costa Rica,2022,0.0,CRI
CRI_2023,Costa Rica,2023,0.0,CRI
CRI_2024,Costa Rica,2024,0.0,CRI
CIV_1960,Côte d’Ivoire,1960,0.0,CIV
CIV_1961,Côte d’Ivoire,1961,0.0,CIV
CIV_1962,Côte d’Ivoire,1962,0.0,CIV
CIV_1963,Côte d’Ivoire,1963,0.0,CIV
CIV_1964,Côte d’Ivoire,1964,0.0,CIV
CIV_1965,Côte d’Ivoire,1965,0.0,CIV
CIV_1966,Côte d’Ivoire,1966,0.0,CIV
CIV_1967,Côte d’Ivoire,1967,0.0,CIV
CIV_1968,Côte d’Ivoire,1968,0.0,CIV
CIV_1969,Côte d’Ivoire,1969,0.0,CIV
CIV_1970,Côte d’Ivoire,1970,0.0,CIV
CIV_1971,Côte d’Ivoire,1971,0.0,CIV
CIV_1972,Côte d’Ivoire,1972,0.0,CIV
CIV_1973,Côte d’Ivoire,1973,0.0,CIV
CIV_1974,Côte d’Ivoire,1974,0.12,CIV
CIV_1975,Côte d’Ivoire,1975,0.18,CIV
CIV_1976,Côte d’Ivoire,1976,0.16,CIV
CIV_1977,Côte d’Ivoire,1977,0.0,CIV
CIV_1978,Côte d’Ivoire,1978,0.04,CIV
CIV_1979,Côte d’Ivoire,1979,0.09,CIV
CIV_1980,Côte d’Ivoire,1980,0.51,CIV
CIV_1981,Côte d’Ivoire,1981,8.18,CIV
CIV_1982,Côte d’Ivoire,1982,4.11,CIV
CIV_1983,Côte d’Ivoire,1983,162.07,CIV
CIV_1984,Côte d’Ivoire,1984,906.58,CIV
CIV_1985,Côte d’Ivoire,1985,436.0,CIV
CIV_1986,Côte d’Ivoire,1986,1071.0,CIV
CIV_1987,Côte d’Ivoire,1987,4448.64,CIV
CIV_1988,Côte d’Ivoire,1988,4282.26,CIV
CIV_1989,Côte d’Ivoire,1989,5511.6,CIV
CIV_1990,Côte d’Ivoire,1990,5861.46,CIV
CIV_1991,Côte d’Ivoire,1991,6233.65,CIV
CIV_1992,Côte d’Ivoire,1992,6662.45,CIV
CIV_1993,Côte d’Ivoire,1993,7779.66,CIV
CIV_1994,Côte d’Ivoire,1994,8965.75,CIV
CIV_1995,Côte d’Ivoire,1995,7457.53,CIV
CIV_1996,Côte d’Ivoire,1996,7469.43,CIV
CIV_1997,Côte d’Ivoire,1997,9098.92,CIV
CIV_1998,Côte d’Ivoire,1998,7619.94,CIV
CIV_1999,Côte d’Ivoire,1999,188.29,CIV
CIV_2000,Côte d’Ivoire,2000,3125.52,CIV
CIV_2001,Côte d’Ivoire,2001,3859.15,CIV
CIV_2002,Côte d’Ivoire,2002,4747.2,CIV
CIV_2003,Côte d’Ivoire,2003,3717.89,CIV
CIV_2004,Côte d’Ivoire,2004,4620.29,CIV
CIV_2005,Côte d’Ivoire,2005,5193.49,CIV
CIV_2006,Côte d’Ivoire,2006,6126.61,CIV
CIV_2007,Côte d’Ivoire,2007,7274.57,CIV
CIV_2008,Côte d’Ivoire,2008,6895.13,CIV
CIV_2009,Côte d’Ivoire,2009,8296.47,CIV
CIV_2010,Côte d’Ivoire,2010,3991.73,CIV
CIV_2011,Côte d’Ivoire,2011,4682.54,CIV
CIV_2012,Côte d’Ivoire,2012,8924.73,CIV
CIV_2013,Côte d’Ivoire,2013,927.07,CIV
CIV_2014,Côte d’Ivoire,2014,490.26,CIV
CIV_2015,Côte d’Ivoire,2015,684.76,CIV
CIV_2016,Côte d’Ivoire,2016,223.97,CIV
CIV_2017,Côte d’Ivoire,2017,24.73,CIV
CIV_2018,Côte d’Ivoire,2018,46.99,CIV
CIV_2019,Côte d’Ivoire,2019,36.66,CIV
CIV_2020,Côte d’Ivoire,2020,133.61,CIV
CIV_2021,Côte d’Ivoire,2021,13.11,CIV
CIV_2022,Côte d’Ivoire,2022,5.83,CIV
CIV_2023,Côte d’Ivoire,2023,2.0,CIV
CIV_2024,Côte d’Ivoire,2024,0.0,CIV
HRV_1960,Croatia,1960,,HRV
HRV_1961,Croatia,1961,,HRV
HRV_1962,Croatia,1962,,HRV
HRV_1963,Croatia,1963,,HRV
HRV_1964,Croatia,1964,,HRV
HRV_1965,Croatia,1965,,HRV
HRV_1966,Croatia,1966,,HRV
HRV_1967,Croatia,1967,,HRV
HRV_1968,Croatia,1968,,HRV
HRV_1969,Croatia,1969,,HRV
HRV_1970,Croatia,1970,,HRV
HRV_1971,Croatia,1971,,HRV
HRV_1972,Croatia,1972,,HRV
HRV_1973,Croatia,1973,,HRV
HRV_1974,Croatia,1974,,HRV
HRV_1975,Croatia,1975,,HRV
HRV_1976,Croatia,1976,,HRV
HRV_1977,Croatia,1977,,HRV
HRV_1978,Croatia,1978,,HRV
HRV_1979,Croatia,1979,,HRV
HRV_1980,Croatia,1980,,HRV
HRV_1981,Croatia,1981,,HRV
HRV_1982,Croatia,1982,,HRV
HRV_1983,Croatia,1983,,HRV
HRV_1984,Croatia,1984,,HRV
HRV_1985,Croatia,1985,,HRV
HRV_1986,Croatia,1986,,HRV
HRV_1987,Croatia,1987,,HRV
HRV_1988,Croatia,1988,,HRV
HRV_1989,Croatia,1989,,HRV
HRV_1990,Croatia,1990,,HRV
HRV_1991,Croatia,1991,,HRV
HRV_1992,Croatia,1992,1098.0,HRV
HRV_1993,Croatia,1993,1268.0,HRV
HRV_1994,Croatia,1994,1453.0,HRV
HRV_1995,Croatia,1995,2620.0,HRV
HRV_1996,Croatia,1996,2110.0,HRV
HRV_1997,Croatia,1997,0.0,HRV
HRV_1998,Croatia,1998,0.0,HRV
HRV_1999,Croatia,1999,0.0,HRV
HRV_2000,Croatia,2000,0.0,HRV
HRV_2001,Croatia,2001,0.0,HRV
HRV_2002,Croatia,2002,0.0,HRV
HRV_2003,Croatia,2003,0.0,HRV
HRV_2004,Croatia,2004,0.0,HRV
HRV_2005,Croatia,2005,0.0,HRV
HRV_2006,Croatia,2006,0.0,HRV
HRV_2007,Croatia,2007,0.0,HRV
HRV_2008,Croatia,2008,0.0,HRV
HRV_2009,Croatia,2009,0.0,HRV
HRV_2010,Croatia,2010,0.0,HRV
HRV_2011,Croatia,2011,0.0,HRV
HRV_2012,Croatia,2012,0.0,HRV
HRV_2013,Croatia,2013,0.0,HRV
HRV_2014,Croatia,2014,0.0,HRV
HRV_2015,Croatia,2015,0.0,HRV
HRV_2016,Croatia,2016,0.0,HRV
HRV_2017,Croatia,2017,0.0,HRV
HRV_2018,Croatia,2018,0.0,HRV
HRV_2019,Croatia,2019,0.0,HRV
HRV_2020,Croatia,2020,0.0,HRV
HRV_2021,Croatia,2021,0.0,HRV
HRV_2022,Croatia,2022,0.0,HRV
HRV_2023,Croatia,2023,0.0,HRV
HRV_2024,Croatia,2024,0.0,HRV
CUB_1960,Cuba,1960,69.0,CUB
CUB_1961,Cuba,1961,288.0,CUB
CUB_1962,Cuba,1962,25.0,CUB
CUB_1963,Cuba,1963,25.0,CUB
CUB_1964,Cuba,1964,25.0,CUB
CUB_1965,Cuba,1965,0.0,CUB
CUB_1966,Cuba,1966,0.0,CUB
CUB_1967,Cuba,1967,0.0,CUB
CUB_1968,Cuba,1968,0.0,CUB
CUB_1969,Cuba,1969,0.0,CUB
CUB_1970,Cuba,1970,0.0,CUB
CUB_1971,Cuba,1971,0.0,CUB
CUB_1972,Cuba,1972,0.0,CUB
CUB_1973,Cuba,1973,0.0,CUB
CUB_1974,Cuba,1974,0.0,CUB
CUB_1975,Cuba,1975,0.0,CUB
CUB_1976,Cuba,1976,0.0,CUB
CUB_1977,Cuba,1977,0.0,CUB
CUB_1978,Cuba,1978,0.0,CUB
CUB_1979,Cuba,1979,0.0,CUB
CUB_1980,Cuba,1980,0.0,CUB
CUB_1981,Cuba,1981,0.0,CUB
CUB_1982,Cuba,1982,800.0,CUB
CUB_1983,Cuba,1983,917.27,CUB
CUB_1984,Cuba,1984,678.81,CUB
CUB_1985,Cuba,1985,807.59,CUB
CUB_1986,Cuba,1986,9420.37,CUB
CUB_1987,Cuba,1987,9774.72,CUB
CUB_1988,Cuba,1988,9895.55,CUB
CUB_1989,Cuba,1989,10915.23,CUB
CUB_1990,Cuba,1990,10365.87,CUB
CUB_1991,Cuba,1991,10543.57,CUB
CUB_1992,Cuba,1992,10783.47,CUB
CUB_1993,Cuba,1993,11063.37,CUB
CUB_1994,Cuba,1994,11531.28,CUB
CUB_1995,Cuba,1995,13225.63,CUB
CUB_1996,Cuba,1996,11840.51,CUB
CUB_1997,Cuba,1997,11748.24,CUB
CUB_1998,Cuba,1998,11859.07,CUB
CUB_1999,Cuba,1999,12134.34,CUB
CUB_2000,Cuba,2000,12293.38,CUB
CUB_2001,Cuba,2001,12182.65,CUB
CUB_2002,Cuba,2002,12599.47,CUB
CUB_2003,Cuba,2003,14220.45,CUB
CUB_2004,Cuba,2004,16723.49,CUB
CUB_2005,Cuba,2005,14550.76,CUB
CUB_2006,Cuba,2006,14822.37,CUB
CUB_2007,Cuba,2007,15233.99,CUB
CUB_2008,Cuba,2008,16168.09,CUB
CUB_2009,Cuba,2009,16370.87,CUB
CUB_2010,Cuba,2010,23102.68,CUB
CUB_2011,Cuba,2011,23174.54,CUB
CUB_2012,Cuba,2012,19177.79,CUB
CUB_2013,Cuba,2013,14788.59,CUB
CUB_2014,Cuba,2014,49247.21,CUB
CUB_2015,Cuba,2015,14003.66,CUB
CUB_2016,Cuba,2016,19551.09,CUB
CUB_2017,Cuba,2017,8903.99,CUB
CUB_2018,Cuba,2018,8483.55,CUB
CUB_2019,Cuba,2019,8109.01,CUB
CUB_2020,Cuba,2020,8209.7,CUB
CUB_2021,Cuba,2021,10527.23,CUB
CUB_2022,Cuba,2022,13404.39,CUB
CUB_2023,Cuba,2023,12550.02,CUB
CUB_2024,Cuba,2024,14457.0,CUB
CUW_1960,Curaçao,1960,,CUW
CUW_1961,Curaçao,1961,,CUW
CUW_1962,Curaçao,1962,,CUW
CUW_1963,Curaçao,1963,,CUW
CUW_1964,Curaçao,1964,,CUW
CUW_1965,Curaçao,1965,,CUW
CUW_1966,Curaçao,1966,,CUW
CUW_1967,Curaçao,1967,,CUW
CUW_1968,Curaçao,1968,,CUW
CUW_1969,Curaçao,1969,,CUW
CUW_1970,Curaçao,1970,,CUW
CUW_1971,Curaçao,1971,,CUW
CUW_1972,Curaçao,1972,,CUW
CUW_1973,Curaçao,1973,,CUW
CUW_1974,Curaçao,1974,,CUW
CUW_1975,Curaçao,1975,,CUW
CUW_1976,Curaçao,1976,,CUW
CUW_1977,Curaçao,1977,,CUW
CUW_1978,Curaçao,1978,,CUW
CUW_1979,Curaçao,1979,,CUW
CUW_1980,Curaçao,1980,,CUW
CUW_1981,Curaçao,1981,,CUW
CUW_1982,Curaçao,1982,,CUW
CUW_1983,Curaçao,1983,,CUW
CUW_1984,Curaçao,1984,,CUW
CUW_1985,Curaçao,1985,,CUW
CUW_1986,Curaçao,1986,,CUW
CUW_1987,Curaçao,1987,,CUW
CUW_1988,Curaçao,1988,,CUW
CUW_1989,Curaçao,1989,,CUW
CUW_1990,Curaçao,1990,,CUW
CUW_1991,Curaçao,1991,,CUW
CUW_1992,Curaçao,1992,,CUW
CUW_1993,Curaçao,1993,0.0,CUW
CUW_1994,Curaçao,1994,0.0,CUW
CUW_1995,Curaçao,1995,0.0,CUW
CUW_1996,Curaçao,1996,0.0,CUW
CUW_1997,Curaçao,1997,0.0,CUW
CUW_1998,Curaçao,1998,0.0,CUW
CUW_1999,Curaçao,1999,0.0,CUW
CUW_2000,Curaçao,2000,0.0,CUW
CUW_2001,Curaçao,2001,0.0,CUW
CUW_2002,Curaçao,2002,0.0,CUW
CUW_2003,Curaçao,2003,0.0,CUW
CUW_2004,Curaçao,2004,0.0,CUW
CUW_2005,Curaçao,2005,0.0,CUW
CUW_2006,Curaçao,2006,0.0,CUW
CUW_2007,Curaçao,2007,0.0,CUW
CUW_2008,Curaçao,2008,0.0,CUW
CUW_2009,Curaçao,2009,0.0,CUW
CUW_2010,Curaçao,2010,1242.5,CUW
CUW_2011,Curaçao,2011,0.0,CUW
CUW_2012,Curaçao,2012,0.0,CUW
CUW_2013,Curaçao,2013,0.0,CUW
CUW_2014,Curaçao,2014,0.0,CUW
CUW_2015,Curaçao,2015,0.0,CUW
CUW_2016,Curaçao,2016,0.0,CUW
CUW_2017,Curaçao,2017,0.0,CUW
CUW_2018,Curaçao,2018,0.0,CUW
CUW_2019,Curaçao,2019,0.0,CUW
CUW_2020,Curaçao,2020,0.0,CUW
CUW_2021,Curaçao,2021,0.0,CUW
CUW_2022,Curaçao,2022,508.94,CUW
CUW_2023,Curaçao,2023,0.0,CUW
CUW_2024,Curaçao,2024,0.0,CUW
CYP_1960,Cyprus,1960,0.0,CYP
CYP_1961,Cyprus,1961,0.0,CYP
CYP_1962,Cyprus,1962,0.0,CYP
CYP_1963,Cyprus,1963,0.0,CYP
CYP_1964,Cyprus,1964,0.0,CYP
CYP_1965,Cyprus,1965,0.0,CYP
CYP_1966,Cyprus,1966,0.0,CYP
CYP_1967,Cyprus,1967,0.0,CYP
CYP_1968,Cyprus,1968,0.0,CYP
CYP_1969,Cyprus,1969,0.0,CYP
CYP_1970,Cyprus,1970,0.0,CYP
CYP_1971,Cyprus,1971,0.0,CYP
CYP_1972,Cyprus,1972,0.0,CYP
CYP_1973,Cyprus,1973,0.0,CYP
CYP_1974,Cyprus,1974,0.0,CYP
CYP_1975,Cyprus,1975,0.0,CYP
CYP_1976,Cyprus,1976,0.0,CYP
CYP_1977,Cyprus,1977,0.0,CYP
CYP_1978,Cyprus,1978,0.0,CYP
CYP_1979,Cyprus,1979,0.0,CYP
CYP_1980,Cyprus,1980,0.0,CYP
CYP_1981,Cyprus,1981,0.0,CYP
CYP_1982,Cyprus,1982,0.0,CYP
CYP_1983,Cyprus,1983,0.0,CYP
CYP_1984,Cyprus,1984,0.0,CYP
CYP_1985,Cyprus,1985,0.0,CYP
CYP_1986,Cyprus,1986,0.0,CYP
CYP_1987,Cyprus,1987,0.0,CYP
CYP_1988,Cyprus,1988,0.0,CYP
CYP_1989,Cyprus,1989,0.0,CYP
CYP_1990,Cyprus,1990,0.0,CYP
CYP_1991,Cyprus,1991,0.0,CYP
CYP_1992,Cyprus,1992,0.0,CYP
CYP_1993,Cyprus,1993,0.0,CYP
CYP_1994,Cyprus,1994,0.0,CYP
CYP_1995,Cyprus,1995,0.0,CYP
CYP_1996,Cyprus,1996,0.0,CYP
CYP_1997,Cyprus,1997,0.0,CYP
CYP_1998,Cyprus,1998,0.0,CYP
CYP_1999,Cyprus,1999,0.0,CYP
CYP_2000,Cyprus,2000,0.0,CYP
CYP_2001,Cyprus,2001,0.0,CYP
CYP_2002,Cyprus,2002,0.0,CYP
CYP_2003,Cyprus,2003,0.0,CYP
CYP_2004,Cyprus,2004,0.0,CYP
CYP_2005,Cyprus,2005,0.0,CYP
CYP_2006,Cyprus,2006,0.0,CYP
CYP_2007,Cyprus,2007,0.0,CYP
CYP_2008,Cyprus,2008,0.0,CYP
CYP_2009,Cyprus,2009,0.0,CYP
CYP_2010,Cyprus,2010,0.0,CYP
CYP_2011,Cyprus,2011,0.0,CYP
CYP_2012,Cyprus,2012,0.0,CYP
CYP_2013,Cyprus,2013,1698.24,CYP
CYP_2014,Cyprus,2014,0.0,CYP
CYP_2015,Cyprus,2015,0.0,CYP
CYP_2016,Cyprus,2016,0.0,CYP
CYP_2017,Cyprus,2017,0.0,CYP
CYP_2018,Cyprus,2018,0.0,CYP
CYP_2019,Cyprus,2019,0.0,CYP
CYP_2020,Cyprus,2020,0.0,CYP
CYP_2021,Cyprus,2021,0.0,CYP
CYP_2022,Cyprus,2022,0.0,CYP
CYP_2023,Cyprus,2023,0.0,CYP
CYP_2024,Cyprus,2024,0.0,CYP
COD_1960,Dem. Rep. of Congo (Kinshasa),1960,336.0,COD
COD_1961,Dem. Rep. of Congo (Kinshasa),1961,368.81,COD
COD_1962,Dem. Rep. of Congo (Kinshasa),1962,388.6,COD
COD_1963,Dem. Rep. of Congo (Kinshasa),1963,407.38,COD
COD_1964,Dem. Rep. of Congo (Kinshasa),1964,428.17,COD
COD_1965,Dem. Rep. of Congo (Kinshasa),1965,449.96,COD
COD_1966,Dem. Rep. of Congo (Kinshasa),1966,0.0,COD
COD_1967,Dem. Rep. of Congo (Kinshasa),1967,0.0,COD
COD_1968,Dem. Rep. of Congo (Kinshasa),1968,0.0,COD
COD_1969,Dem. Rep. of Congo (Kinshasa),1969,0.0,COD
COD_1970,Dem. Rep. of Congo (Kinshasa),1970,0.0,COD
COD_1971,Dem. Rep. of Congo (Kinshasa),1971,0.0,COD
COD_1972,Dem. Rep. of Congo (Kinshasa),1972,0.0,COD
COD_1973,Dem. Rep. of Congo (Kinshasa),1973,0.29,COD
COD_1974,Dem. Rep. of Congo (Kinshasa),1974,6.7,COD
COD_1975,Dem. Rep. of Congo (Kinshasa),1975,94.32,COD
COD_1976,Dem. Rep. of Congo (Kinshasa),1976,413.0,COD
COD_1977,Dem. Rep. of Congo (Kinshasa),1977,554.6,COD
COD_1978,Dem. Rep. of Congo (Kinshasa),1978,1702.6,COD
COD_1979,Dem. Rep. of Congo (Kinshasa),1979,2241.5,COD
COD_1980,Dem. Rep. of Congo (Kinshasa),1980,1039.0,COD
COD_1981,Dem. Rep. of Congo (Kinshasa),1981,657.1,COD
COD_1982,Dem. Rep. of Congo (Kinshasa),1982,667.99,COD
COD_1983,Dem. Rep. of Congo (Kinshasa),1983,1669.4,COD
COD_1984,Dem. Rep. of Congo (Kinshasa),1984,269.73,COD
COD_1985,Dem. Rep. of Congo (Kinshasa),1985,551.9,COD
COD_1986,Dem. Rep. of Congo (Kinshasa),1986,683.9,COD
COD_1987,Dem. Rep. of Congo (Kinshasa),1987,1341.5,COD
COD_1988,Dem. Rep. of Congo (Kinshasa),1988,2075.47,COD
COD_1989,Dem. Rep. of Congo (Kinshasa),1989,2961.11,COD
COD_1990,Dem. Rep. of Congo (Kinshasa),1990,1736.99,COD
COD_1991,Dem. Rep. of Congo (Kinshasa),1991,2469.45,COD
COD_1992,Dem. Rep. of Congo (Kinshasa),1992,4008.96,COD
COD_1993,Dem. Rep. of Congo (Kinshasa),1993,5181.24,COD
COD_1994,Dem. Rep. of Congo (Kinshasa),1994,6492.07,COD
COD_1995,Dem. Rep. of Congo (Kinshasa),1995,8132.36,COD
COD_1996,Dem. Rep. of Congo (Kinshasa),1996,8281.83,COD
COD_1997,Dem. Rep. of Congo (Kinshasa),1997,8655.7,COD
COD_1998,Dem. Rep. of Congo (Kinshasa),1998,9465.13,COD
COD_1999,Dem. Rep. of Congo (Kinshasa),1999,9038.83,COD
COD_2000,Dem. Rep. of Congo (Kinshasa),2000,8898.76,COD
COD_2001,Dem. Rep. of Congo (Kinshasa),2001,9394.36,COD
COD_2002,Dem. Rep. of Congo (Kinshasa),2002,10919.69,COD
COD_2003,Dem. Rep. of Congo (Kinshasa),2003,1917.99,COD
COD_2004,Dem. Rep. of Congo (Kinshasa),2004,1953.16,COD
COD_2005,Dem. Rep. of Congo (Kinshasa),2005,2054.34,COD
COD_2006,Dem. Rep. of Congo (Kinshasa),2006,1649.91,COD
COD_2007,Dem. Rep. of Congo (Kinshasa),2007,1963.82,COD
COD_2008,Dem. Rep. of Congo (Kinshasa),2008,2264.92,COD
COD_2009,Dem. Rep. of Congo (Kinshasa),2009,2728.52,COD
COD_2010,Dem. Rep. of Congo (Kinshasa),2010,8816.66,COD
COD_2011,Dem. Rep. of Congo (Kinshasa),2011,407.1,COD
COD_2012,Dem. Rep. of Congo (Kinshasa),2012,183.52,COD
COD_2013,Dem. Rep. of Congo (Kinshasa),2013,186.98,COD
COD_2014,Dem. Rep. of Congo (Kinshasa),2014,161.11,COD
COD_2015,Dem. Rep. of Congo (Kinshasa),2015,154.56,COD
COD_2016,Dem. Rep. of Congo (Kinshasa),2016,216.57,COD
COD_2017,Dem. Rep. of Congo (Kinshasa),2017,744.19,COD
COD_2018,Dem. Rep. of Congo (Kinshasa),2018,838.75,COD
COD_2019,Dem. Rep. of Congo (Kinshasa),2019,1461.91,COD
COD_2020,Dem. Rep. of Congo (Kinshasa),2020,1401.41,COD
COD_2021,Dem. Rep. of Congo (Kinshasa),2021,1924.25,COD
COD_2022,Dem. Rep. of Congo (Kinshasa),2022,2896.0,COD
COD_2023,Dem. Rep. of Congo (Kinshasa),2023,461.0,COD
COD_2024,Dem. Rep. of Congo (Kinshasa),2024,953.0,COD
DJI_1960,Djibouti,1960,,DJI
DJI_1961,Djibouti,1961,,DJI
DJI_1962,Djibouti,1962,,DJI
DJI_1963,Djibouti,1963,,DJI
DJI_1964,Djibouti,1964,,DJI
DJI_1965,Djibouti,1965,,DJI
DJI_1966,Djibouti,1966,,DJI
DJI_1967,Djibouti,1967,,DJI
DJI_1968,Djibouti,1968,,DJI
DJI_1969,Djibouti,1969,,DJI
DJI_1970,Djibouti,1970,,DJI
DJI_1971,Djibouti,1971,,DJI
DJI_1972,Djibouti,1972,,DJI
DJI_1973,Djibouti,1973,,DJI
DJI_1974,Djibouti,1974,,DJI
DJI_1975,Djibouti,1975,,DJI
DJI_1976,Djibouti,1976,,DJI
DJI_1977,Djibouti,1977,0.0,DJI
DJI_1978,Djibouti,1978,0.0,DJI
DJI_1979,Djibouti,1979,0.0,DJI
DJI_1980,Djibouti,1980,0.0,DJI
DJI_1981,Djibouti,1981,0.0,DJI
DJI_1982,Djibouti,1982,0.0,DJI
DJI_1983,Djibouti,1983,0.0,DJI
DJI_1984,Djibouti,1984,0.75,DJI
DJI_1985,Djibouti,1985,0.0,DJI
DJI_1986,Djibouti,1986,0.06,DJI
DJI_1987,Djibouti,1987,0.0,DJI
DJI_1988,Djibouti,1988,0.05,DJI
DJI_1989,Djibouti,1989,25.84,DJI
DJI_1990,Djibouti,1990,1.31,DJI
DJI_1991,Djibouti,1991,3.45,DJI
DJI_1992,Djibouti,1992,6.11,DJI
DJI_1993,Djibouti,1993,10.81,DJI
DJI_1994,Djibouti,1994,13.42,DJI
DJI_1995,Djibouti,1995,16.61,DJI
DJI_1996,Djibouti,1996,18.87,DJI
DJI_1997,Djibouti,1997,32.94,DJI
DJI_1998,Djibouti,1998,26.79,DJI
DJI_1999,Djibouti,1999,30.07,DJI
DJI_2000,Djibouti,2000,31.0,DJI
DJI_2001,Djibouti,2001,32.26,DJI
DJI_2002,Djibouti,2002,14.9,DJI
DJI_2003,Djibouti,2003,25.03,DJI
DJI_2004,Djibouti,2004,29.45,DJI
DJI_2005,Djibouti,2005,32.02,DJI
DJI_2006,Djibouti,2006,39.11,DJI
DJI_2007,Djibouti,2007,111.75,DJI
DJI_2008,Djibouti,2008,130.53,DJI
DJI_2009,Djibouti,2009,13.94,DJI
DJI_2010,Djibouti,2010,11.53,DJI
DJI_2011,Djibouti,2011,2.51,DJI
DJI_2012,Djibouti,2012,8.63,DJI
DJI_2013,Djibouti,2013,14.2,DJI
DJI_2014,Djibouti,2014,21.55,DJI
DJI_2015,Djibouti,2015,20.67,DJI
DJI_2016,Djibouti,2016,22.53,DJI
DJI_2017,Djibouti,2017,32.62,DJI
DJI_2018,Djibouti,2018,62.43,DJI
DJI_2019,Djibouti,2019,97.17,DJI
DJI_2020,Djibouti,2020,146.8,DJI
DJI_2021,Djibouti,2021,243.8,DJI
DJI_2022,Djibouti,2022,230.91,DJI
DJI_2023,Djibouti,2023,1049.0,DJI
DJI_2024,Djibouti,2024,789.0,DJI
DMA_1960,Dominica,1960,,DMA
DMA_1961,Dominica,1961,,DMA
DMA_1962,Dominica,1962,,DMA
DMA_1963,Dominica,1963,,DMA
DMA_1964,Dominica,1964,,DMA
DMA_1965,Dominica,1965,,DMA
DMA_1966,Dominica,1966,,DMA
DMA_1967,Dominica,1967,,DMA
DMA_1968,Dominica,1968,,DMA
DMA_1969,Dominica,1969,,DMA
DMA_1970,Dominica,1970,,DMA
DMA_1971,Dominica,1971,,DMA
DMA_1972,Dominica,1972,,DMA
DMA_1973,Dominica,1973,,DMA
DMA_1974,Dominica,1974,,DMA
DMA_1975,Dominica,1975,,DMA
DMA_1976,Dominica,1976,,DMA
DMA_1977,Dominica,1977,,DMA
DMA_1978,Dominica,1978,0.0,DMA
DMA_1979,Dominica,1979,0.0,DMA
DMA_1980,Dominica,1980,0.0,DMA
DMA_1981,Dominica,1981,0.24,DMA
DMA_1982,Dominica,1982,0.37,DMA
DMA_1983,Dominica,1983,0.0,DMA
DMA_1984,Dominica,1984,0.0,DMA
DMA_1985,Dominica,1985,0.0,DMA
DMA_1986,Dominica,1986,0.0,DMA
DMA_1987,Dominica,1987,0.06,DMA
DMA_1988,Dominica,1988,0.03,DMA
DMA_1989,Dominica,1989,0.02,DMA
DMA_1990,Dominica,1990,3.52,DMA
DMA_1991,Dominica,1991,0.16,DMA
DMA_1992,Dominica,1992,0.88,DMA
DMA_1993,Dominica,1993,0.2,DMA
DMA_1994,Dominica,1994,0.22,DMA
DMA_1995,Dominica,1995,2.22,DMA
DMA_1996,Dominica,1996,3.77,DMA
DMA_1997,Dominica,1997,0.47,DMA
DMA_1998,Dominica,1998,0.47,DMA
DMA_1999,Dominica,1999,0.4,DMA
DMA_2000,Dominica,2000,0.41,DMA
DMA_2001,Dominica,2001,0.31,DMA
DMA_2002,Dominica,2002,96.65,DMA
DMA_2003,Dominica,2003,150.03,DMA
DMA_2004,Dominica,2004,150.53,DMA
DMA_2005,Dominica,2005,47.99,DMA
DMA_2006,Dominica,2006,54.66,DMA
DMA_2007,Dominica,2007,44.12,DMA
DMA_2008,Dominica,2008,43.72,DMA
DMA_2009,Dominica,2009,43.3,DMA
DMA_2010,Dominica,2010,43.33,DMA
DMA_2011,Dominica,2011,43.0,DMA
DMA_2012,Dominica,2012,79.09,DMA
DMA_2013,Dominica,2013,8.12,DMA
DMA_2014,Dominica,2014,8.22,DMA
DMA_2015,Dominica,2015,8.09,DMA
DMA_2016,Dominica,2016,7.27,DMA
DMA_2017,Dominica,2017,7.22,DMA
DMA_2018,Dominica,2018,7.57,DMA
DMA_2019,Dominica,2019,7.92,DMA
DMA_2020,Dominica,2020,12.4,DMA
DMA_2021,Dominica,2021,13.78,DMA
DMA_2022,Dominica,2022,8.98,DMA
DMA_2023,Dominica,2023,7.92,DMA
DMA_2024,Dominica,2024,7.92,DMA
DOM_1960,Dominican Republic,1960,1.0,DOM
DOM_1961,Dominican Republic,1961,13.5,DOM
DOM_1962,Dominican Republic,1962,15.0,DOM
DOM_1963,Dominican Republic,1963,34.0,DOM
DOM_1964,Dominican Republic,1964,61.0,DOM
DOM_1965,Dominican Republic,1965,4.0,DOM
DOM_1966,Dominican Republic,1966,24.0,DOM
DOM_1967,Dominican Republic,1967,47.0,DOM
DOM_1968,Dominican Republic,1968,39.0,DOM
DOM_1969,Dominican Republic,1969,19.0,DOM
DOM_1970,Dominican Republic,1970,0.73,DOM
DOM_1971,Dominican Republic,1971,3.02,DOM
DOM_1972,Dominican Republic,1972,4.26,DOM
DOM_1973,Dominican Republic,1973,1.73,DOM
DOM_1974,Dominican Republic,1974,2.27,DOM
DOM_1975,Dominican Republic,1975,4.16,DOM
DOM_1976,Dominican Republic,1976,9.21,DOM
DOM_1977,Dominican Republic,1977,17.37,DOM
DOM_1978,Dominican Republic,1978,19.35,DOM
DOM_1979,Dominican Republic,1979,11.42,DOM
DOM_1980,Dominican Republic,1980,26.07,DOM
DOM_1981,Dominican Republic,1981,34.04,DOM
DOM_1982,Dominican Republic,1982,564.34,DOM
DOM_1983,Dominican Republic,1983,572.87,DOM
DOM_1984,Dominican Republic,1984,235.31,DOM
DOM_1985,Dominican Republic,1985,1082.0,DOM
DOM_1986,Dominican Republic,1986,990.51,DOM
DOM_1987,Dominican Republic,1987,1207.44,DOM
DOM_1988,Dominican Republic,1988,1389.51,DOM
DOM_1989,Dominican Republic,1989,1550.54,DOM
DOM_1990,Dominican Republic,1990,1958.62,DOM
DOM_1991,Dominican Republic,1991,2119.28,DOM
DOM_1992,Dominican Republic,1992,1634.6,DOM
DOM_1993,Dominican Republic,1993,1756.24,DOM
DOM_1994,Dominican Republic,1994,1683.0,DOM
DOM_1995,Dominican Republic,1995,444.21,DOM
DOM_1996,Dominican Republic,1996,1022.93,DOM
DOM_1997,Dominican Republic,1997,1001.65,DOM
DOM_1998,Dominican Republic,1998,929.55,DOM
DOM_1999,Dominican Republic,1999,942.12,DOM
DOM_2000,Dominican Republic,2000,448.07,DOM
DOM_2001,Dominican Republic,2001,435.97,DOM
DOM_2002,Dominican Republic,2002,463.93,DOM
DOM_2003,Dominican Republic,2003,650.69,DOM
DOM_2004,Dominican Republic,2004,1412.45,DOM
DOM_2005,Dominican Republic,2005,1570.93,DOM
DOM_2006,Dominican Republic,2006,51.58,DOM
DOM_2007,Dominican Republic,2007,22.06,DOM
DOM_2008,Dominican Republic,2008,17.54,DOM
DOM_2009,Dominican Republic,2009,0.09,DOM
DOM_2010,Dominican Republic,2010,0.11,DOM
DOM_2011,Dominican Republic,2011,0.36,DOM
DOM_2012,Dominican Republic,2012,0.38,DOM
DOM_2013,Dominican Republic,2013,0.42,DOM
DOM_2014,Dominican Republic,2014,2.54,DOM
DOM_2015,Dominican Republic,2015,2089.59,DOM
DOM_2016,Dominican Republic,2016,2.59,DOM
DOM_2017,Dominican Republic,2017,14.06,DOM
DOM_2018,Dominican Republic,2018,6.88,DOM
DOM_2019,Dominican Republic,2019,6.88,DOM
DOM_2020,Dominican Republic,2020,23.07,DOM
DOM_2021,Dominican Republic,2021,31.14,DOM
DOM_2022,Dominican Republic,2022,33.07,DOM
DOM_2023,Dominican Republic,2023,33.0,DOM
DOM_2024,Dominican Republic,2024,33.0,DOM
ECU_1960,Ecuador,1960,0.0,ECU
ECU_1961,Ecuador,1961,0.0,ECU
ECU_1962,Ecuador,1962,0.0,ECU
ECU_1963,Ecuador,1963,0.0,ECU
ECU_1964,Ecuador,1964,0.0,ECU
ECU_1965,Ecuador,1965,0.0,ECU
ECU_1966,Ecuador,1966,0.0,ECU
ECU_1967,Ecuador,1967,0.0,ECU
ECU_1968,Ecuador,1968,0.0,ECU
ECU_1969,Ecuador,1969,0.0,ECU
ECU_1970,Ecuador,1970,0.0,ECU
ECU_1971,Ecuador,1971,0.0,ECU
ECU_1972,Ecuador,1972,0.47,ECU
ECU_1973,Ecuador,1973,0.0,ECU
ECU_1974,Ecuador,1974,0.0,ECU
ECU_1975,Ecuador,1975,0.0,ECU
ECU_1976,Ecuador,1976,1.29,ECU
ECU_1977,Ecuador,1977,34.67,ECU
ECU_1978,Ecuador,1978,8.88,ECU
ECU_1979,Ecuador,1979,234.26,ECU
ECU_1980,Ecuador,1980,24.32,ECU
ECU_1981,Ecuador,1981,166.63,ECU
ECU_1982,Ecuador,1982,2643.44,ECU
ECU_1983,Ecuador,1983,2978.61,ECU
ECU_1984,Ecuador,1984,3503.42,ECU
ECU_1985,Ecuador,1985,4766.97,ECU
ECU_1986,Ecuador,1986,1113.32,ECU
ECU_1987,Ecuador,1987,5726.49,ECU
ECU_1988,Ecuador,1988,6114.82,ECU
ECU_1989,Ecuador,1989,6278.47,ECU
ECU_1990,Ecuador,1990,6583.22,ECU
ECU_1991,Ecuador,1991,7136.18,ECU
ECU_1992,Ecuador,1992,7485.28,ECU
ECU_1993,Ecuador,1993,7103.41,ECU
ECU_1994,Ecuador,1994,6907.89,ECU
ECU_1995,Ecuador,1995,7199.74,ECU
ECU_1996,Ecuador,1996,348.86,ECU
ECU_1997,Ecuador,1997,602.07,ECU
ECU_1998,Ecuador,1998,189.05,ECU
ECU_1999,Ecuador,1999,8397.59,ECU
ECU_2000,Ecuador,2000,8364.72,ECU
ECU_2001,Ecuador,2001,111.09,ECU
ECU_2002,Ecuador,2002,12.83,ECU
ECU_2003,Ecuador,2003,85.82,ECU
ECU_2004,Ecuador,2004,37.53,ECU
ECU_2005,Ecuador,2005,36.93,ECU
ECU_2006,Ecuador,2006,1.59,ECU
ECU_2007,Ecuador,2007,7.46,ECU
ECU_2008,Ecuador,2008,3194.27,ECU
ECU_2009,Ecuador,2009,6238.49,ECU
ECU_2010,Ecuador,2010,31.37,ECU
ECU_2011,Ecuador,2011,57.65,ECU
ECU_2012,Ecuador,2012,58.55,ECU
ECU_2013,Ecuador,2013,59.23,ECU
ECU_2014,Ecuador,2014,39.21,ECU
ECU_2015,Ecuador,2015,41.19,ECU
ECU_2016,Ecuador,2016,43.18,ECU
ECU_2017,Ecuador,2017,1063.15,ECU
ECU_2018,Ecuador,2018,49.14,ECU
ECU_2019,Ecuador,2019,52.11,ECU
ECU_2020,Ecuador,2020,23597.22,ECU
ECU_2021,Ecuador,2021,299.43,ECU
ECU_2022,Ecuador,2022,4699.35,ECU
ECU_2023,Ecuador,2023,52.0,ECU
ECU_2024,Ecuador,2024,52.0,ECU
EGY_1960,Egypt,1960,0.0,EGY
EGY_1961,Egypt,1961,0.0,EGY
EGY_1962,Egypt,1962,0.0,EGY
EGY_1963,Egypt,1963,0.0,EGY
EGY_1964,Egypt,1964,277.0,EGY
EGY_1965,Egypt,1965,560.0,EGY
EGY_1966,Egypt,1966,211.5,EGY
EGY_1967,Egypt,1967,62.2,EGY
EGY_1968,Egypt,1968,152.8,EGY
EGY_1969,Egypt,1969,211.0,EGY
EGY_1970,Egypt,1970,86.32,EGY
EGY_1971,Egypt,1971,70.14,EGY
EGY_1972,Egypt,1972,90.78,EGY
EGY_1973,Egypt,1973,25.6,EGY
EGY_1974,Egypt,1974,39.66,EGY
EGY_1975,Egypt,1975,22.07,EGY
EGY_1976,Egypt,1976,124.98,EGY
EGY_1977,Egypt,1977,7105.5,EGY
EGY_1978,Egypt,1978,95.51,EGY
EGY_1979,Egypt,1979,345.53,EGY
EGY_1980,Egypt,1980,484.27,EGY
EGY_1981,Egypt,1981,641.92,EGY
EGY_1982,Egypt,1982,977.56,EGY
EGY_1983,Egypt,1983,1484.13,EGY
EGY_1984,Egypt,1984,2721.97,EGY
EGY_1985,Egypt,1985,4578.44,EGY
EGY_1986,Egypt,1986,13706.77,EGY
EGY_1987,Egypt,1987,10882.29,EGY
EGY_1988,Egypt,1988,8345.56,EGY
EGY_1989,Egypt,1989,11196.25,EGY
EGY_1990,Egypt,1990,18005.13,EGY
EGY_1991,Egypt,1991,23529.02,EGY
EGY_1992,Egypt,1992,877.65,EGY
EGY_1993,Egypt,1993,724.42,EGY
EGY_1994,Egypt,1994,543.1,EGY
EGY_1995,Egypt,1995,516.03,EGY
EGY_1996,Egypt,1996,366.75,EGY
EGY_1997,Egypt,1997,180.87,EGY
EGY_1998,Egypt,1998,103.1,EGY
EGY_1999,Egypt,1999,113.56,EGY
EGY_2000,Egypt,2000,52.63,EGY
EGY_2001,Egypt,2001,4.29,EGY
EGY_2002,Egypt,2002,2.37,EGY
EGY_2003,Egypt,2003,3.98,EGY
EGY_2004,Egypt,2004,7.75,EGY
EGY_2005,Egypt,2005,10.96,EGY
EGY_2006,Egypt,2006,3.16,EGY
EGY_2007,Egypt,2007,2.97,EGY
EGY_2008,Egypt,2008,2.2,EGY
EGY_2009,Egypt,2009,2.62,EGY
EGY_2010,Egypt,2010,0.0,EGY
EGY_2011,Egypt,2011,0.0,EGY
EGY_2012,Egypt,2012,6300.0,EGY
EGY_2013,Egypt,2013,5400.0,EGY
EGY_2014,Egypt,2014,5900.0,EGY
EGY_2015,Egypt,2015,3500.0,EGY
EGY_2016,Egypt,2016,2400.0,EGY
EGY_2017,Egypt,2017,1200.0,EGY
EGY_2018,Egypt,2018,1201.42,EGY
EGY_2019,Egypt,2019,1001.44,EGY
EGY_2020,Egypt,2020,208.81,EGY
EGY_2021,Egypt,2021,0.62,EGY
EGY_2022,Egypt,2022,0.0,EGY
EGY_2023,Egypt,2023,1.0,EGY
EGY_2024,Egypt,2024,0.0,EGY
SLV_1960,El Salvador,1960,0.0,SLV
SLV_1961,El Salvador,1961,0.0,SLV
SLV_1962,El Salvador,1962,0.0,SLV
SLV_1963,El Salvador,1963,0.0,SLV
SLV_1964,El Salvador,1964,0.0,SLV
SLV_1965,El Salvador,1965,0.0,SLV
SLV_1966,El Salvador,1966,0.0,SLV
SLV_1967,El Salvador,1967,0.0,SLV
SLV_1968,El Salvador,1968,0.0,SLV
SLV_1969,El Salvador,1969,0.0,SLV
SLV_1970,El Salvador,1970,0.0,SLV
SLV_1971,El Salvador,1971,0.0,SLV
SLV_1972,El Salvador,1972,0.0,SLV
SLV_1973,El Salvador,1973,0.0,SLV
SLV_1974,El Salvador,1974,0.0,SLV
SLV_1975,El Salvador,1975,0.0,SLV
SLV_1976,El Salvador,1976,0.0,SLV
SLV_1977,El Salvador,1977,0.0,SLV
SLV_1978,El Salvador,1978,0.0,SLV
SLV_1979,El Salvador,1979,0.07,SLV
SLV_1980,El Salvador,1980,0.0,SLV
SLV_1981,El Salvador,1981,604.4,SLV
SLV_1982,El Salvador,1982,568.91,SLV
SLV_1983,El Salvador,1983,533.57,SLV
SLV_1984,El Salvador,1984,542.31,SLV
SLV_1985,El Salvador,1985,464.52,SLV
SLV_1986,El Salvador,1986,221.51,SLV
SLV_1987,El Salvador,1987,208.56,SLV
SLV_1988,El Salvador,1988,199.26,SLV
SLV_1989,El Salvador,1989,226.39,SLV
SLV_1990,El Salvador,1990,251.25,SLV
SLV_1991,El Salvador,1991,146.96,SLV
SLV_1992,El Salvador,1992,105.7,SLV
SLV_1993,El Salvador,1993,740.02,SLV
SLV_1994,El Salvador,1994,59.59,SLV
SLV_1995,El Salvador,1995,51.43,SLV
SLV_1996,El Salvador,1996,54.15,SLV
SLV_1997,El Salvador,1997,15.24,SLV
SLV_1998,El Salvador,1998,5.78,SLV
SLV_1999,El Salvador,1999,1.48,SLV
SLV_2000,El Salvador,2000,17.0,SLV
SLV_2001,El Salvador,2001,0.0,SLV
SLV_2002,El Salvador,2002,0.0,SLV
SLV_2003,El Salvador,2003,0.0,SLV
SLV_2004,El Salvador,2004,0.0,SLV
SLV_2005,El Salvador,2005,0.0,SLV
SLV_2006,El Salvador,2006,0.0,SLV
SLV_2007,El Salvador,2007,0.0,SLV
SLV_2008,El Salvador,2008,2.53,SLV
SLV_2009,El Salvador,2009,0.0,SLV
SLV_2010,El Salvador,2010,0.0,SLV
SLV_2011,El Salvador,2011,0.0,SLV
SLV_2012,El Salvador,2012,0.0,SLV
SLV_2013,El Salvador,2013,0.0,SLV
SLV_2014,El Salvador,2014,0.0,SLV
SLV_2015,El Salvador,2015,0.0,SLV
SLV_2016,El Salvador,2016,0.0,SLV
SLV_2017,El Salvador,2017,6033.0,SLV
SLV_2018,El Salvador,2018,0.0,SLV
SLV_2019,El Salvador,2019,0.0,SLV
SLV_2020,El Salvador,2020,0.0,SLV
SLV_2021,El Salvador,2021,0.0,SLV
SLV_2022,El Salvador,2022,648.0,SLV
SLV_2023,El Salvador,2023,1450.0,SLV
SLV_2024,El Salvador,2024,0.0,SLV
GNQ_1960,Equatorial Guinea,1960,,GNQ
GNQ_1961,Equatorial Guinea,1961,,GNQ
GNQ_1962,Equatorial Guinea,1962,,GNQ
GNQ_1963,Equatorial Guinea,1963,,GNQ
GNQ_1964,Equatorial Guinea,1964,,GNQ
GNQ_1965,Equatorial Guinea,1965,,GNQ
GNQ_1966,Equatorial Guinea,1966,,GNQ
GNQ_1967,Equatorial Guinea,1967,,GNQ
GNQ_1968,Equatorial Guinea,1968,0.0,GNQ
GNQ_1969,Equatorial Guinea,1969,0.0,GNQ
GNQ_1970,Equatorial Guinea,1970,0.0,GNQ
GNQ_1971,Equatorial Guinea,1971,0.0,GNQ
GNQ_1972,Equatorial Guinea,1972,0.0,GNQ
GNQ_1973,Equatorial Guinea,1973,0.0,GNQ
GNQ_1974,Equatorial Guinea,1974,0.0,GNQ
GNQ_1975,Equatorial Guinea,1975,0.0,GNQ
GNQ_1976,Equatorial Guinea,1976,0.0,GNQ
GNQ_1977,Equatorial Guinea,1977,0.0,GNQ
GNQ_1978,Equatorial Guinea,1978,0.0,GNQ
GNQ_1979,Equatorial Guinea,1979,0.0,GNQ
GNQ_1980,Equatorial Guinea,1980,0.0,GNQ
GNQ_1981,Equatorial Guinea,1981,2.0,GNQ
GNQ_1982,Equatorial Guinea,1982,22.26,GNQ
GNQ_1983,Equatorial Guinea,1983,16.11,GNQ
GNQ_1984,Equatorial Guinea,1984,36.33,GNQ
GNQ_1985,Equatorial Guinea,1985,38.0,GNQ
GNQ_1986,Equatorial Guinea,1986,5.8,GNQ
GNQ_1987,Equatorial Guinea,1987,13.4,GNQ
GNQ_1988,Equatorial Guinea,1988,23.1,GNQ
GNQ_1989,Equatorial Guinea,1989,40.0,GNQ
GNQ_1990,Equatorial Guinea,1990,13.4,GNQ
GNQ_1991,Equatorial Guinea,1991,16.8,GNQ
GNQ_1992,Equatorial Guinea,1992,32.0,GNQ
GNQ_1993,Equatorial Guinea,1993,46.0,GNQ
GNQ_1994,Equatorial Guinea,1994,51.0,GNQ
GNQ_1995,Equatorial Guinea,1995,27.0,GNQ
GNQ_1996,Equatorial Guinea,1996,33.9,GNQ
GNQ_1997,Equatorial Guinea,1997,35.7,GNQ
GNQ_1998,Equatorial Guinea,1998,12.4,GNQ
GNQ_1999,Equatorial Guinea,1999,63.0,GNQ
GNQ_2000,Equatorial Guinea,2000,98.0,GNQ
GNQ_2001,Equatorial Guinea,2001,85.0,GNQ
GNQ_2002,Equatorial Guinea,2002,72.0,GNQ
GNQ_2003,Equatorial Guinea,2003,64.0,GNQ
GNQ_2004,Equatorial Guinea,2004,4.1,GNQ
GNQ_2005,Equatorial Guinea,2005,30.0,GNQ
GNQ_2006,Equatorial Guinea,2006,0.0,GNQ
GNQ_2007,Equatorial Guinea,2007,10.0,GNQ
GNQ_2008,Equatorial Guinea,2008,0.0,GNQ
GNQ_2009,Equatorial Guinea,2009,0.0,GNQ
GNQ_2010,Equatorial Guinea,2010,0.0,GNQ
GNQ_2011,Equatorial Guinea,2011,0.0,GNQ
GNQ_2012,Equatorial Guinea,2012,0.0,GNQ
GNQ_2013,Equatorial Guinea,2013,0.0,GNQ
GNQ_2014,Equatorial Guinea,2014,0.0,GNQ
GNQ_2015,Equatorial Guinea,2015,0.0,GNQ
GNQ_2016,Equatorial Guinea,2016,0.0,GNQ
GNQ_2017,Equatorial Guinea,2017,949.0,GNQ
GNQ_2018,Equatorial Guinea,2018,117.0,GNQ
GNQ_2019,Equatorial Guinea,2019,121.0,GNQ
GNQ_2020,Equatorial Guinea,2020,130.0,GNQ
GNQ_2021,Equatorial Guinea,2021,1122.0,GNQ
GNQ_2022,Equatorial Guinea,2022,86.0,GNQ
GNQ_2023,Equatorial Guinea,2023,86.0,GNQ
GNQ_2024,Equatorial Guinea,2024,90.0,GNQ
ERI_1960,Eritrea,1960,,ERI
ERI_1961,Eritrea,1961,,ERI
ERI_1962,Eritrea,1962,,ERI
ERI_1963,Eritrea,1963,,ERI
ERI_1964,Eritrea,1964,,ERI
ERI_1965,Eritrea,1965,,ERI
ERI_1966,Eritrea,1966,,ERI
ERI_1967,Eritrea,1967,,ERI
ERI_1968,Eritrea,1968,,ERI
ERI_1969,Eritrea,1969,,ERI
ERI_1970,Eritrea,1970,,ERI
ERI_1971,Eritrea,1971,,ERI
ERI_1972,Eritrea,1972,,ERI
ERI_1973,Eritrea,1973,,ERI
ERI_1974,Eritrea,1974,,ERI
ERI_1975,Eritrea,1975,,ERI
ERI_1976,Eritrea,1976,,ERI
ERI_1977,Eritrea,1977,,ERI
ERI_1978,Eritrea,1978,,ERI
ERI_1979,Eritrea,1979,,ERI
ERI_1980,Eritrea,1980,,ERI
ERI_1981,Eritrea,1981,,ERI
ERI_1982,Eritrea,1982,,ERI
ERI_1983,Eritrea,1983,,ERI
ERI_1984,Eritrea,1984,,ERI
ERI_1985,Eritrea,1985,,ERI
ERI_1986,Eritrea,1986,,ERI
ERI_1987,Eritrea,1987,,ERI
ERI_1988,Eritrea,1988,,ERI
ERI_1989,Eritrea,1989,,ERI
ERI_1990,Eritrea,1990,,ERI
ERI_1991,Eritrea,1991,,ERI
ERI_1992,Eritrea,1992,,ERI
ERI_1993,Eritrea,1993,0.0,ERI
ERI_1994,Eritrea,1994,0.0,ERI
ERI_1995,Eritrea,1995,0.0,ERI
ERI_1996,Eritrea,1996,0.0,ERI
ERI_1997,Eritrea,1997,0.0,ERI
ERI_1998,Eritrea,1998,0.0,ERI
ERI_1999,Eritrea,1999,0.0,ERI
ERI_2000,Eritrea,2000,6.82,ERI
ERI_2001,Eritrea,2001,7.12,ERI
ERI_2002,Eritrea,2002,7.94,ERI
ERI_2003,Eritrea,2003,19.29,ERI
ERI_2004,Eritrea,2004,29.75,ERI
ERI_2005,Eritrea,2005,15.46,ERI
ERI_2006,Eritrea,2006,24.92,ERI
ERI_2007,Eritrea,2007,42.32,ERI
ERI_2008,Eritrea,2008,33.74,ERI
ERI_2009,Eritrea,2009,22.85,ERI
ERI_2010,Eritrea,2010,22.49,ERI
ERI_2011,Eritrea,2011,28.69,ERI
ERI_2012,Eritrea,2012,222.43,ERI
ERI_2013,Eritrea,2013,260.39,ERI
ERI_2014,Eritrea,2014,299.19,ERI
ERI_2015,Eritrea,2015,332.49,ERI
ERI_2016,Eritrea,2016,378.35,ERI
ERI_2017,Eritrea,2017,417.28,ERI
ERI_2018,Eritrea,2018,460.95,ERI
ERI_2019,Eritrea,2019,508.04,ERI
ERI_2020,Eritrea,2020,562.47,ERI
ERI_2021,Eritrea,2021,621.23,ERI
ERI_2022,Eritrea,2022,667.0,ERI
ERI_2023,Eritrea,2023,720.0,ERI
ERI_2024,Eritrea,2024,770.0,ERI
SWZ_1960,eSwatini (Swaziland),1960,,SWZ
SWZ_1961,eSwatini (Swaziland),1961,,SWZ
SWZ_1962,eSwatini (Swaziland),1962,,SWZ
SWZ_1963,eSwatini (Swaziland),1963,,SWZ
SWZ_1964,eSwatini (Swaziland),1964,,SWZ
SWZ_1965,eSwatini (Swaziland),1965,,SWZ
SWZ_1966,eSwatini (Swaziland),1966,,SWZ
SWZ_1967,eSwatini (Swaziland),1967,,SWZ
SWZ_1968,eSwatini (Swaziland),1968,0.0,SWZ
SWZ_1969,eSwatini (Swaziland),1969,0.0,SWZ
SWZ_1970,eSwatini (Swaziland),1970,0.0,SWZ
SWZ_1971,eSwatini (Swaziland),1971,0.0,SWZ
SWZ_1972,eSwatini (Swaziland),1972,0.0,SWZ
SWZ_1973,eSwatini (Swaziland),1973,0.0,SWZ
SWZ_1974,eSwatini (Swaziland),1974,0.0,SWZ
SWZ_1975,eSwatini (Swaziland),1975,0.0,SWZ
SWZ_1976,eSwatini (Swaziland),1976,0.0,SWZ
SWZ_1977,eSwatini (Swaziland),1977,0.0,SWZ
SWZ_1978,eSwatini (Swaziland),1978,0.01,SWZ
SWZ_1979,eSwatini (Swaziland),1979,0.0,SWZ
SWZ_1980,eSwatini (Swaziland),1980,0.0,SWZ
SWZ_1981,eSwatini (Swaziland),1981,0.0,SWZ
SWZ_1982,eSwatini (Swaziland),1982,0.0,SWZ
SWZ_1983,eSwatini (Swaziland),1983,0.0,SWZ
SWZ_1984,eSwatini (Swaziland),1984,0.0,SWZ
SWZ_1985,eSwatini (Swaziland),1985,0.0,SWZ
SWZ_1986,eSwatini (Swaziland),1986,0.07,SWZ
SWZ_1987,eSwatini (Swaziland),1987,0.01,SWZ
SWZ_1988,eSwatini (Swaziland),1988,0.13,SWZ
SWZ_1989,eSwatini (Swaziland),1989,0.04,SWZ
SWZ_1990,eSwatini (Swaziland),1990,0.2,SWZ
SWZ_1991,eSwatini (Swaziland),1991,2.07,SWZ
SWZ_1992,eSwatini (Swaziland),1992,4.19,SWZ
SWZ_1993,eSwatini (Swaziland),1993,4.65,SWZ
SWZ_1994,eSwatini (Swaziland),1994,4.33,SWZ
SWZ_1995,eSwatini (Swaziland),1995,4.29,SWZ
SWZ_1996,eSwatini (Swaziland),1996,1.24,SWZ
SWZ_1997,eSwatini (Swaziland),1997,1.13,SWZ
SWZ_1998,eSwatini (Swaziland),1998,1.19,SWZ
SWZ_1999,eSwatini (Swaziland),1999,0.34,SWZ
SWZ_2000,eSwatini (Swaziland),2000,0.22,SWZ
SWZ_2001,eSwatini (Swaziland),2001,0.25,SWZ
SWZ_2002,eSwatini (Swaziland),2002,7.69,SWZ
SWZ_2003,eSwatini (Swaziland),2003,16.48,SWZ
SWZ_2004,eSwatini (Swaziland),2004,13.54,SWZ
SWZ_2005,eSwatini (Swaziland),2005,20.9,SWZ
SWZ_2006,eSwatini (Swaziland),2006,23.66,SWZ
SWZ_2007,eSwatini (Swaziland),2007,6.52,SWZ
SWZ_2008,eSwatini (Swaziland),2008,3.67,SWZ
SWZ_2009,eSwatini (Swaziland),2009,7.36,SWZ
SWZ_2010,eSwatini (Swaziland),2010,14.73,SWZ
SWZ_2011,eSwatini (Swaziland),2011,14.88,SWZ
SWZ_2012,eSwatini (Swaziland),2012,11.0,SWZ
SWZ_2013,eSwatini (Swaziland),2013,11.13,SWZ
SWZ_2014,eSwatini (Swaziland),2014,11.68,SWZ
SWZ_2015,eSwatini (Swaziland),2015,11.53,SWZ
SWZ_2016,eSwatini (Swaziland),2016,13.08,SWZ
SWZ_2017,eSwatini (Swaziland),2017,8.69,SWZ
SWZ_2018,eSwatini (Swaziland),2018,4.77,SWZ
SWZ_2019,eSwatini (Swaziland),2019,3.07,SWZ
SWZ_2020,eSwatini (Swaziland),2020,0.09,SWZ
SWZ_2021,eSwatini (Swaziland),2021,0.0,SWZ
SWZ_2022,eSwatini (Swaziland),2022,0.4,SWZ
SWZ_2023,eSwatini (Swaziland),2023,0.4,SWZ
SWZ_2024,eSwatini (Swaziland),2024,0.4,SWZ
ETH_1960,Ethiopia,1960,0.0,ETH
ETH_1961,Ethiopia,1961,0.0,ETH
ETH_1962,Ethiopia,1962,0.0,ETH
ETH_1963,Ethiopia,1963,0.0,ETH
ETH_1964,Ethiopia,1964,0.0,ETH
ETH_1965,Ethiopia,1965,0.0,ETH
ETH_1966,Ethiopia,1966,0.0,ETH
ETH_1967,Ethiopia,1967,0.0,ETH
ETH_1968,Ethiopia,1968,0.0,ETH
ETH_1969,Ethiopia,1969,0.0,ETH
ETH_1970,Ethiopia,1970,0.46,ETH
ETH_1971,Ethiopia,1971,0.42,ETH
ETH_1972,Ethiopia,1972,0.77,ETH
ETH_1973,Ethiopia,1973,0.07,ETH
ETH_1974,Ethiopia,1974,0.13,ETH
ETH_1975,Ethiopia,1975,0.32,ETH
ETH_1976,Ethiopia,1976,1.2,ETH
ETH_1977,Ethiopia,1977,1.26,ETH
ETH_1978,Ethiopia,1978,0.81,ETH
ETH_1979,Ethiopia,1979,1.71,ETH
ETH_1980,Ethiopia,1980,1.12,ETH
ETH_1981,Ethiopia,1981,1.28,ETH
ETH_1982,Ethiopia,1982,1.36,ETH
ETH_1983,Ethiopia,1983,1.22,ETH
ETH_1984,Ethiopia,1984,1.29,ETH
ETH_1985,Ethiopia,1985,1.42,ETH
ETH_1986,Ethiopia,1986,1.14,ETH
ETH_1987,Ethiopia,1987,54.11,ETH
ETH_1988,Ethiopia,1988,15.69,ETH
ETH_1989,Ethiopia,1989,68.52,ETH
ETH_1990,Ethiopia,1990,278.94,ETH
ETH_1991,Ethiopia,1991,1087.41,ETH
ETH_1992,Ethiopia,1992,1965.44,ETH
ETH_1993,Ethiopia,1993,2517.83,ETH
ETH_1994,Ethiopia,1994,3259.01,ETH
ETH_1995,Ethiopia,1995,4099.59,ETH
ETH_1996,Ethiopia,1996,4801.61,ETH
ETH_1997,Ethiopia,1997,5413.23,ETH
ETH_1998,Ethiopia,1998,5828.39,ETH
ETH_1999,Ethiopia,1999,1448.4,ETH
ETH_2000,Ethiopia,2000,717.09,ETH
ETH_2001,Ethiopia,2001,685.17,ETH
ETH_2002,Ethiopia,2002,722.59,ETH
ETH_2003,Ethiopia,2003,761.49,ETH
ETH_2004,Ethiopia,2004,1534.64,ETH
ETH_2005,Ethiopia,2005,2117.21,ETH
ETH_2006,Ethiopia,2006,4791.84,ETH
ETH_2007,Ethiopia,2007,449.12,ETH
ETH_2008,Ethiopia,2008,465.95,ETH
ETH_2009,Ethiopia,2009,435.36,ETH
ETH_2010,Ethiopia,2010,595.54,ETH
ETH_2011,Ethiopia,2011,586.13,ETH
ETH_2012,Ethiopia,2012,407.01,ETH
ETH_2013,Ethiopia,2013,409.52,ETH
ETH_2014,Ethiopia,2014,409.45,ETH
ETH_2015,Ethiopia,2015,409.15,ETH
ETH_2016,Ethiopia,2016,409.11,ETH
ETH_2017,Ethiopia,2017,410.45,ETH
ETH_2018,Ethiopia,2018,2909.73,ETH
ETH_2019,Ethiopia,2019,528.42,ETH
ETH_2020,Ethiopia,2020,602.63,ETH
ETH_2021,Ethiopia,2021,573.94,ETH
ETH_2022,Ethiopia,2022,917.47,ETH
ETH_2023,Ethiopia,2023,10689.0,ETH
ETH_2024,Ethiopia,2024,16463.0,ETH
FJI_1960,Fiji,1960,,FJI
FJI_1961,Fiji,1961,,FJI
FJI_1962,Fiji,1962,,FJI
FJI_1963,Fiji,1963,,FJI
FJI_1964,Fiji,1964,,FJI
FJI_1965,Fiji,1965,,FJI
FJI_1966,Fiji,1966,,FJI
FJI_1967,Fiji,1967,,FJI
FJI_1968,Fiji,1968,,FJI
FJI_1969,Fiji,1969,,FJI
FJI_1970,Fiji,1970,0.0,FJI
FJI_1971,Fiji,1971,0.0,FJI
FJI_1972,Fiji,1972,0.0,FJI
FJI_1973,Fiji,1973,0.0,FJI
FJI_1974,Fiji,1974,0.0,FJI
FJI_1975,Fiji,1975,0.0,FJI
FJI_1976,Fiji,1976,0.03,FJI
FJI_1977,Fiji,1977,0.19,FJI
FJI_1978,Fiji,1978,0.0,FJI
FJI_1979,Fiji,1979,0.7,FJI
FJI_1980,Fiji,1980,0.3,FJI
FJI_1981,Fiji,1981,0.0,FJI
FJI_1982,Fiji,1982,0.0,FJI
FJI_1983,Fiji,1983,0.0,FJI
FJI_1984,Fiji,1984,0.0,FJI
FJI_1985,Fiji,1985,0.0,FJI
FJI_1986,Fiji,1986,0.0,FJI
FJI_1987,Fiji,1987,0.0,FJI
FJI_1988,Fiji,1988,0.0,FJI
FJI_1989,Fiji,1989,0.0,FJI
FJI_1990,Fiji,1990,0.02,FJI
FJI_1991,Fiji,1991,0.05,FJI
FJI_1992,Fiji,1992,0.07,FJI
FJI_1993,Fiji,1993,0.08,FJI
FJI_1994,Fiji,1994,0.11,FJI
FJI_1995,Fiji,1995,0.14,FJI
FJI_1996,Fiji,1996,0.15,FJI
FJI_1997,Fiji,1997,0.15,FJI
FJI_1998,Fiji,1998,0.2,FJI
FJI_1999,Fiji,1999,0.19,FJI
FJI_2000,Fiji,2000,0.2,FJI
FJI_2001,Fiji,2001,0.21,FJI
FJI_2002,Fiji,2002,0.56,FJI
FJI_2003,Fiji,2003,0.72,FJI
FJI_2004,Fiji,2004,0.4,FJI
FJI_2005,Fiji,2005,0.37,FJI
FJI_2006,Fiji,2006,3.99,FJI
FJI_2007,Fiji,2007,3.41,FJI
FJI_2008,Fiji,2008,2.9,FJI
FJI_2009,Fiji,2009,4.14,FJI
FJI_2010,Fiji,2010,0.14,FJI
FJI_2011,Fiji,2011,0.58,FJI
FJI_2012,Fiji,2012,0.34,FJI
FJI_2013,Fiji,2013,1.17,FJI
FJI_2014,Fiji,2014,0.06,FJI
FJI_2015,Fiji,2015,0.0,FJI
FJI_2016,Fiji,2016,0.0,FJI
FJI_2017,Fiji,2017,6.14,FJI
FJI_2018,Fiji,2018,0.0,FJI
FJI_2019,Fiji,2019,0.0,FJI
FJI_2020,Fiji,2020,19.09,FJI
FJI_2021,Fiji,2021,63.65,FJI
FJI_2022,Fiji,2022,0.0,FJI
FJI_2023,Fiji,2023,0.0,FJI
FJI_2024,Fiji,2024,0.0,FJI
GAB_1960,Gabon,1960,0.0,GAB
GAB_1961,Gabon,1961,0.0,GAB
GAB_1962,Gabon,1962,0.0,GAB
GAB_1963,Gabon,1963,0.0,GAB
GAB_1964,Gabon,1964,0.0,GAB
GAB_1965,Gabon,1965,0.0,GAB
GAB_1966,Gabon,1966,0.0,GAB
GAB_1967,Gabon,1967,0.0,GAB
GAB_1968,Gabon,1968,0.0,GAB
GAB_1969,Gabon,1969,0.0,GAB
GAB_1970,Gabon,1970,0.0,GAB
GAB_1971,Gabon,1971,0.0,GAB
GAB_1972,Gabon,1972,0.0,GAB
GAB_1973,Gabon,1973,0.0,GAB
GAB_1974,Gabon,1974,0.0,GAB
GAB_1975,Gabon,1975,0.18,GAB
GAB_1976,Gabon,1976,0.05,GAB
GAB_1977,Gabon,1977,0.0,GAB
GAB_1978,Gabon,1978,60.0,GAB
GAB_1979,Gabon,1979,0.0,GAB
GAB_1980,Gabon,1980,0.03,GAB
GAB_1981,Gabon,1981,1.53,GAB
GAB_1982,Gabon,1982,5.08,GAB
GAB_1983,Gabon,1983,0.4,GAB
GAB_1984,Gabon,1984,0.09,GAB
GAB_1985,Gabon,1985,0.29,GAB
GAB_1986,Gabon,1986,128.22,GAB
GAB_1987,Gabon,1987,370.59,GAB
GAB_1988,Gabon,1988,462.35,GAB
GAB_1989,Gabon,1989,1003.94,GAB
GAB_1990,Gabon,1990,719.62,GAB
GAB_1991,Gabon,1991,927.03,GAB
GAB_1992,Gabon,1992,890.94,GAB
GAB_1993,Gabon,1993,1291.71,GAB
GAB_1994,Gabon,1994,2066.08,GAB
GAB_1995,Gabon,1995,1061.22,GAB
GAB_1996,Gabon,1996,333.7,GAB
GAB_1997,Gabon,1997,263.87,GAB
GAB_1998,Gabon,1998,292.34,GAB
GAB_1999,Gabon,1999,284.58,GAB
GAB_2000,Gabon,2000,940.7,GAB
GAB_2001,Gabon,2001,213.05,GAB
GAB_2002,Gabon,2002,114.42,GAB
GAB_2003,Gabon,2003,771.44,GAB
GAB_2004,Gabon,2004,1139.12,GAB
GAB_2005,Gabon,2005,835.93,GAB
GAB_2006,Gabon,2006,1104.3,GAB
GAB_2007,Gabon,2007,2371.09,GAB
GAB_2008,Gabon,2008,2286.18,GAB
GAB_2009,Gabon,2009,54.58,GAB
GAB_2010,Gabon,2010,8.51,GAB
GAB_2011,Gabon,2011,9.24,GAB
GAB_2012,Gabon,2012,10.96,GAB
GAB_2013,Gabon,2013,24.62,GAB
GAB_2014,Gabon,2014,0.0,GAB
GAB_2015,Gabon,2015,25.44,GAB
GAB_2016,Gabon,2016,175.46,GAB
GAB_2017,Gabon,2017,90.91,GAB
GAB_2018,Gabon,2018,51.85,GAB
GAB_2019,Gabon,2019,31.66,GAB
GAB_2020,Gabon,2020,142.43,GAB
GAB_2021,Gabon,2021,75.54,GAB
GAB_2022,Gabon,2022,87.74,GAB
GAB_2023,Gabon,2023,210.0,GAB
GAB_2024,Gabon,2024,250.0,GAB
GEO_1960,Georgia,1960,,GEO
GEO_1961,Georgia,1961,,GEO
GEO_1962,Georgia,1962,,GEO
GEO_1963,Georgia,1963,,GEO
GEO_1964,Georgia,1964,,GEO
GEO_1965,Georgia,1965,,GEO
GEO_1966,Georgia,1966,,GEO
GEO_1967,Georgia,1967,,GEO
GEO_1968,Georgia,1968,,GEO
GEO_1969,Georgia,1969,,GEO
GEO_1970,Georgia,1970,,GEO
GEO_1971,Georgia,1971,,GEO
GEO_1972,Georgia,1972,,GEO
GEO_1973,Georgia,1973,,GEO
GEO_1974,Georgia,1974,,GEO
GEO_1975,Georgia,1975,,GEO
GEO_1976,Georgia,1976,,GEO
GEO_1977,Georgia,1977,,GEO
GEO_1978,Georgia,1978,,GEO
GEO_1979,Georgia,1979,,GEO
GEO_1980,Georgia,1980,,GEO
GEO_1981,Georgia,1981,,GEO
GEO_1982,Georgia,1982,,GEO
GEO_1983,Georgia,1983,,GEO
GEO_1984,Georgia,1984,,GEO
GEO_1985,Georgia,1985,,GEO
GEO_1986,Georgia,1986,,GEO
GEO_1987,Georgia,1987,,GEO
GEO_1988,Georgia,1988,,GEO
GEO_1989,Georgia,1989,,GEO
GEO_1990,Georgia,1990,,GEO
GEO_1991,Georgia,1991,0.0,GEO
GEO_1992,Georgia,1992,1.1,GEO
GEO_1993,Georgia,1993,0.2,GEO
GEO_1994,Georgia,1994,58.35,GEO
GEO_1995,Georgia,1995,274.41,GEO
GEO_1996,Georgia,1996,452.22,GEO
GEO_1997,Georgia,1997,154.74,GEO
GEO_1998,Georgia,1998,59.18,GEO
GEO_1999,Georgia,1999,113.43,GEO
GEO_2000,Georgia,2000,180.67,GEO
GEO_2001,Georgia,2001,357.45,GEO
GEO_2002,Georgia,2002,351.54,GEO
GEO_2003,Georgia,2003,322.93,GEO
GEO_2004,Georgia,2004,423.89,GEO
GEO_2005,Georgia,2005,221.74,GEO
GEO_2006,Georgia,2006,214.76,GEO
GEO_2007,Georgia,2007,41.87,GEO
GEO_2008,Georgia,2008,35.36,GEO
GEO_2009,Georgia,2009,35.36,GEO
GEO_2010,Georgia,2010,35.36,GEO
GEO_2011,Georgia,2011,35.36,GEO
GEO_2012,Georgia,2012,35.68,GEO
GEO_2013,Georgia,2013,51.6,GEO
GEO_2014,Georgia,2014,35.36,GEO
GEO_2015,Georgia,2015,35.36,GEO
GEO_2016,Georgia,2016,35.36,GEO
GEO_2017,Georgia,2017,35.36,GEO
GEO_2018,Georgia,2018,7.3,GEO
GEO_2019,Georgia,2019,7.3,GEO
GEO_2020,Georgia,2020,7.3,GEO
GEO_2021,Georgia,2021,7.3,GEO
GEO_2022,Georgia,2022,7.3,GEO
GEO_2023,Georgia,2023,7.0,GEO
GEO_2024,Georgia,2024,7.0,GEO
GHA_1960,Ghana,1960,0.0,GHA
GHA_1961,Ghana,1961,0.0,GHA
GHA_1962,Ghana,1962,0.0,GHA
GHA_1963,Ghana,1963,0.0,GHA
GHA_1964,Ghana,1964,0.0,GHA
GHA_1965,Ghana,1965,116.0,GHA
GHA_1966,Ghana,1966,178.65,GHA
GHA_1967,Ghana,1967,57.0,GHA
GHA_1968,Ghana,1968,246.0,GHA
GHA_1969,Ghana,1969,50.0,GHA
GHA_1970,Ghana,1970,43.44,GHA
GHA_1971,Ghana,1971,34.72,GHA
GHA_1972,Ghana,1972,76.12,GHA
GHA_1973,Ghana,1973,112.68,GHA
GHA_1974,Ghana,1974,221.27,GHA
GHA_1975,Ghana,1975,54.96,GHA
GHA_1976,Ghana,1976,34.12,GHA
GHA_1977,Ghana,1977,38.36,GHA
GHA_1978,Ghana,1978,28.61,GHA
GHA_1979,Ghana,1979,924.62,GHA
GHA_1980,Ghana,1980,9.29,GHA
GHA_1981,Ghana,1981,18.32,GHA
GHA_1982,Ghana,1982,2553.05,GHA
GHA_1983,Ghana,1983,17.89,GHA
GHA_1984,Ghana,1984,29.7,GHA
GHA_1985,Ghana,1985,44.14,GHA
GHA_1986,Ghana,1986,54.12,GHA
GHA_1987,Ghana,1987,76.12,GHA
GHA_1988,Ghana,1988,77.45,GHA
GHA_1989,Ghana,1989,113.48,GHA
GHA_1990,Ghana,1990,132.97,GHA
GHA_1991,Ghana,1991,167.24,GHA
GHA_1992,Ghana,1992,121.94,GHA
GHA_1993,Ghana,1993,158.64,GHA
GHA_1994,Ghana,1994,150.98,GHA
GHA_1995,Ghana,1995,117.11,GHA
GHA_1996,Ghana,1996,134.79,GHA
GHA_1997,Ghana,1997,27.13,GHA
GHA_1998,Ghana,1998,79.17,GHA
GHA_1999,Ghana,1999,107.99,GHA
GHA_2000,Ghana,2000,111.11,GHA
GHA_2001,Ghana,2001,463.0,GHA
GHA_2002,Ghana,2002,361.15,GHA
GHA_2003,Ghana,2003,260.62,GHA
GHA_2004,Ghana,2004,1642.99,GHA
GHA_2005,Ghana,2005,145.39,GHA
GHA_2006,Ghana,2006,4731.07,GHA
GHA_2007,Ghana,2007,70.46,GHA
GHA_2008,Ghana,2008,38.19,GHA
GHA_2009,Ghana,2009,45.49,GHA
GHA_2010,Ghana,2010,82.21,GHA
GHA_2011,Ghana,2011,140.33,GHA
GHA_2012,Ghana,2012,214.88,GHA
GHA_2013,Ghana,2013,468.35,GHA
GHA_2014,Ghana,2014,1827.85,GHA
GHA_2015,Ghana,2015,567.64,GHA
GHA_2016,Ghana,2016,600.91,GHA
GHA_2017,Ghana,2017,893.03,GHA
GHA_2018,Ghana,2018,1213.0,GHA
GHA_2019,Ghana,2019,1011.46,GHA
GHA_2020,Ghana,2020,1625.77,GHA
GHA_2021,Ghana,2021,158.83,GHA
GHA_2022,Ghana,2022,27235.0,GHA
GHA_2023,Ghana,2023,37831.8,GHA
GHA_2024,Ghana,2024,6345.0,GHA
GRC_1960,Greece,1960,368.6,GRC
GRC_1961,Greece,1961,377.75,GRC
GRC_1962,Greece,1962,386.91,GRC
GRC_1963,Greece,1963,301.08,GRC
GRC_1964,Greece,1964,307.64,GRC
GRC_1965,Greece,1965,314.21,GRC
GRC_1966,Greece,1966,0.0,GRC
GRC_1967,Greece,1967,0.0,GRC
GRC_1968,Greece,1968,0.0,GRC
GRC_1969,Greece,1969,0.0,GRC
GRC_1970,Greece,1970,0.0,GRC
GRC_1971,Greece,1971,0.0,GRC
GRC_1972,Greece,1972,0.0,GRC
GRC_1973,Greece,1973,0.0,GRC
GRC_1974,Greece,1974,0.0,GRC
GRC_1975,Greece,1975,0.0,GRC
GRC_1976,Greece,1976,0.0,GRC
GRC_1977,Greece,1977,0.0,GRC
GRC_1978,Greece,1978,0.0,GRC
GRC_1979,Greece,1979,0.0,GRC
GRC_1980,Greece,1980,0.0,GRC
GRC_1981,Greece,1981,0.0,GRC
GRC_1982,Greece,1982,0.0,GRC
GRC_1983,Greece,1983,0.0,GRC
GRC_1984,Greece,1984,0.0,GRC
GRC_1985,Greece,1985,0.0,GRC
GRC_1986,Greece,1986,0.0,GRC
GRC_1987,Greece,1987,0.0,GRC
GRC_1988,Greece,1988,0.0,GRC
GRC_1989,Greece,1989,0.0,GRC
GRC_1990,Greece,1990,0.0,GRC
GRC_1991,Greece,1991,0.0,GRC
GRC_1992,Greece,1992,0.0,GRC
GRC_1993,Greece,1993,0.0,GRC
GRC_1994,Greece,1994,0.0,GRC
GRC_1995,Greece,1995,0.0,GRC
GRC_1996,Greece,1996,0.0,GRC
GRC_1997,Greece,1997,0.0,GRC
GRC_1998,Greece,1998,0.0,GRC
GRC_1999,Greece,1999,0.0,GRC
GRC_2000,Greece,2000,0.0,GRC
GRC_2001,Greece,2001,0.0,GRC
GRC_2002,Greece,2002,0.0,GRC
GRC_2003,Greece,2003,0.0,GRC
GRC_2004,Greece,2004,0.0,GRC
GRC_2005,Greece,2005,0.0,GRC
GRC_2006,Greece,2006,0.0,GRC
GRC_2007,Greece,2007,0.0,GRC
GRC_2008,Greece,2008,0.0,GRC
GRC_2009,Greece,2009,0.0,GRC
GRC_2010,Greece,2010,0.0,GRC
GRC_2011,Greece,2011,0.0,GRC
GRC_2012,Greece,2012,312420.0,GRC
GRC_2013,Greece,2013,212819.0,GRC
GRC_2014,Greece,2014,0.0,GRC
GRC_2015,Greece,2015,2222.0,GRC
GRC_2016,Greece,2016,0.0,GRC
GRC_2017,Greece,2017,0.0,GRC
GRC_2018,Greece,2018,110938.0,GRC
GRC_2019,Greece,2019,0.0,GRC
GRC_2020,Greece,2020,0.0,GRC
GRC_2021,Greece,2021,0.0,GRC
GRC_2022,Greece,2022,0.0,GRC
GRC_2023,Greece,2023,0.0,GRC
GRC_2024,Greece,2024,0.0,GRC
GRD_1960,Grenada,1960,,GRD
GRD_1961,Grenada,1961,,GRD
GRD_1962,Grenada,1962,,GRD
GRD_1963,Grenada,1963,,GRD
GRD_1964,Grenada,1964,,GRD
GRD_1965,Grenada,1965,,GRD
GRD_1966,Grenada,1966,,GRD
GRD_1967,Grenada,1967,,GRD
GRD_1968,Grenada,1968,,GRD
GRD_1969,Grenada,1969,,GRD
GRD_1970,Grenada,1970,,GRD
GRD_1971,Grenada,1971,,GRD
GRD_1972,Grenada,1972,,GRD
GRD_1973,Grenada,1973,,GRD
GRD_1974,Grenada,1974,0.0,GRD
GRD_1975,Grenada,1975,0.0,GRD
GRD_1976,Grenada,1976,0.0,GRD
GRD_1977,Grenada,1977,0.0,GRD
GRD_1978,Grenada,1978,0.0,GRD
GRD_1979,Grenada,1979,0.0,GRD
GRD_1980,Grenada,1980,0.0,GRD
GRD_1981,Grenada,1981,0.42,GRD
GRD_1982,Grenada,1982,0.42,GRD
GRD_1983,Grenada,1983,0.73,GRD
GRD_1984,Grenada,1984,2.61,GRD
GRD_1985,Grenada,1985,6.95,GRD
GRD_1986,Grenada,1986,8.86,GRD
GRD_1987,Grenada,1987,14.43,GRD
GRD_1988,Grenada,1988,18.65,GRD
GRD_1989,Grenada,1989,25.49,GRD
GRD_1990,Grenada,1990,37.88,GRD
GRD_1991,Grenada,1991,45.27,GRD
GRD_1992,Grenada,1992,43.29,GRD
GRD_1993,Grenada,1993,43.44,GRD
GRD_1994,Grenada,1994,45.25,GRD
GRD_1995,Grenada,1995,46.91,GRD
GRD_1996,Grenada,1996,49.37,GRD
GRD_1997,Grenada,1997,17.29,GRD
GRD_1998,Grenada,1998,16.85,GRD
GRD_1999,Grenada,1999,20.32,GRD
GRD_2000,Grenada,2000,15.94,GRD
GRD_2001,Grenada,2001,13.73,GRD
GRD_2002,Grenada,2002,12.74,GRD
GRD_2003,Grenada,2003,12.27,GRD
GRD_2004,Grenada,2004,264.69,GRD
GRD_2005,Grenada,2005,253.59,GRD
GRD_2006,Grenada,2006,22.2,GRD
GRD_2007,Grenada,2007,26.83,GRD
GRD_2008,Grenada,2008,32.37,GRD
GRD_2009,Grenada,2009,39.73,GRD
GRD_2010,Grenada,2010,41.65,GRD
GRD_2011,Grenada,2011,45.28,GRD
GRD_2012,Grenada,2012,80.61,GRD
GRD_2013,Grenada,2013,313.4,GRD
GRD_2014,Grenada,2014,329.77,GRD
GRD_2015,Grenada,2015,402.48,GRD
GRD_2016,Grenada,2016,155.92,GRD
GRD_2017,Grenada,2017,212.07,GRD
GRD_2018,Grenada,2018,22.58,GRD
GRD_2019,Grenada,2019,24.71,GRD
GRD_2020,Grenada,2020,29.19,GRD
GRD_2021,Grenada,2021,30.16,GRD
GRD_2022,Grenada,2022,31.46,GRD
GRD_2023,Grenada,2023,33.0,GRD
GRD_2024,Grenada,2024,35.0,GRD
GTM_1960,Guatemala,1960,0.0,GTM
GTM_1961,Guatemala,1961,0.0,GTM
GTM_1962,Guatemala,1962,0.0,GTM
GTM_1963,Guatemala,1963,0.0,GTM
GTM_1964,Guatemala,1964,0.0,GTM
GTM_1965,Guatemala,1965,0.0,GTM
GTM_1966,Guatemala,1966,0.0,GTM
GTM_1967,Guatemala,1967,0.0,GTM
GTM_1968,Guatemala,1968,0.0,GTM
GTM_1969,Guatemala,1969,0.0,GTM
GTM_1970,Guatemala,1970,0.0,GTM
GTM_1971,Guatemala,1971,0.0,GTM
GTM_1972,Guatemala,1972,0.0,GTM
GTM_1973,Guatemala,1973,0.0,GTM
GTM_1974,Guatemala,1974,0.0,GTM
GTM_1975,Guatemala,1975,0.0,GTM
GTM_1976,Guatemala,1976,0.0,GTM
GTM_1977,Guatemala,1977,0.0,GTM
GTM_1978,Guatemala,1978,0.0,GTM
GTM_1979,Guatemala,1979,0.0,GTM
GTM_1980,Guatemala,1980,0.0,GTM
GTM_1981,Guatemala,1981,0.0,GTM
GTM_1982,Guatemala,1982,0.0,GTM
GTM_1983,Guatemala,1983,0.25,GTM
GTM_1984,Guatemala,1984,18.07,GTM
GTM_1985,Guatemala,1985,76.56,GTM
GTM_1986,Guatemala,1986,233.54,GTM
GTM_1987,Guatemala,1987,329.27,GTM
GTM_1988,Guatemala,1988,324.59,GTM
GTM_1989,Guatemala,1989,914.33,GTM
GTM_1990,Guatemala,1990,506.47,GTM
GTM_1991,Guatemala,1991,533.54,GTM
GTM_1992,Guatemala,1992,519.77,GTM
GTM_1993,Guatemala,1993,907.98,GTM
GTM_1994,Guatemala,1994,447.82,GTM
GTM_1995,Guatemala,1995,477.6,GTM
GTM_1996,Guatemala,1996,488.7,GTM
GTM_1997,Guatemala,1997,474.2,GTM
GTM_1998,Guatemala,1998,461.0,GTM
GTM_1999,Guatemala,1999,492.1,GTM
GTM_2000,Guatemala,2000,541.4,GTM
GTM_2001,Guatemala,2001,522.94,GTM
GTM_2002,Guatemala,2002,522.05,GTM
GTM_2003,Guatemala,2003,534.98,GTM
GTM_2004,Guatemala,2004,544.93,GTM
GTM_2005,Guatemala,2005,544.93,GTM
GTM_2006,Guatemala,2006,128.6,GTM
GTM_2007,Guatemala,2007,0.03,GTM
GTM_2008,Guatemala,2008,0.0,GTM
GTM_2009,Guatemala,2009,0.0,GTM
GTM_2010,Guatemala,2010,0.0,GTM
GTM_2011,Guatemala,2011,0.0,GTM
GTM_2012,Guatemala,2012,0.0,GTM
GTM_2013,Guatemala,2013,0.39,GTM
GTM_2014,Guatemala,2014,0.0,GTM
GTM_2015,Guatemala,2015,0.0,GTM
GTM_2016,Guatemala,2016,0.0,GTM
GTM_2017,Guatemala,2017,0.0,GTM
GTM_2018,Guatemala,2018,0.0,GTM
GTM_2019,Guatemala,2019,0.0,GTM
GTM_2020,Guatemala,2020,3.91,GTM
GTM_2021,Guatemala,2021,0.0,GTM
GTM_2022,Guatemala,2022,0.23,GTM
GTM_2023,Guatemala,2023,0.0,GTM
GTM_2024,Guatemala,2024,0.0,GTM
GIN_1960,Guinea,1960,0.0,GIN
GIN_1961,Guinea,1961,0.0,GIN
GIN_1962,Guinea,1962,0.0,GIN
GIN_1963,Guinea,1963,0.0,GIN
GIN_1964,Guinea,1964,0.0,GIN
GIN_1965,Guinea,1965,29.0,GIN
GIN_1966,Guinea,1966,0.0,GIN
GIN_1967,Guinea,1967,7.0,GIN
GIN_1968,Guinea,1968,9.0,GIN
GIN_1969,Guinea,1969,9.0,GIN
GIN_1970,Guinea,1970,21.64,GIN
GIN_1971,Guinea,1971,41.88,GIN
GIN_1972,Guinea,1972,62.85,GIN
GIN_1973,Guinea,1973,95.9,GIN
GIN_1974,Guinea,1974,129.62,GIN
GIN_1975,Guinea,1975,157.77,GIN
GIN_1976,Guinea,1976,172.31,GIN
GIN_1977,Guinea,1977,200.73,GIN
GIN_1978,Guinea,1978,242.94,GIN
GIN_1979,Guinea,1979,249.02,GIN
GIN_1980,Guinea,1980,134.27,GIN
GIN_1981,Guinea,1981,160.14,GIN
GIN_1982,Guinea,1982,191.25,GIN
GIN_1983,Guinea,1983,207.51,GIN
GIN_1984,Guinea,1984,201.73,GIN
GIN_1985,Guinea,1985,273.32,GIN
GIN_1986,Guinea,1986,247.86,GIN
GIN_1987,Guinea,1987,248.19,GIN
GIN_1988,Guinea,1988,355.09,GIN
GIN_1989,Guinea,1989,712.04,GIN
GIN_1990,Guinea,1990,414.67,GIN
GIN_1991,Guinea,1991,372.91,GIN
GIN_1992,Guinea,1992,521.03,GIN
GIN_1993,Guinea,1993,450.71,GIN
GIN_1994,Guinea,1994,565.33,GIN
GIN_1995,Guinea,1995,628.12,GIN
GIN_1996,Guinea,1996,534.95,GIN
GIN_1997,Guinea,1997,605.77,GIN
GIN_1998,Guinea,1998,697.78,GIN
GIN_1999,Guinea,1999,575.15,GIN
GIN_2000,Guinea,2000,399.89,GIN
GIN_2001,Guinea,2001,503.81,GIN
GIN_2002,Guinea,2002,347.17,GIN
GIN_2003,Guinea,2003,343.17,GIN
GIN_2004,Guinea,2004,328.58,GIN
GIN_2005,Guinea,2005,331.55,GIN
GIN_2006,Guinea,2006,339.81,GIN
GIN_2007,Guinea,2007,354.63,GIN
GIN_2008,Guinea,2008,371.53,GIN
GIN_2009,Guinea,2009,169.37,GIN
GIN_2010,Guinea,2010,248.25,GIN
GIN_2011,Guinea,2011,162.93,GIN
GIN_2012,Guinea,2012,2125.98,GIN
GIN_2013,Guinea,2013,185.13,GIN
GIN_2014,Guinea,2014,170.47,GIN
GIN_2015,Guinea,2015,89.57,GIN
GIN_2016,Guinea,2016,88.94,GIN
GIN_2017,Guinea,2017,90.92,GIN
GIN_2018,Guinea,2018,90.35,GIN
GIN_2019,Guinea,2019,90.22,GIN
GIN_2020,Guinea,2020,130.35,GIN
GIN_2021,Guinea,2021,126.41,GIN
GIN_2022,Guinea,2022,120.57,GIN
GIN_2023,Guinea,2023,126.0,GIN
GIN_2024,Guinea,2024,125.0,GIN
GNB_1960,Guinea-Bissau,1960,,GNB
GNB_1961,Guinea-Bissau,1961,,GNB
GNB_1962,Guinea-Bissau,1962,,GNB
GNB_1963,Guinea-Bissau,1963,,GNB
GNB_1964,Guinea-Bissau,1964,,GNB
GNB_1965,Guinea-Bissau,1965,,GNB
GNB_1966,Guinea-Bissau,1966,,GNB
GNB_1967,Guinea-Bissau,1967,,GNB
GNB_1968,Guinea-Bissau,1968,,GNB
GNB_1969,Guinea-Bissau,1969,,GNB
GNB_1970,Guinea-Bissau,1970,,GNB
GNB_1971,Guinea-Bissau,1971,,GNB
GNB_1972,Guinea-Bissau,1972,,GNB
GNB_1973,Guinea-Bissau,1973,,GNB
GNB_1974,Guinea-Bissau,1974,0.0,GNB
GNB_1975,Guinea-Bissau,1975,0.0,GNB
GNB_1976,Guinea-Bissau,1976,0.11,GNB
GNB_1977,Guinea-Bissau,1977,0.22,GNB
GNB_1978,Guinea-Bissau,1978,0.62,GNB
GNB_1979,Guinea-Bissau,1979,2.32,GNB
GNB_1980,Guinea-Bissau,1980,5.4,GNB
GNB_1981,Guinea-Bissau,1981,15.54,GNB
GNB_1982,Guinea-Bissau,1982,28.11,GNB
GNB_1983,Guinea-Bissau,1983,32.69,GNB
GNB_1984,Guinea-Bissau,1984,26.79,GNB
GNB_1985,Guinea-Bissau,1985,37.53,GNB
GNB_1986,Guinea-Bissau,1986,48.35,GNB
GNB_1987,Guinea-Bissau,1987,51.16,GNB
GNB_1988,Guinea-Bissau,1988,50.32,GNB
GNB_1989,Guinea-Bissau,1989,117.75,GNB
GNB_1990,Guinea-Bissau,1990,163.17,GNB
GNB_1991,Guinea-Bissau,1991,180.67,GNB
GNB_1992,Guinea-Bissau,1992,224.9,GNB
GNB_1993,Guinea-Bissau,1993,272.4,GNB
GNB_1994,Guinea-Bissau,1994,341.21,GNB
GNB_1995,Guinea-Bissau,1995,368.94,GNB
GNB_1996,Guinea-Bissau,1996,381.9,GNB
GNB_1997,Guinea-Bissau,1997,14.28,GNB
GNB_1998,Guinea-Bissau,1998,254.09,GNB
GNB_1999,Guinea-Bissau,1999,283.04,GNB
GNB_2000,Guinea-Bissau,2000,309.94,GNB
GNB_2001,Guinea-Bissau,2001,339.4,GNB
GNB_2002,Guinea-Bissau,2002,354.48,GNB
GNB_2003,Guinea-Bissau,2003,399.67,GNB
GNB_2004,Guinea-Bissau,2004,518.63,GNB
GNB_2005,Guinea-Bissau,2005,386.25,GNB
GNB_2006,Guinea-Bissau,2006,386.72,GNB
GNB_2007,Guinea-Bissau,2007,396.49,GNB
GNB_2008,Guinea-Bissau,2008,456.32,GNB
GNB_2009,Guinea-Bissau,2009,463.47,GNB
GNB_2010,Guinea-Bissau,2010,415.99,GNB
GNB_2011,Guinea-Bissau,2011,842.58,GNB
GNB_2012,Guinea-Bissau,2012,77.46,GNB
GNB_2013,Guinea-Bissau,2013,77.49,GNB
GNB_2014,Guinea-Bissau,2014,77.48,GNB
GNB_2015,Guinea-Bissau,2015,77.54,GNB
GNB_2016,Guinea-Bissau,2016,77.56,GNB
GNB_2017,Guinea-Bissau,2017,63.93,GNB
GNB_2018,Guinea-Bissau,2018,26.06,GNB
GNB_2019,Guinea-Bissau,2019,26.48,GNB
GNB_2020,Guinea-Bissau,2020,28.32,GNB
GNB_2021,Guinea-Bissau,2021,56.86,GNB
GNB_2022,Guinea-Bissau,2022,8.08,GNB
GNB_2023,Guinea-Bissau,2023,89.0,GNB
GNB_2024,Guinea-Bissau,2024,4.0,GNB
GUY_1960,Guyana,1960,,GUY
GUY_1961,Guyana,1961,,GUY
GUY_1962,Guyana,1962,,GUY
GUY_1963,Guyana,1963,,GUY
GUY_1964,Guyana,1964,,GUY
GUY_1965,Guyana,1965,,GUY
GUY_1966,Guyana,1966,0.0,GUY
GUY_1967,Guyana,1967,0.0,GUY
GUY_1968,Guyana,1968,0.0,GUY
GUY_1969,Guyana,1969,0.0,GUY
GUY_1970,Guyana,1970,0.0,GUY
GUY_1971,Guyana,1971,0.0,GUY
GUY_1972,Guyana,1972,0.54,GUY
GUY_1973,Guyana,1973,0.77,GUY
GUY_1974,Guyana,1974,2.16,GUY
GUY_1975,Guyana,1975,3.46,GUY
GUY_1976,Guyana,1976,17.02,GUY
GUY_1977,Guyana,1977,25.08,GUY
GUY_1978,Guyana,1978,39.25,GUY
GUY_1979,Guyana,1979,106.09,GUY
GUY_1980,Guyana,1980,77.84,GUY
GUY_1981,Guyana,1981,82.35,GUY
GUY_1982,Guyana,1982,131.19,GUY
GUY_1983,Guyana,1983,172.14,GUY
GUY_1984,Guyana,1984,293.03,GUY
GUY_1985,Guyana,1985,373.51,GUY
GUY_1986,Guyana,1986,458.27,GUY
GUY_1987,Guyana,1987,1009.41,GUY
GUY_1988,Guyana,1988,1121.78,GUY
GUY_1989,Guyana,1989,786.61,GUY
GUY_1990,Guyana,1990,672.3,GUY
GUY_1991,Guyana,1991,348.06,GUY
GUY_1992,Guyana,1992,238.02,GUY
GUY_1993,Guyana,1993,194.31,GUY
GUY_1994,Guyana,1994,205.94,GUY
GUY_1995,Guyana,1995,248.86,GUY
GUY_1996,Guyana,1996,919.18,GUY
GUY_1997,Guyana,1997,195.45,GUY
GUY_1998,Guyana,1998,176.52,GUY
GUY_1999,Guyana,1999,457.18,GUY
GUY_2000,Guyana,2000,146.71,GUY
GUY_2001,Guyana,2001,153.98,GUY
GUY_2002,Guyana,2002,158.29,GUY
GUY_2003,Guyana,2003,184.93,GUY
GUY_2004,Guyana,2004,196.81,GUY
GUY_2005,Guyana,2005,227.58,GUY
GUY_2006,Guyana,2006,456.26,GUY
GUY_2007,Guyana,2007,595.22,GUY
GUY_2008,Guyana,2008,183.21,GUY
GUY_2009,Guyana,2009,174.78,GUY
GUY_2010,Guyana,2010,185.25,GUY
GUY_2011,Guyana,2011,189.06,GUY
GUY_2012,Guyana,2012,192.77,GUY
GUY_2013,Guyana,2013,474.42,GUY
GUY_2014,Guyana,2014,313.33,GUY
GUY_2015,Guyana,2015,246.3,GUY
GUY_2016,Guyana,2016,170.75,GUY
GUY_2017,Guyana,2017,164.79,GUY
GUY_2018,Guyana,2018,166.68,GUY
GUY_2019,Guyana,2019,97.85,GUY
GUY_2020,Guyana,2020,89.01,GUY
GUY_2021,Guyana,2021,89.84,GUY
GUY_2022,Guyana,2022,90.82,GUY
GUY_2023,Guyana,2023,74.0,GUY
GUY_2024,Guyana,2024,75.0,GUY
HTI_1960,Haiti,1960,1.0,HTI
HTI_1961,Haiti,1961,1.0,HTI
HTI_1962,Haiti,1962,1.0,HTI
HTI_1963,Haiti,1963,27.0,HTI
HTI_1964,Haiti,1964,27.0,HTI
HTI_1965,Haiti,1965,29.0,HTI
HTI_1966,Haiti,1966,0.2,HTI
HTI_1967,Haiti,1967,3.55,HTI
HTI_1968,Haiti,1968,4.2,HTI
HTI_1969,Haiti,1969,5.5,HTI
HTI_1970,Haiti,1970,4.32,HTI
HTI_1971,Haiti,1971,4.32,HTI
HTI_1972,Haiti,1972,4.33,HTI
HTI_1973,Haiti,1973,4.05,HTI
HTI_1974,Haiti,1974,0.05,HTI
HTI_1975,Haiti,1975,2.99,HTI
HTI_1976,Haiti,1976,0.0,HTI
HTI_1977,Haiti,1977,0.0,HTI
HTI_1978,Haiti,1978,0.0,HTI
HTI_1979,Haiti,1979,0.0,HTI
HTI_1980,Haiti,1980,0.0,HTI
HTI_1981,Haiti,1981,0.15,HTI
HTI_1982,Haiti,1982,2.69,HTI
HTI_1983,Haiti,1983,9.77,HTI
HTI_1984,Haiti,1984,17.6,HTI
HTI_1985,Haiti,1985,29.93,HTI
HTI_1986,Haiti,1986,38.5,HTI
HTI_1987,Haiti,1987,41.68,HTI
HTI_1988,Haiti,1988,104.52,HTI
HTI_1989,Haiti,1989,100.7,HTI
HTI_1990,Haiti,1990,66.62,HTI
HTI_1991,Haiti,1991,230.79,HTI
HTI_1992,Haiti,1992,84.97,HTI
HTI_1993,Haiti,1993,172.59,HTI
HTI_1994,Haiti,1994,194.05,HTI
HTI_1995,Haiti,1995,199.64,HTI
HTI_1996,Haiti,1996,5.17,HTI
HTI_1997,Haiti,1997,3.85,HTI
HTI_1998,Haiti,1998,2.88,HTI
HTI_1999,Haiti,1999,3.2,HTI
HTI_2000,Haiti,2000,3.46,HTI
HTI_2001,Haiti,2001,12.02,HTI
HTI_2002,Haiti,2002,38.14,HTI
HTI_2003,Haiti,2003,88.02,HTI
HTI_2004,Haiti,2004,89.0,HTI
HTI_2005,Haiti,2005,36.48,HTI
HTI_2006,Haiti,2006,69.0,HTI
HTI_2007,Haiti,2007,46.81,HTI
HTI_2008,Haiti,2008,16.25,HTI
HTI_2009,Haiti,2009,1027.05,HTI
HTI_2010,Haiti,2010,773.85,HTI
HTI_2011,Haiti,2011,557.4,HTI
HTI_2012,Haiti,2012,717.63,HTI
HTI_2013,Haiti,2013,870.0,HTI
HTI_2014,Haiti,2014,1023.0,HTI
HTI_2015,Haiti,2015,1176.0,HTI
HTI_2016,Haiti,2016,1600.0,HTI
HTI_2017,Haiti,2017,1684.0,HTI
HTI_2018,Haiti,2018,1768.0,HTI
HTI_2019,Haiti,2019,1853.0,HTI
HTI_2020,Haiti,2020,1841.0,HTI
HTI_2021,Haiti,2021,2017.0,HTI
HTI_2022,Haiti,2022,2159.0,HTI
HTI_2023,Haiti,2023,2256.0,HTI
HTI_2024,Haiti,2024,1614.0,HTI
HND_1960,Honduras,1960,0.0,HND
HND_1961,Honduras,1961,0.0,HND
HND_1962,Honduras,1962,0.0,HND
HND_1963,Honduras,1963,0.0,HND
HND_1964,Honduras,1964,0.0,HND
HND_1965,Honduras,1965,0.0,HND
HND_1966,Honduras,1966,0.0,HND
HND_1967,Honduras,1967,0.0,HND
HND_1968,Honduras,1968,0.0,HND
HND_1969,Honduras,1969,0.0,HND
HND_1970,Honduras,1970,0.0,HND
HND_1971,Honduras,1971,0.0,HND
HND_1972,Honduras,1972,0.0,HND
HND_1973,Honduras,1973,0.0,HND
HND_1974,Honduras,1974,0.0,HND
HND_1975,Honduras,1975,0.0,HND
HND_1976,Honduras,1976,0.0,HND
HND_1977,Honduras,1977,0.25,HND
HND_1978,Honduras,1978,1.01,HND
HND_1979,Honduras,1979,2.6,HND
HND_1980,Honduras,1980,2.68,HND
HND_1981,Honduras,1981,16.05,HND
HND_1982,Honduras,1982,98.23,HND
HND_1983,Honduras,1983,112.23,HND
HND_1984,Honduras,1984,382.43,HND
HND_1985,Honduras,1985,338.46,HND
HND_1986,Honduras,1986,426.52,HND
HND_1987,Honduras,1987,519.34,HND
HND_1988,Honduras,1988,596.32,HND
HND_1989,Honduras,1989,687.73,HND
HND_1990,Honduras,1990,1036.52,HND
HND_1991,Honduras,1991,744.42,HND
HND_1992,Honduras,1992,306.8,HND
HND_1993,Honduras,1993,390.65,HND
HND_1994,Honduras,1994,342.91,HND
HND_1995,Honduras,1995,292.96,HND
HND_1996,Honduras,1996,314.51,HND
HND_1997,Honduras,1997,353.85,HND
HND_1998,Honduras,1998,248.73,HND
HND_1999,Honduras,1999,532.84,HND
HND_2000,Honduras,2000,256.27,HND
HND_2001,Honduras,2001,202.76,HND
HND_2002,Honduras,2002,176.24,HND
HND_2003,Honduras,2003,226.17,HND
HND_2004,Honduras,2004,501.38,HND
HND_2005,Honduras,2005,1011.42,HND
HND_2006,Honduras,2006,1519.94,HND
HND_2007,Honduras,2007,1244.11,HND
HND_2008,Honduras,2008,81.71,HND
HND_2009,Honduras,2009,47.82,HND
HND_2010,Honduras,2010,48.6,HND
HND_2011,Honduras,2011,115.25,HND
HND_2012,Honduras,2012,26.87,HND
HND_2013,Honduras,2013,26.13,HND
HND_2014,Honduras,2014,23.61,HND
HND_2015,Honduras,2015,19.67,HND
HND_2016,Honduras,2016,13.95,HND
HND_2017,Honduras,2017,18.07,HND
HND_2018,Honduras,2018,13.8,HND
HND_2019,Honduras,2019,12.0,HND
HND_2020,Honduras,2020,13.13,HND
HND_2021,Honduras,2021,19.16,HND
HND_2022,Honduras,2022,22.49,HND
HND_2023,Honduras,2023,24.39,HND
HND_2024,Honduras,2024,27.39,HND
HUN_1960,Hungary,1960,144.85,HUN
HUN_1961,Hungary,1961,147.75,HUN
HUN_1962,Hungary,1962,150.65,HUN
HUN_1963,Hungary,1963,153.55,HUN
HUN_1964,Hungary,1964,156.45,HUN
HUN_1965,Hungary,1965,159.34,HUN
HUN_1966,Hungary,1966,162.24,HUN
HUN_1967,Hungary,1967,148.79,HUN
HUN_1968,Hungary,1968,51.59,HUN
HUN_1969,Hungary,1969,52.48,HUN
HUN_1970,Hungary,1970,53.36,HUN
HUN_1971,Hungary,1971,54.25,HUN
HUN_1972,Hungary,1972,55.13,HUN
HUN_1973,Hungary,1973,56.02,HUN
HUN_1974,Hungary,1974,56.91,HUN
HUN_1975,Hungary,1975,57.79,HUN
HUN_1976,Hungary,1976,0.0,HUN
HUN_1977,Hungary,1977,0.0,HUN
HUN_1978,Hungary,1978,0.0,HUN
HUN_1979,Hungary,1979,0.0,HUN
HUN_1980,Hungary,1980,0.0,HUN
HUN_1981,Hungary,1981,0.0,HUN
HUN_1982,Hungary,1982,0.0,HUN
HUN_1983,Hungary,1983,0.0,HUN
HUN_1984,Hungary,1984,0.0,HUN
HUN_1985,Hungary,1985,0.0,HUN
HUN_1986,Hungary,1986,0.0,HUN
HUN_1987,Hungary,1987,0.0,HUN
HUN_1988,Hungary,1988,0.0,HUN
HUN_1989,Hungary,1989,0.0,HUN
HUN_1990,Hungary,1990,0.0,HUN
HUN_1991,Hungary,1991,0.0,HUN
HUN_1992,Hungary,1992,0.0,HUN
HUN_1993,Hungary,1993,0.0,HUN
HUN_1994,Hungary,1994,0.0,HUN
HUN_1995,Hungary,1995,0.0,HUN
HUN_1996,Hungary,1996,0.0,HUN
HUN_1997,Hungary,1997,0.0,HUN
HUN_1998,Hungary,1998,0.0,HUN
HUN_1999,Hungary,1999,0.0,HUN
HUN_2000,Hungary,2000,0.0,HUN
HUN_2001,Hungary,2001,0.0,HUN
HUN_2002,Hungary,2002,0.0,HUN
HUN_2003,Hungary,2003,0.0,HUN
HUN_2004,Hungary,2004,0.0,HUN
HUN_2005,Hungary,2005,0.0,HUN
HUN_2006,Hungary,2006,0.0,HUN
HUN_2007,Hungary,2007,0.0,HUN
HUN_2008,Hungary,2008,0.0,HUN
HUN_2009,Hungary,2009,0.0,HUN
HUN_2010,Hungary,2010,0.0,HUN
HUN_2011,Hungary,2011,0.0,HUN
HUN_2012,Hungary,2012,0.0,HUN
HUN_2013,Hungary,2013,0.0,HUN
HUN_2014,Hungary,2014,0.0,HUN
HUN_2015,Hungary,2015,0.0,HUN
HUN_2016,Hungary,2016,0.0,HUN
HUN_2017,Hungary,2017,0.0,HUN
HUN_2018,Hungary,2018,0.0,HUN
HUN_2019,Hungary,2019,0.0,HUN
HUN_2020,Hungary,2020,0.0,HUN
HUN_2021,Hungary,2021,0.0,HUN
HUN_2022,Hungary,2022,0.0,HUN
HUN_2023,Hungary,2023,0.0,HUN
HUN_2024,Hungary,2024,0.0,HUN
IND_1960,India,1960,0.0,IND
IND_1961,India,1961,0.0,IND
IND_1962,India,1962,0.0,IND
IND_1963,India,1963,0.0,IND
IND_1964,India,1964,0.0,IND
IND_1965,India,1965,0.0,IND
IND_1966,India,1966,0.0,IND
IND_1967,India,1967,30.0,IND
IND_1968,India,1968,403.0,IND
IND_1969,India,1969,0.0,IND
IND_1970,India,1970,0.0,IND
IND_1971,India,1971,0.0,IND
IND_1972,India,1972,153.0,IND
IND_1973,India,1973,187.0,IND
IND_1974,India,1974,194.0,IND
IND_1975,India,1975,228.0,IND
IND_1976,India,1976,169.0,IND
IND_1977,India,1977,0.0,IND
IND_1978,India,1978,0.0,IND
IND_1979,India,1979,0.0,IND
IND_1980,India,1980,0.0,IND
IND_1981,India,1981,0.0,IND
IND_1982,India,1982,0.0,IND
IND_1983,India,1983,0.0,IND
IND_1984,India,1984,0.0,IND
IND_1985,India,1985,0.0,IND
IND_1986,India,1986,0.0,IND
IND_1987,India,1987,0.0,IND
IND_1988,India,1988,0.0,IND
IND_1989,India,1989,0.0,IND
IND_1990,India,1990,0.0,IND
IND_1991,India,1991,0.0,IND
IND_1992,India,1992,3.0,IND
IND_1993,India,1993,9301.1,IND
IND_1994,India,1994,0.0,IND
IND_1995,India,1995,0.0,IND
IND_1996,India,1996,0.0,IND
IND_1997,India,1997,0.0,IND
IND_1998,India,1998,0.0,IND
IND_1999,India,1999,0.0,IND
IND_2000,India,2000,0.0,IND
IND_2001,India,2001,0.0,IND
IND_2002,India,2002,0.0,IND
IND_2003,India,2003,0.0,IND
IND_2004,India,2004,0.0,IND
IND_2005,India,2005,0.0,IND
IND_2006,India,2006,0.0,IND
IND_2007,India,2007,0.0,IND
IND_2008,India,2008,0.0,IND
IND_2009,India,2009,0.0,IND
IND_2010,India,2010,0.0,IND
IND_2011,India,2011,0.0,IND
IND_2012,India,2012,0.0,IND
IND_2013,India,2013,0.0,IND
IND_2014,India,2014,0.0,IND
IND_2015,India,2015,0.0,IND
IND_2016,India,2016,0.0,IND
IND_2017,India,2017,0.0,IND
IND_2018,India,2018,0.0,IND
IND_2019,India,2019,0.0,IND
IND_2020,India,2020,0.0,IND
IND_2021,India,2021,0.0,IND
IND_2022,India,2022,0.0,IND
IND_2023,India,2023,0.0,IND
IND_2024,India,2024,0.0,IND
IDN_1960,Indonesia,1960,0.0,IDN
IDN_1961,Indonesia,1961,0.0,IDN
IDN_1962,Indonesia,1962,0.0,IDN
IDN_1963,Indonesia,1963,0.0,IDN
IDN_1964,Indonesia,1964,0.0,IDN
IDN_1965,Indonesia,1965,0.0,IDN
IDN_1966,Indonesia,1966,810.0,IDN
IDN_1967,Indonesia,1967,260.0,IDN
IDN_1968,Indonesia,1968,333.0,IDN
IDN_1969,Indonesia,1969,957.0,IDN
IDN_1970,Indonesia,1970,3561.28,IDN
IDN_1971,Indonesia,1971,202.19,IDN
IDN_1972,Indonesia,1972,207.58,IDN
IDN_1973,Indonesia,1973,168.2,IDN
IDN_1974,Indonesia,1974,171.0,IDN
IDN_1975,Indonesia,1975,174.0,IDN
IDN_1976,Indonesia,1976,177.0,IDN
IDN_1977,Indonesia,1977,180.0,IDN
IDN_1978,Indonesia,1978,183.0,IDN
IDN_1979,Indonesia,1979,186.0,IDN
IDN_1980,Indonesia,1980,189.0,IDN
IDN_1981,Indonesia,1981,192.0,IDN
IDN_1982,Indonesia,1982,195.0,IDN
IDN_1983,Indonesia,1983,198.0,IDN
IDN_1984,Indonesia,1984,201.0,IDN
IDN_1985,Indonesia,1985,267.14,IDN
IDN_1986,Indonesia,1986,274.33,IDN
IDN_1987,Indonesia,1987,295.7,IDN
IDN_1988,Indonesia,1988,286.89,IDN
IDN_1989,Indonesia,1989,286.53,IDN
IDN_1990,Indonesia,1990,220.3,IDN
IDN_1991,Indonesia,1991,1.24,IDN
IDN_1992,Indonesia,1992,1.15,IDN
IDN_1993,Indonesia,1993,1.13,IDN
IDN_1994,Indonesia,1994,4200.0,IDN
IDN_1995,Indonesia,1995,0.0,IDN
IDN_1996,Indonesia,1996,0.0,IDN
IDN_1997,Indonesia,1997,0.03,IDN
IDN_1998,Indonesia,1998,4375.84,IDN
IDN_1999,Indonesia,1999,5133.18,IDN
IDN_2000,Indonesia,2000,6175.69,IDN
IDN_2001,Indonesia,2001,2749.64,IDN
IDN_2002,Indonesia,2002,6205.36,IDN
IDN_2003,Indonesia,2003,2930.24,IDN
IDN_2004,Indonesia,2004,0.0,IDN
IDN_2005,Indonesia,2005,2733.0,IDN
IDN_2006,Indonesia,2006,92.26,IDN
IDN_2007,Indonesia,2007,0.0,IDN
IDN_2008,Indonesia,2008,0.0,IDN
IDN_2009,Indonesia,2009,0.0,IDN
IDN_2010,Indonesia,2010,0.0,IDN
IDN_2011,Indonesia,2011,0.0,IDN
IDN_2012,Indonesia,2012,231.36,IDN
IDN_2013,Indonesia,2013,0.0,IDN
IDN_2014,Indonesia,2014,5.07,IDN
IDN_2015,Indonesia,2015,0.0,IDN
IDN_2016,Indonesia,2016,0.28,IDN
IDN_2017,Indonesia,2017,0.0,IDN
IDN_2018,Indonesia,2018,0.0,IDN
IDN_2019,Indonesia,2019,0.0,IDN
IDN_2020,Indonesia,2020,0.0,IDN
IDN_2021,Indonesia,2021,0.0,IDN
IDN_2022,Indonesia,2022,0.0,IDN
IDN_2023,Indonesia,2023,0.0,IDN
IDN_2024,Indonesia,2024,0.0,IDN
IRN_1960,Iran,1960,0.0,IRN
IRN_1961,Iran,1961,0.0,IRN
IRN_1962,Iran,1962,0.0,IRN
IRN_1963,Iran,1963,0.0,IRN
IRN_1964,Iran,1964,0.0,IRN
IRN_1965,Iran,1965,0.0,IRN
IRN_1966,Iran,1966,0.0,IRN
IRN_1967,Iran,1967,0.0,IRN
IRN_1968,Iran,1968,0.0,IRN
IRN_1969,Iran,1969,0.0,IRN
IRN_1970,Iran,1970,0.0,IRN
IRN_1971,Iran,1971,0.0,IRN
IRN_1972,Iran,1972,0.0,IRN
IRN_1973,Iran,1973,0.0,IRN
IRN_1974,Iran,1974,0.0,IRN
IRN_1975,Iran,1975,0.0,IRN
IRN_1976,Iran,1976,0.0,IRN
IRN_1977,Iran,1977,0.0,IRN
IRN_1978,Iran,1978,0.0,IRN
IRN_1979,Iran,1979,0.0,IRN
IRN_1980,Iran,1980,0.91,IRN
IRN_1981,Iran,1981,195.64,IRN
IRN_1982,Iran,1982,528.99,IRN
IRN_1983,Iran,1983,926.85,IRN
IRN_1984,Iran,1984,1282.08,IRN
IRN_1985,Iran,1985,1603.09,IRN
IRN_1986,Iran,1986,1831.34,IRN
IRN_1987,Iran,1987,1947.34,IRN
IRN_1988,Iran,1988,1960.66,IRN
IRN_1989,Iran,1989,2017.69,IRN
IRN_1990,Iran,1990,1975.02,IRN
IRN_1991,Iran,1991,1945.16,IRN
IRN_1992,Iran,1992,41.05,IRN
IRN_1993,Iran,1993,2825.78,IRN
IRN_1994,Iran,1994,10837.34,IRN
IRN_1995,Iran,1995,3233.5,IRN
IRN_1996,Iran,1996,1839.83,IRN
IRN_1997,Iran,1997,38.98,IRN
IRN_1998,Iran,1998,34.66,IRN
IRN_1999,Iran,1999,33.27,IRN
IRN_2000,Iran,2000,0.0,IRN
IRN_2001,Iran,2001,0.0,IRN
IRN_2002,Iran,2002,0.0,IRN
IRN_2003,Iran,2003,0.0,IRN
IRN_2004,Iran,2004,0.0,IRN
IRN_2005,Iran,2005,0.0,IRN
IRN_2006,Iran,2006,0.0,IRN
IRN_2007,Iran,2007,0.0,IRN
IRN_2008,Iran,2008,0.0,IRN
IRN_2009,Iran,2009,0.0,IRN
IRN_2010,Iran,2010,39.37,IRN
IRN_2011,Iran,2011,26.17,IRN
IRN_2012,Iran,2012,0.0,IRN
IRN_2013,Iran,2013,79.0,IRN
IRN_2014,Iran,2014,0.0,IRN
IRN_2015,Iran,2015,0.0,IRN
IRN_2016,Iran,2016,99.72,IRN
IRN_2017,Iran,2017,39.74,IRN
IRN_2018,Iran,2018,46.86,IRN
IRN_2019,Iran,2019,255.96,IRN
IRN_2020,Iran,2020,430.27,IRN
IRN_2021,Iran,2021,445.27,IRN
IRN_2022,Iran,2022,408.38,IRN
IRN_2023,Iran,2023,411.0,IRN
IRN_2024,Iran,2024,416.1,IRN
IRQ_1960,Iraq,1960,0.0,IRQ
IRQ_1961,Iraq,1961,0.0,IRQ
IRQ_1962,Iraq,1962,0.0,IRQ
IRQ_1963,Iraq,1963,0.0,IRQ
IRQ_1964,Iraq,1964,0.0,IRQ
IRQ_1965,Iraq,1965,0.0,IRQ
IRQ_1966,Iraq,1966,0.0,IRQ
IRQ_1967,Iraq,1967,0.0,IRQ
IRQ_1968,Iraq,1968,0.0,IRQ
IRQ_1969,Iraq,1969,0.0,IRQ
IRQ_1970,Iraq,1970,0.0,IRQ
IRQ_1971,Iraq,1971,0.0,IRQ
IRQ_1972,Iraq,1972,0.0,IRQ
IRQ_1973,Iraq,1973,0.0,IRQ
IRQ_1974,Iraq,1974,0.0,IRQ
IRQ_1975,Iraq,1975,0.0,IRQ
IRQ_1976,Iraq,1976,0.0,IRQ
IRQ_1977,Iraq,1977,0.0,IRQ
IRQ_1978,Iraq,1978,0.0,IRQ
IRQ_1979,Iraq,1979,0.0,IRQ
IRQ_1980,Iraq,1980,0.0,IRQ
IRQ_1981,Iraq,1981,0.0,IRQ
IRQ_1982,Iraq,1982,0.0,IRQ
IRQ_1983,Iraq,1983,0.0,IRQ
IRQ_1984,Iraq,1984,0.0,IRQ
IRQ_1985,Iraq,1985,0.0,IRQ
IRQ_1986,Iraq,1986,0.0,IRQ
IRQ_1987,Iraq,1987,0.0,IRQ
IRQ_1988,Iraq,1988,5780.7,IRQ
IRQ_1989,Iraq,1989,6393.45,IRQ
IRQ_1990,Iraq,1990,24520.61,IRQ
IRQ_1991,Iraq,1991,25559.62,IRQ
IRQ_1992,Iraq,1992,27724.81,IRQ
IRQ_1993,Iraq,1993,31716.86,IRQ
IRQ_1994,Iraq,1994,32165.29,IRQ
IRQ_1995,Iraq,1995,34588.76,IRQ
IRQ_1996,Iraq,1996,37000.55,IRQ
IRQ_1997,Iraq,1997,39487.97,IRQ
IRQ_1998,Iraq,1998,42008.64,IRQ
IRQ_1999,Iraq,1999,44562.45,IRQ
IRQ_2000,Iraq,2000,47308.64,IRQ
IRQ_2001,Iraq,2001,49773.32,IRQ
IRQ_2002,Iraq,2002,58895.0,IRQ
IRQ_2003,Iraq,2003,106541.9,IRQ
IRQ_2004,Iraq,2004,110160.4,IRQ
IRQ_2005,Iraq,2005,111233.28,IRQ
IRQ_2006,Iraq,2006,99176.56,IRQ
IRQ_2007,Iraq,2007,66007.0,IRQ
IRQ_2008,Iraq,2008,64200.87,IRQ
IRQ_2009,Iraq,2009,58752.43,IRQ
IRQ_2010,Iraq,2010,54700.0,IRQ
IRQ_2011,Iraq,2011,46200.0,IRQ
IRQ_2012,Iraq,2012,46200.0,IRQ
IRQ_2013,Iraq,2013,42700.0,IRQ
IRQ_2014,Iraq,2014,42700.0,IRQ
IRQ_2015,Iraq,2015,42700.0,IRQ
IRQ_2016,Iraq,2016,41002.0,IRQ
IRQ_2017,Iraq,2017,40302.0,IRQ
IRQ_2018,Iraq,2018,40429.0,IRQ
IRQ_2019,Iraq,2019,41614.0,IRQ
IRQ_2020,Iraq,2020,48186.0,IRQ
IRQ_2021,Iraq,2021,43104.0,IRQ
IRQ_2022,Iraq,2022,42232.0,IRQ
IRQ_2023,Iraq,2023,42760.0,IRQ
IRQ_2024,Iraq,2024,43288.0,IRQ
IRL_1960,Ireland,1960,0.0,IRL
IRL_1961,Ireland,1961,0.0,IRL
IRL_1962,Ireland,1962,0.0,IRL
IRL_1963,Ireland,1963,0.0,IRL
IRL_1964,Ireland,1964,0.0,IRL
IRL_1965,Ireland,1965,0.0,IRL
IRL_1966,Ireland,1966,0.0,IRL
IRL_1967,Ireland,1967,0.0,IRL
IRL_1968,Ireland,1968,0.0,IRL
IRL_1969,Ireland,1969,0.0,IRL
IRL_1970,Ireland,1970,0.0,IRL
IRL_1971,Ireland,1971,0.0,IRL
IRL_1972,Ireland,1972,0.0,IRL
IRL_1973,Ireland,1973,0.0,IRL
IRL_1974,Ireland,1974,0.0,IRL
IRL_1975,Ireland,1975,0.0,IRL
IRL_1976,Ireland,1976,0.0,IRL
IRL_1977,Ireland,1977,0.0,IRL
IRL_1978,Ireland,1978,0.0,IRL
IRL_1979,Ireland,1979,0.0,IRL
IRL_1980,Ireland,1980,0.0,IRL
IRL_1981,Ireland,1981,0.0,IRL
IRL_1982,Ireland,1982,0.0,IRL
IRL_1983,Ireland,1983,0.0,IRL
IRL_1984,Ireland,1984,0.0,IRL
IRL_1985,Ireland,1985,0.0,IRL
IRL_1986,Ireland,1986,0.0,IRL
IRL_1987,Ireland,1987,0.0,IRL
IRL_1988,Ireland,1988,0.0,IRL
IRL_1989,Ireland,1989,0.0,IRL
IRL_1990,Ireland,1990,0.0,IRL
IRL_1991,Ireland,1991,0.0,IRL
IRL_1992,Ireland,1992,0.0,IRL
IRL_1993,Ireland,1993,0.0,IRL
IRL_1994,Ireland,1994,0.0,IRL
IRL_1995,Ireland,1995,0.0,IRL
IRL_1996,Ireland,1996,0.0,IRL
IRL_1997,Ireland,1997,0.0,IRL
IRL_1998,Ireland,1998,0.0,IRL
IRL_1999,Ireland,1999,0.0,IRL
IRL_2000,Ireland,2000,0.0,IRL
IRL_2001,Ireland,2001,0.0,IRL
IRL_2002,Ireland,2002,0.0,IRL
IRL_2003,Ireland,2003,0.0,IRL
IRL_2004,Ireland,2004,0.0,IRL
IRL_2005,Ireland,2005,0.0,IRL
IRL_2006,Ireland,2006,0.0,IRL
IRL_2007,Ireland,2007,0.0,IRL
IRL_2008,Ireland,2008,0.0,IRL
IRL_2009,Ireland,2009,0.0,IRL
IRL_2010,Ireland,2010,0.0,IRL
IRL_2011,Ireland,2011,0.0,IRL
IRL_2012,Ireland,2012,0.0,IRL
IRL_2013,Ireland,2013,88290.0,IRL
IRL_2014,Ireland,2014,0.0,IRL
IRL_2015,Ireland,2015,0.0,IRL
IRL_2016,Ireland,2016,0.0,IRL
IRL_2017,Ireland,2017,0.0,IRL
IRL_2018,Ireland,2018,0.0,IRL
IRL_2019,Ireland,2019,0.0,IRL
IRL_2020,Ireland,2020,0.0,IRL
IRL_2021,Ireland,2021,0.0,IRL
IRL_2022,Ireland,2022,0.0,IRL
IRL_2023,Ireland,2023,0.0,IRL
IRL_2024,Ireland,2024,0.0,IRL
JAM_1960,Jamaica,1960,,JAM
JAM_1961,Jamaica,1961,,JAM
JAM_1962,Jamaica,1962,0.0,JAM
JAM_1963,Jamaica,1963,0.0,JAM
JAM_1964,Jamaica,1964,0.0,JAM
JAM_1965,Jamaica,1965,0.0,JAM
JAM_1966,Jamaica,1966,0.0,JAM
JAM_1967,Jamaica,1967,0.0,JAM
JAM_1968,Jamaica,1968,0.0,JAM
JAM_1969,Jamaica,1969,0.0,JAM
JAM_1970,Jamaica,1970,0.01,JAM
JAM_1971,Jamaica,1971,0.0,JAM
JAM_1972,Jamaica,1972,0.0,JAM
JAM_1973,Jamaica,1973,0.98,JAM
JAM_1974,Jamaica,1974,0.55,JAM
JAM_1975,Jamaica,1975,0.36,JAM
JAM_1976,Jamaica,1976,0.36,JAM
JAM_1977,Jamaica,1977,0.0,JAM
JAM_1978,Jamaica,1978,63.0,JAM
JAM_1979,Jamaica,1979,149.05,JAM
JAM_1980,Jamaica,1980,28.6,JAM
JAM_1981,Jamaica,1981,152.45,JAM
JAM_1982,Jamaica,1982,130.12,JAM
JAM_1983,Jamaica,1983,267.97,JAM
JAM_1984,Jamaica,1984,377.37,JAM
JAM_1985,Jamaica,1985,478.39,JAM
JAM_1986,Jamaica,1986,961.19,JAM
JAM_1987,Jamaica,1987,1432.43,JAM
JAM_1988,Jamaica,1988,503.0,JAM
JAM_1989,Jamaica,1989,621.82,JAM
JAM_1990,Jamaica,1990,653.0,JAM
JAM_1991,Jamaica,1991,917.0,JAM
JAM_1992,Jamaica,1992,643.72,JAM
JAM_1993,Jamaica,1993,742.0,JAM
JAM_1994,Jamaica,1994,419.95,JAM
JAM_1995,Jamaica,1995,406.24,JAM
JAM_1996,Jamaica,1996,298.34,JAM
JAM_1997,Jamaica,1997,230.92,JAM
JAM_1998,Jamaica,1998,236.68,JAM
JAM_1999,Jamaica,1999,285.15,JAM
JAM_2000,Jamaica,2000,284.55,JAM
JAM_2001,Jamaica,2001,232.68,JAM
JAM_2002,Jamaica,2002,261.39,JAM
JAM_2003,Jamaica,2003,321.36,JAM
JAM_2004,Jamaica,2004,355.29,JAM
JAM_2005,Jamaica,2005,368.65,JAM
JAM_2006,Jamaica,2006,437.82,JAM
JAM_2007,Jamaica,2007,436.88,JAM
JAM_2008,Jamaica,2008,404.29,JAM
JAM_2009,Jamaica,2009,390.93,JAM
JAM_2010,Jamaica,2010,9172.53,JAM
JAM_2011,Jamaica,2011,620.35,JAM
JAM_2012,Jamaica,2012,218.84,JAM
JAM_2013,Jamaica,2013,9545.09,JAM
JAM_2014,Jamaica,2014,136.82,JAM
JAM_2015,Jamaica,2015,45.48,JAM
JAM_2016,Jamaica,2016,89.95,JAM
JAM_2017,Jamaica,2017,656.91,JAM
JAM_2018,Jamaica,2018,79.7,JAM
JAM_2019,Jamaica,2019,79.59,JAM
JAM_2020,Jamaica,2020,21.32,JAM
JAM_2021,Jamaica,2021,20.92,JAM
JAM_2022,Jamaica,2022,24.78,JAM
JAM_2023,Jamaica,2023,22.42,JAM
JAM_2024,Jamaica,2024,20.0,JAM
JOR_1960,Jordan,1960,0.0,JOR
JOR_1961,Jordan,1961,0.0,JOR
JOR_1962,Jordan,1962,0.0,JOR
JOR_1963,Jordan,1963,0.0,JOR
JOR_1964,Jordan,1964,0.0,JOR
JOR_1965,Jordan,1965,0.0,JOR
JOR_1966,Jordan,1966,0.0,JOR
JOR_1967,Jordan,1967,0.0,JOR
JOR_1968,Jordan,1968,0.0,JOR
JOR_1969,Jordan,1969,0.0,JOR
JOR_1970,Jordan,1970,0.28,JOR
JOR_1971,Jordan,1971,3.5,JOR
JOR_1972,Jordan,1972,6.06,JOR
JOR_1973,Jordan,1973,7.65,JOR
JOR_1974,Jordan,1974,10.65,JOR
JOR_1975,Jordan,1975,13.23,JOR
JOR_1976,Jordan,1976,17.03,JOR
JOR_1977,Jordan,1977,19.67,JOR
JOR_1978,Jordan,1978,22.47,JOR
JOR_1979,Jordan,1979,25.96,JOR
JOR_1980,Jordan,1980,26.99,JOR
JOR_1981,Jordan,1981,28.25,JOR
JOR_1982,Jordan,1982,30.25,JOR
JOR_1983,Jordan,1983,30.15,JOR
JOR_1984,Jordan,1984,8.93,JOR
JOR_1985,Jordan,1985,9.36,JOR
JOR_1986,Jordan,1986,10.3,JOR
JOR_1987,Jordan,1987,22.07,JOR
JOR_1988,Jordan,1988,66.14,JOR
JOR_1989,Jordan,1989,1056.46,JOR
JOR_1990,Jordan,1990,985.31,JOR
JOR_1991,Jordan,1991,1143.38,JOR
JOR_1992,Jordan,1992,2025.92,JOR
JOR_1993,Jordan,1993,1740.26,JOR
JOR_1994,Jordan,1994,1321.3,JOR
JOR_1995,Jordan,1995,931.79,JOR
JOR_1996,Jordan,1996,726.17,JOR
JOR_1997,Jordan,1997,996.86,JOR
JOR_1998,Jordan,1998,532.52,JOR
JOR_1999,Jordan,1999,901.59,JOR
JOR_2000,Jordan,2000,562.78,JOR
JOR_2001,Jordan,2001,696.13,JOR
JOR_2002,Jordan,2002,1219.61,JOR
JOR_2003,Jordan,2003,503.66,JOR
JOR_2004,Jordan,2004,320.21,JOR
JOR_2005,Jordan,2005,237.41,JOR
JOR_2006,Jordan,2006,342.68,JOR
JOR_2007,Jordan,2007,2618.48,JOR
JOR_2008,Jordan,2008,2318.17,JOR
JOR_2009,Jordan,2009,17.42,JOR
JOR_2010,Jordan,2010,17.93,JOR
JOR_2011,Jordan,2011,20.65,JOR
JOR_2012,Jordan,2012,17.37,JOR
JOR_2013,Jordan,2013,17.68,JOR
JOR_2014,Jordan,2014,17.58,JOR
JOR_2015,Jordan,2015,17.64,JOR
JOR_2016,Jordan,2016,17.44,JOR
JOR_2017,Jordan,2017,17.5,JOR
JOR_2018,Jordan,2018,241.75,JOR
JOR_2019,Jordan,2019,17.64,JOR
JOR_2020,Jordan,2020,17.46,JOR
JOR_2021,Jordan,2021,17.45,JOR
JOR_2022,Jordan,2022,17.08,JOR
JOR_2023,Jordan,2023,17.0,JOR
JOR_2024,Jordan,2024,17.0,JOR
KAZ_1960,Kazakhstan,1960,,KAZ
KAZ_1961,Kazakhstan,1961,,KAZ
KAZ_1962,Kazakhstan,1962,,KAZ
KAZ_1963,Kazakhstan,1963,,KAZ
KAZ_1964,Kazakhstan,1964,,KAZ
KAZ_1965,Kazakhstan,1965,,KAZ
KAZ_1966,Kazakhstan,1966,,KAZ
KAZ_1967,Kazakhstan,1967,,KAZ
KAZ_1968,Kazakhstan,1968,,KAZ
KAZ_1969,Kazakhstan,1969,,KAZ
KAZ_1970,Kazakhstan,1970,,KAZ
KAZ_1971,Kazakhstan,1971,,KAZ
KAZ_1972,Kazakhstan,1972,,KAZ
KAZ_1973,Kazakhstan,1973,,KAZ
KAZ_1974,Kazakhstan,1974,,KAZ
KAZ_1975,Kazakhstan,1975,,KAZ
KAZ_1976,Kazakhstan,1976,,KAZ
KAZ_1977,Kazakhstan,1977,,KAZ
KAZ_1978,Kazakhstan,1978,,KAZ
KAZ_1979,Kazakhstan,1979,,KAZ
KAZ_1980,Kazakhstan,1980,,KAZ
KAZ_1981,Kazakhstan,1981,,KAZ
KAZ_1982,Kazakhstan,1982,,KAZ
KAZ_1983,Kazakhstan,1983,,KAZ
KAZ_1984,Kazakhstan,1984,,KAZ
KAZ_1985,Kazakhstan,1985,,KAZ
KAZ_1986,Kazakhstan,1986,,KAZ
KAZ_1987,Kazakhstan,1987,,KAZ
KAZ_1988,Kazakhstan,1988,,KAZ
KAZ_1989,Kazakhstan,1989,,KAZ
KAZ_1990,Kazakhstan,1990,,KAZ
KAZ_1991,Kazakhstan,1991,0.0,KAZ
KAZ_1992,Kazakhstan,1992,0.0,KAZ
KAZ_1993,Kazakhstan,1993,21.47,KAZ
KAZ_1994,Kazakhstan,1994,105.3,KAZ
KAZ_1995,Kazakhstan,1995,161.72,KAZ
KAZ_1996,Kazakhstan,1996,0.0,KAZ
KAZ_1997,Kazakhstan,1997,0.0,KAZ
KAZ_1998,Kazakhstan,1998,103.8,KAZ
KAZ_1999,Kazakhstan,1999,388.12,KAZ
KAZ_2000,Kazakhstan,2000,0.0,KAZ
KAZ_2001,Kazakhstan,2001,169.72,KAZ
KAZ_2002,Kazakhstan,2002,0.0,KAZ
KAZ_2003,Kazakhstan,2003,12.08,KAZ
KAZ_2004,Kazakhstan,2004,0.0,KAZ
KAZ_2005,Kazakhstan,2005,0.0,KAZ
KAZ_2006,Kazakhstan,2006,0.0,KAZ
KAZ_2007,Kazakhstan,2007,0.0,KAZ
KAZ_2008,Kazakhstan,2008,0.0,KAZ
KAZ_2009,Kazakhstan,2009,0.0,KAZ
KAZ_2010,Kazakhstan,2010,0.0,KAZ
KAZ_2011,Kazakhstan,2011,0.0,KAZ
KAZ_2012,Kazakhstan,2012,0.0,KAZ
KAZ_2013,Kazakhstan,2013,0.0,KAZ
KAZ_2014,Kazakhstan,2014,199.5,KAZ
KAZ_2015,Kazakhstan,2015,0.0,KAZ
KAZ_2016,Kazakhstan,2016,0.0,KAZ
KAZ_2017,Kazakhstan,2017,0.0,KAZ
KAZ_2018,Kazakhstan,2018,0.0,KAZ
KAZ_2019,Kazakhstan,2019,0.0,KAZ
KAZ_2020,Kazakhstan,2020,10.9,KAZ
KAZ_2021,Kazakhstan,2021,0.0,KAZ
KAZ_2022,Kazakhstan,2022,0.0,KAZ
KAZ_2023,Kazakhstan,2023,0.0,KAZ
KAZ_2024,Kazakhstan,2024,0.0,KAZ
KEN_1960,Kenya,1960,,KEN
KEN_1961,Kenya,1961,,KEN
KEN_1962,Kenya,1962,,KEN
KEN_1963,Kenya,1963,0.0,KEN
KEN_1964,Kenya,1964,0.0,KEN
KEN_1965,Kenya,1965,0.0,KEN
KEN_1966,Kenya,1966,0.0,KEN
KEN_1967,Kenya,1967,0.0,KEN
KEN_1968,Kenya,1968,0.0,KEN
KEN_1969,Kenya,1969,0.0,KEN
KEN_1970,Kenya,1970,0.3,KEN
KEN_1971,Kenya,1971,0.0,KEN
KEN_1972,Kenya,1972,0.01,KEN
KEN_1973,Kenya,1973,0.0,KEN
KEN_1974,Kenya,1974,0.0,KEN
KEN_1975,Kenya,1975,0.05,KEN
KEN_1976,Kenya,1976,0.63,KEN
KEN_1977,Kenya,1977,1.14,KEN
KEN_1978,Kenya,1978,1.71,KEN
KEN_1979,Kenya,1979,2.28,KEN
KEN_1980,Kenya,1980,5.66,KEN
KEN_1981,Kenya,1981,8.05,KEN
KEN_1982,Kenya,1982,9.57,KEN
KEN_1983,Kenya,1983,10.41,KEN
KEN_1984,Kenya,1984,11.03,KEN
KEN_1985,Kenya,1985,14.95,KEN
KEN_1986,Kenya,1986,23.52,KEN
KEN_1987,Kenya,1987,40.85,KEN
KEN_1988,Kenya,1988,65.9,KEN
KEN_1989,Kenya,1989,549.16,KEN
KEN_1990,Kenya,1990,258.29,KEN
KEN_1991,Kenya,1991,166.18,KEN
KEN_1992,Kenya,1992,163.5,KEN
KEN_1993,Kenya,1993,206.52,KEN
KEN_1994,Kenya,1994,537.05,KEN
KEN_1995,Kenya,1995,24.73,KEN
KEN_1996,Kenya,1996,19.81,KEN
KEN_1997,Kenya,1997,82.3,KEN
KEN_1998,Kenya,1998,90.85,KEN
KEN_1999,Kenya,1999,154.91,KEN
KEN_2000,Kenya,2000,303.75,KEN
KEN_2001,Kenya,2001,185.58,KEN
KEN_2002,Kenya,2002,127.05,KEN
KEN_2003,Kenya,2003,34.33,KEN
KEN_2004,Kenya,2004,353.0,KEN
KEN_2005,Kenya,2005,115.47,KEN
KEN_2006,Kenya,2006,285.7,KEN
KEN_2007,Kenya,2007,76.95,KEN
KEN_2008,Kenya,2008,51.23,KEN
KEN_2009,Kenya,2009,28.18,KEN
KEN_2010,Kenya,2010,49.59,KEN
KEN_2011,Kenya,2011,51.07,KEN
KEN_2012,Kenya,2012,64.29,KEN
KEN_2013,Kenya,2013,7.92,KEN
KEN_2014,Kenya,2014,11.97,KEN
KEN_2015,Kenya,2015,3.91,KEN
KEN_2016,Kenya,2016,320.43,KEN
KEN_2017,Kenya,2017,26.03,KEN
KEN_2018,Kenya,2018,73.38,KEN
KEN_2019,Kenya,2019,24.53,KEN
KEN_2020,Kenya,2020,8.25,KEN
KEN_2021,Kenya,2021,464.0,KEN
KEN_2022,Kenya,2022,79.0,KEN
KEN_2023,Kenya,2023,3.0,KEN
KEN_2024,Kenya,2024,5.0,KEN
PRK_1960,"Korea, Democratic People's Republic of (North)",1960,0.0,PRK
PRK_1961,"Korea, Democratic People's Republic of (North)",1961,0.0,PRK
PRK_1962,"Korea, Democratic People's Republic of (North)",1962,0.0,PRK
PRK_1963,"Korea, Democratic People's Republic of (North)",1963,0.0,PRK
PRK_1964,"Korea, Democratic People's Republic of (North)",1964,0.0,PRK
PRK_1965,"Korea, Democratic People's Republic of (North)",1965,0.0,PRK
PRK_1966,"Korea, Democratic People's Republic of (North)",1966,0.0,PRK
PRK_1967,"Korea, Democratic People's Republic of (North)",1967,0.0,PRK
PRK_1968,"Korea, Democratic People's Republic of (North)",1968,0.0,PRK
PRK_1969,"Korea, Democratic People's Republic of (North)",1969,0.0,PRK
PRK_1970,"Korea, Democratic People's Republic of (North)",1970,0.0,PRK
PRK_1971,"Korea, Democratic People's Republic of (North)",1971,0.0,PRK
PRK_1972,"Korea, Democratic People's Republic of (North)",1972,0.0,PRK
PRK_1973,"Korea, Democratic People's Republic of (North)",1973,0.0,PRK
PRK_1974,"Korea, Democratic People's Republic of (North)",1974,74.0,PRK
PRK_1975,"Korea, Democratic People's Republic of (North)",1975,148.27,PRK
PRK_1976,"Korea, Democratic People's Republic of (North)",1976,222.27,PRK
PRK_1977,"Korea, Democratic People's Republic of (North)",1977,293.61,PRK
PRK_1978,"Korea, Democratic People's Republic of (North)",1978,381.12,PRK
PRK_1979,"Korea, Democratic People's Republic of (North)",1979,462.4,PRK
PRK_1980,"Korea, Democratic People's Republic of (North)",1980,469.51,PRK
PRK_1981,"Korea, Democratic People's Republic of (North)",1981,451.19,PRK
PRK_1982,"Korea, Democratic People's Republic of (North)",1982,494.42,PRK
PRK_1983,"Korea, Democratic People's Republic of (North)",1983,803.13,PRK
PRK_1984,"Korea, Democratic People's Republic of (North)",1984,749.66,PRK
PRK_1985,"Korea, Democratic People's Republic of (North)",1985,957.24,PRK
PRK_1986,"Korea, Democratic People's Republic of (North)",1986,1255.5,PRK
PRK_1987,"Korea, Democratic People's Republic of (North)",1987,1613.94,PRK
PRK_1988,"Korea, Democratic People's Republic of (North)",1988,1533.05,PRK
PRK_1989,"Korea, Democratic People's Republic of (North)",1989,1609.88,PRK
PRK_1990,"Korea, Democratic People's Republic of (North)",1990,2030.67,PRK
PRK_1991,"Korea, Democratic People's Republic of (North)",1991,2128.26,PRK
PRK_1992,"Korea, Democratic People's Republic of (North)",1992,2507.24,PRK
PRK_1993,"Korea, Democratic People's Republic of (North)",1993,2370.35,PRK
PRK_1994,"Korea, Democratic People's Republic of (North)",1994,2808.06,PRK
PRK_1995,"Korea, Democratic People's Republic of (North)",1995,3295.04,PRK
PRK_1996,"Korea, Democratic People's Republic of (North)",1996,3143.39,PRK
PRK_1997,"Korea, Democratic People's Republic of (North)",1997,4782.3,PRK
PRK_1998,"Korea, Democratic People's Republic of (North)",1998,5032.55,PRK
PRK_1999,"Korea, Democratic People's Republic of (North)",1999,4789.77,PRK
PRK_2000,"Korea, Democratic People's Republic of (North)",2000,5124.68,PRK
PRK_2001,"Korea, Democratic People's Republic of (North)",2001,5199.7,PRK
PRK_2002,"Korea, Democratic People's Republic of (North)",2002,6460.84,PRK
PRK_2003,"Korea, Democratic People's Republic of (North)",2003,7820.01,PRK
PRK_2004,"Korea, Democratic People's Republic of (North)",2004,8690.58,PRK
PRK_2005,"Korea, Democratic People's Republic of (North)",2005,7847.5,PRK
PRK_2006,"Korea, Democratic People's Republic of (North)",2006,8897.24,PRK
PRK_2007,"Korea, Democratic People's Republic of (North)",2007,10859.58,PRK
PRK_2008,"Korea, Democratic People's Republic of (North)",2008,13624.97,PRK
PRK_2009,"Korea, Democratic People's Republic of (North)",2009,14229.44,PRK
PRK_2010,"Korea, Democratic People's Republic of (North)",2010,14276.44,PRK
PRK_2011,"Korea, Democratic People's Republic of (North)",2011,14561.25,PRK
PRK_2012,"Korea, Democratic People's Republic of (North)",2012,14968.01,PRK
PRK_2013,"Korea, Democratic People's Republic of (North)",2013,15494.02,PRK
PRK_2014,"Korea, Democratic People's Republic of (North)",2014,7117.51,PRK
PRK_2015,"Korea, Democratic People's Republic of (North)",2015,6761.94,PRK
PRK_2016,"Korea, Democratic People's Republic of (North)",2016,6481.91,PRK
PRK_2017,"Korea, Democratic People's Republic of (North)",2017,6839.77,PRK
PRK_2018,"Korea, Democratic People's Republic of (North)",2018,6489.66,PRK
PRK_2019,"Korea, Democratic People's Republic of (North)",2019,6290.62,PRK
PRK_2020,"Korea, Democratic People's Republic of (North)",2020,6675.66,PRK
PRK_2021,"Korea, Democratic People's Republic of (North)",2021,6244.68,PRK
PRK_2022,"Korea, Democratic People's Republic of (North)",2022,5834.97,PRK
PRK_2023,"Korea, Democratic People's Republic of (North)",2023,6275.0,PRK
PRK_2024,"Korea, Democratic People's Republic of (North)",2024,6032.0,PRK
XKX_1960,Kosovo,1960,,XKX
XKX_1961,Kosovo,1961,,XKX
XKX_1962,Kosovo,1962,,XKX
XKX_1963,Kosovo,1963,,XKX
XKX_1964,Kosovo,1964,,XKX
XKX_1965,Kosovo,1965,,XKX
XKX_1966,Kosovo,1966,,XKX
XKX_1967,Kosovo,1967,,XKX
XKX_1968,Kosovo,1968,,XKX
XKX_1969,Kosovo,1969,,XKX
XKX_1970,Kosovo,1970,,XKX
XKX_1971,Kosovo,1971,,XKX
XKX_1972,Kosovo,1972,,XKX
XKX_1973,Kosovo,1973,,XKX
XKX_1974,Kosovo,1974,,XKX
XKX_1975,Kosovo,1975,,XKX
XKX_1976,Kosovo,1976,,XKX
XKX_1977,Kosovo,1977,,XKX
XKX_1978,Kosovo,1978,,XKX
XKX_1979,Kosovo,1979,,XKX
XKX_1980,Kosovo,1980,,XKX
XKX_1981,Kosovo,1981,,XKX
XKX_1982,Kosovo,1982,,XKX
XKX_1983,Kosovo,1983,,XKX
XKX_1984,Kosovo,1984,,XKX
XKX_1985,Kosovo,1985,,XKX
XKX_1986,Kosovo,1986,,XKX
XKX_1987,Kosovo,1987,,XKX
XKX_1988,Kosovo,1988,,XKX
XKX_1989,Kosovo,1989,,XKX
XKX_1990,Kosovo,1990,,XKX
XKX_1991,Kosovo,1991,,XKX
XKX_1992,Kosovo,1992,,XKX
XKX_1993,Kosovo,1993,,XKX
XKX_1994,Kosovo,1994,,XKX
XKX_1995,Kosovo,1995,,XKX
XKX_1996,Kosovo,1996,,XKX
XKX_1997,Kosovo,1997,,XKX
XKX_1998,Kosovo,1998,,XKX
XKX_1999,Kosovo,1999,,XKX
XKX_2000,Kosovo,2000,,XKX
XKX_2001,Kosovo,2001,,XKX
XKX_2002,Kosovo,2002,,XKX
XKX_2003,Kosovo,2003,,XKX
XKX_2004,Kosovo,2004,,XKX
XKX_2005,Kosovo,2005,,XKX
XKX_2006,Kosovo,2006,,XKX
XKX_2007,Kosovo,2007,,XKX
XKX_2008,Kosovo,2008,0.0,XKX
XKX_2009,Kosovo,2009,0.0,XKX
XKX_2010,Kosovo,2010,0.0,XKX
XKX_2011,Kosovo,2011,0.0,XKX
XKX_2012,Kosovo,2012,0.0,XKX
XKX_2013,Kosovo,2013,0.0,XKX
XKX_2014,Kosovo,2014,0.0,XKX
XKX_2015,Kosovo,2015,0.0,XKX
XKX_2016,Kosovo,2016,0.0,XKX
XKX_2017,Kosovo,2017,0.0,XKX
XKX_2018,Kosovo,2018,0.0,XKX
XKX_2019,Kosovo,2019,0.0,XKX
XKX_2020,Kosovo,2020,0.0,XKX
XKX_2021,Kosovo,2021,0.0,XKX
XKX_2022,Kosovo,2022,0.0,XKX
XKX_2023,Kosovo,2023,1.0,XKX
XKX_2024,Kosovo,2024,0.0,XKX
KGZ_1960,Kyrgyz Republic,1960,,KGZ
KGZ_1961,Kyrgyz Republic,1961,,KGZ
KGZ_1962,Kyrgyz Republic,1962,,KGZ
KGZ_1963,Kyrgyz Republic,1963,,KGZ
KGZ_1964,Kyrgyz Republic,1964,,KGZ
KGZ_1965,Kyrgyz Republic,1965,,KGZ
KGZ_1966,Kyrgyz Republic,1966,,KGZ
KGZ_1967,Kyrgyz Republic,1967,,KGZ
KGZ_1968,Kyrgyz Republic,1968,,KGZ
KGZ_1969,Kyrgyz Republic,1969,,KGZ
KGZ_1970,Kyrgyz Republic,1970,,KGZ
KGZ_1971,Kyrgyz Republic,1971,,KGZ
KGZ_1972,Kyrgyz Republic,1972,,KGZ
KGZ_1973,Kyrgyz Republic,1973,,KGZ
KGZ_1974,Kyrgyz Republic,1974,,KGZ
KGZ_1975,Kyrgyz Republic,1975,,KGZ
KGZ_1976,Kyrgyz Republic,1976,,KGZ
KGZ_1977,Kyrgyz Republic,1977,,KGZ
KGZ_1978,Kyrgyz Republic,1978,,KGZ
KGZ_1979,Kyrgyz Republic,1979,,KGZ
KGZ_1980,Kyrgyz Republic,1980,,KGZ
KGZ_1981,Kyrgyz Republic,1981,,KGZ
KGZ_1982,Kyrgyz Republic,1982,,KGZ
KGZ_1983,Kyrgyz Republic,1983,,KGZ
KGZ_1984,Kyrgyz Republic,1984,,KGZ
KGZ_1985,Kyrgyz Republic,1985,,KGZ
KGZ_1986,Kyrgyz Republic,1986,,KGZ
KGZ_1987,Kyrgyz Republic,1987,,KGZ
KGZ_1988,Kyrgyz Republic,1988,,KGZ
KGZ_1989,Kyrgyz Republic,1989,,KGZ
KGZ_1990,Kyrgyz Republic,1990,,KGZ
KGZ_1991,Kyrgyz Republic,1991,0.0,KGZ
KGZ_1992,Kyrgyz Republic,1992,0.0,KGZ
KGZ_1993,Kyrgyz Republic,1993,0.9,KGZ
KGZ_1994,Kyrgyz Republic,1994,24.42,KGZ
KGZ_1995,Kyrgyz Republic,1995,21.75,KGZ
KGZ_1996,Kyrgyz Republic,1996,91.7,KGZ
KGZ_1997,Kyrgyz Republic,1997,4.02,KGZ
KGZ_1998,Kyrgyz Republic,1998,0.0,KGZ
KGZ_1999,Kyrgyz Republic,1999,32.03,KGZ
KGZ_2000,Kyrgyz Republic,2000,60.91,KGZ
KGZ_2001,Kyrgyz Republic,2001,66.86,KGZ
KGZ_2002,Kyrgyz Republic,2002,104.39,KGZ
KGZ_2003,Kyrgyz Republic,2003,45.14,KGZ
KGZ_2004,Kyrgyz Republic,2004,48.92,KGZ
KGZ_2005,Kyrgyz Republic,2005,556.02,KGZ
KGZ_2006,Kyrgyz Republic,2006,11.12,KGZ
KGZ_2007,Kyrgyz Republic,2007,23.42,KGZ
KGZ_2008,Kyrgyz Republic,2008,25.3,KGZ
KGZ_2009,Kyrgyz Republic,2009,17.27,KGZ
KGZ_2010,Kyrgyz Republic,2010,18.26,KGZ
KGZ_2011,Kyrgyz Republic,2011,9.79,KGZ
KGZ_2012,Kyrgyz Republic,2012,61.43,KGZ
KGZ_2013,Kyrgyz Republic,2013,214.93,KGZ
KGZ_2014,Kyrgyz Republic,2014,10.85,KGZ
KGZ_2015,Kyrgyz Republic,2015,0.0,KGZ
KGZ_2016,Kyrgyz Republic,2016,44.94,KGZ
KGZ_2017,Kyrgyz Republic,2017,30.0,KGZ
KGZ_2018,Kyrgyz Republic,2018,240.0,KGZ
KGZ_2019,Kyrgyz Republic,2019,0.0,KGZ
KGZ_2020,Kyrgyz Republic,2020,0.0,KGZ
KGZ_2021,Kyrgyz Republic,2021,115.05,KGZ
KGZ_2022,Kyrgyz Republic,2022,2.07,KGZ
KGZ_2023,Kyrgyz Republic,2023,2.0,KGZ
KGZ_2024,Kyrgyz Republic,2024,2.0,KGZ
LAO_1960,Laos,1960,0.0,LAO
LAO_1961,Laos,1961,0.0,LAO
LAO_1962,Laos,1962,0.0,LAO
LAO_1963,Laos,1963,0.0,LAO
LAO_1964,Laos,1964,0.0,LAO
LAO_1965,Laos,1965,0.0,LAO
LAO_1966,Laos,1966,0.0,LAO
LAO_1967,Laos,1967,0.0,LAO
LAO_1968,Laos,1968,0.0,LAO
LAO_1969,Laos,1969,0.0,LAO
LAO_1970,Laos,1970,0.0,LAO
LAO_1971,Laos,1971,0.0,LAO
LAO_1972,Laos,1972,0.22,LAO
LAO_1973,Laos,1973,0.27,LAO
LAO_1974,Laos,1974,0.13,LAO
LAO_1975,Laos,1975,0.61,LAO
LAO_1976,Laos,1976,156.12,LAO
LAO_1977,Laos,1977,1.8,LAO
LAO_1978,Laos,1978,3.19,LAO
LAO_1979,Laos,1979,4.26,LAO
LAO_1980,Laos,1980,5.51,LAO
LAO_1981,Laos,1981,5.3,LAO
LAO_1982,Laos,1982,5.25,LAO
LAO_1983,Laos,1983,4.87,LAO
LAO_1984,Laos,1984,4.78,LAO
LAO_1985,Laos,1985,6.75,LAO
LAO_1986,Laos,1986,8.77,LAO
LAO_1987,Laos,1987,12.71,LAO
LAO_1988,Laos,1988,0.67,LAO
LAO_1989,Laos,1989,0.25,LAO
LAO_1990,Laos,1990,1.02,LAO
LAO_1991,Laos,1991,1291.92,LAO
LAO_1992,Laos,1992,0.4,LAO
LAO_1993,Laos,1993,0.0,LAO
LAO_1994,Laos,1994,0.0,LAO
LAO_1995,Laos,1995,0.0,LAO
LAO_1996,Laos,1996,1.58,LAO
LAO_1997,Laos,1997,1.66,LAO
LAO_1998,Laos,1998,0.7,LAO
LAO_1999,Laos,1999,0.98,LAO
LAO_2000,Laos,2000,1.22,LAO
LAO_2001,Laos,2001,0.02,LAO
LAO_2002,Laos,2002,0.0,LAO
LAO_2003,Laos,2003,905.0,LAO
LAO_2004,Laos,2004,0.0,LAO
LAO_2005,Laos,2005,0.0,LAO
LAO_2006,Laos,2006,45.0,LAO
LAO_2007,Laos,2007,0.0,LAO
LAO_2008,Laos,2008,0.0,LAO
LAO_2009,Laos,2009,0.0,LAO
LAO_2010,Laos,2010,0.0,LAO
LAO_2011,Laos,2011,0.0,LAO
LAO_2012,Laos,2012,0.0,LAO
LAO_2013,Laos,2013,0.0,LAO
LAO_2014,Laos,2014,0.0,LAO
LAO_2015,Laos,2015,0.0,LAO
LAO_2016,Laos,2016,0.0,LAO
LAO_2017,Laos,2017,0.0,LAO
LAO_2018,Laos,2018,0.0,LAO
LAO_2019,Laos,2019,0.0,LAO
LAO_2020,Laos,2020,220.0,LAO
LAO_2021,Laos,2021,450.0,LAO
LAO_2022,Laos,2022,610.0,LAO
LAO_2023,Laos,2023,927.04,LAO
LAO_2024,Laos,2024,0.0,LAO
LVA_1960,Latvia,1960,,LVA
LVA_1961,Latvia,1961,,LVA
LVA_1962,Latvia,1962,,LVA
LVA_1963,Latvia,1963,,LVA
LVA_1964,Latvia,1964,,LVA
LVA_1965,Latvia,1965,,LVA
LVA_1966,Latvia,1966,,LVA
LVA_1967,Latvia,1967,,LVA
LVA_1968,Latvia,1968,,LVA
LVA_1969,Latvia,1969,,LVA
LVA_1970,Latvia,1970,,LVA
LVA_1971,Latvia,1971,,LVA
LVA_1972,Latvia,1972,,LVA
LVA_1973,Latvia,1973,,LVA
LVA_1974,Latvia,1974,,LVA
LVA_1975,Latvia,1975,,LVA
LVA_1976,Latvia,1976,,LVA
LVA_1977,Latvia,1977,,LVA
LVA_1978,Latvia,1978,,LVA
LVA_1979,Latvia,1979,,LVA
LVA_1980,Latvia,1980,,LVA
LVA_1981,Latvia,1981,,LVA
LVA_1982,Latvia,1982,,LVA
LVA_1983,Latvia,1983,,LVA
LVA_1984,Latvia,1984,,LVA
LVA_1985,Latvia,1985,,LVA
LVA_1986,Latvia,1986,,LVA
LVA_1987,Latvia,1987,,LVA
LVA_1988,Latvia,1988,,LVA
LVA_1989,Latvia,1989,,LVA
LVA_1990,Latvia,1990,,LVA
LVA_1991,Latvia,1991,0.0,LVA
LVA_1992,Latvia,1992,0.0,LVA
LVA_1993,Latvia,1993,0.0,LVA
LVA_1994,Latvia,1994,0.0,LVA
LVA_1995,Latvia,1995,0.0,LVA
LVA_1996,Latvia,1996,0.0,LVA
LVA_1997,Latvia,1997,0.0,LVA
LVA_1998,Latvia,1998,0.0,LVA
LVA_1999,Latvia,1999,0.0,LVA
LVA_2000,Latvia,2000,0.0,LVA
LVA_2001,Latvia,2001,0.0,LVA
LVA_2002,Latvia,2002,0.0,LVA
LVA_2003,Latvia,2003,0.0,LVA
LVA_2004,Latvia,2004,0.0,LVA
LVA_2005,Latvia,2005,0.0,LVA
LVA_2006,Latvia,2006,0.0,LVA
LVA_2007,Latvia,2007,0.0,LVA
LVA_2008,Latvia,2008,0.0,LVA
LVA_2009,Latvia,2009,11.44,LVA
LVA_2010,Latvia,2010,0.0,LVA
LVA_2011,Latvia,2011,0.0,LVA
LVA_2012,Latvia,2012,0.0,LVA
LVA_2013,Latvia,2013,0.0,LVA
LVA_2014,Latvia,2014,0.0,LVA
LVA_2015,Latvia,2015,0.0,LVA
LVA_2016,Latvia,2016,0.0,LVA
LVA_2017,Latvia,2017,0.0,LVA
LVA_2018,Latvia,2018,0.0,LVA
LVA_2019,Latvia,2019,0.0,LVA
LVA_2020,Latvia,2020,0.0,LVA
LVA_2021,Latvia,2021,0.0,LVA
LVA_2022,Latvia,2022,0.0,LVA
LVA_2023,Latvia,2023,0.0,LVA
LVA_2024,Latvia,2024,0.0,LVA
LBN_1960,Lebanon,1960,0.0,LBN
LBN_1961,Lebanon,1961,0.0,LBN
LBN_1962,Lebanon,1962,0.0,LBN
LBN_1963,Lebanon,1963,0.0,LBN
LBN_1964,Lebanon,1964,0.0,LBN
LBN_1965,Lebanon,1965,0.0,LBN
LBN_1966,Lebanon,1966,0.0,LBN
LBN_1967,Lebanon,1967,0.0,LBN
LBN_1968,Lebanon,1968,0.0,LBN
LBN_1969,Lebanon,1969,0.0,LBN
LBN_1970,Lebanon,1970,0.0,LBN
LBN_1971,Lebanon,1971,0.0,LBN
LBN_1972,Lebanon,1972,0.0,LBN
LBN_1973,Lebanon,1973,0.0,LBN
LBN_1974,Lebanon,1974,0.0,LBN
LBN_1975,Lebanon,1975,0.0,LBN
LBN_1976,Lebanon,1976,0.3,LBN
LBN_1977,Lebanon,1977,0.0,LBN
LBN_1978,Lebanon,1978,0.0,LBN
LBN_1979,Lebanon,1979,0.0,LBN
LBN_1980,Lebanon,1980,0.0,LBN
LBN_1981,Lebanon,1981,0.0,LBN
LBN_1982,Lebanon,1982,8.26,LBN
LBN_1983,Lebanon,1983,17.93,LBN
LBN_1984,Lebanon,1984,27.55,LBN
LBN_1985,Lebanon,1985,37.08,LBN
LBN_1986,Lebanon,1986,47.13,LBN
LBN_1987,Lebanon,1987,64.25,LBN
LBN_1988,Lebanon,1988,96.24,LBN
LBN_1989,Lebanon,1989,130.4,LBN
LBN_1990,Lebanon,1990,171.31,LBN
LBN_1991,Lebanon,1991,183.43,LBN
LBN_1992,Lebanon,1992,77.8,LBN
LBN_1993,Lebanon,1993,71.98,LBN
LBN_1994,Lebanon,1994,59.6,LBN
LBN_1995,Lebanon,1995,51.3,LBN
LBN_1996,Lebanon,1996,0.0,LBN
LBN_1997,Lebanon,1997,0.0,LBN
LBN_1998,Lebanon,1998,0.0,LBN
LBN_1999,Lebanon,1999,0.0,LBN
LBN_2000,Lebanon,2000,0.0,LBN
LBN_2001,Lebanon,2001,0.0,LBN
LBN_2002,Lebanon,2002,0.13,LBN
LBN_2003,Lebanon,2003,0.0,LBN
LBN_2004,Lebanon,2004,0.0,LBN
LBN_2005,Lebanon,2005,0.0,LBN
LBN_2006,Lebanon,2006,0.0,LBN
LBN_2007,Lebanon,2007,0.0,LBN
LBN_2008,Lebanon,2008,0.0,LBN
LBN_2009,Lebanon,2009,0.0,LBN
LBN_2010,Lebanon,2010,0.0,LBN
LBN_2011,Lebanon,2011,0.0,LBN
LBN_2012,Lebanon,2012,0.0,LBN
LBN_2013,Lebanon,2013,0.0,LBN
LBN_2014,Lebanon,2014,0.0,LBN
LBN_2015,Lebanon,2015,0.0,LBN
LBN_2016,Lebanon,2016,0.0,LBN
LBN_2017,Lebanon,2017,0.0,LBN
LBN_2018,Lebanon,2018,0.0,LBN
LBN_2019,Lebanon,2019,0.0,LBN
LBN_2020,Lebanon,2020,33410.04,LBN
LBN_2021,Lebanon,2021,35700.63,LBN
LBN_2022,Lebanon,2022,37992.0,LBN
LBN_2023,Lebanon,2023,40511.0,LBN
LBN_2024,Lebanon,2024,42957.0,LBN
LSO_1960,Lesotho,1960,,LSO
LSO_1961,Lesotho,1961,,LSO
LSO_1962,Lesotho,1962,,LSO
LSO_1963,Lesotho,1963,,LSO
LSO_1964,Lesotho,1964,,LSO
LSO_1965,Lesotho,1965,,LSO
LSO_1966,Lesotho,1966,0.0,LSO
LSO_1967,Lesotho,1967,0.0,LSO
LSO_1968,Lesotho,1968,0.0,LSO
LSO_1969,Lesotho,1969,0.0,LSO
LSO_1970,Lesotho,1970,0.0,LSO
LSO_1971,Lesotho,1971,0.0,LSO
LSO_1972,Lesotho,1972,0.0,LSO
LSO_1973,Lesotho,1973,0.0,LSO
LSO_1974,Lesotho,1974,0.0,LSO
LSO_1975,Lesotho,1975,0.0,LSO
LSO_1976,Lesotho,1976,0.0,LSO
LSO_1977,Lesotho,1977,0.0,LSO
LSO_1978,Lesotho,1978,0.0,LSO
LSO_1979,Lesotho,1979,0.0,LSO
LSO_1980,Lesotho,1980,0.0,LSO
LSO_1981,Lesotho,1981,0.0,LSO
LSO_1982,Lesotho,1982,0.0,LSO
LSO_1983,Lesotho,1983,0.0,LSO
LSO_1984,Lesotho,1984,0.0,LSO
LSO_1985,Lesotho,1985,0.2,LSO
LSO_1986,Lesotho,1986,0.04,LSO
LSO_1987,Lesotho,1987,0.0,LSO
LSO_1988,Lesotho,1988,0.01,LSO
LSO_1989,Lesotho,1989,0.0,LSO
LSO_1990,Lesotho,1990,8.12,LSO
LSO_1991,Lesotho,1991,3.7,LSO
LSO_1992,Lesotho,1992,5.58,LSO
LSO_1993,Lesotho,1993,12.05,LSO
LSO_1994,Lesotho,1994,2.88,LSO
LSO_1995,Lesotho,1995,0.0,LSO
LSO_1996,Lesotho,1996,0.0,LSO
LSO_1997,Lesotho,1997,0.0,LSO
LSO_1998,Lesotho,1998,0.06,LSO
LSO_1999,Lesotho,1999,0.0,LSO
LSO_2000,Lesotho,2000,0.0,LSO
LSO_2001,Lesotho,2001,3.0,LSO
LSO_2002,Lesotho,2002,0.0,LSO
LSO_2003,Lesotho,2003,0.0,LSO
LSO_2004,Lesotho,2004,0.0,LSO
LSO_2005,Lesotho,2005,0.0,LSO
LSO_2006,Lesotho,2006,18.28,LSO
LSO_2007,Lesotho,2007,5.85,LSO
LSO_2008,Lesotho,2008,1.44,LSO
LSO_2009,Lesotho,2009,0.0,LSO
LSO_2010,Lesotho,2010,0.0,LSO
LSO_2011,Lesotho,2011,0.0,LSO
LSO_2012,Lesotho,2012,0.0,LSO
LSO_2013,Lesotho,2013,0.07,LSO
LSO_2014,Lesotho,2014,0.22,LSO
LSO_2015,Lesotho,2015,0.13,LSO
LSO_2016,Lesotho,2016,0.38,LSO
LSO_2017,Lesotho,2017,0.18,LSO
LSO_2018,Lesotho,2018,1.53,LSO
LSO_2019,Lesotho,2019,0.3,LSO
LSO_2020,Lesotho,2020,4.66,LSO
LSO_2021,Lesotho,2021,9.77,LSO
LSO_2022,Lesotho,2022,12.66,LSO
LSO_2023,Lesotho,2023,13.0,LSO
LSO_2024,Lesotho,2024,13.0,LSO
LBR_1960,Liberia,1960,0.0,LBR
LBR_1961,Liberia,1961,0.0,LBR
LBR_1962,Liberia,1962,0.0,LBR
LBR_1963,Liberia,1963,122.0,LBR
LBR_1964,Liberia,1964,0.0,LBR
LBR_1965,Liberia,1965,0.0,LBR
LBR_1966,Liberia,1966,0.0,LBR
LBR_1967,Liberia,1967,0.0,LBR
LBR_1968,Liberia,1968,112.0,LBR
LBR_1969,Liberia,1969,5.0,LBR
LBR_1970,Liberia,1970,0.0,LBR
LBR_1971,Liberia,1971,0.08,LBR
LBR_1972,Liberia,1972,0.08,LBR
LBR_1973,Liberia,1973,0.13,LBR
LBR_1974,Liberia,1974,0.24,LBR
LBR_1975,Liberia,1975,0.05,LBR
LBR_1976,Liberia,1976,0.05,LBR
LBR_1977,Liberia,1977,0.13,LBR
LBR_1978,Liberia,1978,1.27,LBR
LBR_1979,Liberia,1979,1.8,LBR
LBR_1980,Liberia,1980,37.3,LBR
LBR_1981,Liberia,1981,43.9,LBR
LBR_1982,Liberia,1982,60.65,LBR
LBR_1983,Liberia,1983,71.3,LBR
LBR_1984,Liberia,1984,113.25,LBR
LBR_1985,Liberia,1985,469.55,LBR
LBR_1986,Liberia,1986,838.92,LBR
LBR_1987,Liberia,1987,1447.11,LBR
LBR_1988,Liberia,1988,1700.48,LBR
LBR_1989,Liberia,1989,1199.75,LBR
LBR_1990,Liberia,1990,1811.89,LBR
LBR_1991,Liberia,1991,2052.63,LBR
LBR_1992,Liberia,1992,2111.68,LBR
LBR_1993,Liberia,1993,2222.08,LBR
LBR_1994,Liberia,1994,2467.86,LBR
LBR_1995,Liberia,1995,2653.56,LBR
LBR_1996,Liberia,1996,2721.98,LBR
LBR_1997,Liberia,1997,2742.94,LBR
LBR_1998,Liberia,1998,2972.01,LBR
LBR_1999,Liberia,1999,3030.94,LBR
LBR_2000,Liberia,2000,3370.87,LBR
LBR_2001,Liberia,2001,3737.13,LBR
LBR_2002,Liberia,2002,3972.18,LBR
LBR_2003,Liberia,2003,4426.22,LBR
LBR_2004,Liberia,2004,4725.77,LBR
LBR_2005,Liberia,2005,4792.95,LBR
LBR_2006,Liberia,2006,5181.38,LBR
LBR_2007,Liberia,2007,4948.22,LBR
LBR_2008,Liberia,2008,4076.04,LBR
LBR_2009,Liberia,2009,1765.68,LBR
LBR_2010,Liberia,2010,2883.47,LBR
LBR_2011,Liberia,2011,185.63,LBR
LBR_2012,Liberia,2012,121.04,LBR
LBR_2013,Liberia,2013,92.02,LBR
LBR_2014,Liberia,2014,78.61,LBR
LBR_2015,Liberia,2015,78.6,LBR
LBR_2016,Liberia,2016,88.6,LBR
LBR_2017,Liberia,2017,405.41,LBR
LBR_2018,Liberia,2018,85.88,LBR
LBR_2019,Liberia,2019,65.29,LBR
LBR_2020,Liberia,2020,85.0,LBR
LBR_2021,Liberia,2021,25.0,LBR
LBR_2022,Liberia,2022,12.0,LBR
LBR_2023,Liberia,2023,25.0,LBR
LBR_2024,Liberia,2024,11.9,LBR
LBY_1960,Libya,1960,,LBY
LBY_1961,Libya,1961,,LBY
LBY_1962,Libya,1962,,LBY
LBY_1963,Libya,1963,,LBY
LBY_1964,Libya,1964,,LBY
LBY_1965,Libya,1965,,LBY
LBY_1966,Libya,1966,,LBY
LBY_1967,Libya,1967,,LBY
LBY_1968,Libya,1968,,LBY
LBY_1969,Libya,1969,,LBY
LBY_1970,Libya,1970,,LBY
LBY_1971,Libya,1971,,LBY
LBY_1972,Libya,1972,,LBY
LBY_1973,Libya,1973,,LBY
LBY_1974,Libya,1974,,LBY
LBY_1975,Libya,1975,,LBY
LBY_1976,Libya,1976,,LBY
LBY_1977,Libya,1977,0.0,LBY
LBY_1978,Libya,1978,0.0,LBY
LBY_1979,Libya,1979,0.0,LBY
LBY_1980,Libya,1980,0.0,LBY
LBY_1981,Libya,1981,0.0,LBY
LBY_1982,Libya,1982,0.0,LBY
LBY_1983,Libya,1983,0.0,LBY
LBY_1984,Libya,1984,0.0,LBY
LBY_1985,Libya,1985,0.0,LBY
LBY_1986,Libya,1986,0.0,LBY
LBY_1987,Libya,1987,0.0,LBY
LBY_1988,Libya,1988,0.0,LBY
LBY_1989,Libya,1989,0.0,LBY
LBY_1990,Libya,1990,0.0,LBY
LBY_1991,Libya,1991,0.0,LBY
LBY_1992,Libya,1992,0.0,LBY
LBY_1993,Libya,1993,0.0,LBY
LBY_1994,Libya,1994,0.0,LBY
LBY_1995,Libya,1995,0.0,LBY
LBY_1996,Libya,1996,0.0,LBY
LBY_1997,Libya,1997,0.0,LBY
LBY_1998,Libya,1998,0.0,LBY
LBY_1999,Libya,1999,0.0,LBY
LBY_2000,Libya,2000,0.0,LBY
LBY_2001,Libya,2001,0.0,LBY
LBY_2002,Libya,2002,0.0,LBY
LBY_2003,Libya,2003,0.0,LBY
LBY_2004,Libya,2004,441.0,LBY
LBY_2005,Libya,2005,0.0,LBY
LBY_2006,Libya,2006,0.0,LBY
LBY_2007,Libya,2007,,LBY
LBY_2008,Libya,2008,4500.0,LBY
LBY_2009,Libya,2009,,LBY
LBY_2010,Libya,2010,,LBY
LBY_2011,Libya,2011,3200.0,LBY
LBY_2012,Libya,2012,3200.0,LBY
LBY_2013,Libya,2013,3280.0,LBY
LBY_2014,Libya,2014,3320.0,LBY
LBY_2015,Libya,2015,3400.0,LBY
LBY_2016,Libya,2016,3450.0,LBY
LBY_2017,Libya,2017,3500.0,LBY
LBY_2018,Libya,2018,0.0,LBY
LBY_2019,Libya,2019,0.0,LBY
LBY_2020,Libya,2020,0.0,LBY
LBY_2021,Libya,2021,0.0,LBY
LBY_2022,Libya,2022,0.0,LBY
LBY_2023,Libya,2023,0.0,LBY
LBY_2024,Libya,2024,0.0,LBY
LTU_1960,Lithuania,1960,,LTU
LTU_1961,Lithuania,1961,,LTU
LTU_1962,Lithuania,1962,,LTU
LTU_1963,Lithuania,1963,,LTU
LTU_1964,Lithuania,1964,,LTU
LTU_1965,Lithuania,1965,,LTU
LTU_1966,Lithuania,1966,,LTU
LTU_1967,Lithuania,1967,,LTU
LTU_1968,Lithuania,1968,,LTU
LTU_1969,Lithuania,1969,,LTU
LTU_1970,Lithuania,1970,,LTU
LTU_1971,Lithuania,1971,,LTU
LTU_1972,Lithuania,1972,,LTU
LTU_1973,Lithuania,1973,,LTU
LTU_1974,Lithuania,1974,,LTU
LTU_1975,Lithuania,1975,,LTU
LTU_1976,Lithuania,1976,,LTU
LTU_1977,Lithuania,1977,,LTU
LTU_1978,Lithuania,1978,,LTU
LTU_1979,Lithuania,1979,,LTU
LTU_1980,Lithuania,1980,,LTU
LTU_1981,Lithuania,1981,,LTU
LTU_1982,Lithuania,1982,,LTU
LTU_1983,Lithuania,1983,,LTU
LTU_1984,Lithuania,1984,,LTU
LTU_1985,Lithuania,1985,,LTU
LTU_1986,Lithuania,1986,,LTU
LTU_1987,Lithuania,1987,,LTU
LTU_1988,Lithuania,1988,,LTU
LTU_1989,Lithuania,1989,,LTU
LTU_1990,Lithuania,1990,,LTU
LTU_1991,Lithuania,1991,,LTU
LTU_1992,Lithuania,1992,0.0,LTU
LTU_1993,Lithuania,1993,63.8,LTU
LTU_1994,Lithuania,1994,0.0,LTU
LTU_1995,Lithuania,1995,0.0,LTU
LTU_1996,Lithuania,1996,0.0,LTU
LTU_1997,Lithuania,1997,0.0,LTU
LTU_1998,Lithuania,1998,0.0,LTU
LTU_1999,Lithuania,1999,0.0,LTU
LTU_2000,Lithuania,2000,0.0,LTU
LTU_2001,Lithuania,2001,0.0,LTU
LTU_2002,Lithuania,2002,0.0,LTU
LTU_2003,Lithuania,2003,0.0,LTU
LTU_2004,Lithuania,2004,0.0,LTU
LTU_2005,Lithuania,2005,0.0,LTU
LTU_2006,Lithuania,2006,0.0,LTU
LTU_2007,Lithuania,2007,0.0,LTU
LTU_2008,Lithuania,2008,0.0,LTU
LTU_2009,Lithuania,2009,0.0,LTU
LTU_2010,Lithuania,2010,0.0,LTU
LTU_2011,Lithuania,2011,0.0,LTU
LTU_2012,Lithuania,2012,0.0,LTU
LTU_2013,Lithuania,2013,0.0,LTU
LTU_2014,Lithuania,2014,0.0,LTU
LTU_2015,Lithuania,2015,0.0,LTU
LTU_2016,Lithuania,2016,0.0,LTU
LTU_2017,Lithuania,2017,0.0,LTU
LTU_2018,Lithuania,2018,0.0,LTU
LTU_2019,Lithuania,2019,0.0,LTU
LTU_2020,Lithuania,2020,0.0,LTU
LTU_2021,Lithuania,2021,0.0,LTU
LTU_2022,Lithuania,2022,0.0,LTU
LTU_2023,Lithuania,2023,0.0,LTU
LTU_2024,Lithuania,2024,0.0,LTU
MDG_1960,Madagascar,1960,0.0,MDG
MDG_1961,Madagascar,1961,0.0,MDG
MDG_1962,Madagascar,1962,0.0,MDG
MDG_1963,Madagascar,1963,0.0,MDG
MDG_1964,Madagascar,1964,0.0,MDG
MDG_1965,Madagascar,1965,0.0,MDG
MDG_1966,Madagascar,1966,0.0,MDG
MDG_1967,Madagascar,1967,0.0,MDG
MDG_1968,Madagascar,1968,0.0,MDG
MDG_1969,Madagascar,1969,0.0,MDG
MDG_1970,Madagascar,1970,0.0,MDG
MDG_1971,Madagascar,1971,0.0,MDG
MDG_1972,Madagascar,1972,0.07,MDG
MDG_1973,Madagascar,1973,0.07,MDG
MDG_1974,Madagascar,1974,0.51,MDG
MDG_1975,Madagascar,1975,0.58,MDG
MDG_1976,Madagascar,1976,0.51,MDG
MDG_1977,Madagascar,1977,0.69,MDG
MDG_1978,Madagascar,1978,0.91,MDG
MDG_1979,Madagascar,1979,2.08,MDG
MDG_1980,Madagascar,1980,48.57,MDG
MDG_1981,Madagascar,1981,279.04,MDG
MDG_1982,Madagascar,1982,247.95,MDG
MDG_1983,Madagascar,1983,242.47,MDG
MDG_1984,Madagascar,1984,377.18,MDG
MDG_1985,Madagascar,1985,326.34,MDG
MDG_1986,Madagascar,1986,398.35,MDG
MDG_1987,Madagascar,1987,359.79,MDG
MDG_1988,Madagascar,1988,349.72,MDG
MDG_1989,Madagascar,1989,792.52,MDG
MDG_1990,Madagascar,1990,660.3,MDG
MDG_1991,Madagascar,1991,641.14,MDG
MDG_1992,Madagascar,1992,867.11,MDG
MDG_1993,Madagascar,1993,1309.29,MDG
MDG_1994,Madagascar,1994,1410.29,MDG
MDG_1995,Madagascar,1995,1697.03,MDG
MDG_1996,Madagascar,1996,1779.39,MDG
MDG_1997,Madagascar,1997,1658.52,MDG
MDG_1998,Madagascar,1998,816.03,MDG
MDG_1999,Madagascar,1999,818.55,MDG
MDG_2000,Madagascar,2000,883.57,MDG
MDG_2001,Madagascar,2001,912.11,MDG
MDG_2002,Madagascar,2002,1225.3,MDG
MDG_2003,Madagascar,2003,835.74,MDG
MDG_2004,Madagascar,2004,1694.03,MDG
MDG_2005,Madagascar,2005,444.23,MDG
MDG_2006,Madagascar,2006,2932.85,MDG
MDG_2007,Madagascar,2007,533.95,MDG
MDG_2008,Madagascar,2008,409.57,MDG
MDG_2009,Madagascar,2009,394.68,MDG
MDG_2010,Madagascar,2010,393.07,MDG
MDG_2011,Madagascar,2011,393.13,MDG
MDG_2012,Madagascar,2012,471.54,MDG
MDG_2013,Madagascar,2013,341.72,MDG
MDG_2014,Madagascar,2014,227.22,MDG
MDG_2015,Madagascar,2015,190.53,MDG
MDG_2016,Madagascar,2016,18.84,MDG
MDG_2017,Madagascar,2017,107.22,MDG
MDG_2018,Madagascar,2018,103.89,MDG
MDG_2019,Madagascar,2019,103.88,MDG
MDG_2020,Madagascar,2020,105.11,MDG
MDG_2021,Madagascar,2021,106.31,MDG
MDG_2022,Madagascar,2022,103.21,MDG
MDG_2023,Madagascar,2023,291.0,MDG
MDG_2024,Madagascar,2024,103.0,MDG
MWI_1960,Malawi,1960,,MWI
MWI_1961,Malawi,1961,,MWI
MWI_1962,Malawi,1962,,MWI
MWI_1963,Malawi,1963,,MWI
MWI_1964,Malawi,1964,0.0,MWI
MWI_1965,Malawi,1965,0.0,MWI
MWI_1966,Malawi,1966,0.0,MWI
MWI_1967,Malawi,1967,0.0,MWI
MWI_1968,Malawi,1968,0.0,MWI
MWI_1969,Malawi,1969,0.0,MWI
MWI_1970,Malawi,1970,0.0,MWI
MWI_1971,Malawi,1971,0.0,MWI
MWI_1972,Malawi,1972,0.0,MWI
MWI_1973,Malawi,1973,0.0,MWI
MWI_1974,Malawi,1974,0.0,MWI
MWI_1975,Malawi,1975,0.0,MWI
MWI_1976,Malawi,1976,0.0,MWI
MWI_1977,Malawi,1977,0.0,MWI
MWI_1978,Malawi,1978,0.0,MWI
MWI_1979,Malawi,1979,0.0,MWI
MWI_1980,Malawi,1980,3.96,MWI
MWI_1981,Malawi,1981,0.38,MWI
MWI_1982,Malawi,1982,71.05,MWI
MWI_1983,Malawi,1983,87.0,MWI
MWI_1984,Malawi,1984,0.0,MWI
MWI_1985,Malawi,1985,1.7,MWI
MWI_1986,Malawi,1986,1.1,MWI
MWI_1987,Malawi,1987,28.08,MWI
MWI_1988,Malawi,1988,55.0,MWI
MWI_1989,Malawi,1989,47.01,MWI
MWI_1990,Malawi,1990,76.35,MWI
MWI_1991,Malawi,1991,7.63,MWI
MWI_1992,Malawi,1992,5.22,MWI
MWI_1993,Malawi,1993,8.28,MWI
MWI_1994,Malawi,1994,15.91,MWI
MWI_1995,Malawi,1995,8.65,MWI
MWI_1996,Malawi,1996,20.2,MWI
MWI_1997,Malawi,1997,20.1,MWI
MWI_1998,Malawi,1998,51.21,MWI
MWI_1999,Malawi,1999,71.55,MWI
MWI_2000,Malawi,2000,109.19,MWI
MWI_2001,Malawi,2001,202.14,MWI
MWI_2002,Malawi,2002,108.69,MWI
MWI_2003,Malawi,2003,123.91,MWI
MWI_2004,Malawi,2004,85.1,MWI
MWI_2005,Malawi,2005,95.67,MWI
MWI_2006,Malawi,2006,2680.86,MWI
MWI_2007,Malawi,2007,79.09,MWI
MWI_2008,Malawi,2008,15.68,MWI
MWI_2009,Malawi,2009,11.05,MWI
MWI_2010,Malawi,2010,0.82,MWI
MWI_2011,Malawi,2011,0.97,MWI
MWI_2012,Malawi,2012,1.49,MWI
MWI_2013,Malawi,2013,6.36,MWI
MWI_2014,Malawi,2014,11.56,MWI
MWI_2015,Malawi,2015,2.63,MWI
MWI_2016,Malawi,2016,3.33,MWI
MWI_2017,Malawi,2017,11.99,MWI
MWI_2018,Malawi,2018,5.0,MWI
MWI_2019,Malawi,2019,5.35,MWI
MWI_2020,Malawi,2020,5.73,MWI
MWI_2021,Malawi,2021,5.66,MWI
MWI_2022,Malawi,2022,2.11,MWI
MWI_2023,Malawi,2023,1055.0,MWI
MWI_2024,Malawi,2024,1314.0,MWI
MYS_1960,Malaysia,1960,,MYS
MYS_1961,Malaysia,1961,,MYS
MYS_1962,Malaysia,1962,,MYS
MYS_1963,Malaysia,1963,,MYS
MYS_1964,Malaysia,1964,,MYS
MYS_1965,Malaysia,1965,,MYS
MYS_1966,Malaysia,1966,,MYS
MYS_1967,Malaysia,1967,,MYS
MYS_1968,Malaysia,1968,,MYS
MYS_1969,Malaysia,1969,,MYS
MYS_1970,Malaysia,1970,,MYS
MYS_1971,Malaysia,1971,,MYS
MYS_1972,Malaysia,1972,,MYS
MYS_1973,Malaysia,1973,,MYS
MYS_1974,Malaysia,1974,,MYS
MYS_1975,Malaysia,1975,,MYS
MYS_1976,Malaysia,1976,,MYS
MYS_1977,Malaysia,1977,,MYS
MYS_1978,Malaysia,1978,,MYS
MYS_1979,Malaysia,1979,,MYS
MYS_1980,Malaysia,1980,,MYS
MYS_1981,Malaysia,1981,,MYS
MYS_1982,Malaysia,1982,,MYS
MYS_1983,Malaysia,1983,,MYS
MYS_1984,Malaysia,1984,,MYS
MYS_1985,Malaysia,1985,,MYS
MYS_1986,Malaysia,1986,,MYS
MYS_1987,Malaysia,1987,,MYS
MYS_1988,Malaysia,1988,,MYS
MYS_1989,Malaysia,1989,,MYS
MYS_1990,Malaysia,1990,,MYS
MYS_1991,Malaysia,1991,,MYS
MYS_1992,Malaysia,1992,,MYS
MYS_1993,Malaysia,1993,,MYS
MYS_1994,Malaysia,1994,,MYS
MYS_1995,Malaysia,1995,,MYS
MYS_1996,Malaysia,1996,,MYS
MYS_1997,Malaysia,1997,,MYS
MYS_1998,Malaysia,1998,,MYS
MYS_1999,Malaysia,1999,,MYS
MYS_2000,Malaysia,2000,,MYS
MYS_2001,Malaysia,2001,,MYS
MYS_2002,Malaysia,2002,,MYS
MYS_2003,Malaysia,2003,,MYS
MYS_2004,Malaysia,2004,,MYS
MYS_2005,Malaysia,2005,,MYS
MYS_2006,Malaysia,2006,,MYS
MYS_2007,Malaysia,2007,,MYS
MYS_2008,Malaysia,2008,,MYS
MYS_2009,Malaysia,2009,,MYS
MYS_2010,Malaysia,2010,,MYS
MYS_2011,Malaysia,2011,,MYS
MYS_2012,Malaysia,2012,,MYS
MYS_2013,Malaysia,2013,,MYS
MYS_2014,Malaysia,2014,,MYS
MYS_2015,Malaysia,2015,,MYS
MYS_2016,Malaysia,2016,,MYS
MYS_2017,Malaysia,2017,,MYS
MYS_2018,Malaysia,2018,,MYS
MYS_2019,Malaysia,2019,,MYS
MYS_2020,Malaysia,2020,,MYS
MYS_2021,Malaysia,2021,,MYS
MYS_2022,Malaysia,2022,,MYS
MYS_2023,Malaysia,2023,,MYS
MYS_2024,Malaysia,2024,,MYS
MDV_1960,Maldives,1960,,MDV
MDV_1961,Maldives,1961,,MDV
MDV_1962,Maldives,1962,,MDV
MDV_1963,Maldives,1963,,MDV
MDV_1964,Maldives,1964,,MDV
MDV_1965,Maldives,1965,0.0,MDV
MDV_1966,Maldives,1966,0.0,MDV
MDV_1967,Maldives,1967,0.0,MDV
MDV_1968,Maldives,1968,0.0,MDV
MDV_1969,Maldives,1969,0.0,MDV
MDV_1970,Maldives,1970,0.0,MDV
MDV_1971,Maldives,1971,0.0,MDV
MDV_1972,Maldives,1972,0.0,MDV
MDV_1973,Maldives,1973,0.0,MDV
MDV_1974,Maldives,1974,0.0,MDV
MDV_1975,Maldives,1975,0.0,MDV
MDV_1976,Maldives,1976,0.0,MDV
MDV_1977,Maldives,1977,0.0,MDV
MDV_1978,Maldives,1978,0.01,MDV
MDV_1979,Maldives,1979,0.02,MDV
MDV_1980,Maldives,1980,0.0,MDV
MDV_1981,Maldives,1981,0.0,MDV
MDV_1982,Maldives,1982,0.0,MDV
MDV_1983,Maldives,1983,0.0,MDV
MDV_1984,Maldives,1984,0.0,MDV
MDV_1985,Maldives,1985,0.0,MDV
MDV_1986,Maldives,1986,0.0,MDV
MDV_1987,Maldives,1987,0.0,MDV
MDV_1988,Maldives,1988,0.0,MDV
MDV_1989,Maldives,1989,0.0,MDV
MDV_1990,Maldives,1990,0.0,MDV
MDV_1991,Maldives,1991,0.0,MDV
MDV_1992,Maldives,1992,0.0,MDV
MDV_1993,Maldives,1993,0.0,MDV
MDV_1994,Maldives,1994,0.0,MDV
MDV_1995,Maldives,1995,0.0,MDV
MDV_1996,Maldives,1996,0.0,MDV
MDV_1997,Maldives,1997,0.0,MDV
MDV_1998,Maldives,1998,0.0,MDV
MDV_1999,Maldives,1999,0.0,MDV
MDV_2000,Maldives,2000,0.0,MDV
MDV_2001,Maldives,2001,0.0,MDV
MDV_2002,Maldives,2002,0.0,MDV
MDV_2003,Maldives,2003,0.0,MDV
MDV_2004,Maldives,2004,0.55,MDV
MDV_2005,Maldives,2005,0.31,MDV
MDV_2006,Maldives,2006,0.2,MDV
MDV_2007,Maldives,2007,0.0,MDV
MDV_2008,Maldives,2008,10.21,MDV
MDV_2009,Maldives,2009,9.77,MDV
MDV_2010,Maldives,2010,5.12,MDV
MDV_2011,Maldives,2011,6.45,MDV
MDV_2012,Maldives,2012,6.62,MDV
MDV_2013,Maldives,2013,15.72,MDV
MDV_2014,Maldives,2014,9.56,MDV
MDV_2015,Maldives,2015,3.29,MDV
MDV_2016,Maldives,2016,1.76,MDV
MDV_2017,Maldives,2017,0.51,MDV
MDV_2018,Maldives,2018,1.62,MDV
MDV_2019,Maldives,2019,14.07,MDV
MDV_2020,Maldives,2020,97.43,MDV
MDV_2021,Maldives,2021,190.82,MDV
MDV_2022,Maldives,2022,0.0,MDV
MDV_2023,Maldives,2023,0.0,MDV
MDV_2024,Maldives,2024,0.0,MDV
MLI_1960,Mali,1960,0.0,MLI
MLI_1961,Mali,1961,0.0,MLI
MLI_1962,Mali,1962,0.0,MLI
MLI_1963,Mali,1963,0.0,MLI
MLI_1964,Mali,1964,26.0,MLI
MLI_1965,Mali,1965,0.0,MLI
MLI_1966,Mali,1966,0.0,MLI
MLI_1967,Mali,1967,0.0,MLI
MLI_1968,Mali,1968,0.0,MLI
MLI_1969,Mali,1969,0.0,MLI
MLI_1970,Mali,1970,10.94,MLI
MLI_1971,Mali,1971,16.11,MLI
MLI_1972,Mali,1972,21.45,MLI
MLI_1973,Mali,1973,28.14,MLI
MLI_1974,Mali,1974,34.27,MLI
MLI_1975,Mali,1975,39.0,MLI
MLI_1976,Mali,1976,60.12,MLI
MLI_1977,Mali,1977,85.92,MLI
MLI_1978,Mali,1978,116.98,MLI
MLI_1979,Mali,1979,141.37,MLI
MLI_1980,Mali,1980,76.15,MLI
MLI_1981,Mali,1981,7.31,MLI
MLI_1982,Mali,1982,10.71,MLI
MLI_1983,Mali,1983,16.53,MLI
MLI_1984,Mali,1984,90.9,MLI
MLI_1985,Mali,1985,98.72,MLI
MLI_1986,Mali,1986,58.1,MLI
MLI_1987,Mali,1987,81.52,MLI
MLI_1988,Mali,1988,57.83,MLI
MLI_1989,Mali,1989,36.07,MLI
MLI_1990,Mali,1990,85.03,MLI
MLI_1991,Mali,1991,204.11,MLI
MLI_1992,Mali,1992,335.23,MLI
MLI_1993,Mali,1993,259.18,MLI
MLI_1994,Mali,1994,707.51,MLI
MLI_1995,Mali,1995,369.97,MLI
MLI_1996,Mali,1996,477.21,MLI
MLI_1997,Mali,1997,674.83,MLI
MLI_1998,Mali,1998,598.82,MLI
MLI_1999,Mali,1999,589.65,MLI
MLI_2000,Mali,2000,586.02,MLI
MLI_2001,Mali,2001,587.2,MLI
MLI_2002,Mali,2002,663.22,MLI
MLI_2003,Mali,2003,211.48,MLI
MLI_2004,Mali,2004,130.12,MLI
MLI_2005,Mali,2005,117.49,MLI
MLI_2006,Mali,2006,1994.52,MLI
MLI_2007,Mali,2007,138.08,MLI
MLI_2008,Mali,2008,50.34,MLI
MLI_2009,Mali,2009,501.01,MLI
MLI_2010,Mali,2010,0.81,MLI
MLI_2011,Mali,2011,142.15,MLI
MLI_2012,Mali,2012,160.82,MLI
MLI_2013,Mali,2013,164.74,MLI
MLI_2014,Mali,2014,100.24,MLI
MLI_2015,Mali,2015,112.14,MLI
MLI_2016,Mali,2016,105.53,MLI
MLI_2017,Mali,2017,99.49,MLI
MLI_2018,Mali,2018,87.14,MLI
MLI_2019,Mali,2019,31.06,MLI
MLI_2020,Mali,2020,36.8,MLI
MLI_2021,Mali,2021,65.6,MLI
MLI_2022,Mali,2022,311.27,MLI
MLI_2023,Mali,2023,8.47,MLI
MLI_2024,Mali,2024,15.47,MLI
MHL_1960,Marshall Islands,1960,,MHL
MHL_1961,Marshall Islands,1961,,MHL
MHL_1962,Marshall Islands,1962,,MHL
MHL_1963,Marshall Islands,1963,,MHL
MHL_1964,Marshall Islands,1964,,MHL
MHL_1965,Marshall Islands,1965,,MHL
MHL_1966,Marshall Islands,1966,,MHL
MHL_1967,Marshall Islands,1967,,MHL
MHL_1968,Marshall Islands,1968,,MHL
MHL_1969,Marshall Islands,1969,,MHL
MHL_1970,Marshall Islands,1970,,MHL
MHL_1971,Marshall Islands,1971,,MHL
MHL_1972,Marshall Islands,1972,,MHL
MHL_1973,Marshall Islands,1973,,MHL
MHL_1974,Marshall Islands,1974,,MHL
MHL_1975,Marshall Islands,1975,,MHL
MHL_1976,Marshall Islands,1976,,MHL
MHL_1977,Marshall Islands,1977,,MHL
MHL_1978,Marshall Islands,1978,,MHL
MHL_1979,Marshall Islands,1979,,MHL
MHL_1980,Marshall Islands,1980,,MHL
MHL_1981,Marshall Islands,1981,,MHL
MHL_1982,Marshall Islands,1982,,MHL
MHL_1983,Marshall Islands,1983,,MHL
MHL_1984,Marshall Islands,1984,,MHL
MHL_1985,Marshall Islands,1985,,MHL
MHL_1986,Marshall Islands,1986,,MHL
MHL_1987,Marshall Islands,1987,,MHL
MHL_1988,Marshall Islands,1988,,MHL
MHL_1989,Marshall Islands,1989,,MHL
MHL_1990,Marshall Islands,1990,,MHL
MHL_1991,Marshall Islands,1991,,MHL
MHL_1992,Marshall Islands,1992,,MHL
MHL_1993,Marshall Islands,1993,,MHL
MHL_1994,Marshall Islands,1994,,MHL
MHL_1995,Marshall Islands,1995,,MHL
MHL_1996,Marshall Islands,1996,,MHL
MHL_1997,Marshall Islands,1997,,MHL
MHL_1998,Marshall Islands,1998,,MHL
MHL_1999,Marshall Islands,1999,,MHL
MHL_2000,Marshall Islands,2000,,MHL
MHL_2001,Marshall Islands,2001,,MHL
MHL_2002,Marshall Islands,2002,,MHL
MHL_2003,Marshall Islands,2003,,MHL
MHL_2004,Marshall Islands,2004,,MHL
MHL_2005,Marshall Islands,2005,,MHL
MHL_2006,Marshall Islands,2006,,MHL
MHL_2007,Marshall Islands,2007,,MHL
MHL_2008,Marshall Islands,2008,,MHL
MHL_2009,Marshall Islands,2009,,MHL
MHL_2010,Marshall Islands,2010,,MHL
MHL_2011,Marshall Islands,2011,,MHL
MHL_2012,Marshall Islands,2012,,MHL
MHL_2013,Marshall Islands,2013,,MHL
MHL_2014,Marshall Islands,2014,,MHL
MHL_2015,Marshall Islands,2015,,MHL
MHL_2016,Marshall Islands,2016,,MHL
MHL_2017,Marshall Islands,2017,,MHL
MHL_2018,Marshall Islands,2018,,MHL
MHL_2019,Marshall Islands,2019,,MHL
MHL_2020,Marshall Islands,2020,,MHL
MHL_2021,Marshall Islands,2021,,MHL
MHL_2022,Marshall Islands,2022,,MHL
MHL_2023,Marshall Islands,2023,,MHL
MHL_2024,Marshall Islands,2024,,MHL
MRT_1960,Mauritania,1960,0.0,MRT
MRT_1961,Mauritania,1961,0.0,MRT
MRT_1962,Mauritania,1962,0.0,MRT
MRT_1963,Mauritania,1963,0.0,MRT
MRT_1964,Mauritania,1964,0.0,MRT
MRT_1965,Mauritania,1965,0.0,MRT
MRT_1966,Mauritania,1966,0.0,MRT
MRT_1967,Mauritania,1967,0.0,MRT
MRT_1968,Mauritania,1968,0.0,MRT
MRT_1969,Mauritania,1969,1.0,MRT
MRT_1970,Mauritania,1970,0.0,MRT
MRT_1971,Mauritania,1971,0.01,MRT
MRT_1972,Mauritania,1972,0.29,MRT
MRT_1973,Mauritania,1973,0.69,MRT
MRT_1974,Mauritania,1974,0.24,MRT
MRT_1975,Mauritania,1975,0.74,MRT
MRT_1976,Mauritania,1976,0.54,MRT
MRT_1977,Mauritania,1977,3.86,MRT
MRT_1978,Mauritania,1978,32.38,MRT
MRT_1979,Mauritania,1979,23.58,MRT
MRT_1980,Mauritania,1980,54.27,MRT
MRT_1981,Mauritania,1981,36.07,MRT
MRT_1982,Mauritania,1982,46.33,MRT
MRT_1983,Mauritania,1983,68.49,MRT
MRT_1984,Mauritania,1984,112.44,MRT
MRT_1985,Mauritania,1985,87.5,MRT
MRT_1986,Mauritania,1986,97.92,MRT
MRT_1987,Mauritania,1987,112.65,MRT
MRT_1988,Mauritania,1988,147.23,MRT
MRT_1989,Mauritania,1989,294.01,MRT
MRT_1990,Mauritania,1990,277.05,MRT
MRT_1991,Mauritania,1991,309.55,MRT
MRT_1992,Mauritania,1992,404.12,MRT
MRT_1993,Mauritania,1993,696.29,MRT
MRT_1994,Mauritania,1994,328.63,MRT
MRT_1995,Mauritania,1995,312.26,MRT
MRT_1996,Mauritania,1996,382.95,MRT
MRT_1997,Mauritania,1997,291.4,MRT
MRT_1998,Mauritania,1998,402.24,MRT
MRT_1999,Mauritania,1999,489.1,MRT
MRT_2000,Mauritania,2000,543.61,MRT
MRT_2001,Mauritania,2001,361.2,MRT
MRT_2002,Mauritania,2002,404.5,MRT
MRT_2003,Mauritania,2003,399.13,MRT
MRT_2004,Mauritania,2004,291.61,MRT
MRT_2005,Mauritania,2005,301.53,MRT
MRT_2006,Mauritania,2006,1197.54,MRT
MRT_2007,Mauritania,2007,1253.64,MRT
MRT_2008,Mauritania,2008,1267.69,MRT
MRT_2009,Mauritania,2009,1191.89,MRT
MRT_2010,Mauritania,2010,1169.99,MRT
MRT_2011,Mauritania,2011,1057.29,MRT
MRT_2012,Mauritania,2012,1054.82,MRT
MRT_2013,Mauritania,2013,1055.38,MRT
MRT_2014,Mauritania,2014,1048.4,MRT
MRT_2015,Mauritania,2015,1045.02,MRT
MRT_2016,Mauritania,2016,1044.22,MRT
MRT_2017,Mauritania,2017,1045.51,MRT
MRT_2018,Mauritania,2018,1045.0,MRT
MRT_2019,Mauritania,2019,1045.15,MRT
MRT_2020,Mauritania,2020,1166.06,MRT
MRT_2021,Mauritania,2021,278.61,MRT
MRT_2022,Mauritania,2022,348.32,MRT
MRT_2023,Mauritania,2023,300.0,MRT
MRT_2024,Mauritania,2024,325.0,MRT
MUS_1960,Mauritius,1960,,MUS
MUS_1961,Mauritius,1961,,MUS
MUS_1962,Mauritius,1962,,MUS
MUS_1963,Mauritius,1963,,MUS
MUS_1964,Mauritius,1964,,MUS
MUS_1965,Mauritius,1965,,MUS
MUS_1966,Mauritius,1966,,MUS
MUS_1967,Mauritius,1967,,MUS
MUS_1968,Mauritius,1968,0.0,MUS
MUS_1969,Mauritius,1969,0.0,MUS
MUS_1970,Mauritius,1970,0.0,MUS
MUS_1971,Mauritius,1971,0.03,MUS
MUS_1972,Mauritius,1972,0.07,MUS
MUS_1973,Mauritius,1973,0.0,MUS
MUS_1974,Mauritius,1974,0.0,MUS
MUS_1975,Mauritius,1975,0.0,MUS
MUS_1976,Mauritius,1976,0.0,MUS
MUS_1977,Mauritius,1977,0.39,MUS
MUS_1978,Mauritius,1978,0.31,MUS
MUS_1979,Mauritius,1979,0.67,MUS
MUS_1980,Mauritius,1980,2.3,MUS
MUS_1981,Mauritius,1981,3.04,MUS
MUS_1982,Mauritius,1982,0.0,MUS
MUS_1983,Mauritius,1983,0.0,MUS
MUS_1984,Mauritius,1984,0.16,MUS
MUS_1985,Mauritius,1985,0.0,MUS
MUS_1986,Mauritius,1986,0.0,MUS
MUS_1987,Mauritius,1987,0.0,MUS
MUS_1988,Mauritius,1988,0.11,MUS
MUS_1989,Mauritius,1989,3.04,MUS
MUS_1990,Mauritius,1990,7.6,MUS
MUS_1991,Mauritius,1991,11.07,MUS
MUS_1992,Mauritius,1992,10.27,MUS
MUS_1993,Mauritius,1993,12.75,MUS
MUS_1994,Mauritius,1994,2.76,MUS
MUS_1995,Mauritius,1995,0.85,MUS
MUS_1996,Mauritius,1996,0.06,MUS
MUS_1997,Mauritius,1997,0.63,MUS
MUS_1998,Mauritius,1998,0.0,MUS
MUS_1999,Mauritius,1999,0.0,MUS
MUS_2000,Mauritius,2000,0.0,MUS
MUS_2001,Mauritius,2001,0.0,MUS
MUS_2002,Mauritius,2002,0.0,MUS
MUS_2003,Mauritius,2003,0.0,MUS
MUS_2004,Mauritius,2004,0.0,MUS
MUS_2005,Mauritius,2005,0.0,MUS
MUS_2006,Mauritius,2006,0.0,MUS
MUS_2007,Mauritius,2007,0.0,MUS
MUS_2008,Mauritius,2008,0.0,MUS
MUS_2009,Mauritius,2009,0.0,MUS
MUS_2010,Mauritius,2010,0.0,MUS
MUS_2011,Mauritius,2011,0.02,MUS
MUS_2012,Mauritius,2012,3.7,MUS
MUS_2013,Mauritius,2013,4.26,MUS
MUS_2014,Mauritius,2014,6.74,MUS
MUS_2015,Mauritius,2015,7.57,MUS
MUS_2016,Mauritius,2016,6.44,MUS
MUS_2017,Mauritius,2017,8.38,MUS
MUS_2018,Mauritius,2018,0.1,MUS
MUS_2019,Mauritius,2019,11.72,MUS
MUS_2020,Mauritius,2020,5.8,MUS
MUS_2021,Mauritius,2021,6.21,MUS
MUS_2022,Mauritius,2022,7.36,MUS
MUS_2023,Mauritius,2023,14.27,MUS
MUS_2024,Mauritius,2024,8.27,MUS
MEX_1960,Mexico,1960,0.0,MEX
MEX_1961,Mexico,1961,0.0,MEX
MEX_1962,Mexico,1962,0.0,MEX
MEX_1963,Mexico,1963,0.0,MEX
MEX_1964,Mexico,1964,0.0,MEX
MEX_1965,Mexico,1965,0.0,MEX
MEX_1966,Mexico,1966,0.0,MEX
MEX_1967,Mexico,1967,0.0,MEX
MEX_1968,Mexico,1968,0.0,MEX
MEX_1969,Mexico,1969,0.0,MEX
MEX_1970,Mexico,1970,0.0,MEX
MEX_1971,Mexico,1971,0.0,MEX
MEX_1972,Mexico,1972,0.0,MEX
MEX_1973,Mexico,1973,0.0,MEX
MEX_1974,Mexico,1974,0.0,MEX
MEX_1975,Mexico,1975,0.0,MEX
MEX_1976,Mexico,1976,0.0,MEX
MEX_1977,Mexico,1977,0.0,MEX
MEX_1978,Mexico,1978,0.6,MEX
MEX_1979,Mexico,1979,1.9,MEX
MEX_1980,Mexico,1980,0.0,MEX
MEX_1981,Mexico,1981,11.3,MEX
MEX_1982,Mexico,1982,19357.7,MEX
MEX_1983,Mexico,1983,24667.8,MEX
MEX_1984,Mexico,1984,19223.9,MEX
MEX_1985,Mexico,1985,28600.0,MEX
MEX_1986,Mexico,1986,45500.0,MEX
MEX_1987,Mexico,1987,52300.0,MEX
MEX_1988,Mexico,1988,51902.9,MEX
MEX_1989,Mexico,1989,50635.5,MEX
MEX_1990,Mexico,1990,54300.0,MEX
MEX_1991,Mexico,1991,0.0,MEX
MEX_1992,Mexico,1992,0.0,MEX
MEX_1993,Mexico,1993,0.0,MEX
MEX_1994,Mexico,1994,0.0,MEX
MEX_1995,Mexico,1995,0.0,MEX
MEX_1996,Mexico,1996,0.0,MEX
MEX_1997,Mexico,1997,0.0,MEX
MEX_1998,Mexico,1998,0.0,MEX
MEX_1999,Mexico,1999,0.0,MEX
MEX_2000,Mexico,2000,0.0,MEX
MEX_2001,Mexico,2001,0.0,MEX
MEX_2002,Mexico,2002,0.0,MEX
MEX_2003,Mexico,2003,0.0,MEX
MEX_2004,Mexico,2004,0.0,MEX
MEX_2005,Mexico,2005,0.0,MEX
MEX_2006,Mexico,2006,0.0,MEX
MEX_2007,Mexico,2007,0.0,MEX
MEX_2008,Mexico,2008,0.0,MEX
MEX_2009,Mexico,2009,0.0,MEX
MEX_2010,Mexico,2010,0.0,MEX
MEX_2011,Mexico,2011,0.0,MEX
MEX_2012,Mexico,2012,0.0,MEX
MEX_2013,Mexico,2013,32.0,MEX
MEX_2014,Mexico,2014,91.0,MEX
MEX_2015,Mexico,2015,0.0,MEX
MEX_2016,Mexico,2016,123.0,MEX
MEX_2017,Mexico,2017,0.0,MEX
MEX_2018,Mexico,2018,15.0,MEX
MEX_2019,Mexico,2019,6.0,MEX
MEX_2020,Mexico,2020,8.0,MEX
MEX_2021,Mexico,2021,3.0,MEX
MEX_2022,Mexico,2022,22.0,MEX
MEX_2023,Mexico,2023,14.0,MEX
MEX_2024,Mexico,2024,5.0,MEX
FSM_1960,Micronesia,1960,,FSM
FSM_1961,Micronesia,1961,,FSM
FSM_1962,Micronesia,1962,,FSM
FSM_1963,Micronesia,1963,,FSM
FSM_1964,Micronesia,1964,,FSM
FSM_1965,Micronesia,1965,,FSM
FSM_1966,Micronesia,1966,,FSM
FSM_1967,Micronesia,1967,,FSM
FSM_1968,Micronesia,1968,,FSM
FSM_1969,Micronesia,1969,,FSM
FSM_1970,Micronesia,1970,,FSM
FSM_1971,Micronesia,1971,,FSM
FSM_1972,Micronesia,1972,,FSM
FSM_1973,Micronesia,1973,,FSM
FSM_1974,Micronesia,1974,,FSM
FSM_1975,Micronesia,1975,,FSM
FSM_1976,Micronesia,1976,,FSM
FSM_1977,Micronesia,1977,,FSM
FSM_1978,Micronesia,1978,,FSM
FSM_1979,Micronesia,1979,,FSM
FSM_1980,Micronesia,1980,,FSM
FSM_1981,Micronesia,1981,,FSM
FSM_1982,Micronesia,1982,,FSM
FSM_1983,Micronesia,1983,,FSM
FSM_1984,Micronesia,1984,,FSM
FSM_1985,Micronesia,1985,,FSM
FSM_1986,Micronesia,1986,,FSM
FSM_1987,Micronesia,1987,,FSM
FSM_1988,Micronesia,1988,,FSM
FSM_1989,Micronesia,1989,,FSM
FSM_1990,Micronesia,1990,,FSM
FSM_1991,Micronesia,1991,,FSM
FSM_1992,Micronesia,1992,,FSM
FSM_1993,Micronesia,1993,,FSM
FSM_1994,Micronesia,1994,,FSM
FSM_1995,Micronesia,1995,,FSM
FSM_1996,Micronesia,1996,,FSM
FSM_1997,Micronesia,1997,,FSM
FSM_1998,Micronesia,1998,,FSM
FSM_1999,Micronesia,1999,,FSM
FSM_2000,Micronesia,2000,,FSM
FSM_2001,Micronesia,2001,,FSM
FSM_2002,Micronesia,2002,,FSM
FSM_2003,Micronesia,2003,,FSM
FSM_2004,Micronesia,2004,,FSM
FSM_2005,Micronesia,2005,,FSM
FSM_2006,Micronesia,2006,,FSM
FSM_2007,Micronesia,2007,,FSM
FSM_2008,Micronesia,2008,,FSM
FSM_2009,Micronesia,2009,,FSM
FSM_2010,Micronesia,2010,,FSM
FSM_2011,Micronesia,2011,,FSM
FSM_2012,Micronesia,2012,,FSM
FSM_2013,Micronesia,2013,,FSM
FSM_2014,Micronesia,2014,,FSM
FSM_2015,Micronesia,2015,,FSM
FSM_2016,Micronesia,2016,,FSM
FSM_2017,Micronesia,2017,,FSM
FSM_2018,Micronesia,2018,,FSM
FSM_2019,Micronesia,2019,,FSM
FSM_2020,Micronesia,2020,,FSM
FSM_2021,Micronesia,2021,,FSM
FSM_2022,Micronesia,2022,,FSM
FSM_2023,Micronesia,2023,,FSM
FSM_2024,Micronesia,2024,,FSM
MDA_1960,Moldova,1960,,MDA
MDA_1961,Moldova,1961,,MDA
MDA_1962,Moldova,1962,,MDA
MDA_1963,Moldova,1963,,MDA
MDA_1964,Moldova,1964,,MDA
MDA_1965,Moldova,1965,,MDA
MDA_1966,Moldova,1966,,MDA
MDA_1967,Moldova,1967,,MDA
MDA_1968,Moldova,1968,,MDA
MDA_1969,Moldova,1969,,MDA
MDA_1970,Moldova,1970,,MDA
MDA_1971,Moldova,1971,,MDA
MDA_1972,Moldova,1972,,MDA
MDA_1973,Moldova,1973,,MDA
MDA_1974,Moldova,1974,,MDA
MDA_1975,Moldova,1975,,MDA
MDA_1976,Moldova,1976,,MDA
MDA_1977,Moldova,1977,,MDA
MDA_1978,Moldova,1978,,MDA
MDA_1979,Moldova,1979,,MDA
MDA_1980,Moldova,1980,,MDA
MDA_1981,Moldova,1981,,MDA
MDA_1982,Moldova,1982,,MDA
MDA_1983,Moldova,1983,,MDA
MDA_1984,Moldova,1984,,MDA
MDA_1985,Moldova,1985,,MDA
MDA_1986,Moldova,1986,,MDA
MDA_1987,Moldova,1987,,MDA
MDA_1988,Moldova,1988,,MDA
MDA_1989,Moldova,1989,,MDA
MDA_1990,Moldova,1990,,MDA
MDA_1991,Moldova,1991,0.0,MDA
MDA_1992,Moldova,1992,0.0,MDA
MDA_1993,Moldova,1993,5.87,MDA
MDA_1994,Moldova,1994,24.99,MDA
MDA_1995,Moldova,1995,46.75,MDA
MDA_1996,Moldova,1996,119.64,MDA
MDA_1997,Moldova,1997,16.12,MDA
MDA_1998,Moldova,1998,104.63,MDA
MDA_1999,Moldova,1999,239.37,MDA
MDA_2000,Moldova,2000,132.74,MDA
MDA_2001,Moldova,2001,40.5,MDA
MDA_2002,Moldova,2002,134.31,MDA
MDA_2003,Moldova,2003,124.69,MDA
MDA_2004,Moldova,2004,155.79,MDA
MDA_2005,Moldova,2005,134.01,MDA
MDA_2006,Moldova,2006,243.23,MDA
MDA_2007,Moldova,2007,28.33,MDA
MDA_2008,Moldova,2008,27.91,MDA
MDA_2009,Moldova,2009,0.0,MDA
MDA_2010,Moldova,2010,0.0,MDA
MDA_2011,Moldova,2011,0.0,MDA
MDA_2012,Moldova,2012,0.0,MDA
MDA_2013,Moldova,2013,0.0,MDA
MDA_2014,Moldova,2014,0.0,MDA
MDA_2015,Moldova,2015,0.0,MDA
MDA_2016,Moldova,2016,0.0,MDA
MDA_2017,Moldova,2017,0.0,MDA
MDA_2018,Moldova,2018,0.0,MDA
MDA_2019,Moldova,2019,0.0,MDA
MDA_2020,Moldova,2020,0.0,MDA
MDA_2021,Moldova,2021,0.0,MDA
MDA_2022,Moldova,2022,9.0,MDA
MDA_2023,Moldova,2023,9.0,MDA
MDA_2024,Moldova,2024,9.0,MDA
MNG_1960,Mongolia,1960,,MNG
MNG_1961,Mongolia,1961,,MNG
MNG_1962,Mongolia,1962,,MNG
MNG_1963,Mongolia,1963,,MNG
MNG_1964,Mongolia,1964,,MNG
MNG_1965,Mongolia,1965,,MNG
MNG_1966,Mongolia,1966,,MNG
MNG_1967,Mongolia,1967,,MNG
MNG_1968,Mongolia,1968,,MNG
MNG_1969,Mongolia,1969,,MNG
MNG_1970,Mongolia,1970,,MNG
MNG_1971,Mongolia,1971,,MNG
MNG_1972,Mongolia,1972,,MNG
MNG_1973,Mongolia,1973,,MNG
MNG_1974,Mongolia,1974,,MNG
MNG_1975,Mongolia,1975,,MNG
MNG_1976,Mongolia,1976,,MNG
MNG_1977,Mongolia,1977,,MNG
MNG_1978,Mongolia,1978,,MNG
MNG_1979,Mongolia,1979,,MNG
MNG_1980,Mongolia,1980,,MNG
MNG_1981,Mongolia,1981,,MNG
MNG_1982,Mongolia,1982,,MNG
MNG_1983,Mongolia,1983,,MNG
MNG_1984,Mongolia,1984,,MNG
MNG_1985,Mongolia,1985,,MNG
MNG_1986,Mongolia,1986,,MNG
MNG_1987,Mongolia,1987,,MNG
MNG_1988,Mongolia,1988,,MNG
MNG_1989,Mongolia,1989,,MNG
MNG_1990,Mongolia,1990,,MNG
MNG_1991,Mongolia,1991,,MNG
MNG_1992,Mongolia,1992,7.68,MNG
MNG_1993,Mongolia,1993,18.03,MNG
MNG_1994,Mongolia,1994,16.56,MNG
MNG_1995,Mongolia,1995,4.11,MNG
MNG_1996,Mongolia,1996,4.52,MNG
MNG_1997,Mongolia,1997,63.68,MNG
MNG_1998,Mongolia,1998,68.63,MNG
MNG_1999,Mongolia,1999,87.55,MNG
MNG_2000,Mongolia,2000,77.33,MNG
MNG_2001,Mongolia,2001,77.19,MNG
MNG_2002,Mongolia,2002,18.47,MNG
MNG_2003,Mongolia,2003,11018.5,MNG
MNG_2004,Mongolia,2004,27.29,MNG
MNG_2005,Mongolia,2005,20.87,MNG
MNG_2006,Mongolia,2006,37.93,MNG
MNG_2007,Mongolia,2007,25.61,MNG
MNG_2008,Mongolia,2008,26.13,MNG
MNG_2009,Mongolia,2009,9.7,MNG
MNG_2010,Mongolia,2010,10.64,MNG
MNG_2011,Mongolia,2011,10.62,MNG
MNG_2012,Mongolia,2012,15.79,MNG
MNG_2013,Mongolia,2013,18.01,MNG
MNG_2014,Mongolia,2014,8.83,MNG
MNG_2015,Mongolia,2015,8.94,MNG
MNG_2016,Mongolia,2016,17.83,MNG
MNG_2017,Mongolia,2017,2200.15,MNG
MNG_2018,Mongolia,2018,10.23,MNG
MNG_2019,Mongolia,2019,4.47,MNG
MNG_2020,Mongolia,2020,1806.13,MNG
MNG_2021,Mongolia,2021,0.04,MNG
MNG_2022,Mongolia,2022,0.0,MNG
MNG_2023,Mongolia,2023,0.0,MNG
MNG_2024,Mongolia,2024,0.0,MNG
MNE_1960,Montenegro,1960,,MNE
MNE_1961,Montenegro,1961,,MNE
MNE_1962,Montenegro,1962,,MNE
MNE_1963,Montenegro,1963,,MNE
MNE_1964,Montenegro,1964,,MNE
MNE_1965,Montenegro,1965,,MNE
MNE_1966,Montenegro,1966,,MNE
MNE_1967,Montenegro,1967,,MNE
MNE_1968,Montenegro,1968,,MNE
MNE_1969,Montenegro,1969,,MNE
MNE_1970,Montenegro,1970,,MNE
MNE_1971,Montenegro,1971,,MNE
MNE_1972,Montenegro,1972,,MNE
MNE_1973,Montenegro,1973,,MNE
MNE_1974,Montenegro,1974,,MNE
MNE_1975,Montenegro,1975,,MNE
MNE_1976,Montenegro,1976,,MNE
MNE_1977,Montenegro,1977,,MNE
MNE_1978,Montenegro,1978,,MNE
MNE_1979,Montenegro,1979,,MNE
MNE_1980,Montenegro,1980,,MNE
MNE_1981,Montenegro,1981,,MNE
MNE_1982,Montenegro,1982,,MNE
MNE_1983,Montenegro,1983,,MNE
MNE_1984,Montenegro,1984,,MNE
MNE_1985,Montenegro,1985,,MNE
MNE_1986,Montenegro,1986,,MNE
MNE_1987,Montenegro,1987,,MNE
MNE_1988,Montenegro,1988,,MNE
MNE_1989,Montenegro,1989,,MNE
MNE_1990,Montenegro,1990,,MNE
MNE_1991,Montenegro,1991,,MNE
MNE_1992,Montenegro,1992,,MNE
MNE_1993,Montenegro,1993,,MNE
MNE_1994,Montenegro,1994,,MNE
MNE_1995,Montenegro,1995,,MNE
MNE_1996,Montenegro,1996,,MNE
MNE_1997,Montenegro,1997,,MNE
MNE_1998,Montenegro,1998,,MNE
MNE_1999,Montenegro,1999,,MNE
MNE_2000,Montenegro,2000,,MNE
MNE_2001,Montenegro,2001,,MNE
MNE_2002,Montenegro,2002,,MNE
MNE_2003,Montenegro,2003,4.0,MNE
MNE_2004,Montenegro,2004,209.0,MNE
MNE_2005,Montenegro,2005,4.0,MNE
MNE_2006,Montenegro,2006,0.0,MNE
MNE_2007,Montenegro,2007,205.0,MNE
MNE_2008,Montenegro,2008,0.0,MNE
MNE_2009,Montenegro,2009,0.0,MNE
MNE_2010,Montenegro,2010,0.0,MNE
MNE_2011,Montenegro,2011,15.0,MNE
MNE_2012,Montenegro,2012,1.0,MNE
MNE_2013,Montenegro,2013,0.0,MNE
MNE_2014,Montenegro,2014,0.0,MNE
MNE_2015,Montenegro,2015,0.0,MNE
MNE_2016,Montenegro,2016,0.0,MNE
MNE_2017,Montenegro,2017,0.0,MNE
MNE_2018,Montenegro,2018,0.0,MNE
MNE_2019,Montenegro,2019,0.0,MNE
MNE_2020,Montenegro,2020,0.0,MNE
MNE_2021,Montenegro,2021,0.0,MNE
MNE_2022,Montenegro,2022,0.0,MNE
MNE_2023,Montenegro,2023,0.0,MNE
MNE_2024,Montenegro,2024,0.0,MNE
MAR_1960,Morocco,1960,0.0,MAR
MAR_1961,Morocco,1961,0.0,MAR
MAR_1962,Morocco,1962,0.0,MAR
MAR_1963,Morocco,1963,0.0,MAR
MAR_1964,Morocco,1964,0.0,MAR
MAR_1965,Morocco,1965,0.0,MAR
MAR_1966,Morocco,1966,0.0,MAR
MAR_1967,Morocco,1967,0.0,MAR
MAR_1968,Morocco,1968,0.0,MAR
MAR_1969,Morocco,1969,0.0,MAR
MAR_1970,Morocco,1970,0.02,MAR
MAR_1971,Morocco,1971,0.0,MAR
MAR_1972,Morocco,1972,0.13,MAR
MAR_1973,Morocco,1973,0.15,MAR
MAR_1974,Morocco,1974,0.35,MAR
MAR_1975,Morocco,1975,0.24,MAR
MAR_1976,Morocco,1976,0.99,MAR
MAR_1977,Morocco,1977,0.23,MAR
MAR_1978,Morocco,1978,0.53,MAR
MAR_1979,Morocco,1979,0.26,MAR
MAR_1980,Morocco,1980,5.38,MAR
MAR_1981,Morocco,1981,51.47,MAR
MAR_1982,Morocco,1982,27.38,MAR
MAR_1983,Morocco,1983,1277.71,MAR
MAR_1984,Morocco,1984,1638.37,MAR
MAR_1985,Morocco,1985,1265.68,MAR
MAR_1986,Morocco,1986,1489.01,MAR
MAR_1987,Morocco,1987,3879.15,MAR
MAR_1988,Morocco,1988,940.0,MAR
MAR_1989,Morocco,1989,1668.48,MAR
MAR_1990,Morocco,1990,6349.64,MAR
MAR_1991,Morocco,1991,3954.76,MAR
MAR_1992,Morocco,1992,1546.15,MAR
MAR_1993,Morocco,1993,247.24,MAR
MAR_1994,Morocco,1994,231.41,MAR
MAR_1995,Morocco,1995,230.32,MAR
MAR_1996,Morocco,1996,277.51,MAR
MAR_1997,Morocco,1997,315.9,MAR
MAR_1998,Morocco,1998,333.36,MAR
MAR_1999,Morocco,1999,552.37,MAR
MAR_2000,Morocco,2000,774.36,MAR
MAR_2001,Morocco,2001,657.22,MAR
MAR_2002,Morocco,2002,654.66,MAR
MAR_2003,Morocco,2003,19.37,MAR
MAR_2004,Morocco,2004,22.58,MAR
MAR_2005,Morocco,2005,3.36,MAR
MAR_2006,Morocco,2006,3.62,MAR
MAR_2007,Morocco,2007,1.82,MAR
MAR_2008,Morocco,2008,0.81,MAR
MAR_2009,Morocco,2009,0.0,MAR
MAR_2010,Morocco,2010,0.0,MAR
MAR_2011,Morocco,2011,0.0,MAR
MAR_2012,Morocco,2012,0.0,MAR
MAR_2013,Morocco,2013,0.0,MAR
MAR_2014,Morocco,2014,0.0,MAR
MAR_2015,Morocco,2015,0.0,MAR
MAR_2016,Morocco,2016,0.0,MAR
MAR_2017,Morocco,2017,0.01,MAR
MAR_2018,Morocco,2018,0.01,MAR
MAR_2019,Morocco,2019,0.06,MAR
MAR_2020,Morocco,2020,20.8,MAR
MAR_2021,Morocco,2021,11.72,MAR
MAR_2022,Morocco,2022,0.15,MAR
MAR_2023,Morocco,2023,0.05,MAR
MAR_2024,Morocco,2024,0.05,MAR
MOZ_1960,Mozambique,1960,,MOZ
MOZ_1961,Mozambique,1961,,MOZ
MOZ_1962,Mozambique,1962,,MOZ
MOZ_1963,Mozambique,1963,,MOZ
MOZ_1964,Mozambique,1964,,MOZ
MOZ_1965,Mozambique,1965,,MOZ
MOZ_1966,Mozambique,1966,,MOZ
MOZ_1967,Mozambique,1967,,MOZ
MOZ_1968,Mozambique,1968,,MOZ
MOZ_1969,Mozambique,1969,,MOZ
MOZ_1970,Mozambique,1970,,MOZ
MOZ_1971,Mozambique,1971,,MOZ
MOZ_1972,Mozambique,1972,,MOZ
MOZ_1973,Mozambique,1973,,MOZ
MOZ_1974,Mozambique,1974,,MOZ
MOZ_1975,Mozambique,1975,0.0,MOZ
MOZ_1976,Mozambique,1976,0.0,MOZ
MOZ_1977,Mozambique,1977,0.0,MOZ
MOZ_1978,Mozambique,1978,0.0,MOZ
MOZ_1979,Mozambique,1979,0.0,MOZ
MOZ_1980,Mozambique,1980,750.0,MOZ
MOZ_1981,Mozambique,1981,0.0,MOZ
MOZ_1982,Mozambique,1982,0.0,MOZ
MOZ_1983,Mozambique,1983,0.0,MOZ
MOZ_1984,Mozambique,1984,143.27,MOZ
MOZ_1985,Mozambique,1985,286.95,MOZ
MOZ_1986,Mozambique,1986,591.94,MOZ
MOZ_1987,Mozambique,1987,1098.14,MOZ
MOZ_1988,Mozambique,1988,801.96,MOZ
MOZ_1989,Mozambique,1989,1018.16,MOZ
MOZ_1990,Mozambique,1990,3172.87,MOZ
MOZ_1991,Mozambique,1991,1183.69,MOZ
MOZ_1992,Mozambique,1992,1184.02,MOZ
MOZ_1993,Mozambique,1993,1491.07,MOZ
MOZ_1994,Mozambique,1994,1210.24,MOZ
MOZ_1995,Mozambique,1995,1831.68,MOZ
MOZ_1996,Mozambique,1996,2163.55,MOZ
MOZ_1997,Mozambique,1997,1672.55,MOZ
MOZ_1998,Mozambique,1998,2317.66,MOZ
MOZ_1999,Mozambique,1999,1876.25,MOZ
MOZ_2000,Mozambique,2000,1245.93,MOZ
MOZ_2001,Mozambique,2001,2835.84,MOZ
MOZ_2002,Mozambique,2002,852.54,MOZ
MOZ_2003,Mozambique,2003,911.64,MOZ
MOZ_2004,Mozambique,2004,1011.58,MOZ
MOZ_2005,Mozambique,2005,1028.45,MOZ
MOZ_2006,Mozambique,2006,2838.03,MOZ
MOZ_2007,Mozambique,2007,1058.8,MOZ
MOZ_2008,Mozambique,2008,884.8,MOZ
MOZ_2009,Mozambique,2009,918.66,MOZ
MOZ_2010,Mozambique,2010,1505.76,MOZ
MOZ_2011,Mozambique,2011,1506.33,MOZ
MOZ_2012,Mozambique,2012,1511.32,MOZ
MOZ_2013,Mozambique,2013,1505.76,MOZ
MOZ_2014,Mozambique,2014,1505.78,MOZ
MOZ_2015,Mozambique,2015,1878.79,MOZ
MOZ_2016,Mozambique,2016,2810.13,MOZ
MOZ_2017,Mozambique,2017,4808.35,MOZ
MOZ_2018,Mozambique,2018,5197.38,MOZ
MOZ_2019,Mozambique,2019,3147.67,MOZ
MOZ_2020,Mozambique,2020,3264.51,MOZ
MOZ_2021,Mozambique,2021,3830.58,MOZ
MOZ_2022,Mozambique,2022,3888.27,MOZ
MOZ_2023,Mozambique,2023,3211.0,MOZ
MOZ_2024,Mozambique,2024,683.0,MOZ
MMR_1960,Myanmar,1960,0.0,MMR
MMR_1961,Myanmar,1961,0.0,MMR
MMR_1962,Myanmar,1962,0.0,MMR
MMR_1963,Myanmar,1963,0.0,MMR
MMR_1964,Myanmar,1964,384.0,MMR
MMR_1965,Myanmar,1965,0.0,MMR
MMR_1966,Myanmar,1966,0.0,MMR
MMR_1967,Myanmar,1967,0.0,MMR
MMR_1968,Myanmar,1968,0.0,MMR
MMR_1969,Myanmar,1969,0.0,MMR
MMR_1970,Myanmar,1970,0.0,MMR
MMR_1971,Myanmar,1971,0.0,MMR
MMR_1972,Myanmar,1972,0.0,MMR
MMR_1973,Myanmar,1973,0.0,MMR
MMR_1974,Myanmar,1974,0.0,MMR
MMR_1975,Myanmar,1975,0.0,MMR
MMR_1976,Myanmar,1976,0.03,MMR
MMR_1977,Myanmar,1977,0.06,MMR
MMR_1978,Myanmar,1978,0.1,MMR
MMR_1979,Myanmar,1979,0.13,MMR
MMR_1980,Myanmar,1980,0.16,MMR
MMR_1981,Myanmar,1981,0.2,MMR
MMR_1982,Myanmar,1982,0.23,MMR
MMR_1983,Myanmar,1983,0.23,MMR
MMR_1984,Myanmar,1984,381.23,MMR
MMR_1985,Myanmar,1985,3.94,MMR
MMR_1986,Myanmar,1986,57.91,MMR
MMR_1987,Myanmar,1987,1448.79,MMR
MMR_1988,Myanmar,1988,257.87,MMR
MMR_1989,Myanmar,1989,332.65,MMR
MMR_1990,Myanmar,1990,579.91,MMR
MMR_1991,Myanmar,1991,884.74,MMR
MMR_1992,Myanmar,1992,1129.17,MMR
MMR_1993,Myanmar,1993,1398.91,MMR
MMR_1994,Myanmar,1994,1811.41,MMR
MMR_1995,Myanmar,1995,1710.59,MMR
MMR_1996,Myanmar,1996,1656.81,MMR
MMR_1997,Myanmar,1997,1740.89,MMR
MMR_1998,Myanmar,1998,1989.34,MMR
MMR_1999,Myanmar,1999,2372.5,MMR
MMR_2000,Myanmar,2000,2451.91,MMR
MMR_2001,Myanmar,2001,2488.87,MMR
MMR_2002,Myanmar,2002,3094.95,MMR
MMR_2003,Myanmar,2003,3740.97,MMR
MMR_2004,Myanmar,2004,4167.65,MMR
MMR_2005,Myanmar,2005,4020.28,MMR
MMR_2006,Myanmar,2006,4343.45,MMR
MMR_2007,Myanmar,2007,4800.29,MMR
MMR_2008,Myanmar,2008,8885.14,MMR
MMR_2009,Myanmar,2009,9233.08,MMR
MMR_2010,Myanmar,2010,10166.22,MMR
MMR_2011,Myanmar,2011,10596.04,MMR
MMR_2012,Myanmar,2012,10975.02,MMR
MMR_2013,Myanmar,2013,2592.12,MMR
MMR_2014,Myanmar,2014,668.9,MMR
MMR_2015,Myanmar,2015,647.69,MMR
MMR_2016,Myanmar,2016,664.82,MMR
MMR_2017,Myanmar,2017,660.93,MMR
MMR_2018,Myanmar,2018,799.7,MMR
MMR_2019,Myanmar,2019,633.43,MMR
MMR_2020,Myanmar,2020,920.51,MMR
MMR_2021,Myanmar,2021,720.67,MMR
MMR_2022,Myanmar,2022,596.23,MMR
MMR_2023,Myanmar,2023,694.0,MMR
MMR_2024,Myanmar,2024,695.0,MMR
NAM_1960,Namibia,1960,,NAM
NAM_1961,Namibia,1961,,NAM
NAM_1962,Namibia,1962,,NAM
NAM_1963,Namibia,1963,,NAM
NAM_1964,Namibia,1964,,NAM
NAM_1965,Namibia,1965,,NAM
NAM_1966,Namibia,1966,,NAM
NAM_1967,Namibia,1967,,NAM
NAM_1968,Namibia,1968,,NAM
NAM_1969,Namibia,1969,,NAM
NAM_1970,Namibia,1970,,NAM
NAM_1971,Namibia,1971,,NAM
NAM_1972,Namibia,1972,,NAM
NAM_1973,Namibia,1973,,NAM
NAM_1974,Namibia,1974,,NAM
NAM_1975,Namibia,1975,,NAM
NAM_1976,Namibia,1976,,NAM
NAM_1977,Namibia,1977,,NAM
NAM_1978,Namibia,1978,,NAM
NAM_1979,Namibia,1979,,NAM
NAM_1980,Namibia,1980,,NAM
NAM_1981,Namibia,1981,,NAM
NAM_1982,Namibia,1982,,NAM
NAM_1983,Namibia,1983,,NAM
NAM_1984,Namibia,1984,,NAM
NAM_1985,Namibia,1985,,NAM
NAM_1986,Namibia,1986,,NAM
NAM_1987,Namibia,1987,,NAM
NAM_1988,Namibia,1988,,NAM
NAM_1989,Namibia,1989,,NAM
NAM_1990,Namibia,1990,0.0,NAM
NAM_1991,Namibia,1991,0.0,NAM
NAM_1992,Namibia,1992,0.0,NAM
NAM_1993,Namibia,1993,0.0,NAM
NAM_1994,Namibia,1994,0.0,NAM
NAM_1995,Namibia,1995,0.0,NAM
NAM_1996,Namibia,1996,0.0,NAM
NAM_1997,Namibia,1997,6.32,NAM
NAM_1998,Namibia,1998,0.0,NAM
NAM_1999,Namibia,1999,0.0,NAM
NAM_2000,Namibia,2000,0.0,NAM
NAM_2001,Namibia,2001,0.0,NAM
NAM_2002,Namibia,2002,0.0,NAM
NAM_2003,Namibia,2003,0.0,NAM
NAM_2004,Namibia,2004,0.0,NAM
NAM_2005,Namibia,2005,0.0,NAM
NAM_2006,Namibia,2006,0.0,NAM
NAM_2007,Namibia,2007,0.0,NAM
NAM_2008,Namibia,2008,0.0,NAM
NAM_2009,Namibia,2009,0.0,NAM
NAM_2010,Namibia,2010,0.0,NAM
NAM_2011,Namibia,2011,0.0,NAM
NAM_2012,Namibia,2012,0.0,NAM
NAM_2013,Namibia,2013,0.0,NAM
NAM_2014,Namibia,2014,0.0,NAM
NAM_2015,Namibia,2015,0.0,NAM
NAM_2016,Namibia,2016,0.0,NAM
NAM_2017,Namibia,2017,0.0,NAM
NAM_2018,Namibia,2018,0.0,NAM
NAM_2019,Namibia,2019,0.0,NAM
NAM_2020,Namibia,2020,0.0,NAM
NAM_2021,Namibia,2021,0.0,NAM
NAM_2022,Namibia,2022,0.0,NAM
NAM_2023,Namibia,2023,0.0,NAM
NAM_2024,Namibia,2024,0.0,NAM
NRU_1960,Nauru,1960,,NRU
NRU_1961,Nauru,1961,,NRU
NRU_1962,Nauru,1962,,NRU
NRU_1963,Nauru,1963,,NRU
NRU_1964,Nauru,1964,,NRU
NRU_1965,Nauru,1965,,NRU
NRU_1966,Nauru,1966,,NRU
NRU_1967,Nauru,1967,,NRU
NRU_1968,Nauru,1968,0.0,NRU
NRU_1969,Nauru,1969,0.0,NRU
NRU_1970,Nauru,1970,0.0,NRU
NRU_1971,Nauru,1971,0.0,NRU
NRU_1972,Nauru,1972,0.0,NRU
NRU_1973,Nauru,1973,0.0,NRU
NRU_1974,Nauru,1974,0.0,NRU
NRU_1975,Nauru,1975,0.0,NRU
NRU_1976,Nauru,1976,0.0,NRU
NRU_1977,Nauru,1977,0.0,NRU
NRU_1978,Nauru,1978,0.0,NRU
NRU_1979,Nauru,1979,0.0,NRU
NRU_1980,Nauru,1980,0.0,NRU
NRU_1981,Nauru,1981,0.0,NRU
NRU_1982,Nauru,1982,0.0,NRU
NRU_1983,Nauru,1983,0.0,NRU
NRU_1984,Nauru,1984,0.0,NRU
NRU_1985,Nauru,1985,0.0,NRU
NRU_1986,Nauru,1986,0.0,NRU
NRU_1987,Nauru,1987,0.0,NRU
NRU_1988,Nauru,1988,0.0,NRU
NRU_1989,Nauru,1989,0.0,NRU
NRU_1990,Nauru,1990,0.0,NRU
NRU_1991,Nauru,1991,0.0,NRU
NRU_1992,Nauru,1992,0.0,NRU
NRU_1993,Nauru,1993,0.0,NRU
NRU_1994,Nauru,1994,15.02,NRU
NRU_1995,Nauru,1995,75.83,NRU
NRU_1996,Nauru,1996,69.76,NRU
NRU_1997,Nauru,1997,66.51,NRU
NRU_1998,Nauru,1998,65.0,NRU
NRU_1999,Nauru,1999,78.93,NRU
NRU_2000,Nauru,2000,87.57,NRU
NRU_2001,Nauru,2001,83.92,NRU
NRU_2002,Nauru,2002,85.38,NRU
NRU_2003,Nauru,2003,109.14,NRU
NRU_2004,Nauru,2004,293.3,NRU
NRU_2005,Nauru,2005,109.79,NRU
NRU_2006,Nauru,2006,108.22,NRU
NRU_2007,Nauru,2007,111.0,NRU
NRU_2008,Nauru,2008,127.15,NRU
NRU_2009,Nauru,2009,145.26,NRU
NRU_2010,Nauru,2010,160.31,NRU
NRU_2011,Nauru,2011,182.38,NRU
NRU_2012,Nauru,2012,187.9,NRU
NRU_2013,Nauru,2013,158.42,NRU
NRU_2014,Nauru,2014,150.6,NRU
NRU_2015,Nauru,2015,135.38,NRU
NRU_2016,Nauru,2016,155.08,NRU
NRU_2017,Nauru,2017,154.45,NRU
NRU_2018,Nauru,2018,161.11,NRU
NRU_2019,Nauru,2019,168.0,NRU
NRU_2020,Nauru,2020,181.0,NRU
NRU_2021,Nauru,2021,166.5,NRU
NRU_2022,Nauru,2022,1.2,NRU
NRU_2023,Nauru,2023,1.2,NRU
NRU_2024,Nauru,2024,1.2,NRU
NPL_1960,Nepal,1960,0.0,NPL
NPL_1961,Nepal,1961,0.0,NPL
NPL_1962,Nepal,1962,0.0,NPL
NPL_1963,Nepal,1963,0.0,NPL
NPL_1964,Nepal,1964,0.0,NPL
NPL_1965,Nepal,1965,0.0,NPL
NPL_1966,Nepal,1966,0.0,NPL
NPL_1967,Nepal,1967,0.0,NPL
NPL_1968,Nepal,1968,0.0,NPL
NPL_1969,Nepal,1969,0.0,NPL
NPL_1970,Nepal,1970,0.0,NPL
NPL_1971,Nepal,1971,0.0,NPL
NPL_1972,Nepal,1972,0.0,NPL
NPL_1973,Nepal,1973,0.0,NPL
NPL_1974,Nepal,1974,0.0,NPL
NPL_1975,Nepal,1975,0.0,NPL
NPL_1976,Nepal,1976,0.0,NPL
NPL_1977,Nepal,1977,0.0,NPL
NPL_1978,Nepal,1978,0.0,NPL
NPL_1979,Nepal,1979,0.0,NPL
NPL_1980,Nepal,1980,0.0,NPL
NPL_1981,Nepal,1981,0.0,NPL
NPL_1982,Nepal,1982,0.0,NPL
NPL_1983,Nepal,1983,0.0,NPL
NPL_1984,Nepal,1984,0.0,NPL
NPL_1985,Nepal,1985,0.0,NPL
NPL_1986,Nepal,1986,1.84,NPL
NPL_1987,Nepal,1987,4.58,NPL
NPL_1988,Nepal,1988,5.64,NPL
NPL_1989,Nepal,1989,7.97,NPL
NPL_1990,Nepal,1990,10.43,NPL
NPL_1991,Nepal,1991,19.86,NPL
NPL_1992,Nepal,1992,14.1,NPL
NPL_1993,Nepal,1993,9.58,NPL
NPL_1994,Nepal,1994,7.83,NPL
NPL_1995,Nepal,1995,10.47,NPL
NPL_1996,Nepal,1996,12.18,NPL
NPL_1997,Nepal,1997,10.45,NPL
NPL_1998,Nepal,1998,10.59,NPL
NPL_1999,Nepal,1999,3.33,NPL
NPL_2000,Nepal,2000,0.42,NPL
NPL_2001,Nepal,2001,0.68,NPL
NPL_2002,Nepal,2002,0.9,NPL
NPL_2003,Nepal,2003,1.2,NPL
NPL_2004,Nepal,2004,1.7,NPL
NPL_2005,Nepal,2005,0.0,NPL
NPL_2006,Nepal,2006,0.0,NPL
NPL_2007,Nepal,2007,0.0,NPL
NPL_2008,Nepal,2008,0.0,NPL
NPL_2009,Nepal,2009,0.0,NPL
NPL_2010,Nepal,2010,0.37,NPL
NPL_2011,Nepal,2011,0.0,NPL
NPL_2012,Nepal,2012,4.66,NPL
NPL_2013,Nepal,2013,0.0,NPL
NPL_2014,Nepal,2014,0.0,NPL
NPL_2015,Nepal,2015,0.0,NPL
NPL_2016,Nepal,2016,0.0,NPL
NPL_2017,Nepal,2017,114.7,NPL
NPL_2018,Nepal,2018,0.0,NPL
NPL_2019,Nepal,2019,0.0,NPL
NPL_2020,Nepal,2020,2.03,NPL
NPL_2021,Nepal,2021,16.13,NPL
NPL_2022,Nepal,2022,4.26,NPL
NPL_2023,Nepal,2023,4.0,NPL
NPL_2024,Nepal,2024,4.0,NPL
NIC_1960,Nicaragua,1960,0.0,NIC
NIC_1961,Nicaragua,1961,0.0,NIC
NIC_1962,Nicaragua,1962,0.0,NIC
NIC_1963,Nicaragua,1963,0.0,NIC
NIC_1964,Nicaragua,1964,0.0,NIC
NIC_1965,Nicaragua,1965,0.0,NIC
NIC_1966,Nicaragua,1966,0.0,NIC
NIC_1967,Nicaragua,1967,0.0,NIC
NIC_1968,Nicaragua,1968,0.0,NIC
NIC_1969,Nicaragua,1969,0.0,NIC
NIC_1970,Nicaragua,1970,0.0,NIC
NIC_1971,Nicaragua,1971,0.0,NIC
NIC_1972,Nicaragua,1972,0.0,NIC
NIC_1973,Nicaragua,1973,0.13,NIC
NIC_1974,Nicaragua,1974,0.0,NIC
NIC_1975,Nicaragua,1975,1.16,NIC
NIC_1976,Nicaragua,1976,4.88,NIC
NIC_1977,Nicaragua,1977,11.85,NIC
NIC_1978,Nicaragua,1978,93.01,NIC
NIC_1979,Nicaragua,1979,429.05,NIC
NIC_1980,Nicaragua,1980,626.51,NIC
NIC_1981,Nicaragua,1981,204.39,NIC
NIC_1982,Nicaragua,1982,111.73,NIC
NIC_1983,Nicaragua,1983,322.65,NIC
NIC_1984,Nicaragua,1984,500.15,NIC
NIC_1985,Nicaragua,1985,714.63,NIC
NIC_1986,Nicaragua,1986,1070.86,NIC
NIC_1987,Nicaragua,1987,1758.35,NIC
NIC_1988,Nicaragua,1988,3945.04,NIC
NIC_1989,Nicaragua,1989,3849.02,NIC
NIC_1990,Nicaragua,1990,4200.45,NIC
NIC_1991,Nicaragua,1991,5117.89,NIC
NIC_1992,Nicaragua,1992,4741.04,NIC
NIC_1993,Nicaragua,1993,5243.02,NIC
NIC_1994,Nicaragua,1994,6471.9,NIC
NIC_1995,Nicaragua,1995,8193.28,NIC
NIC_1996,Nicaragua,1996,4255.55,NIC
NIC_1997,Nicaragua,1997,2460.16,NIC
NIC_1998,Nicaragua,1998,2907.14,NIC
NIC_1999,Nicaragua,1999,3287.82,NIC
NIC_2000,Nicaragua,2000,2830.87,NIC
NIC_2001,Nicaragua,2001,2516.04,NIC
NIC_2002,Nicaragua,2002,2659.58,NIC
NIC_2003,Nicaragua,2003,2558.7,NIC
NIC_2004,Nicaragua,2004,2799.96,NIC
NIC_2005,Nicaragua,2005,2269.53,NIC
NIC_2006,Nicaragua,2006,3431.65,NIC
NIC_2007,Nicaragua,2007,3504.79,NIC
NIC_2008,Nicaragua,2008,3002.63,NIC
NIC_2009,Nicaragua,2009,979.01,NIC
NIC_2010,Nicaragua,2010,983.28,NIC
NIC_2011,Nicaragua,2011,994.45,NIC
NIC_2012,Nicaragua,2012,1021.78,NIC
NIC_2013,Nicaragua,2013,1132.61,NIC
NIC_2014,Nicaragua,2014,1038.54,NIC
NIC_2015,Nicaragua,2015,1170.58,NIC
NIC_2016,Nicaragua,2016,1062.68,NIC
NIC_2017,Nicaragua,2017,1114.15,NIC
NIC_2018,Nicaragua,2018,1113.2,NIC
NIC_2019,Nicaragua,2019,1138.04,NIC
NIC_2020,Nicaragua,2020,1153.91,NIC
NIC_2021,Nicaragua,2021,1161.17,NIC
NIC_2022,Nicaragua,2022,1172.52,NIC
NIC_2023,Nicaragua,2023,1201.0,NIC
NIC_2024,Nicaragua,2024,1228.0,NIC
NER_1960,Niger,1960,0.0,NER
NER_1961,Niger,1961,0.0,NER
NER_1962,Niger,1962,0.0,NER
NER_1963,Niger,1963,0.0,NER
NER_1964,Niger,1964,0.0,NER
NER_1965,Niger,1965,0.0,NER
NER_1966,Niger,1966,0.0,NER
NER_1967,Niger,1967,0.0,NER
NER_1968,Niger,1968,0.0,NER
NER_1969,Niger,1969,0.0,NER
NER_1970,Niger,1970,0.0,NER
NER_1971,Niger,1971,0.12,NER
NER_1972,Niger,1972,0.26,NER
NER_1973,Niger,1973,0.38,NER
NER_1974,Niger,1974,0.53,NER
NER_1975,Niger,1975,0.77,NER
NER_1976,Niger,1976,0.85,NER
NER_1977,Niger,1977,0.24,NER
NER_1978,Niger,1978,0.79,NER
NER_1979,Niger,1979,1.33,NER
NER_1980,Niger,1980,1.57,NER
NER_1981,Niger,1981,2.57,NER
NER_1982,Niger,1982,1.17,NER
NER_1983,Niger,1983,35.12,NER
NER_1984,Niger,1984,62.3,NER
NER_1985,Niger,1985,40.47,NER
NER_1986,Niger,1986,78.03,NER
NER_1987,Niger,1987,115.84,NER
NER_1988,Niger,1988,187.12,NER
NER_1989,Niger,1989,446.41,NER
NER_1990,Niger,1990,317.41,NER
NER_1991,Niger,1991,243.82,NER
NER_1992,Niger,1992,133.58,NER
NER_1993,Niger,1993,200.02,NER
NER_1994,Niger,1994,290.1,NER
NER_1995,Niger,1995,131.94,NER
NER_1996,Niger,1996,171.0,NER
NER_1997,Niger,1997,117.08,NER
NER_1998,Niger,1998,119.55,NER
NER_1999,Niger,1999,151.14,NER
NER_2000,Niger,2000,162.83,NER
NER_2001,Niger,2001,229.55,NER
NER_2002,Niger,2002,190.05,NER
NER_2003,Niger,2003,81.39,NER
NER_2004,Niger,2004,585.23,NER
NER_2005,Niger,2005,113.03,NER
NER_2006,Niger,2006,1407.4,NER
NER_2007,Niger,2007,90.25,NER
NER_2008,Niger,2008,113.89,NER
NER_2009,Niger,2009,74.25,NER
NER_2010,Niger,2010,91.33,NER
NER_2011,Niger,2011,96.38,NER
NER_2012,Niger,2012,98.5,NER
NER_2013,Niger,2013,102.37,NER
NER_2014,Niger,2014,108.45,NER
NER_2015,Niger,2015,233.81,NER
NER_2016,Niger,2016,53.56,NER
NER_2017,Niger,2017,885.32,NER
NER_2018,Niger,2018,283.32,NER
NER_2019,Niger,2019,162.63,NER
NER_2020,Niger,2020,73.97,NER
NER_2021,Niger,2021,81.0,NER
NER_2022,Niger,2022,57.96,NER
NER_2023,Niger,2023,675.0,NER
NER_2024,Niger,2024,81.72,NER
NGA_1960,Nigeria,1960,0.0,NGA
NGA_1961,Nigeria,1961,0.0,NGA
NGA_1962,Nigeria,1962,0.0,NGA
NGA_1963,Nigeria,1963,0.0,NGA
NGA_1964,Nigeria,1964,0.0,NGA
NGA_1965,Nigeria,1965,0.0,NGA
NGA_1966,Nigeria,1966,0.0,NGA
NGA_1967,Nigeria,1967,290.0,NGA
NGA_1968,Nigeria,1968,0.0,NGA
NGA_1969,Nigeria,1969,0.0,NGA
NGA_1970,Nigeria,1970,114.16,NGA
NGA_1971,Nigeria,1971,0.25,NGA
NGA_1972,Nigeria,1972,9.73,NGA
NGA_1973,Nigeria,1973,7.5,NGA
NGA_1974,Nigeria,1974,6.1,NGA
NGA_1975,Nigeria,1975,4.03,NGA
NGA_1976,Nigeria,1976,2.64,NGA
NGA_1977,Nigeria,1977,0.32,NGA
NGA_1978,Nigeria,1978,0.47,NGA
NGA_1979,Nigeria,1979,0.03,NGA
NGA_1980,Nigeria,1980,0.3,NGA
NGA_1981,Nigeria,1981,4.54,NGA
NGA_1982,Nigeria,1982,1747.21,NGA
NGA_1983,Nigeria,1983,1953.21,NGA
NGA_1984,Nigeria,1984,7051.84,NGA
NGA_1985,Nigeria,1985,1190.5,NGA
NGA_1986,Nigeria,1986,10987.0,NGA
NGA_1987,Nigeria,1987,11725.44,NGA
NGA_1988,Nigeria,1988,13305.81,NGA
NGA_1989,Nigeria,1989,13221.0,NGA
NGA_1990,Nigeria,1990,7802.47,NGA
NGA_1991,Nigeria,1991,9127.0,NGA
NGA_1992,Nigeria,1992,18444.18,NGA
NGA_1993,Nigeria,1993,6334.48,NGA
NGA_1994,Nigeria,1994,9647.15,NGA
NGA_1995,Nigeria,1995,13164.65,NGA
NGA_1996,Nigeria,1996,15537.05,NGA
NGA_1997,Nigeria,1997,15807.48,NGA
NGA_1998,Nigeria,1998,17877.34,NGA
NGA_1999,Nigeria,1999,18328.91,NGA
NGA_2000,Nigeria,2000,25957.78,NGA
NGA_2001,Nigeria,2001,26012.77,NGA
NGA_2002,Nigeria,2002,26303.8,NGA
NGA_2003,Nigeria,2003,27803.84,NGA
NGA_2004,Nigeria,2004,29341.5,NGA
NGA_2005,Nigeria,2005,30096.0,NGA
NGA_2006,Nigeria,2006,10886.66,NGA
NGA_2007,Nigeria,2007,0.0,NGA
NGA_2008,Nigeria,2008,0.0,NGA
NGA_2009,Nigeria,2009,0.0,NGA
NGA_2010,Nigeria,2010,0.0,NGA
NGA_2011,Nigeria,2011,0.0,NGA
NGA_2012,Nigeria,2012,0.0,NGA
NGA_2013,Nigeria,2013,23.52,NGA
NGA_2014,Nigeria,2014,0.54,NGA
NGA_2015,Nigeria,2015,0.0,NGA
NGA_2016,Nigeria,2016,0.0,NGA
NGA_2017,Nigeria,2017,0.0,NGA
NGA_2018,Nigeria,2018,0.0,NGA
NGA_2019,Nigeria,2019,0.71,NGA
NGA_2020,Nigeria,2020,0.01,NGA
NGA_2021,Nigeria,2021,0.0,NGA
NGA_2022,Nigeria,2022,6.85,NGA
NGA_2023,Nigeria,2023,9.0,NGA
NGA_2024,Nigeria,2024,5.0,NGA
MKD_1960,North Macedonia,1960,,MKD
MKD_1961,North Macedonia,1961,,MKD
MKD_1962,North Macedonia,1962,,MKD
MKD_1963,North Macedonia,1963,,MKD
MKD_1964,North Macedonia,1964,,MKD
MKD_1965,North Macedonia,1965,,MKD
MKD_1966,North Macedonia,1966,,MKD
MKD_1967,North Macedonia,1967,,MKD
MKD_1968,North Macedonia,1968,,MKD
MKD_1969,North Macedonia,1969,,MKD
MKD_1970,North Macedonia,1970,,MKD
MKD_1971,North Macedonia,1971,,MKD
MKD_1972,North Macedonia,1972,,MKD
MKD_1973,North Macedonia,1973,,MKD
MKD_1974,North Macedonia,1974,,MKD
MKD_1975,North Macedonia,1975,,MKD
MKD_1976,North Macedonia,1976,,MKD
MKD_1977,North Macedonia,1977,,MKD
MKD_1978,North Macedonia,1978,,MKD
MKD_1979,North Macedonia,1979,,MKD
MKD_1980,North Macedonia,1980,,MKD
MKD_1981,North Macedonia,1981,,MKD
MKD_1982,North Macedonia,1982,,MKD
MKD_1983,North Macedonia,1983,,MKD
MKD_1984,North Macedonia,1984,,MKD
MKD_1985,North Macedonia,1985,,MKD
MKD_1986,North Macedonia,1986,,MKD
MKD_1987,North Macedonia,1987,,MKD
MKD_1988,North Macedonia,1988,,MKD
MKD_1989,North Macedonia,1989,,MKD
MKD_1990,North Macedonia,1990,,MKD
MKD_1991,North Macedonia,1991,,MKD
MKD_1992,North Macedonia,1992,1618.98,MKD
MKD_1993,North Macedonia,1993,692.52,MKD
MKD_1994,North Macedonia,1994,515.61,MKD
MKD_1995,North Macedonia,1995,614.21,MKD
MKD_1996,North Macedonia,1996,387.14,MKD
MKD_1997,North Macedonia,1997,665.99,MKD
MKD_1998,North Macedonia,1998,5.19,MKD
MKD_1999,North Macedonia,1999,0.05,MKD
MKD_2000,North Macedonia,2000,71.63,MKD
MKD_2001,North Macedonia,2001,38.71,MKD
MKD_2002,North Macedonia,2002,41.55,MKD
MKD_2003,North Macedonia,2003,43.57,MKD
MKD_2004,North Macedonia,2004,56.9,MKD
MKD_2005,North Macedonia,2005,1.18,MKD
MKD_2006,North Macedonia,2006,0.0,MKD
MKD_2007,North Macedonia,2007,0.0,MKD
MKD_2008,North Macedonia,2008,0.17,MKD
MKD_2009,North Macedonia,2009,0.55,MKD
MKD_2010,North Macedonia,2010,2.76,MKD
MKD_2011,North Macedonia,2011,1.45,MKD
MKD_2012,North Macedonia,2012,0.06,MKD
MKD_2013,North Macedonia,2013,0.42,MKD
MKD_2014,North Macedonia,2014,0.37,MKD
MKD_2015,North Macedonia,2015,0.34,MKD
MKD_2016,North Macedonia,2016,0.18,MKD
MKD_2017,North Macedonia,2017,0.54,MKD
MKD_2018,North Macedonia,2018,0.59,MKD
MKD_2019,North Macedonia,2019,0.45,MKD
MKD_2020,North Macedonia,2020,0.0,MKD
MKD_2021,North Macedonia,2021,0.0,MKD
MKD_2022,North Macedonia,2022,0.0,MKD
MKD_2023,North Macedonia,2023,0.0,MKD
MKD_2024,North Macedonia,2024,0.0,MKD
PAK_1960,Pakistan,1960,15.0,PAK
PAK_1961,Pakistan,1961,0.0,PAK
PAK_1962,Pakistan,1962,0.0,PAK
PAK_1963,Pakistan,1963,0.0,PAK
PAK_1964,Pakistan,1964,0.0,PAK
PAK_1965,Pakistan,1965,0.0,PAK
PAK_1966,Pakistan,1966,0.0,PAK
PAK_1967,Pakistan,1967,0.0,PAK
PAK_1968,Pakistan,1968,0.0,PAK
PAK_1969,Pakistan,1969,0.0,PAK
PAK_1970,Pakistan,1970,0.0,PAK
PAK_1971,Pakistan,1971,0.0,PAK
PAK_1972,Pakistan,1972,234.0,PAK
PAK_1973,Pakistan,1973,107.0,PAK
PAK_1974,Pakistan,1974,650.0,PAK
PAK_1975,Pakistan,1975,182.0,PAK
PAK_1976,Pakistan,1976,186.0,PAK
PAK_1977,Pakistan,1977,228.0,PAK
PAK_1978,Pakistan,1978,312.0,PAK
PAK_1979,Pakistan,1979,80.0,PAK
PAK_1980,Pakistan,1980,195.0,PAK
PAK_1981,Pakistan,1981,260.0,PAK
PAK_1982,Pakistan,1982,35.0,PAK
PAK_1983,Pakistan,1983,28.0,PAK
PAK_1984,Pakistan,1984,25.0,PAK
PAK_1985,Pakistan,1985,0.0,PAK
PAK_1986,Pakistan,1986,0.0,PAK
PAK_1987,Pakistan,1987,0.0,PAK
PAK_1988,Pakistan,1988,0.0,PAK
PAK_1989,Pakistan,1989,19.72,PAK
PAK_1990,Pakistan,1990,16.08,PAK
PAK_1991,Pakistan,1991,10.13,PAK
PAK_1992,Pakistan,1992,0.0,PAK
PAK_1993,Pakistan,1993,0.0,PAK
PAK_1994,Pakistan,1994,0.01,PAK
PAK_1995,Pakistan,1995,0.0,PAK
PAK_1996,Pakistan,1996,0.01,PAK
PAK_1997,Pakistan,1997,0.0,PAK
PAK_1998,Pakistan,1998,2496.64,PAK
PAK_1999,Pakistan,1999,5622.0,PAK
PAK_2000,Pakistan,2000,1007.89,PAK
PAK_2001,Pakistan,2001,14797.78,PAK
PAK_2002,Pakistan,2002,941.76,PAK
PAK_2003,Pakistan,2003,745.97,PAK
PAK_2004,Pakistan,2004,481.83,PAK
PAK_2005,Pakistan,2005,0.0,PAK
PAK_2006,Pakistan,2006,0.0,PAK
PAK_2007,Pakistan,2007,1.3,PAK
PAK_2008,Pakistan,2008,4.81,PAK
PAK_2009,Pakistan,2009,0.0,PAK
PAK_2010,Pakistan,2010,0.0,PAK
PAK_2011,Pakistan,2011,0.0,PAK
PAK_2012,Pakistan,2012,0.0,PAK
PAK_2013,Pakistan,2013,0.0,PAK
PAK_2014,Pakistan,2014,0.0,PAK
PAK_2015,Pakistan,2015,0.0,PAK
PAK_2016,Pakistan,2016,0.0,PAK
PAK_2017,Pakistan,2017,0.0,PAK
PAK_2018,Pakistan,2018,0.0,PAK
PAK_2019,Pakistan,2019,0.0,PAK
PAK_2020,Pakistan,2020,1656.56,PAK
PAK_2021,Pakistan,2021,6153.73,PAK
PAK_2022,Pakistan,2022,346.0,PAK
PAK_2023,Pakistan,2023,0.0,PAK
PAK_2024,Pakistan,2024,18400.0,PAK
PLW_1960,Palau,1960,,PLW
PLW_1961,Palau,1961,,PLW
PLW_1962,Palau,1962,,PLW
PLW_1963,Palau,1963,,PLW
PLW_1964,Palau,1964,,PLW
PLW_1965,Palau,1965,,PLW
PLW_1966,Palau,1966,,PLW
PLW_1967,Palau,1967,,PLW
PLW_1968,Palau,1968,,PLW
PLW_1969,Palau,1969,,PLW
PLW_1970,Palau,1970,,PLW
PLW_1971,Palau,1971,,PLW
PLW_1972,Palau,1972,,PLW
PLW_1973,Palau,1973,,PLW
PLW_1974,Palau,1974,,PLW
PLW_1975,Palau,1975,,PLW
PLW_1976,Palau,1976,,PLW
PLW_1977,Palau,1977,,PLW
PLW_1978,Palau,1978,,PLW
PLW_1979,Palau,1979,,PLW
PLW_1980,Palau,1980,,PLW
PLW_1981,Palau,1981,,PLW
PLW_1982,Palau,1982,,PLW
PLW_1983,Palau,1983,,PLW
PLW_1984,Palau,1984,,PLW
PLW_1985,Palau,1985,,PLW
PLW_1986,Palau,1986,,PLW
PLW_1987,Palau,1987,,PLW
PLW_1988,Palau,1988,,PLW
PLW_1989,Palau,1989,,PLW
PLW_1990,Palau,1990,,PLW
PLW_1991,Palau,1991,,PLW
PLW_1992,Palau,1992,,PLW
PLW_1993,Palau,1993,,PLW
PLW_1994,Palau,1994,,PLW
PLW_1995,Palau,1995,,PLW
PLW_1996,Palau,1996,,PLW
PLW_1997,Palau,1997,,PLW
PLW_1998,Palau,1998,,PLW
PLW_1999,Palau,1999,,PLW
PLW_2000,Palau,2000,,PLW
PLW_2001,Palau,2001,,PLW
PLW_2002,Palau,2002,,PLW
PLW_2003,Palau,2003,,PLW
PLW_2004,Palau,2004,,PLW
PLW_2005,Palau,2005,,PLW
PLW_2006,Palau,2006,,PLW
PLW_2007,Palau,2007,,PLW
PLW_2008,Palau,2008,,PLW
PLW_2009,Palau,2009,,PLW
PLW_2010,Palau,2010,,PLW
PLW_2011,Palau,2011,,PLW
PLW_2012,Palau,2012,,PLW
PLW_2013,Palau,2013,,PLW
PLW_2014,Palau,2014,,PLW
PLW_2015,Palau,2015,,PLW
PLW_2016,Palau,2016,,PLW
PLW_2017,Palau,2017,,PLW
PLW_2018,Palau,2018,,PLW
PLW_2019,Palau,2019,,PLW
PLW_2020,Palau,2020,,PLW
PLW_2021,Palau,2021,,PLW
PLW_2022,Palau,2022,,PLW
PLW_2023,Palau,2023,,PLW
PLW_2024,Palau,2024,,PLW
PAN_1960,Panama,1960,0.0,PAN
PAN_1961,Panama,1961,0.0,PAN
PAN_1962,Panama,1962,0.0,PAN
PAN_1963,Panama,1963,0.0,PAN
PAN_1964,Panama,1964,0.0,PAN
PAN_1965,Panama,1965,0.0,PAN
PAN_1966,Panama,1966,0.0,PAN
PAN_1967,Panama,1967,0.0,PAN
PAN_1968,Panama,1968,0.0,PAN
PAN_1969,Panama,1969,0.0,PAN
PAN_1970,Panama,1970,15.0,PAN
PAN_1971,Panama,1971,0.0,PAN
PAN_1972,Panama,1972,0.0,PAN
PAN_1973,Panama,1973,0.0,PAN
PAN_1974,Panama,1974,0.0,PAN
PAN_1975,Panama,1975,0.0,PAN
PAN_1976,Panama,1976,0.0,PAN
PAN_1977,Panama,1977,0.0,PAN
PAN_1978,Panama,1978,0.0,PAN
PAN_1979,Panama,1979,0.0,PAN
PAN_1980,Panama,1980,0.8,PAN
PAN_1981,Panama,1981,0.1,PAN
PAN_1982,Panama,1982,1.5,PAN
PAN_1983,Panama,1983,218.7,PAN
PAN_1984,Panama,1984,218.25,PAN
PAN_1985,Panama,1985,603.2,PAN
PAN_1986,Panama,1986,662.7,PAN
PAN_1987,Panama,1987,3072.91,PAN
PAN_1988,Panama,1988,3531.86,PAN
PAN_1989,Panama,1989,3860.92,PAN
PAN_1990,Panama,1990,4898.9,PAN
PAN_1991,Panama,1991,4988.97,PAN
PAN_1992,Panama,1992,4424.7,PAN
PAN_1993,Panama,1993,4406.08,PAN
PAN_1994,Panama,1994,4663.97,PAN
PAN_1995,Panama,1995,4084.52,PAN
PAN_1996,Panama,1996,4588.04,PAN
PAN_1997,Panama,1997,1499.91,PAN
PAN_1998,Panama,1998,265.76,PAN
PAN_1999,Panama,1999,160.16,PAN
PAN_2000,Panama,2000,598.4,PAN
PAN_2001,Panama,2001,365.55,PAN
PAN_2002,Panama,2002,534.21,PAN
PAN_2003,Panama,2003,176.36,PAN
PAN_2004,Panama,2004,16.31,PAN
PAN_2005,Panama,2005,0.0,PAN
PAN_2006,Panama,2006,202.93,PAN
PAN_2007,Panama,2007,0.01,PAN
PAN_2008,Panama,2008,28.0,PAN
PAN_2009,Panama,2009,0.0,PAN
PAN_2010,Panama,2010,0.0,PAN
PAN_2011,Panama,2011,0.0,PAN
PAN_2012,Panama,2012,0.0,PAN
PAN_2013,Panama,2013,0.0,PAN
PAN_2014,Panama,2014,0.0,PAN
PAN_2015,Panama,2015,0.0,PAN
PAN_2016,Panama,2016,0.0,PAN
PAN_2017,Panama,2017,0.0,PAN
PAN_2018,Panama,2018,0.0,PAN
PAN_2019,Panama,2019,0.0,PAN
PAN_2020,Panama,2020,0.0,PAN
PAN_2021,Panama,2021,0.0,PAN
PAN_2022,Panama,2022,0.0,PAN
PAN_2023,Panama,2023,0.0,PAN
PAN_2024,Panama,2024,0.0,PAN
PNG_1960,Papua New Guinea,1960,,PNG
PNG_1961,Papua New Guinea,1961,,PNG
PNG_1962,Papua New Guinea,1962,,PNG
PNG_1963,Papua New Guinea,1963,,PNG
PNG_1964,Papua New Guinea,1964,,PNG
PNG_1965,Papua New Guinea,1965,,PNG
PNG_1966,Papua New Guinea,1966,,PNG
PNG_1967,Papua New Guinea,1967,,PNG
PNG_1968,Papua New Guinea,1968,,PNG
PNG_1969,Papua New Guinea,1969,,PNG
PNG_1970,Papua New Guinea,1970,,PNG
PNG_1971,Papua New Guinea,1971,,PNG
PNG_1972,Papua New Guinea,1972,,PNG
PNG_1973,Papua New Guinea,1973,,PNG
PNG_1974,Papua New Guinea,1974,,PNG
PNG_1975,Papua New Guinea,1975,0.0,PNG
PNG_1976,Papua New Guinea,1976,0.0,PNG
PNG_1977,Papua New Guinea,1977,0.0,PNG
PNG_1978,Papua New Guinea,1978,0.0,PNG
PNG_1979,Papua New Guinea,1979,0.0,PNG
PNG_1980,Papua New Guinea,1980,0.0,PNG
PNG_1981,Papua New Guinea,1981,0.0,PNG
PNG_1982,Papua New Guinea,1982,0.0,PNG
PNG_1983,Papua New Guinea,1983,0.0,PNG
PNG_1984,Papua New Guinea,1984,0.0,PNG
PNG_1985,Papua New Guinea,1985,0.0,PNG
PNG_1986,Papua New Guinea,1986,0.0,PNG
PNG_1987,Papua New Guinea,1987,0.0,PNG
PNG_1988,Papua New Guinea,1988,0.0,PNG
PNG_1989,Papua New Guinea,1989,0.0,PNG
PNG_1990,Papua New Guinea,1990,0.0,PNG
PNG_1991,Papua New Guinea,1991,0.0,PNG
PNG_1992,Papua New Guinea,1992,0.0,PNG
PNG_1993,Papua New Guinea,1993,0.0,PNG
PNG_1994,Papua New Guinea,1994,0.0,PNG
PNG_1995,Papua New Guinea,1995,0.0,PNG
PNG_1996,Papua New Guinea,1996,9.45,PNG
PNG_1997,Papua New Guinea,1997,0.0,PNG
PNG_1998,Papua New Guinea,1998,0.21,PNG
PNG_1999,Papua New Guinea,1999,0.0,PNG
PNG_2000,Papua New Guinea,2000,0.0,PNG
PNG_2001,Papua New Guinea,2001,0.0,PNG
PNG_2002,Papua New Guinea,2002,1.12,PNG
PNG_2003,Papua New Guinea,2003,0.0,PNG
PNG_2004,Papua New Guinea,2004,0.0,PNG
PNG_2005,Papua New Guinea,2005,0.0,PNG
PNG_2006,Papua New Guinea,2006,0.0,PNG
PNG_2007,Papua New Guinea,2007,0.0,PNG
PNG_2008,Papua New Guinea,2008,12.0,PNG
PNG_2009,Papua New Guinea,2009,0.0,PNG
PNG_2010,Papua New Guinea,2010,0.0,PNG
PNG_2011,Papua New Guinea,2011,0.0,PNG
PNG_2012,Papua New Guinea,2012,0.0,PNG
PNG_2013,Papua New Guinea,2013,0.46,PNG
PNG_2014,Papua New Guinea,2014,0.74,PNG
PNG_2015,Papua New Guinea,2015,1.81,PNG
PNG_2016,Papua New Guinea,2016,2.85,PNG
PNG_2017,Papua New Guinea,2017,4.44,PNG
PNG_2018,Papua New Guinea,2018,5.15,PNG
PNG_2019,Papua New Guinea,2019,6.6,PNG
PNG_2020,Papua New Guinea,2020,14.45,PNG
PNG_2021,Papua New Guinea,2021,54.25,PNG
PNG_2022,Papua New Guinea,2022,1.34,PNG
PNG_2023,Papua New Guinea,2023,9.3,PNG
PNG_2024,Papua New Guinea,2024,18.5,PNG
PRY_1960,Paraguay,1960,0.0,PRY
PRY_1961,Paraguay,1961,0.0,PRY
PRY_1962,Paraguay,1962,0.0,PRY
PRY_1963,Paraguay,1963,0.0,PRY
PRY_1964,Paraguay,1964,0.0,PRY
PRY_1965,Paraguay,1965,0.0,PRY
PRY_1966,Paraguay,1966,0.0,PRY
PRY_1967,Paraguay,1967,0.0,PRY
PRY_1968,Paraguay,1968,0.0,PRY
PRY_1969,Paraguay,1969,0.0,PRY
PRY_1970,Paraguay,1970,1.53,PRY
PRY_1971,Paraguay,1971,1.6,PRY
PRY_1972,Paraguay,1972,1.91,PRY
PRY_1973,Paraguay,1973,1.76,PRY
PRY_1974,Paraguay,1974,1.72,PRY
PRY_1975,Paraguay,1975,1.7,PRY
PRY_1976,Paraguay,1976,1.8,PRY
PRY_1977,Paraguay,1977,2.27,PRY
PRY_1978,Paraguay,1978,4.74,PRY
PRY_1979,Paraguay,1979,3.34,PRY
PRY_1980,Paraguay,1980,1.85,PRY
PRY_1981,Paraguay,1981,1.32,PRY
PRY_1982,Paraguay,1982,6.63,PRY
PRY_1983,Paraguay,1983,15.98,PRY
PRY_1984,Paraguay,1984,26.92,PRY
PRY_1985,Paraguay,1985,64.28,PRY
PRY_1986,Paraguay,1986,468.64,PRY
PRY_1987,Paraguay,1987,482.5,PRY
PRY_1988,Paraguay,1988,512.82,PRY
PRY_1989,Paraguay,1989,1110.45,PRY
PRY_1990,Paraguay,1990,1130.4,PRY
PRY_1991,Paraguay,1991,489.98,PRY
PRY_1992,Paraguay,1992,346.26,PRY
PRY_1993,Paraguay,1993,125.66,PRY
PRY_1994,Paraguay,1994,105.48,PRY
PRY_1995,Paraguay,1995,67.35,PRY
PRY_1996,Paraguay,1996,63.25,PRY
PRY_1997,Paraguay,1997,71.57,PRY
PRY_1998,Paraguay,1998,77.27,PRY
PRY_1999,Paraguay,1999,65.59,PRY
PRY_2000,Paraguay,2000,66.23,PRY
PRY_2001,Paraguay,2001,51.55,PRY
PRY_2002,Paraguay,2002,203.53,PRY
PRY_2003,Paraguay,2003,359.98,PRY
PRY_2004,Paraguay,2004,285.19,PRY
PRY_2005,Paraguay,2005,145.6,PRY
PRY_2006,Paraguay,2006,7.85,PRY
PRY_2007,Paraguay,2007,7.85,PRY
PRY_2008,Paraguay,2008,8.71,PRY
PRY_2009,Paraguay,2009,7.18,PRY
PRY_2010,Paraguay,2010,7.23,PRY
PRY_2011,Paraguay,2011,7.16,PRY
PRY_2012,Paraguay,2012,7.16,PRY
PRY_2013,Paraguay,2013,7.15,PRY
PRY_2014,Paraguay,2014,0.04,PRY
PRY_2015,Paraguay,2015,0.03,PRY
PRY_2016,Paraguay,2016,0.04,PRY
PRY_2017,Paraguay,2017,0.59,PRY
PRY_2018,Paraguay,2018,0.04,PRY
PRY_2019,Paraguay,2019,0.04,PRY
PRY_2020,Paraguay,2020,0.04,PRY
PRY_2021,Paraguay,2021,0.03,PRY
PRY_2022,Paraguay,2022,0.03,PRY
PRY_2023,Paraguay,2023,0.03,PRY
PRY_2024,Paraguay,2024,0.03,PRY
PER_1960,Peru,1960,0.0,PER
PER_1961,Peru,1961,0.0,PER
PER_1962,Peru,1962,0.0,PER
PER_1963,Peru,1963,0.0,PER
PER_1964,Peru,1964,0.0,PER
PER_1965,Peru,1965,0.0,PER
PER_1966,Peru,1966,0.0,PER
PER_1967,Peru,1967,0.0,PER
PER_1968,Peru,1968,248.0,PER
PER_1969,Peru,1969,100.0,PER
PER_1970,Peru,1970,346.8,PER
PER_1971,Peru,1971,0.0,PER
PER_1972,Peru,1972,0.0,PER
PER_1973,Peru,1973,0.0,PER
PER_1974,Peru,1974,0.0,PER
PER_1975,Peru,1975,0.0,PER
PER_1976,Peru,1976,387.0,PER
PER_1977,Peru,1977,0.0,PER
PER_1978,Peru,1978,864.0,PER
PER_1979,Peru,1979,1189.0,PER
PER_1980,Peru,1980,386.01,PER
PER_1981,Peru,1981,33.93,PER
PER_1982,Peru,1982,88.31,PER
PER_1983,Peru,1983,2788.24,PER
PER_1984,Peru,1984,3144.01,PER
PER_1985,Peru,1985,4685.83,PER
PER_1986,Peru,1986,7594.88,PER
PER_1987,Peru,1987,9564.92,PER
PER_1988,Peru,1988,10564.76,PER
PER_1989,Peru,1989,12315.68,PER
PER_1990,Peru,1990,13385.91,PER
PER_1991,Peru,1991,16014.73,PER
PER_1992,Peru,1992,10953.55,PER
PER_1993,Peru,1993,12415.16,PER
PER_1994,Peru,1994,11652.11,PER
PER_1995,Peru,1995,14234.73,PER
PER_1996,Peru,1996,17878.04,PER
PER_1997,Peru,1997,11589.39,PER
PER_1998,Peru,1998,1068.93,PER
PER_1999,Peru,1999,597.54,PER
PER_2000,Peru,2000,615.78,PER
PER_2001,Peru,2001,1841.57,PER
PER_2002,Peru,2002,656.09,PER
PER_2003,Peru,2003,644.85,PER
PER_2004,Peru,2004,667.95,PER
PER_2005,Peru,2005,666.89,PER
PER_2006,Peru,2006,713.46,PER
PER_2007,Peru,2007,3063.62,PER
PER_2008,Peru,2008,1560.69,PER
PER_2009,Peru,2009,593.74,PER
PER_2010,Peru,2010,2426.0,PER
PER_2011,Peru,2011,585.27,PER
PER_2012,Peru,2012,558.41,PER
PER_2013,Peru,2013,547.36,PER
PER_2014,Peru,2014,1040.75,PER
PER_2015,Peru,2015,900.89,PER
PER_2016,Peru,2016,1164.69,PER
PER_2017,Peru,2017,558.0,PER
PER_2018,Peru,2018,62.0,PER
PER_2019,Peru,2019,66.0,PER
PER_2020,Peru,2020,71.0,PER
PER_2021,Peru,2021,76.0,PER
PER_2022,Peru,2022,89.4,PER
PER_2023,Peru,2023,0.0,PER
PER_2024,Peru,2024,0.0,PER
PHL_1960,Philippines,1960,0.0,PHL
PHL_1961,Philippines,1961,0.0,PHL
PHL_1962,Philippines,1962,0.0,PHL
PHL_1963,Philippines,1963,0.0,PHL
PHL_1964,Philippines,1964,0.0,PHL
PHL_1965,Philippines,1965,0.0,PHL
PHL_1966,Philippines,1966,0.0,PHL
PHL_1967,Philippines,1967,0.0,PHL
PHL_1968,Philippines,1968,0.0,PHL
PHL_1969,Philippines,1969,0.0,PHL
PHL_1970,Philippines,1970,274.9,PHL
PHL_1971,Philippines,1971,0.0,PHL
PHL_1972,Philippines,1972,0.0,PHL
PHL_1973,Philippines,1973,0.0,PHL
PHL_1974,Philippines,1974,0.0,PHL
PHL_1975,Philippines,1975,0.0,PHL
PHL_1976,Philippines,1976,0.12,PHL
PHL_1977,Philippines,1977,0.14,PHL
PHL_1978,Philippines,1978,0.18,PHL
PHL_1979,Philippines,1979,0.55,PHL
PHL_1980,Philippines,1980,0.49,PHL
PHL_1981,Philippines,1981,0.48,PHL
PHL_1982,Philippines,1982,0.72,PHL
PHL_1983,Philippines,1983,4259.18,PHL
PHL_1984,Philippines,1984,5870.58,PHL
PHL_1985,Philippines,1985,5568.06,PHL
PHL_1986,Philippines,1986,10821.05,PHL
PHL_1987,Philippines,1987,12854.3,PHL
PHL_1988,Philippines,1988,3098.96,PHL
PHL_1989,Philippines,1989,6499.39,PHL
PHL_1990,Philippines,1990,14073.75,PHL
PHL_1991,Philippines,1991,12434.84,PHL
PHL_1992,Philippines,1992,8353.63,PHL
PHL_1993,Philippines,1993,281.13,PHL
PHL_1994,Philippines,1994,585.0,PHL
PHL_1995,Philippines,1995,0.0,PHL
PHL_1996,Philippines,1996,1.84,PHL
PHL_1997,Philippines,1997,0.13,PHL
PHL_1998,Philippines,1998,0.6,PHL
PHL_1999,Philippines,1999,0.0,PHL
PHL_2000,Philippines,2000,0.0,PHL
PHL_2001,Philippines,2001,0.0,PHL
PHL_2002,Philippines,2002,0.0,PHL
PHL_2003,Philippines,2003,0.0,PHL
PHL_2004,Philippines,2004,0.0,PHL
PHL_2005,Philippines,2005,0.0,PHL
PHL_2006,Philippines,2006,1.84,PHL
PHL_2007,Philippines,2007,0.0,PHL
PHL_2008,Philippines,2008,0.54,PHL
PHL_2009,Philippines,2009,0.0,PHL
PHL_2010,Philippines,2010,0.0,PHL
PHL_2011,Philippines,2011,0.0,PHL
PHL_2012,Philippines,2012,0.0,PHL
PHL_2013,Philippines,2013,0.0,PHL
PHL_2014,Philippines,2014,0.0,PHL
PHL_2015,Philippines,2015,0.0,PHL
PHL_2016,Philippines,2016,0.0,PHL
PHL_2017,Philippines,2017,0.0,PHL
PHL_2018,Philippines,2018,0.0,PHL
PHL_2019,Philippines,2019,0.0,PHL
PHL_2020,Philippines,2020,0.0,PHL
PHL_2021,Philippines,2021,0.0,PHL
PHL_2022,Philippines,2022,0.0,PHL
PHL_2023,Philippines,2023,0.0,PHL
PHL_2024,Philippines,2024,0.0,PHL
POL_1960,Poland,1960,88.97,POL
POL_1961,Poland,1961,90.96,POL
POL_1962,Poland,1962,92.96,POL
POL_1963,Poland,1963,94.96,POL
POL_1964,Poland,1964,96.95,POL
POL_1965,Poland,1965,98.95,POL
POL_1966,Poland,1966,100.94,POL
POL_1967,Poland,1967,102.94,POL
POL_1968,Poland,1968,104.94,POL
POL_1969,Poland,1969,106.93,POL
POL_1970,Poland,1970,108.93,POL
POL_1971,Poland,1971,110.92,POL
POL_1972,Poland,1972,112.92,POL
POL_1973,Poland,1973,114.92,POL
POL_1974,Poland,1974,116.91,POL
POL_1975,Poland,1975,118.91,POL
POL_1976,Poland,1976,7.05,POL
POL_1977,Poland,1977,0.0,POL
POL_1978,Poland,1978,0.0,POL
POL_1979,Poland,1979,0.0,POL
POL_1980,Poland,1980,0.0,POL
POL_1981,Poland,1981,4500.0,POL
POL_1982,Poland,1982,2200.0,POL
POL_1983,Poland,1983,1200.0,POL
POL_1984,Poland,1984,11317.0,POL
POL_1985,Poland,1985,13050.0,POL
POL_1986,Poland,1986,6993.4,POL
POL_1987,Poland,1987,24730.5,POL
POL_1988,Poland,1988,13090.8,POL
POL_1989,Poland,1989,10933.7,POL
POL_1990,Poland,1990,21380.5,POL
POL_1991,Poland,1991,48597.6,POL
POL_1992,Poland,1992,16190.0,POL
POL_1993,Poland,1993,13360.3,POL
POL_1994,Poland,1994,14254.6,POL
POL_1995,Poland,1995,760.8,POL
POL_1996,Poland,1996,29.2,POL
POL_1997,Poland,1997,29.0,POL
POL_1998,Poland,1998,2.8,POL
POL_1999,Poland,1999,96.0,POL
POL_2000,Poland,2000,120.8,POL
POL_2001,Poland,2001,2.9,POL
POL_2002,Poland,2002,2.2,POL
POL_2003,Poland,2003,0.0,POL
POL_2004,Poland,2004,0.0,POL
POL_2005,Poland,2005,0.0,POL
POL_2006,Poland,2006,0.0,POL
POL_2007,Poland,2007,0.0,POL
POL_2008,Poland,2008,0.0,POL
POL_2009,Poland,2009,0.0,POL
POL_2010,Poland,2010,0.0,POL
POL_2011,Poland,2011,0.0,POL
POL_2012,Poland,2012,0.0,POL
POL_2013,Poland,2013,0.0,POL
POL_2014,Poland,2014,0.0,POL
POL_2015,Poland,2015,0.0,POL
POL_2016,Poland,2016,0.0,POL
POL_2017,Poland,2017,0.0,POL
POL_2018,Poland,2018,0.0,POL
POL_2019,Poland,2019,0.0,POL
POL_2020,Poland,2020,0.0,POL
POL_2021,Poland,2021,0.0,POL
POL_2022,Poland,2022,0.0,POL
POL_2023,Poland,2023,0.0,POL
POL_2024,Poland,2024,0.0,POL
PRT_1960,Portugal,1960,0.0,PRT
PRT_1961,Portugal,1961,0.0,PRT
PRT_1962,Portugal,1962,0.0,PRT
PRT_1963,Portugal,1963,0.0,PRT
PRT_1964,Portugal,1964,0.0,PRT
PRT_1965,Portugal,1965,0.0,PRT
PRT_1966,Portugal,1966,0.0,PRT
PRT_1967,Portugal,1967,0.0,PRT
PRT_1968,Portugal,1968,0.0,PRT
PRT_1969,Portugal,1969,0.0,PRT
PRT_1970,Portugal,1970,0.0,PRT
PRT_1971,Portugal,1971,0.0,PRT
PRT_1972,Portugal,1972,0.0,PRT
PRT_1973,Portugal,1973,0.0,PRT
PRT_1974,Portugal,1974,0.0,PRT
PRT_1975,Portugal,1975,0.0,PRT
PRT_1976,Portugal,1976,0.0,PRT
PRT_1977,Portugal,1977,0.0,PRT
PRT_1978,Portugal,1978,0.0,PRT
PRT_1979,Portugal,1979,0.0,PRT
PRT_1980,Portugal,1980,0.0,PRT
PRT_1981,Portugal,1981,0.0,PRT
PRT_1982,Portugal,1982,0.0,PRT
PRT_1983,Portugal,1983,0.0,PRT
PRT_1984,Portugal,1984,0.0,PRT
PRT_1985,Portugal,1985,0.0,PRT
PRT_1986,Portugal,1986,0.0,PRT
PRT_1987,Portugal,1987,0.0,PRT
PRT_1988,Portugal,1988,0.0,PRT
PRT_1989,Portugal,1989,0.0,PRT
PRT_1990,Portugal,1990,0.0,PRT
PRT_1991,Portugal,1991,0.0,PRT
PRT_1992,Portugal,1992,0.0,PRT
PRT_1993,Portugal,1993,0.0,PRT
PRT_1994,Portugal,1994,0.0,PRT
PRT_1995,Portugal,1995,0.0,PRT
PRT_1996,Portugal,1996,0.0,PRT
PRT_1997,Portugal,1997,0.0,PRT
PRT_1998,Portugal,1998,0.0,PRT
PRT_1999,Portugal,1999,0.0,PRT
PRT_2000,Portugal,2000,0.0,PRT
PRT_2001,Portugal,2001,0.0,PRT
PRT_2002,Portugal,2002,0.0,PRT
PRT_2003,Portugal,2003,0.0,PRT
PRT_2004,Portugal,2004,0.0,PRT
PRT_2005,Portugal,2005,0.0,PRT
PRT_2006,Portugal,2006,0.0,PRT
PRT_2007,Portugal,2007,0.0,PRT
PRT_2008,Portugal,2008,0.0,PRT
PRT_2009,Portugal,2009,0.0,PRT
PRT_2010,Portugal,2010,0.0,PRT
PRT_2011,Portugal,2011,0.0,PRT
PRT_2012,Portugal,2012,0.0,PRT
PRT_2013,Portugal,2013,52712.0,PRT
PRT_2014,Portugal,2014,0.0,PRT
PRT_2015,Portugal,2015,0.0,PRT
PRT_2016,Portugal,2016,0.0,PRT
PRT_2017,Portugal,2017,0.0,PRT
PRT_2018,Portugal,2018,0.0,PRT
PRT_2019,Portugal,2019,0.0,PRT
PRT_2020,Portugal,2020,0.0,PRT
PRT_2021,Portugal,2021,0.0,PRT
PRT_2022,Portugal,2022,0.0,PRT
PRT_2023,Portugal,2023,0.0,PRT
PRT_2024,Portugal,2024,0.0,PRT
PRI_1960,Puerto Rico,1960,0.0,PRI
PRI_1961,Puerto Rico,1961,0.0,PRI
PRI_1962,Puerto Rico,1962,0.0,PRI
PRI_1963,Puerto Rico,1963,0.0,PRI
PRI_1964,Puerto Rico,1964,0.0,PRI
PRI_1965,Puerto Rico,1965,0.0,PRI
PRI_1966,Puerto Rico,1966,0.0,PRI
PRI_1967,Puerto Rico,1967,0.0,PRI
PRI_1968,Puerto Rico,1968,0.0,PRI
PRI_1969,Puerto Rico,1969,0.0,PRI
PRI_1970,Puerto Rico,1970,0.0,PRI
PRI_1971,Puerto Rico,1971,0.0,PRI
PRI_1972,Puerto Rico,1972,0.0,PRI
PRI_1973,Puerto Rico,1973,0.0,PRI
PRI_1974,Puerto Rico,1974,0.0,PRI
PRI_1975,Puerto Rico,1975,0.0,PRI
PRI_1976,Puerto Rico,1976,0.0,PRI
PRI_1977,Puerto Rico,1977,0.0,PRI
PRI_1978,Puerto Rico,1978,0.0,PRI
PRI_1979,Puerto Rico,1979,0.0,PRI
PRI_1980,Puerto Rico,1980,0.0,PRI
PRI_1981,Puerto Rico,1981,0.0,PRI
PRI_1982,Puerto Rico,1982,0.0,PRI
PRI_1983,Puerto Rico,1983,0.0,PRI
PRI_1984,Puerto Rico,1984,0.0,PRI
PRI_1985,Puerto Rico,1985,0.0,PRI
PRI_1986,Puerto Rico,1986,0.0,PRI
PRI_1987,Puerto Rico,1987,0.0,PRI
PRI_1988,Puerto Rico,1988,0.0,PRI
PRI_1989,Puerto Rico,1989,0.0,PRI
PRI_1990,Puerto Rico,1990,0.0,PRI
PRI_1991,Puerto Rico,1991,0.0,PRI
PRI_1992,Puerto Rico,1992,0.0,PRI
PRI_1993,Puerto Rico,1993,0.0,PRI
PRI_1994,Puerto Rico,1994,0.0,PRI
PRI_1995,Puerto Rico,1995,0.0,PRI
PRI_1996,Puerto Rico,1996,0.0,PRI
PRI_1997,Puerto Rico,1997,0.0,PRI
PRI_1998,Puerto Rico,1998,0.0,PRI
PRI_1999,Puerto Rico,1999,0.0,PRI
PRI_2000,Puerto Rico,2000,0.0,PRI
PRI_2001,Puerto Rico,2001,0.0,PRI
PRI_2002,Puerto Rico,2002,0.0,PRI
PRI_2003,Puerto Rico,2003,0.0,PRI
PRI_2004,Puerto Rico,2004,0.0,PRI
PRI_2005,Puerto Rico,2005,0.0,PRI
PRI_2006,Puerto Rico,2006,0.0,PRI
PRI_2007,Puerto Rico,2007,0.0,PRI
PRI_2008,Puerto Rico,2008,0.0,PRI
PRI_2009,Puerto Rico,2009,0.0,PRI
PRI_2010,Puerto Rico,2010,0.0,PRI
PRI_2011,Puerto Rico,2011,0.0,PRI
PRI_2012,Puerto Rico,2012,0.0,PRI
PRI_2013,Puerto Rico,2013,0.0,PRI
PRI_2014,Puerto Rico,2014,0.0,PRI
PRI_2015,Puerto Rico,2015,1103.0,PRI
PRI_2016,Puerto Rico,2016,25904.0,PRI
PRI_2017,Puerto Rico,2017,46602.0,PRI
PRI_2018,Puerto Rico,2018,49951.0,PRI
PRI_2019,Puerto Rico,2019,53300.0,PRI
PRI_2020,Puerto Rico,2020,56649.0,PRI
PRI_2021,Puerto Rico,2021,59998.0,PRI
PRI_2022,Puerto Rico,2022,61226.0,PRI
PRI_2023,Puerto Rico,2023,0.0,PRI
PRI_2024,Puerto Rico,2024,0.0,PRI
COG_1960,Rep. of Congo (Brazzaville),1960,0.0,COG
COG_1961,Rep. of Congo (Brazzaville),1961,0.0,COG
COG_1962,Rep. of Congo (Brazzaville),1962,0.0,COG
COG_1963,Rep. of Congo (Brazzaville),1963,0.0,COG
COG_1964,Rep. of Congo (Brazzaville),1964,0.0,COG
COG_1965,Rep. of Congo (Brazzaville),1965,0.0,COG
COG_1966,Rep. of Congo (Brazzaville),1966,0.0,COG
COG_1967,Rep. of Congo (Brazzaville),1967,0.0,COG
COG_1968,Rep. of Congo (Brazzaville),1968,0.0,COG
COG_1969,Rep. of Congo (Brazzaville),1969,0.0,COG
COG_1970,Rep. of Congo (Brazzaville),1970,1.55,COG
COG_1971,Rep. of Congo (Brazzaville),1971,3.94,COG
COG_1972,Rep. of Congo (Brazzaville),1972,7.57,COG
COG_1973,Rep. of Congo (Brazzaville),1973,12.5,COG
COG_1974,Rep. of Congo (Brazzaville),1974,14.66,COG
COG_1975,Rep. of Congo (Brazzaville),1975,17.59,COG
COG_1976,Rep. of Congo (Brazzaville),1976,27.1,COG
COG_1977,Rep. of Congo (Brazzaville),1977,40.8,COG
COG_1978,Rep. of Congo (Brazzaville),1978,49.96,COG
COG_1979,Rep. of Congo (Brazzaville),1979,25.61,COG
COG_1980,Rep. of Congo (Brazzaville),1980,14.27,COG
COG_1981,Rep. of Congo (Brazzaville),1981,13.01,COG
COG_1982,Rep. of Congo (Brazzaville),1982,34.58,COG
COG_1983,Rep. of Congo (Brazzaville),1983,53.62,COG
COG_1984,Rep. of Congo (Brazzaville),1984,78.89,COG
COG_1985,Rep. of Congo (Brazzaville),1985,171.32,COG
COG_1986,Rep. of Congo (Brazzaville),1986,870.73,COG
COG_1987,Rep. of Congo (Brazzaville),1987,371.21,COG
COG_1988,Rep. of Congo (Brazzaville),1988,661.8,COG
COG_1989,Rep. of Congo (Brazzaville),1989,2287.15,COG
COG_1990,Rep. of Congo (Brazzaville),1990,2823.26,COG
COG_1991,Rep. of Congo (Brazzaville),1991,2613.31,COG
COG_1992,Rep. of Congo (Brazzaville),1992,3385.5,COG
COG_1993,Rep. of Congo (Brazzaville),1993,3386.24,COG
COG_1994,Rep. of Congo (Brazzaville),1994,2227.38,COG
COG_1995,Rep. of Congo (Brazzaville),1995,2191.02,COG
COG_1996,Rep. of Congo (Brazzaville),1996,2729.95,COG
COG_1997,Rep. of Congo (Brazzaville),1997,1956.95,COG
COG_1998,Rep. of Congo (Brazzaville),1998,3137.82,COG
COG_1999,Rep. of Congo (Brazzaville),1999,2147.26,COG
COG_2000,Rep. of Congo (Brazzaville),2000,2132.69,COG
COG_2001,Rep. of Congo (Brazzaville),2001,2085.08,COG
COG_2002,Rep. of Congo (Brazzaville),2002,2166.57,COG
COG_2003,Rep. of Congo (Brazzaville),2003,2677.88,COG
COG_2004,Rep. of Congo (Brazzaville),2004,6311.13,COG
COG_2005,Rep. of Congo (Brazzaville),2005,4049.03,COG
COG_2006,Rep. of Congo (Brazzaville),2006,3576.92,COG
COG_2007,Rep. of Congo (Brazzaville),2007,5019.35,COG
COG_2008,Rep. of Congo (Brazzaville),2008,2329.14,COG
COG_2009,Rep. of Congo (Brazzaville),2009,976.11,COG
COG_2010,Rep. of Congo (Brazzaville),2010,2619.77,COG
COG_2011,Rep. of Congo (Brazzaville),2011,282.8,COG
COG_2012,Rep. of Congo (Brazzaville),2012,239.83,COG
COG_2013,Rep. of Congo (Brazzaville),2013,265.35,COG
COG_2014,Rep. of Congo (Brazzaville),2014,260.78,COG
COG_2015,Rep. of Congo (Brazzaville),2015,252.06,COG
COG_2016,Rep. of Congo (Brazzaville),2016,669.37,COG
COG_2017,Rep. of Congo (Brazzaville),2017,691.0,COG
COG_2018,Rep. of Congo (Brazzaville),2018,427.81,COG
COG_2019,Rep. of Congo (Brazzaville),2019,392.8,COG
COG_2020,Rep. of Congo (Brazzaville),2020,1581.0,COG
COG_2021,Rep. of Congo (Brazzaville),2021,547.0,COG
COG_2022,Rep. of Congo (Brazzaville),2022,629.0,COG
COG_2023,Rep. of Congo (Brazzaville),2023,570.0,COG
COG_2024,Rep. of Congo (Brazzaville),2024,377.0,COG
ROU_1960,Romania,1960,272.76,ROU
ROU_1961,Romania,1961,279.62,ROU
ROU_1962,Romania,1962,286.49,ROU
ROU_1963,Romania,1963,293.35,ROU
ROU_1964,Romania,1964,300.22,ROU
ROU_1965,Romania,1965,307.08,ROU
ROU_1966,Romania,1966,313.95,ROU
ROU_1967,Romania,1967,309.66,ROU
ROU_1968,Romania,1968,316.32,ROU
ROU_1969,Romania,1969,322.99,ROU
ROU_1970,Romania,1970,329.37,ROU
ROU_1971,Romania,1971,340.21,ROU
ROU_1972,Romania,1972,341.17,ROU
ROU_1973,Romania,1973,347.19,ROU
ROU_1974,Romania,1974,354.14,ROU
ROU_1975,Romania,1975,350.9,ROU
ROU_1976,Romania,1976,54.33,ROU
ROU_1977,Romania,1977,0.0,ROU
ROU_1978,Romania,1978,0.0,ROU
ROU_1979,Romania,1979,0.0,ROU
ROU_1980,Romania,1980,95.0,ROU
ROU_1981,Romania,1981,1359.1,ROU
ROU_1982,Romania,1982,2021.5,ROU
ROU_1983,Romania,1983,693.0,ROU
ROU_1984,Romania,1984,0.0,ROU
ROU_1985,Romania,1985,0.0,ROU
ROU_1986,Romania,1986,1839.79,ROU
ROU_1987,Romania,1987,177.0,ROU
ROU_1988,Romania,1988,0.0,ROU
ROU_1989,Romania,1989,0.0,ROU
ROU_1990,Romania,1990,0.0,ROU
ROU_1991,Romania,1991,0.0,ROU
ROU_1992,Romania,1992,0.0,ROU
ROU_1993,Romania,1993,0.0,ROU
ROU_1994,Romania,1994,0.0,ROU
ROU_1995,Romania,1995,0.0,ROU
ROU_1996,Romania,1996,0.0,ROU
ROU_1997,Romania,1997,0.2,ROU
ROU_1998,Romania,1998,65.2,ROU
ROU_1999,Romania,1999,66.24,ROU
ROU_2000,Romania,2000,148.59,ROU
ROU_2001,Romania,2001,149.3,ROU
ROU_2002,Romania,2002,123.92,ROU
ROU_2003,Romania,2003,39.27,ROU
ROU_2004,Romania,2004,73.29,ROU
ROU_2005,Romania,2005,269.8,ROU
ROU_2006,Romania,2006,264.27,ROU
ROU_2007,Romania,2007,261.19,ROU
ROU_2008,Romania,2008,18.33,ROU
ROU_2009,Romania,2009,39.4,ROU
ROU_2010,Romania,2010,39.31,ROU
ROU_2011,Romania,2011,39.3,ROU
ROU_2012,Romania,2012,1.25,ROU
ROU_2013,Romania,2013,1.19,ROU
ROU_2014,Romania,2014,1.87,ROU
ROU_2015,Romania,2015,1.8,ROU
ROU_2016,Romania,2016,1.78,ROU
ROU_2017,Romania,2017,1.86,ROU
ROU_2018,Romania,2018,4.9,ROU
ROU_2019,Romania,2019,4.71,ROU
ROU_2020,Romania,2020,4.71,ROU
ROU_2021,Romania,2021,0.0,ROU
ROU_2022,Romania,2022,0.0,ROU
ROU_2023,Romania,2023,0.0,ROU
ROU_2024,Romania,2024,0.0,ROU
RWA_1960,Rwanda,1960,,RWA
RWA_1961,Rwanda,1961,,RWA
RWA_1962,Rwanda,1962,0.0,RWA
RWA_1963,Rwanda,1963,0.0,RWA
RWA_1964,Rwanda,1964,0.0,RWA
RWA_1965,Rwanda,1965,0.0,RWA
RWA_1966,Rwanda,1966,0.0,RWA
RWA_1967,Rwanda,1967,0.0,RWA
RWA_1968,Rwanda,1968,0.0,RWA
RWA_1969,Rwanda,1969,0.0,RWA
RWA_1970,Rwanda,1970,0.0,RWA
RWA_1971,Rwanda,1971,0.0,RWA
RWA_1972,Rwanda,1972,0.0,RWA
RWA_1973,Rwanda,1973,0.0,RWA
RWA_1974,Rwanda,1974,0.0,RWA
RWA_1975,Rwanda,1975,0.0,RWA
RWA_1976,Rwanda,1976,0.05,RWA
RWA_1977,Rwanda,1977,0.0,RWA
RWA_1978,Rwanda,1978,0.0,RWA
RWA_1979,Rwanda,1979,0.01,RWA
RWA_1980,Rwanda,1980,0.02,RWA
RWA_1981,Rwanda,1981,0.0,RWA
RWA_1982,Rwanda,1982,0.0,RWA
RWA_1983,Rwanda,1983,0.0,RWA
RWA_1984,Rwanda,1984,0.48,RWA
RWA_1985,Rwanda,1985,0.0,RWA
RWA_1986,Rwanda,1986,0.62,RWA
RWA_1987,Rwanda,1987,3.33,RWA
RWA_1988,Rwanda,1988,7.22,RWA
RWA_1989,Rwanda,1989,85.6,RWA
RWA_1990,Rwanda,1990,21.89,RWA
RWA_1991,Rwanda,1991,13.24,RWA
RWA_1992,Rwanda,1992,21.37,RWA
RWA_1993,Rwanda,1993,34.29,RWA
RWA_1994,Rwanda,1994,56.46,RWA
RWA_1995,Rwanda,1995,141.68,RWA
RWA_1996,Rwanda,1996,75.82,RWA
RWA_1997,Rwanda,1997,96.58,RWA
RWA_1998,Rwanda,1998,164.74,RWA
RWA_1999,Rwanda,1999,87.63,RWA
RWA_2000,Rwanda,2000,93.53,RWA
RWA_2001,Rwanda,2001,109.06,RWA
RWA_2002,Rwanda,2002,115.82,RWA
RWA_2003,Rwanda,2003,121.78,RWA
RWA_2004,Rwanda,2004,132.12,RWA
RWA_2005,Rwanda,2005,201.22,RWA
RWA_2006,Rwanda,2006,1294.57,RWA
RWA_2007,Rwanda,2007,234.18,RWA
RWA_2008,Rwanda,2008,33.78,RWA
RWA_2009,Rwanda,2009,6.57,RWA
RWA_2010,Rwanda,2010,5.5,RWA
RWA_2011,Rwanda,2011,5.39,RWA
RWA_2012,Rwanda,2012,3.85,RWA
RWA_2013,Rwanda,2013,4.47,RWA
RWA_2014,Rwanda,2014,4.98,RWA
RWA_2015,Rwanda,2015,4.52,RWA
RWA_2016,Rwanda,2016,4.48,RWA
RWA_2017,Rwanda,2017,1.52,RWA
RWA_2018,Rwanda,2018,1.22,RWA
RWA_2019,Rwanda,2019,1.18,RWA
RWA_2020,Rwanda,2020,1.21,RWA
RWA_2021,Rwanda,2021,1.25,RWA
RWA_2022,Rwanda,2022,0.93,RWA
RWA_2023,Rwanda,2023,1.2,RWA
RWA_2024,Rwanda,2024,1.2,RWA
WSM_1960,Samoa,1960,,WSM
WSM_1961,Samoa,1961,,WSM
WSM_1962,Samoa,1962,0.0,WSM
WSM_1963,Samoa,1963,0.0,WSM
WSM_1964,Samoa,1964,0.0,WSM
WSM_1965,Samoa,1965,0.0,WSM
WSM_1966,Samoa,1966,0.0,WSM
WSM_1967,Samoa,1967,0.0,WSM
WSM_1968,Samoa,1968,0.0,WSM
WSM_1969,Samoa,1969,0.0,WSM
WSM_1970,Samoa,1970,0.0,WSM
WSM_1971,Samoa,1971,0.0,WSM
WSM_1972,Samoa,1972,0.0,WSM
WSM_1973,Samoa,1973,0.0,WSM
WSM_1974,Samoa,1974,0.35,WSM
WSM_1975,Samoa,1975,0.0,WSM
WSM_1976,Samoa,1976,0.0,WSM
WSM_1977,Samoa,1977,0.0,WSM
WSM_1978,Samoa,1978,0.0,WSM
WSM_1979,Samoa,1979,0.0,WSM
WSM_1980,Samoa,1980,0.0,WSM
WSM_1981,Samoa,1981,0.66,WSM
WSM_1982,Samoa,1982,2.17,WSM
WSM_1983,Samoa,1983,2.76,WSM
WSM_1984,Samoa,1984,1.56,WSM
WSM_1985,Samoa,1985,1.69,WSM
WSM_1986,Samoa,1986,0.0,WSM
WSM_1987,Samoa,1987,0.0,WSM
WSM_1988,Samoa,1988,0.05,WSM
WSM_1989,Samoa,1989,0.15,WSM
WSM_1990,Samoa,1990,0.0,WSM
WSM_1991,Samoa,1991,0.01,WSM
WSM_1992,Samoa,1992,0.0,WSM
WSM_1993,Samoa,1993,0.3,WSM
WSM_1994,Samoa,1994,0.0,WSM
WSM_1995,Samoa,1995,0.0,WSM
WSM_1996,Samoa,1996,0.0,WSM
WSM_1997,Samoa,1997,0.02,WSM
WSM_1998,Samoa,1998,0.0,WSM
WSM_1999,Samoa,1999,0.0,WSM
WSM_2000,Samoa,2000,0.0,WSM
WSM_2001,Samoa,2001,0.02,WSM
WSM_2002,Samoa,2002,0.06,WSM
WSM_2003,Samoa,2003,0.0,WSM
WSM_2004,Samoa,2004,0.0,WSM
WSM_2005,Samoa,2005,0.0,WSM
WSM_2006,Samoa,2006,12.15,WSM
WSM_2007,Samoa,2007,19.0,WSM
WSM_2008,Samoa,2008,0.0,WSM
WSM_2009,Samoa,2009,0.01,WSM
WSM_2010,Samoa,2010,0.0,WSM
WSM_2011,Samoa,2011,0.0,WSM
WSM_2012,Samoa,2012,0.0,WSM
WSM_2013,Samoa,2013,0.0,WSM
WSM_2014,Samoa,2014,0.0,WSM
WSM_2015,Samoa,2015,0.0,WSM
WSM_2016,Samoa,2016,0.0,WSM
WSM_2017,Samoa,2017,0.0,WSM
WSM_2018,Samoa,2018,0.0,WSM
WSM_2019,Samoa,2019,0.0,WSM
WSM_2020,Samoa,2020,9.71,WSM
WSM_2021,Samoa,2021,18.44,WSM
WSM_2022,Samoa,2022,0.0,WSM
WSM_2023,Samoa,2023,0.0,WSM
WSM_2024,Samoa,2024,0.0,WSM
STP_1960,São Tomé and Príncipe,1960,,STP
STP_1961,São Tomé and Príncipe,1961,,STP
STP_1962,São Tomé and Príncipe,1962,,STP
STP_1963,São Tomé and Príncipe,1963,,STP
STP_1964,São Tomé and Príncipe,1964,,STP
STP_1965,São Tomé and Príncipe,1965,,STP
STP_1966,São Tomé and Príncipe,1966,,STP
STP_1967,São Tomé and Príncipe,1967,,STP
STP_1968,São Tomé and Príncipe,1968,,STP
STP_1969,São Tomé and Príncipe,1969,,STP
STP_1970,São Tomé and Príncipe,1970,,STP
STP_1971,São Tomé and Príncipe,1971,,STP
STP_1972,São Tomé and Príncipe,1972,,STP
STP_1973,São Tomé and Príncipe,1973,,STP
STP_1974,São Tomé and Príncipe,1974,,STP
STP_1975,São Tomé and Príncipe,1975,0.0,STP
STP_1976,São Tomé and Príncipe,1976,0.0,STP
STP_1977,São Tomé and Príncipe,1977,0.0,STP
STP_1978,São Tomé and Príncipe,1978,0.0,STP
STP_1979,São Tomé and Príncipe,1979,0.0,STP
STP_1980,São Tomé and Príncipe,1980,0.0,STP
STP_1981,São Tomé and Príncipe,1981,0.0,STP
STP_1982,São Tomé and Príncipe,1982,0.0,STP
STP_1983,São Tomé and Príncipe,1983,0.02,STP
STP_1984,São Tomé and Príncipe,1984,0.46,STP
STP_1985,São Tomé and Príncipe,1985,2.99,STP
STP_1986,São Tomé and Príncipe,1986,6.71,STP
STP_1987,São Tomé and Príncipe,1987,15.96,STP
STP_1988,São Tomé and Príncipe,1988,21.74,STP
STP_1989,São Tomé and Príncipe,1989,28.29,STP
STP_1990,São Tomé and Príncipe,1990,37.04,STP
STP_1991,São Tomé and Príncipe,1991,44.6,STP
STP_1992,São Tomé and Príncipe,1992,52.91,STP
STP_1993,São Tomé and Príncipe,1993,59.72,STP
STP_1994,São Tomé and Príncipe,1994,65.33,STP
STP_1995,São Tomé and Príncipe,1995,71.51,STP
STP_1996,São Tomé and Príncipe,1996,28.79,STP
STP_1997,São Tomé and Príncipe,1997,32.74,STP
STP_1998,São Tomé and Príncipe,1998,38.68,STP
STP_1999,São Tomé and Príncipe,1999,100.82,STP
STP_2000,São Tomé and Príncipe,2000,83.85,STP
STP_2001,São Tomé and Príncipe,2001,61.97,STP
STP_2002,São Tomé and Príncipe,2002,62.47,STP
STP_2003,São Tomé and Príncipe,2003,67.21,STP
STP_2004,São Tomé and Príncipe,2004,72.42,STP
STP_2005,São Tomé and Príncipe,2005,74.09,STP
STP_2006,São Tomé and Príncipe,2006,89.13,STP
STP_2007,São Tomé and Príncipe,2007,275.99,STP
STP_2008,São Tomé and Príncipe,2008,116.33,STP
STP_2009,São Tomé and Príncipe,2009,71.26,STP
STP_2010,São Tomé and Príncipe,2010,73.64,STP
STP_2011,São Tomé and Príncipe,2011,75.46,STP
STP_2012,São Tomé and Príncipe,2012,68.22,STP
STP_2013,São Tomé and Príncipe,2013,69.25,STP
STP_2014,São Tomé and Príncipe,2014,71.28,STP
STP_2015,São Tomé and Príncipe,2015,70.99,STP
STP_2016,São Tomé and Príncipe,2016,73.97,STP
STP_2017,São Tomé and Príncipe,2017,75.49,STP
STP_2018,São Tomé and Príncipe,2018,74.97,STP
STP_2019,São Tomé and Príncipe,2019,73.77,STP
STP_2020,São Tomé and Príncipe,2020,89.18,STP
STP_2021,São Tomé and Príncipe,2021,84.84,STP
STP_2022,São Tomé and Príncipe,2022,113.23,STP
STP_2023,São Tomé and Príncipe,2023,121.0,STP
STP_2024,São Tomé and Príncipe,2024,111.0,STP
SEN_1960,Senegal,1960,0.0,SEN
SEN_1961,Senegal,1961,0.0,SEN
SEN_1962,Senegal,1962,0.0,SEN
SEN_1963,Senegal,1963,0.0,SEN
SEN_1964,Senegal,1964,0.0,SEN
SEN_1965,Senegal,1965,0.0,SEN
SEN_1966,Senegal,1966,0.0,SEN
SEN_1967,Senegal,1967,0.0,SEN
SEN_1968,Senegal,1968,0.0,SEN
SEN_1969,Senegal,1969,0.0,SEN
SEN_1970,Senegal,1970,0.0,SEN
SEN_1971,Senegal,1971,0.24,SEN
SEN_1972,Senegal,1972,0.0,SEN
SEN_1973,Senegal,1973,0.21,SEN
SEN_1974,Senegal,1974,0.12,SEN
SEN_1975,Senegal,1975,0.05,SEN
SEN_1976,Senegal,1976,0.0,SEN
SEN_1977,Senegal,1977,0.0,SEN
SEN_1978,Senegal,1978,0.0,SEN
SEN_1979,Senegal,1979,0.0,SEN
SEN_1980,Senegal,1980,0.0,SEN
SEN_1981,Senegal,1981,102.15,SEN
SEN_1982,Senegal,1982,152.16,SEN
SEN_1983,Senegal,1983,148.39,SEN
SEN_1984,Senegal,1984,106.37,SEN
SEN_1985,Senegal,1985,145.33,SEN
SEN_1986,Senegal,1986,94.03,SEN
SEN_1987,Senegal,1987,80.03,SEN
SEN_1988,Senegal,1988,5.03,SEN
SEN_1989,Senegal,1989,1060.06,SEN
SEN_1990,Senegal,1990,161.8,SEN
SEN_1991,Senegal,1991,263.42,SEN
SEN_1992,Senegal,1992,207.95,SEN
SEN_1993,Senegal,1993,363.66,SEN
SEN_1994,Senegal,1994,677.0,SEN
SEN_1995,Senegal,1995,331.12,SEN
SEN_1996,Senegal,1996,240.99,SEN
SEN_1997,Senegal,1997,11.09,SEN
SEN_1998,Senegal,1998,427.0,SEN
SEN_1999,Senegal,1999,9.05,SEN
SEN_2000,Senegal,2000,32.67,SEN
SEN_2001,Senegal,2001,40.23,SEN
SEN_2002,Senegal,2002,44.84,SEN
SEN_2003,Senegal,2003,41.82,SEN
SEN_2004,Senegal,2004,463.0,SEN
SEN_2005,Senegal,2005,56.09,SEN
SEN_2006,Senegal,2006,2506.41,SEN
SEN_2007,Senegal,2007,161.6,SEN
SEN_2008,Senegal,2008,7.53,SEN
SEN_2009,Senegal,2009,4.57,SEN
SEN_2010,Senegal,2010,26.83,SEN
SEN_2011,Senegal,2011,214.76,SEN
SEN_2012,Senegal,2012,0.0,SEN
SEN_2013,Senegal,2013,0.31,SEN
SEN_2014,Senegal,2014,0.0,SEN
SEN_2015,Senegal,2015,1.12,SEN
SEN_2016,Senegal,2016,0.0,SEN
SEN_2017,Senegal,2017,0.0,SEN
SEN_2018,Senegal,2018,0.0,SEN
SEN_2019,Senegal,2019,0.0,SEN
SEN_2020,Senegal,2020,45.59,SEN
SEN_2021,Senegal,2021,68.9,SEN
SEN_2022,Senegal,2022,0.0,SEN
SEN_2023,Senegal,2023,0.0,SEN
SEN_2024,Senegal,2024,0.0,SEN
SRB_1960,Serbia,1960,,SRB
SRB_1961,Serbia,1961,,SRB
SRB_1962,Serbia,1962,,SRB
SRB_1963,Serbia,1963,,SRB
SRB_1964,Serbia,1964,,SRB
SRB_1965,Serbia,1965,,SRB
SRB_1966,Serbia,1966,,SRB
SRB_1967,Serbia,1967,,SRB
SRB_1968,Serbia,1968,,SRB
SRB_1969,Serbia,1969,,SRB
SRB_1970,Serbia,1970,,SRB
SRB_1971,Serbia,1971,,SRB
SRB_1972,Serbia,1972,,SRB
SRB_1973,Serbia,1973,,SRB
SRB_1974,Serbia,1974,,SRB
SRB_1975,Serbia,1975,,SRB
SRB_1976,Serbia,1976,,SRB
SRB_1977,Serbia,1977,,SRB
SRB_1978,Serbia,1978,,SRB
SRB_1979,Serbia,1979,,SRB
SRB_1980,Serbia,1980,,SRB
SRB_1981,Serbia,1981,,SRB
SRB_1982,Serbia,1982,,SRB
SRB_1983,Serbia,1983,,SRB
SRB_1984,Serbia,1984,,SRB
SRB_1985,Serbia,1985,,SRB
SRB_1986,Serbia,1986,,SRB
SRB_1987,Serbia,1987,,SRB
SRB_1988,Serbia,1988,,SRB
SRB_1989,Serbia,1989,,SRB
SRB_1990,Serbia,1990,,SRB
SRB_1991,Serbia,1991,,SRB
SRB_1992,Serbia,1992,6996.48,SRB
SRB_1993,Serbia,1993,3982.29,SRB
SRB_1994,Serbia,1994,6438.49,SRB
SRB_1995,Serbia,1995,7408.84,SRB
SRB_1996,Serbia,1996,6917.88,SRB
SRB_1997,Serbia,1997,7231.49,SRB
SRB_1998,Serbia,1998,9178.74,SRB
SRB_1999,Serbia,1999,9811.98,SRB
SRB_2000,Serbia,2000,11058.1,SRB
SRB_2001,Serbia,2001,16761.32,SRB
SRB_2002,Serbia,2002,10373.82,SRB
SRB_2003,Serbia,2003,4166.58,SRB
SRB_2004,Serbia,2004,3228.65,SRB
SRB_2005,Serbia,2005,1629.65,SRB
SRB_2006,Serbia,2006,1924.79,SRB
SRB_2007,Serbia,2007,3118.12,SRB
SRB_2008,Serbia,2008,198.72,SRB
SRB_2009,Serbia,2009,1013.76,SRB
SRB_2010,Serbia,2010,0.0,SRB
SRB_2011,Serbia,2011,0.0,SRB
SRB_2012,Serbia,2012,0.0,SRB
SRB_2013,Serbia,2013,0.0,SRB
SRB_2014,Serbia,2014,0.0,SRB
SRB_2015,Serbia,2015,0.0,SRB
SRB_2016,Serbia,2016,0.0,SRB
SRB_2017,Serbia,2017,0.0,SRB
SRB_2018,Serbia,2018,0.0,SRB
SRB_2019,Serbia,2019,0.0,SRB
SRB_2020,Serbia,2020,0.0,SRB
SRB_2021,Serbia,2021,0.0,SRB
SRB_2022,Serbia,2022,0.0,SRB
SRB_2023,Serbia,2023,0.0,SRB
SRB_2024,Serbia,2024,0.0,SRB
SYC_1960,Seychelles,1960,,SYC
SYC_1961,Seychelles,1961,,SYC
SYC_1962,Seychelles,1962,,SYC
SYC_1963,Seychelles,1963,,SYC
SYC_1964,Seychelles,1964,,SYC
SYC_1965,Seychelles,1965,,SYC
SYC_1966,Seychelles,1966,,SYC
SYC_1967,Seychelles,1967,,SYC
SYC_1968,Seychelles,1968,,SYC
SYC_1969,Seychelles,1969,,SYC
SYC_1970,Seychelles,1970,,SYC
SYC_1971,Seychelles,1971,,SYC
SYC_1972,Seychelles,1972,,SYC
SYC_1973,Seychelles,1973,,SYC
SYC_1974,Seychelles,1974,,SYC
SYC_1975,Seychelles,1975,,SYC
SYC_1976,Seychelles,1976,0.0,SYC
SYC_1977,Seychelles,1977,0.0,SYC
SYC_1978,Seychelles,1978,0.0,SYC
SYC_1979,Seychelles,1979,0.0,SYC
SYC_1980,Seychelles,1980,0.0,SYC
SYC_1981,Seychelles,1981,0.0,SYC
SYC_1982,Seychelles,1982,0.0,SYC
SYC_1983,Seychelles,1983,0.0,SYC
SYC_1984,Seychelles,1984,0.8,SYC
SYC_1985,Seychelles,1985,0.0,SYC
SYC_1986,Seychelles,1986,2.6,SYC
SYC_1987,Seychelles,1987,5.4,SYC
SYC_1988,Seychelles,1988,7.7,SYC
SYC_1989,Seychelles,1989,7.1,SYC
SYC_1990,Seychelles,1990,10.5,SYC
SYC_1991,Seychelles,1991,16.1,SYC
SYC_1992,Seychelles,1992,16.6,SYC
SYC_1993,Seychelles,1993,16.7,SYC
SYC_1994,Seychelles,1994,20.6,SYC
SYC_1995,Seychelles,1995,22.3,SYC
SYC_1996,Seychelles,1996,24.5,SYC
SYC_1997,Seychelles,1997,29.0,SYC
SYC_1998,Seychelles,1998,26.7,SYC
SYC_1999,Seychelles,1999,24.5,SYC
SYC_2000,Seychelles,2000,61.94,SYC
SYC_2001,Seychelles,2001,113.34,SYC
SYC_2002,Seychelles,2002,132.4,SYC
SYC_2003,Seychelles,2003,131.34,SYC
SYC_2004,Seychelles,2004,144.9,SYC
SYC_2005,Seychelles,2005,172.6,SYC
SYC_2006,Seychelles,2006,155.24,SYC
SYC_2007,Seychelles,2007,172.3,SYC
SYC_2008,Seychelles,2008,217.6,SYC
SYC_2009,Seychelles,2009,483.0,SYC
SYC_2010,Seychelles,2010,463.8,SYC
SYC_2011,Seychelles,2011,76.4,SYC
SYC_2012,Seychelles,2012,37.7,SYC
SYC_2013,Seychelles,2013,35.2,SYC
SYC_2014,Seychelles,2014,0.0,SYC
SYC_2015,Seychelles,2015,30.0,SYC
SYC_2016,Seychelles,2016,0.0,SYC
SYC_2017,Seychelles,2017,0.0,SYC
SYC_2018,Seychelles,2018,6.0,SYC
SYC_2019,Seychelles,2019,0.0,SYC
SYC_2020,Seychelles,2020,0.0,SYC
SYC_2021,Seychelles,2021,0.0,SYC
SYC_2022,Seychelles,2022,0.0,SYC
SYC_2023,Seychelles,2023,0.0,SYC
SYC_2024,Seychelles,2024,0.0,SYC
SLE_1960,Sierra Leone,1960,,SLE
SLE_1961,Sierra Leone,1961,0.0,SLE
SLE_1962,Sierra Leone,1962,0.0,SLE
SLE_1963,Sierra Leone,1963,0.0,SLE
SLE_1964,Sierra Leone,1964,0.0,SLE
SLE_1965,Sierra Leone,1965,0.0,SLE
SLE_1966,Sierra Leone,1966,0.0,SLE
SLE_1967,Sierra Leone,1967,0.0,SLE
SLE_1968,Sierra Leone,1968,0.0,SLE
SLE_1969,Sierra Leone,1969,0.0,SLE
SLE_1970,Sierra Leone,1970,0.03,SLE
SLE_1971,Sierra Leone,1971,0.08,SLE
SLE_1972,Sierra Leone,1972,0.09,SLE
SLE_1973,Sierra Leone,1973,0.09,SLE
SLE_1974,Sierra Leone,1974,0.82,SLE
SLE_1975,Sierra Leone,1975,5.35,SLE
SLE_1976,Sierra Leone,1976,18.69,SLE
SLE_1977,Sierra Leone,1977,65.52,SLE
SLE_1978,Sierra Leone,1978,25.92,SLE
SLE_1979,Sierra Leone,1979,40.32,SLE
SLE_1980,Sierra Leone,1980,60.9,SLE
SLE_1981,Sierra Leone,1981,129.44,SLE
SLE_1982,Sierra Leone,1982,174.21,SLE
SLE_1983,Sierra Leone,1983,55.7,SLE
SLE_1984,Sierra Leone,1984,59.0,SLE
SLE_1985,Sierra Leone,1985,220.48,SLE
SLE_1986,Sierra Leone,1986,269.13,SLE
SLE_1987,Sierra Leone,1987,350.72,SLE
SLE_1988,Sierra Leone,1988,468.03,SLE
SLE_1989,Sierra Leone,1989,771.54,SLE
SLE_1990,Sierra Leone,1990,886.14,SLE
SLE_1991,Sierra Leone,1991,977.0,SLE
SLE_1992,Sierra Leone,1992,1004.94,SLE
SLE_1993,Sierra Leone,1993,446.73,SLE
SLE_1994,Sierra Leone,1994,715.7,SLE
SLE_1995,Sierra Leone,1995,609.93,SLE
SLE_1996,Sierra Leone,1996,144.86,SLE
SLE_1997,Sierra Leone,1997,178.16,SLE
SLE_1998,Sierra Leone,1998,144.08,SLE
SLE_1999,Sierra Leone,1999,165.97,SLE
SLE_2000,Sierra Leone,2000,107.22,SLE
SLE_2001,Sierra Leone,2001,208.43,SLE
SLE_2002,Sierra Leone,2002,89.01,SLE
SLE_2003,Sierra Leone,2003,109.48,SLE
SLE_2004,Sierra Leone,2004,100.79,SLE
SLE_2005,Sierra Leone,2005,294.07,SLE
SLE_2006,Sierra Leone,2006,519.82,SLE
SLE_2007,Sierra Leone,2007,1176.07,SLE
SLE_2008,Sierra Leone,2008,219.53,SLE
SLE_2009,Sierra Leone,2009,232.78,SLE
SLE_2010,Sierra Leone,2010,222.8,SLE
SLE_2011,Sierra Leone,2011,219.73,SLE
SLE_2012,Sierra Leone,2012,220.69,SLE
SLE_2013,Sierra Leone,2013,205.52,SLE
SLE_2014,Sierra Leone,2014,205.98,SLE
SLE_2015,Sierra Leone,2015,202.24,SLE
SLE_2016,Sierra Leone,2016,202.44,SLE
SLE_2017,Sierra Leone,2017,202.78,SLE
SLE_2018,Sierra Leone,2018,203.02,SLE
SLE_2019,Sierra Leone,2019,196.95,SLE
SLE_2020,Sierra Leone,2020,195.25,SLE
SLE_2021,Sierra Leone,2021,203.11,SLE
SLE_2022,Sierra Leone,2022,202.93,SLE
SLE_2023,Sierra Leone,2023,213.0,SLE
SLE_2024,Sierra Leone,2024,231.1,SLE
SXM_1960,Sint Maarten,1960,,SXM
SXM_1961,Sint Maarten,1961,,SXM
SXM_1962,Sint Maarten,1962,,SXM
SXM_1963,Sint Maarten,1963,,SXM
SXM_1964,Sint Maarten,1964,,SXM
SXM_1965,Sint Maarten,1965,,SXM
SXM_1966,Sint Maarten,1966,,SXM
SXM_1967,Sint Maarten,1967,,SXM
SXM_1968,Sint Maarten,1968,,SXM
SXM_1969,Sint Maarten,1969,,SXM
SXM_1970,Sint Maarten,1970,,SXM
SXM_1971,Sint Maarten,1971,,SXM
SXM_1972,Sint Maarten,1972,,SXM
SXM_1973,Sint Maarten,1973,,SXM
SXM_1974,Sint Maarten,1974,,SXM
SXM_1975,Sint Maarten,1975,,SXM
SXM_1976,Sint Maarten,1976,,SXM
SXM_1977,Sint Maarten,1977,,SXM
SXM_1978,Sint Maarten,1978,,SXM
SXM_1979,Sint Maarten,1979,,SXM
SXM_1980,Sint Maarten,1980,,SXM
SXM_1981,Sint Maarten,1981,,SXM
SXM_1982,Sint Maarten,1982,,SXM
SXM_1983,Sint Maarten,1983,,SXM
SXM_1984,Sint Maarten,1984,,SXM
SXM_1985,Sint Maarten,1985,,SXM
SXM_1986,Sint Maarten,1986,,SXM
SXM_1987,Sint Maarten,1987,,SXM
SXM_1988,Sint Maarten,1988,,SXM
SXM_1989,Sint Maarten,1989,,SXM
SXM_1990,Sint Maarten,1990,,SXM
SXM_1991,Sint Maarten,1991,,SXM
SXM_1992,Sint Maarten,1992,,SXM
SXM_1993,Sint Maarten,1993,0.0,SXM
SXM_1994,Sint Maarten,1994,0.0,SXM
SXM_1995,Sint Maarten,1995,0.0,SXM
SXM_1996,Sint Maarten,1996,0.0,SXM
SXM_1997,Sint Maarten,1997,0.0,SXM
SXM_1998,Sint Maarten,1998,0.0,SXM
SXM_1999,Sint Maarten,1999,0.0,SXM
SXM_2000,Sint Maarten,2000,0.0,SXM
SXM_2001,Sint Maarten,2001,0.0,SXM
SXM_2002,Sint Maarten,2002,0.0,SXM
SXM_2003,Sint Maarten,2003,0.0,SXM
SXM_2004,Sint Maarten,2004,0.0,SXM
SXM_2005,Sint Maarten,2005,0.0,SXM
SXM_2006,Sint Maarten,2006,0.0,SXM
SXM_2007,Sint Maarten,2007,0.0,SXM
SXM_2008,Sint Maarten,2008,0.0,SXM
SXM_2009,Sint Maarten,2009,0.0,SXM
SXM_2010,Sint Maarten,2010,413.41,SXM
SXM_2011,Sint Maarten,2011,0.0,SXM
SXM_2012,Sint Maarten,2012,0.0,SXM
SXM_2013,Sint Maarten,2013,0.0,SXM
SXM_2014,Sint Maarten,2014,0.0,SXM
SXM_2015,Sint Maarten,2015,0.0,SXM
SXM_2016,Sint Maarten,2016,0.0,SXM
SXM_2017,Sint Maarten,2017,0.0,SXM
SXM_2018,Sint Maarten,2018,0.0,SXM
SXM_2019,Sint Maarten,2019,0.0,SXM
SXM_2020,Sint Maarten,2020,0.0,SXM
SXM_2021,Sint Maarten,2021,0.0,SXM
SXM_2022,Sint Maarten,2022,0.0,SXM
SXM_2023,Sint Maarten,2023,0.0,SXM
SXM_2024,Sint Maarten,2024,0.0,SXM
SVK_1960,Slovak Republic,1960,,SVK
SVK_1961,Slovak Republic,1961,,SVK
SVK_1962,Slovak Republic,1962,,SVK
SVK_1963,Slovak Republic,1963,,SVK
SVK_1964,Slovak Republic,1964,,SVK
SVK_1965,Slovak Republic,1965,,SVK
SVK_1966,Slovak Republic,1966,,SVK
SVK_1967,Slovak Republic,1967,,SVK
SVK_1968,Slovak Republic,1968,,SVK
SVK_1969,Slovak Republic,1969,,SVK
SVK_1970,Slovak Republic,1970,,SVK
SVK_1971,Slovak Republic,1971,,SVK
SVK_1972,Slovak Republic,1972,,SVK
SVK_1973,Slovak Republic,1973,,SVK
SVK_1974,Slovak Republic,1974,,SVK
SVK_1975,Slovak Republic,1975,,SVK
SVK_1976,Slovak Republic,1976,,SVK
SVK_1977,Slovak Republic,1977,,SVK
SVK_1978,Slovak Republic,1978,,SVK
SVK_1979,Slovak Republic,1979,,SVK
SVK_1980,Slovak Republic,1980,,SVK
SVK_1981,Slovak Republic,1981,,SVK
SVK_1982,Slovak Republic,1982,,SVK
SVK_1983,Slovak Republic,1983,,SVK
SVK_1984,Slovak Republic,1984,,SVK
SVK_1985,Slovak Republic,1985,,SVK
SVK_1986,Slovak Republic,1986,,SVK
SVK_1987,Slovak Republic,1987,,SVK
SVK_1988,Slovak Republic,1988,,SVK
SVK_1989,Slovak Republic,1989,,SVK
SVK_1990,Slovak Republic,1990,,SVK
SVK_1991,Slovak Republic,1991,,SVK
SVK_1992,Slovak Republic,1992,,SVK
SVK_1993,Slovak Republic,1993,,SVK
SVK_1994,Slovak Republic,1994,,SVK
SVK_1995,Slovak Republic,1995,,SVK
SVK_1996,Slovak Republic,1996,,SVK
SVK_1997,Slovak Republic,1997,,SVK
SVK_1998,Slovak Republic,1998,,SVK
SVK_1999,Slovak Republic,1999,,SVK
SVK_2000,Slovak Republic,2000,,SVK
SVK_2001,Slovak Republic,2001,,SVK
SVK_2002,Slovak Republic,2002,,SVK
SVK_2003,Slovak Republic,2003,,SVK
SVK_2004,Slovak Republic,2004,,SVK
SVK_2005,Slovak Republic,2005,,SVK
SVK_2006,Slovak Republic,2006,,SVK
SVK_2007,Slovak Republic,2007,,SVK
SVK_2008,Slovak Republic,2008,,SVK
SVK_2009,Slovak Republic,2009,,SVK
SVK_2010,Slovak Republic,2010,,SVK
SVK_2011,Slovak Republic,2011,,SVK
SVK_2012,Slovak Republic,2012,,SVK
SVK_2013,Slovak Republic,2013,,SVK
SVK_2014,Slovak Republic,2014,,SVK
SVK_2015,Slovak Republic,2015,,SVK
SVK_2016,Slovak Republic,2016,,SVK
SVK_2017,Slovak Republic,2017,,SVK
SVK_2018,Slovak Republic,2018,,SVK
SVK_2019,Slovak Republic,2019,,SVK
SVK_2020,Slovak Republic,2020,,SVK
SVK_2021,Slovak Republic,2021,,SVK
SVK_2022,Slovak Republic,2022,,SVK
SVK_2023,Slovak Republic,2023,,SVK
SVK_2024,Slovak Republic,2024,,SVK
SVN_1960,Slovenia,1960,,SVN
SVN_1961,Slovenia,1961,,SVN
SVN_1962,Slovenia,1962,,SVN
SVN_1963,Slovenia,1963,,SVN
SVN_1964,Slovenia,1964,,SVN
SVN_1965,Slovenia,1965,,SVN
SVN_1966,Slovenia,1966,,SVN
SVN_1967,Slovenia,1967,,SVN
SVN_1968,Slovenia,1968,,SVN
SVN_1969,Slovenia,1969,,SVN
SVN_1970,Slovenia,1970,,SVN
SVN_1971,Slovenia,1971,,SVN
SVN_1972,Slovenia,1972,,SVN
SVN_1973,Slovenia,1973,,SVN
SVN_1974,Slovenia,1974,,SVN
SVN_1975,Slovenia,1975,,SVN
SVN_1976,Slovenia,1976,,SVN
SVN_1977,Slovenia,1977,,SVN
SVN_1978,Slovenia,1978,,SVN
SVN_1979,Slovenia,1979,,SVN
SVN_1980,Slovenia,1980,,SVN
SVN_1981,Slovenia,1981,,SVN
SVN_1982,Slovenia,1982,,SVN
SVN_1983,Slovenia,1983,,SVN
SVN_1984,Slovenia,1984,,SVN
SVN_1985,Slovenia,1985,,SVN
SVN_1986,Slovenia,1986,,SVN
SVN_1987,Slovenia,1987,,SVN
SVN_1988,Slovenia,1988,,SVN
SVN_1989,Slovenia,1989,,SVN
SVN_1990,Slovenia,1990,,SVN
SVN_1991,Slovenia,1991,,SVN
SVN_1992,Slovenia,1992,928.54,SVN
SVN_1993,Slovenia,1993,677.28,SVN
SVN_1994,Slovenia,1994,714.43,SVN
SVN_1995,Slovenia,1995,764.09,SVN
SVN_1996,Slovenia,1996,1681.0,SVN
SVN_1997,Slovenia,1997,0.0,SVN
SVN_1998,Slovenia,1998,0.0,SVN
SVN_1999,Slovenia,1999,0.0,SVN
SVN_2000,Slovenia,2000,0.0,SVN
SVN_2001,Slovenia,2001,0.0,SVN
SVN_2002,Slovenia,2002,633.0,SVN
SVN_2003,Slovenia,2003,0.0,SVN
SVN_2004,Slovenia,2004,0.0,SVN
SVN_2005,Slovenia,2005,0.0,SVN
SVN_2006,Slovenia,2006,0.0,SVN
SVN_2007,Slovenia,2007,0.0,SVN
SVN_2008,Slovenia,2008,0.0,SVN
SVN_2009,Slovenia,2009,0.0,SVN
SVN_2010,Slovenia,2010,0.0,SVN
SVN_2011,Slovenia,2011,0.0,SVN
SVN_2012,Slovenia,2012,0.0,SVN
SVN_2013,Slovenia,2013,0.0,SVN
SVN_2014,Slovenia,2014,0.0,SVN
SVN_2015,Slovenia,2015,0.0,SVN
SVN_2016,Slovenia,2016,0.0,SVN
SVN_2017,Slovenia,2017,0.0,SVN
SVN_2018,Slovenia,2018,0.0,SVN
SVN_2019,Slovenia,2019,0.0,SVN
SVN_2020,Slovenia,2020,0.0,SVN
SVN_2021,Slovenia,2021,0.0,SVN
SVN_2022,Slovenia,2022,0.0,SVN
SVN_2023,Slovenia,2023,0.0,SVN
SVN_2024,Slovenia,2024,0.0,SVN
SLB_1960,Solomon Islands,1960,,SLB
SLB_1961,Solomon Islands,1961,,SLB
SLB_1962,Solomon Islands,1962,,SLB
SLB_1963,Solomon Islands,1963,,SLB
SLB_1964,Solomon Islands,1964,,SLB
SLB_1965,Solomon Islands,1965,,SLB
SLB_1966,Solomon Islands,1966,,SLB
SLB_1967,Solomon Islands,1967,,SLB
SLB_1968,Solomon Islands,1968,,SLB
SLB_1969,Solomon Islands,1969,,SLB
SLB_1970,Solomon Islands,1970,,SLB
SLB_1971,Solomon Islands,1971,,SLB
SLB_1972,Solomon Islands,1972,,SLB
SLB_1973,Solomon Islands,1973,,SLB
SLB_1974,Solomon Islands,1974,,SLB
SLB_1975,Solomon Islands,1975,,SLB
SLB_1976,Solomon Islands,1976,,SLB
SLB_1977,Solomon Islands,1977,,SLB
SLB_1978,Solomon Islands,1978,0.0,SLB
SLB_1979,Solomon Islands,1979,0.0,SLB
SLB_1980,Solomon Islands,1980,0.0,SLB
SLB_1981,Solomon Islands,1981,0.0,SLB
SLB_1982,Solomon Islands,1982,0.0,SLB
SLB_1983,Solomon Islands,1983,0.0,SLB
SLB_1984,Solomon Islands,1984,0.0,SLB
SLB_1985,Solomon Islands,1985,0.0,SLB
SLB_1986,Solomon Islands,1986,0.0,SLB
SLB_1987,Solomon Islands,1987,0.0,SLB
SLB_1988,Solomon Islands,1988,0.0,SLB
SLB_1989,Solomon Islands,1989,0.0,SLB
SLB_1990,Solomon Islands,1990,0.31,SLB
SLB_1991,Solomon Islands,1991,0.24,SLB
SLB_1992,Solomon Islands,1992,9.81,SLB
SLB_1993,Solomon Islands,1993,0.0,SLB
SLB_1994,Solomon Islands,1994,1.18,SLB
SLB_1995,Solomon Islands,1995,76.09,SLB
SLB_1996,Solomon Islands,1996,71.01,SLB
SLB_1997,Solomon Islands,1997,81.09,SLB
SLB_1998,Solomon Islands,1998,74.86,SLB
SLB_1999,Solomon Islands,1999,71.08,SLB
SLB_2000,Solomon Islands,2000,78.87,SLB
SLB_2001,Solomon Islands,2001,86.22,SLB
SLB_2002,Solomon Islands,2002,98.93,SLB
SLB_2003,Solomon Islands,2003,113.77,SLB
SLB_2004,Solomon Islands,2004,88.9,SLB
SLB_2005,Solomon Islands,2005,93.35,SLB
SLB_2006,Solomon Islands,2006,95.23,SLB
SLB_2007,Solomon Islands,2007,21.18,SLB
SLB_2008,Solomon Islands,2008,12.41,SLB
SLB_2009,Solomon Islands,2009,10.46,SLB
SLB_2010,Solomon Islands,2010,13.11,SLB
SLB_2011,Solomon Islands,2011,25.3,SLB
SLB_2012,Solomon Islands,2012,0.0,SLB
SLB_2013,Solomon Islands,2013,0.0,SLB
SLB_2014,Solomon Islands,2014,0.0,SLB
SLB_2015,Solomon Islands,2015,0.0,SLB
SLB_2016,Solomon Islands,2016,0.0,SLB
SLB_2017,Solomon Islands,2017,0.0,SLB
SLB_2018,Solomon Islands,2018,0.0,SLB
SLB_2019,Solomon Islands,2019,0.0,SLB
SLB_2020,Solomon Islands,2020,0.0,SLB
SLB_2021,Solomon Islands,2021,0.0,SLB
SLB_2022,Solomon Islands,2022,0.0,SLB
SLB_2023,Solomon Islands,2023,0.0,SLB
SLB_2024,Solomon Islands,2024,0.0,SLB
SOM_1960,Somalia,1960,0.0,SOM
SOM_1961,Somalia,1961,0.0,SOM
SOM_1962,Somalia,1962,0.0,SOM
SOM_1963,Somalia,1963,0.0,SOM
SOM_1964,Somalia,1964,0.0,SOM
SOM_1965,Somalia,1965,0.0,SOM
SOM_1966,Somalia,1966,0.0,SOM
SOM_1967,Somalia,1967,0.0,SOM
SOM_1968,Somalia,1968,0.0,SOM
SOM_1969,Somalia,1969,0.0,SOM
SOM_1970,Somalia,1970,0.0,SOM
SOM_1971,Somalia,1971,0.0,SOM
SOM_1972,Somalia,1972,0.0,SOM
SOM_1973,Somalia,1973,0.0,SOM
SOM_1974,Somalia,1974,0.56,SOM
SOM_1975,Somalia,1975,1.5,SOM
SOM_1976,Somalia,1976,3.59,SOM
SOM_1977,Somalia,1977,7.47,SOM
SOM_1978,Somalia,1978,11.36,SOM
SOM_1979,Somalia,1979,17.92,SOM
SOM_1980,Somalia,1980,20.18,SOM
SOM_1981,Somalia,1981,49.69,SOM
SOM_1982,Somalia,1982,88.15,SOM
SOM_1983,Somalia,1983,157.93,SOM
SOM_1984,Somalia,1984,257.1,SOM
SOM_1985,Somalia,1985,343.85,SOM
SOM_1986,Somalia,1986,381.09,SOM
SOM_1987,Somalia,1987,436.42,SOM
SOM_1988,Somalia,1988,576.03,SOM
SOM_1989,Somalia,1989,577.08,SOM
SOM_1990,Somalia,1990,1142.35,SOM
SOM_1991,Somalia,1991,1330.11,SOM
SOM_1992,Somalia,1992,1453.82,SOM
SOM_1993,Somalia,1993,1613.13,SOM
SOM_1994,Somalia,1994,1820.65,SOM
SOM_1995,Somalia,1995,1977.77,SOM
SOM_1996,Somalia,1996,2037.39,SOM
SOM_1997,Somalia,1997,2052.41,SOM
SOM_1998,Somalia,1998,2172.72,SOM
SOM_1999,Somalia,1999,2199.75,SOM
SOM_2000,Somalia,2000,4366.2,SOM
SOM_2001,Somalia,2001,4369.22,SOM
SOM_2002,Somalia,2002,4419.43,SOM
SOM_2003,Somalia,2003,4476.35,SOM
SOM_2004,Somalia,2004,4517.59,SOM
SOM_2005,Somalia,2005,4492.77,SOM
SOM_2006,Somalia,2006,2840.67,SOM
SOM_2007,Somalia,2007,2965.73,SOM
SOM_2008,Somalia,2008,3059.79,SOM
SOM_2009,Somalia,2009,3137.59,SOM
SOM_2010,Somalia,2010,3164.17,SOM
SOM_2011,Somalia,2011,3210.68,SOM
SOM_2012,Somalia,2012,3251.06,SOM
SOM_2013,Somalia,2013,3291.67,SOM
SOM_2014,Somalia,2014,3340.54,SOM
SOM_2015,Somalia,2015,3285.72,SOM
SOM_2016,Somalia,2016,3336.99,SOM
SOM_2017,Somalia,2017,3544.76,SOM
SOM_2018,Somalia,2018,4668.2,SOM
SOM_2019,Somalia,2019,6147.34,SOM
SOM_2020,Somalia,2020,5258.0,SOM
SOM_2021,Somalia,2021,2826.0,SOM
SOM_2022,Somalia,2022,2043.0,SOM
SOM_2023,Somalia,2023,1887.0,SOM
SOM_2024,Somalia,2024,0.0,SOM
ZAF_1960,South Africa,1960,0.0,ZAF
ZAF_1961,South Africa,1961,0.0,ZAF
ZAF_1962,South Africa,1962,0.0,ZAF
ZAF_1963,South Africa,1963,0.0,ZAF
ZAF_1964,South Africa,1964,0.0,ZAF
ZAF_1965,South Africa,1965,0.0,ZAF
ZAF_1966,South Africa,1966,0.0,ZAF
ZAF_1967,South Africa,1967,0.0,ZAF
ZAF_1968,South Africa,1968,0.0,ZAF
ZAF_1969,South Africa,1969,0.0,ZAF
ZAF_1970,South Africa,1970,0.0,ZAF
ZAF_1971,South Africa,1971,0.0,ZAF
ZAF_1972,South Africa,1972,0.0,ZAF
ZAF_1973,South Africa,1973,0.0,ZAF
ZAF_1974,South Africa,1974,0.0,ZAF
ZAF_1975,South Africa,1975,0.0,ZAF
ZAF_1976,South Africa,1976,0.0,ZAF
ZAF_1977,South Africa,1977,0.0,ZAF
ZAF_1978,South Africa,1978,0.0,ZAF
ZAF_1979,South Africa,1979,0.0,ZAF
ZAF_1980,South Africa,1980,0.0,ZAF
ZAF_1981,South Africa,1981,0.0,ZAF
ZAF_1982,South Africa,1982,0.0,ZAF
ZAF_1983,South Africa,1983,0.0,ZAF
ZAF_1984,South Africa,1984,0.0,ZAF
ZAF_1985,South Africa,1985,13628.0,ZAF
ZAF_1986,South Africa,1986,16900.0,ZAF
ZAF_1987,South Africa,1987,16900.0,ZAF
ZAF_1988,South Africa,1988,0.0,ZAF
ZAF_1989,South Africa,1989,7500.0,ZAF
ZAF_1990,South Africa,1990,0.0,ZAF
ZAF_1991,South Africa,1991,0.0,ZAF
ZAF_1992,South Africa,1992,0.0,ZAF
ZAF_1993,South Africa,1993,5000.0,ZAF
ZAF_1994,South Africa,1994,0.0,ZAF
ZAF_1995,South Africa,1995,0.0,ZAF
ZAF_1996,South Africa,1996,0.0,ZAF
ZAF_1997,South Africa,1997,0.0,ZAF
ZAF_1998,South Africa,1998,0.0,ZAF
ZAF_1999,South Africa,1999,0.0,ZAF
ZAF_2000,South Africa,2000,0.0,ZAF
ZAF_2001,South Africa,2001,0.0,ZAF
ZAF_2002,South Africa,2002,0.0,ZAF
ZAF_2003,South Africa,2003,0.0,ZAF
ZAF_2004,South Africa,2004,0.05,ZAF
ZAF_2005,South Africa,2005,0.07,ZAF
ZAF_2006,South Africa,2006,0.0,ZAF
ZAF_2007,South Africa,2007,1222.44,ZAF
ZAF_2008,South Africa,2008,0.0,ZAF
ZAF_2009,South Africa,2009,0.0,ZAF
ZAF_2010,South Africa,2010,0.0,ZAF
ZAF_2011,South Africa,2011,0.0,ZAF
ZAF_2012,South Africa,2012,0.0,ZAF
ZAF_2013,South Africa,2013,0.0,ZAF
ZAF_2014,South Africa,2014,0.0,ZAF
ZAF_2015,South Africa,2015,0.0,ZAF
ZAF_2016,South Africa,2016,0.0,ZAF
ZAF_2017,South Africa,2017,0.0,ZAF
ZAF_2018,South Africa,2018,0.0,ZAF
ZAF_2019,South Africa,2019,0.0,ZAF
ZAF_2020,South Africa,2020,0.0,ZAF
ZAF_2021,South Africa,2021,0.0,ZAF
ZAF_2022,South Africa,2022,0.0,ZAF
ZAF_2023,South Africa,2023,0.0,ZAF
ZAF_2024,South Africa,2024,0.0,ZAF
SSD_1960,South Sudan,1960,,SSD
SSD_1961,South Sudan,1961,,SSD
SSD_1962,South Sudan,1962,,SSD
SSD_1963,South Sudan,1963,,SSD
SSD_1964,South Sudan,1964,,SSD
SSD_1965,South Sudan,1965,,SSD
SSD_1966,South Sudan,1966,,SSD
SSD_1967,South Sudan,1967,,SSD
SSD_1968,South Sudan,1968,,SSD
SSD_1969,South Sudan,1969,,SSD
SSD_1970,South Sudan,1970,,SSD
SSD_1971,South Sudan,1971,,SSD
SSD_1972,South Sudan,1972,,SSD
SSD_1973,South Sudan,1973,,SSD
SSD_1974,South Sudan,1974,,SSD
SSD_1975,South Sudan,1975,,SSD
SSD_1976,South Sudan,1976,,SSD
SSD_1977,South Sudan,1977,,SSD
SSD_1978,South Sudan,1978,,SSD
SSD_1979,South Sudan,1979,,SSD
SSD_1980,South Sudan,1980,,SSD
SSD_1981,South Sudan,1981,,SSD
SSD_1982,South Sudan,1982,,SSD
SSD_1983,South Sudan,1983,,SSD
SSD_1984,South Sudan,1984,,SSD
SSD_1985,South Sudan,1985,,SSD
SSD_1986,South Sudan,1986,,SSD
SSD_1987,South Sudan,1987,,SSD
SSD_1988,South Sudan,1988,,SSD
SSD_1989,South Sudan,1989,,SSD
SSD_1990,South Sudan,1990,,SSD
SSD_1991,South Sudan,1991,,SSD
SSD_1992,South Sudan,1992,,SSD
SSD_1993,South Sudan,1993,,SSD
SSD_1994,South Sudan,1994,,SSD
SSD_1995,South Sudan,1995,,SSD
SSD_1996,South Sudan,1996,,SSD
SSD_1997,South Sudan,1997,,SSD
SSD_1998,South Sudan,1998,,SSD
SSD_1999,South Sudan,1999,,SSD
SSD_2000,South Sudan,2000,,SSD
SSD_2001,South Sudan,2001,,SSD
SSD_2002,South Sudan,2002,,SSD
SSD_2003,South Sudan,2003,,SSD
SSD_2004,South Sudan,2004,,SSD
SSD_2005,South Sudan,2005,,SSD
SSD_2006,South Sudan,2006,,SSD
SSD_2007,South Sudan,2007,,SSD
SSD_2008,South Sudan,2008,,SSD
SSD_2009,South Sudan,2009,,SSD
SSD_2010,South Sudan,2010,0.0,SSD
SSD_2011,South Sudan,2011,0.0,SSD
SSD_2012,South Sudan,2012,0.0,SSD
SSD_2013,South Sudan,2013,374.0,SSD
SSD_2014,South Sudan,2014,1584.0,SSD
SSD_2015,South Sudan,2015,1728.0,SSD
SSD_2016,South Sudan,2016,2040.0,SSD
SSD_2017,South Sudan,2017,1869.0,SSD
SSD_2018,South Sudan,2018,719.0,SSD
SSD_2019,South Sudan,2019,627.0,SSD
SSD_2020,South Sudan,2020,652.0,SSD
SSD_2021,South Sudan,2021,0.0,SSD
SSD_2022,South Sudan,2022,0.0,SSD
SSD_2023,South Sudan,2023,36.0,SSD
SSD_2024,South Sudan,2024,0.0,SSD
LKA_1960,Sri Lanka,1960,0.0,LKA
LKA_1961,Sri Lanka,1961,0.0,LKA
LKA_1962,Sri Lanka,1962,0.0,LKA
LKA_1963,Sri Lanka,1963,0.0,LKA
LKA_1964,Sri Lanka,1964,0.0,LKA
LKA_1965,Sri Lanka,1965,0.0,LKA
LKA_1966,Sri Lanka,1966,0.0,LKA
LKA_1967,Sri Lanka,1967,0.0,LKA
LKA_1968,Sri Lanka,1968,0.0,LKA
LKA_1969,Sri Lanka,1969,0.0,LKA
LKA_1970,Sri Lanka,1970,0.0,LKA
LKA_1971,Sri Lanka,1971,1.93,LKA
LKA_1972,Sri Lanka,1972,0.38,LKA
LKA_1973,Sri Lanka,1973,0.21,LKA
LKA_1974,Sri Lanka,1974,0.21,LKA
LKA_1975,Sri Lanka,1975,0.02,LKA
LKA_1976,Sri Lanka,1976,0.55,LKA
LKA_1977,Sri Lanka,1977,0.31,LKA
LKA_1978,Sri Lanka,1978,0.0,LKA
LKA_1979,Sri Lanka,1979,0.0,LKA
LKA_1980,Sri Lanka,1980,0.0,LKA
LKA_1981,Sri Lanka,1981,0.0,LKA
LKA_1982,Sri Lanka,1982,0.0,LKA
LKA_1983,Sri Lanka,1983,0.0,LKA
LKA_1984,Sri Lanka,1984,0.0,LKA
LKA_1985,Sri Lanka,1985,0.0,LKA
LKA_1986,Sri Lanka,1986,0.0,LKA
LKA_1987,Sri Lanka,1987,0.0,LKA
LKA_1988,Sri Lanka,1988,3.8,LKA
LKA_1989,Sri Lanka,1989,6.66,LKA
LKA_1990,Sri Lanka,1990,10.68,LKA
LKA_1991,Sri Lanka,1991,15.59,LKA
LKA_1992,Sri Lanka,1992,22.7,LKA
LKA_1993,Sri Lanka,1993,33.01,LKA
LKA_1994,Sri Lanka,1994,43.11,LKA
LKA_1995,Sri Lanka,1995,84.1,LKA
LKA_1996,Sri Lanka,1996,432.76,LKA
LKA_1997,Sri Lanka,1997,288.05,LKA
LKA_1998,Sri Lanka,1998,345.14,LKA
LKA_1999,Sri Lanka,1999,393.58,LKA
LKA_2000,Sri Lanka,2000,336.77,LKA
LKA_2001,Sri Lanka,2001,280.82,LKA
LKA_2002,Sri Lanka,2002,301.5,LKA
LKA_2003,Sri Lanka,2003,4.44,LKA
LKA_2004,Sri Lanka,2004,0.0,LKA
LKA_2005,Sri Lanka,2005,231.73,LKA
LKA_2006,Sri Lanka,2006,0.0,LKA
LKA_2007,Sri Lanka,2007,1.31,LKA
LKA_2008,Sri Lanka,2008,7.91,LKA
LKA_2009,Sri Lanka,2009,0.03,LKA
LKA_2010,Sri Lanka,2010,0.06,LKA
LKA_2011,Sri Lanka,2011,0.13,LKA
LKA_2012,Sri Lanka,2012,0.05,LKA
LKA_2013,Sri Lanka,2013,12.87,LKA
LKA_2014,Sri Lanka,2014,115.16,LKA
LKA_2015,Sri Lanka,2015,76.81,LKA
LKA_2016,Sri Lanka,2016,143.96,LKA
LKA_2017,Sri Lanka,2017,194.87,LKA
LKA_2018,Sri Lanka,2018,188.79,LKA
LKA_2019,Sri Lanka,2019,228.48,LKA
LKA_2020,Sri Lanka,2020,330.47,LKA
LKA_2021,Sri Lanka,2021,310.32,LKA
LKA_2022,Sri Lanka,2022,33047.0,LKA
LKA_2023,Sri Lanka,2023,38618.31,LKA
LKA_2024,Sri Lanka,2024,30059.0,LKA
KNA_1960,St. Kitts & Nevis,1960,,KNA
KNA_1961,St. Kitts & Nevis,1961,,KNA
KNA_1962,St. Kitts & Nevis,1962,,KNA
KNA_1963,St. Kitts & Nevis,1963,,KNA
KNA_1964,St. Kitts & Nevis,1964,,KNA
KNA_1965,St. Kitts & Nevis,1965,,KNA
KNA_1966,St. Kitts & Nevis,1966,,KNA
KNA_1967,St. Kitts & Nevis,1967,,KNA
KNA_1968,St. Kitts & Nevis,1968,,KNA
KNA_1969,St. Kitts & Nevis,1969,,KNA
KNA_1970,St. Kitts & Nevis,1970,,KNA
KNA_1971,St. Kitts & Nevis,1971,,KNA
KNA_1972,St. Kitts & Nevis,1972,,KNA
KNA_1973,St. Kitts & Nevis,1973,,KNA
KNA_1974,St. Kitts & Nevis,1974,,KNA
KNA_1975,St. Kitts & Nevis,1975,,KNA
KNA_1976,St. Kitts & Nevis,1976,,KNA
KNA_1977,St. Kitts & Nevis,1977,,KNA
KNA_1978,St. Kitts & Nevis,1978,,KNA
KNA_1979,St. Kitts & Nevis,1979,,KNA
KNA_1980,St. Kitts & Nevis,1980,,KNA
KNA_1981,St. Kitts & Nevis,1981,,KNA
KNA_1982,St. Kitts & Nevis,1982,,KNA
KNA_1983,St. Kitts & Nevis,1983,0.0,KNA
KNA_1984,St. Kitts & Nevis,1984,0.0,KNA
KNA_1985,St. Kitts & Nevis,1985,0.0,KNA
KNA_1986,St. Kitts & Nevis,1986,0.0,KNA
KNA_1987,St. Kitts & Nevis,1987,0.0,KNA
KNA_1988,St. Kitts & Nevis,1988,0.0,KNA
KNA_1989,St. Kitts & Nevis,1989,0.2,KNA
KNA_1990,St. Kitts & Nevis,1990,0.0,KNA
KNA_1991,St. Kitts & Nevis,1991,0.0,KNA
KNA_1992,St. Kitts & Nevis,1992,1.2,KNA
KNA_1993,St. Kitts & Nevis,1993,1.1,KNA
KNA_1994,St. Kitts & Nevis,1994,1.7,KNA
KNA_1995,St. Kitts & Nevis,1995,1.9,KNA
KNA_1996,St. Kitts & Nevis,1996,0.2,KNA
KNA_1997,St. Kitts & Nevis,1997,0.2,KNA
KNA_1998,St. Kitts & Nevis,1998,0.9,KNA
KNA_1999,St. Kitts & Nevis,1999,0.7,KNA
KNA_2000,St. Kitts & Nevis,2000,1.6,KNA
KNA_2001,St. Kitts & Nevis,2001,1.9,KNA
KNA_2002,St. Kitts & Nevis,2002,2.0,KNA
KNA_2003,St. Kitts & Nevis,2003,2.9,KNA
KNA_2004,St. Kitts & Nevis,2004,5.1,KNA
KNA_2005,St. Kitts & Nevis,2005,4.7,KNA
KNA_2006,St. Kitts & Nevis,2006,5.5,KNA
KNA_2007,St. Kitts & Nevis,2007,2.7,KNA
KNA_2008,St. Kitts & Nevis,2008,11.1,KNA
KNA_2009,St. Kitts & Nevis,2009,12.1,KNA
KNA_2010,St. Kitts & Nevis,2010,3.5,KNA
KNA_2011,St. Kitts & Nevis,2011,753.0,KNA
KNA_2012,St. Kitts & Nevis,2012,758.0,KNA
KNA_2013,St. Kitts & Nevis,2013,17.46,KNA
KNA_2014,St. Kitts & Nevis,2014,66.48,KNA
KNA_2015,St. Kitts & Nevis,2015,0.0,KNA
KNA_2016,St. Kitts & Nevis,2016,44.98,KNA
KNA_2017,St. Kitts & Nevis,2017,0.0,KNA
KNA_2018,St. Kitts & Nevis,2018,0.0,KNA
KNA_2019,St. Kitts & Nevis,2019,0.0,KNA
KNA_2020,St. Kitts & Nevis,2020,0.0,KNA
KNA_2021,St. Kitts & Nevis,2021,0.0,KNA
KNA_2022,St. Kitts & Nevis,2022,0.0,KNA
KNA_2023,St. Kitts & Nevis,2023,0.0,KNA
KNA_2024,St. Kitts & Nevis,2024,0.0,KNA
LCA_1960,St. Lucia,1960,,LCA
LCA_1961,St. Lucia,1961,,LCA
LCA_1962,St. Lucia,1962,,LCA
LCA_1963,St. Lucia,1963,,LCA
LCA_1964,St. Lucia,1964,,LCA
LCA_1965,St. Lucia,1965,,LCA
LCA_1966,St. Lucia,1966,,LCA
LCA_1967,St. Lucia,1967,,LCA
LCA_1968,St. Lucia,1968,,LCA
LCA_1969,St. Lucia,1969,,LCA
LCA_1970,St. Lucia,1970,,LCA
LCA_1971,St. Lucia,1971,,LCA
LCA_1972,St. Lucia,1972,,LCA
LCA_1973,St. Lucia,1973,,LCA
LCA_1974,St. Lucia,1974,,LCA
LCA_1975,St. Lucia,1975,,LCA
LCA_1976,St. Lucia,1976,,LCA
LCA_1977,St. Lucia,1977,,LCA
LCA_1978,St. Lucia,1978,,LCA
LCA_1979,St. Lucia,1979,0.0,LCA
LCA_1980,St. Lucia,1980,0.0,LCA
LCA_1981,St. Lucia,1981,0.0,LCA
LCA_1982,St. Lucia,1982,0.0,LCA
LCA_1983,St. Lucia,1983,0.0,LCA
LCA_1984,St. Lucia,1984,0.2,LCA
LCA_1985,St. Lucia,1985,0.3,LCA
LCA_1986,St. Lucia,1986,0.2,LCA
LCA_1987,St. Lucia,1987,0.01,LCA
LCA_1988,St. Lucia,1988,0.09,LCA
LCA_1989,St. Lucia,1989,0.11,LCA
LCA_1990,St. Lucia,1990,1.37,LCA
LCA_1991,St. Lucia,1991,0.17,LCA
LCA_1992,St. Lucia,1992,0.35,LCA
LCA_1993,St. Lucia,1993,1.16,LCA
LCA_1994,St. Lucia,1994,0.42,LCA
LCA_1995,St. Lucia,1995,0.0,LCA
LCA_1996,St. Lucia,1996,0.0,LCA
LCA_1997,St. Lucia,1997,0.0,LCA
LCA_1998,St. Lucia,1998,0.0,LCA
LCA_1999,St. Lucia,1999,0.0,LCA
LCA_2000,St. Lucia,2000,0.0,LCA
LCA_2001,St. Lucia,2001,0.0,LCA
LCA_2002,St. Lucia,2002,0.0,LCA
LCA_2003,St. Lucia,2003,0.09,LCA
LCA_2004,St. Lucia,2004,0.0,LCA
LCA_2005,St. Lucia,2005,0.0,LCA
LCA_2006,St. Lucia,2006,0.0,LCA
LCA_2007,St. Lucia,2007,0.73,LCA
LCA_2008,St. Lucia,2008,56.56,LCA
LCA_2009,St. Lucia,2009,4.65,LCA
LCA_2010,St. Lucia,2010,8.79,LCA
LCA_2011,St. Lucia,2011,5.52,LCA
LCA_2012,St. Lucia,2012,0.26,LCA
LCA_2013,St. Lucia,2013,0.0,LCA
LCA_2014,St. Lucia,2014,0.0,LCA
LCA_2015,St. Lucia,2015,0.0,LCA
LCA_2016,St. Lucia,2016,0.23,LCA
LCA_2017,St. Lucia,2017,0.19,LCA
LCA_2018,St. Lucia,2018,0.48,LCA
LCA_2019,St. Lucia,2019,0.0,LCA
LCA_2020,St. Lucia,2020,0.0,LCA
LCA_2021,St. Lucia,2021,1.42,LCA
LCA_2022,St. Lucia,2022,0.0,LCA
LCA_2023,St. Lucia,2023,0.0,LCA
LCA_2024,St. Lucia,2024,0.0,LCA
VCT_1960,St. Vincent and the Grenadines,1960,,VCT
VCT_1961,St. Vincent and the Grenadines,1961,,VCT
VCT_1962,St. Vincent and the Grenadines,1962,,VCT
VCT_1963,St. Vincent and the Grenadines,1963,,VCT
VCT_1964,St. Vincent and the Grenadines,1964,,VCT
VCT_1965,St. Vincent and the Grenadines,1965,,VCT
VCT_1966,St. Vincent and the Grenadines,1966,,VCT
VCT_1967,St. Vincent and the Grenadines,1967,,VCT
VCT_1968,St. Vincent and the Grenadines,1968,,VCT
VCT_1969,St. Vincent and the Grenadines,1969,0.0,VCT
VCT_1970,St. Vincent and the Grenadines,1970,0.0,VCT
VCT_1971,St. Vincent and the Grenadines,1971,0.0,VCT
VCT_1972,St. Vincent and the Grenadines,1972,0.0,VCT
VCT_1973,St. Vincent and the Grenadines,1973,0.0,VCT
VCT_1974,St. Vincent and the Grenadines,1974,0.0,VCT
VCT_1975,St. Vincent and the Grenadines,1975,0.0,VCT
VCT_1976,St. Vincent and the Grenadines,1976,0.0,VCT
VCT_1977,St. Vincent and the Grenadines,1977,0.0,VCT
VCT_1978,St. Vincent and the Grenadines,1978,0.0,VCT
VCT_1979,St. Vincent and the Grenadines,1979,0.0,VCT
VCT_1980,St. Vincent and the Grenadines,1980,0.0,VCT
VCT_1981,St. Vincent and the Grenadines,1981,0.0,VCT
VCT_1982,St. Vincent and the Grenadines,1982,0.0,VCT
VCT_1983,St. Vincent and the Grenadines,1983,0.5,VCT
VCT_1984,St. Vincent and the Grenadines,1984,0.36,VCT
VCT_1985,St. Vincent and the Grenadines,1985,0.17,VCT
VCT_1986,St. Vincent and the Grenadines,1986,0.13,VCT
VCT_1987,St. Vincent and the Grenadines,1987,0.21,VCT
VCT_1988,St. Vincent and the Grenadines,1988,0.09,VCT
VCT_1989,St. Vincent and the Grenadines,1989,0.18,VCT
VCT_1990,St. Vincent and the Grenadines,1990,1.04,VCT
VCT_1991,St. Vincent and the Grenadines,1991,0.23,VCT
VCT_1992,St. Vincent and the Grenadines,1992,0.08,VCT
VCT_1993,St. Vincent and the Grenadines,1993,0.06,VCT
VCT_1994,St. Vincent and the Grenadines,1994,0.1,VCT
VCT_1995,St. Vincent and the Grenadines,1995,0.62,VCT
VCT_1996,St. Vincent and the Grenadines,1996,1.74,VCT
VCT_1997,St. Vincent and the Grenadines,1997,1.8,VCT
VCT_1998,St. Vincent and the Grenadines,1998,0.19,VCT
VCT_1999,St. Vincent and the Grenadines,1999,0.45,VCT
VCT_2000,St. Vincent and the Grenadines,2000,1.71,VCT
VCT_2001,St. Vincent and the Grenadines,2001,64.03,VCT
VCT_2002,St. Vincent and the Grenadines,2002,68.35,VCT
VCT_2003,St. Vincent and the Grenadines,2003,67.53,VCT
VCT_2004,St. Vincent and the Grenadines,2004,68.39,VCT
VCT_2005,St. Vincent and the Grenadines,2005,69.18,VCT
VCT_2006,St. Vincent and the Grenadines,2006,62.64,VCT
VCT_2007,St. Vincent and the Grenadines,2007,61.86,VCT
VCT_2008,St. Vincent and the Grenadines,2008,0.45,VCT
VCT_2009,St. Vincent and the Grenadines,2009,1.33,VCT
VCT_2010,St. Vincent and the Grenadines,2010,0.18,VCT
VCT_2011,St. Vincent and the Grenadines,2011,0.18,VCT
VCT_2012,St. Vincent and the Grenadines,2012,0.18,VCT
VCT_2013,St. Vincent and the Grenadines,2013,0.03,VCT
VCT_2014,St. Vincent and the Grenadines,2014,0.02,VCT
VCT_2015,St. Vincent and the Grenadines,2015,0.02,VCT
VCT_2016,St. Vincent and the Grenadines,2016,4.61,VCT
VCT_2017,St. Vincent and the Grenadines,2017,4.3,VCT
VCT_2018,St. Vincent and the Grenadines,2018,3.75,VCT
VCT_2019,St. Vincent and the Grenadines,2019,3.75,VCT
VCT_2020,St. Vincent and the Grenadines,2020,3.75,VCT
VCT_2021,St. Vincent and the Grenadines,2021,5.12,VCT
VCT_2022,St. Vincent and the Grenadines,2022,73.75,VCT
VCT_2023,St. Vincent and the Grenadines,2023,4.0,VCT
VCT_2024,St. Vincent and the Grenadines,2024,4.0,VCT
SDN_1960,Sudan,1960,0.0,SDN
SDN_1961,Sudan,1961,0.0,SDN
SDN_1962,Sudan,1962,0.0,SDN
SDN_1963,Sudan,1963,0.0,SDN
SDN_1964,Sudan,1964,0.0,SDN
SDN_1965,Sudan,1965,0.0,SDN
SDN_1966,Sudan,1966,0.0,SDN
SDN_1967,Sudan,1967,0.0,SDN
SDN_1968,Sudan,1968,0.0,SDN
SDN_1969,Sudan,1969,0.0,SDN
SDN_1970,Sudan,1970,0.0,SDN
SDN_1971,Sudan,1971,0.0,SDN
SDN_1972,Sudan,1972,0.0,SDN
SDN_1973,Sudan,1973,0.0,SDN
SDN_1974,Sudan,1974,0.0,SDN
SDN_1975,Sudan,1975,0.17,SDN
SDN_1976,Sudan,1976,23.05,SDN
SDN_1977,Sudan,1977,176.36,SDN
SDN_1978,Sudan,1978,248.97,SDN
SDN_1979,Sudan,1979,955.98,SDN
SDN_1980,Sudan,1980,613.67,SDN
SDN_1981,Sudan,1981,899.52,SDN
SDN_1982,Sudan,1982,951.77,SDN
SDN_1983,Sudan,1983,2062.86,SDN
SDN_1984,Sudan,1984,2987.74,SDN
SDN_1985,Sudan,1985,3627.68,SDN
SDN_1986,Sudan,1986,4705.84,SDN
SDN_1987,Sudan,1987,6436.74,SDN
SDN_1988,Sudan,1988,6933.39,SDN
SDN_1989,Sudan,1989,9294.44,SDN
SDN_1990,Sudan,1990,10612.83,SDN
SDN_1991,Sudan,1991,13054.32,SDN
SDN_1992,Sudan,1992,12059.84,SDN
SDN_1993,Sudan,1993,12815.17,SDN
SDN_1994,Sudan,1994,14321.95,SDN
SDN_1995,Sudan,1995,15363.85,SDN
SDN_1996,Sudan,1996,15074.31,SDN
SDN_1997,Sudan,1997,13665.48,SDN
SDN_1998,Sudan,1998,13890.92,SDN
SDN_1999,Sudan,1999,13577.79,SDN
SDN_2000,Sudan,2000,13590.59,SDN
SDN_2001,Sudan,2001,13621.28,SDN
SDN_2002,Sudan,2002,12975.55,SDN
SDN_2003,Sudan,2003,14195.42,SDN
SDN_2004,Sudan,2004,15523.86,SDN
SDN_2005,Sudan,2005,15542.09,SDN
SDN_2006,Sudan,2006,16677.43,SDN
SDN_2007,Sudan,2007,18350.04,SDN
SDN_2008,Sudan,2008,19695.69,SDN
SDN_2009,Sudan,2009,20643.02,SDN
SDN_2010,Sudan,2010,21902.23,SDN
SDN_2011,Sudan,2011,22913.32,SDN
SDN_2012,Sudan,2012,23924.94,SDN
SDN_2013,Sudan,2013,24879.58,SDN
SDN_2014,Sudan,2014,25250.1,SDN
SDN_2015,Sudan,2015,25998.2,SDN
SDN_2016,Sudan,2016,26691.55,SDN
SDN_2017,Sudan,2017,27965.08,SDN
SDN_2018,Sudan,2018,27283.29,SDN
SDN_2019,Sudan,2019,27714.21,SDN
SDN_2020,Sudan,2020,32492.18,SDN
SDN_2021,Sudan,2021,30692.22,SDN
SDN_2022,Sudan,2022,9871.89,SDN
SDN_2023,Sudan,2023,10656.33,SDN
SDN_2024,Sudan,2024,10227.0,SDN
SUR_1960,Suriname,1960,,SUR
SUR_1961,Suriname,1961,,SUR
SUR_1962,Suriname,1962,,SUR
SUR_1963,Suriname,1963,,SUR
SUR_1964,Suriname,1964,,SUR
SUR_1965,Suriname,1965,,SUR
SUR_1966,Suriname,1966,,SUR
SUR_1967,Suriname,1967,,SUR
SUR_1968,Suriname,1968,,SUR
SUR_1969,Suriname,1969,,SUR
SUR_1970,Suriname,1970,,SUR
SUR_1971,Suriname,1971,,SUR
SUR_1972,Suriname,1972,,SUR
SUR_1973,Suriname,1973,,SUR
SUR_1974,Suriname,1974,,SUR
SUR_1975,Suriname,1975,0.0,SUR
SUR_1976,Suriname,1976,0.0,SUR
SUR_1977,Suriname,1977,0.0,SUR
SUR_1978,Suriname,1978,0.0,SUR
SUR_1979,Suriname,1979,0.0,SUR
SUR_1980,Suriname,1980,0.0,SUR
SUR_1981,Suriname,1981,0.0,SUR
SUR_1982,Suriname,1982,0.0,SUR
SUR_1983,Suriname,1983,0.0,SUR
SUR_1984,Suriname,1984,0.0,SUR
SUR_1985,Suriname,1985,0.0,SUR
SUR_1986,Suriname,1986,0.0,SUR
SUR_1987,Suriname,1987,0.0,SUR
SUR_1988,Suriname,1988,0.0,SUR
SUR_1989,Suriname,1989,0.0,SUR
SUR_1990,Suriname,1990,2.0,SUR
SUR_1991,Suriname,1991,21.0,SUR
SUR_1992,Suriname,1992,37.8,SUR
SUR_1993,Suriname,1993,54.0,SUR
SUR_1994,Suriname,1994,58.0,SUR
SUR_1995,Suriname,1995,20.0,SUR
SUR_1996,Suriname,1996,20.0,SUR
SUR_1997,Suriname,1997,19.0,SUR
SUR_1998,Suriname,1998,36.0,SUR
SUR_1999,Suriname,1999,53.0,SUR
SUR_2000,Suriname,2000,57.0,SUR
SUR_2001,Suriname,2001,148.0,SUR
SUR_2002,Suriname,2002,136.0,SUR
SUR_2003,Suriname,2003,107.0,SUR
SUR_2004,Suriname,2004,123.0,SUR
SUR_2005,Suriname,2005,141.0,SUR
SUR_2006,Suriname,2006,148.0,SUR
SUR_2007,Suriname,2007,140.0,SUR
SUR_2008,Suriname,2008,150.0,SUR
SUR_2009,Suriname,2009,117.0,SUR
SUR_2010,Suriname,2010,48.0,SUR
SUR_2011,Suriname,2011,14.0,SUR
SUR_2012,Suriname,2012,27.0,SUR
SUR_2013,Suriname,2013,17.0,SUR
SUR_2014,Suriname,2014,17.0,SUR
SUR_2015,Suriname,2015,17.21,SUR
SUR_2016,Suriname,2016,16.99,SUR
SUR_2017,Suriname,2017,0.8,SUR
SUR_2018,Suriname,2018,0.0,SUR
SUR_2019,Suriname,2019,0.03,SUR
SUR_2020,Suriname,2020,710.77,SUR
SUR_2021,Suriname,2021,967.94,SUR
SUR_2022,Suriname,2022,1138.76,SUR
SUR_2023,Suriname,2023,1073.84,SUR
SUR_2024,Suriname,2024,240.0,SUR
SYR_1960,Syria,1960,,SYR
SYR_1961,Syria,1961,0.0,SYR
SYR_1962,Syria,1962,0.0,SYR
SYR_1963,Syria,1963,0.0,SYR
SYR_1964,Syria,1964,0.0,SYR
SYR_1965,Syria,1965,3.6,SYR
SYR_1966,Syria,1966,0.0,SYR
SYR_1967,Syria,1967,0.0,SYR
SYR_1968,Syria,1968,0.0,SYR
SYR_1969,Syria,1969,0.0,SYR
SYR_1970,Syria,1970,0.0,SYR
SYR_1971,Syria,1971,0.0,SYR
SYR_1972,Syria,1972,0.0,SYR
SYR_1973,Syria,1973,0.0,SYR
SYR_1974,Syria,1974,0.0,SYR
SYR_1975,Syria,1975,0.0,SYR
SYR_1976,Syria,1976,0.0,SYR
SYR_1977,Syria,1977,0.0,SYR
SYR_1978,Syria,1978,0.0,SYR
SYR_1979,Syria,1979,0.0,SYR
SYR_1980,Syria,1980,0.0,SYR
SYR_1981,Syria,1981,0.0,SYR
SYR_1982,Syria,1982,0.0,SYR
SYR_1983,Syria,1983,0.0,SYR
SYR_1984,Syria,1984,0.0,SYR
SYR_1985,Syria,1985,0.0,SYR
SYR_1986,Syria,1986,0.0,SYR
SYR_1987,Syria,1987,65.0,SYR
SYR_1988,Syria,1988,92.0,SYR
SYR_1989,Syria,1989,268.0,SYR
SYR_1990,Syria,1990,313.0,SYR
SYR_1991,Syria,1991,390.0,SYR
SYR_1992,Syria,1992,399.0,SYR
SYR_1993,Syria,1993,432.0,SYR
SYR_1994,Syria,1994,1408.0,SYR
SYR_1995,Syria,1995,7790.95,SYR
SYR_1996,Syria,1996,7875.81,SYR
SYR_1997,Syria,1997,7875.08,SYR
SYR_1998,Syria,1998,7926.13,SYR
SYR_1999,Syria,1999,7862.72,SYR
SYR_2000,Syria,2000,11665.73,SYR
SYR_2001,Syria,2001,12099.24,SYR
SYR_2002,Syria,2002,70.0,SYR
SYR_2003,Syria,2003,0.0,SYR
SYR_2004,Syria,2004,2600.0,SYR
SYR_2005,Syria,2005,13450.0,SYR
SYR_2006,Syria,2006,,SYR
SYR_2007,Syria,2007,,SYR
SYR_2008,Syria,2008,420.23,SYR
SYR_2009,Syria,2009,470.61,SYR
SYR_2010,Syria,2010,459.38,SYR
SYR_2011,Syria,2011,471.65,SYR
SYR_2012,Syria,2012,1060.04,SYR
SYR_2013,Syria,2013,1666.66,SYR
SYR_2014,Syria,2014,2090.13,SYR
SYR_2015,Syria,2015,2383.21,SYR
SYR_2016,Syria,2016,2672.37,SYR
SYR_2017,Syria,2017,2985.86,SYR
SYR_2018,Syria,2018,3187.6,SYR
SYR_2019,Syria,2019,3358.97,SYR
SYR_2020,Syria,2020,3597.94,SYR
SYR_2021,Syria,2021,3609.33,SYR
SYR_2022,Syria,2022,3481.58,SYR
SYR_2023,Syria,2023,4122.0,SYR
SYR_2024,Syria,2024,4209.0,SYR
TJK_1960,Tajikistan,1960,,TJK
TJK_1961,Tajikistan,1961,,TJK
TJK_1962,Tajikistan,1962,,TJK
TJK_1963,Tajikistan,1963,,TJK
TJK_1964,Tajikistan,1964,,TJK
TJK_1965,Tajikistan,1965,,TJK
TJK_1966,Tajikistan,1966,,TJK
TJK_1967,Tajikistan,1967,,TJK
TJK_1968,Tajikistan,1968,,TJK
TJK_1969,Tajikistan,1969,,TJK
TJK_1970,Tajikistan,1970,,TJK
TJK_1971,Tajikistan,1971,,TJK
TJK_1972,Tajikistan,1972,,TJK
TJK_1973,Tajikistan,1973,,TJK
TJK_1974,Tajikistan,1974,,TJK
TJK_1975,Tajikistan,1975,,TJK
TJK_1976,Tajikistan,1976,,TJK
TJK_1977,Tajikistan,1977,,TJK
TJK_1978,Tajikistan,1978,,TJK
TJK_1979,Tajikistan,1979,,TJK
TJK_1980,Tajikistan,1980,,TJK
TJK_1981,Tajikistan,1981,,TJK
TJK_1982,Tajikistan,1982,,TJK
TJK_1983,Tajikistan,1983,,TJK
TJK_1984,Tajikistan,1984,,TJK
TJK_1985,Tajikistan,1985,,TJK
TJK_1986,Tajikistan,1986,,TJK
TJK_1987,Tajikistan,1987,,TJK
TJK_1988,Tajikistan,1988,,TJK
TJK_1989,Tajikistan,1989,,TJK
TJK_1990,Tajikistan,1990,,TJK
TJK_1991,Tajikistan,1991,0.0,TJK
TJK_1992,Tajikistan,1992,0.0,TJK
TJK_1993,Tajikistan,1993,0.31,TJK
TJK_1994,Tajikistan,1994,78.56,TJK
TJK_1995,Tajikistan,1995,185.08,TJK
TJK_1996,Tajikistan,1996,601.02,TJK
TJK_1997,Tajikistan,1997,154.53,TJK
TJK_1998,Tajikistan,1998,306.86,TJK
TJK_1999,Tajikistan,1999,136.89,TJK
TJK_2000,Tajikistan,2000,166.33,TJK
TJK_2001,Tajikistan,2001,189.24,TJK
TJK_2002,Tajikistan,2002,96.24,TJK
TJK_2003,Tajikistan,2003,108.63,TJK
TJK_2004,Tajikistan,2004,106.98,TJK
TJK_2005,Tajikistan,2005,106.17,TJK
TJK_2006,Tajikistan,2006,102.91,TJK
TJK_2007,Tajikistan,2007,0.0,TJK
TJK_2008,Tajikistan,2008,0.0,TJK
TJK_2009,Tajikistan,2009,0.0,TJK
TJK_2010,Tajikistan,2010,363.79,TJK
TJK_2011,Tajikistan,2011,299.32,TJK
TJK_2012,Tajikistan,2012,18.39,TJK
TJK_2013,Tajikistan,2013,0.79,TJK
TJK_2014,Tajikistan,2014,0.59,TJK
TJK_2015,Tajikistan,2015,0.12,TJK
TJK_2016,Tajikistan,2016,0.12,TJK
TJK_2017,Tajikistan,2017,0.75,TJK
TJK_2018,Tajikistan,2018,0.1,TJK
TJK_2019,Tajikistan,2019,0.0,TJK
TJK_2020,Tajikistan,2020,42.27,TJK
TJK_2021,Tajikistan,2021,40.0,TJK
TJK_2022,Tajikistan,2022,0.0,TJK
TJK_2023,Tajikistan,2023,0.0,TJK
TJK_2024,Tajikistan,2024,0.0,TJK
TZA_1960,Tanzania,1960,,TZA
TZA_1961,Tanzania,1961,0.0,TZA
TZA_1962,Tanzania,1962,0.0,TZA
TZA_1963,Tanzania,1963,0.0,TZA
TZA_1964,Tanzania,1964,0.0,TZA
TZA_1965,Tanzania,1965,0.0,TZA
TZA_1966,Tanzania,1966,0.0,TZA
TZA_1967,Tanzania,1967,0.0,TZA
TZA_1968,Tanzania,1968,0.0,TZA
TZA_1969,Tanzania,1969,0.0,TZA
TZA_1970,Tanzania,1970,0.0,TZA
TZA_1971,Tanzania,1971,2.26,TZA
TZA_1972,Tanzania,1972,72.71,TZA
TZA_1973,Tanzania,1973,151.96,TZA
TZA_1974,Tanzania,1974,219.88,TZA
TZA_1975,Tanzania,1975,305.0,TZA
TZA_1976,Tanzania,1976,495.2,TZA
TZA_1977,Tanzania,1977,842.79,TZA
TZA_1978,Tanzania,1978,1359.96,TZA
TZA_1979,Tanzania,1979,1413.08,TZA
TZA_1980,Tanzania,1980,2060.84,TZA
TZA_1981,Tanzania,1981,2322.98,TZA
TZA_1982,Tanzania,1982,2622.61,TZA
TZA_1983,Tanzania,1983,3172.8,TZA
TZA_1984,Tanzania,1984,3538.06,TZA
TZA_1985,Tanzania,1985,5334.93,TZA
TZA_1986,Tanzania,1986,1412.64,TZA
TZA_1987,Tanzania,1987,769.97,TZA
TZA_1988,Tanzania,1988,1189.88,TZA
TZA_1989,Tanzania,1989,1174.28,TZA
TZA_1990,Tanzania,1990,1696.15,TZA
TZA_1991,Tanzania,1991,1670.07,TZA
TZA_1992,Tanzania,1992,2647.43,TZA
TZA_1993,Tanzania,1993,2089.78,TZA
TZA_1994,Tanzania,1994,2179.76,TZA
TZA_1995,Tanzania,1995,2538.0,TZA
TZA_1996,Tanzania,1996,2372.65,TZA
TZA_1997,Tanzania,1997,4263.43,TZA
TZA_1998,Tanzania,1998,1946.26,TZA
TZA_1999,Tanzania,1999,2030.75,TZA
TZA_2000,Tanzania,2000,1996.36,TZA
TZA_2001,Tanzania,2001,1418.05,TZA
TZA_2002,Tanzania,2002,1966.63,TZA
TZA_2003,Tanzania,2003,1653.83,TZA
TZA_2004,Tanzania,2004,1737.89,TZA
TZA_2005,Tanzania,2005,1260.15,TZA
TZA_2006,Tanzania,2006,5950.41,TZA
TZA_2007,Tanzania,2007,907.56,TZA
TZA_2008,Tanzania,2008,1102.78,TZA
TZA_2009,Tanzania,2009,1165.5,TZA
TZA_2010,Tanzania,2010,1224.09,TZA
TZA_2011,Tanzania,2011,1246.49,TZA
TZA_2012,Tanzania,2012,1259.69,TZA
TZA_2013,Tanzania,2013,1080.14,TZA
TZA_2014,Tanzania,2014,993.78,TZA
TZA_2015,Tanzania,2015,1075.07,TZA
TZA_2016,Tanzania,2016,1145.78,TZA
TZA_2017,Tanzania,2017,1420.98,TZA
TZA_2018,Tanzania,2018,1250.0,TZA
TZA_2019,Tanzania,2019,1328.52,TZA
TZA_2020,Tanzania,2020,1486.85,TZA
TZA_2021,Tanzania,2021,1688.38,TZA
TZA_2022,Tanzania,2022,1492.41,TZA
TZA_2023,Tanzania,2023,1560.0,TZA
TZA_2024,Tanzania,2024,1450.0,TZA
THA_1960,Thailand,1960,0.0,THA
THA_1961,Thailand,1961,0.0,THA
THA_1962,Thailand,1962,0.0,THA
THA_1963,Thailand,1963,0.0,THA
THA_1964,Thailand,1964,0.0,THA
THA_1965,Thailand,1965,0.0,THA
THA_1966,Thailand,1966,0.0,THA
THA_1967,Thailand,1967,0.0,THA
THA_1968,Thailand,1968,0.0,THA
THA_1969,Thailand,1969,0.0,THA
THA_1970,Thailand,1970,0.0,THA
THA_1971,Thailand,1971,0.0,THA
THA_1972,Thailand,1972,0.0,THA
THA_1973,Thailand,1973,0.0,THA
THA_1974,Thailand,1974,0.0,THA
THA_1975,Thailand,1975,0.0,THA
THA_1976,Thailand,1976,0.0,THA
THA_1977,Thailand,1977,0.0,THA
THA_1978,Thailand,1978,0.0,THA
THA_1979,Thailand,1979,0.0,THA
THA_1980,Thailand,1980,0.0,THA
THA_1981,Thailand,1981,0.0,THA
THA_1982,Thailand,1982,0.0,THA
THA_1983,Thailand,1983,0.0,THA
THA_1984,Thailand,1984,0.0,THA
THA_1985,Thailand,1985,0.0,THA
THA_1986,Thailand,1986,0.0,THA
THA_1987,Thailand,1987,0.0,THA
THA_1988,Thailand,1988,0.0,THA
THA_1989,Thailand,1989,0.0,THA
THA_1990,Thailand,1990,0.0,THA
THA_1991,Thailand,1991,6.8,THA
THA_1992,Thailand,1992,0.0,THA
THA_1993,Thailand,1993,0.0,THA
THA_1994,Thailand,1994,0.0,THA
THA_1995,Thailand,1995,0.0,THA
THA_1996,Thailand,1996,0.0,THA
THA_1997,Thailand,1997,0.0,THA
THA_1998,Thailand,1998,5.69,THA
THA_1999,Thailand,1999,0.0,THA
THA_2000,Thailand,2000,0.0,THA
THA_2001,Thailand,2001,0.0,THA
THA_2002,Thailand,2002,0.0,THA
THA_2003,Thailand,2003,0.0,THA
THA_2004,Thailand,2004,0.0,THA
THA_2005,Thailand,2005,0.0,THA
THA_2006,Thailand,2006,0.01,THA
THA_2007,Thailand,2007,0.0,THA
THA_2008,Thailand,2008,4.39,THA
THA_2009,Thailand,2009,8.3,THA
THA_2010,Thailand,2010,2.16,THA
THA_2011,Thailand,2011,4.65,THA
THA_2012,Thailand,2012,1.91,THA
THA_2013,Thailand,2013,0.0,THA
THA_2014,Thailand,2014,0.0,THA
THA_2015,Thailand,2015,0.0,THA
THA_2016,Thailand,2016,0.0,THA
THA_2017,Thailand,2017,0.0,THA
THA_2018,Thailand,2018,0.0,THA
THA_2019,Thailand,2019,0.0,THA
THA_2020,Thailand,2020,0.0,THA
THA_2021,Thailand,2021,0.0,THA
THA_2022,Thailand,2022,0.0,THA
THA_2023,Thailand,2023,0.0,THA
THA_2024,Thailand,2024,0.0,THA
GMB_1960,The Gambia,1960,,GMB
GMB_1961,The Gambia,1961,,GMB
GMB_1962,The Gambia,1962,,GMB
GMB_1963,The Gambia,1963,,GMB
GMB_1964,The Gambia,1964,,GMB
GMB_1965,The Gambia,1965,0.0,GMB
GMB_1966,The Gambia,1966,0.0,GMB
GMB_1967,The Gambia,1967,0.0,GMB
GMB_1968,The Gambia,1968,0.0,GMB
GMB_1969,The Gambia,1969,0.0,GMB
GMB_1970,The Gambia,1970,0.0,GMB
GMB_1971,The Gambia,1971,0.0,GMB
GMB_1972,The Gambia,1972,0.0,GMB
GMB_1973,The Gambia,1973,0.0,GMB
GMB_1974,The Gambia,1974,0.0,GMB
GMB_1975,The Gambia,1975,0.0,GMB
GMB_1976,The Gambia,1976,0.0,GMB
GMB_1977,The Gambia,1977,0.02,GMB
GMB_1978,The Gambia,1978,0.04,GMB
GMB_1979,The Gambia,1979,0.0,GMB
GMB_1980,The Gambia,1980,0.29,GMB
GMB_1981,The Gambia,1981,0.57,GMB
GMB_1982,The Gambia,1982,2.42,GMB
GMB_1983,The Gambia,1983,4.95,GMB
GMB_1984,The Gambia,1984,11.38,GMB
GMB_1985,The Gambia,1985,56.86,GMB
GMB_1986,The Gambia,1986,49.6,GMB
GMB_1987,The Gambia,1987,11.63,GMB
GMB_1988,The Gambia,1988,28.83,GMB
GMB_1989,The Gambia,1989,11.36,GMB
GMB_1990,The Gambia,1990,2.49,GMB
GMB_1991,The Gambia,1991,4.09,GMB
GMB_1992,The Gambia,1992,2.2,GMB
GMB_1993,The Gambia,1993,4.46,GMB
GMB_1994,The Gambia,1994,6.4,GMB
GMB_1995,The Gambia,1995,2.89,GMB
GMB_1996,The Gambia,1996,2.05,GMB
GMB_1997,The Gambia,1997,1.15,GMB
GMB_1998,The Gambia,1998,0.87,GMB
GMB_1999,The Gambia,1999,1.43,GMB
GMB_2000,The Gambia,2000,3.29,GMB
GMB_2001,The Gambia,2001,6.56,GMB
GMB_2002,The Gambia,2002,11.03,GMB
GMB_2003,The Gambia,2003,17.81,GMB
GMB_2004,The Gambia,2004,19.54,GMB
GMB_2005,The Gambia,2005,29.75,GMB
GMB_2006,The Gambia,2006,33.19,GMB
GMB_2007,The Gambia,2007,45.15,GMB
GMB_2008,The Gambia,2008,267.23,GMB
GMB_2009,The Gambia,2009,31.18,GMB
GMB_2010,The Gambia,2010,45.26,GMB
GMB_2011,The Gambia,2011,27.47,GMB
GMB_2012,The Gambia,2012,34.5,GMB
GMB_2013,The Gambia,2013,21.46,GMB
GMB_2014,The Gambia,2014,16.24,GMB
GMB_2015,The Gambia,2015,13.97,GMB
GMB_2016,The Gambia,2016,1.5,GMB
GMB_2017,The Gambia,2017,47.93,GMB
GMB_2018,The Gambia,2018,9.67,GMB
GMB_2019,The Gambia,2019,6.48,GMB
GMB_2020,The Gambia,2020,20.89,GMB
GMB_2021,The Gambia,2021,21.89,GMB
GMB_2022,The Gambia,2022,22.43,GMB
GMB_2023,The Gambia,2023,36.0,GMB
GMB_2024,The Gambia,2024,35.0,GMB
TGO_1960,Togo,1960,0.0,TGO
TGO_1961,Togo,1961,0.0,TGO
TGO_1962,Togo,1962,0.0,TGO
TGO_1963,Togo,1963,0.0,TGO
TGO_1964,Togo,1964,0.0,TGO
TGO_1965,Togo,1965,0.0,TGO
TGO_1966,Togo,1966,0.0,TGO
TGO_1967,Togo,1967,0.0,TGO
TGO_1968,Togo,1968,0.0,TGO
TGO_1969,Togo,1969,0.0,TGO
TGO_1970,Togo,1970,0.15,TGO
TGO_1971,Togo,1971,2.24,TGO
TGO_1972,Togo,1972,1.88,TGO
TGO_1973,Togo,1973,2.29,TGO
TGO_1974,Togo,1974,0.79,TGO
TGO_1975,Togo,1975,0.64,TGO
TGO_1976,Togo,1976,5.11,TGO
TGO_1977,Togo,1977,9.47,TGO
TGO_1978,Togo,1978,44.64,TGO
TGO_1979,Togo,1979,333.34,TGO
TGO_1980,Togo,1980,117.74,TGO
TGO_1981,Togo,1981,343.04,TGO
TGO_1982,Togo,1982,196.68,TGO
TGO_1983,Togo,1983,338.23,TGO
TGO_1984,Togo,1984,70.0,TGO
TGO_1985,Togo,1985,30.27,TGO
TGO_1986,Togo,1986,10.78,TGO
TGO_1987,Togo,1987,118.49,TGO
TGO_1988,Togo,1988,208.68,TGO
TGO_1989,Togo,1989,298.96,TGO
TGO_1990,Togo,1990,191.91,TGO
TGO_1991,Togo,1991,49.73,TGO
TGO_1992,Togo,1992,145.49,TGO
TGO_1993,Togo,1993,119.43,TGO
TGO_1994,Togo,1994,197.0,TGO
TGO_1995,Togo,1995,561.95,TGO
TGO_1996,Togo,1996,120.83,TGO
TGO_1997,Togo,1997,147.97,TGO
TGO_1998,Togo,1998,52.53,TGO
TGO_1999,Togo,1999,69.53,TGO
TGO_2000,Togo,2000,126.8,TGO
TGO_2001,Togo,2001,157.81,TGO
TGO_2002,Togo,2002,260.85,TGO
TGO_2003,Togo,2003,379.01,TGO
TGO_2004,Togo,2004,527.51,TGO
TGO_2005,Togo,2005,540.36,TGO
TGO_2006,Togo,2006,658.67,TGO
TGO_2007,Togo,2007,775.41,TGO
TGO_2008,Togo,2008,775.6,TGO
TGO_2009,Togo,2009,136.29,TGO
TGO_2010,Togo,2010,615.06,TGO
TGO_2011,Togo,2011,742.81,TGO
TGO_2012,Togo,2012,41.03,TGO
TGO_2013,Togo,2013,9.37,TGO
TGO_2014,Togo,2014,6.28,TGO
TGO_2015,Togo,2015,5.32,TGO
TGO_2016,Togo,2016,1.02,TGO
TGO_2017,Togo,2017,0.03,TGO
TGO_2018,Togo,2018,0.0,TGO
TGO_2019,Togo,2019,0.0,TGO
TGO_2020,Togo,2020,21.68,TGO
TGO_2021,Togo,2021,20.09,TGO
TGO_2022,Togo,2022,1.86,TGO
TGO_2023,Togo,2023,2.0,TGO
TGO_2024,Togo,2024,2.0,TGO
TON_1960,Tonga,1960,,TON
TON_1961,Tonga,1961,,TON
TON_1962,Tonga,1962,,TON
TON_1963,Tonga,1963,,TON
TON_1964,Tonga,1964,,TON
TON_1965,Tonga,1965,,TON
TON_1966,Tonga,1966,,TON
TON_1967,Tonga,1967,,TON
TON_1968,Tonga,1968,,TON
TON_1969,Tonga,1969,,TON
TON_1970,Tonga,1970,0.0,TON
TON_1971,Tonga,1971,0.0,TON
TON_1972,Tonga,1972,0.0,TON
TON_1973,Tonga,1973,0.0,TON
TON_1974,Tonga,1974,0.0,TON
TON_1975,Tonga,1975,0.0,TON
TON_1976,Tonga,1976,0.0,TON
TON_1977,Tonga,1977,0.0,TON
TON_1978,Tonga,1978,0.0,TON
TON_1979,Tonga,1979,0.0,TON
TON_1980,Tonga,1980,0.0,TON
TON_1981,Tonga,1981,0.0,TON
TON_1982,Tonga,1982,0.0,TON
TON_1983,Tonga,1983,0.0,TON
TON_1984,Tonga,1984,0.0,TON
TON_1985,Tonga,1985,0.0,TON
TON_1986,Tonga,1986,0.0,TON
TON_1987,Tonga,1987,0.0,TON
TON_1988,Tonga,1988,0.0,TON
TON_1989,Tonga,1989,0.0,TON
TON_1990,Tonga,1990,0.0,TON
TON_1991,Tonga,1991,0.0,TON
TON_1992,Tonga,1992,0.0,TON
TON_1993,Tonga,1993,0.0,TON
TON_1994,Tonga,1994,0.0,TON
TON_1995,Tonga,1995,0.0,TON
TON_1996,Tonga,1996,0.0,TON
TON_1997,Tonga,1997,0.03,TON
TON_1998,Tonga,1998,0.06,TON
TON_1999,Tonga,1999,0.31,TON
TON_2000,Tonga,2000,0.67,TON
TON_2001,Tonga,2001,1.8,TON
TON_2002,Tonga,2002,2.02,TON
TON_2003,Tonga,2003,2.7,TON
TON_2004,Tonga,2004,2.9,TON
TON_2005,Tonga,2005,0.68,TON
TON_2006,Tonga,2006,1.43,TON
TON_2007,Tonga,2007,0.65,TON
TON_2008,Tonga,2008,2.41,TON
TON_2009,Tonga,2009,0.73,TON
TON_2010,Tonga,2010,0.02,TON
TON_2011,Tonga,2011,0.08,TON
TON_2012,Tonga,2012,0.1,TON
TON_2013,Tonga,2013,2.35,TON
TON_2014,Tonga,2014,0.82,TON
TON_2015,Tonga,2015,1.54,TON
TON_2016,Tonga,2016,4.0,TON
TON_2017,Tonga,2017,0.0,TON
TON_2018,Tonga,2018,0.0,TON
TON_2019,Tonga,2019,0.0,TON
TON_2020,Tonga,2020,3.04,TON
TON_2021,Tonga,2021,6.42,TON
TON_2022,Tonga,2022,0.0,TON
TON_2023,Tonga,2023,0.0,TON
TON_2024,Tonga,2024,0.0,TON
TTO_1960,Trinidad & Tobago,1960,,TTO
TTO_1961,Trinidad & Tobago,1961,,TTO
TTO_1962,Trinidad & Tobago,1962,0.0,TTO
TTO_1963,Trinidad & Tobago,1963,0.0,TTO
TTO_1964,Trinidad & Tobago,1964,0.0,TTO
TTO_1965,Trinidad & Tobago,1965,0.0,TTO
TTO_1966,Trinidad & Tobago,1966,0.0,TTO
TTO_1967,Trinidad & Tobago,1967,0.0,TTO
TTO_1968,Trinidad & Tobago,1968,0.0,TTO
TTO_1969,Trinidad & Tobago,1969,0.0,TTO
TTO_1970,Trinidad & Tobago,1970,0.0,TTO
TTO_1971,Trinidad & Tobago,1971,0.0,TTO
TTO_1972,Trinidad & Tobago,1972,0.0,TTO
TTO_1973,Trinidad & Tobago,1973,0.0,TTO
TTO_1974,Trinidad & Tobago,1974,0.0,TTO
TTO_1975,Trinidad & Tobago,1975,0.0,TTO
TTO_1976,Trinidad & Tobago,1976,0.0,TTO
TTO_1977,Trinidad & Tobago,1977,0.0,TTO
TTO_1978,Trinidad & Tobago,1978,0.0,TTO
TTO_1979,Trinidad & Tobago,1979,0.0,TTO
TTO_1980,Trinidad & Tobago,1980,0.0,TTO
TTO_1981,Trinidad & Tobago,1981,0.0,TTO
TTO_1982,Trinidad & Tobago,1982,0.0,TTO
TTO_1983,Trinidad & Tobago,1983,0.0,TTO
TTO_1984,Trinidad & Tobago,1984,0.0,TTO
TTO_1985,Trinidad & Tobago,1985,0.0,TTO
TTO_1986,Trinidad & Tobago,1986,0.0,TTO
TTO_1987,Trinidad & Tobago,1987,0.0,TTO
TTO_1988,Trinidad & Tobago,1988,401.51,TTO
TTO_1989,Trinidad & Tobago,1989,655.0,TTO
TTO_1990,Trinidad & Tobago,1990,110.0,TTO
TTO_1991,Trinidad & Tobago,1991,0.0,TTO
TTO_1992,Trinidad & Tobago,1992,0.0,TTO
TTO_1993,Trinidad & Tobago,1993,0.0,TTO
TTO_1994,Trinidad & Tobago,1994,0.0,TTO
TTO_1995,Trinidad & Tobago,1995,0.0,TTO
TTO_1996,Trinidad & Tobago,1996,0.0,TTO
TTO_1997,Trinidad & Tobago,1997,0.0,TTO
TTO_1998,Trinidad & Tobago,1998,0.0,TTO
TTO_1999,Trinidad & Tobago,1999,0.0,TTO
TTO_2000,Trinidad & Tobago,2000,0.0,TTO
TTO_2001,Trinidad & Tobago,2001,0.0,TTO
TTO_2002,Trinidad & Tobago,2002,0.0,TTO
TTO_2003,Trinidad & Tobago,2003,0.0,TTO
TTO_2004,Trinidad & Tobago,2004,0.0,TTO
TTO_2005,Trinidad & Tobago,2005,0.0,TTO
TTO_2006,Trinidad & Tobago,2006,0.0,TTO
TTO_2007,Trinidad & Tobago,2007,0.0,TTO
TTO_2008,Trinidad & Tobago,2008,0.0,TTO
TTO_2009,Trinidad & Tobago,2009,0.0,TTO
TTO_2010,Trinidad & Tobago,2010,0.0,TTO
TTO_2011,Trinidad & Tobago,2011,0.0,TTO
TTO_2012,Trinidad & Tobago,2012,0.0,TTO
TTO_2013,Trinidad & Tobago,2013,0.0,TTO
TTO_2014,Trinidad & Tobago,2014,0.0,TTO
TTO_2015,Trinidad & Tobago,2015,0.0,TTO
TTO_2016,Trinidad & Tobago,2016,0.0,TTO
TTO_2017,Trinidad & Tobago,2017,0.0,TTO
TTO_2018,Trinidad & Tobago,2018,0.0,TTO
TTO_2019,Trinidad & Tobago,2019,0.0,TTO
TTO_2020,Trinidad & Tobago,2020,0.0,TTO
TTO_2021,Trinidad & Tobago,2021,0.0,TTO
TTO_2022,Trinidad & Tobago,2022,0.0,TTO
TTO_2023,Trinidad & Tobago,2023,0.0,TTO
TTO_2024,Trinidad & Tobago,2024,0.0,TTO
TUN_1960,Tunisia,1960,0.0,TUN
TUN_1961,Tunisia,1961,0.0,TUN
TUN_1962,Tunisia,1962,0.0,TUN
TUN_1963,Tunisia,1963,0.0,TUN
TUN_1964,Tunisia,1964,0.0,TUN
TUN_1965,Tunisia,1965,0.0,TUN
TUN_1966,Tunisia,1966,0.0,TUN
TUN_1967,Tunisia,1967,0.0,TUN
TUN_1968,Tunisia,1968,0.0,TUN
TUN_1969,Tunisia,1969,0.0,TUN
TUN_1970,Tunisia,1970,2.83,TUN
TUN_1971,Tunisia,1971,4.53,TUN
TUN_1972,Tunisia,1972,4.75,TUN
TUN_1973,Tunisia,1973,5.34,TUN
TUN_1974,Tunisia,1974,5.73,TUN
TUN_1975,Tunisia,1975,5.78,TUN
TUN_1976,Tunisia,1976,5.22,TUN
TUN_1977,Tunisia,1977,5.7,TUN
TUN_1978,Tunisia,1978,6.87,TUN
TUN_1979,Tunisia,1979,6.71,TUN
TUN_1980,Tunisia,1980,6.13,TUN
TUN_1981,Tunisia,1981,4.6,TUN
TUN_1982,Tunisia,1982,4.06,TUN
TUN_1983,Tunisia,1983,6.61,TUN
TUN_1984,Tunisia,1984,3.19,TUN
TUN_1985,Tunisia,1985,16.92,TUN
TUN_1986,Tunisia,1986,21.35,TUN
TUN_1987,Tunisia,1987,5.28,TUN
TUN_1988,Tunisia,1988,0.0,TUN
TUN_1989,Tunisia,1989,6.31,TUN
TUN_1990,Tunisia,1990,22.09,TUN
TUN_1991,Tunisia,1991,82.26,TUN
TUN_1992,Tunisia,1992,13.63,TUN
TUN_1993,Tunisia,1993,3.2,TUN
TUN_1994,Tunisia,1994,16.44,TUN
TUN_1995,Tunisia,1995,0.74,TUN
TUN_1996,Tunisia,1996,0.19,TUN
TUN_1997,Tunisia,1997,0.0,TUN
TUN_1998,Tunisia,1998,0.0,TUN
TUN_1999,Tunisia,1999,0.0,TUN
TUN_2000,Tunisia,2000,0.0,TUN
TUN_2001,Tunisia,2001,0.0,TUN
TUN_2002,Tunisia,2002,0.0,TUN
TUN_2003,Tunisia,2003,0.0,TUN
TUN_2004,Tunisia,2004,0.0,TUN
TUN_2005,Tunisia,2005,0.0,TUN
TUN_2006,Tunisia,2006,0.0,TUN
TUN_2007,Tunisia,2007,0.0,TUN
TUN_2008,Tunisia,2008,0.0,TUN
TUN_2009,Tunisia,2009,0.0,TUN
TUN_2010,Tunisia,2010,0.0,TUN
TUN_2011,Tunisia,2011,0.0,TUN
TUN_2012,Tunisia,2012,0.0,TUN
TUN_2013,Tunisia,2013,5.5,TUN
TUN_2014,Tunisia,2014,2.42,TUN
TUN_2015,Tunisia,2015,0.27,TUN
TUN_2016,Tunisia,2016,0.0,TUN
TUN_2017,Tunisia,2017,0.0,TUN
TUN_2018,Tunisia,2018,0.0,TUN
TUN_2019,Tunisia,2019,0.0,TUN
TUN_2020,Tunisia,2020,0.0,TUN
TUN_2021,Tunisia,2021,0.0,TUN
TUN_2022,Tunisia,2022,0.0,TUN
TUN_2023,Tunisia,2023,0.0,TUN
TUN_2024,Tunisia,2024,0.0,TUN
TUR_1960,Turkey,1960,0.0,TUR
TUR_1961,Turkey,1961,0.0,TUR
TUR_1962,Turkey,1962,0.0,TUR
TUR_1963,Turkey,1963,0.0,TUR
TUR_1964,Turkey,1964,0.0,TUR
TUR_1965,Turkey,1965,220.0,TUR
TUR_1966,Turkey,1966,0.0,TUR
TUR_1967,Turkey,1967,0.0,TUR
TUR_1968,Turkey,1968,0.0,TUR
TUR_1969,Turkey,1969,0.0,TUR
TUR_1970,Turkey,1970,75.0,TUR
TUR_1971,Turkey,1971,0.52,TUR
TUR_1972,Turkey,1972,0.0,TUR
TUR_1973,Turkey,1973,0.0,TUR
TUR_1974,Turkey,1974,0.0,TUR
TUR_1975,Turkey,1975,0.0,TUR
TUR_1976,Turkey,1976,0.0,TUR
TUR_1977,Turkey,1977,0.21,TUR
TUR_1978,Turkey,1978,3300.37,TUR
TUR_1979,Turkey,1979,4064.45,TUR
TUR_1980,Turkey,1980,3033.95,TUR
TUR_1981,Turkey,1981,130.34,TUR
TUR_1982,Turkey,1982,2925.41,TUR
TUR_1983,Turkey,1983,23.54,TUR
TUR_1984,Turkey,1984,21.53,TUR
TUR_1985,Turkey,1985,0.0,TUR
TUR_1986,Turkey,1986,0.0,TUR
TUR_1987,Turkey,1987,0.0,TUR
TUR_1988,Turkey,1988,0.0,TUR
TUR_1989,Turkey,1989,0.0,TUR
TUR_1990,Turkey,1990,0.0,TUR
TUR_1991,Turkey,1991,0.0,TUR
TUR_1992,Turkey,1992,0.0,TUR
TUR_1993,Turkey,1993,0.0,TUR
TUR_1994,Turkey,1994,0.0,TUR
TUR_1995,Turkey,1995,0.0,TUR
TUR_1996,Turkey,1996,0.0,TUR
TUR_1997,Turkey,1997,0.0,TUR
TUR_1998,Turkey,1998,0.0,TUR
TUR_1999,Turkey,1999,48280.0,TUR
TUR_2000,Turkey,2000,0.0,TUR
TUR_2001,Turkey,2001,0.0,TUR
TUR_2002,Turkey,2002,0.0,TUR
TUR_2003,Turkey,2003,0.0,TUR
TUR_2004,Turkey,2004,0.0,TUR
TUR_2005,Turkey,2005,0.0,TUR
TUR_2006,Turkey,2006,0.0,TUR
TUR_2007,Turkey,2007,0.0,TUR
TUR_2008,Turkey,2008,0.0,TUR
TUR_2009,Turkey,2009,0.0,TUR
TUR_2010,Turkey,2010,0.0,TUR
TUR_2011,Turkey,2011,13.61,TUR
TUR_2012,Turkey,2012,0.0,TUR
TUR_2013,Turkey,2013,0.0,TUR
TUR_2014,Turkey,2014,0.0,TUR
TUR_2015,Turkey,2015,0.0,TUR
TUR_2016,Turkey,2016,0.0,TUR
TUR_2017,Turkey,2017,563.0,TUR
TUR_2018,Turkey,2018,0.0,TUR
TUR_2019,Turkey,2019,0.0,TUR
TUR_2020,Turkey,2020,0.14,TUR
TUR_2021,Turkey,2021,0.0,TUR
TUR_2022,Turkey,2022,0.0,TUR
TUR_2023,Turkey,2023,0.0,TUR
TUR_2024,Turkey,2024,0.0,TUR
TKM_1960,Turkmenistan,1960,,TKM
TKM_1961,Turkmenistan,1961,,TKM
TKM_1962,Turkmenistan,1962,,TKM
TKM_1963,Turkmenistan,1963,,TKM
TKM_1964,Turkmenistan,1964,,TKM
TKM_1965,Turkmenistan,1965,,TKM
TKM_1966,Turkmenistan,1966,,TKM
TKM_1967,Turkmenistan,1967,,TKM
TKM_1968,Turkmenistan,1968,,TKM
TKM_1969,Turkmenistan,1969,,TKM
TKM_1970,Turkmenistan,1970,,TKM
TKM_1971,Turkmenistan,1971,,TKM
TKM_1972,Turkmenistan,1972,,TKM
TKM_1973,Turkmenistan,1973,,TKM
TKM_1974,Turkmenistan,1974,,TKM
TKM_1975,Turkmenistan,1975,,TKM
TKM_1976,Turkmenistan,1976,,TKM
TKM_1977,Turkmenistan,1977,,TKM
TKM_1978,Turkmenistan,1978,,TKM
TKM_1979,Turkmenistan,1979,,TKM
TKM_1980,Turkmenistan,1980,,TKM
TKM_1981,Turkmenistan,1981,,TKM
TKM_1982,Turkmenistan,1982,,TKM
TKM_1983,Turkmenistan,1983,,TKM
TKM_1984,Turkmenistan,1984,,TKM
TKM_1985,Turkmenistan,1985,,TKM
TKM_1986,Turkmenistan,1986,,TKM
TKM_1987,Turkmenistan,1987,,TKM
TKM_1988,Turkmenistan,1988,,TKM
TKM_1989,Turkmenistan,1989,,TKM
TKM_1990,Turkmenistan,1990,,TKM
TKM_1991,Turkmenistan,1991,0.0,TKM
TKM_1992,Turkmenistan,1992,0.0,TKM
TKM_1993,Turkmenistan,1993,0.0,TKM
TKM_1994,Turkmenistan,1994,38.4,TKM
TKM_1995,Turkmenistan,1995,139.64,TKM
TKM_1996,Turkmenistan,1996,64.61,TKM
TKM_1997,Turkmenistan,1997,68.38,TKM
TKM_1998,Turkmenistan,1998,89.49,TKM
TKM_1999,Turkmenistan,1999,90.29,TKM
TKM_2000,Turkmenistan,2000,200.83,TKM
TKM_2001,Turkmenistan,2001,123.8,TKM
TKM_2002,Turkmenistan,2002,56.31,TKM
TKM_2003,Turkmenistan,2003,25.95,TKM
TKM_2004,Turkmenistan,2004,29.09,TKM
TKM_2005,Turkmenistan,2005,22.38,TKM
TKM_2006,Turkmenistan,2006,5.06,TKM
TKM_2007,Turkmenistan,2007,5.14,TKM
TKM_2008,Turkmenistan,2008,1.42,TKM
TKM_2009,Turkmenistan,2009,1.42,TKM
TKM_2010,Turkmenistan,2010,0.94,TKM
TKM_2011,Turkmenistan,2011,0.0,TKM
TKM_2012,Turkmenistan,2012,0.01,TKM
TKM_2013,Turkmenistan,2013,0.0,TKM
TKM_2014,Turkmenistan,2014,0.0,TKM
TKM_2015,Turkmenistan,2015,0.0,TKM
TKM_2016,Turkmenistan,2016,0.0,TKM
TKM_2017,Turkmenistan,2017,0.0,TKM
TKM_2018,Turkmenistan,2018,0.0,TKM
TKM_2019,Turkmenistan,2019,0.0,TKM
TKM_2020,Turkmenistan,2020,0.0,TKM
TKM_2021,Turkmenistan,2021,0.0,TKM
TKM_2022,Turkmenistan,2022,0.0,TKM
TKM_2023,Turkmenistan,2023,0.0,TKM
TKM_2024,Turkmenistan,2024,0.0,TKM
TUV_1960,Tuvalu,1960,,TUV
TUV_1961,Tuvalu,1961,,TUV
TUV_1962,Tuvalu,1962,,TUV
TUV_1963,Tuvalu,1963,,TUV
TUV_1964,Tuvalu,1964,,TUV
TUV_1965,Tuvalu,1965,,TUV
TUV_1966,Tuvalu,1966,,TUV
TUV_1967,Tuvalu,1967,,TUV
TUV_1968,Tuvalu,1968,,TUV
TUV_1969,Tuvalu,1969,,TUV
TUV_1970,Tuvalu,1970,,TUV
TUV_1971,Tuvalu,1971,,TUV
TUV_1972,Tuvalu,1972,,TUV
TUV_1973,Tuvalu,1973,,TUV
TUV_1974,Tuvalu,1974,,TUV
TUV_1975,Tuvalu,1975,,TUV
TUV_1976,Tuvalu,1976,,TUV
TUV_1977,Tuvalu,1977,,TUV
TUV_1978,Tuvalu,1978,,TUV
TUV_1979,Tuvalu,1979,,TUV
TUV_1980,Tuvalu,1980,,TUV
TUV_1981,Tuvalu,1981,,TUV
TUV_1982,Tuvalu,1982,,TUV
TUV_1983,Tuvalu,1983,,TUV
TUV_1984,Tuvalu,1984,,TUV
TUV_1985,Tuvalu,1985,,TUV
TUV_1986,Tuvalu,1986,,TUV
TUV_1987,Tuvalu,1987,,TUV
TUV_1988,Tuvalu,1988,,TUV
TUV_1989,Tuvalu,1989,,TUV
TUV_1990,Tuvalu,1990,,TUV
TUV_1991,Tuvalu,1991,,TUV
TUV_1992,Tuvalu,1992,,TUV
TUV_1993,Tuvalu,1993,,TUV
TUV_1994,Tuvalu,1994,,TUV
TUV_1995,Tuvalu,1995,,TUV
TUV_1996,Tuvalu,1996,,TUV
TUV_1997,Tuvalu,1997,,TUV
TUV_1998,Tuvalu,1998,,TUV
TUV_1999,Tuvalu,1999,,TUV
TUV_2000,Tuvalu,2000,,TUV
TUV_2001,Tuvalu,2001,,TUV
TUV_2002,Tuvalu,2002,,TUV
TUV_2003,Tuvalu,2003,,TUV
TUV_2004,Tuvalu,2004,,TUV
TUV_2005,Tuvalu,2005,,TUV
TUV_2006,Tuvalu,2006,,TUV
TUV_2007,Tuvalu,2007,,TUV
TUV_2008,Tuvalu,2008,,TUV
TUV_2009,Tuvalu,2009,,TUV
TUV_2010,Tuvalu,2010,,TUV
TUV_2011,Tuvalu,2011,,TUV
TUV_2012,Tuvalu,2012,,TUV
TUV_2013,Tuvalu,2013,,TUV
TUV_2014,Tuvalu,2014,,TUV
TUV_2015,Tuvalu,2015,,TUV
TUV_2016,Tuvalu,2016,,TUV
TUV_2017,Tuvalu,2017,,TUV
TUV_2018,Tuvalu,2018,,TUV
TUV_2019,Tuvalu,2019,,TUV
TUV_2020,Tuvalu,2020,,TUV
TUV_2021,Tuvalu,2021,,TUV
TUV_2022,Tuvalu,2022,,TUV
TUV_2023,Tuvalu,2023,,TUV
TUV_2024,Tuvalu,2024,,TUV
UGA_1960,Uganda,1960,,UGA
UGA_1961,Uganda,1961,,UGA
UGA_1962,Uganda,1962,0.0,UGA
UGA_1963,Uganda,1963,0.0,UGA
UGA_1964,Uganda,1964,0.0,UGA
UGA_1965,Uganda,1965,0.0,UGA
UGA_1966,Uganda,1966,0.0,UGA
UGA_1967,Uganda,1967,0.0,UGA
UGA_1968,Uganda,1968,0.0,UGA
UGA_1969,Uganda,1969,0.0,UGA
UGA_1970,Uganda,1970,0.06,UGA
UGA_1971,Uganda,1971,0.07,UGA
UGA_1972,Uganda,1972,0.43,UGA
UGA_1973,Uganda,1973,0.57,UGA
UGA_1974,Uganda,1974,1.0,UGA
UGA_1975,Uganda,1975,4.32,UGA
UGA_1976,Uganda,1976,12.81,UGA
UGA_1977,Uganda,1977,15.74,UGA
UGA_1978,Uganda,1978,40.1,UGA
UGA_1979,Uganda,1979,66.78,UGA
UGA_1980,Uganda,1980,100.61,UGA
UGA_1981,Uganda,1981,74.47,UGA
UGA_1982,Uganda,1982,56.22,UGA
UGA_1983,Uganda,1983,39.04,UGA
UGA_1984,Uganda,1984,47.96,UGA
UGA_1985,Uganda,1985,68.18,UGA
UGA_1986,Uganda,1986,107.24,UGA
UGA_1987,Uganda,1987,368.2,UGA
UGA_1988,Uganda,1988,185.91,UGA
UGA_1989,Uganda,1989,232.33,UGA
UGA_1990,Uganda,1990,399.99,UGA
UGA_1991,Uganda,1991,464.26,UGA
UGA_1992,Uganda,1992,419.15,UGA
UGA_1993,Uganda,1993,425.12,UGA
UGA_1994,Uganda,1994,465.28,UGA
UGA_1995,Uganda,1995,511.97,UGA
UGA_1996,Uganda,1996,282.4,UGA
UGA_1997,Uganda,1997,340.64,UGA
UGA_1998,Uganda,1998,397.11,UGA
UGA_1999,Uganda,1999,260.4,UGA
UGA_2000,Uganda,2000,309.38,UGA
UGA_2001,Uganda,2001,323.43,UGA
UGA_2002,Uganda,2002,352.21,UGA
UGA_2003,Uganda,2003,345.96,UGA
UGA_2004,Uganda,2004,305.28,UGA
UGA_2005,Uganda,2005,113.43,UGA
UGA_2006,Uganda,2006,3652.33,UGA
UGA_2007,Uganda,2007,99.27,UGA
UGA_2008,Uganda,2008,83.76,UGA
UGA_2009,Uganda,2009,77.02,UGA
UGA_2010,Uganda,2010,103.65,UGA
UGA_2011,Uganda,2011,76.95,UGA
UGA_2012,Uganda,2012,76.96,UGA
UGA_2013,Uganda,2013,77.28,UGA
UGA_2014,Uganda,2014,85.06,UGA
UGA_2015,Uganda,2015,70.12,UGA
UGA_2016,Uganda,2016,70.01,UGA
UGA_2017,Uganda,2017,70.12,UGA
UGA_2018,Uganda,2018,70.49,UGA
UGA_2019,Uganda,2019,70.48,UGA
UGA_2020,Uganda,2020,70.53,UGA
UGA_2021,Uganda,2021,70.67,UGA
UGA_2022,Uganda,2022,70.46,UGA
UGA_2023,Uganda,2023,71.0,UGA
UGA_2024,Uganda,2024,71.0,UGA
UKR_1960,Ukraine,1960,,UKR
UKR_1961,Ukraine,1961,,UKR
UKR_1962,Ukraine,1962,,UKR
UKR_1963,Ukraine,1963,,UKR
UKR_1964,Ukraine,1964,,UKR
UKR_1965,Ukraine,1965,,UKR
UKR_1966,Ukraine,1966,,UKR
UKR_1967,Ukraine,1967,,UKR
UKR_1968,Ukraine,1968,,UKR
UKR_1969,Ukraine,1969,,UKR
UKR_1970,Ukraine,1970,,UKR
UKR_1971,Ukraine,1971,,UKR
UKR_1972,Ukraine,1972,,UKR
UKR_1973,Ukraine,1973,,UKR
UKR_1974,Ukraine,1974,,UKR
UKR_1975,Ukraine,1975,,UKR
UKR_1976,Ukraine,1976,,UKR
UKR_1977,Ukraine,1977,,UKR
UKR_1978,Ukraine,1978,,UKR
UKR_1979,Ukraine,1979,,UKR
UKR_1980,Ukraine,1980,,UKR
UKR_1981,Ukraine,1981,,UKR
UKR_1982,Ukraine,1982,,UKR
UKR_1983,Ukraine,1983,,UKR
UKR_1984,Ukraine,1984,,UKR
UKR_1985,Ukraine,1985,,UKR
UKR_1986,Ukraine,1986,,UKR
UKR_1987,Ukraine,1987,,UKR
UKR_1988,Ukraine,1988,,UKR
UKR_1989,Ukraine,1989,,UKR
UKR_1990,Ukraine,1990,,UKR
UKR_1991,Ukraine,1991,0.0,UKR
UKR_1992,Ukraine,1992,1.99,UKR
UKR_1993,Ukraine,1993,31.52,UKR
UKR_1994,Ukraine,1994,807.14,UKR
UKR_1995,Ukraine,1995,1257.24,UKR
UKR_1996,Ukraine,1996,106.47,UKR
UKR_1997,Ukraine,1997,278.4,UKR
UKR_1998,Ukraine,1998,958.19,UKR
UKR_1999,Ukraine,1999,4884.95,UKR
UKR_2000,Ukraine,2000,4634.26,UKR
UKR_2001,Ukraine,2001,580.0,UKR
UKR_2002,Ukraine,2002,309.11,UKR
UKR_2003,Ukraine,2003,281.71,UKR
UKR_2004,Ukraine,2004,0.0,UKR
UKR_2005,Ukraine,2005,0.0,UKR
UKR_2006,Ukraine,2006,0.0,UKR
UKR_2007,Ukraine,2007,0.0,UKR
UKR_2008,Ukraine,2008,0.0,UKR
UKR_2009,Ukraine,2009,0.0,UKR
UKR_2010,Ukraine,2010,0.0,UKR
UKR_2011,Ukraine,2011,0.0,UKR
UKR_2012,Ukraine,2012,0.0,UKR
UKR_2013,Ukraine,2013,0.0,UKR
UKR_2014,Ukraine,2014,1552.0,UKR
UKR_2015,Ukraine,2015,19186.55,UKR
UKR_2016,Ukraine,2016,22573.1,UKR
UKR_2017,Ukraine,2017,3259.65,UKR
UKR_2018,Ukraine,2018,0.0,UKR
UKR_2019,Ukraine,2019,0.0,UKR
UKR_2020,Ukraine,2020,0.0,UKR
UKR_2021,Ukraine,2021,0.0,UKR
UKR_2022,Ukraine,2022,36527.45,UKR
UKR_2023,Ukraine,2023,40328.45,UKR
UKR_2024,Ukraine,2024,28262.7,UKR
GBR_1960,United Kingdom,1960,0.0,GBR
GBR_1961,United Kingdom,1961,0.0,GBR
GBR_1962,United Kingdom,1962,0.0,GBR
GBR_1963,United Kingdom,1963,0.0,GBR
GBR_1964,United Kingdom,1964,0.0,GBR
GBR_1965,United Kingdom,1965,0.0,GBR
GBR_1966,United Kingdom,1966,0.0,GBR
GBR_1967,United Kingdom,1967,0.0,GBR
GBR_1968,United Kingdom,1968,0.0,GBR
GBR_1969,United Kingdom,1969,0.0,GBR
GBR_1970,United Kingdom,1970,0.0,GBR
GBR_1971,United Kingdom,1971,0.0,GBR
GBR_1972,United Kingdom,1972,0.0,GBR
GBR_1973,United Kingdom,1973,0.0,GBR
GBR_1974,United Kingdom,1974,0.0,GBR
GBR_1975,United Kingdom,1975,0.0,GBR
GBR_1976,United Kingdom,1976,0.0,GBR
GBR_1977,United Kingdom,1977,0.0,GBR
GBR_1978,United Kingdom,1978,0.0,GBR
GBR_1979,United Kingdom,1979,728.78,GBR
GBR_1980,United Kingdom,1980,798.76,GBR
GBR_1981,United Kingdom,1981,651.48,GBR
GBR_1982,United Kingdom,1982,559.91,GBR
GBR_1983,United Kingdom,1983,497.37,GBR
GBR_1984,United Kingdom,1984,413.98,GBR
GBR_1985,United Kingdom,1985,525.26,GBR
GBR_1986,United Kingdom,1986,547.78,GBR
GBR_1987,United Kingdom,1987,708.19,GBR
GBR_1988,United Kingdom,1988,689.94,GBR
GBR_1989,United Kingdom,1989,624.81,GBR
GBR_1990,United Kingdom,1990,746.33,GBR
GBR_1991,United Kingdom,1991,722.14,GBR
GBR_1992,United Kingdom,1992,585.53,GBR
GBR_1993,United Kingdom,1993,571.79,GBR
GBR_1994,United Kingdom,1994,606.24,GBR
GBR_1995,United Kingdom,1995,601.2,GBR
GBR_1996,United Kingdom,1996,662.66,GBR
GBR_1997,United Kingdom,1997,635.72,GBR
GBR_1998,United Kingdom,1998,643.5,GBR
GBR_1999,United Kingdom,1999,625.0,GBR
GBR_2000,United Kingdom,2000,578.76,GBR
GBR_2001,United Kingdom,2001,562.81,GBR
GBR_2002,United Kingdom,2002,622.88,GBR
GBR_2003,United Kingdom,2003,690.49,GBR
GBR_2004,United Kingdom,2004,741.49,GBR
GBR_2005,United Kingdom,2005,665.18,GBR
GBR_2006,United Kingdom,2006,757.98,GBR
GBR_2007,United Kingdom,2007,767.92,GBR
GBR_2008,United Kingdom,2008,565.76,GBR
GBR_2009,United Kingdom,2009,625.66,GBR
GBR_2010,United Kingdom,2010,595.67,GBR
GBR_2011,United Kingdom,2011,601.28,GBR
GBR_2012,United Kingdom,2012,629.34,GBR
GBR_2013,United Kingdom,2013,641.41,GBR
GBR_2014,United Kingdom,2014,602.87,GBR
GBR_2015,United Kingdom,2015,570.67,GBR
GBR_2016,United Kingdom,2016,477.44,GBR
GBR_2017,United Kingdom,2017,523.57,GBR
GBR_2018,United Kingdom,2018,493.93,GBR
GBR_2019,United Kingdom,2019,513.51,GBR
GBR_2020,United Kingdom,2020,528.72,GBR
GBR_2021,United Kingdom,2021,522.45,GBR
GBR_2022,United Kingdom,2022,508.98,GBR
GBR_2023,United Kingdom,2023,0.0,GBR
GBR_2024,United Kingdom,2024,0.0,GBR
URY_1960,Uruguay,1960,0.0,URY
URY_1961,Uruguay,1961,0.0,URY
URY_1962,Uruguay,1962,0.0,URY
URY_1963,Uruguay,1963,0.0,URY
URY_1964,Uruguay,1964,0.0,URY
URY_1965,Uruguay,1965,161.9,URY
URY_1966,Uruguay,1966,0.0,URY
URY_1967,Uruguay,1967,0.0,URY
URY_1968,Uruguay,1968,0.0,URY
URY_1969,Uruguay,1969,0.0,URY
URY_1970,Uruguay,1970,0.0,URY
URY_1971,Uruguay,1971,0.0,URY
URY_1972,Uruguay,1972,0.0,URY
URY_1973,Uruguay,1973,0.0,URY
URY_1974,Uruguay,1974,0.0,URY
URY_1975,Uruguay,1975,0.0,URY
URY_1976,Uruguay,1976,0.0,URY
URY_1977,Uruguay,1977,0.0,URY
URY_1978,Uruguay,1978,0.0,URY
URY_1979,Uruguay,1979,0.0,URY
URY_1980,Uruguay,1980,0.0,URY
URY_1981,Uruguay,1981,0.0,URY
URY_1982,Uruguay,1982,0.0,URY
URY_1983,Uruguay,1983,575.0,URY
URY_1984,Uruguay,1984,111.0,URY
URY_1985,Uruguay,1985,234.0,URY
URY_1986,Uruguay,1986,1958.0,URY
URY_1987,Uruguay,1987,0.0,URY
URY_1988,Uruguay,1988,1770.0,URY
URY_1989,Uruguay,1989,0.0,URY
URY_1990,Uruguay,1990,1608.0,URY
URY_1991,Uruguay,1991,1610.0,URY
URY_1992,Uruguay,1992,0.0,URY
URY_1993,Uruguay,1993,0.0,URY
URY_1994,Uruguay,1994,0.0,URY
URY_1995,Uruguay,1995,0.0,URY
URY_1996,Uruguay,1996,0.0,URY
URY_1997,Uruguay,1997,0.0,URY
URY_1998,Uruguay,1998,0.0,URY
URY_1999,Uruguay,1999,0.0,URY
URY_2000,Uruguay,2000,0.0,URY
URY_2001,Uruguay,2001,0.0,URY
URY_2002,Uruguay,2002,0.0,URY
URY_2003,Uruguay,2003,4900.0,URY
URY_2004,Uruguay,2004,0.0,URY
URY_2005,Uruguay,2005,0.0,URY
URY_2006,Uruguay,2006,0.0,URY
URY_2007,Uruguay,2007,0.0,URY
URY_2008,Uruguay,2008,0.0,URY
URY_2009,Uruguay,2009,0.0,URY
URY_2010,Uruguay,2010,0.0,URY
URY_2011,Uruguay,2011,0.0,URY
URY_2012,Uruguay,2012,0.0,URY
URY_2013,Uruguay,2013,0.0,URY
URY_2014,Uruguay,2014,0.0,URY
URY_2015,Uruguay,2015,0.0,URY
URY_2016,Uruguay,2016,0.0,URY
URY_2017,Uruguay,2017,0.0,URY
URY_2018,Uruguay,2018,0.0,URY
URY_2019,Uruguay,2019,0.0,URY
URY_2020,Uruguay,2020,0.0,URY
URY_2021,Uruguay,2021,0.0,URY
URY_2022,Uruguay,2022,0.0,URY
URY_2023,Uruguay,2023,0.0,URY
URY_2024,Uruguay,2024,0.0,URY
RUS_1960,USSR/Russian Federation,1960,10938.0,RUS
RUS_1961,USSR/Russian Federation,1961,11402.72,RUS
RUS_1962,USSR/Russian Federation,1962,11887.15,RUS
RUS_1963,USSR/Russian Federation,1963,12394.11,RUS
RUS_1964,USSR/Russian Federation,1964,12920.16,RUS
RUS_1965,USSR/Russian Federation,1965,13468.84,RUS
RUS_1966,USSR/Russian Federation,1966,14042.76,RUS
RUS_1967,USSR/Russian Federation,1967,12588.15,RUS
RUS_1968,USSR/Russian Federation,1968,13124.2,RUS
RUS_1969,USSR/Russian Federation,1969,13668.92,RUS
RUS_1970,USSR/Russian Federation,1970,14231.92,RUS
RUS_1971,USSR/Russian Federation,1971,15749.72,RUS
RUS_1972,USSR/Russian Federation,1972,15630.22,RUS
RUS_1973,USSR/Russian Federation,1973,15750.11,RUS
RUS_1974,USSR/Russian Federation,1974,16323.68,RUS
RUS_1975,USSR/Russian Federation,1975,14903.81,RUS
RUS_1976,USSR/Russian Federation,1976,14001.23,RUS
RUS_1977,USSR/Russian Federation,1977,16345.16,RUS
RUS_1978,USSR/Russian Federation,1978,18627.82,RUS
RUS_1979,USSR/Russian Federation,1979,19444.49,RUS
RUS_1980,USSR/Russian Federation,1980,21638.3,RUS
RUS_1981,USSR/Russian Federation,1981,17844.47,RUS
RUS_1982,USSR/Russian Federation,1982,15658.29,RUS
RUS_1983,USSR/Russian Federation,1983,14650.44,RUS
RUS_1984,USSR/Russian Federation,1984,12516.69,RUS
RUS_1985,USSR/Russian Federation,1985,15974.06,RUS
RUS_1986,USSR/Russian Federation,1986,17301.87,RUS
RUS_1987,USSR/Russian Federation,1987,615.0,RUS
RUS_1988,USSR/Russian Federation,1988,564.0,RUS
RUS_1989,USSR/Russian Federation,1989,617.0,RUS
RUS_1990,USSR/Russian Federation,1990,730.0,RUS
RUS_1991,USSR/Russian Federation,1991,31011.93,RUS
RUS_1992,USSR/Russian Federation,1992,24733.1,RUS
RUS_1993,USSR/Russian Federation,1993,45105.03,RUS
RUS_1994,USSR/Russian Federation,1994,33542.36,RUS
RUS_1995,USSR/Russian Federation,1995,36458.0,RUS
RUS_1996,USSR/Russian Federation,1996,70182.0,RUS
RUS_1997,USSR/Russian Federation,1997,41733.43,RUS
RUS_1998,USSR/Russian Federation,1998,77719.58,RUS
RUS_1999,USSR/Russian Federation,1999,96152.21,RUS
RUS_2000,USSR/Russian Federation,2000,49315.45,RUS
RUS_2001,USSR/Russian Federation,2001,12680.82,RUS
RUS_2002,USSR/Russian Federation,2002,10977.12,RUS
RUS_2003,USSR/Russian Federation,2003,9951.61,RUS
RUS_2004,USSR/Russian Federation,2004,6601.9,RUS
RUS_2005,USSR/Russian Federation,2005,4895.99,RUS
RUS_2006,USSR/Russian Federation,2006,1802.8,RUS
RUS_2007,USSR/Russian Federation,2007,644.85,RUS
RUS_2008,USSR/Russian Federation,2008,769.75,RUS
RUS_2009,USSR/Russian Federation,2009,427.08,RUS
RUS_2010,USSR/Russian Federation,2010,6.6,RUS
RUS_2011,USSR/Russian Federation,2011,1.84,RUS
RUS_2012,USSR/Russian Federation,2012,1.84,RUS
RUS_2013,USSR/Russian Federation,2013,0.0,RUS
RUS_2014,USSR/Russian Federation,2014,0.0,RUS
RUS_2015,USSR/Russian Federation,2015,0.0,RUS
RUS_2016,USSR/Russian Federation,2016,0.0,RUS
RUS_2017,USSR/Russian Federation,2017,0.0,RUS
RUS_2018,USSR/Russian Federation,2018,0.0,RUS
RUS_2019,USSR/Russian Federation,2019,0.0,RUS
RUS_2020,USSR/Russian Federation,2020,0.0,RUS
RUS_2021,USSR/Russian Federation,2021,0.0,RUS
RUS_2022,USSR/Russian Federation,2022,44443.0,RUS
RUS_2023,USSR/Russian Federation,2023,47067.0,RUS
RUS_2024,USSR/Russian Federation,2024,49846.0,RUS
UZB_1960,Uzbekistan,1960,,UZB
UZB_1961,Uzbekistan,1961,,UZB
UZB_1962,Uzbekistan,1962,,UZB
UZB_1963,Uzbekistan,1963,,UZB
UZB_1964,Uzbekistan,1964,,UZB
UZB_1965,Uzbekistan,1965,,UZB
UZB_1966,Uzbekistan,1966,,UZB
UZB_1967,Uzbekistan,1967,,UZB
UZB_1968,Uzbekistan,1968,,UZB
UZB_1969,Uzbekistan,1969,,UZB
UZB_1970,Uzbekistan,1970,,UZB
UZB_1971,Uzbekistan,1971,,UZB
UZB_1972,Uzbekistan,1972,,UZB
UZB_1973,Uzbekistan,1973,,UZB
UZB_1974,Uzbekistan,1974,,UZB
UZB_1975,Uzbekistan,1975,,UZB
UZB_1976,Uzbekistan,1976,,UZB
UZB_1977,Uzbekistan,1977,,UZB
UZB_1978,Uzbekistan,1978,,UZB
UZB_1979,Uzbekistan,1979,,UZB
UZB_1980,Uzbekistan,1980,,UZB
UZB_1981,Uzbekistan,1981,,UZB
UZB_1982,Uzbekistan,1982,,UZB
UZB_1983,Uzbekistan,1983,,UZB
UZB_1984,Uzbekistan,1984,,UZB
UZB_1985,Uzbekistan,1985,,UZB
UZB_1986,Uzbekistan,1986,,UZB
UZB_1987,Uzbekistan,1987,,UZB
UZB_1988,Uzbekistan,1988,,UZB
UZB_1989,Uzbekistan,1989,,UZB
UZB_1990,Uzbekistan,1990,,UZB
UZB_1991,Uzbekistan,1991,0.0,UZB
UZB_1992,Uzbekistan,1992,0.0,UZB
UZB_1993,Uzbekistan,1993,0.0,UZB
UZB_1994,Uzbekistan,1994,0.0,UZB
UZB_1995,Uzbekistan,1995,0.0,UZB
UZB_1996,Uzbekistan,1996,0.0,UZB
UZB_1997,Uzbekistan,1997,500.61,UZB
UZB_1998,Uzbekistan,1998,6.7,UZB
UZB_1999,Uzbekistan,1999,22.8,UZB
UZB_2000,Uzbekistan,2000,20.4,UZB
UZB_2001,Uzbekistan,2001,19.49,UZB
UZB_2002,Uzbekistan,2002,132.33,UZB
UZB_2003,Uzbekistan,2003,40.84,UZB
UZB_2004,Uzbekistan,2004,47.38,UZB
UZB_2005,Uzbekistan,2005,43.16,UZB
UZB_2006,Uzbekistan,2006,0.0,UZB
UZB_2007,Uzbekistan,2007,88.16,UZB
UZB_2008,Uzbekistan,2008,113.21,UZB
UZB_2009,Uzbekistan,2009,80.88,UZB
UZB_2010,Uzbekistan,2010,192.12,UZB
UZB_2011,Uzbekistan,2011,161.46,UZB
UZB_2012,Uzbekistan,2012,1.34,UZB
UZB_2013,Uzbekistan,2013,0.0,UZB
UZB_2014,Uzbekistan,2014,0.0,UZB
UZB_2015,Uzbekistan,2015,0.16,UZB
UZB_2016,Uzbekistan,2016,19.46,UZB
UZB_2017,Uzbekistan,2017,1.88,UZB
UZB_2018,Uzbekistan,2018,2.63,UZB
UZB_2019,Uzbekistan,2019,3.43,UZB
UZB_2020,Uzbekistan,2020,4.83,UZB
UZB_2021,Uzbekistan,2021,6.6,UZB
UZB_2022,Uzbekistan,2022,21.0,UZB
UZB_2023,Uzbekistan,2023,12.0,UZB
UZB_2024,Uzbekistan,2024,22.0,UZB
VUT_1960,Vanuatu,1960,,VUT
VUT_1961,Vanuatu,1961,,VUT
VUT_1962,Vanuatu,1962,,VUT
VUT_1963,Vanuatu,1963,,VUT
VUT_1964,Vanuatu,1964,,VUT
VUT_1965,Vanuatu,1965,,VUT
VUT_1966,Vanuatu,1966,,VUT
VUT_1967,Vanuatu,1967,,VUT
VUT_1968,Vanuatu,1968,,VUT
VUT_1969,Vanuatu,1969,,VUT
VUT_1970,Vanuatu,1970,,VUT
VUT_1971,Vanuatu,1971,,VUT
VUT_1972,Vanuatu,1972,,VUT
VUT_1973,Vanuatu,1973,,VUT
VUT_1974,Vanuatu,1974,,VUT
VUT_1975,Vanuatu,1975,,VUT
VUT_1976,Vanuatu,1976,,VUT
VUT_1977,Vanuatu,1977,,VUT
VUT_1978,Vanuatu,1978,,VUT
VUT_1979,Vanuatu,1979,,VUT
VUT_1980,Vanuatu,1980,0.0,VUT
VUT_1981,Vanuatu,1981,0.0,VUT
VUT_1982,Vanuatu,1982,0.0,VUT
VUT_1983,Vanuatu,1983,0.0,VUT
VUT_1984,Vanuatu,1984,0.0,VUT
VUT_1985,Vanuatu,1985,0.0,VUT
VUT_1986,Vanuatu,1986,0.0,VUT
VUT_1987,Vanuatu,1987,0.0,VUT
VUT_1988,Vanuatu,1988,0.0,VUT
VUT_1989,Vanuatu,1989,0.0,VUT
VUT_1990,Vanuatu,1990,0.0,VUT
VUT_1991,Vanuatu,1991,5.58,VUT
VUT_1992,Vanuatu,1992,0.0,VUT
VUT_1993,Vanuatu,1993,0.0,VUT
VUT_1994,Vanuatu,1994,0.0,VUT
VUT_1995,Vanuatu,1995,0.0,VUT
VUT_1996,Vanuatu,1996,0.0,VUT
VUT_1997,Vanuatu,1997,0.0,VUT
VUT_1998,Vanuatu,1998,0.0,VUT
VUT_1999,Vanuatu,1999,0.0,VUT
VUT_2000,Vanuatu,2000,0.0,VUT
VUT_2001,Vanuatu,2001,0.0,VUT
VUT_2002,Vanuatu,2002,0.0,VUT
VUT_2003,Vanuatu,2003,10.0,VUT
VUT_2004,Vanuatu,2004,0.52,VUT
VUT_2005,Vanuatu,2005,4.85,VUT
VUT_2006,Vanuatu,2006,0.63,VUT
VUT_2007,Vanuatu,2007,0.7,VUT
VUT_2008,Vanuatu,2008,0.66,VUT
VUT_2009,Vanuatu,2009,0.0,VUT
VUT_2010,Vanuatu,2010,0.0,VUT
VUT_2011,Vanuatu,2011,0.0,VUT
VUT_2012,Vanuatu,2012,0.0,VUT
VUT_2013,Vanuatu,2013,10.0,VUT
VUT_2014,Vanuatu,2014,0.0,VUT
VUT_2015,Vanuatu,2015,3.0,VUT
VUT_2016,Vanuatu,2016,3.0,VUT
VUT_2017,Vanuatu,2017,3.0,VUT
VUT_2018,Vanuatu,2018,2.8,VUT
VUT_2019,Vanuatu,2019,0.0,VUT
VUT_2020,Vanuatu,2020,0.0,VUT
VUT_2021,Vanuatu,2021,0.0,VUT
VUT_2022,Vanuatu,2022,0.0,VUT
VUT_2023,Vanuatu,2023,0.0,VUT
VUT_2024,Vanuatu,2024,0.0,VUT
VEN_1960,Venezuela,1960,,VEN
VEN_1961,Venezuela,1961,0.0,VEN
VEN_1962,Venezuela,1962,0.0,VEN
VEN_1963,Venezuela,1963,0.0,VEN
VEN_1964,Venezuela,1964,0.0,VEN
VEN_1965,Venezuela,1965,0.0,VEN
VEN_1966,Venezuela,1966,0.0,VEN
VEN_1967,Venezuela,1967,0.0,VEN
VEN_1968,Venezuela,1968,0.0,VEN
VEN_1969,Venezuela,1969,0.0,VEN
VEN_1970,Venezuela,1970,0.0,VEN
VEN_1971,Venezuela,1971,0.0,VEN
VEN_1972,Venezuela,1972,0.0,VEN
VEN_1973,Venezuela,1973,0.0,VEN
VEN_1974,Venezuela,1974,0.0,VEN
VEN_1975,Venezuela,1975,0.0,VEN
VEN_1976,Venezuela,1976,0.0,VEN
VEN_1977,Venezuela,1977,0.0,VEN
VEN_1978,Venezuela,1978,52.9,VEN
VEN_1979,Venezuela,1979,160.2,VEN
VEN_1980,Venezuela,1980,51.4,VEN
VEN_1981,Venezuela,1981,5.8,VEN
VEN_1982,Venezuela,1982,5.4,VEN
VEN_1983,Venezuela,1983,14977.96,VEN
VEN_1984,Venezuela,1984,16988.81,VEN
VEN_1985,Venezuela,1985,18737.85,VEN
VEN_1986,Venezuela,1986,20329.6,VEN
VEN_1987,Venezuela,1987,20360.6,VEN
VEN_1988,Venezuela,1988,20338.8,VEN
VEN_1989,Venezuela,1989,20288.8,VEN
VEN_1990,Venezuela,1990,19585.0,VEN
VEN_1991,Venezuela,1991,0.0,VEN
VEN_1992,Venezuela,1992,618.5,VEN
VEN_1993,Venezuela,1993,2013.3,VEN
VEN_1994,Venezuela,1994,1540.1,VEN
VEN_1995,Venezuela,1995,1420.1,VEN
VEN_1996,Venezuela,1996,546.5,VEN
VEN_1997,Venezuela,1997,698.7,VEN
VEN_1998,Venezuela,1998,484.7,VEN
VEN_1999,Venezuela,1999,183.9,VEN
VEN_2000,Venezuela,2000,137.9,VEN
VEN_2001,Venezuela,2001,54.5,VEN
VEN_2002,Venezuela,2002,5186.2,VEN
VEN_2003,Venezuela,2003,1104.7,VEN
VEN_2004,Venezuela,2004,16.05,VEN
VEN_2005,Venezuela,2005,942.94,VEN
VEN_2006,Venezuela,2006,0.41,VEN
VEN_2007,Venezuela,2007,178.15,VEN
VEN_2008,Venezuela,2008,6.07,VEN
VEN_2009,Venezuela,2009,1.47,VEN
VEN_2010,Venezuela,2010,1490.18,VEN
VEN_2011,Venezuela,2011,0.11,VEN
VEN_2012,Venezuela,2012,0.06,VEN
VEN_2013,Venezuela,2013,0.16,VEN
VEN_2014,Venezuela,2014,0.56,VEN
VEN_2015,Venezuela,2015,2.67,VEN
VEN_2016,Venezuela,2016,14517.79,VEN
VEN_2017,Venezuela,2017,30669.37,VEN
VEN_2018,Venezuela,2018,75624.77,VEN
VEN_2019,Venezuela,2019,78264.24,VEN
VEN_2020,Venezuela,2020,87248.59,VEN
VEN_2021,Venezuela,2021,86701.91,VEN
VEN_2022,Venezuela,2022,90467.0,VEN
VEN_2023,Venezuela,2023,92474.0,VEN
VEN_2024,Venezuela,2024,96427.0,VEN
VNM_1960,Vietnam,1960,0.0,VNM
VNM_1961,Vietnam,1961,0.0,VNM
VNM_1962,Vietnam,1962,0.0,VNM
VNM_1963,Vietnam,1963,0.0,VNM
VNM_1964,Vietnam,1964,0.0,VNM
VNM_1965,Vietnam,1965,0.0,VNM
VNM_1966,Vietnam,1966,0.0,VNM
VNM_1967,Vietnam,1967,0.0,VNM
VNM_1968,Vietnam,1968,0.0,VNM
VNM_1969,Vietnam,1969,0.0,VNM
VNM_1970,Vietnam,1970,0.0,VNM
VNM_1971,Vietnam,1971,0.0,VNM
VNM_1972,Vietnam,1972,0.0,VNM
VNM_1973,Vietnam,1973,0.0,VNM
VNM_1974,Vietnam,1974,0.0,VNM
VNM_1975,Vietnam,1975,516.0,VNM
VNM_1976,Vietnam,1976,0.0,VNM
VNM_1977,Vietnam,1977,0.0,VNM
VNM_1978,Vietnam,1978,467.0,VNM
VNM_1979,Vietnam,1979,0.0,VNM
VNM_1980,Vietnam,1980,33.0,VNM
VNM_1981,Vietnam,1981,1389.0,VNM
VNM_1982,Vietnam,1982,1406.8,VNM
VNM_1983,Vietnam,1983,1604.0,VNM
VNM_1984,Vietnam,1984,1593.11,VNM
VNM_1985,Vietnam,1985,2720.33,VNM
VNM_1986,Vietnam,1986,1976.36,VNM
VNM_1987,Vietnam,1987,603.9,VNM
VNM_1988,Vietnam,1988,1169.46,VNM
VNM_1989,Vietnam,1989,1527.19,VNM
VNM_1990,Vietnam,1990,2730.07,VNM
VNM_1991,Vietnam,1991,4832.19,VNM
VNM_1992,Vietnam,1992,7017.66,VNM
VNM_1993,Vietnam,1993,7492.46,VNM
VNM_1994,Vietnam,1994,9276.48,VNM
VNM_1995,Vietnam,1995,11295.46,VNM
VNM_1996,Vietnam,1996,13255.6,VNM
VNM_1997,Vietnam,1997,9791.97,VNM
VNM_1998,Vietnam,1998,10379.45,VNM
VNM_1999,Vietnam,1999,10285.08,VNM
VNM_2000,Vietnam,2000,10219.65,VNM
VNM_2001,Vietnam,2001,1457.11,VNM
VNM_2002,Vietnam,2002,1439.5,VNM
VNM_2003,Vietnam,2003,1445.09,VNM
VNM_2004,Vietnam,2004,1406.36,VNM
VNM_2005,Vietnam,2005,1423.14,VNM
VNM_2006,Vietnam,2006,14.33,VNM
VNM_2007,Vietnam,2007,16.09,VNM
VNM_2008,Vietnam,2008,13.79,VNM
VNM_2009,Vietnam,2009,13.6,VNM
VNM_2010,Vietnam,2010,18.37,VNM
VNM_2011,Vietnam,2011,17.27,VNM
VNM_2012,Vietnam,2012,12.98,VNM
VNM_2013,Vietnam,2013,11.17,VNM
VNM_2014,Vietnam,2014,33.47,VNM
VNM_2015,Vietnam,2015,36.46,VNM
VNM_2016,Vietnam,2016,50.04,VNM
VNM_2017,Vietnam,2017,54.75,VNM
VNM_2018,Vietnam,2018,56.66,VNM
VNM_2019,Vietnam,2019,59.65,VNM
VNM_2020,Vietnam,2020,63.58,VNM
VNM_2021,Vietnam,2021,63.74,VNM
VNM_2022,Vietnam,2022,61.74,VNM
VNM_2023,Vietnam,2023,66.03,VNM
VNM_2024,Vietnam,2024,65.03,VNM
PSE_1960,West Bank & Gaza,1960,,PSE
PSE_1961,West Bank & Gaza,1961,,PSE
PSE_1962,West Bank & Gaza,1962,,PSE
PSE_1963,West Bank & Gaza,1963,,PSE
PSE_1964,West Bank & Gaza,1964,,PSE
PSE_1965,West Bank & Gaza,1965,,PSE
PSE_1966,West Bank & Gaza,1966,,PSE
PSE_1967,West Bank & Gaza,1967,,PSE
PSE_1968,West Bank & Gaza,1968,,PSE
PSE_1969,West Bank & Gaza,1969,,PSE
PSE_1970,West Bank & Gaza,1970,,PSE
PSE_1971,West Bank & Gaza,1971,,PSE
PSE_1972,West Bank & Gaza,1972,,PSE
PSE_1973,West Bank & Gaza,1973,,PSE
PSE_1974,West Bank & Gaza,1974,,PSE
PSE_1975,West Bank & Gaza,1975,,PSE
PSE_1976,West Bank & Gaza,1976,,PSE
PSE_1977,West Bank & Gaza,1977,,PSE
PSE_1978,West Bank & Gaza,1978,,PSE
PSE_1979,West Bank & Gaza,1979,,PSE
PSE_1980,West Bank & Gaza,1980,,PSE
PSE_1981,West Bank & Gaza,1981,,PSE
PSE_1982,West Bank & Gaza,1982,,PSE
PSE_1983,West Bank & Gaza,1983,,PSE
PSE_1984,West Bank & Gaza,1984,,PSE
PSE_1985,West Bank & Gaza,1985,,PSE
PSE_1986,West Bank & Gaza,1986,,PSE
PSE_1987,West Bank & Gaza,1987,,PSE
PSE_1988,West Bank & Gaza,1988,,PSE
PSE_1989,West Bank & Gaza,1989,,PSE
PSE_1990,West Bank & Gaza,1990,,PSE
PSE_1991,West Bank & Gaza,1991,,PSE
PSE_1992,West Bank & Gaza,1992,,PSE
PSE_1993,West Bank & Gaza,1993,,PSE
PSE_1994,West Bank & Gaza,1994,,PSE
PSE_1995,West Bank & Gaza,1995,,PSE
PSE_1996,West Bank & Gaza,1996,,PSE
PSE_1997,West Bank & Gaza,1997,,PSE
PSE_1998,West Bank & Gaza,1998,,PSE
PSE_1999,West Bank & Gaza,1999,,PSE
PSE_2000,West Bank & Gaza,2000,,PSE
PSE_2001,West Bank & Gaza,2001,,PSE
PSE_2002,West Bank & Gaza,2002,,PSE
PSE_2003,West Bank & Gaza,2003,,PSE
PSE_2004,West Bank & Gaza,2004,,PSE
PSE_2005,West Bank & Gaza,2005,,PSE
PSE_2006,West Bank & Gaza,2006,,PSE
PSE_2007,West Bank & Gaza,2007,,PSE
PSE_2008,West Bank & Gaza,2008,,PSE
PSE_2009,West Bank & Gaza,2009,,PSE
PSE_2010,West Bank & Gaza,2010,,PSE
PSE_2011,West Bank & Gaza,2011,,PSE
PSE_2012,West Bank & Gaza,2012,,PSE
PSE_2013,West Bank & Gaza,2013,,PSE
PSE_2014,West Bank & Gaza,2014,,PSE
PSE_2015,West Bank & Gaza,2015,,PSE
PSE_2016,West Bank & Gaza,2016,,PSE
PSE_2017,West Bank & Gaza,2017,,PSE
PSE_2018,West Bank & Gaza,2018,,PSE
PSE_2019,West Bank & Gaza,2019,,PSE
PSE_2020,West Bank & Gaza,2020,,PSE
PSE_2021,West Bank & Gaza,2021,,PSE
PSE_2022,West Bank & Gaza,2022,,PSE
PSE_2023,West Bank & Gaza,2023,,PSE
PSE_2024,West Bank & Gaza,2024,,PSE
YEM_1960,Yemen,1960,,YEM
YEM_1961,Yemen,1961,,YEM
YEM_1962,Yemen,1962,,YEM
YEM_1963,Yemen,1963,,YEM
YEM_1964,Yemen,1964,,YEM
YEM_1965,Yemen,1965,,YEM
YEM_1966,Yemen,1966,,YEM
YEM_1967,Yemen,1967,0.0,YEM
YEM_1968,Yemen,1968,0.0,YEM
YEM_1969,Yemen,1969,0.0,YEM
YEM_1970,Yemen,1970,0.0,YEM
YEM_1971,Yemen,1971,0.0,YEM
YEM_1972,Yemen,1972,0.0,YEM
YEM_1973,Yemen,1973,14.92,YEM
YEM_1974,Yemen,1974,22.59,YEM
YEM_1975,Yemen,1975,32.8,YEM
YEM_1976,Yemen,1976,46.1,YEM
YEM_1977,Yemen,1977,104.13,YEM
YEM_1978,Yemen,1978,48.8,YEM
YEM_1979,Yemen,1979,49.44,YEM
YEM_1980,Yemen,1980,7.65,YEM
YEM_1981,Yemen,1981,22.36,YEM
YEM_1982,Yemen,1982,40.99,YEM
YEM_1983,Yemen,1983,81.03,YEM
YEM_1984,Yemen,1984,131.77,YEM
YEM_1985,Yemen,1985,194.87,YEM
YEM_1986,Yemen,1986,278.41,YEM
YEM_1987,Yemen,1987,383.65,YEM
YEM_1988,Yemen,1988,497.51,YEM
YEM_1989,Yemen,1989,605.77,YEM
YEM_1990,Yemen,1990,1183.17,YEM
YEM_1991,Yemen,1991,972.89,YEM
YEM_1992,Yemen,1992,1134.27,YEM
YEM_1993,Yemen,1993,1299.27,YEM
YEM_1994,Yemen,1994,1300.96,YEM
YEM_1995,Yemen,1995,1368.17,YEM
YEM_1996,Yemen,1996,1709.67,YEM
YEM_1997,Yemen,1997,2124.15,YEM
YEM_1998,Yemen,1998,104.32,YEM
YEM_1999,Yemen,1999,225.09,YEM
YEM_2000,Yemen,2000,148.69,YEM
YEM_2001,Yemen,2001,1211.99,YEM
YEM_2002,Yemen,2002,220.77,YEM
YEM_2003,Yemen,2003,189.46,YEM
YEM_2004,Yemen,2004,359.51,YEM
YEM_2005,Yemen,2005,365.07,YEM
YEM_2006,Yemen,2006,365.44,YEM
YEM_2007,Yemen,2007,273.24,YEM
YEM_2008,Yemen,2008,292.48,YEM
YEM_2009,Yemen,2009,282.58,YEM
YEM_2010,Yemen,2010,390.01,YEM
YEM_2011,Yemen,2011,226.87,YEM
YEM_2012,Yemen,2012,334.95,YEM
YEM_2013,Yemen,2013,355.93,YEM
YEM_2014,Yemen,2014,371.98,YEM
YEM_2015,Yemen,2015,397.96,YEM
YEM_2016,Yemen,2016,629.73,YEM
YEM_2017,Yemen,2017,1730.0,YEM
YEM_2018,Yemen,2018,1730.0,YEM
YEM_2019,Yemen,2019,1759.0,YEM
YEM_2020,Yemen,2020,2152.81,YEM
YEM_2021,Yemen,2021,2493.92,YEM
YEM_2022,Yemen,2022,2803.38,YEM
YEM_2023,Yemen,2023,3154.0,YEM
YEM_2024,Yemen,2024,3265.0,YEM
ZMB_1960,Zambia,1960,0.0,ZMB
ZMB_1961,Zambia,1961,0.0,ZMB
ZMB_1962,Zambia,1962,0.0,ZMB
ZMB_1963,Zambia,1963,0.0,ZMB
ZMB_1964,Zambia,1964,0.0,ZMB
ZMB_1965,Zambia,1965,0.0,ZMB
ZMB_1966,Zambia,1966,0.0,ZMB
ZMB_1967,Zambia,1967,0.0,ZMB
ZMB_1968,Zambia,1968,0.0,ZMB
ZMB_1969,Zambia,1969,0.0,ZMB
ZMB_1970,Zambia,1970,0.0,ZMB
ZMB_1971,Zambia,1971,0.0,ZMB
ZMB_1972,Zambia,1972,0.0,ZMB
ZMB_1973,Zambia,1973,0.0,ZMB
ZMB_1974,Zambia,1974,0.0,ZMB
ZMB_1975,Zambia,1975,1.85,ZMB
ZMB_1976,Zambia,1976,2.0,ZMB
ZMB_1977,Zambia,1977,3.36,ZMB
ZMB_1978,Zambia,1978,15.32,ZMB
ZMB_1979,Zambia,1979,38.38,ZMB
ZMB_1980,Zambia,1980,39.28,ZMB
ZMB_1981,Zambia,1981,75.45,ZMB
ZMB_1982,Zambia,1982,233.23,ZMB
ZMB_1983,Zambia,1983,503.96,ZMB
ZMB_1984,Zambia,1984,382.02,ZMB
ZMB_1985,Zambia,1985,1484.57,ZMB
ZMB_1986,Zambia,1986,1771.43,ZMB
ZMB_1987,Zambia,1987,2410.12,ZMB
ZMB_1988,Zambia,1988,3077.37,ZMB
ZMB_1989,Zambia,1989,3803.38,ZMB
ZMB_1990,Zambia,1990,3784.6,ZMB
ZMB_1991,Zambia,1991,4025.53,ZMB
ZMB_1992,Zambia,1992,3306.93,ZMB
ZMB_1993,Zambia,1993,4245.61,ZMB
ZMB_1994,Zambia,1994,4257.21,ZMB
ZMB_1995,Zambia,1995,3048.5,ZMB
ZMB_1996,Zambia,1996,736.27,ZMB
ZMB_1997,Zambia,1997,1012.03,ZMB
ZMB_1998,Zambia,1998,968.45,ZMB
ZMB_1999,Zambia,1999,1174.72,ZMB
ZMB_2000,Zambia,2000,377.26,ZMB
ZMB_2001,Zambia,2001,591.46,ZMB
ZMB_2002,Zambia,2002,832.44,ZMB
ZMB_2003,Zambia,2003,807.82,ZMB
ZMB_2004,Zambia,2004,855.66,ZMB
ZMB_2005,Zambia,2005,2184.37,ZMB
ZMB_2006,Zambia,2006,4014.01,ZMB
ZMB_2007,Zambia,2007,476.75,ZMB
ZMB_2008,Zambia,2008,442.05,ZMB
ZMB_2009,Zambia,2009,683.89,ZMB
ZMB_2010,Zambia,2010,607.7,ZMB
ZMB_2011,Zambia,2011,618.81,ZMB
ZMB_2012,Zambia,2012,594.82,ZMB
ZMB_2013,Zambia,2013,602.46,ZMB
ZMB_2014,Zambia,2014,561.3,ZMB
ZMB_2015,Zambia,2015,594.94,ZMB
ZMB_2016,Zambia,2016,520.43,ZMB
ZMB_2017,Zambia,2017,556.91,ZMB
ZMB_2018,Zambia,2018,547.18,ZMB
ZMB_2019,Zambia,2019,568.89,ZMB
ZMB_2020,Zambia,2020,4122.39,ZMB
ZMB_2021,Zambia,2021,11282.93,ZMB
ZMB_2022,Zambia,2022,10069.0,ZMB
ZMB_2023,Zambia,2023,11149.0,ZMB
ZMB_2024,Zambia,2024,10441.0,ZMB
ZWE_1960,Zimbabwe,1960,,ZWE
ZWE_1961,Zimbabwe,1961,,ZWE
ZWE_1962,Zimbabwe,1962,,ZWE
ZWE_1963,Zimbabwe,1963,,ZWE
ZWE_1964,Zimbabwe,1964,,ZWE
ZWE_1965,Zimbabwe,1965,184.27,ZWE
ZWE_1966,Zimbabwe,1966,191.35,ZWE
ZWE_1967,Zimbabwe,1967,170.09,ZWE
ZWE_1968,Zimbabwe,1968,176.17,ZWE
ZWE_1969,Zimbabwe,1969,182.24,ZWE
ZWE_1970,Zimbabwe,1970,257.35,ZWE
ZWE_1971,Zimbabwe,1971,215.69,ZWE
ZWE_1972,Zimbabwe,1972,206.75,ZWE
ZWE_1973,Zimbabwe,1973,199.65,ZWE
ZWE_1974,Zimbabwe,1974,206.41,ZWE
ZWE_1975,Zimbabwe,1975,184.06,ZWE
ZWE_1976,Zimbabwe,1976,157.33,ZWE
ZWE_1977,Zimbabwe,1977,177.93,ZWE
ZWE_1978,Zimbabwe,1978,247.43,ZWE
ZWE_1979,Zimbabwe,1979,222.73,ZWE
ZWE_1980,Zimbabwe,1980,243.87,ZWE
ZWE_1981,Zimbabwe,1981,63.0,ZWE
ZWE_1982,Zimbabwe,1982,0.0,ZWE
ZWE_1983,Zimbabwe,1983,0.0,ZWE
ZWE_1984,Zimbabwe,1984,0.0,ZWE
ZWE_1985,Zimbabwe,1985,0.12,ZWE
ZWE_1986,Zimbabwe,1986,0.39,ZWE
ZWE_1987,Zimbabwe,1987,11.59,ZWE
ZWE_1988,Zimbabwe,1988,0.57,ZWE
ZWE_1989,Zimbabwe,1989,1.87,ZWE
ZWE_1990,Zimbabwe,1990,23.77,ZWE
ZWE_1991,Zimbabwe,1991,0.01,ZWE
ZWE_1992,Zimbabwe,1992,4.15,ZWE
ZWE_1993,Zimbabwe,1993,5.13,ZWE
ZWE_1994,Zimbabwe,1994,17.16,ZWE
ZWE_1995,Zimbabwe,1995,89.43,ZWE
ZWE_1996,Zimbabwe,1996,1.38,ZWE
ZWE_1997,Zimbabwe,1997,6.98,ZWE
ZWE_1998,Zimbabwe,1998,20.01,ZWE
ZWE_1999,Zimbabwe,1999,26.74,ZWE
ZWE_2000,Zimbabwe,2000,252.31,ZWE
ZWE_2001,Zimbabwe,2001,2651.85,ZWE
ZWE_2002,Zimbabwe,2002,1532.37,ZWE
ZWE_2003,Zimbabwe,2003,2096.81,ZWE
ZWE_2004,Zimbabwe,2004,2465.96,ZWE
ZWE_2005,Zimbabwe,2005,2252.7,ZWE
ZWE_2006,Zimbabwe,2006,2944.71,ZWE
ZWE_2007,Zimbabwe,2007,3137.97,ZWE
ZWE_2008,Zimbabwe,2008,3568.74,ZWE
ZWE_2009,Zimbabwe,2009,3711.64,ZWE
ZWE_2010,Zimbabwe,2010,3720.59,ZWE
ZWE_2011,Zimbabwe,2011,3935.34,ZWE
ZWE_2012,Zimbabwe,2012,4119.74,ZWE
ZWE_2013,Zimbabwe,2013,4359.2,ZWE
ZWE_2014,Zimbabwe,2014,4163.54,ZWE
ZWE_2015,Zimbabwe,2015,4762.62,ZWE
ZWE_2016,Zimbabwe,2016,5034.29,ZWE
ZWE_2017,Zimbabwe,2017,4571.0,ZWE
ZWE_2018,Zimbabwe,2018,4413.0,ZWE
ZWE_2019,Zimbabwe,2019,4570.0,ZWE
ZWE_2020,Zimbabwe,2020,8349.0,ZWE
ZWE_2021,Zimbabwe,2021,8377.0,ZWE
ZWE_2022,Zimbabwe,2022,8332.0,ZWE
ZWE_2023,Zimbabwe,2023,8485.0,ZWE
ZWE_2024,Zimbabwe,2024,8600.0,ZWE
